[2026-07-22T05:14:13.612+0000] {processor.py:186} INFO - Started process (PID=198) to work on /opt/airflow/dags/my_tasks.py
[2026-07-22T05:14:13.613+0000] {processor.py:914} INFO - Processing file /opt/airflow/dags/my_tasks.py for tasks to queue
[2026-07-22T05:14:13.615+0000] {logging_mixin.py:190} INFO - [2026-07-22T05:14:13.615+0000] {dagbag.py:588} INFO - Filling up the DagBag from /opt/airflow/dags/my_tasks.py
[2026-07-22T05:14:13.665+0000] {processor.py:925} INFO - DAG(s) 'my_dag' retrieved from /opt/airflow/dags/my_tasks.py
[2026-07-22T05:14:14.059+0000] {logging_mixin.py:190} INFO - [2026-07-22T05:14:14.059+0000] {override.py:1912} INFO - Created Permission View: can delete on DAG:my_dag
[2026-07-22T05:14:14.071+0000] {logging_mixin.py:190} INFO - [2026-07-22T05:14:14.070+0000] {override.py:1912} INFO - Created Permission View: can edit on DAG:my_dag
[2026-07-22T05:14:14.080+0000] {logging_mixin.py:190} INFO - [2026-07-22T05:14:14.079+0000] {override.py:1912} INFO - Created Permission View: can read on DAG:my_dag
[2026-07-22T05:14:14.089+0000] {logging_mixin.py:190} INFO - [2026-07-22T05:14:14.089+0000] {override.py:1912} INFO - Created Permission View: can delete on DAG Run:my_dag
[2026-07-22T05:14:14.097+0000] {logging_mixin.py:190} INFO - [2026-07-22T05:14:14.097+0000] {override.py:1912} INFO - Created Permission View: can read on DAG Run:my_dag
[2026-07-22T05:14:14.106+0000] {logging_mixin.py:190} INFO - [2026-07-22T05:14:14.105+0000] {override.py:1912} INFO - Created Permission View: can create on DAG Run:my_dag
[2026-07-22T05:14:14.115+0000] {logging_mixin.py:190} INFO - [2026-07-22T05:14:14.115+0000] {override.py:1912} INFO - Created Permission View: menu access on DAG Run:my_dag
[2026-07-22T05:14:14.115+0000] {logging_mixin.py:190} INFO - [2026-07-22T05:14:14.115+0000] {dag.py:3239} INFO - Sync 1 DAGs
[2026-07-22T05:14:14.126+0000] {logging_mixin.py:190} INFO - [2026-07-22T05:14:14.126+0000] {dag.py:3262} INFO - Creating ORM DAG for my_dag
[2026-07-22T05:14:14.136+0000] {logging_mixin.py:190} INFO - [2026-07-22T05:14:14.135+0000] {dag.py:4180} INFO - Setting next_dagrun for my_dag to 2026-03-02 00:00:00+00:00, run_after=2026-03-02 00:00:00+00:00
[2026-07-22T05:14:14.155+0000] {processor.py:208} INFO - Processing /opt/airflow/dags/my_tasks.py took 0.548 seconds
[2026-07-22T05:14:44.329+0000] {processor.py:186} INFO - Started process (PID=225) to work on /opt/airflow/dags/my_tasks.py
[2026-07-22T05:14:44.483+0000] {processor.py:914} INFO - Processing file /opt/airflow/dags/my_tasks.py for tasks to queue
[2026-07-22T05:14:44.486+0000] {logging_mixin.py:190} INFO - [2026-07-22T05:14:44.486+0000] {dagbag.py:588} INFO - Filling up the DagBag from /opt/airflow/dags/my_tasks.py
[2026-07-22T05:14:44.498+0000] {processor.py:925} INFO - DAG(s) 'my_dag' retrieved from /opt/airflow/dags/my_tasks.py
[2026-07-22T05:14:44.518+0000] {logging_mixin.py:190} INFO - [2026-07-22T05:14:44.518+0000] {dag.py:3239} INFO - Sync 1 DAGs
[2026-07-22T05:14:44.608+0000] {logging_mixin.py:190} INFO - [2026-07-22T05:14:44.608+0000] {dag.py:4180} INFO - Setting next_dagrun for my_dag to None, run_after=None
[2026-07-22T05:14:44.637+0000] {processor.py:208} INFO - Processing /opt/airflow/dags/my_tasks.py took 0.318 seconds
[2026-07-22T05:15:14.835+0000] {processor.py:186} INFO - Started process (PID=236) to work on /opt/airflow/dags/my_tasks.py
[2026-07-22T05:15:14.836+0000] {processor.py:914} INFO - Processing file /opt/airflow/dags/my_tasks.py for tasks to queue
[2026-07-22T05:15:14.837+0000] {logging_mixin.py:190} INFO - [2026-07-22T05:15:14.837+0000] {dagbag.py:588} INFO - Filling up the DagBag from /opt/airflow/dags/my_tasks.py
[2026-07-22T05:15:14.845+0000] {processor.py:925} INFO - DAG(s) 'my_dag' retrieved from /opt/airflow/dags/my_tasks.py
[2026-07-22T05:15:14.865+0000] {logging_mixin.py:190} INFO - [2026-07-22T05:15:14.864+0000] {dag.py:3239} INFO - Sync 1 DAGs
[2026-07-22T05:15:14.879+0000] {logging_mixin.py:190} INFO - [2026-07-22T05:15:14.879+0000] {dag.py:4180} INFO - Setting next_dagrun for my_dag to None, run_after=None
[2026-07-22T05:15:14.892+0000] {processor.py:208} INFO - Processing /opt/airflow/dags/my_tasks.py took 0.065 seconds
[2026-07-22T05:15:45.040+0000] {processor.py:186} INFO - Started process (PID=247) to work on /opt/airflow/dags/my_tasks.py
[2026-07-22T05:15:45.048+0000] {processor.py:914} INFO - Processing file /opt/airflow/dags/my_tasks.py for tasks to queue
[2026-07-22T05:15:45.049+0000] {logging_mixin.py:190} INFO - [2026-07-22T05:15:45.049+0000] {dagbag.py:588} INFO - Filling up the DagBag from /opt/airflow/dags/my_tasks.py
[2026-07-22T05:15:45.057+0000] {processor.py:925} INFO - DAG(s) 'my_dag' retrieved from /opt/airflow/dags/my_tasks.py
[2026-07-22T05:15:45.078+0000] {logging_mixin.py:190} INFO - [2026-07-22T05:15:45.078+0000] {dag.py:3239} INFO - Sync 1 DAGs
[2026-07-22T05:15:45.096+0000] {logging_mixin.py:190} INFO - [2026-07-22T05:15:45.096+0000] {dag.py:4180} INFO - Setting next_dagrun for my_dag to None, run_after=None
[2026-07-22T05:15:45.112+0000] {processor.py:208} INFO - Processing /opt/airflow/dags/my_tasks.py took 0.076 seconds
[2026-07-22T05:16:15.285+0000] {processor.py:186} INFO - Started process (PID=258) to work on /opt/airflow/dags/my_tasks.py
[2026-07-22T05:16:15.285+0000] {processor.py:914} INFO - Processing file /opt/airflow/dags/my_tasks.py for tasks to queue
[2026-07-22T05:16:15.287+0000] {logging_mixin.py:190} INFO - [2026-07-22T05:16:15.287+0000] {dagbag.py:588} INFO - Filling up the DagBag from /opt/airflow/dags/my_tasks.py
[2026-07-22T05:16:15.293+0000] {processor.py:925} INFO - DAG(s) 'my_dag' retrieved from /opt/airflow/dags/my_tasks.py
[2026-07-22T05:16:15.312+0000] {logging_mixin.py:190} INFO - [2026-07-22T05:16:15.311+0000] {dag.py:3239} INFO - Sync 1 DAGs
[2026-07-22T05:16:15.328+0000] {logging_mixin.py:190} INFO - [2026-07-22T05:16:15.328+0000] {dag.py:4180} INFO - Setting next_dagrun for my_dag to None, run_after=None
[2026-07-22T05:16:15.342+0000] {processor.py:208} INFO - Processing /opt/airflow/dags/my_tasks.py took 0.062 seconds
[2026-07-22T05:16:45.513+0000] {processor.py:186} INFO - Started process (PID=269) to work on /opt/airflow/dags/my_tasks.py
[2026-07-22T05:16:45.514+0000] {processor.py:914} INFO - Processing file /opt/airflow/dags/my_tasks.py for tasks to queue
[2026-07-22T05:16:45.515+0000] {logging_mixin.py:190} INFO - [2026-07-22T05:16:45.515+0000] {dagbag.py:588} INFO - Filling up the DagBag from /opt/airflow/dags/my_tasks.py
[2026-07-22T05:16:45.522+0000] {processor.py:925} INFO - DAG(s) 'my_dag' retrieved from /opt/airflow/dags/my_tasks.py
[2026-07-22T05:16:45.539+0000] {logging_mixin.py:190} INFO - [2026-07-22T05:16:45.539+0000] {dag.py:3239} INFO - Sync 1 DAGs
[2026-07-22T05:16:45.554+0000] {logging_mixin.py:190} INFO - [2026-07-22T05:16:45.554+0000] {dag.py:4180} INFO - Setting next_dagrun for my_dag to None, run_after=None
[2026-07-22T05:16:45.568+0000] {processor.py:208} INFO - Processing /opt/airflow/dags/my_tasks.py took 0.059 seconds
[2026-07-22T05:17:15.746+0000] {processor.py:186} INFO - Started process (PID=280) to work on /opt/airflow/dags/my_tasks.py
[2026-07-22T05:17:15.746+0000] {processor.py:914} INFO - Processing file /opt/airflow/dags/my_tasks.py for tasks to queue
[2026-07-22T05:17:15.747+0000] {logging_mixin.py:190} INFO - [2026-07-22T05:17:15.747+0000] {dagbag.py:588} INFO - Filling up the DagBag from /opt/airflow/dags/my_tasks.py
[2026-07-22T05:17:15.754+0000] {processor.py:925} INFO - DAG(s) 'my_dag' retrieved from /opt/airflow/dags/my_tasks.py
[2026-07-22T05:17:15.771+0000] {logging_mixin.py:190} INFO - [2026-07-22T05:17:15.771+0000] {dag.py:3239} INFO - Sync 1 DAGs
[2026-07-22T05:17:15.786+0000] {logging_mixin.py:190} INFO - [2026-07-22T05:17:15.786+0000] {dag.py:4180} INFO - Setting next_dagrun for my_dag to None, run_after=None
[2026-07-22T05:17:15.800+0000] {processor.py:208} INFO - Processing /opt/airflow/dags/my_tasks.py took 0.058 seconds
[2026-07-22T05:17:46.012+0000] {processor.py:186} INFO - Started process (PID=291) to work on /opt/airflow/dags/my_tasks.py
[2026-07-22T05:17:46.020+0000] {processor.py:914} INFO - Processing file /opt/airflow/dags/my_tasks.py for tasks to queue
[2026-07-22T05:17:46.023+0000] {logging_mixin.py:190} INFO - [2026-07-22T05:17:46.023+0000] {dagbag.py:588} INFO - Filling up the DagBag from /opt/airflow/dags/my_tasks.py
[2026-07-22T05:17:46.030+0000] {processor.py:925} INFO - DAG(s) 'my_dag' retrieved from /opt/airflow/dags/my_tasks.py
[2026-07-22T05:17:46.048+0000] {logging_mixin.py:190} INFO - [2026-07-22T05:17:46.048+0000] {dag.py:3239} INFO - Sync 1 DAGs
[2026-07-22T05:17:46.064+0000] {logging_mixin.py:190} INFO - [2026-07-22T05:17:46.064+0000] {dag.py:4180} INFO - Setting next_dagrun for my_dag to None, run_after=None
[2026-07-22T05:17:46.078+0000] {processor.py:208} INFO - Processing /opt/airflow/dags/my_tasks.py took 0.071 seconds
[2026-07-22T05:18:16.302+0000] {processor.py:186} INFO - Started process (PID=302) to work on /opt/airflow/dags/my_tasks.py
[2026-07-22T05:18:16.302+0000] {processor.py:914} INFO - Processing file /opt/airflow/dags/my_tasks.py for tasks to queue
[2026-07-22T05:18:16.304+0000] {logging_mixin.py:190} INFO - [2026-07-22T05:18:16.303+0000] {dagbag.py:588} INFO - Filling up the DagBag from /opt/airflow/dags/my_tasks.py
[2026-07-22T05:18:16.310+0000] {processor.py:925} INFO - DAG(s) 'my_dag' retrieved from /opt/airflow/dags/my_tasks.py
[2026-07-22T05:18:16.327+0000] {logging_mixin.py:190} INFO - [2026-07-22T05:18:16.327+0000] {dag.py:3239} INFO - Sync 1 DAGs
[2026-07-22T05:18:16.343+0000] {logging_mixin.py:190} INFO - [2026-07-22T05:18:16.342+0000] {dag.py:4180} INFO - Setting next_dagrun for my_dag to None, run_after=None
[2026-07-22T05:18:16.358+0000] {processor.py:208} INFO - Processing /opt/airflow/dags/my_tasks.py took 0.062 seconds
[2026-07-22T05:18:46.563+0000] {processor.py:186} INFO - Started process (PID=313) to work on /opt/airflow/dags/my_tasks.py
[2026-07-22T05:18:46.571+0000] {processor.py:914} INFO - Processing file /opt/airflow/dags/my_tasks.py for tasks to queue
[2026-07-22T05:18:46.573+0000] {logging_mixin.py:190} INFO - [2026-07-22T05:18:46.573+0000] {dagbag.py:588} INFO - Filling up the DagBag from /opt/airflow/dags/my_tasks.py
[2026-07-22T05:18:46.583+0000] {processor.py:925} INFO - DAG(s) 'my_dag' retrieved from /opt/airflow/dags/my_tasks.py
[2026-07-22T05:18:46.601+0000] {logging_mixin.py:190} INFO - [2026-07-22T05:18:46.601+0000] {dag.py:3239} INFO - Sync 1 DAGs
[2026-07-22T05:18:46.616+0000] {logging_mixin.py:190} INFO - [2026-07-22T05:18:46.616+0000] {dag.py:4180} INFO - Setting next_dagrun for my_dag to None, run_after=None
[2026-07-22T05:18:46.631+0000] {processor.py:208} INFO - Processing /opt/airflow/dags/my_tasks.py took 0.071 seconds
[2026-07-22T05:19:16.811+0000] {processor.py:186} INFO - Started process (PID=324) to work on /opt/airflow/dags/my_tasks.py
[2026-07-22T05:19:16.811+0000] {processor.py:914} INFO - Processing file /opt/airflow/dags/my_tasks.py for tasks to queue
[2026-07-22T05:19:16.813+0000] {logging_mixin.py:190} INFO - [2026-07-22T05:19:16.813+0000] {dagbag.py:588} INFO - Filling up the DagBag from /opt/airflow/dags/my_tasks.py
[2026-07-22T05:19:16.820+0000] {processor.py:925} INFO - DAG(s) 'my_dag' retrieved from /opt/airflow/dags/my_tasks.py
[2026-07-22T05:19:16.838+0000] {logging_mixin.py:190} INFO - [2026-07-22T05:19:16.837+0000] {dag.py:3239} INFO - Sync 1 DAGs
[2026-07-22T05:19:16.854+0000] {logging_mixin.py:190} INFO - [2026-07-22T05:19:16.854+0000] {dag.py:4180} INFO - Setting next_dagrun for my_dag to None, run_after=None
[2026-07-22T05:19:16.869+0000] {processor.py:208} INFO - Processing /opt/airflow/dags/my_tasks.py took 0.063 seconds
[2026-07-22T05:19:47.083+0000] {processor.py:186} INFO - Started process (PID=335) to work on /opt/airflow/dags/my_tasks.py
[2026-07-22T05:19:47.091+0000] {processor.py:914} INFO - Processing file /opt/airflow/dags/my_tasks.py for tasks to queue
[2026-07-22T05:19:47.092+0000] {logging_mixin.py:190} INFO - [2026-07-22T05:19:47.092+0000] {dagbag.py:588} INFO - Filling up the DagBag from /opt/airflow/dags/my_tasks.py
[2026-07-22T05:19:47.100+0000] {processor.py:925} INFO - DAG(s) 'my_dag' retrieved from /opt/airflow/dags/my_tasks.py
[2026-07-22T05:19:47.117+0000] {logging_mixin.py:190} INFO - [2026-07-22T05:19:47.117+0000] {dag.py:3239} INFO - Sync 1 DAGs
[2026-07-22T05:19:47.132+0000] {logging_mixin.py:190} INFO - [2026-07-22T05:19:47.132+0000] {dag.py:4180} INFO - Setting next_dagrun for my_dag to None, run_after=None
[2026-07-22T05:19:47.146+0000] {processor.py:208} INFO - Processing /opt/airflow/dags/my_tasks.py took 0.068 seconds
[2026-07-22T05:20:17.358+0000] {processor.py:186} INFO - Started process (PID=346) to work on /opt/airflow/dags/my_tasks.py
[2026-07-22T05:20:17.359+0000] {processor.py:914} INFO - Processing file /opt/airflow/dags/my_tasks.py for tasks to queue
[2026-07-22T05:20:17.360+0000] {logging_mixin.py:190} INFO - [2026-07-22T05:20:17.360+0000] {dagbag.py:588} INFO - Filling up the DagBag from /opt/airflow/dags/my_tasks.py
[2026-07-22T05:20:17.367+0000] {processor.py:925} INFO - DAG(s) 'my_dag' retrieved from /opt/airflow/dags/my_tasks.py
[2026-07-22T05:20:17.386+0000] {logging_mixin.py:190} INFO - [2026-07-22T05:20:17.386+0000] {dag.py:3239} INFO - Sync 1 DAGs
[2026-07-22T05:20:17.403+0000] {logging_mixin.py:190} INFO - [2026-07-22T05:20:17.402+0000] {dag.py:4180} INFO - Setting next_dagrun for my_dag to None, run_after=None
[2026-07-22T05:20:17.416+0000] {processor.py:208} INFO - Processing /opt/airflow/dags/my_tasks.py took 0.062 seconds
[2026-07-22T05:20:47.613+0000] {processor.py:186} INFO - Started process (PID=363) to work on /opt/airflow/dags/my_tasks.py
[2026-07-22T05:20:47.613+0000] {processor.py:914} INFO - Processing file /opt/airflow/dags/my_tasks.py for tasks to queue
[2026-07-22T05:20:47.615+0000] {logging_mixin.py:190} INFO - [2026-07-22T05:20:47.615+0000] {dagbag.py:588} INFO - Filling up the DagBag from /opt/airflow/dags/my_tasks.py
[2026-07-22T05:20:47.622+0000] {processor.py:925} INFO - DAG(s) 'my_dag' retrieved from /opt/airflow/dags/my_tasks.py
[2026-07-22T05:20:47.640+0000] {logging_mixin.py:190} INFO - [2026-07-22T05:20:47.640+0000] {dag.py:3239} INFO - Sync 1 DAGs
[2026-07-22T05:20:47.655+0000] {logging_mixin.py:190} INFO - [2026-07-22T05:20:47.655+0000] {dag.py:4180} INFO - Setting next_dagrun for my_dag to None, run_after=None
[2026-07-22T05:20:47.669+0000] {processor.py:208} INFO - Processing /opt/airflow/dags/my_tasks.py took 0.060 seconds
[2026-07-22T05:21:17.893+0000] {processor.py:186} INFO - Started process (PID=374) to work on /opt/airflow/dags/my_tasks.py
[2026-07-22T05:21:17.894+0000] {processor.py:914} INFO - Processing file /opt/airflow/dags/my_tasks.py for tasks to queue
[2026-07-22T05:21:17.895+0000] {logging_mixin.py:190} INFO - [2026-07-22T05:21:17.895+0000] {dagbag.py:588} INFO - Filling up the DagBag from /opt/airflow/dags/my_tasks.py
[2026-07-22T05:21:17.902+0000] {processor.py:925} INFO - DAG(s) 'my_dag' retrieved from /opt/airflow/dags/my_tasks.py
[2026-07-22T05:21:17.919+0000] {logging_mixin.py:190} INFO - [2026-07-22T05:21:17.919+0000] {dag.py:3239} INFO - Sync 1 DAGs
[2026-07-22T05:21:17.934+0000] {logging_mixin.py:190} INFO - [2026-07-22T05:21:17.934+0000] {dag.py:4180} INFO - Setting next_dagrun for my_dag to None, run_after=None
[2026-07-22T05:21:17.949+0000] {processor.py:208} INFO - Processing /opt/airflow/dags/my_tasks.py took 0.061 seconds
[2026-07-22T05:21:48.165+0000] {processor.py:186} INFO - Started process (PID=385) to work on /opt/airflow/dags/my_tasks.py
[2026-07-22T05:21:48.165+0000] {processor.py:914} INFO - Processing file /opt/airflow/dags/my_tasks.py for tasks to queue
[2026-07-22T05:21:48.166+0000] {logging_mixin.py:190} INFO - [2026-07-22T05:21:48.166+0000] {dagbag.py:588} INFO - Filling up the DagBag from /opt/airflow/dags/my_tasks.py
[2026-07-22T05:21:48.173+0000] {processor.py:925} INFO - DAG(s) 'my_dag' retrieved from /opt/airflow/dags/my_tasks.py
[2026-07-22T05:21:48.191+0000] {logging_mixin.py:190} INFO - [2026-07-22T05:21:48.190+0000] {dag.py:3239} INFO - Sync 1 DAGs
[2026-07-22T05:21:48.205+0000] {logging_mixin.py:190} INFO - [2026-07-22T05:21:48.205+0000] {dag.py:4180} INFO - Setting next_dagrun for my_dag to None, run_after=None
[2026-07-22T05:21:48.220+0000] {processor.py:208} INFO - Processing /opt/airflow/dags/my_tasks.py took 0.059 seconds
[2026-07-22T05:22:18.418+0000] {processor.py:186} INFO - Started process (PID=396) to work on /opt/airflow/dags/my_tasks.py
[2026-07-22T05:22:18.424+0000] {processor.py:914} INFO - Processing file /opt/airflow/dags/my_tasks.py for tasks to queue
[2026-07-22T05:22:18.426+0000] {logging_mixin.py:190} INFO - [2026-07-22T05:22:18.426+0000] {dagbag.py:588} INFO - Filling up the DagBag from /opt/airflow/dags/my_tasks.py
[2026-07-22T05:22:18.435+0000] {processor.py:925} INFO - DAG(s) 'my_dag' retrieved from /opt/airflow/dags/my_tasks.py
[2026-07-22T05:22:18.452+0000] {logging_mixin.py:190} INFO - [2026-07-22T05:22:18.452+0000] {dag.py:3239} INFO - Sync 1 DAGs
[2026-07-22T05:22:18.468+0000] {logging_mixin.py:190} INFO - [2026-07-22T05:22:18.468+0000] {dag.py:4180} INFO - Setting next_dagrun for my_dag to None, run_after=None
[2026-07-22T05:22:18.483+0000] {processor.py:208} INFO - Processing /opt/airflow/dags/my_tasks.py took 0.068 seconds
[2026-07-22T05:22:48.696+0000] {processor.py:186} INFO - Started process (PID=407) to work on /opt/airflow/dags/my_tasks.py
[2026-07-22T05:22:48.697+0000] {processor.py:914} INFO - Processing file /opt/airflow/dags/my_tasks.py for tasks to queue
[2026-07-22T05:22:48.698+0000] {logging_mixin.py:190} INFO - [2026-07-22T05:22:48.698+0000] {dagbag.py:588} INFO - Filling up the DagBag from /opt/airflow/dags/my_tasks.py
[2026-07-22T05:22:48.708+0000] {processor.py:925} INFO - DAG(s) 'my_dag' retrieved from /opt/airflow/dags/my_tasks.py
[2026-07-22T05:22:48.725+0000] {logging_mixin.py:190} INFO - [2026-07-22T05:22:48.725+0000] {dag.py:3239} INFO - Sync 1 DAGs
[2026-07-22T05:22:48.740+0000] {logging_mixin.py:190} INFO - [2026-07-22T05:22:48.740+0000] {dag.py:4180} INFO - Setting next_dagrun for my_dag to None, run_after=None
[2026-07-22T05:22:48.754+0000] {processor.py:208} INFO - Processing /opt/airflow/dags/my_tasks.py took 0.062 seconds
[2026-07-22T05:23:18.979+0000] {processor.py:186} INFO - Started process (PID=418) to work on /opt/airflow/dags/my_tasks.py
[2026-07-22T05:23:18.980+0000] {processor.py:914} INFO - Processing file /opt/airflow/dags/my_tasks.py for tasks to queue
[2026-07-22T05:23:18.982+0000] {logging_mixin.py:190} INFO - [2026-07-22T05:23:18.981+0000] {dagbag.py:588} INFO - Filling up the DagBag from /opt/airflow/dags/my_tasks.py
[2026-07-22T05:23:18.989+0000] {processor.py:925} INFO - DAG(s) 'my_dag' retrieved from /opt/airflow/dags/my_tasks.py
[2026-07-22T05:23:19.006+0000] {logging_mixin.py:190} INFO - [2026-07-22T05:23:19.006+0000] {dag.py:3239} INFO - Sync 1 DAGs
[2026-07-22T05:23:19.021+0000] {logging_mixin.py:190} INFO - [2026-07-22T05:23:19.021+0000] {dag.py:4180} INFO - Setting next_dagrun for my_dag to None, run_after=None
[2026-07-22T05:23:19.036+0000] {processor.py:208} INFO - Processing /opt/airflow/dags/my_tasks.py took 0.063 seconds
[2026-07-22T05:23:49.250+0000] {processor.py:186} INFO - Started process (PID=429) to work on /opt/airflow/dags/my_tasks.py
[2026-07-22T05:23:49.251+0000] {processor.py:914} INFO - Processing file /opt/airflow/dags/my_tasks.py for tasks to queue
[2026-07-22T05:23:49.252+0000] {logging_mixin.py:190} INFO - [2026-07-22T05:23:49.252+0000] {dagbag.py:588} INFO - Filling up the DagBag from /opt/airflow/dags/my_tasks.py
[2026-07-22T05:23:49.260+0000] {processor.py:925} INFO - DAG(s) 'my_dag' retrieved from /opt/airflow/dags/my_tasks.py
[2026-07-22T05:23:49.279+0000] {logging_mixin.py:190} INFO - [2026-07-22T05:23:49.279+0000] {dag.py:3239} INFO - Sync 1 DAGs
[2026-07-22T05:23:49.296+0000] {logging_mixin.py:190} INFO - [2026-07-22T05:23:49.296+0000] {dag.py:4180} INFO - Setting next_dagrun for my_dag to None, run_after=None
[2026-07-22T05:23:49.311+0000] {processor.py:208} INFO - Processing /opt/airflow/dags/my_tasks.py took 0.064 seconds
[2026-07-22T05:24:19.522+0000] {processor.py:186} INFO - Started process (PID=440) to work on /opt/airflow/dags/my_tasks.py
[2026-07-22T05:24:19.522+0000] {processor.py:914} INFO - Processing file /opt/airflow/dags/my_tasks.py for tasks to queue
[2026-07-22T05:24:19.524+0000] {logging_mixin.py:190} INFO - [2026-07-22T05:24:19.524+0000] {dagbag.py:588} INFO - Filling up the DagBag from /opt/airflow/dags/my_tasks.py
[2026-07-22T05:24:19.530+0000] {processor.py:925} INFO - DAG(s) 'my_dag' retrieved from /opt/airflow/dags/my_tasks.py
[2026-07-22T05:24:19.548+0000] {logging_mixin.py:190} INFO - [2026-07-22T05:24:19.548+0000] {dag.py:3239} INFO - Sync 1 DAGs
[2026-07-22T05:24:19.563+0000] {logging_mixin.py:190} INFO - [2026-07-22T05:24:19.563+0000] {dag.py:4180} INFO - Setting next_dagrun for my_dag to None, run_after=None
[2026-07-22T05:24:19.576+0000] {processor.py:208} INFO - Processing /opt/airflow/dags/my_tasks.py took 0.061 seconds
[2026-07-22T05:24:49.791+0000] {processor.py:186} INFO - Started process (PID=451) to work on /opt/airflow/dags/my_tasks.py
[2026-07-22T05:24:49.792+0000] {processor.py:914} INFO - Processing file /opt/airflow/dags/my_tasks.py for tasks to queue
[2026-07-22T05:24:49.793+0000] {logging_mixin.py:190} INFO - [2026-07-22T05:24:49.793+0000] {dagbag.py:588} INFO - Filling up the DagBag from /opt/airflow/dags/my_tasks.py
[2026-07-22T05:24:49.800+0000] {processor.py:925} INFO - DAG(s) 'my_dag' retrieved from /opt/airflow/dags/my_tasks.py
[2026-07-22T05:24:49.817+0000] {logging_mixin.py:190} INFO - [2026-07-22T05:24:49.816+0000] {dag.py:3239} INFO - Sync 1 DAGs
[2026-07-22T05:24:49.832+0000] {logging_mixin.py:190} INFO - [2026-07-22T05:24:49.831+0000] {dag.py:4180} INFO - Setting next_dagrun for my_dag to None, run_after=None
[2026-07-22T05:24:49.846+0000] {processor.py:208} INFO - Processing /opt/airflow/dags/my_tasks.py took 0.058 seconds
[2026-07-22T05:25:20.050+0000] {processor.py:186} INFO - Started process (PID=462) to work on /opt/airflow/dags/my_tasks.py
[2026-07-22T05:25:20.051+0000] {processor.py:914} INFO - Processing file /opt/airflow/dags/my_tasks.py for tasks to queue
[2026-07-22T05:25:20.052+0000] {logging_mixin.py:190} INFO - [2026-07-22T05:25:20.052+0000] {dagbag.py:588} INFO - Filling up the DagBag from /opt/airflow/dags/my_tasks.py
[2026-07-22T05:25:20.059+0000] {processor.py:925} INFO - DAG(s) 'my_dag' retrieved from /opt/airflow/dags/my_tasks.py
[2026-07-22T05:25:20.076+0000] {logging_mixin.py:190} INFO - [2026-07-22T05:25:20.076+0000] {dag.py:3239} INFO - Sync 1 DAGs
[2026-07-22T05:25:20.090+0000] {logging_mixin.py:190} INFO - [2026-07-22T05:25:20.090+0000] {dag.py:4180} INFO - Setting next_dagrun for my_dag to None, run_after=None
[2026-07-22T05:25:20.104+0000] {processor.py:208} INFO - Processing /opt/airflow/dags/my_tasks.py took 0.058 seconds
[2026-07-22T05:25:50.324+0000] {processor.py:186} INFO - Started process (PID=473) to work on /opt/airflow/dags/my_tasks.py
[2026-07-22T05:25:50.325+0000] {processor.py:914} INFO - Processing file /opt/airflow/dags/my_tasks.py for tasks to queue
[2026-07-22T05:25:50.326+0000] {logging_mixin.py:190} INFO - [2026-07-22T05:25:50.326+0000] {dagbag.py:588} INFO - Filling up the DagBag from /opt/airflow/dags/my_tasks.py
[2026-07-22T05:25:50.333+0000] {processor.py:925} INFO - DAG(s) 'my_dag' retrieved from /opt/airflow/dags/my_tasks.py
[2026-07-22T05:25:50.351+0000] {logging_mixin.py:190} INFO - [2026-07-22T05:25:50.351+0000] {dag.py:3239} INFO - Sync 1 DAGs
[2026-07-22T05:25:50.366+0000] {logging_mixin.py:190} INFO - [2026-07-22T05:25:50.366+0000] {dag.py:4180} INFO - Setting next_dagrun for my_dag to None, run_after=None
[2026-07-22T05:25:50.380+0000] {processor.py:208} INFO - Processing /opt/airflow/dags/my_tasks.py took 0.060 seconds
[2026-07-22T05:26:20.606+0000] {processor.py:186} INFO - Started process (PID=484) to work on /opt/airflow/dags/my_tasks.py
[2026-07-22T05:26:20.606+0000] {processor.py:914} INFO - Processing file /opt/airflow/dags/my_tasks.py for tasks to queue
[2026-07-22T05:26:20.608+0000] {logging_mixin.py:190} INFO - [2026-07-22T05:26:20.607+0000] {dagbag.py:588} INFO - Filling up the DagBag from /opt/airflow/dags/my_tasks.py
[2026-07-22T05:26:20.615+0000] {processor.py:925} INFO - DAG(s) 'my_dag' retrieved from /opt/airflow/dags/my_tasks.py
[2026-07-22T05:26:20.632+0000] {logging_mixin.py:190} INFO - [2026-07-22T05:26:20.632+0000] {dag.py:3239} INFO - Sync 1 DAGs
[2026-07-22T05:26:20.647+0000] {logging_mixin.py:190} INFO - [2026-07-22T05:26:20.647+0000] {dag.py:4180} INFO - Setting next_dagrun for my_dag to None, run_after=None
[2026-07-22T05:26:20.661+0000] {processor.py:208} INFO - Processing /opt/airflow/dags/my_tasks.py took 0.059 seconds
[2026-07-22T05:26:50.866+0000] {processor.py:186} INFO - Started process (PID=495) to work on /opt/airflow/dags/my_tasks.py
[2026-07-22T05:26:50.866+0000] {processor.py:914} INFO - Processing file /opt/airflow/dags/my_tasks.py for tasks to queue
[2026-07-22T05:26:50.868+0000] {logging_mixin.py:190} INFO - [2026-07-22T05:26:50.868+0000] {dagbag.py:588} INFO - Filling up the DagBag from /opt/airflow/dags/my_tasks.py
[2026-07-22T05:26:50.874+0000] {processor.py:925} INFO - DAG(s) 'my_dag' retrieved from /opt/airflow/dags/my_tasks.py
[2026-07-22T05:26:50.891+0000] {logging_mixin.py:190} INFO - [2026-07-22T05:26:50.891+0000] {dag.py:3239} INFO - Sync 1 DAGs
[2026-07-22T05:26:50.906+0000] {logging_mixin.py:190} INFO - [2026-07-22T05:26:50.906+0000] {dag.py:4180} INFO - Setting next_dagrun for my_dag to None, run_after=None
[2026-07-22T05:26:50.920+0000] {processor.py:208} INFO - Processing /opt/airflow/dags/my_tasks.py took 0.058 seconds
[2026-07-22T05:27:21.139+0000] {processor.py:186} INFO - Started process (PID=506) to work on /opt/airflow/dags/my_tasks.py
[2026-07-22T05:27:21.150+0000] {processor.py:914} INFO - Processing file /opt/airflow/dags/my_tasks.py for tasks to queue
[2026-07-22T05:27:21.152+0000] {logging_mixin.py:190} INFO - [2026-07-22T05:27:21.152+0000] {dagbag.py:588} INFO - Filling up the DagBag from /opt/airflow/dags/my_tasks.py
[2026-07-22T05:27:21.164+0000] {processor.py:925} INFO - DAG(s) 'my_dag' retrieved from /opt/airflow/dags/my_tasks.py
[2026-07-22T05:27:21.182+0000] {logging_mixin.py:190} INFO - [2026-07-22T05:27:21.182+0000] {dag.py:3239} INFO - Sync 1 DAGs
[2026-07-22T05:27:21.198+0000] {logging_mixin.py:190} INFO - [2026-07-22T05:27:21.198+0000] {dag.py:4180} INFO - Setting next_dagrun for my_dag to None, run_after=None
[2026-07-22T05:27:21.213+0000] {processor.py:208} INFO - Processing /opt/airflow/dags/my_tasks.py took 0.079 seconds
[2026-07-22T05:27:51.426+0000] {processor.py:186} INFO - Started process (PID=517) to work on /opt/airflow/dags/my_tasks.py
[2026-07-22T05:27:51.426+0000] {processor.py:914} INFO - Processing file /opt/airflow/dags/my_tasks.py for tasks to queue
[2026-07-22T05:27:51.427+0000] {logging_mixin.py:190} INFO - [2026-07-22T05:27:51.427+0000] {dagbag.py:588} INFO - Filling up the DagBag from /opt/airflow/dags/my_tasks.py
[2026-07-22T05:27:51.434+0000] {processor.py:925} INFO - DAG(s) 'my_dag' retrieved from /opt/airflow/dags/my_tasks.py
[2026-07-22T05:27:51.453+0000] {logging_mixin.py:190} INFO - [2026-07-22T05:27:51.453+0000] {dag.py:3239} INFO - Sync 1 DAGs
[2026-07-22T05:27:51.469+0000] {logging_mixin.py:190} INFO - [2026-07-22T05:27:51.469+0000] {dag.py:4180} INFO - Setting next_dagrun for my_dag to None, run_after=None
[2026-07-22T05:27:51.484+0000] {processor.py:208} INFO - Processing /opt/airflow/dags/my_tasks.py took 0.062 seconds
[2026-07-22T05:28:21.707+0000] {processor.py:186} INFO - Started process (PID=528) to work on /opt/airflow/dags/my_tasks.py
[2026-07-22T05:28:21.711+0000] {processor.py:914} INFO - Processing file /opt/airflow/dags/my_tasks.py for tasks to queue
[2026-07-22T05:28:21.713+0000] {logging_mixin.py:190} INFO - [2026-07-22T05:28:21.713+0000] {dagbag.py:588} INFO - Filling up the DagBag from /opt/airflow/dags/my_tasks.py
[2026-07-22T05:28:21.722+0000] {processor.py:925} INFO - DAG(s) 'my_dag' retrieved from /opt/airflow/dags/my_tasks.py
[2026-07-22T05:28:21.741+0000] {logging_mixin.py:190} INFO - [2026-07-22T05:28:21.740+0000] {dag.py:3239} INFO - Sync 1 DAGs
[2026-07-22T05:28:21.756+0000] {logging_mixin.py:190} INFO - [2026-07-22T05:28:21.756+0000] {dag.py:4180} INFO - Setting next_dagrun for my_dag to None, run_after=None
[2026-07-22T05:28:21.770+0000] {processor.py:208} INFO - Processing /opt/airflow/dags/my_tasks.py took 0.067 seconds
[2026-07-22T05:28:51.940+0000] {processor.py:186} INFO - Started process (PID=539) to work on /opt/airflow/dags/my_tasks.py
[2026-07-22T05:28:51.943+0000] {processor.py:914} INFO - Processing file /opt/airflow/dags/my_tasks.py for tasks to queue
[2026-07-22T05:28:51.944+0000] {logging_mixin.py:190} INFO - [2026-07-22T05:28:51.944+0000] {dagbag.py:588} INFO - Filling up the DagBag from /opt/airflow/dags/my_tasks.py
[2026-07-22T05:28:51.952+0000] {processor.py:925} INFO - DAG(s) 'my_dag' retrieved from /opt/airflow/dags/my_tasks.py
[2026-07-22T05:28:51.971+0000] {logging_mixin.py:190} INFO - [2026-07-22T05:28:51.971+0000] {dag.py:3239} INFO - Sync 1 DAGs
[2026-07-22T05:28:51.986+0000] {logging_mixin.py:190} INFO - [2026-07-22T05:28:51.986+0000] {dag.py:4180} INFO - Setting next_dagrun for my_dag to None, run_after=None
[2026-07-22T05:28:52.000+0000] {processor.py:208} INFO - Processing /opt/airflow/dags/my_tasks.py took 0.064 seconds
[2026-07-22T05:29:22.203+0000] {processor.py:186} INFO - Started process (PID=550) to work on /opt/airflow/dags/my_tasks.py
[2026-07-22T05:29:22.203+0000] {processor.py:914} INFO - Processing file /opt/airflow/dags/my_tasks.py for tasks to queue
[2026-07-22T05:29:22.205+0000] {logging_mixin.py:190} INFO - [2026-07-22T05:29:22.205+0000] {dagbag.py:588} INFO - Filling up the DagBag from /opt/airflow/dags/my_tasks.py
[2026-07-22T05:29:22.212+0000] {processor.py:925} INFO - DAG(s) 'my_dag' retrieved from /opt/airflow/dags/my_tasks.py
[2026-07-22T05:29:22.230+0000] {logging_mixin.py:190} INFO - [2026-07-22T05:29:22.229+0000] {dag.py:3239} INFO - Sync 1 DAGs
[2026-07-22T05:29:22.245+0000] {logging_mixin.py:190} INFO - [2026-07-22T05:29:22.245+0000] {dag.py:4180} INFO - Setting next_dagrun for my_dag to None, run_after=None
[2026-07-22T05:29:22.259+0000] {processor.py:208} INFO - Processing /opt/airflow/dags/my_tasks.py took 0.061 seconds
[2026-07-22T05:29:52.483+0000] {processor.py:186} INFO - Started process (PID=561) to work on /opt/airflow/dags/my_tasks.py
[2026-07-22T05:29:52.490+0000] {processor.py:914} INFO - Processing file /opt/airflow/dags/my_tasks.py for tasks to queue
[2026-07-22T05:29:52.492+0000] {logging_mixin.py:190} INFO - [2026-07-22T05:29:52.491+0000] {dagbag.py:588} INFO - Filling up the DagBag from /opt/airflow/dags/my_tasks.py
[2026-07-22T05:29:52.500+0000] {processor.py:925} INFO - DAG(s) 'my_dag' retrieved from /opt/airflow/dags/my_tasks.py
[2026-07-22T05:29:52.518+0000] {logging_mixin.py:190} INFO - [2026-07-22T05:29:52.518+0000] {dag.py:3239} INFO - Sync 1 DAGs
[2026-07-22T05:29:52.533+0000] {logging_mixin.py:190} INFO - [2026-07-22T05:29:52.533+0000] {dag.py:4180} INFO - Setting next_dagrun for my_dag to None, run_after=None
[2026-07-22T05:29:52.547+0000] {processor.py:208} INFO - Processing /opt/airflow/dags/my_tasks.py took 0.068 seconds
[2026-07-22T05:30:22.775+0000] {processor.py:186} INFO - Started process (PID=572) to work on /opt/airflow/dags/my_tasks.py
[2026-07-22T05:30:22.776+0000] {processor.py:914} INFO - Processing file /opt/airflow/dags/my_tasks.py for tasks to queue
[2026-07-22T05:30:22.777+0000] {logging_mixin.py:190} INFO - [2026-07-22T05:30:22.777+0000] {dagbag.py:588} INFO - Filling up the DagBag from /opt/airflow/dags/my_tasks.py
[2026-07-22T05:30:22.784+0000] {processor.py:925} INFO - DAG(s) 'my_dag' retrieved from /opt/airflow/dags/my_tasks.py
[2026-07-22T05:30:22.801+0000] {logging_mixin.py:190} INFO - [2026-07-22T05:30:22.801+0000] {dag.py:3239} INFO - Sync 1 DAGs
[2026-07-22T05:30:22.816+0000] {logging_mixin.py:190} INFO - [2026-07-22T05:30:22.815+0000] {dag.py:4180} INFO - Setting next_dagrun for my_dag to None, run_after=None
[2026-07-22T05:30:22.830+0000] {processor.py:208} INFO - Processing /opt/airflow/dags/my_tasks.py took 0.060 seconds
[2026-07-22T05:30:53.059+0000] {processor.py:186} INFO - Started process (PID=583) to work on /opt/airflow/dags/my_tasks.py
[2026-07-22T05:30:53.067+0000] {processor.py:914} INFO - Processing file /opt/airflow/dags/my_tasks.py for tasks to queue
[2026-07-22T05:30:53.070+0000] {logging_mixin.py:190} INFO - [2026-07-22T05:30:53.070+0000] {dagbag.py:588} INFO - Filling up the DagBag from /opt/airflow/dags/my_tasks.py
[2026-07-22T05:30:53.080+0000] {processor.py:925} INFO - DAG(s) 'my_dag' retrieved from /opt/airflow/dags/my_tasks.py
[2026-07-22T05:30:53.098+0000] {logging_mixin.py:190} INFO - [2026-07-22T05:30:53.098+0000] {dag.py:3239} INFO - Sync 1 DAGs
[2026-07-22T05:30:53.113+0000] {logging_mixin.py:190} INFO - [2026-07-22T05:30:53.113+0000] {dag.py:4180} INFO - Setting next_dagrun for my_dag to None, run_after=None
[2026-07-22T05:30:53.127+0000] {processor.py:208} INFO - Processing /opt/airflow/dags/my_tasks.py took 0.072 seconds
[2026-07-22T05:31:23.317+0000] {processor.py:186} INFO - Started process (PID=594) to work on /opt/airflow/dags/my_tasks.py
[2026-07-22T05:31:23.317+0000] {processor.py:914} INFO - Processing file /opt/airflow/dags/my_tasks.py for tasks to queue
[2026-07-22T05:31:23.319+0000] {logging_mixin.py:190} INFO - [2026-07-22T05:31:23.318+0000] {dagbag.py:588} INFO - Filling up the DagBag from /opt/airflow/dags/my_tasks.py
[2026-07-22T05:31:23.325+0000] {processor.py:925} INFO - DAG(s) 'my_dag' retrieved from /opt/airflow/dags/my_tasks.py
[2026-07-22T05:31:23.343+0000] {logging_mixin.py:190} INFO - [2026-07-22T05:31:23.343+0000] {dag.py:3239} INFO - Sync 1 DAGs
[2026-07-22T05:31:23.359+0000] {logging_mixin.py:190} INFO - [2026-07-22T05:31:23.359+0000] {dag.py:4180} INFO - Setting next_dagrun for my_dag to None, run_after=None
[2026-07-22T05:31:23.373+0000] {processor.py:208} INFO - Processing /opt/airflow/dags/my_tasks.py took 0.060 seconds
[2026-07-22T05:31:53.607+0000] {processor.py:186} INFO - Started process (PID=605) to work on /opt/airflow/dags/my_tasks.py
[2026-07-22T05:31:53.608+0000] {processor.py:914} INFO - Processing file /opt/airflow/dags/my_tasks.py for tasks to queue
[2026-07-22T05:31:53.610+0000] {logging_mixin.py:190} INFO - [2026-07-22T05:31:53.609+0000] {dagbag.py:588} INFO - Filling up the DagBag from /opt/airflow/dags/my_tasks.py
[2026-07-22T05:31:53.616+0000] {processor.py:925} INFO - DAG(s) 'my_dag' retrieved from /opt/airflow/dags/my_tasks.py
[2026-07-22T05:31:53.636+0000] {logging_mixin.py:190} INFO - [2026-07-22T05:31:53.636+0000] {dag.py:3239} INFO - Sync 1 DAGs
[2026-07-22T05:31:53.651+0000] {logging_mixin.py:190} INFO - [2026-07-22T05:31:53.651+0000] {dag.py:4180} INFO - Setting next_dagrun for my_dag to None, run_after=None
[2026-07-22T05:31:53.664+0000] {processor.py:208} INFO - Processing /opt/airflow/dags/my_tasks.py took 0.061 seconds
[2026-07-22T05:32:23.883+0000] {processor.py:186} INFO - Started process (PID=617) to work on /opt/airflow/dags/my_tasks.py
[2026-07-22T05:32:23.883+0000] {processor.py:914} INFO - Processing file /opt/airflow/dags/my_tasks.py for tasks to queue
[2026-07-22T05:32:23.885+0000] {logging_mixin.py:190} INFO - [2026-07-22T05:32:23.884+0000] {dagbag.py:588} INFO - Filling up the DagBag from /opt/airflow/dags/my_tasks.py
[2026-07-22T05:32:23.891+0000] {processor.py:925} INFO - DAG(s) 'my_dag' retrieved from /opt/airflow/dags/my_tasks.py
[2026-07-22T05:32:23.909+0000] {logging_mixin.py:190} INFO - [2026-07-22T05:32:23.909+0000] {dag.py:3239} INFO - Sync 1 DAGs
[2026-07-22T05:32:23.924+0000] {logging_mixin.py:190} INFO - [2026-07-22T05:32:23.924+0000] {dag.py:4180} INFO - Setting next_dagrun for my_dag to None, run_after=None
[2026-07-22T05:32:23.939+0000] {processor.py:208} INFO - Processing /opt/airflow/dags/my_tasks.py took 0.060 seconds
[2026-07-22T05:32:54.145+0000] {processor.py:186} INFO - Started process (PID=628) to work on /opt/airflow/dags/my_tasks.py
[2026-07-22T05:32:54.145+0000] {processor.py:914} INFO - Processing file /opt/airflow/dags/my_tasks.py for tasks to queue
[2026-07-22T05:32:54.147+0000] {logging_mixin.py:190} INFO - [2026-07-22T05:32:54.146+0000] {dagbag.py:588} INFO - Filling up the DagBag from /opt/airflow/dags/my_tasks.py
[2026-07-22T05:32:54.154+0000] {processor.py:925} INFO - DAG(s) 'my_dag' retrieved from /opt/airflow/dags/my_tasks.py
[2026-07-22T05:32:54.171+0000] {logging_mixin.py:190} INFO - [2026-07-22T05:32:54.170+0000] {dag.py:3239} INFO - Sync 1 DAGs
[2026-07-22T05:32:54.186+0000] {logging_mixin.py:190} INFO - [2026-07-22T05:32:54.186+0000] {dag.py:4180} INFO - Setting next_dagrun for my_dag to None, run_after=None
[2026-07-22T05:32:54.206+0000] {processor.py:208} INFO - Processing /opt/airflow/dags/my_tasks.py took 0.065 seconds
[2026-07-22T05:33:24.425+0000] {processor.py:186} INFO - Started process (PID=639) to work on /opt/airflow/dags/my_tasks.py
[2026-07-22T05:33:24.425+0000] {processor.py:914} INFO - Processing file /opt/airflow/dags/my_tasks.py for tasks to queue
[2026-07-22T05:33:24.427+0000] {logging_mixin.py:190} INFO - [2026-07-22T05:33:24.427+0000] {dagbag.py:588} INFO - Filling up the DagBag from /opt/airflow/dags/my_tasks.py
[2026-07-22T05:33:24.434+0000] {processor.py:925} INFO - DAG(s) 'my_dag' retrieved from /opt/airflow/dags/my_tasks.py
[2026-07-22T05:33:24.451+0000] {logging_mixin.py:190} INFO - [2026-07-22T05:33:24.450+0000] {dag.py:3239} INFO - Sync 1 DAGs
[2026-07-22T05:33:24.466+0000] {logging_mixin.py:190} INFO - [2026-07-22T05:33:24.466+0000] {dag.py:4180} INFO - Setting next_dagrun for my_dag to None, run_after=None
[2026-07-22T05:33:24.480+0000] {processor.py:208} INFO - Processing /opt/airflow/dags/my_tasks.py took 0.059 seconds
[2026-07-22T05:33:54.676+0000] {processor.py:186} INFO - Started process (PID=650) to work on /opt/airflow/dags/my_tasks.py
[2026-07-22T05:33:54.677+0000] {processor.py:914} INFO - Processing file /opt/airflow/dags/my_tasks.py for tasks to queue
[2026-07-22T05:33:54.678+0000] {logging_mixin.py:190} INFO - [2026-07-22T05:33:54.678+0000] {dagbag.py:588} INFO - Filling up the DagBag from /opt/airflow/dags/my_tasks.py
[2026-07-22T05:33:54.685+0000] {processor.py:925} INFO - DAG(s) 'my_dag' retrieved from /opt/airflow/dags/my_tasks.py
[2026-07-22T05:33:54.703+0000] {logging_mixin.py:190} INFO - [2026-07-22T05:33:54.703+0000] {dag.py:3239} INFO - Sync 1 DAGs
[2026-07-22T05:33:54.719+0000] {logging_mixin.py:190} INFO - [2026-07-22T05:33:54.719+0000] {dag.py:4180} INFO - Setting next_dagrun for my_dag to None, run_after=None
[2026-07-22T05:33:54.732+0000] {processor.py:208} INFO - Processing /opt/airflow/dags/my_tasks.py took 0.060 seconds
[2026-07-22T05:34:24.961+0000] {processor.py:186} INFO - Started process (PID=661) to work on /opt/airflow/dags/my_tasks.py
[2026-07-22T05:34:24.961+0000] {processor.py:914} INFO - Processing file /opt/airflow/dags/my_tasks.py for tasks to queue
[2026-07-22T05:34:24.963+0000] {logging_mixin.py:190} INFO - [2026-07-22T05:34:24.963+0000] {dagbag.py:588} INFO - Filling up the DagBag from /opt/airflow/dags/my_tasks.py
[2026-07-22T05:34:24.969+0000] {processor.py:925} INFO - DAG(s) 'my_dag' retrieved from /opt/airflow/dags/my_tasks.py
[2026-07-22T05:34:24.987+0000] {logging_mixin.py:190} INFO - [2026-07-22T05:34:24.986+0000] {dag.py:3239} INFO - Sync 1 DAGs
[2026-07-22T05:34:25.002+0000] {logging_mixin.py:190} INFO - [2026-07-22T05:34:25.002+0000] {dag.py:4180} INFO - Setting next_dagrun for my_dag to None, run_after=None
[2026-07-22T05:34:25.016+0000] {processor.py:208} INFO - Processing /opt/airflow/dags/my_tasks.py took 0.059 seconds
[2026-07-22T05:34:55.210+0000] {processor.py:186} INFO - Started process (PID=672) to work on /opt/airflow/dags/my_tasks.py
[2026-07-22T05:34:55.210+0000] {processor.py:914} INFO - Processing file /opt/airflow/dags/my_tasks.py for tasks to queue
[2026-07-22T05:34:55.211+0000] {logging_mixin.py:190} INFO - [2026-07-22T05:34:55.211+0000] {dagbag.py:588} INFO - Filling up the DagBag from /opt/airflow/dags/my_tasks.py
[2026-07-22T05:34:55.218+0000] {processor.py:925} INFO - DAG(s) 'my_dag' retrieved from /opt/airflow/dags/my_tasks.py
[2026-07-22T05:34:55.235+0000] {logging_mixin.py:190} INFO - [2026-07-22T05:34:55.235+0000] {dag.py:3239} INFO - Sync 1 DAGs
[2026-07-22T05:34:55.251+0000] {logging_mixin.py:190} INFO - [2026-07-22T05:34:55.251+0000] {dag.py:4180} INFO - Setting next_dagrun for my_dag to None, run_after=None
[2026-07-22T05:34:55.266+0000] {processor.py:208} INFO - Processing /opt/airflow/dags/my_tasks.py took 0.060 seconds
[2026-07-22T05:35:25.475+0000] {processor.py:186} INFO - Started process (PID=683) to work on /opt/airflow/dags/my_tasks.py
[2026-07-22T05:35:25.476+0000] {processor.py:914} INFO - Processing file /opt/airflow/dags/my_tasks.py for tasks to queue
[2026-07-22T05:35:25.477+0000] {logging_mixin.py:190} INFO - [2026-07-22T05:35:25.477+0000] {dagbag.py:588} INFO - Filling up the DagBag from /opt/airflow/dags/my_tasks.py
[2026-07-22T05:35:25.483+0000] {processor.py:925} INFO - DAG(s) 'my_dag' retrieved from /opt/airflow/dags/my_tasks.py
[2026-07-22T05:35:25.501+0000] {logging_mixin.py:190} INFO - [2026-07-22T05:35:25.500+0000] {dag.py:3239} INFO - Sync 1 DAGs
[2026-07-22T05:35:25.517+0000] {logging_mixin.py:190} INFO - [2026-07-22T05:35:25.516+0000] {dag.py:4180} INFO - Setting next_dagrun for my_dag to None, run_after=None
[2026-07-22T05:35:25.531+0000] {processor.py:208} INFO - Processing /opt/airflow/dags/my_tasks.py took 0.059 seconds
[2026-07-22T05:35:55.743+0000] {processor.py:186} INFO - Started process (PID=694) to work on /opt/airflow/dags/my_tasks.py
[2026-07-22T05:35:55.744+0000] {processor.py:914} INFO - Processing file /opt/airflow/dags/my_tasks.py for tasks to queue
[2026-07-22T05:35:55.745+0000] {logging_mixin.py:190} INFO - [2026-07-22T05:35:55.745+0000] {dagbag.py:588} INFO - Filling up the DagBag from /opt/airflow/dags/my_tasks.py
[2026-07-22T05:35:55.752+0000] {processor.py:925} INFO - DAG(s) 'my_dag' retrieved from /opt/airflow/dags/my_tasks.py
[2026-07-22T05:35:55.769+0000] {logging_mixin.py:190} INFO - [2026-07-22T05:35:55.769+0000] {dag.py:3239} INFO - Sync 1 DAGs
[2026-07-22T05:35:55.784+0000] {logging_mixin.py:190} INFO - [2026-07-22T05:35:55.784+0000] {dag.py:4180} INFO - Setting next_dagrun for my_dag to None, run_after=None
[2026-07-22T05:35:55.798+0000] {processor.py:208} INFO - Processing /opt/airflow/dags/my_tasks.py took 0.059 seconds
[2026-07-22T05:36:26.031+0000] {processor.py:186} INFO - Started process (PID=705) to work on /opt/airflow/dags/my_tasks.py
[2026-07-22T05:36:26.031+0000] {processor.py:914} INFO - Processing file /opt/airflow/dags/my_tasks.py for tasks to queue
[2026-07-22T05:36:26.033+0000] {logging_mixin.py:190} INFO - [2026-07-22T05:36:26.033+0000] {dagbag.py:588} INFO - Filling up the DagBag from /opt/airflow/dags/my_tasks.py
[2026-07-22T05:36:26.039+0000] {processor.py:925} INFO - DAG(s) 'my_dag' retrieved from /opt/airflow/dags/my_tasks.py
[2026-07-22T05:36:26.057+0000] {logging_mixin.py:190} INFO - [2026-07-22T05:36:26.057+0000] {dag.py:3239} INFO - Sync 1 DAGs
[2026-07-22T05:36:26.072+0000] {logging_mixin.py:190} INFO - [2026-07-22T05:36:26.072+0000] {dag.py:4180} INFO - Setting next_dagrun for my_dag to None, run_after=None
[2026-07-22T05:36:26.085+0000] {processor.py:208} INFO - Processing /opt/airflow/dags/my_tasks.py took 0.058 seconds
[2026-07-22T05:36:56.318+0000] {processor.py:186} INFO - Started process (PID=716) to work on /opt/airflow/dags/my_tasks.py
[2026-07-22T05:36:56.326+0000] {processor.py:914} INFO - Processing file /opt/airflow/dags/my_tasks.py for tasks to queue
[2026-07-22T05:36:56.328+0000] {logging_mixin.py:190} INFO - [2026-07-22T05:36:56.328+0000] {dagbag.py:588} INFO - Filling up the DagBag from /opt/airflow/dags/my_tasks.py
[2026-07-22T05:36:56.339+0000] {processor.py:925} INFO - DAG(s) 'my_dag' retrieved from /opt/airflow/dags/my_tasks.py
[2026-07-22T05:36:56.357+0000] {logging_mixin.py:190} INFO - [2026-07-22T05:36:56.356+0000] {dag.py:3239} INFO - Sync 1 DAGs
[2026-07-22T05:36:56.375+0000] {logging_mixin.py:190} INFO - [2026-07-22T05:36:56.374+0000] {dag.py:4180} INFO - Setting next_dagrun for my_dag to None, run_after=None
[2026-07-22T05:36:56.389+0000] {processor.py:208} INFO - Processing /opt/airflow/dags/my_tasks.py took 0.074 seconds
[2026-07-22T05:37:26.602+0000] {processor.py:186} INFO - Started process (PID=727) to work on /opt/airflow/dags/my_tasks.py
[2026-07-22T05:37:26.603+0000] {processor.py:914} INFO - Processing file /opt/airflow/dags/my_tasks.py for tasks to queue
[2026-07-22T05:37:26.604+0000] {logging_mixin.py:190} INFO - [2026-07-22T05:37:26.604+0000] {dagbag.py:588} INFO - Filling up the DagBag from /opt/airflow/dags/my_tasks.py
[2026-07-22T05:37:26.611+0000] {processor.py:925} INFO - DAG(s) 'my_dag' retrieved from /opt/airflow/dags/my_tasks.py
[2026-07-22T05:37:26.629+0000] {logging_mixin.py:190} INFO - [2026-07-22T05:37:26.629+0000] {dag.py:3239} INFO - Sync 1 DAGs
[2026-07-22T05:37:26.644+0000] {logging_mixin.py:190} INFO - [2026-07-22T05:37:26.644+0000] {dag.py:4180} INFO - Setting next_dagrun for my_dag to None, run_after=None
[2026-07-22T05:37:26.658+0000] {processor.py:208} INFO - Processing /opt/airflow/dags/my_tasks.py took 0.060 seconds
[2026-07-22T05:37:56.880+0000] {processor.py:186} INFO - Started process (PID=738) to work on /opt/airflow/dags/my_tasks.py
[2026-07-22T05:37:56.888+0000] {processor.py:914} INFO - Processing file /opt/airflow/dags/my_tasks.py for tasks to queue
[2026-07-22T05:37:56.891+0000] {logging_mixin.py:190} INFO - [2026-07-22T05:37:56.890+0000] {dagbag.py:588} INFO - Filling up the DagBag from /opt/airflow/dags/my_tasks.py
[2026-07-22T05:37:56.900+0000] {processor.py:925} INFO - DAG(s) 'my_dag' retrieved from /opt/airflow/dags/my_tasks.py
[2026-07-22T05:37:56.920+0000] {logging_mixin.py:190} INFO - [2026-07-22T05:37:56.920+0000] {dag.py:3239} INFO - Sync 1 DAGs
[2026-07-22T05:37:56.935+0000] {logging_mixin.py:190} INFO - [2026-07-22T05:37:56.935+0000] {dag.py:4180} INFO - Setting next_dagrun for my_dag to None, run_after=None
[2026-07-22T05:37:56.949+0000] {processor.py:208} INFO - Processing /opt/airflow/dags/my_tasks.py took 0.073 seconds
[2026-07-22T05:38:27.164+0000] {processor.py:186} INFO - Started process (PID=749) to work on /opt/airflow/dags/my_tasks.py
[2026-07-22T05:38:27.165+0000] {processor.py:914} INFO - Processing file /opt/airflow/dags/my_tasks.py for tasks to queue
[2026-07-22T05:38:27.166+0000] {logging_mixin.py:190} INFO - [2026-07-22T05:38:27.166+0000] {dagbag.py:588} INFO - Filling up the DagBag from /opt/airflow/dags/my_tasks.py
[2026-07-22T05:38:27.172+0000] {processor.py:925} INFO - DAG(s) 'my_dag' retrieved from /opt/airflow/dags/my_tasks.py
[2026-07-22T05:38:27.190+0000] {logging_mixin.py:190} INFO - [2026-07-22T05:38:27.189+0000] {dag.py:3239} INFO - Sync 1 DAGs
[2026-07-22T05:38:27.204+0000] {logging_mixin.py:190} INFO - [2026-07-22T05:38:27.204+0000] {dag.py:4180} INFO - Setting next_dagrun for my_dag to None, run_after=None
[2026-07-22T05:38:27.219+0000] {processor.py:208} INFO - Processing /opt/airflow/dags/my_tasks.py took 0.059 seconds
[2026-07-22T05:38:57.423+0000] {processor.py:186} INFO - Started process (PID=760) to work on /opt/airflow/dags/my_tasks.py
[2026-07-22T05:38:57.424+0000] {processor.py:914} INFO - Processing file /opt/airflow/dags/my_tasks.py for tasks to queue
[2026-07-22T05:38:57.425+0000] {logging_mixin.py:190} INFO - [2026-07-22T05:38:57.425+0000] {dagbag.py:588} INFO - Filling up the DagBag from /opt/airflow/dags/my_tasks.py
[2026-07-22T05:38:57.433+0000] {processor.py:925} INFO - DAG(s) 'my_dag' retrieved from /opt/airflow/dags/my_tasks.py
[2026-07-22T05:38:57.450+0000] {logging_mixin.py:190} INFO - [2026-07-22T05:38:57.450+0000] {dag.py:3239} INFO - Sync 1 DAGs
[2026-07-22T05:38:57.466+0000] {logging_mixin.py:190} INFO - [2026-07-22T05:38:57.465+0000] {dag.py:4180} INFO - Setting next_dagrun for my_dag to None, run_after=None
[2026-07-22T05:38:57.480+0000] {processor.py:208} INFO - Processing /opt/airflow/dags/my_tasks.py took 0.062 seconds
[2026-07-22T05:39:27.713+0000] {processor.py:186} INFO - Started process (PID=771) to work on /opt/airflow/dags/my_tasks.py
[2026-07-22T05:39:27.714+0000] {processor.py:914} INFO - Processing file /opt/airflow/dags/my_tasks.py for tasks to queue
[2026-07-22T05:39:27.716+0000] {logging_mixin.py:190} INFO - [2026-07-22T05:39:27.715+0000] {dagbag.py:588} INFO - Filling up the DagBag from /opt/airflow/dags/my_tasks.py
[2026-07-22T05:39:27.722+0000] {processor.py:925} INFO - DAG(s) 'my_dag' retrieved from /opt/airflow/dags/my_tasks.py
[2026-07-22T05:39:27.739+0000] {logging_mixin.py:190} INFO - [2026-07-22T05:39:27.739+0000] {dag.py:3239} INFO - Sync 1 DAGs
[2026-07-22T05:39:27.755+0000] {logging_mixin.py:190} INFO - [2026-07-22T05:39:27.755+0000] {dag.py:4180} INFO - Setting next_dagrun for my_dag to None, run_after=None
[2026-07-22T05:39:27.769+0000] {processor.py:208} INFO - Processing /opt/airflow/dags/my_tasks.py took 0.060 seconds
[2026-07-22T05:39:57.985+0000] {processor.py:186} INFO - Started process (PID=782) to work on /opt/airflow/dags/my_tasks.py
[2026-07-22T05:39:57.986+0000] {processor.py:914} INFO - Processing file /opt/airflow/dags/my_tasks.py for tasks to queue
[2026-07-22T05:39:57.987+0000] {logging_mixin.py:190} INFO - [2026-07-22T05:39:57.987+0000] {dagbag.py:588} INFO - Filling up the DagBag from /opt/airflow/dags/my_tasks.py
[2026-07-22T05:39:57.994+0000] {processor.py:925} INFO - DAG(s) 'my_dag' retrieved from /opt/airflow/dags/my_tasks.py
[2026-07-22T05:39:58.018+0000] {logging_mixin.py:190} INFO - [2026-07-22T05:39:58.018+0000] {dag.py:3239} INFO - Sync 1 DAGs
[2026-07-22T05:39:58.036+0000] {logging_mixin.py:190} INFO - [2026-07-22T05:39:58.036+0000] {dag.py:4180} INFO - Setting next_dagrun for my_dag to None, run_after=None
[2026-07-22T05:39:58.050+0000] {processor.py:208} INFO - Processing /opt/airflow/dags/my_tasks.py took 0.068 seconds
[2026-07-22T05:40:28.210+0000] {processor.py:186} INFO - Started process (PID=793) to work on /opt/airflow/dags/my_tasks.py
[2026-07-22T05:40:28.211+0000] {processor.py:914} INFO - Processing file /opt/airflow/dags/my_tasks.py for tasks to queue
[2026-07-22T05:40:28.212+0000] {logging_mixin.py:190} INFO - [2026-07-22T05:40:28.212+0000] {dagbag.py:588} INFO - Filling up the DagBag from /opt/airflow/dags/my_tasks.py
[2026-07-22T05:40:28.219+0000] {processor.py:925} INFO - DAG(s) 'my_dag' retrieved from /opt/airflow/dags/my_tasks.py
[2026-07-22T05:40:28.237+0000] {logging_mixin.py:190} INFO - [2026-07-22T05:40:28.237+0000] {dag.py:3239} INFO - Sync 1 DAGs
[2026-07-22T05:40:28.253+0000] {logging_mixin.py:190} INFO - [2026-07-22T05:40:28.252+0000] {dag.py:4180} INFO - Setting next_dagrun for my_dag to None, run_after=None
[2026-07-22T05:40:28.267+0000] {processor.py:208} INFO - Processing /opt/airflow/dags/my_tasks.py took 0.060 seconds
[2026-07-22T05:40:58.467+0000] {processor.py:186} INFO - Started process (PID=804) to work on /opt/airflow/dags/my_tasks.py
[2026-07-22T05:40:58.475+0000] {processor.py:914} INFO - Processing file /opt/airflow/dags/my_tasks.py for tasks to queue
[2026-07-22T05:40:58.477+0000] {logging_mixin.py:190} INFO - [2026-07-22T05:40:58.476+0000] {dagbag.py:588} INFO - Filling up the DagBag from /opt/airflow/dags/my_tasks.py
[2026-07-22T05:40:58.486+0000] {processor.py:925} INFO - DAG(s) 'my_dag' retrieved from /opt/airflow/dags/my_tasks.py
[2026-07-22T05:40:58.504+0000] {logging_mixin.py:190} INFO - [2026-07-22T05:40:58.504+0000] {dag.py:3239} INFO - Sync 1 DAGs
[2026-07-22T05:40:58.520+0000] {logging_mixin.py:190} INFO - [2026-07-22T05:40:58.520+0000] {dag.py:4180} INFO - Setting next_dagrun for my_dag to None, run_after=None
[2026-07-22T05:40:58.534+0000] {processor.py:208} INFO - Processing /opt/airflow/dags/my_tasks.py took 0.071 seconds
[2026-07-22T05:41:28.729+0000] {processor.py:186} INFO - Started process (PID=815) to work on /opt/airflow/dags/my_tasks.py
[2026-07-22T05:41:28.729+0000] {processor.py:914} INFO - Processing file /opt/airflow/dags/my_tasks.py for tasks to queue
[2026-07-22T05:41:28.731+0000] {logging_mixin.py:190} INFO - [2026-07-22T05:41:28.731+0000] {dagbag.py:588} INFO - Filling up the DagBag from /opt/airflow/dags/my_tasks.py
[2026-07-22T05:41:28.740+0000] {processor.py:925} INFO - DAG(s) 'my_dag' retrieved from /opt/airflow/dags/my_tasks.py
[2026-07-22T05:41:28.758+0000] {logging_mixin.py:190} INFO - [2026-07-22T05:41:28.758+0000] {dag.py:3239} INFO - Sync 1 DAGs
[2026-07-22T05:41:28.775+0000] {logging_mixin.py:190} INFO - [2026-07-22T05:41:28.774+0000] {dag.py:4180} INFO - Setting next_dagrun for my_dag to None, run_after=None
[2026-07-22T05:41:28.798+0000] {processor.py:208} INFO - Processing /opt/airflow/dags/my_tasks.py took 0.073 seconds
[2026-07-22T05:41:59.020+0000] {processor.py:186} INFO - Started process (PID=826) to work on /opt/airflow/dags/my_tasks.py
[2026-07-22T05:41:59.028+0000] {processor.py:914} INFO - Processing file /opt/airflow/dags/my_tasks.py for tasks to queue
[2026-07-22T05:41:59.030+0000] {logging_mixin.py:190} INFO - [2026-07-22T05:41:59.030+0000] {dagbag.py:588} INFO - Filling up the DagBag from /opt/airflow/dags/my_tasks.py
[2026-07-22T05:41:59.041+0000] {processor.py:925} INFO - DAG(s) 'my_dag' retrieved from /opt/airflow/dags/my_tasks.py
[2026-07-22T05:41:59.058+0000] {logging_mixin.py:190} INFO - [2026-07-22T05:41:59.058+0000] {dag.py:3239} INFO - Sync 1 DAGs
[2026-07-22T05:41:59.074+0000] {logging_mixin.py:190} INFO - [2026-07-22T05:41:59.074+0000] {dag.py:4180} INFO - Setting next_dagrun for my_dag to None, run_after=None
[2026-07-22T05:41:59.088+0000] {processor.py:208} INFO - Processing /opt/airflow/dags/my_tasks.py took 0.072 seconds
[2026-07-22T05:42:29.310+0000] {processor.py:186} INFO - Started process (PID=837) to work on /opt/airflow/dags/my_tasks.py
[2026-07-22T05:42:29.310+0000] {processor.py:914} INFO - Processing file /opt/airflow/dags/my_tasks.py for tasks to queue
[2026-07-22T05:42:29.312+0000] {logging_mixin.py:190} INFO - [2026-07-22T05:42:29.311+0000] {dagbag.py:588} INFO - Filling up the DagBag from /opt/airflow/dags/my_tasks.py
[2026-07-22T05:42:29.319+0000] {processor.py:925} INFO - DAG(s) 'my_dag' retrieved from /opt/airflow/dags/my_tasks.py
[2026-07-22T05:42:29.336+0000] {logging_mixin.py:190} INFO - [2026-07-22T05:42:29.336+0000] {dag.py:3239} INFO - Sync 1 DAGs
[2026-07-22T05:42:29.352+0000] {logging_mixin.py:190} INFO - [2026-07-22T05:42:29.352+0000] {dag.py:4180} INFO - Setting next_dagrun for my_dag to None, run_after=None
[2026-07-22T05:42:29.366+0000] {processor.py:208} INFO - Processing /opt/airflow/dags/my_tasks.py took 0.060 seconds
[2026-07-22T05:42:59.591+0000] {processor.py:186} INFO - Started process (PID=848) to work on /opt/airflow/dags/my_tasks.py
[2026-07-22T05:42:59.599+0000] {processor.py:914} INFO - Processing file /opt/airflow/dags/my_tasks.py for tasks to queue
[2026-07-22T05:42:59.601+0000] {logging_mixin.py:190} INFO - [2026-07-22T05:42:59.601+0000] {dagbag.py:588} INFO - Filling up the DagBag from /opt/airflow/dags/my_tasks.py
[2026-07-22T05:42:59.612+0000] {processor.py:925} INFO - DAG(s) 'my_dag' retrieved from /opt/airflow/dags/my_tasks.py
[2026-07-22T05:42:59.629+0000] {logging_mixin.py:190} INFO - [2026-07-22T05:42:59.629+0000] {dag.py:3239} INFO - Sync 1 DAGs
[2026-07-22T05:42:59.644+0000] {logging_mixin.py:190} INFO - [2026-07-22T05:42:59.644+0000] {dag.py:4180} INFO - Setting next_dagrun for my_dag to None, run_after=None
[2026-07-22T05:42:59.658+0000] {processor.py:208} INFO - Processing /opt/airflow/dags/my_tasks.py took 0.070 seconds
[2026-07-22T05:43:29.860+0000] {processor.py:186} INFO - Started process (PID=859) to work on /opt/airflow/dags/my_tasks.py
[2026-07-22T05:43:29.861+0000] {processor.py:914} INFO - Processing file /opt/airflow/dags/my_tasks.py for tasks to queue
[2026-07-22T05:43:29.862+0000] {logging_mixin.py:190} INFO - [2026-07-22T05:43:29.862+0000] {dagbag.py:588} INFO - Filling up the DagBag from /opt/airflow/dags/my_tasks.py
[2026-07-22T05:43:29.869+0000] {processor.py:925} INFO - DAG(s) 'my_dag' retrieved from /opt/airflow/dags/my_tasks.py
[2026-07-22T05:43:29.886+0000] {logging_mixin.py:190} INFO - [2026-07-22T05:43:29.886+0000] {dag.py:3239} INFO - Sync 1 DAGs
[2026-07-22T05:43:29.901+0000] {logging_mixin.py:190} INFO - [2026-07-22T05:43:29.901+0000] {dag.py:4180} INFO - Setting next_dagrun for my_dag to None, run_after=None
[2026-07-22T05:43:29.915+0000] {processor.py:208} INFO - Processing /opt/airflow/dags/my_tasks.py took 0.059 seconds
[2026-07-22T05:44:00.139+0000] {processor.py:186} INFO - Started process (PID=870) to work on /opt/airflow/dags/my_tasks.py
[2026-07-22T05:44:00.147+0000] {processor.py:914} INFO - Processing file /opt/airflow/dags/my_tasks.py for tasks to queue
[2026-07-22T05:44:00.148+0000] {logging_mixin.py:190} INFO - [2026-07-22T05:44:00.148+0000] {dagbag.py:588} INFO - Filling up the DagBag from /opt/airflow/dags/my_tasks.py
[2026-07-22T05:44:00.158+0000] {processor.py:925} INFO - DAG(s) 'my_dag' retrieved from /opt/airflow/dags/my_tasks.py
[2026-07-22T05:44:00.175+0000] {logging_mixin.py:190} INFO - [2026-07-22T05:44:00.175+0000] {dag.py:3239} INFO - Sync 1 DAGs
[2026-07-22T05:44:00.191+0000] {logging_mixin.py:190} INFO - [2026-07-22T05:44:00.191+0000] {dag.py:4180} INFO - Setting next_dagrun for my_dag to None, run_after=None
[2026-07-22T05:44:00.206+0000] {processor.py:208} INFO - Processing /opt/airflow/dags/my_tasks.py took 0.071 seconds
[2026-07-22T05:44:30.451+0000] {processor.py:186} INFO - Started process (PID=881) to work on /opt/airflow/dags/my_tasks.py
[2026-07-22T05:44:30.452+0000] {processor.py:914} INFO - Processing file /opt/airflow/dags/my_tasks.py for tasks to queue
[2026-07-22T05:44:30.453+0000] {logging_mixin.py:190} INFO - [2026-07-22T05:44:30.453+0000] {dagbag.py:588} INFO - Filling up the DagBag from /opt/airflow/dags/my_tasks.py
[2026-07-22T05:44:30.460+0000] {processor.py:925} INFO - DAG(s) 'my_dag' retrieved from /opt/airflow/dags/my_tasks.py
[2026-07-22T05:44:30.477+0000] {logging_mixin.py:190} INFO - [2026-07-22T05:44:30.477+0000] {dag.py:3239} INFO - Sync 1 DAGs
[2026-07-22T05:44:30.492+0000] {logging_mixin.py:190} INFO - [2026-07-22T05:44:30.492+0000] {dag.py:4180} INFO - Setting next_dagrun for my_dag to None, run_after=None
[2026-07-22T05:44:30.506+0000] {processor.py:208} INFO - Processing /opt/airflow/dags/my_tasks.py took 0.059 seconds
[2026-07-22T05:45:00.712+0000] {processor.py:186} INFO - Started process (PID=892) to work on /opt/airflow/dags/my_tasks.py
[2026-07-22T05:45:00.720+0000] {processor.py:914} INFO - Processing file /opt/airflow/dags/my_tasks.py for tasks to queue
[2026-07-22T05:45:00.723+0000] {logging_mixin.py:190} INFO - [2026-07-22T05:45:00.722+0000] {dagbag.py:588} INFO - Filling up the DagBag from /opt/airflow/dags/my_tasks.py
[2026-07-22T05:45:00.732+0000] {processor.py:925} INFO - DAG(s) 'my_dag' retrieved from /opt/airflow/dags/my_tasks.py
[2026-07-22T05:45:00.750+0000] {logging_mixin.py:190} INFO - [2026-07-22T05:45:00.749+0000] {dag.py:3239} INFO - Sync 1 DAGs
[2026-07-22T05:45:00.764+0000] {logging_mixin.py:190} INFO - [2026-07-22T05:45:00.764+0000] {dag.py:4180} INFO - Setting next_dagrun for my_dag to None, run_after=None
[2026-07-22T05:45:00.778+0000] {processor.py:208} INFO - Processing /opt/airflow/dags/my_tasks.py took 0.070 seconds
[2026-07-22T05:45:31.001+0000] {processor.py:186} INFO - Started process (PID=903) to work on /opt/airflow/dags/my_tasks.py
[2026-07-22T05:45:31.001+0000] {processor.py:914} INFO - Processing file /opt/airflow/dags/my_tasks.py for tasks to queue
[2026-07-22T05:45:31.002+0000] {logging_mixin.py:190} INFO - [2026-07-22T05:45:31.002+0000] {dagbag.py:588} INFO - Filling up the DagBag from /opt/airflow/dags/my_tasks.py
[2026-07-22T05:45:31.009+0000] {processor.py:925} INFO - DAG(s) 'my_dag' retrieved from /opt/airflow/dags/my_tasks.py
[2026-07-22T05:45:31.027+0000] {logging_mixin.py:190} INFO - [2026-07-22T05:45:31.027+0000] {dag.py:3239} INFO - Sync 1 DAGs
[2026-07-22T05:45:31.043+0000] {logging_mixin.py:190} INFO - [2026-07-22T05:45:31.043+0000] {dag.py:4180} INFO - Setting next_dagrun for my_dag to None, run_after=None
[2026-07-22T05:45:31.057+0000] {processor.py:208} INFO - Processing /opt/airflow/dags/my_tasks.py took 0.061 seconds
[2026-07-22T05:46:01.237+0000] {processor.py:186} INFO - Started process (PID=914) to work on /opt/airflow/dags/my_tasks.py
[2026-07-22T05:46:01.237+0000] {processor.py:914} INFO - Processing file /opt/airflow/dags/my_tasks.py for tasks to queue
[2026-07-22T05:46:01.238+0000] {logging_mixin.py:190} INFO - [2026-07-22T05:46:01.238+0000] {dagbag.py:588} INFO - Filling up the DagBag from /opt/airflow/dags/my_tasks.py
[2026-07-22T05:46:01.245+0000] {processor.py:925} INFO - DAG(s) 'my_dag' retrieved from /opt/airflow/dags/my_tasks.py
[2026-07-22T05:46:01.263+0000] {logging_mixin.py:190} INFO - [2026-07-22T05:46:01.263+0000] {dag.py:3239} INFO - Sync 1 DAGs
[2026-07-22T05:46:01.278+0000] {logging_mixin.py:190} INFO - [2026-07-22T05:46:01.278+0000] {dag.py:4180} INFO - Setting next_dagrun for my_dag to None, run_after=None
[2026-07-22T05:46:01.292+0000] {processor.py:208} INFO - Processing /opt/airflow/dags/my_tasks.py took 0.059 seconds
[2026-07-22T05:46:31.511+0000] {processor.py:186} INFO - Started process (PID=925) to work on /opt/airflow/dags/my_tasks.py
[2026-07-22T05:46:31.512+0000] {processor.py:914} INFO - Processing file /opt/airflow/dags/my_tasks.py for tasks to queue
[2026-07-22T05:46:31.513+0000] {logging_mixin.py:190} INFO - [2026-07-22T05:46:31.513+0000] {dagbag.py:588} INFO - Filling up the DagBag from /opt/airflow/dags/my_tasks.py
[2026-07-22T05:46:31.520+0000] {processor.py:925} INFO - DAG(s) 'my_dag' retrieved from /opt/airflow/dags/my_tasks.py
[2026-07-22T05:46:31.537+0000] {logging_mixin.py:190} INFO - [2026-07-22T05:46:31.537+0000] {dag.py:3239} INFO - Sync 1 DAGs
[2026-07-22T05:46:31.552+0000] {logging_mixin.py:190} INFO - [2026-07-22T05:46:31.552+0000] {dag.py:4180} INFO - Setting next_dagrun for my_dag to None, run_after=None
[2026-07-22T05:46:31.566+0000] {processor.py:208} INFO - Processing /opt/airflow/dags/my_tasks.py took 0.059 seconds
[2026-07-22T05:47:01.782+0000] {processor.py:186} INFO - Started process (PID=936) to work on /opt/airflow/dags/my_tasks.py
[2026-07-22T05:47:01.790+0000] {processor.py:914} INFO - Processing file /opt/airflow/dags/my_tasks.py for tasks to queue
[2026-07-22T05:47:01.792+0000] {logging_mixin.py:190} INFO - [2026-07-22T05:47:01.791+0000] {dagbag.py:588} INFO - Filling up the DagBag from /opt/airflow/dags/my_tasks.py
[2026-07-22T05:47:01.800+0000] {processor.py:925} INFO - DAG(s) 'my_dag' retrieved from /opt/airflow/dags/my_tasks.py
[2026-07-22T05:47:01.817+0000] {logging_mixin.py:190} INFO - [2026-07-22T05:47:01.817+0000] {dag.py:3239} INFO - Sync 1 DAGs
[2026-07-22T05:47:01.832+0000] {logging_mixin.py:190} INFO - [2026-07-22T05:47:01.832+0000] {dag.py:4180} INFO - Setting next_dagrun for my_dag to None, run_after=None
[2026-07-22T05:47:01.847+0000] {processor.py:208} INFO - Processing /opt/airflow/dags/my_tasks.py took 0.069 seconds
[2026-07-22T05:47:32.061+0000] {processor.py:186} INFO - Started process (PID=947) to work on /opt/airflow/dags/my_tasks.py
[2026-07-22T05:47:32.061+0000] {processor.py:914} INFO - Processing file /opt/airflow/dags/my_tasks.py for tasks to queue
[2026-07-22T05:47:32.063+0000] {logging_mixin.py:190} INFO - [2026-07-22T05:47:32.063+0000] {dagbag.py:588} INFO - Filling up the DagBag from /opt/airflow/dags/my_tasks.py
[2026-07-22T05:47:32.070+0000] {processor.py:925} INFO - DAG(s) 'my_dag' retrieved from /opt/airflow/dags/my_tasks.py
[2026-07-22T05:47:32.086+0000] {logging_mixin.py:190} INFO - [2026-07-22T05:47:32.086+0000] {dag.py:3239} INFO - Sync 1 DAGs
[2026-07-22T05:47:32.102+0000] {logging_mixin.py:190} INFO - [2026-07-22T05:47:32.101+0000] {dag.py:4180} INFO - Setting next_dagrun for my_dag to None, run_after=None
[2026-07-22T05:47:32.115+0000] {processor.py:208} INFO - Processing /opt/airflow/dags/my_tasks.py took 0.058 seconds
[2026-07-22T05:48:02.344+0000] {processor.py:186} INFO - Started process (PID=958) to work on /opt/airflow/dags/my_tasks.py
[2026-07-22T05:48:02.352+0000] {processor.py:914} INFO - Processing file /opt/airflow/dags/my_tasks.py for tasks to queue
[2026-07-22T05:48:02.354+0000] {logging_mixin.py:190} INFO - [2026-07-22T05:48:02.354+0000] {dagbag.py:588} INFO - Filling up the DagBag from /opt/airflow/dags/my_tasks.py
[2026-07-22T05:48:02.362+0000] {processor.py:925} INFO - DAG(s) 'my_dag' retrieved from /opt/airflow/dags/my_tasks.py
[2026-07-22T05:48:02.379+0000] {logging_mixin.py:190} INFO - [2026-07-22T05:48:02.379+0000] {dag.py:3239} INFO - Sync 1 DAGs
[2026-07-22T05:48:02.395+0000] {logging_mixin.py:190} INFO - [2026-07-22T05:48:02.395+0000] {dag.py:4180} INFO - Setting next_dagrun for my_dag to None, run_after=None
[2026-07-22T05:48:02.409+0000] {processor.py:208} INFO - Processing /opt/airflow/dags/my_tasks.py took 0.069 seconds
[2026-07-22T05:48:32.633+0000] {processor.py:186} INFO - Started process (PID=969) to work on /opt/airflow/dags/my_tasks.py
[2026-07-22T05:48:32.641+0000] {processor.py:914} INFO - Processing file /opt/airflow/dags/my_tasks.py for tasks to queue
[2026-07-22T05:48:32.643+0000] {logging_mixin.py:190} INFO - [2026-07-22T05:48:32.643+0000] {dagbag.py:588} INFO - Filling up the DagBag from /opt/airflow/dags/my_tasks.py
[2026-07-22T05:48:32.654+0000] {processor.py:925} INFO - DAG(s) 'my_dag' retrieved from /opt/airflow/dags/my_tasks.py
[2026-07-22T05:48:32.672+0000] {logging_mixin.py:190} INFO - [2026-07-22T05:48:32.671+0000] {dag.py:3239} INFO - Sync 1 DAGs
[2026-07-22T05:48:32.687+0000] {logging_mixin.py:190} INFO - [2026-07-22T05:48:32.687+0000] {dag.py:4180} INFO - Setting next_dagrun for my_dag to None, run_after=None
[2026-07-22T05:48:32.701+0000] {processor.py:208} INFO - Processing /opt/airflow/dags/my_tasks.py took 0.071 seconds
[2026-07-22T05:49:02.917+0000] {processor.py:186} INFO - Started process (PID=980) to work on /opt/airflow/dags/my_tasks.py
[2026-07-22T05:49:02.917+0000] {processor.py:914} INFO - Processing file /opt/airflow/dags/my_tasks.py for tasks to queue
[2026-07-22T05:49:02.919+0000] {logging_mixin.py:190} INFO - [2026-07-22T05:49:02.919+0000] {dagbag.py:588} INFO - Filling up the DagBag from /opt/airflow/dags/my_tasks.py
[2026-07-22T05:49:02.926+0000] {processor.py:925} INFO - DAG(s) 'my_dag' retrieved from /opt/airflow/dags/my_tasks.py
[2026-07-22T05:49:02.943+0000] {logging_mixin.py:190} INFO - [2026-07-22T05:49:02.943+0000] {dag.py:3239} INFO - Sync 1 DAGs
[2026-07-22T05:49:02.958+0000] {logging_mixin.py:190} INFO - [2026-07-22T05:49:02.958+0000] {dag.py:4180} INFO - Setting next_dagrun for my_dag to None, run_after=None
[2026-07-22T05:49:02.972+0000] {processor.py:208} INFO - Processing /opt/airflow/dags/my_tasks.py took 0.060 seconds
[2026-07-22T05:49:33.169+0000] {processor.py:186} INFO - Started process (PID=991) to work on /opt/airflow/dags/my_tasks.py
[2026-07-22T05:49:33.177+0000] {processor.py:914} INFO - Processing file /opt/airflow/dags/my_tasks.py for tasks to queue
[2026-07-22T05:49:33.179+0000] {logging_mixin.py:190} INFO - [2026-07-22T05:49:33.178+0000] {dagbag.py:588} INFO - Filling up the DagBag from /opt/airflow/dags/my_tasks.py
[2026-07-22T05:49:33.189+0000] {processor.py:925} INFO - DAG(s) 'my_dag' retrieved from /opt/airflow/dags/my_tasks.py
[2026-07-22T05:49:33.209+0000] {logging_mixin.py:190} INFO - [2026-07-22T05:49:33.208+0000] {dag.py:3239} INFO - Sync 1 DAGs
[2026-07-22T05:49:33.225+0000] {logging_mixin.py:190} INFO - [2026-07-22T05:49:33.224+0000] {dag.py:4180} INFO - Setting next_dagrun for my_dag to None, run_after=None
[2026-07-22T05:49:33.240+0000] {processor.py:208} INFO - Processing /opt/airflow/dags/my_tasks.py took 0.075 seconds
[2026-07-22T05:50:03.457+0000] {processor.py:186} INFO - Started process (PID=1002) to work on /opt/airflow/dags/my_tasks.py
[2026-07-22T05:50:03.458+0000] {processor.py:914} INFO - Processing file /opt/airflow/dags/my_tasks.py for tasks to queue
[2026-07-22T05:50:03.459+0000] {logging_mixin.py:190} INFO - [2026-07-22T05:50:03.459+0000] {dagbag.py:588} INFO - Filling up the DagBag from /opt/airflow/dags/my_tasks.py
[2026-07-22T05:50:03.466+0000] {processor.py:925} INFO - DAG(s) 'my_dag' retrieved from /opt/airflow/dags/my_tasks.py
[2026-07-22T05:50:03.483+0000] {logging_mixin.py:190} INFO - [2026-07-22T05:50:03.483+0000] {dag.py:3239} INFO - Sync 1 DAGs
[2026-07-22T05:50:03.499+0000] {logging_mixin.py:190} INFO - [2026-07-22T05:50:03.498+0000] {dag.py:4180} INFO - Setting next_dagrun for my_dag to None, run_after=None
[2026-07-22T05:50:03.513+0000] {processor.py:208} INFO - Processing /opt/airflow/dags/my_tasks.py took 0.059 seconds
[2026-07-22T05:50:33.743+0000] {processor.py:186} INFO - Started process (PID=1013) to work on /opt/airflow/dags/my_tasks.py
[2026-07-22T05:50:33.751+0000] {processor.py:914} INFO - Processing file /opt/airflow/dags/my_tasks.py for tasks to queue
[2026-07-22T05:50:33.754+0000] {logging_mixin.py:190} INFO - [2026-07-22T05:50:33.753+0000] {dagbag.py:588} INFO - Filling up the DagBag from /opt/airflow/dags/my_tasks.py
[2026-07-22T05:50:33.761+0000] {processor.py:925} INFO - DAG(s) 'my_dag' retrieved from /opt/airflow/dags/my_tasks.py
[2026-07-22T05:50:33.778+0000] {logging_mixin.py:190} INFO - [2026-07-22T05:50:33.778+0000] {dag.py:3239} INFO - Sync 1 DAGs
[2026-07-22T05:50:33.794+0000] {logging_mixin.py:190} INFO - [2026-07-22T05:50:33.794+0000] {dag.py:4180} INFO - Setting next_dagrun for my_dag to None, run_after=None
[2026-07-22T05:50:33.808+0000] {processor.py:208} INFO - Processing /opt/airflow/dags/my_tasks.py took 0.071 seconds
[2026-07-22T05:51:04.020+0000] {processor.py:186} INFO - Started process (PID=1024) to work on /opt/airflow/dags/my_tasks.py
[2026-07-22T05:51:04.020+0000] {processor.py:914} INFO - Processing file /opt/airflow/dags/my_tasks.py for tasks to queue
[2026-07-22T05:51:04.022+0000] {logging_mixin.py:190} INFO - [2026-07-22T05:51:04.022+0000] {dagbag.py:588} INFO - Filling up the DagBag from /opt/airflow/dags/my_tasks.py
[2026-07-22T05:51:04.029+0000] {processor.py:925} INFO - DAG(s) 'my_dag' retrieved from /opt/airflow/dags/my_tasks.py
[2026-07-22T05:51:04.046+0000] {logging_mixin.py:190} INFO - [2026-07-22T05:51:04.045+0000] {dag.py:3239} INFO - Sync 1 DAGs
[2026-07-22T05:51:04.061+0000] {logging_mixin.py:190} INFO - [2026-07-22T05:51:04.060+0000] {dag.py:4180} INFO - Setting next_dagrun for my_dag to None, run_after=None
[2026-07-22T05:51:04.075+0000] {processor.py:208} INFO - Processing /opt/airflow/dags/my_tasks.py took 0.060 seconds
[2026-07-22T05:51:34.284+0000] {processor.py:186} INFO - Started process (PID=1035) to work on /opt/airflow/dags/my_tasks.py
[2026-07-22T05:51:34.285+0000] {processor.py:914} INFO - Processing file /opt/airflow/dags/my_tasks.py for tasks to queue
[2026-07-22T05:51:34.286+0000] {logging_mixin.py:190} INFO - [2026-07-22T05:51:34.286+0000] {dagbag.py:588} INFO - Filling up the DagBag from /opt/airflow/dags/my_tasks.py
[2026-07-22T05:51:34.293+0000] {processor.py:925} INFO - DAG(s) 'my_dag' retrieved from /opt/airflow/dags/my_tasks.py
[2026-07-22T05:51:34.310+0000] {logging_mixin.py:190} INFO - [2026-07-22T05:51:34.310+0000] {dag.py:3239} INFO - Sync 1 DAGs
[2026-07-22T05:51:34.325+0000] {logging_mixin.py:190} INFO - [2026-07-22T05:51:34.325+0000] {dag.py:4180} INFO - Setting next_dagrun for my_dag to None, run_after=None
[2026-07-22T05:51:34.339+0000] {processor.py:208} INFO - Processing /opt/airflow/dags/my_tasks.py took 0.059 seconds
[2026-07-22T05:52:04.556+0000] {processor.py:186} INFO - Started process (PID=1046) to work on /opt/airflow/dags/my_tasks.py
[2026-07-22T05:52:04.557+0000] {processor.py:914} INFO - Processing file /opt/airflow/dags/my_tasks.py for tasks to queue
[2026-07-22T05:52:04.558+0000] {logging_mixin.py:190} INFO - [2026-07-22T05:52:04.558+0000] {dagbag.py:588} INFO - Filling up the DagBag from /opt/airflow/dags/my_tasks.py
[2026-07-22T05:52:04.565+0000] {processor.py:925} INFO - DAG(s) 'my_dag' retrieved from /opt/airflow/dags/my_tasks.py
[2026-07-22T05:52:04.582+0000] {logging_mixin.py:190} INFO - [2026-07-22T05:52:04.582+0000] {dag.py:3239} INFO - Sync 1 DAGs
[2026-07-22T05:52:04.597+0000] {logging_mixin.py:190} INFO - [2026-07-22T05:52:04.597+0000] {dag.py:4180} INFO - Setting next_dagrun for my_dag to None, run_after=None
[2026-07-22T05:52:04.611+0000] {processor.py:208} INFO - Processing /opt/airflow/dags/my_tasks.py took 0.059 seconds
[2026-07-22T05:52:34.837+0000] {processor.py:186} INFO - Started process (PID=1057) to work on /opt/airflow/dags/my_tasks.py
[2026-07-22T05:52:34.845+0000] {processor.py:914} INFO - Processing file /opt/airflow/dags/my_tasks.py for tasks to queue
[2026-07-22T05:52:34.848+0000] {logging_mixin.py:190} INFO - [2026-07-22T05:52:34.847+0000] {dagbag.py:588} INFO - Filling up the DagBag from /opt/airflow/dags/my_tasks.py
[2026-07-22T05:52:34.858+0000] {processor.py:925} INFO - DAG(s) 'my_dag' retrieved from /opt/airflow/dags/my_tasks.py
[2026-07-22T05:52:34.875+0000] {logging_mixin.py:190} INFO - [2026-07-22T05:52:34.874+0000] {dag.py:3239} INFO - Sync 1 DAGs
[2026-07-22T05:52:34.890+0000] {logging_mixin.py:190} INFO - [2026-07-22T05:52:34.890+0000] {dag.py:4180} INFO - Setting next_dagrun for my_dag to None, run_after=None
[2026-07-22T05:52:34.902+0000] {processor.py:208} INFO - Processing /opt/airflow/dags/my_tasks.py took 0.070 seconds
[2026-07-22T05:53:05.123+0000] {processor.py:186} INFO - Started process (PID=1068) to work on /opt/airflow/dags/my_tasks.py
[2026-07-22T05:53:05.123+0000] {processor.py:914} INFO - Processing file /opt/airflow/dags/my_tasks.py for tasks to queue
[2026-07-22T05:53:05.125+0000] {logging_mixin.py:190} INFO - [2026-07-22T05:53:05.124+0000] {dagbag.py:588} INFO - Filling up the DagBag from /opt/airflow/dags/my_tasks.py
[2026-07-22T05:53:05.131+0000] {processor.py:925} INFO - DAG(s) 'my_dag' retrieved from /opt/airflow/dags/my_tasks.py
[2026-07-22T05:53:05.148+0000] {logging_mixin.py:190} INFO - [2026-07-22T05:53:05.148+0000] {dag.py:3239} INFO - Sync 1 DAGs
[2026-07-22T05:53:05.163+0000] {logging_mixin.py:190} INFO - [2026-07-22T05:53:05.162+0000] {dag.py:4180} INFO - Setting next_dagrun for my_dag to None, run_after=None
[2026-07-22T05:53:05.179+0000] {processor.py:208} INFO - Processing /opt/airflow/dags/my_tasks.py took 0.060 seconds
[2026-07-22T05:53:35.381+0000] {processor.py:186} INFO - Started process (PID=1079) to work on /opt/airflow/dags/my_tasks.py
[2026-07-22T05:53:35.389+0000] {processor.py:914} INFO - Processing file /opt/airflow/dags/my_tasks.py for tasks to queue
[2026-07-22T05:53:35.391+0000] {logging_mixin.py:190} INFO - [2026-07-22T05:53:35.390+0000] {dagbag.py:588} INFO - Filling up the DagBag from /opt/airflow/dags/my_tasks.py
[2026-07-22T05:53:35.402+0000] {processor.py:925} INFO - DAG(s) 'my_dag' retrieved from /opt/airflow/dags/my_tasks.py
[2026-07-22T05:53:35.419+0000] {logging_mixin.py:190} INFO - [2026-07-22T05:53:35.419+0000] {dag.py:3239} INFO - Sync 1 DAGs
[2026-07-22T05:53:35.435+0000] {logging_mixin.py:190} INFO - [2026-07-22T05:53:35.435+0000] {dag.py:4180} INFO - Setting next_dagrun for my_dag to None, run_after=None
[2026-07-22T05:53:35.452+0000] {processor.py:208} INFO - Processing /opt/airflow/dags/my_tasks.py took 0.075 seconds
[2026-07-22T05:54:05.669+0000] {processor.py:186} INFO - Started process (PID=1090) to work on /opt/airflow/dags/my_tasks.py
[2026-07-22T05:54:05.670+0000] {processor.py:914} INFO - Processing file /opt/airflow/dags/my_tasks.py for tasks to queue
[2026-07-22T05:54:05.672+0000] {logging_mixin.py:190} INFO - [2026-07-22T05:54:05.672+0000] {dagbag.py:588} INFO - Filling up the DagBag from /opt/airflow/dags/my_tasks.py
[2026-07-22T05:54:05.680+0000] {processor.py:925} INFO - DAG(s) 'my_dag' retrieved from /opt/airflow/dags/my_tasks.py
[2026-07-22T05:54:05.698+0000] {logging_mixin.py:190} INFO - [2026-07-22T05:54:05.698+0000] {dag.py:3239} INFO - Sync 1 DAGs
[2026-07-22T05:54:05.713+0000] {logging_mixin.py:190} INFO - [2026-07-22T05:54:05.713+0000] {dag.py:4180} INFO - Setting next_dagrun for my_dag to None, run_after=None
[2026-07-22T05:54:05.726+0000] {processor.py:208} INFO - Processing /opt/airflow/dags/my_tasks.py took 0.063 seconds
[2026-07-22T05:54:35.934+0000] {processor.py:186} INFO - Started process (PID=1101) to work on /opt/airflow/dags/my_tasks.py
[2026-07-22T05:54:35.942+0000] {processor.py:914} INFO - Processing file /opt/airflow/dags/my_tasks.py for tasks to queue
[2026-07-22T05:54:35.945+0000] {logging_mixin.py:190} INFO - [2026-07-22T05:54:35.944+0000] {dagbag.py:588} INFO - Filling up the DagBag from /opt/airflow/dags/my_tasks.py
[2026-07-22T05:54:35.954+0000] {processor.py:925} INFO - DAG(s) 'my_dag' retrieved from /opt/airflow/dags/my_tasks.py
[2026-07-22T05:54:35.971+0000] {logging_mixin.py:190} INFO - [2026-07-22T05:54:35.971+0000] {dag.py:3239} INFO - Sync 1 DAGs
[2026-07-22T05:54:35.986+0000] {logging_mixin.py:190} INFO - [2026-07-22T05:54:35.986+0000] {dag.py:4180} INFO - Setting next_dagrun for my_dag to None, run_after=None
[2026-07-22T05:54:36.000+0000] {processor.py:208} INFO - Processing /opt/airflow/dags/my_tasks.py took 0.070 seconds
[2026-07-22T05:55:06.211+0000] {processor.py:186} INFO - Started process (PID=1111) to work on /opt/airflow/dags/my_tasks.py
[2026-07-22T05:55:06.211+0000] {processor.py:914} INFO - Processing file /opt/airflow/dags/my_tasks.py for tasks to queue
[2026-07-22T05:55:06.212+0000] {logging_mixin.py:190} INFO - [2026-07-22T05:55:06.212+0000] {dagbag.py:588} INFO - Filling up the DagBag from /opt/airflow/dags/my_tasks.py
[2026-07-22T05:55:06.219+0000] {processor.py:925} INFO - DAG(s) 'my_dag' retrieved from /opt/airflow/dags/my_tasks.py
[2026-07-22T05:55:06.236+0000] {logging_mixin.py:190} INFO - [2026-07-22T05:55:06.235+0000] {dag.py:3239} INFO - Sync 1 DAGs
[2026-07-22T05:55:06.250+0000] {logging_mixin.py:190} INFO - [2026-07-22T05:55:06.250+0000] {dag.py:4180} INFO - Setting next_dagrun for my_dag to None, run_after=None
[2026-07-22T05:55:06.265+0000] {processor.py:208} INFO - Processing /opt/airflow/dags/my_tasks.py took 0.058 seconds
[2026-07-22T05:55:36.511+0000] {processor.py:186} INFO - Started process (PID=1122) to work on /opt/airflow/dags/my_tasks.py
[2026-07-22T05:55:36.515+0000] {processor.py:914} INFO - Processing file /opt/airflow/dags/my_tasks.py for tasks to queue
[2026-07-22T05:55:36.516+0000] {logging_mixin.py:190} INFO - [2026-07-22T05:55:36.516+0000] {dagbag.py:588} INFO - Filling up the DagBag from /opt/airflow/dags/my_tasks.py
[2026-07-22T05:55:36.524+0000] {processor.py:925} INFO - DAG(s) 'my_dag' retrieved from /opt/airflow/dags/my_tasks.py
[2026-07-22T05:55:36.542+0000] {logging_mixin.py:190} INFO - [2026-07-22T05:55:36.542+0000] {dag.py:3239} INFO - Sync 1 DAGs
[2026-07-22T05:55:36.557+0000] {logging_mixin.py:190} INFO - [2026-07-22T05:55:36.557+0000] {dag.py:4180} INFO - Setting next_dagrun for my_dag to None, run_after=None
[2026-07-22T05:55:36.571+0000] {processor.py:208} INFO - Processing /opt/airflow/dags/my_tasks.py took 0.064 seconds
[2026-07-22T05:56:06.789+0000] {processor.py:186} INFO - Started process (PID=1133) to work on /opt/airflow/dags/my_tasks.py
[2026-07-22T05:56:06.789+0000] {processor.py:914} INFO - Processing file /opt/airflow/dags/my_tasks.py for tasks to queue
[2026-07-22T05:56:06.791+0000] {logging_mixin.py:190} INFO - [2026-07-22T05:56:06.791+0000] {dagbag.py:588} INFO - Filling up the DagBag from /opt/airflow/dags/my_tasks.py
[2026-07-22T05:56:06.797+0000] {processor.py:925} INFO - DAG(s) 'my_dag' retrieved from /opt/airflow/dags/my_tasks.py
[2026-07-22T05:56:06.814+0000] {logging_mixin.py:190} INFO - [2026-07-22T05:56:06.814+0000] {dag.py:3239} INFO - Sync 1 DAGs
[2026-07-22T05:56:06.829+0000] {logging_mixin.py:190} INFO - [2026-07-22T05:56:06.829+0000] {dag.py:4180} INFO - Setting next_dagrun for my_dag to None, run_after=None
[2026-07-22T05:56:06.844+0000] {processor.py:208} INFO - Processing /opt/airflow/dags/my_tasks.py took 0.059 seconds
[2026-07-22T05:56:37.058+0000] {processor.py:186} INFO - Started process (PID=1144) to work on /opt/airflow/dags/my_tasks.py
[2026-07-22T05:56:37.059+0000] {processor.py:914} INFO - Processing file /opt/airflow/dags/my_tasks.py for tasks to queue
[2026-07-22T05:56:37.060+0000] {logging_mixin.py:190} INFO - [2026-07-22T05:56:37.060+0000] {dagbag.py:588} INFO - Filling up the DagBag from /opt/airflow/dags/my_tasks.py
[2026-07-22T05:56:37.067+0000] {processor.py:925} INFO - DAG(s) 'my_dag' retrieved from /opt/airflow/dags/my_tasks.py
[2026-07-22T05:56:37.084+0000] {logging_mixin.py:190} INFO - [2026-07-22T05:56:37.084+0000] {dag.py:3239} INFO - Sync 1 DAGs
[2026-07-22T05:56:37.100+0000] {logging_mixin.py:190} INFO - [2026-07-22T05:56:37.099+0000] {dag.py:4180} INFO - Setting next_dagrun for my_dag to None, run_after=None
[2026-07-22T05:56:37.113+0000] {processor.py:208} INFO - Processing /opt/airflow/dags/my_tasks.py took 0.059 seconds
[2026-07-22T05:57:07.320+0000] {processor.py:186} INFO - Started process (PID=1155) to work on /opt/airflow/dags/my_tasks.py
[2026-07-22T05:57:07.321+0000] {processor.py:914} INFO - Processing file /opt/airflow/dags/my_tasks.py for tasks to queue
[2026-07-22T05:57:07.322+0000] {logging_mixin.py:190} INFO - [2026-07-22T05:57:07.322+0000] {dagbag.py:588} INFO - Filling up the DagBag from /opt/airflow/dags/my_tasks.py
[2026-07-22T05:57:07.329+0000] {processor.py:925} INFO - DAG(s) 'my_dag' retrieved from /opt/airflow/dags/my_tasks.py
[2026-07-22T05:57:07.347+0000] {logging_mixin.py:190} INFO - [2026-07-22T05:57:07.347+0000] {dag.py:3239} INFO - Sync 1 DAGs
[2026-07-22T05:57:07.363+0000] {logging_mixin.py:190} INFO - [2026-07-22T05:57:07.363+0000] {dag.py:4180} INFO - Setting next_dagrun for my_dag to None, run_after=None
[2026-07-22T05:57:07.377+0000] {processor.py:208} INFO - Processing /opt/airflow/dags/my_tasks.py took 0.060 seconds
[2026-07-22T05:57:37.590+0000] {processor.py:186} INFO - Started process (PID=1166) to work on /opt/airflow/dags/my_tasks.py
[2026-07-22T05:57:37.593+0000] {processor.py:914} INFO - Processing file /opt/airflow/dags/my_tasks.py for tasks to queue
[2026-07-22T05:57:37.594+0000] {logging_mixin.py:190} INFO - [2026-07-22T05:57:37.594+0000] {dagbag.py:588} INFO - Filling up the DagBag from /opt/airflow/dags/my_tasks.py
[2026-07-22T05:57:37.601+0000] {processor.py:925} INFO - DAG(s) 'my_dag' retrieved from /opt/airflow/dags/my_tasks.py
[2026-07-22T05:57:37.620+0000] {logging_mixin.py:190} INFO - [2026-07-22T05:57:37.620+0000] {dag.py:3239} INFO - Sync 1 DAGs
[2026-07-22T05:57:37.637+0000] {logging_mixin.py:190} INFO - [2026-07-22T05:57:37.636+0000] {dag.py:4180} INFO - Setting next_dagrun for my_dag to None, run_after=None
[2026-07-22T05:57:37.651+0000] {processor.py:208} INFO - Processing /opt/airflow/dags/my_tasks.py took 0.066 seconds
[2026-07-22T05:58:07.873+0000] {processor.py:186} INFO - Started process (PID=1177) to work on /opt/airflow/dags/my_tasks.py
[2026-07-22T05:58:07.873+0000] {processor.py:914} INFO - Processing file /opt/airflow/dags/my_tasks.py for tasks to queue
[2026-07-22T05:58:07.875+0000] {logging_mixin.py:190} INFO - [2026-07-22T05:58:07.875+0000] {dagbag.py:588} INFO - Filling up the DagBag from /opt/airflow/dags/my_tasks.py
[2026-07-22T05:58:07.881+0000] {processor.py:925} INFO - DAG(s) 'my_dag' retrieved from /opt/airflow/dags/my_tasks.py
[2026-07-22T05:58:07.898+0000] {logging_mixin.py:190} INFO - [2026-07-22T05:58:07.898+0000] {dag.py:3239} INFO - Sync 1 DAGs
[2026-07-22T05:58:07.913+0000] {logging_mixin.py:190} INFO - [2026-07-22T05:58:07.913+0000] {dag.py:4180} INFO - Setting next_dagrun for my_dag to None, run_after=None
[2026-07-22T05:58:07.928+0000] {processor.py:208} INFO - Processing /opt/airflow/dags/my_tasks.py took 0.059 seconds
[2026-07-22T05:58:38.156+0000] {processor.py:186} INFO - Started process (PID=1188) to work on /opt/airflow/dags/my_tasks.py
[2026-07-22T05:58:38.156+0000] {processor.py:914} INFO - Processing file /opt/airflow/dags/my_tasks.py for tasks to queue
[2026-07-22T05:58:38.158+0000] {logging_mixin.py:190} INFO - [2026-07-22T05:58:38.158+0000] {dagbag.py:588} INFO - Filling up the DagBag from /opt/airflow/dags/my_tasks.py
[2026-07-22T05:58:38.165+0000] {processor.py:925} INFO - DAG(s) 'my_dag' retrieved from /opt/airflow/dags/my_tasks.py
[2026-07-22T05:58:38.182+0000] {logging_mixin.py:190} INFO - [2026-07-22T05:58:38.181+0000] {dag.py:3239} INFO - Sync 1 DAGs
[2026-07-22T05:58:38.196+0000] {logging_mixin.py:190} INFO - [2026-07-22T05:58:38.196+0000] {dag.py:4180} INFO - Setting next_dagrun for my_dag to None, run_after=None
[2026-07-22T05:58:38.210+0000] {processor.py:208} INFO - Processing /opt/airflow/dags/my_tasks.py took 0.058 seconds
[2026-07-22T05:59:08.411+0000] {processor.py:186} INFO - Started process (PID=1199) to work on /opt/airflow/dags/my_tasks.py
[2026-07-22T05:59:08.411+0000] {processor.py:914} INFO - Processing file /opt/airflow/dags/my_tasks.py for tasks to queue
[2026-07-22T05:59:08.413+0000] {logging_mixin.py:190} INFO - [2026-07-22T05:59:08.412+0000] {dagbag.py:588} INFO - Filling up the DagBag from /opt/airflow/dags/my_tasks.py
[2026-07-22T05:59:08.420+0000] {processor.py:925} INFO - DAG(s) 'my_dag' retrieved from /opt/airflow/dags/my_tasks.py
[2026-07-22T05:59:08.437+0000] {logging_mixin.py:190} INFO - [2026-07-22T05:59:08.437+0000] {dag.py:3239} INFO - Sync 1 DAGs
[2026-07-22T05:59:08.453+0000] {logging_mixin.py:190} INFO - [2026-07-22T05:59:08.453+0000] {dag.py:4180} INFO - Setting next_dagrun for my_dag to None, run_after=None
[2026-07-22T05:59:08.467+0000] {processor.py:208} INFO - Processing /opt/airflow/dags/my_tasks.py took 0.059 seconds
[2026-07-22T05:59:38.673+0000] {processor.py:186} INFO - Started process (PID=1210) to work on /opt/airflow/dags/my_tasks.py
[2026-07-22T05:59:38.673+0000] {processor.py:914} INFO - Processing file /opt/airflow/dags/my_tasks.py for tasks to queue
[2026-07-22T05:59:38.675+0000] {logging_mixin.py:190} INFO - [2026-07-22T05:59:38.674+0000] {dagbag.py:588} INFO - Filling up the DagBag from /opt/airflow/dags/my_tasks.py
[2026-07-22T05:59:38.682+0000] {processor.py:925} INFO - DAG(s) 'my_dag' retrieved from /opt/airflow/dags/my_tasks.py
[2026-07-22T05:59:38.700+0000] {logging_mixin.py:190} INFO - [2026-07-22T05:59:38.699+0000] {dag.py:3239} INFO - Sync 1 DAGs
[2026-07-22T05:59:38.715+0000] {logging_mixin.py:190} INFO - [2026-07-22T05:59:38.715+0000] {dag.py:4180} INFO - Setting next_dagrun for my_dag to None, run_after=None
[2026-07-22T05:59:38.730+0000] {processor.py:208} INFO - Processing /opt/airflow/dags/my_tasks.py took 0.061 seconds
[2026-07-22T06:00:08.941+0000] {processor.py:186} INFO - Started process (PID=1221) to work on /opt/airflow/dags/my_tasks.py
[2026-07-22T06:00:08.941+0000] {processor.py:914} INFO - Processing file /opt/airflow/dags/my_tasks.py for tasks to queue
[2026-07-22T06:00:08.943+0000] {logging_mixin.py:190} INFO - [2026-07-22T06:00:08.943+0000] {dagbag.py:588} INFO - Filling up the DagBag from /opt/airflow/dags/my_tasks.py
[2026-07-22T06:00:08.950+0000] {processor.py:925} INFO - DAG(s) 'my_dag' retrieved from /opt/airflow/dags/my_tasks.py
[2026-07-22T06:00:08.967+0000] {logging_mixin.py:190} INFO - [2026-07-22T06:00:08.967+0000] {dag.py:3239} INFO - Sync 1 DAGs
[2026-07-22T06:00:08.982+0000] {logging_mixin.py:190} INFO - [2026-07-22T06:00:08.982+0000] {dag.py:4180} INFO - Setting next_dagrun for my_dag to None, run_after=None
[2026-07-22T06:00:08.996+0000] {processor.py:208} INFO - Processing /opt/airflow/dags/my_tasks.py took 0.060 seconds
[2026-07-22T06:00:39.216+0000] {processor.py:186} INFO - Started process (PID=1232) to work on /opt/airflow/dags/my_tasks.py
[2026-07-22T06:00:39.217+0000] {processor.py:914} INFO - Processing file /opt/airflow/dags/my_tasks.py for tasks to queue
[2026-07-22T06:00:39.218+0000] {logging_mixin.py:190} INFO - [2026-07-22T06:00:39.218+0000] {dagbag.py:588} INFO - Filling up the DagBag from /opt/airflow/dags/my_tasks.py
[2026-07-22T06:00:39.225+0000] {processor.py:925} INFO - DAG(s) 'my_dag' retrieved from /opt/airflow/dags/my_tasks.py
[2026-07-22T06:00:39.242+0000] {logging_mixin.py:190} INFO - [2026-07-22T06:00:39.242+0000] {dag.py:3239} INFO - Sync 1 DAGs
[2026-07-22T06:00:39.257+0000] {logging_mixin.py:190} INFO - [2026-07-22T06:00:39.257+0000] {dag.py:4180} INFO - Setting next_dagrun for my_dag to None, run_after=None
[2026-07-22T06:00:39.273+0000] {processor.py:208} INFO - Processing /opt/airflow/dags/my_tasks.py took 0.060 seconds
[2026-07-22T06:01:09.465+0000] {processor.py:186} INFO - Started process (PID=1243) to work on /opt/airflow/dags/my_tasks.py
[2026-07-22T06:01:09.466+0000] {processor.py:914} INFO - Processing file /opt/airflow/dags/my_tasks.py for tasks to queue
[2026-07-22T06:01:09.467+0000] {logging_mixin.py:190} INFO - [2026-07-22T06:01:09.467+0000] {dagbag.py:588} INFO - Filling up the DagBag from /opt/airflow/dags/my_tasks.py
[2026-07-22T06:01:09.473+0000] {processor.py:925} INFO - DAG(s) 'my_dag' retrieved from /opt/airflow/dags/my_tasks.py
[2026-07-22T06:01:09.490+0000] {logging_mixin.py:190} INFO - [2026-07-22T06:01:09.490+0000] {dag.py:3239} INFO - Sync 1 DAGs
[2026-07-22T06:01:09.505+0000] {logging_mixin.py:190} INFO - [2026-07-22T06:01:09.505+0000] {dag.py:4180} INFO - Setting next_dagrun for my_dag to None, run_after=None
[2026-07-22T06:01:09.519+0000] {processor.py:208} INFO - Processing /opt/airflow/dags/my_tasks.py took 0.058 seconds
[2026-07-22T06:01:39.743+0000] {processor.py:186} INFO - Started process (PID=1254) to work on /opt/airflow/dags/my_tasks.py
[2026-07-22T06:01:39.743+0000] {processor.py:914} INFO - Processing file /opt/airflow/dags/my_tasks.py for tasks to queue
[2026-07-22T06:01:39.745+0000] {logging_mixin.py:190} INFO - [2026-07-22T06:01:39.745+0000] {dagbag.py:588} INFO - Filling up the DagBag from /opt/airflow/dags/my_tasks.py
[2026-07-22T06:01:39.752+0000] {processor.py:925} INFO - DAG(s) 'my_dag' retrieved from /opt/airflow/dags/my_tasks.py
[2026-07-22T06:01:39.769+0000] {logging_mixin.py:190} INFO - [2026-07-22T06:01:39.769+0000] {dag.py:3239} INFO - Sync 1 DAGs
[2026-07-22T06:01:39.785+0000] {logging_mixin.py:190} INFO - [2026-07-22T06:01:39.785+0000] {dag.py:4180} INFO - Setting next_dagrun for my_dag to None, run_after=None
[2026-07-22T06:01:39.799+0000] {processor.py:208} INFO - Processing /opt/airflow/dags/my_tasks.py took 0.060 seconds
[2026-07-22T06:02:10.020+0000] {processor.py:186} INFO - Started process (PID=1265) to work on /opt/airflow/dags/my_tasks.py
[2026-07-22T06:02:10.021+0000] {processor.py:914} INFO - Processing file /opt/airflow/dags/my_tasks.py for tasks to queue
[2026-07-22T06:02:10.022+0000] {logging_mixin.py:190} INFO - [2026-07-22T06:02:10.022+0000] {dagbag.py:588} INFO - Filling up the DagBag from /opt/airflow/dags/my_tasks.py
[2026-07-22T06:02:10.029+0000] {processor.py:925} INFO - DAG(s) 'my_dag' retrieved from /opt/airflow/dags/my_tasks.py
[2026-07-22T06:02:10.046+0000] {logging_mixin.py:190} INFO - [2026-07-22T06:02:10.045+0000] {dag.py:3239} INFO - Sync 1 DAGs
[2026-07-22T06:02:10.060+0000] {logging_mixin.py:190} INFO - [2026-07-22T06:02:10.060+0000] {dag.py:4180} INFO - Setting next_dagrun for my_dag to None, run_after=None
[2026-07-22T06:02:10.074+0000] {processor.py:208} INFO - Processing /opt/airflow/dags/my_tasks.py took 0.058 seconds
[2026-07-22T06:02:40.291+0000] {processor.py:186} INFO - Started process (PID=1276) to work on /opt/airflow/dags/my_tasks.py
[2026-07-22T06:02:40.292+0000] {processor.py:914} INFO - Processing file /opt/airflow/dags/my_tasks.py for tasks to queue
[2026-07-22T06:02:40.293+0000] {logging_mixin.py:190} INFO - [2026-07-22T06:02:40.293+0000] {dagbag.py:588} INFO - Filling up the DagBag from /opt/airflow/dags/my_tasks.py
[2026-07-22T06:02:40.301+0000] {processor.py:925} INFO - DAG(s) 'my_dag' retrieved from /opt/airflow/dags/my_tasks.py
[2026-07-22T06:02:40.317+0000] {logging_mixin.py:190} INFO - [2026-07-22T06:02:40.317+0000] {dag.py:3239} INFO - Sync 1 DAGs
[2026-07-22T06:02:40.333+0000] {logging_mixin.py:190} INFO - [2026-07-22T06:02:40.333+0000] {dag.py:4180} INFO - Setting next_dagrun for my_dag to None, run_after=None
[2026-07-22T06:02:40.347+0000] {processor.py:208} INFO - Processing /opt/airflow/dags/my_tasks.py took 0.059 seconds
[2026-07-22T06:03:10.547+0000] {processor.py:186} INFO - Started process (PID=1287) to work on /opt/airflow/dags/my_tasks.py
[2026-07-22T06:03:10.547+0000] {processor.py:914} INFO - Processing file /opt/airflow/dags/my_tasks.py for tasks to queue
[2026-07-22T06:03:10.549+0000] {logging_mixin.py:190} INFO - [2026-07-22T06:03:10.549+0000] {dagbag.py:588} INFO - Filling up the DagBag from /opt/airflow/dags/my_tasks.py
[2026-07-22T06:03:10.556+0000] {processor.py:925} INFO - DAG(s) 'my_dag' retrieved from /opt/airflow/dags/my_tasks.py
[2026-07-22T06:03:10.573+0000] {logging_mixin.py:190} INFO - [2026-07-22T06:03:10.573+0000] {dag.py:3239} INFO - Sync 1 DAGs
[2026-07-22T06:03:10.588+0000] {logging_mixin.py:190} INFO - [2026-07-22T06:03:10.588+0000] {dag.py:4180} INFO - Setting next_dagrun for my_dag to None, run_after=None
[2026-07-22T06:03:10.602+0000] {processor.py:208} INFO - Processing /opt/airflow/dags/my_tasks.py took 0.059 seconds
[2026-07-22T06:03:40.802+0000] {processor.py:186} INFO - Started process (PID=1298) to work on /opt/airflow/dags/my_tasks.py
[2026-07-22T06:03:40.803+0000] {processor.py:914} INFO - Processing file /opt/airflow/dags/my_tasks.py for tasks to queue
[2026-07-22T06:03:40.805+0000] {logging_mixin.py:190} INFO - [2026-07-22T06:03:40.804+0000] {dagbag.py:588} INFO - Filling up the DagBag from /opt/airflow/dags/my_tasks.py
[2026-07-22T06:03:40.812+0000] {processor.py:925} INFO - DAG(s) 'my_dag' retrieved from /opt/airflow/dags/my_tasks.py
[2026-07-22T06:03:40.830+0000] {logging_mixin.py:190} INFO - [2026-07-22T06:03:40.830+0000] {dag.py:3239} INFO - Sync 1 DAGs
[2026-07-22T06:03:40.845+0000] {logging_mixin.py:190} INFO - [2026-07-22T06:03:40.844+0000] {dag.py:4180} INFO - Setting next_dagrun for my_dag to None, run_after=None
[2026-07-22T06:03:40.859+0000] {processor.py:208} INFO - Processing /opt/airflow/dags/my_tasks.py took 0.061 seconds
[2026-07-22T06:04:11.050+0000] {processor.py:186} INFO - Started process (PID=1309) to work on /opt/airflow/dags/my_tasks.py
[2026-07-22T06:04:11.051+0000] {processor.py:914} INFO - Processing file /opt/airflow/dags/my_tasks.py for tasks to queue
[2026-07-22T06:04:11.053+0000] {logging_mixin.py:190} INFO - [2026-07-22T06:04:11.052+0000] {dagbag.py:588} INFO - Filling up the DagBag from /opt/airflow/dags/my_tasks.py
[2026-07-22T06:04:11.060+0000] {processor.py:925} INFO - DAG(s) 'my_dag' retrieved from /opt/airflow/dags/my_tasks.py
[2026-07-22T06:04:11.077+0000] {logging_mixin.py:190} INFO - [2026-07-22T06:04:11.077+0000] {dag.py:3239} INFO - Sync 1 DAGs
[2026-07-22T06:04:11.092+0000] {logging_mixin.py:190} INFO - [2026-07-22T06:04:11.092+0000] {dag.py:4180} INFO - Setting next_dagrun for my_dag to None, run_after=None
[2026-07-22T06:04:11.106+0000] {processor.py:208} INFO - Processing /opt/airflow/dags/my_tasks.py took 0.059 seconds
[2026-07-22T06:04:41.299+0000] {processor.py:186} INFO - Started process (PID=1320) to work on /opt/airflow/dags/my_tasks.py
[2026-07-22T06:04:41.300+0000] {processor.py:914} INFO - Processing file /opt/airflow/dags/my_tasks.py for tasks to queue
[2026-07-22T06:04:41.301+0000] {logging_mixin.py:190} INFO - [2026-07-22T06:04:41.301+0000] {dagbag.py:588} INFO - Filling up the DagBag from /opt/airflow/dags/my_tasks.py
[2026-07-22T06:04:41.307+0000] {processor.py:925} INFO - DAG(s) 'my_dag' retrieved from /opt/airflow/dags/my_tasks.py
[2026-07-22T06:04:41.325+0000] {logging_mixin.py:190} INFO - [2026-07-22T06:04:41.325+0000] {dag.py:3239} INFO - Sync 1 DAGs
[2026-07-22T06:04:41.341+0000] {logging_mixin.py:190} INFO - [2026-07-22T06:04:41.341+0000] {dag.py:4180} INFO - Setting next_dagrun for my_dag to None, run_after=None
[2026-07-22T06:04:41.356+0000] {processor.py:208} INFO - Processing /opt/airflow/dags/my_tasks.py took 0.061 seconds
[2026-07-22T06:05:11.540+0000] {processor.py:186} INFO - Started process (PID=1331) to work on /opt/airflow/dags/my_tasks.py
[2026-07-22T06:05:11.541+0000] {processor.py:914} INFO - Processing file /opt/airflow/dags/my_tasks.py for tasks to queue
[2026-07-22T06:05:11.542+0000] {logging_mixin.py:190} INFO - [2026-07-22T06:05:11.542+0000] {dagbag.py:588} INFO - Filling up the DagBag from /opt/airflow/dags/my_tasks.py
[2026-07-22T06:05:11.548+0000] {processor.py:925} INFO - DAG(s) 'my_dag' retrieved from /opt/airflow/dags/my_tasks.py
[2026-07-22T06:05:11.566+0000] {logging_mixin.py:190} INFO - [2026-07-22T06:05:11.566+0000] {dag.py:3239} INFO - Sync 1 DAGs
[2026-07-22T06:05:11.581+0000] {logging_mixin.py:190} INFO - [2026-07-22T06:05:11.581+0000] {dag.py:4180} INFO - Setting next_dagrun for my_dag to None, run_after=None
[2026-07-22T06:05:11.595+0000] {processor.py:208} INFO - Processing /opt/airflow/dags/my_tasks.py took 0.059 seconds
[2026-07-22T06:05:41.796+0000] {processor.py:186} INFO - Started process (PID=1342) to work on /opt/airflow/dags/my_tasks.py
[2026-07-22T06:05:41.796+0000] {processor.py:914} INFO - Processing file /opt/airflow/dags/my_tasks.py for tasks to queue
[2026-07-22T06:05:41.798+0000] {logging_mixin.py:190} INFO - [2026-07-22T06:05:41.798+0000] {dagbag.py:588} INFO - Filling up the DagBag from /opt/airflow/dags/my_tasks.py
[2026-07-22T06:05:41.804+0000] {processor.py:925} INFO - DAG(s) 'my_dag' retrieved from /opt/airflow/dags/my_tasks.py
[2026-07-22T06:05:41.822+0000] {logging_mixin.py:190} INFO - [2026-07-22T06:05:41.822+0000] {dag.py:3239} INFO - Sync 1 DAGs
[2026-07-22T06:05:41.837+0000] {logging_mixin.py:190} INFO - [2026-07-22T06:05:41.837+0000] {dag.py:4180} INFO - Setting next_dagrun for my_dag to None, run_after=None
[2026-07-22T06:05:41.852+0000] {processor.py:208} INFO - Processing /opt/airflow/dags/my_tasks.py took 0.059 seconds
[2026-07-22T06:06:12.067+0000] {processor.py:186} INFO - Started process (PID=1353) to work on /opt/airflow/dags/my_tasks.py
[2026-07-22T06:06:12.067+0000] {processor.py:914} INFO - Processing file /opt/airflow/dags/my_tasks.py for tasks to queue
[2026-07-22T06:06:12.068+0000] {logging_mixin.py:190} INFO - [2026-07-22T06:06:12.068+0000] {dagbag.py:588} INFO - Filling up the DagBag from /opt/airflow/dags/my_tasks.py
[2026-07-22T06:06:12.075+0000] {processor.py:925} INFO - DAG(s) 'my_dag' retrieved from /opt/airflow/dags/my_tasks.py
[2026-07-22T06:06:12.094+0000] {logging_mixin.py:190} INFO - [2026-07-22T06:06:12.094+0000] {dag.py:3239} INFO - Sync 1 DAGs
[2026-07-22T06:06:12.109+0000] {logging_mixin.py:190} INFO - [2026-07-22T06:06:12.109+0000] {dag.py:4180} INFO - Setting next_dagrun for my_dag to None, run_after=None
[2026-07-22T06:06:12.124+0000] {processor.py:208} INFO - Processing /opt/airflow/dags/my_tasks.py took 0.061 seconds
[2026-07-22T06:06:42.338+0000] {processor.py:186} INFO - Started process (PID=1364) to work on /opt/airflow/dags/my_tasks.py
[2026-07-22T06:06:42.338+0000] {processor.py:914} INFO - Processing file /opt/airflow/dags/my_tasks.py for tasks to queue
[2026-07-22T06:06:42.340+0000] {logging_mixin.py:190} INFO - [2026-07-22T06:06:42.339+0000] {dagbag.py:588} INFO - Filling up the DagBag from /opt/airflow/dags/my_tasks.py
[2026-07-22T06:06:42.346+0000] {processor.py:925} INFO - DAG(s) 'my_dag' retrieved from /opt/airflow/dags/my_tasks.py
[2026-07-22T06:06:42.363+0000] {logging_mixin.py:190} INFO - [2026-07-22T06:06:42.363+0000] {dag.py:3239} INFO - Sync 1 DAGs
[2026-07-22T06:06:42.378+0000] {logging_mixin.py:190} INFO - [2026-07-22T06:06:42.378+0000] {dag.py:4180} INFO - Setting next_dagrun for my_dag to None, run_after=None
[2026-07-22T06:06:42.392+0000] {processor.py:208} INFO - Processing /opt/airflow/dags/my_tasks.py took 0.058 seconds
[2026-07-22T06:07:12.621+0000] {processor.py:186} INFO - Started process (PID=1375) to work on /opt/airflow/dags/my_tasks.py
[2026-07-22T06:07:12.621+0000] {processor.py:914} INFO - Processing file /opt/airflow/dags/my_tasks.py for tasks to queue
[2026-07-22T06:07:12.623+0000] {logging_mixin.py:190} INFO - [2026-07-22T06:07:12.623+0000] {dagbag.py:588} INFO - Filling up the DagBag from /opt/airflow/dags/my_tasks.py
[2026-07-22T06:07:12.629+0000] {processor.py:925} INFO - DAG(s) 'my_dag' retrieved from /opt/airflow/dags/my_tasks.py
[2026-07-22T06:07:12.646+0000] {logging_mixin.py:190} INFO - [2026-07-22T06:07:12.646+0000] {dag.py:3239} INFO - Sync 1 DAGs
[2026-07-22T06:07:12.661+0000] {logging_mixin.py:190} INFO - [2026-07-22T06:07:12.661+0000] {dag.py:4180} INFO - Setting next_dagrun for my_dag to None, run_after=None
[2026-07-22T06:07:12.674+0000] {processor.py:208} INFO - Processing /opt/airflow/dags/my_tasks.py took 0.057 seconds
[2026-07-22T06:07:42.918+0000] {processor.py:186} INFO - Started process (PID=1386) to work on /opt/airflow/dags/my_tasks.py
[2026-07-22T06:07:42.926+0000] {processor.py:914} INFO - Processing file /opt/airflow/dags/my_tasks.py for tasks to queue
[2026-07-22T06:07:42.927+0000] {logging_mixin.py:190} INFO - [2026-07-22T06:07:42.927+0000] {dagbag.py:588} INFO - Filling up the DagBag from /opt/airflow/dags/my_tasks.py
[2026-07-22T06:07:42.937+0000] {processor.py:925} INFO - DAG(s) 'my_dag' retrieved from /opt/airflow/dags/my_tasks.py
[2026-07-22T06:07:42.954+0000] {logging_mixin.py:190} INFO - [2026-07-22T06:07:42.954+0000] {dag.py:3239} INFO - Sync 1 DAGs
[2026-07-22T06:07:42.970+0000] {logging_mixin.py:190} INFO - [2026-07-22T06:07:42.969+0000] {dag.py:4180} INFO - Setting next_dagrun for my_dag to None, run_after=None
[2026-07-22T06:07:42.984+0000] {processor.py:208} INFO - Processing /opt/airflow/dags/my_tasks.py took 0.070 seconds
[2026-07-22T06:08:13.198+0000] {processor.py:186} INFO - Started process (PID=1397) to work on /opt/airflow/dags/my_tasks.py
[2026-07-22T06:08:13.198+0000] {processor.py:914} INFO - Processing file /opt/airflow/dags/my_tasks.py for tasks to queue
[2026-07-22T06:08:13.200+0000] {logging_mixin.py:190} INFO - [2026-07-22T06:08:13.199+0000] {dagbag.py:588} INFO - Filling up the DagBag from /opt/airflow/dags/my_tasks.py
[2026-07-22T06:08:13.206+0000] {processor.py:925} INFO - DAG(s) 'my_dag' retrieved from /opt/airflow/dags/my_tasks.py
[2026-07-22T06:08:13.223+0000] {logging_mixin.py:190} INFO - [2026-07-22T06:08:13.223+0000] {dag.py:3239} INFO - Sync 1 DAGs
[2026-07-22T06:08:13.239+0000] {logging_mixin.py:190} INFO - [2026-07-22T06:08:13.239+0000] {dag.py:4180} INFO - Setting next_dagrun for my_dag to None, run_after=None
[2026-07-22T06:08:13.254+0000] {processor.py:208} INFO - Processing /opt/airflow/dags/my_tasks.py took 0.060 seconds
[2026-07-22T06:08:43.461+0000] {processor.py:186} INFO - Started process (PID=1408) to work on /opt/airflow/dags/my_tasks.py
[2026-07-22T06:08:43.461+0000] {processor.py:914} INFO - Processing file /opt/airflow/dags/my_tasks.py for tasks to queue
[2026-07-22T06:08:43.463+0000] {logging_mixin.py:190} INFO - [2026-07-22T06:08:43.463+0000] {dagbag.py:588} INFO - Filling up the DagBag from /opt/airflow/dags/my_tasks.py
[2026-07-22T06:08:43.469+0000] {processor.py:925} INFO - DAG(s) 'my_dag' retrieved from /opt/airflow/dags/my_tasks.py
[2026-07-22T06:08:43.486+0000] {logging_mixin.py:190} INFO - [2026-07-22T06:08:43.486+0000] {dag.py:3239} INFO - Sync 1 DAGs
[2026-07-22T06:08:43.502+0000] {logging_mixin.py:190} INFO - [2026-07-22T06:08:43.502+0000] {dag.py:4180} INFO - Setting next_dagrun for my_dag to None, run_after=None
[2026-07-22T06:08:43.516+0000] {processor.py:208} INFO - Processing /opt/airflow/dags/my_tasks.py took 0.059 seconds
[2026-07-22T06:09:13.737+0000] {processor.py:186} INFO - Started process (PID=1419) to work on /opt/airflow/dags/my_tasks.py
[2026-07-22T06:09:13.745+0000] {processor.py:914} INFO - Processing file /opt/airflow/dags/my_tasks.py for tasks to queue
[2026-07-22T06:09:13.748+0000] {logging_mixin.py:190} INFO - [2026-07-22T06:09:13.747+0000] {dagbag.py:588} INFO - Filling up the DagBag from /opt/airflow/dags/my_tasks.py
[2026-07-22T06:09:13.758+0000] {processor.py:925} INFO - DAG(s) 'my_dag' retrieved from /opt/airflow/dags/my_tasks.py
[2026-07-22T06:09:13.776+0000] {logging_mixin.py:190} INFO - [2026-07-22T06:09:13.776+0000] {dag.py:3239} INFO - Sync 1 DAGs
[2026-07-22T06:09:13.792+0000] {logging_mixin.py:190} INFO - [2026-07-22T06:09:13.792+0000] {dag.py:4180} INFO - Setting next_dagrun for my_dag to None, run_after=None
[2026-07-22T06:09:13.807+0000] {processor.py:208} INFO - Processing /opt/airflow/dags/my_tasks.py took 0.074 seconds
[2026-07-22T06:09:44.018+0000] {processor.py:186} INFO - Started process (PID=1430) to work on /opt/airflow/dags/my_tasks.py
[2026-07-22T06:09:44.019+0000] {processor.py:914} INFO - Processing file /opt/airflow/dags/my_tasks.py for tasks to queue
[2026-07-22T06:09:44.021+0000] {logging_mixin.py:190} INFO - [2026-07-22T06:09:44.020+0000] {dagbag.py:588} INFO - Filling up the DagBag from /opt/airflow/dags/my_tasks.py
[2026-07-22T06:09:44.027+0000] {processor.py:925} INFO - DAG(s) 'my_dag' retrieved from /opt/airflow/dags/my_tasks.py
[2026-07-22T06:09:44.046+0000] {logging_mixin.py:190} INFO - [2026-07-22T06:09:44.046+0000] {dag.py:3239} INFO - Sync 1 DAGs
[2026-07-22T06:09:44.061+0000] {logging_mixin.py:190} INFO - [2026-07-22T06:09:44.061+0000] {dag.py:4180} INFO - Setting next_dagrun for my_dag to None, run_after=None
[2026-07-22T06:09:44.075+0000] {processor.py:208} INFO - Processing /opt/airflow/dags/my_tasks.py took 0.063 seconds
[2026-07-22T06:10:14.267+0000] {processor.py:186} INFO - Started process (PID=1441) to work on /opt/airflow/dags/my_tasks.py
[2026-07-22T06:10:14.268+0000] {processor.py:914} INFO - Processing file /opt/airflow/dags/my_tasks.py for tasks to queue
[2026-07-22T06:10:14.269+0000] {logging_mixin.py:190} INFO - [2026-07-22T06:10:14.269+0000] {dagbag.py:588} INFO - Filling up the DagBag from /opt/airflow/dags/my_tasks.py
[2026-07-22T06:10:14.276+0000] {processor.py:925} INFO - DAG(s) 'my_dag' retrieved from /opt/airflow/dags/my_tasks.py
[2026-07-22T06:10:14.294+0000] {logging_mixin.py:190} INFO - [2026-07-22T06:10:14.294+0000] {dag.py:3239} INFO - Sync 1 DAGs
[2026-07-22T06:10:14.310+0000] {logging_mixin.py:190} INFO - [2026-07-22T06:10:14.310+0000] {dag.py:4180} INFO - Setting next_dagrun for my_dag to None, run_after=None
[2026-07-22T06:10:14.324+0000] {processor.py:208} INFO - Processing /opt/airflow/dags/my_tasks.py took 0.061 seconds
[2026-07-22T06:10:44.555+0000] {processor.py:186} INFO - Started process (PID=1452) to work on /opt/airflow/dags/my_tasks.py
[2026-07-22T06:10:44.555+0000] {processor.py:914} INFO - Processing file /opt/airflow/dags/my_tasks.py for tasks to queue
[2026-07-22T06:10:44.557+0000] {logging_mixin.py:190} INFO - [2026-07-22T06:10:44.557+0000] {dagbag.py:588} INFO - Filling up the DagBag from /opt/airflow/dags/my_tasks.py
[2026-07-22T06:10:44.565+0000] {processor.py:925} INFO - DAG(s) 'my_dag' retrieved from /opt/airflow/dags/my_tasks.py
[2026-07-22T06:10:44.584+0000] {logging_mixin.py:190} INFO - [2026-07-22T06:10:44.584+0000] {dag.py:3239} INFO - Sync 1 DAGs
[2026-07-22T06:10:44.599+0000] {logging_mixin.py:190} INFO - [2026-07-22T06:10:44.599+0000] {dag.py:4180} INFO - Setting next_dagrun for my_dag to None, run_after=None
[2026-07-22T06:10:44.613+0000] {processor.py:208} INFO - Processing /opt/airflow/dags/my_tasks.py took 0.062 seconds
[2026-07-22T06:11:14.842+0000] {processor.py:186} INFO - Started process (PID=1463) to work on /opt/airflow/dags/my_tasks.py
[2026-07-22T06:11:14.843+0000] {processor.py:914} INFO - Processing file /opt/airflow/dags/my_tasks.py for tasks to queue
[2026-07-22T06:11:14.844+0000] {logging_mixin.py:190} INFO - [2026-07-22T06:11:14.844+0000] {dagbag.py:588} INFO - Filling up the DagBag from /opt/airflow/dags/my_tasks.py
[2026-07-22T06:11:14.851+0000] {processor.py:925} INFO - DAG(s) 'my_dag' retrieved from /opt/airflow/dags/my_tasks.py
[2026-07-22T06:11:14.867+0000] {logging_mixin.py:190} INFO - [2026-07-22T06:11:14.867+0000] {dag.py:3239} INFO - Sync 1 DAGs
[2026-07-22T06:11:14.882+0000] {logging_mixin.py:190} INFO - [2026-07-22T06:11:14.882+0000] {dag.py:4180} INFO - Setting next_dagrun for my_dag to None, run_after=None
[2026-07-22T06:11:14.895+0000] {processor.py:208} INFO - Processing /opt/airflow/dags/my_tasks.py took 0.057 seconds
[2026-07-22T06:11:45.135+0000] {processor.py:186} INFO - Started process (PID=1474) to work on /opt/airflow/dags/my_tasks.py
[2026-07-22T06:11:45.135+0000] {processor.py:914} INFO - Processing file /opt/airflow/dags/my_tasks.py for tasks to queue
[2026-07-22T06:11:45.137+0000] {logging_mixin.py:190} INFO - [2026-07-22T06:11:45.136+0000] {dagbag.py:588} INFO - Filling up the DagBag from /opt/airflow/dags/my_tasks.py
[2026-07-22T06:11:45.143+0000] {processor.py:925} INFO - DAG(s) 'my_dag' retrieved from /opt/airflow/dags/my_tasks.py
[2026-07-22T06:11:45.161+0000] {logging_mixin.py:190} INFO - [2026-07-22T06:11:45.161+0000] {dag.py:3239} INFO - Sync 1 DAGs
[2026-07-22T06:11:45.176+0000] {logging_mixin.py:190} INFO - [2026-07-22T06:11:45.176+0000] {dag.py:4180} INFO - Setting next_dagrun for my_dag to None, run_after=None
[2026-07-22T06:11:45.191+0000] {processor.py:208} INFO - Processing /opt/airflow/dags/my_tasks.py took 0.060 seconds
[2026-07-22T06:12:15.423+0000] {processor.py:186} INFO - Started process (PID=1485) to work on /opt/airflow/dags/my_tasks.py
[2026-07-22T06:12:15.424+0000] {processor.py:914} INFO - Processing file /opt/airflow/dags/my_tasks.py for tasks to queue
[2026-07-22T06:12:15.425+0000] {logging_mixin.py:190} INFO - [2026-07-22T06:12:15.425+0000] {dagbag.py:588} INFO - Filling up the DagBag from /opt/airflow/dags/my_tasks.py
[2026-07-22T06:12:15.432+0000] {processor.py:925} INFO - DAG(s) 'my_dag' retrieved from /opt/airflow/dags/my_tasks.py
[2026-07-22T06:12:15.449+0000] {logging_mixin.py:190} INFO - [2026-07-22T06:12:15.449+0000] {dag.py:3239} INFO - Sync 1 DAGs
[2026-07-22T06:12:15.465+0000] {logging_mixin.py:190} INFO - [2026-07-22T06:12:15.465+0000] {dag.py:4180} INFO - Setting next_dagrun for my_dag to None, run_after=None
[2026-07-22T06:12:15.479+0000] {processor.py:208} INFO - Processing /opt/airflow/dags/my_tasks.py took 0.059 seconds
[2026-07-22T06:12:45.705+0000] {processor.py:186} INFO - Started process (PID=1496) to work on /opt/airflow/dags/my_tasks.py
[2026-07-22T06:12:45.705+0000] {processor.py:914} INFO - Processing file /opt/airflow/dags/my_tasks.py for tasks to queue
[2026-07-22T06:12:45.707+0000] {logging_mixin.py:190} INFO - [2026-07-22T06:12:45.707+0000] {dagbag.py:588} INFO - Filling up the DagBag from /opt/airflow/dags/my_tasks.py
[2026-07-22T06:12:45.713+0000] {processor.py:925} INFO - DAG(s) 'my_dag' retrieved from /opt/airflow/dags/my_tasks.py
[2026-07-22T06:12:45.730+0000] {logging_mixin.py:190} INFO - [2026-07-22T06:12:45.730+0000] {dag.py:3239} INFO - Sync 1 DAGs
[2026-07-22T06:12:45.745+0000] {logging_mixin.py:190} INFO - [2026-07-22T06:12:45.745+0000] {dag.py:4180} INFO - Setting next_dagrun for my_dag to None, run_after=None
[2026-07-22T06:12:45.760+0000] {processor.py:208} INFO - Processing /opt/airflow/dags/my_tasks.py took 0.059 seconds
[2026-07-22T06:13:15.988+0000] {processor.py:186} INFO - Started process (PID=1507) to work on /opt/airflow/dags/my_tasks.py
[2026-07-22T06:13:15.989+0000] {processor.py:914} INFO - Processing file /opt/airflow/dags/my_tasks.py for tasks to queue
[2026-07-22T06:13:15.990+0000] {logging_mixin.py:190} INFO - [2026-07-22T06:13:15.990+0000] {dagbag.py:588} INFO - Filling up the DagBag from /opt/airflow/dags/my_tasks.py
[2026-07-22T06:13:15.997+0000] {processor.py:925} INFO - DAG(s) 'my_dag' retrieved from /opt/airflow/dags/my_tasks.py
[2026-07-22T06:13:16.015+0000] {logging_mixin.py:190} INFO - [2026-07-22T06:13:16.015+0000] {dag.py:3239} INFO - Sync 1 DAGs
[2026-07-22T06:13:16.030+0000] {logging_mixin.py:190} INFO - [2026-07-22T06:13:16.030+0000] {dag.py:4180} INFO - Setting next_dagrun for my_dag to None, run_after=None
[2026-07-22T06:13:16.044+0000] {processor.py:208} INFO - Processing /opt/airflow/dags/my_tasks.py took 0.059 seconds
[2026-07-22T06:13:46.274+0000] {processor.py:186} INFO - Started process (PID=1518) to work on /opt/airflow/dags/my_tasks.py
[2026-07-22T06:13:46.275+0000] {processor.py:914} INFO - Processing file /opt/airflow/dags/my_tasks.py for tasks to queue
[2026-07-22T06:13:46.276+0000] {logging_mixin.py:190} INFO - [2026-07-22T06:13:46.276+0000] {dagbag.py:588} INFO - Filling up the DagBag from /opt/airflow/dags/my_tasks.py
[2026-07-22T06:13:46.283+0000] {processor.py:925} INFO - DAG(s) 'my_dag' retrieved from /opt/airflow/dags/my_tasks.py
[2026-07-22T06:13:46.301+0000] {logging_mixin.py:190} INFO - [2026-07-22T06:13:46.300+0000] {dag.py:3239} INFO - Sync 1 DAGs
[2026-07-22T06:13:46.318+0000] {logging_mixin.py:190} INFO - [2026-07-22T06:13:46.317+0000] {dag.py:4180} INFO - Setting next_dagrun for my_dag to None, run_after=None
[2026-07-22T06:13:46.331+0000] {processor.py:208} INFO - Processing /opt/airflow/dags/my_tasks.py took 0.062 seconds
[2026-07-22T06:14:16.567+0000] {processor.py:186} INFO - Started process (PID=1529) to work on /opt/airflow/dags/my_tasks.py
[2026-07-22T06:14:16.574+0000] {processor.py:914} INFO - Processing file /opt/airflow/dags/my_tasks.py for tasks to queue
[2026-07-22T06:14:16.576+0000] {logging_mixin.py:190} INFO - [2026-07-22T06:14:16.576+0000] {dagbag.py:588} INFO - Filling up the DagBag from /opt/airflow/dags/my_tasks.py
[2026-07-22T06:14:16.585+0000] {processor.py:925} INFO - DAG(s) 'my_dag' retrieved from /opt/airflow/dags/my_tasks.py
[2026-07-22T06:14:16.603+0000] {logging_mixin.py:190} INFO - [2026-07-22T06:14:16.603+0000] {dag.py:3239} INFO - Sync 1 DAGs
[2026-07-22T06:14:16.618+0000] {logging_mixin.py:190} INFO - [2026-07-22T06:14:16.618+0000] {dag.py:4180} INFO - Setting next_dagrun for my_dag to None, run_after=None
[2026-07-22T06:14:16.632+0000] {processor.py:208} INFO - Processing /opt/airflow/dags/my_tasks.py took 0.069 seconds
[2026-07-22T06:14:46.835+0000] {processor.py:186} INFO - Started process (PID=1540) to work on /opt/airflow/dags/my_tasks.py
[2026-07-22T06:14:46.836+0000] {processor.py:914} INFO - Processing file /opt/airflow/dags/my_tasks.py for tasks to queue
[2026-07-22T06:14:46.837+0000] {logging_mixin.py:190} INFO - [2026-07-22T06:14:46.837+0000] {dagbag.py:588} INFO - Filling up the DagBag from /opt/airflow/dags/my_tasks.py
[2026-07-22T06:14:46.843+0000] {processor.py:925} INFO - DAG(s) 'my_dag' retrieved from /opt/airflow/dags/my_tasks.py
[2026-07-22T06:14:46.861+0000] {logging_mixin.py:190} INFO - [2026-07-22T06:14:46.860+0000] {dag.py:3239} INFO - Sync 1 DAGs
[2026-07-22T06:14:46.876+0000] {logging_mixin.py:190} INFO - [2026-07-22T06:14:46.875+0000] {dag.py:4180} INFO - Setting next_dagrun for my_dag to None, run_after=None
[2026-07-22T06:14:46.889+0000] {processor.py:208} INFO - Processing /opt/airflow/dags/my_tasks.py took 0.058 seconds
[2026-07-22T06:15:17.082+0000] {processor.py:186} INFO - Started process (PID=1551) to work on /opt/airflow/dags/my_tasks.py
[2026-07-22T06:15:17.086+0000] {processor.py:914} INFO - Processing file /opt/airflow/dags/my_tasks.py for tasks to queue
[2026-07-22T06:15:17.087+0000] {logging_mixin.py:190} INFO - [2026-07-22T06:15:17.087+0000] {dagbag.py:588} INFO - Filling up the DagBag from /opt/airflow/dags/my_tasks.py
[2026-07-22T06:15:17.094+0000] {processor.py:925} INFO - DAG(s) 'my_dag' retrieved from /opt/airflow/dags/my_tasks.py
[2026-07-22T06:15:17.111+0000] {logging_mixin.py:190} INFO - [2026-07-22T06:15:17.111+0000] {dag.py:3239} INFO - Sync 1 DAGs
[2026-07-22T06:15:17.127+0000] {logging_mixin.py:190} INFO - [2026-07-22T06:15:17.127+0000] {dag.py:4180} INFO - Setting next_dagrun for my_dag to None, run_after=None
[2026-07-22T06:15:17.142+0000] {processor.py:208} INFO - Processing /opt/airflow/dags/my_tasks.py took 0.065 seconds
[2026-07-22T06:15:47.338+0000] {processor.py:186} INFO - Started process (PID=1562) to work on /opt/airflow/dags/my_tasks.py
[2026-07-22T06:15:47.338+0000] {processor.py:914} INFO - Processing file /opt/airflow/dags/my_tasks.py for tasks to queue
[2026-07-22T06:15:47.340+0000] {logging_mixin.py:190} INFO - [2026-07-22T06:15:47.339+0000] {dagbag.py:588} INFO - Filling up the DagBag from /opt/airflow/dags/my_tasks.py
[2026-07-22T06:15:47.346+0000] {processor.py:925} INFO - DAG(s) 'my_dag' retrieved from /opt/airflow/dags/my_tasks.py
[2026-07-22T06:15:47.364+0000] {logging_mixin.py:190} INFO - [2026-07-22T06:15:47.364+0000] {dag.py:3239} INFO - Sync 1 DAGs
[2026-07-22T06:15:47.379+0000] {logging_mixin.py:190} INFO - [2026-07-22T06:15:47.379+0000] {dag.py:4180} INFO - Setting next_dagrun for my_dag to None, run_after=None
[2026-07-22T06:15:47.393+0000] {processor.py:208} INFO - Processing /opt/airflow/dags/my_tasks.py took 0.059 seconds
[2026-07-22T06:16:17.598+0000] {processor.py:186} INFO - Started process (PID=1573) to work on /opt/airflow/dags/my_tasks.py
[2026-07-22T06:16:17.601+0000] {processor.py:914} INFO - Processing file /opt/airflow/dags/my_tasks.py for tasks to queue
[2026-07-22T06:16:17.602+0000] {logging_mixin.py:190} INFO - [2026-07-22T06:16:17.602+0000] {dagbag.py:588} INFO - Filling up the DagBag from /opt/airflow/dags/my_tasks.py
[2026-07-22T06:16:17.610+0000] {processor.py:925} INFO - DAG(s) 'my_dag' retrieved from /opt/airflow/dags/my_tasks.py
[2026-07-22T06:16:17.629+0000] {logging_mixin.py:190} INFO - [2026-07-22T06:16:17.628+0000] {dag.py:3239} INFO - Sync 1 DAGs
[2026-07-22T06:16:17.644+0000] {logging_mixin.py:190} INFO - [2026-07-22T06:16:17.643+0000] {dag.py:4180} INFO - Setting next_dagrun for my_dag to None, run_after=None
[2026-07-22T06:16:17.660+0000] {processor.py:208} INFO - Processing /opt/airflow/dags/my_tasks.py took 0.066 seconds
[2026-07-22T06:16:47.876+0000] {processor.py:186} INFO - Started process (PID=1584) to work on /opt/airflow/dags/my_tasks.py
[2026-07-22T06:16:47.876+0000] {processor.py:914} INFO - Processing file /opt/airflow/dags/my_tasks.py for tasks to queue
[2026-07-22T06:16:47.878+0000] {logging_mixin.py:190} INFO - [2026-07-22T06:16:47.877+0000] {dagbag.py:588} INFO - Filling up the DagBag from /opt/airflow/dags/my_tasks.py
[2026-07-22T06:16:47.884+0000] {processor.py:925} INFO - DAG(s) 'my_dag' retrieved from /opt/airflow/dags/my_tasks.py
[2026-07-22T06:16:47.901+0000] {logging_mixin.py:190} INFO - [2026-07-22T06:16:47.901+0000] {dag.py:3239} INFO - Sync 1 DAGs
[2026-07-22T06:16:47.916+0000] {logging_mixin.py:190} INFO - [2026-07-22T06:16:47.916+0000] {dag.py:4180} INFO - Setting next_dagrun for my_dag to None, run_after=None
[2026-07-22T06:16:47.935+0000] {processor.py:208} INFO - Processing /opt/airflow/dags/my_tasks.py took 0.063 seconds
[2026-07-22T06:17:18.147+0000] {processor.py:186} INFO - Started process (PID=1595) to work on /opt/airflow/dags/my_tasks.py
[2026-07-22T06:17:18.149+0000] {processor.py:914} INFO - Processing file /opt/airflow/dags/my_tasks.py for tasks to queue
[2026-07-22T06:17:18.150+0000] {logging_mixin.py:190} INFO - [2026-07-22T06:17:18.150+0000] {dagbag.py:588} INFO - Filling up the DagBag from /opt/airflow/dags/my_tasks.py
[2026-07-22T06:17:18.158+0000] {processor.py:925} INFO - DAG(s) 'my_dag' retrieved from /opt/airflow/dags/my_tasks.py
[2026-07-22T06:17:18.175+0000] {logging_mixin.py:190} INFO - [2026-07-22T06:17:18.175+0000] {dag.py:3239} INFO - Sync 1 DAGs
[2026-07-22T06:17:18.190+0000] {logging_mixin.py:190} INFO - [2026-07-22T06:17:18.190+0000] {dag.py:4180} INFO - Setting next_dagrun for my_dag to None, run_after=None
[2026-07-22T06:17:18.211+0000] {processor.py:208} INFO - Processing /opt/airflow/dags/my_tasks.py took 0.067 seconds
[2026-07-22T06:17:48.405+0000] {processor.py:186} INFO - Started process (PID=1606) to work on /opt/airflow/dags/my_tasks.py
[2026-07-22T06:17:48.405+0000] {processor.py:914} INFO - Processing file /opt/airflow/dags/my_tasks.py for tasks to queue
[2026-07-22T06:17:48.407+0000] {logging_mixin.py:190} INFO - [2026-07-22T06:17:48.407+0000] {dagbag.py:588} INFO - Filling up the DagBag from /opt/airflow/dags/my_tasks.py
[2026-07-22T06:17:48.413+0000] {processor.py:925} INFO - DAG(s) 'my_dag' retrieved from /opt/airflow/dags/my_tasks.py
[2026-07-22T06:17:48.431+0000] {logging_mixin.py:190} INFO - [2026-07-22T06:17:48.431+0000] {dag.py:3239} INFO - Sync 1 DAGs
[2026-07-22T06:17:48.447+0000] {logging_mixin.py:190} INFO - [2026-07-22T06:17:48.446+0000] {dag.py:4180} INFO - Setting next_dagrun for my_dag to None, run_after=None
[2026-07-22T06:17:48.470+0000] {processor.py:208} INFO - Processing /opt/airflow/dags/my_tasks.py took 0.069 seconds
[2026-07-22T06:18:18.690+0000] {processor.py:186} INFO - Started process (PID=1617) to work on /opt/airflow/dags/my_tasks.py
[2026-07-22T06:18:18.698+0000] {processor.py:914} INFO - Processing file /opt/airflow/dags/my_tasks.py for tasks to queue
[2026-07-22T06:18:18.702+0000] {logging_mixin.py:190} INFO - [2026-07-22T06:18:18.701+0000] {dagbag.py:588} INFO - Filling up the DagBag from /opt/airflow/dags/my_tasks.py
[2026-07-22T06:18:18.710+0000] {processor.py:925} INFO - DAG(s) 'my_dag' retrieved from /opt/airflow/dags/my_tasks.py
[2026-07-22T06:18:18.727+0000] {logging_mixin.py:190} INFO - [2026-07-22T06:18:18.727+0000] {dag.py:3239} INFO - Sync 1 DAGs
[2026-07-22T06:18:18.742+0000] {logging_mixin.py:190} INFO - [2026-07-22T06:18:18.742+0000] {dag.py:4180} INFO - Setting next_dagrun for my_dag to None, run_after=None
[2026-07-22T06:18:18.759+0000] {processor.py:208} INFO - Processing /opt/airflow/dags/my_tasks.py took 0.073 seconds
[2026-07-22T06:18:48.988+0000] {processor.py:186} INFO - Started process (PID=1628) to work on /opt/airflow/dags/my_tasks.py
[2026-07-22T06:18:48.988+0000] {processor.py:914} INFO - Processing file /opt/airflow/dags/my_tasks.py for tasks to queue
[2026-07-22T06:18:48.990+0000] {logging_mixin.py:190} INFO - [2026-07-22T06:18:48.990+0000] {dagbag.py:588} INFO - Filling up the DagBag from /opt/airflow/dags/my_tasks.py
[2026-07-22T06:18:48.997+0000] {processor.py:925} INFO - DAG(s) 'my_dag' retrieved from /opt/airflow/dags/my_tasks.py
[2026-07-22T06:18:49.013+0000] {logging_mixin.py:190} INFO - [2026-07-22T06:18:49.013+0000] {dag.py:3239} INFO - Sync 1 DAGs
[2026-07-22T06:18:49.028+0000] {logging_mixin.py:190} INFO - [2026-07-22T06:18:49.028+0000] {dag.py:4180} INFO - Setting next_dagrun for my_dag to None, run_after=None
[2026-07-22T06:18:49.042+0000] {processor.py:208} INFO - Processing /opt/airflow/dags/my_tasks.py took 0.059 seconds
[2026-07-22T06:19:19.264+0000] {processor.py:186} INFO - Started process (PID=1639) to work on /opt/airflow/dags/my_tasks.py
[2026-07-22T06:19:19.264+0000] {processor.py:914} INFO - Processing file /opt/airflow/dags/my_tasks.py for tasks to queue
[2026-07-22T06:19:19.266+0000] {logging_mixin.py:190} INFO - [2026-07-22T06:19:19.265+0000] {dagbag.py:588} INFO - Filling up the DagBag from /opt/airflow/dags/my_tasks.py
[2026-07-22T06:19:19.272+0000] {processor.py:925} INFO - DAG(s) 'my_dag' retrieved from /opt/airflow/dags/my_tasks.py
[2026-07-22T06:19:19.292+0000] {logging_mixin.py:190} INFO - [2026-07-22T06:19:19.291+0000] {dag.py:3239} INFO - Sync 1 DAGs
[2026-07-22T06:19:19.308+0000] {logging_mixin.py:190} INFO - [2026-07-22T06:19:19.308+0000] {dag.py:4180} INFO - Setting next_dagrun for my_dag to None, run_after=None
[2026-07-22T06:19:19.322+0000] {processor.py:208} INFO - Processing /opt/airflow/dags/my_tasks.py took 0.062 seconds
[2026-07-22T06:19:49.553+0000] {processor.py:186} INFO - Started process (PID=1650) to work on /opt/airflow/dags/my_tasks.py
[2026-07-22T06:19:49.554+0000] {processor.py:914} INFO - Processing file /opt/airflow/dags/my_tasks.py for tasks to queue
[2026-07-22T06:19:49.555+0000] {logging_mixin.py:190} INFO - [2026-07-22T06:19:49.555+0000] {dagbag.py:588} INFO - Filling up the DagBag from /opt/airflow/dags/my_tasks.py
[2026-07-22T06:19:49.562+0000] {processor.py:925} INFO - DAG(s) 'my_dag' retrieved from /opt/airflow/dags/my_tasks.py
[2026-07-22T06:19:49.579+0000] {logging_mixin.py:190} INFO - [2026-07-22T06:19:49.579+0000] {dag.py:3239} INFO - Sync 1 DAGs
[2026-07-22T06:19:49.594+0000] {logging_mixin.py:190} INFO - [2026-07-22T06:19:49.594+0000] {dag.py:4180} INFO - Setting next_dagrun for my_dag to None, run_after=None
[2026-07-22T06:19:49.609+0000] {processor.py:208} INFO - Processing /opt/airflow/dags/my_tasks.py took 0.059 seconds
[2026-07-22T06:20:19.821+0000] {processor.py:186} INFO - Started process (PID=1661) to work on /opt/airflow/dags/my_tasks.py
[2026-07-22T06:20:19.829+0000] {processor.py:914} INFO - Processing file /opt/airflow/dags/my_tasks.py for tasks to queue
[2026-07-22T06:20:19.833+0000] {logging_mixin.py:190} INFO - [2026-07-22T06:20:19.832+0000] {dagbag.py:588} INFO - Filling up the DagBag from /opt/airflow/dags/my_tasks.py
[2026-07-22T06:20:19.843+0000] {processor.py:925} INFO - DAG(s) 'my_dag' retrieved from /opt/airflow/dags/my_tasks.py
[2026-07-22T06:20:19.861+0000] {logging_mixin.py:190} INFO - [2026-07-22T06:20:19.861+0000] {dag.py:3239} INFO - Sync 1 DAGs
[2026-07-22T06:20:19.877+0000] {logging_mixin.py:190} INFO - [2026-07-22T06:20:19.877+0000] {dag.py:4180} INFO - Setting next_dagrun for my_dag to None, run_after=None
[2026-07-22T06:20:19.891+0000] {processor.py:208} INFO - Processing /opt/airflow/dags/my_tasks.py took 0.074 seconds
[2026-07-22T06:20:50.086+0000] {processor.py:186} INFO - Started process (PID=1672) to work on /opt/airflow/dags/my_tasks.py
[2026-07-22T06:20:50.087+0000] {processor.py:914} INFO - Processing file /opt/airflow/dags/my_tasks.py for tasks to queue
[2026-07-22T06:20:50.088+0000] {logging_mixin.py:190} INFO - [2026-07-22T06:20:50.088+0000] {dagbag.py:588} INFO - Filling up the DagBag from /opt/airflow/dags/my_tasks.py
[2026-07-22T06:20:50.094+0000] {processor.py:925} INFO - DAG(s) 'my_dag' retrieved from /opt/airflow/dags/my_tasks.py
[2026-07-22T06:20:50.112+0000] {logging_mixin.py:190} INFO - [2026-07-22T06:20:50.112+0000] {dag.py:3239} INFO - Sync 1 DAGs
[2026-07-22T06:20:50.128+0000] {logging_mixin.py:190} INFO - [2026-07-22T06:20:50.128+0000] {dag.py:4180} INFO - Setting next_dagrun for my_dag to None, run_after=None
[2026-07-22T06:20:50.142+0000] {processor.py:208} INFO - Processing /opt/airflow/dags/my_tasks.py took 0.060 seconds
[2026-07-22T06:21:20.345+0000] {processor.py:186} INFO - Started process (PID=1683) to work on /opt/airflow/dags/my_tasks.py
[2026-07-22T06:21:20.346+0000] {processor.py:914} INFO - Processing file /opt/airflow/dags/my_tasks.py for tasks to queue
[2026-07-22T06:21:20.347+0000] {logging_mixin.py:190} INFO - [2026-07-22T06:21:20.347+0000] {dagbag.py:588} INFO - Filling up the DagBag from /opt/airflow/dags/my_tasks.py
[2026-07-22T06:21:20.354+0000] {processor.py:925} INFO - DAG(s) 'my_dag' retrieved from /opt/airflow/dags/my_tasks.py
[2026-07-22T06:21:20.371+0000] {logging_mixin.py:190} INFO - [2026-07-22T06:21:20.370+0000] {dag.py:3239} INFO - Sync 1 DAGs
[2026-07-22T06:21:20.386+0000] {logging_mixin.py:190} INFO - [2026-07-22T06:21:20.386+0000] {dag.py:4180} INFO - Setting next_dagrun for my_dag to None, run_after=None
[2026-07-22T06:21:20.400+0000] {processor.py:208} INFO - Processing /opt/airflow/dags/my_tasks.py took 0.059 seconds
[2026-07-22T06:21:50.609+0000] {processor.py:186} INFO - Started process (PID=1694) to work on /opt/airflow/dags/my_tasks.py
[2026-07-22T06:21:50.610+0000] {processor.py:914} INFO - Processing file /opt/airflow/dags/my_tasks.py for tasks to queue
[2026-07-22T06:21:50.611+0000] {logging_mixin.py:190} INFO - [2026-07-22T06:21:50.611+0000] {dagbag.py:588} INFO - Filling up the DagBag from /opt/airflow/dags/my_tasks.py
[2026-07-22T06:21:50.618+0000] {processor.py:925} INFO - DAG(s) 'my_dag' retrieved from /opt/airflow/dags/my_tasks.py
[2026-07-22T06:21:50.636+0000] {logging_mixin.py:190} INFO - [2026-07-22T06:21:50.636+0000] {dag.py:3239} INFO - Sync 1 DAGs
[2026-07-22T06:21:50.651+0000] {logging_mixin.py:190} INFO - [2026-07-22T06:21:50.651+0000] {dag.py:4180} INFO - Setting next_dagrun for my_dag to None, run_after=None
[2026-07-22T06:21:50.665+0000] {processor.py:208} INFO - Processing /opt/airflow/dags/my_tasks.py took 0.060 seconds
[2026-07-22T06:22:20.860+0000] {processor.py:186} INFO - Started process (PID=1705) to work on /opt/airflow/dags/my_tasks.py
[2026-07-22T06:22:20.860+0000] {processor.py:914} INFO - Processing file /opt/airflow/dags/my_tasks.py for tasks to queue
[2026-07-22T06:22:20.862+0000] {logging_mixin.py:190} INFO - [2026-07-22T06:22:20.862+0000] {dagbag.py:588} INFO - Filling up the DagBag from /opt/airflow/dags/my_tasks.py
[2026-07-22T06:22:20.868+0000] {processor.py:925} INFO - DAG(s) 'my_dag' retrieved from /opt/airflow/dags/my_tasks.py
[2026-07-22T06:22:20.885+0000] {logging_mixin.py:190} INFO - [2026-07-22T06:22:20.884+0000] {dag.py:3239} INFO - Sync 1 DAGs
[2026-07-22T06:22:20.900+0000] {logging_mixin.py:190} INFO - [2026-07-22T06:22:20.900+0000] {dag.py:4180} INFO - Setting next_dagrun for my_dag to None, run_after=None
[2026-07-22T06:22:20.914+0000] {processor.py:208} INFO - Processing /opt/airflow/dags/my_tasks.py took 0.058 seconds
[2026-07-22T06:22:51.150+0000] {processor.py:186} INFO - Started process (PID=1716) to work on /opt/airflow/dags/my_tasks.py
[2026-07-22T06:22:51.158+0000] {processor.py:914} INFO - Processing file /opt/airflow/dags/my_tasks.py for tasks to queue
[2026-07-22T06:22:51.160+0000] {logging_mixin.py:190} INFO - [2026-07-22T06:22:51.160+0000] {dagbag.py:588} INFO - Filling up the DagBag from /opt/airflow/dags/my_tasks.py
[2026-07-22T06:22:51.171+0000] {processor.py:925} INFO - DAG(s) 'my_dag' retrieved from /opt/airflow/dags/my_tasks.py
[2026-07-22T06:22:51.187+0000] {logging_mixin.py:190} INFO - [2026-07-22T06:22:51.187+0000] {dag.py:3239} INFO - Sync 1 DAGs
[2026-07-22T06:22:51.203+0000] {logging_mixin.py:190} INFO - [2026-07-22T06:22:51.203+0000] {dag.py:4180} INFO - Setting next_dagrun for my_dag to None, run_after=None
[2026-07-22T06:22:51.218+0000] {processor.py:208} INFO - Processing /opt/airflow/dags/my_tasks.py took 0.072 seconds
[2026-07-22T06:23:21.426+0000] {processor.py:186} INFO - Started process (PID=1727) to work on /opt/airflow/dags/my_tasks.py
[2026-07-22T06:23:21.426+0000] {processor.py:914} INFO - Processing file /opt/airflow/dags/my_tasks.py for tasks to queue
[2026-07-22T06:23:21.428+0000] {logging_mixin.py:190} INFO - [2026-07-22T06:23:21.428+0000] {dagbag.py:588} INFO - Filling up the DagBag from /opt/airflow/dags/my_tasks.py
[2026-07-22T06:23:21.434+0000] {processor.py:925} INFO - DAG(s) 'my_dag' retrieved from /opt/airflow/dags/my_tasks.py
[2026-07-22T06:23:21.451+0000] {logging_mixin.py:190} INFO - [2026-07-22T06:23:21.451+0000] {dag.py:3239} INFO - Sync 1 DAGs
[2026-07-22T06:23:21.466+0000] {logging_mixin.py:190} INFO - [2026-07-22T06:23:21.466+0000] {dag.py:4180} INFO - Setting next_dagrun for my_dag to None, run_after=None
[2026-07-22T06:23:21.480+0000] {processor.py:208} INFO - Processing /opt/airflow/dags/my_tasks.py took 0.058 seconds
[2026-07-22T06:23:51.712+0000] {processor.py:186} INFO - Started process (PID=1738) to work on /opt/airflow/dags/my_tasks.py
[2026-07-22T06:23:51.713+0000] {processor.py:914} INFO - Processing file /opt/airflow/dags/my_tasks.py for tasks to queue
[2026-07-22T06:23:51.714+0000] {logging_mixin.py:190} INFO - [2026-07-22T06:23:51.714+0000] {dagbag.py:588} INFO - Filling up the DagBag from /opt/airflow/dags/my_tasks.py
[2026-07-22T06:23:51.721+0000] {processor.py:925} INFO - DAG(s) 'my_dag' retrieved from /opt/airflow/dags/my_tasks.py
[2026-07-22T06:23:51.738+0000] {logging_mixin.py:190} INFO - [2026-07-22T06:23:51.738+0000] {dag.py:3239} INFO - Sync 1 DAGs
[2026-07-22T06:23:51.753+0000] {logging_mixin.py:190} INFO - [2026-07-22T06:23:51.752+0000] {dag.py:4180} INFO - Setting next_dagrun for my_dag to None, run_after=None
[2026-07-22T06:23:51.768+0000] {processor.py:208} INFO - Processing /opt/airflow/dags/my_tasks.py took 0.059 seconds
[2026-07-22T06:24:21.978+0000] {processor.py:186} INFO - Started process (PID=1749) to work on /opt/airflow/dags/my_tasks.py
[2026-07-22T06:24:21.978+0000] {processor.py:914} INFO - Processing file /opt/airflow/dags/my_tasks.py for tasks to queue
[2026-07-22T06:24:21.980+0000] {logging_mixin.py:190} INFO - [2026-07-22T06:24:21.979+0000] {dagbag.py:588} INFO - Filling up the DagBag from /opt/airflow/dags/my_tasks.py
[2026-07-22T06:24:21.986+0000] {processor.py:925} INFO - DAG(s) 'my_dag' retrieved from /opt/airflow/dags/my_tasks.py
[2026-07-22T06:24:22.003+0000] {logging_mixin.py:190} INFO - [2026-07-22T06:24:22.003+0000] {dag.py:3239} INFO - Sync 1 DAGs
[2026-07-22T06:24:22.019+0000] {logging_mixin.py:190} INFO - [2026-07-22T06:24:22.018+0000] {dag.py:4180} INFO - Setting next_dagrun for my_dag to None, run_after=None
[2026-07-22T06:24:22.033+0000] {processor.py:208} INFO - Processing /opt/airflow/dags/my_tasks.py took 0.060 seconds
[2026-07-22T06:24:52.257+0000] {processor.py:186} INFO - Started process (PID=1760) to work on /opt/airflow/dags/my_tasks.py
[2026-07-22T06:24:52.265+0000] {processor.py:914} INFO - Processing file /opt/airflow/dags/my_tasks.py for tasks to queue
[2026-07-22T06:24:52.268+0000] {logging_mixin.py:190} INFO - [2026-07-22T06:24:52.268+0000] {dagbag.py:588} INFO - Filling up the DagBag from /opt/airflow/dags/my_tasks.py
[2026-07-22T06:24:52.279+0000] {processor.py:925} INFO - DAG(s) 'my_dag' retrieved from /opt/airflow/dags/my_tasks.py
[2026-07-22T06:24:52.297+0000] {logging_mixin.py:190} INFO - [2026-07-22T06:24:52.297+0000] {dag.py:3239} INFO - Sync 1 DAGs
[2026-07-22T06:24:52.313+0000] {logging_mixin.py:190} INFO - [2026-07-22T06:24:52.313+0000] {dag.py:4180} INFO - Setting next_dagrun for my_dag to None, run_after=None
[2026-07-22T06:24:52.327+0000] {processor.py:208} INFO - Processing /opt/airflow/dags/my_tasks.py took 0.074 seconds
[2026-07-22T06:25:22.531+0000] {processor.py:186} INFO - Started process (PID=1771) to work on /opt/airflow/dags/my_tasks.py
[2026-07-22T06:25:22.532+0000] {processor.py:914} INFO - Processing file /opt/airflow/dags/my_tasks.py for tasks to queue
[2026-07-22T06:25:22.534+0000] {logging_mixin.py:190} INFO - [2026-07-22T06:25:22.533+0000] {dagbag.py:588} INFO - Filling up the DagBag from /opt/airflow/dags/my_tasks.py
[2026-07-22T06:25:22.541+0000] {processor.py:925} INFO - DAG(s) 'my_dag' retrieved from /opt/airflow/dags/my_tasks.py
[2026-07-22T06:25:22.558+0000] {logging_mixin.py:190} INFO - [2026-07-22T06:25:22.558+0000] {dag.py:3239} INFO - Sync 1 DAGs
[2026-07-22T06:25:22.573+0000] {logging_mixin.py:190} INFO - [2026-07-22T06:25:22.573+0000] {dag.py:4180} INFO - Setting next_dagrun for my_dag to None, run_after=None
[2026-07-22T06:25:22.587+0000] {processor.py:208} INFO - Processing /opt/airflow/dags/my_tasks.py took 0.060 seconds
[2026-07-22T06:25:52.800+0000] {processor.py:186} INFO - Started process (PID=1782) to work on /opt/airflow/dags/my_tasks.py
[2026-07-22T06:25:52.808+0000] {processor.py:914} INFO - Processing file /opt/airflow/dags/my_tasks.py for tasks to queue
[2026-07-22T06:25:52.810+0000] {logging_mixin.py:190} INFO - [2026-07-22T06:25:52.810+0000] {dagbag.py:588} INFO - Filling up the DagBag from /opt/airflow/dags/my_tasks.py
[2026-07-22T06:25:52.817+0000] {processor.py:925} INFO - DAG(s) 'my_dag' retrieved from /opt/airflow/dags/my_tasks.py
[2026-07-22T06:25:52.834+0000] {logging_mixin.py:190} INFO - [2026-07-22T06:25:52.834+0000] {dag.py:3239} INFO - Sync 1 DAGs
[2026-07-22T06:25:52.850+0000] {logging_mixin.py:190} INFO - [2026-07-22T06:25:52.850+0000] {dag.py:4180} INFO - Setting next_dagrun for my_dag to None, run_after=None
[2026-07-22T06:25:52.864+0000] {processor.py:208} INFO - Processing /opt/airflow/dags/my_tasks.py took 0.069 seconds
[2026-07-22T06:26:23.087+0000] {processor.py:186} INFO - Started process (PID=1793) to work on /opt/airflow/dags/my_tasks.py
[2026-07-22T06:26:23.087+0000] {processor.py:914} INFO - Processing file /opt/airflow/dags/my_tasks.py for tasks to queue
[2026-07-22T06:26:23.089+0000] {logging_mixin.py:190} INFO - [2026-07-22T06:26:23.089+0000] {dagbag.py:588} INFO - Filling up the DagBag from /opt/airflow/dags/my_tasks.py
[2026-07-22T06:26:23.095+0000] {processor.py:925} INFO - DAG(s) 'my_dag' retrieved from /opt/airflow/dags/my_tasks.py
[2026-07-22T06:26:23.113+0000] {logging_mixin.py:190} INFO - [2026-07-22T06:26:23.113+0000] {dag.py:3239} INFO - Sync 1 DAGs
[2026-07-22T06:26:23.128+0000] {logging_mixin.py:190} INFO - [2026-07-22T06:26:23.128+0000] {dag.py:4180} INFO - Setting next_dagrun for my_dag to None, run_after=None
[2026-07-22T06:26:23.143+0000] {processor.py:208} INFO - Processing /opt/airflow/dags/my_tasks.py took 0.061 seconds
[2026-07-22T06:26:53.342+0000] {processor.py:186} INFO - Started process (PID=1804) to work on /opt/airflow/dags/my_tasks.py
[2026-07-22T06:26:53.350+0000] {processor.py:914} INFO - Processing file /opt/airflow/dags/my_tasks.py for tasks to queue
[2026-07-22T06:26:53.352+0000] {logging_mixin.py:190} INFO - [2026-07-22T06:26:53.352+0000] {dagbag.py:588} INFO - Filling up the DagBag from /opt/airflow/dags/my_tasks.py
[2026-07-22T06:26:53.361+0000] {processor.py:925} INFO - DAG(s) 'my_dag' retrieved from /opt/airflow/dags/my_tasks.py
[2026-07-22T06:26:53.378+0000] {logging_mixin.py:190} INFO - [2026-07-22T06:26:53.378+0000] {dag.py:3239} INFO - Sync 1 DAGs
[2026-07-22T06:26:53.394+0000] {logging_mixin.py:190} INFO - [2026-07-22T06:26:53.393+0000] {dag.py:4180} INFO - Setting next_dagrun for my_dag to None, run_after=None
[2026-07-22T06:26:53.407+0000] {processor.py:208} INFO - Processing /opt/airflow/dags/my_tasks.py took 0.069 seconds
[2026-07-22T06:27:23.600+0000] {processor.py:186} INFO - Started process (PID=1815) to work on /opt/airflow/dags/my_tasks.py
[2026-07-22T06:27:23.600+0000] {processor.py:914} INFO - Processing file /opt/airflow/dags/my_tasks.py for tasks to queue
[2026-07-22T06:27:23.601+0000] {logging_mixin.py:190} INFO - [2026-07-22T06:27:23.601+0000] {dagbag.py:588} INFO - Filling up the DagBag from /opt/airflow/dags/my_tasks.py
[2026-07-22T06:27:23.608+0000] {processor.py:925} INFO - DAG(s) 'my_dag' retrieved from /opt/airflow/dags/my_tasks.py
[2026-07-22T06:27:23.625+0000] {logging_mixin.py:190} INFO - [2026-07-22T06:27:23.625+0000] {dag.py:3239} INFO - Sync 1 DAGs
[2026-07-22T06:27:23.640+0000] {logging_mixin.py:190} INFO - [2026-07-22T06:27:23.640+0000] {dag.py:4180} INFO - Setting next_dagrun for my_dag to None, run_after=None
[2026-07-22T06:27:23.657+0000] {processor.py:208} INFO - Processing /opt/airflow/dags/my_tasks.py took 0.061 seconds
[2026-07-22T06:27:53.851+0000] {processor.py:186} INFO - Started process (PID=1826) to work on /opt/airflow/dags/my_tasks.py
[2026-07-22T06:27:53.852+0000] {processor.py:914} INFO - Processing file /opt/airflow/dags/my_tasks.py for tasks to queue
[2026-07-22T06:27:53.853+0000] {logging_mixin.py:190} INFO - [2026-07-22T06:27:53.853+0000] {dagbag.py:588} INFO - Filling up the DagBag from /opt/airflow/dags/my_tasks.py
[2026-07-22T06:27:53.860+0000] {processor.py:925} INFO - DAG(s) 'my_dag' retrieved from /opt/airflow/dags/my_tasks.py
[2026-07-22T06:27:53.877+0000] {logging_mixin.py:190} INFO - [2026-07-22T06:27:53.877+0000] {dag.py:3239} INFO - Sync 1 DAGs
[2026-07-22T06:27:53.892+0000] {logging_mixin.py:190} INFO - [2026-07-22T06:27:53.892+0000] {dag.py:4180} INFO - Setting next_dagrun for my_dag to None, run_after=None
[2026-07-22T06:27:53.905+0000] {processor.py:208} INFO - Processing /opt/airflow/dags/my_tasks.py took 0.058 seconds
[2026-07-22T06:28:24.115+0000] {processor.py:186} INFO - Started process (PID=1837) to work on /opt/airflow/dags/my_tasks.py
[2026-07-22T06:28:24.115+0000] {processor.py:914} INFO - Processing file /opt/airflow/dags/my_tasks.py for tasks to queue
[2026-07-22T06:28:24.117+0000] {logging_mixin.py:190} INFO - [2026-07-22T06:28:24.116+0000] {dagbag.py:588} INFO - Filling up the DagBag from /opt/airflow/dags/my_tasks.py
[2026-07-22T06:28:24.126+0000] {processor.py:925} INFO - DAG(s) 'my_dag' retrieved from /opt/airflow/dags/my_tasks.py
[2026-07-22T06:28:24.145+0000] {logging_mixin.py:190} INFO - [2026-07-22T06:28:24.144+0000] {dag.py:3239} INFO - Sync 1 DAGs
[2026-07-22T06:28:24.160+0000] {logging_mixin.py:190} INFO - [2026-07-22T06:28:24.159+0000] {dag.py:4180} INFO - Setting next_dagrun for my_dag to None, run_after=None
[2026-07-22T06:28:24.175+0000] {processor.py:208} INFO - Processing /opt/airflow/dags/my_tasks.py took 0.064 seconds
[2026-07-22T06:28:54.399+0000] {processor.py:186} INFO - Started process (PID=1848) to work on /opt/airflow/dags/my_tasks.py
[2026-07-22T06:28:54.407+0000] {processor.py:914} INFO - Processing file /opt/airflow/dags/my_tasks.py for tasks to queue
[2026-07-22T06:28:54.410+0000] {logging_mixin.py:190} INFO - [2026-07-22T06:28:54.409+0000] {dagbag.py:588} INFO - Filling up the DagBag from /opt/airflow/dags/my_tasks.py
[2026-07-22T06:28:54.421+0000] {processor.py:925} INFO - DAG(s) 'my_dag' retrieved from /opt/airflow/dags/my_tasks.py
[2026-07-22T06:28:54.442+0000] {logging_mixin.py:190} INFO - [2026-07-22T06:28:54.442+0000] {dag.py:3239} INFO - Sync 1 DAGs
[2026-07-22T06:28:54.461+0000] {logging_mixin.py:190} INFO - [2026-07-22T06:28:54.461+0000] {dag.py:4180} INFO - Setting next_dagrun for my_dag to None, run_after=None
[2026-07-22T06:28:54.475+0000] {processor.py:208} INFO - Processing /opt/airflow/dags/my_tasks.py took 0.080 seconds
[2026-07-22T06:29:24.687+0000] {processor.py:186} INFO - Started process (PID=1865) to work on /opt/airflow/dags/my_tasks.py
[2026-07-22T06:29:24.687+0000] {processor.py:914} INFO - Processing file /opt/airflow/dags/my_tasks.py for tasks to queue
[2026-07-22T06:29:24.689+0000] {logging_mixin.py:190} INFO - [2026-07-22T06:29:24.689+0000] {dagbag.py:588} INFO - Filling up the DagBag from /opt/airflow/dags/my_tasks.py
[2026-07-22T06:29:24.696+0000] {processor.py:925} INFO - DAG(s) 'my_dag' retrieved from /opt/airflow/dags/my_tasks.py
[2026-07-22T06:29:24.714+0000] {logging_mixin.py:190} INFO - [2026-07-22T06:29:24.713+0000] {dag.py:3239} INFO - Sync 1 DAGs
[2026-07-22T06:29:24.728+0000] {logging_mixin.py:190} INFO - [2026-07-22T06:29:24.728+0000] {dag.py:4180} INFO - Setting next_dagrun for my_dag to None, run_after=None
[2026-07-22T06:29:24.742+0000] {processor.py:208} INFO - Processing /opt/airflow/dags/my_tasks.py took 0.059 seconds
[2026-07-22T06:29:54.988+0000] {processor.py:186} INFO - Started process (PID=1876) to work on /opt/airflow/dags/my_tasks.py
[2026-07-22T06:29:54.989+0000] {processor.py:914} INFO - Processing file /opt/airflow/dags/my_tasks.py for tasks to queue
[2026-07-22T06:29:54.990+0000] {logging_mixin.py:190} INFO - [2026-07-22T06:29:54.990+0000] {dagbag.py:588} INFO - Filling up the DagBag from /opt/airflow/dags/my_tasks.py
[2026-07-22T06:29:54.997+0000] {processor.py:925} INFO - DAG(s) 'my_dag' retrieved from /opt/airflow/dags/my_tasks.py
[2026-07-22T06:29:55.014+0000] {logging_mixin.py:190} INFO - [2026-07-22T06:29:55.014+0000] {dag.py:3239} INFO - Sync 1 DAGs
[2026-07-22T06:29:55.030+0000] {logging_mixin.py:190} INFO - [2026-07-22T06:29:55.029+0000] {dag.py:4180} INFO - Setting next_dagrun for my_dag to None, run_after=None
[2026-07-22T06:29:55.047+0000] {processor.py:208} INFO - Processing /opt/airflow/dags/my_tasks.py took 0.063 seconds
[2026-07-22T06:30:25.272+0000] {processor.py:186} INFO - Started process (PID=1887) to work on /opt/airflow/dags/my_tasks.py
[2026-07-22T06:30:25.273+0000] {processor.py:914} INFO - Processing file /opt/airflow/dags/my_tasks.py for tasks to queue
[2026-07-22T06:30:25.274+0000] {logging_mixin.py:190} INFO - [2026-07-22T06:30:25.274+0000] {dagbag.py:588} INFO - Filling up the DagBag from /opt/airflow/dags/my_tasks.py
[2026-07-22T06:30:25.282+0000] {processor.py:925} INFO - DAG(s) 'my_dag' retrieved from /opt/airflow/dags/my_tasks.py
[2026-07-22T06:30:25.299+0000] {logging_mixin.py:190} INFO - [2026-07-22T06:30:25.298+0000] {dag.py:3239} INFO - Sync 1 DAGs
[2026-07-22T06:30:25.314+0000] {logging_mixin.py:190} INFO - [2026-07-22T06:30:25.314+0000] {dag.py:4180} INFO - Setting next_dagrun for my_dag to None, run_after=None
[2026-07-22T06:30:25.328+0000] {processor.py:208} INFO - Processing /opt/airflow/dags/my_tasks.py took 0.060 seconds
[2026-07-22T06:30:55.552+0000] {processor.py:186} INFO - Started process (PID=1898) to work on /opt/airflow/dags/my_tasks.py
[2026-07-22T06:30:55.560+0000] {processor.py:914} INFO - Processing file /opt/airflow/dags/my_tasks.py for tasks to queue
[2026-07-22T06:30:55.563+0000] {logging_mixin.py:190} INFO - [2026-07-22T06:30:55.562+0000] {dagbag.py:588} INFO - Filling up the DagBag from /opt/airflow/dags/my_tasks.py
[2026-07-22T06:30:55.571+0000] {processor.py:925} INFO - DAG(s) 'my_dag' retrieved from /opt/airflow/dags/my_tasks.py
[2026-07-22T06:30:55.588+0000] {logging_mixin.py:190} INFO - [2026-07-22T06:30:55.588+0000] {dag.py:3239} INFO - Sync 1 DAGs
[2026-07-22T06:30:55.605+0000] {logging_mixin.py:190} INFO - [2026-07-22T06:30:55.605+0000] {dag.py:4180} INFO - Setting next_dagrun for my_dag to None, run_after=None
[2026-07-22T06:30:55.620+0000] {processor.py:208} INFO - Processing /opt/airflow/dags/my_tasks.py took 0.071 seconds
[2026-07-22T06:31:25.835+0000] {processor.py:186} INFO - Started process (PID=1909) to work on /opt/airflow/dags/my_tasks.py
[2026-07-22T06:31:25.835+0000] {processor.py:914} INFO - Processing file /opt/airflow/dags/my_tasks.py for tasks to queue
[2026-07-22T06:31:25.837+0000] {logging_mixin.py:190} INFO - [2026-07-22T06:31:25.837+0000] {dagbag.py:588} INFO - Filling up the DagBag from /opt/airflow/dags/my_tasks.py
[2026-07-22T06:31:25.843+0000] {processor.py:925} INFO - DAG(s) 'my_dag' retrieved from /opt/airflow/dags/my_tasks.py
[2026-07-22T06:31:25.860+0000] {logging_mixin.py:190} INFO - [2026-07-22T06:31:25.860+0000] {dag.py:3239} INFO - Sync 1 DAGs
[2026-07-22T06:31:25.875+0000] {logging_mixin.py:190} INFO - [2026-07-22T06:31:25.875+0000] {dag.py:4180} INFO - Setting next_dagrun for my_dag to None, run_after=None
[2026-07-22T06:31:25.889+0000] {processor.py:208} INFO - Processing /opt/airflow/dags/my_tasks.py took 0.058 seconds
[2026-07-22T06:31:56.114+0000] {processor.py:186} INFO - Started process (PID=1920) to work on /opt/airflow/dags/my_tasks.py
[2026-07-22T06:31:56.115+0000] {processor.py:914} INFO - Processing file /opt/airflow/dags/my_tasks.py for tasks to queue
[2026-07-22T06:31:56.117+0000] {logging_mixin.py:190} INFO - [2026-07-22T06:31:56.117+0000] {dagbag.py:588} INFO - Filling up the DagBag from /opt/airflow/dags/my_tasks.py
[2026-07-22T06:31:56.124+0000] {processor.py:925} INFO - DAG(s) 'my_dag' retrieved from /opt/airflow/dags/my_tasks.py
[2026-07-22T06:31:56.142+0000] {logging_mixin.py:190} INFO - [2026-07-22T06:31:56.141+0000] {dag.py:3239} INFO - Sync 1 DAGs
[2026-07-22T06:31:56.158+0000] {logging_mixin.py:190} INFO - [2026-07-22T06:31:56.157+0000] {dag.py:4180} INFO - Setting next_dagrun for my_dag to None, run_after=None
[2026-07-22T06:31:56.192+0000] {processor.py:208} INFO - Processing /opt/airflow/dags/my_tasks.py took 0.082 seconds
[2026-07-22T06:32:26.377+0000] {processor.py:186} INFO - Started process (PID=1931) to work on /opt/airflow/dags/my_tasks.py
[2026-07-22T06:32:26.385+0000] {processor.py:914} INFO - Processing file /opt/airflow/dags/my_tasks.py for tasks to queue
[2026-07-22T06:32:26.388+0000] {logging_mixin.py:190} INFO - [2026-07-22T06:32:26.388+0000] {dagbag.py:588} INFO - Filling up the DagBag from /opt/airflow/dags/my_tasks.py
[2026-07-22T06:32:26.399+0000] {processor.py:925} INFO - DAG(s) 'my_dag' retrieved from /opt/airflow/dags/my_tasks.py
[2026-07-22T06:32:26.417+0000] {logging_mixin.py:190} INFO - [2026-07-22T06:32:26.416+0000] {dag.py:3239} INFO - Sync 1 DAGs
[2026-07-22T06:32:26.433+0000] {logging_mixin.py:190} INFO - [2026-07-22T06:32:26.432+0000] {dag.py:4180} INFO - Setting next_dagrun for my_dag to None, run_after=None
[2026-07-22T06:32:26.446+0000] {processor.py:208} INFO - Processing /opt/airflow/dags/my_tasks.py took 0.072 seconds
[2026-07-22T06:32:56.634+0000] {processor.py:186} INFO - Started process (PID=1942) to work on /opt/airflow/dags/my_tasks.py
[2026-07-22T06:32:56.634+0000] {processor.py:914} INFO - Processing file /opt/airflow/dags/my_tasks.py for tasks to queue
[2026-07-22T06:32:56.635+0000] {logging_mixin.py:190} INFO - [2026-07-22T06:32:56.635+0000] {dagbag.py:588} INFO - Filling up the DagBag from /opt/airflow/dags/my_tasks.py
[2026-07-22T06:32:56.642+0000] {processor.py:925} INFO - DAG(s) 'my_dag' retrieved from /opt/airflow/dags/my_tasks.py
[2026-07-22T06:32:56.659+0000] {logging_mixin.py:190} INFO - [2026-07-22T06:32:56.659+0000] {dag.py:3239} INFO - Sync 1 DAGs
[2026-07-22T06:32:56.674+0000] {logging_mixin.py:190} INFO - [2026-07-22T06:32:56.674+0000] {dag.py:4180} INFO - Setting next_dagrun for my_dag to None, run_after=None
[2026-07-22T06:32:56.688+0000] {processor.py:208} INFO - Processing /opt/airflow/dags/my_tasks.py took 0.058 seconds
[2026-07-22T06:33:26.887+0000] {processor.py:186} INFO - Started process (PID=1953) to work on /opt/airflow/dags/my_tasks.py
[2026-07-22T06:33:26.895+0000] {processor.py:914} INFO - Processing file /opt/airflow/dags/my_tasks.py for tasks to queue
[2026-07-22T06:33:26.897+0000] {logging_mixin.py:190} INFO - [2026-07-22T06:33:26.897+0000] {dagbag.py:588} INFO - Filling up the DagBag from /opt/airflow/dags/my_tasks.py
[2026-07-22T06:33:26.907+0000] {processor.py:925} INFO - DAG(s) 'my_dag' retrieved from /opt/airflow/dags/my_tasks.py
[2026-07-22T06:33:26.924+0000] {logging_mixin.py:190} INFO - [2026-07-22T06:33:26.924+0000] {dag.py:3239} INFO - Sync 1 DAGs
[2026-07-22T06:33:26.939+0000] {logging_mixin.py:190} INFO - [2026-07-22T06:33:26.939+0000] {dag.py:4180} INFO - Setting next_dagrun for my_dag to None, run_after=None
[2026-07-22T06:33:26.952+0000] {processor.py:208} INFO - Processing /opt/airflow/dags/my_tasks.py took 0.069 seconds
[2026-07-22T06:33:57.182+0000] {processor.py:186} INFO - Started process (PID=1964) to work on /opt/airflow/dags/my_tasks.py
[2026-07-22T06:33:57.182+0000] {processor.py:914} INFO - Processing file /opt/airflow/dags/my_tasks.py for tasks to queue
[2026-07-22T06:33:57.184+0000] {logging_mixin.py:190} INFO - [2026-07-22T06:33:57.183+0000] {dagbag.py:588} INFO - Filling up the DagBag from /opt/airflow/dags/my_tasks.py
[2026-07-22T06:33:57.191+0000] {processor.py:925} INFO - DAG(s) 'my_dag' retrieved from /opt/airflow/dags/my_tasks.py
[2026-07-22T06:33:57.208+0000] {logging_mixin.py:190} INFO - [2026-07-22T06:33:57.208+0000] {dag.py:3239} INFO - Sync 1 DAGs
[2026-07-22T06:33:57.224+0000] {logging_mixin.py:190} INFO - [2026-07-22T06:33:57.224+0000] {dag.py:4180} INFO - Setting next_dagrun for my_dag to None, run_after=None
[2026-07-22T06:33:57.238+0000] {processor.py:208} INFO - Processing /opt/airflow/dags/my_tasks.py took 0.061 seconds
[2026-07-22T06:34:27.473+0000] {processor.py:186} INFO - Started process (PID=1975) to work on /opt/airflow/dags/my_tasks.py
[2026-07-22T06:34:27.481+0000] {processor.py:914} INFO - Processing file /opt/airflow/dags/my_tasks.py for tasks to queue
[2026-07-22T06:34:27.483+0000] {logging_mixin.py:190} INFO - [2026-07-22T06:34:27.483+0000] {dagbag.py:588} INFO - Filling up the DagBag from /opt/airflow/dags/my_tasks.py
[2026-07-22T06:34:27.494+0000] {processor.py:925} INFO - DAG(s) 'my_dag' retrieved from /opt/airflow/dags/my_tasks.py
[2026-07-22T06:34:27.512+0000] {logging_mixin.py:190} INFO - [2026-07-22T06:34:27.512+0000] {dag.py:3239} INFO - Sync 1 DAGs
[2026-07-22T06:34:27.527+0000] {logging_mixin.py:190} INFO - [2026-07-22T06:34:27.527+0000] {dag.py:4180} INFO - Setting next_dagrun for my_dag to None, run_after=None
[2026-07-22T06:34:27.540+0000] {processor.py:208} INFO - Processing /opt/airflow/dags/my_tasks.py took 0.071 seconds
[2026-07-22T06:34:57.765+0000] {processor.py:186} INFO - Started process (PID=1986) to work on /opt/airflow/dags/my_tasks.py
[2026-07-22T06:34:57.765+0000] {processor.py:914} INFO - Processing file /opt/airflow/dags/my_tasks.py for tasks to queue
[2026-07-22T06:34:57.767+0000] {logging_mixin.py:190} INFO - [2026-07-22T06:34:57.767+0000] {dagbag.py:588} INFO - Filling up the DagBag from /opt/airflow/dags/my_tasks.py
[2026-07-22T06:34:57.774+0000] {processor.py:925} INFO - DAG(s) 'my_dag' retrieved from /opt/airflow/dags/my_tasks.py
[2026-07-22T06:34:57.792+0000] {logging_mixin.py:190} INFO - [2026-07-22T06:34:57.792+0000] {dag.py:3239} INFO - Sync 1 DAGs
[2026-07-22T06:34:57.807+0000] {logging_mixin.py:190} INFO - [2026-07-22T06:34:57.807+0000] {dag.py:4180} INFO - Setting next_dagrun for my_dag to None, run_after=None
[2026-07-22T06:34:57.820+0000] {processor.py:208} INFO - Processing /opt/airflow/dags/my_tasks.py took 0.059 seconds
[2026-07-22T06:35:28.029+0000] {processor.py:186} INFO - Started process (PID=1997) to work on /opt/airflow/dags/my_tasks.py
[2026-07-22T06:35:28.029+0000] {processor.py:914} INFO - Processing file /opt/airflow/dags/my_tasks.py for tasks to queue
[2026-07-22T06:35:28.031+0000] {logging_mixin.py:190} INFO - [2026-07-22T06:35:28.031+0000] {dagbag.py:588} INFO - Filling up the DagBag from /opt/airflow/dags/my_tasks.py
[2026-07-22T06:35:28.037+0000] {processor.py:925} INFO - DAG(s) 'my_dag' retrieved from /opt/airflow/dags/my_tasks.py
[2026-07-22T06:35:28.054+0000] {logging_mixin.py:190} INFO - [2026-07-22T06:35:28.054+0000] {dag.py:3239} INFO - Sync 1 DAGs
[2026-07-22T06:35:28.070+0000] {logging_mixin.py:190} INFO - [2026-07-22T06:35:28.069+0000] {dag.py:4180} INFO - Setting next_dagrun for my_dag to None, run_after=None
[2026-07-22T06:35:28.083+0000] {processor.py:208} INFO - Processing /opt/airflow/dags/my_tasks.py took 0.058 seconds
[2026-07-22T06:35:58.307+0000] {processor.py:186} INFO - Started process (PID=2008) to work on /opt/airflow/dags/my_tasks.py
[2026-07-22T06:35:58.307+0000] {processor.py:914} INFO - Processing file /opt/airflow/dags/my_tasks.py for tasks to queue
[2026-07-22T06:35:58.309+0000] {logging_mixin.py:190} INFO - [2026-07-22T06:35:58.309+0000] {dagbag.py:588} INFO - Filling up the DagBag from /opt/airflow/dags/my_tasks.py
[2026-07-22T06:35:58.316+0000] {processor.py:925} INFO - DAG(s) 'my_dag' retrieved from /opt/airflow/dags/my_tasks.py
[2026-07-22T06:35:58.333+0000] {logging_mixin.py:190} INFO - [2026-07-22T06:35:58.332+0000] {dag.py:3239} INFO - Sync 1 DAGs
[2026-07-22T06:35:58.348+0000] {logging_mixin.py:190} INFO - [2026-07-22T06:35:58.348+0000] {dag.py:4180} INFO - Setting next_dagrun for my_dag to None, run_after=None
[2026-07-22T06:35:58.362+0000] {processor.py:208} INFO - Processing /opt/airflow/dags/my_tasks.py took 0.061 seconds
[2026-07-22T06:36:28.597+0000] {processor.py:186} INFO - Started process (PID=2019) to work on /opt/airflow/dags/my_tasks.py
[2026-07-22T06:36:28.597+0000] {processor.py:914} INFO - Processing file /opt/airflow/dags/my_tasks.py for tasks to queue
[2026-07-22T06:36:28.599+0000] {logging_mixin.py:190} INFO - [2026-07-22T06:36:28.598+0000] {dagbag.py:588} INFO - Filling up the DagBag from /opt/airflow/dags/my_tasks.py
[2026-07-22T06:36:28.606+0000] {processor.py:925} INFO - DAG(s) 'my_dag' retrieved from /opt/airflow/dags/my_tasks.py
[2026-07-22T06:36:28.624+0000] {logging_mixin.py:190} INFO - [2026-07-22T06:36:28.624+0000] {dag.py:3239} INFO - Sync 1 DAGs
[2026-07-22T06:36:28.639+0000] {logging_mixin.py:190} INFO - [2026-07-22T06:36:28.639+0000] {dag.py:4180} INFO - Setting next_dagrun for my_dag to None, run_after=None
[2026-07-22T06:36:28.654+0000] {processor.py:208} INFO - Processing /opt/airflow/dags/my_tasks.py took 0.061 seconds
[2026-07-22T06:36:58.875+0000] {processor.py:186} INFO - Started process (PID=2030) to work on /opt/airflow/dags/my_tasks.py
[2026-07-22T06:36:58.876+0000] {processor.py:914} INFO - Processing file /opt/airflow/dags/my_tasks.py for tasks to queue
[2026-07-22T06:36:58.877+0000] {logging_mixin.py:190} INFO - [2026-07-22T06:36:58.877+0000] {dagbag.py:588} INFO - Filling up the DagBag from /opt/airflow/dags/my_tasks.py
[2026-07-22T06:36:58.883+0000] {processor.py:925} INFO - DAG(s) 'my_dag' retrieved from /opt/airflow/dags/my_tasks.py
[2026-07-22T06:36:58.900+0000] {logging_mixin.py:190} INFO - [2026-07-22T06:36:58.900+0000] {dag.py:3239} INFO - Sync 1 DAGs
[2026-07-22T06:36:58.916+0000] {logging_mixin.py:190} INFO - [2026-07-22T06:36:58.915+0000] {dag.py:4180} INFO - Setting next_dagrun for my_dag to None, run_after=None
[2026-07-22T06:36:58.929+0000] {processor.py:208} INFO - Processing /opt/airflow/dags/my_tasks.py took 0.058 seconds
[2026-07-22T06:37:29.136+0000] {processor.py:186} INFO - Started process (PID=2041) to work on /opt/airflow/dags/my_tasks.py
[2026-07-22T06:37:29.145+0000] {processor.py:914} INFO - Processing file /opt/airflow/dags/my_tasks.py for tasks to queue
[2026-07-22T06:37:29.148+0000] {logging_mixin.py:190} INFO - [2026-07-22T06:37:29.148+0000] {dagbag.py:588} INFO - Filling up the DagBag from /opt/airflow/dags/my_tasks.py
[2026-07-22T06:37:29.156+0000] {processor.py:925} INFO - DAG(s) 'my_dag' retrieved from /opt/airflow/dags/my_tasks.py
[2026-07-22T06:37:29.176+0000] {logging_mixin.py:190} INFO - [2026-07-22T06:37:29.175+0000] {dag.py:3239} INFO - Sync 1 DAGs
[2026-07-22T06:37:29.193+0000] {logging_mixin.py:190} INFO - [2026-07-22T06:37:29.193+0000] {dag.py:4180} INFO - Setting next_dagrun for my_dag to None, run_after=None
[2026-07-22T06:37:29.206+0000] {processor.py:208} INFO - Processing /opt/airflow/dags/my_tasks.py took 0.075 seconds
[2026-07-22T06:37:59.409+0000] {processor.py:186} INFO - Started process (PID=2052) to work on /opt/airflow/dags/my_tasks.py
[2026-07-22T06:37:59.410+0000] {processor.py:914} INFO - Processing file /opt/airflow/dags/my_tasks.py for tasks to queue
[2026-07-22T06:37:59.411+0000] {logging_mixin.py:190} INFO - [2026-07-22T06:37:59.411+0000] {dagbag.py:588} INFO - Filling up the DagBag from /opt/airflow/dags/my_tasks.py
[2026-07-22T06:37:59.418+0000] {processor.py:925} INFO - DAG(s) 'my_dag' retrieved from /opt/airflow/dags/my_tasks.py
[2026-07-22T06:37:59.436+0000] {logging_mixin.py:190} INFO - [2026-07-22T06:37:59.436+0000] {dag.py:3239} INFO - Sync 1 DAGs
[2026-07-22T06:37:59.454+0000] {logging_mixin.py:190} INFO - [2026-07-22T06:37:59.454+0000] {dag.py:4180} INFO - Setting next_dagrun for my_dag to None, run_after=None
[2026-07-22T06:37:59.468+0000] {processor.py:208} INFO - Processing /opt/airflow/dags/my_tasks.py took 0.063 seconds
[2026-07-22T06:38:29.651+0000] {processor.py:186} INFO - Started process (PID=2063) to work on /opt/airflow/dags/my_tasks.py
[2026-07-22T06:38:29.652+0000] {processor.py:914} INFO - Processing file /opt/airflow/dags/my_tasks.py for tasks to queue
[2026-07-22T06:38:29.654+0000] {logging_mixin.py:190} INFO - [2026-07-22T06:38:29.654+0000] {dagbag.py:588} INFO - Filling up the DagBag from /opt/airflow/dags/my_tasks.py
[2026-07-22T06:38:29.662+0000] {processor.py:925} INFO - DAG(s) 'my_dag' retrieved from /opt/airflow/dags/my_tasks.py
[2026-07-22T06:38:29.680+0000] {logging_mixin.py:190} INFO - [2026-07-22T06:38:29.680+0000] {dag.py:3239} INFO - Sync 1 DAGs
[2026-07-22T06:38:29.696+0000] {logging_mixin.py:190} INFO - [2026-07-22T06:38:29.695+0000] {dag.py:4180} INFO - Setting next_dagrun for my_dag to None, run_after=None
[2026-07-22T06:38:29.708+0000] {processor.py:208} INFO - Processing /opt/airflow/dags/my_tasks.py took 0.062 seconds
[2026-07-22T06:38:59.911+0000] {processor.py:186} INFO - Started process (PID=2074) to work on /opt/airflow/dags/my_tasks.py
[2026-07-22T06:38:59.911+0000] {processor.py:914} INFO - Processing file /opt/airflow/dags/my_tasks.py for tasks to queue
[2026-07-22T06:38:59.913+0000] {logging_mixin.py:190} INFO - [2026-07-22T06:38:59.913+0000] {dagbag.py:588} INFO - Filling up the DagBag from /opt/airflow/dags/my_tasks.py
[2026-07-22T06:38:59.919+0000] {processor.py:925} INFO - DAG(s) 'my_dag' retrieved from /opt/airflow/dags/my_tasks.py
[2026-07-22T06:38:59.936+0000] {logging_mixin.py:190} INFO - [2026-07-22T06:38:59.936+0000] {dag.py:3239} INFO - Sync 1 DAGs
[2026-07-22T06:38:59.952+0000] {logging_mixin.py:190} INFO - [2026-07-22T06:38:59.951+0000] {dag.py:4180} INFO - Setting next_dagrun for my_dag to None, run_after=None
[2026-07-22T06:38:59.965+0000] {processor.py:208} INFO - Processing /opt/airflow/dags/my_tasks.py took 0.059 seconds
[2026-07-22T06:39:30.178+0000] {processor.py:186} INFO - Started process (PID=2085) to work on /opt/airflow/dags/my_tasks.py
[2026-07-22T06:39:30.179+0000] {processor.py:914} INFO - Processing file /opt/airflow/dags/my_tasks.py for tasks to queue
[2026-07-22T06:39:30.180+0000] {logging_mixin.py:190} INFO - [2026-07-22T06:39:30.180+0000] {dagbag.py:588} INFO - Filling up the DagBag from /opt/airflow/dags/my_tasks.py
[2026-07-22T06:39:30.186+0000] {processor.py:925} INFO - DAG(s) 'my_dag' retrieved from /opt/airflow/dags/my_tasks.py
[2026-07-22T06:39:30.204+0000] {logging_mixin.py:190} INFO - [2026-07-22T06:39:30.204+0000] {dag.py:3239} INFO - Sync 1 DAGs
[2026-07-22T06:39:30.219+0000] {logging_mixin.py:190} INFO - [2026-07-22T06:39:30.219+0000] {dag.py:4180} INFO - Setting next_dagrun for my_dag to None, run_after=None
[2026-07-22T06:39:30.234+0000] {processor.py:208} INFO - Processing /opt/airflow/dags/my_tasks.py took 0.060 seconds
[2026-07-22T06:40:00.464+0000] {processor.py:186} INFO - Started process (PID=2096) to work on /opt/airflow/dags/my_tasks.py
[2026-07-22T06:40:00.465+0000] {processor.py:914} INFO - Processing file /opt/airflow/dags/my_tasks.py for tasks to queue
[2026-07-22T06:40:00.466+0000] {logging_mixin.py:190} INFO - [2026-07-22T06:40:00.466+0000] {dagbag.py:588} INFO - Filling up the DagBag from /opt/airflow/dags/my_tasks.py
[2026-07-22T06:40:00.473+0000] {processor.py:925} INFO - DAG(s) 'my_dag' retrieved from /opt/airflow/dags/my_tasks.py
[2026-07-22T06:40:00.493+0000] {logging_mixin.py:190} INFO - [2026-07-22T06:40:00.493+0000] {dag.py:3239} INFO - Sync 1 DAGs
[2026-07-22T06:40:00.508+0000] {logging_mixin.py:190} INFO - [2026-07-22T06:40:00.508+0000] {dag.py:4180} INFO - Setting next_dagrun for my_dag to None, run_after=None
[2026-07-22T06:40:00.522+0000] {processor.py:208} INFO - Processing /opt/airflow/dags/my_tasks.py took 0.061 seconds
[2026-07-22T06:40:30.742+0000] {processor.py:186} INFO - Started process (PID=2107) to work on /opt/airflow/dags/my_tasks.py
[2026-07-22T06:40:30.750+0000] {processor.py:914} INFO - Processing file /opt/airflow/dags/my_tasks.py for tasks to queue
[2026-07-22T06:40:30.754+0000] {logging_mixin.py:190} INFO - [2026-07-22T06:40:30.753+0000] {dagbag.py:588} INFO - Filling up the DagBag from /opt/airflow/dags/my_tasks.py
[2026-07-22T06:40:30.763+0000] {processor.py:925} INFO - DAG(s) 'my_dag' retrieved from /opt/airflow/dags/my_tasks.py
[2026-07-22T06:40:30.780+0000] {logging_mixin.py:190} INFO - [2026-07-22T06:40:30.780+0000] {dag.py:3239} INFO - Sync 1 DAGs
[2026-07-22T06:40:30.796+0000] {logging_mixin.py:190} INFO - [2026-07-22T06:40:30.796+0000] {dag.py:4180} INFO - Setting next_dagrun for my_dag to None, run_after=None
[2026-07-22T06:40:30.810+0000] {processor.py:208} INFO - Processing /opt/airflow/dags/my_tasks.py took 0.072 seconds
[2026-07-22T06:41:00.992+0000] {processor.py:186} INFO - Started process (PID=2118) to work on /opt/airflow/dags/my_tasks.py
[2026-07-22T06:41:00.992+0000] {processor.py:914} INFO - Processing file /opt/airflow/dags/my_tasks.py for tasks to queue
[2026-07-22T06:41:00.993+0000] {logging_mixin.py:190} INFO - [2026-07-22T06:41:00.993+0000] {dagbag.py:588} INFO - Filling up the DagBag from /opt/airflow/dags/my_tasks.py
[2026-07-22T06:41:01.000+0000] {processor.py:925} INFO - DAG(s) 'my_dag' retrieved from /opt/airflow/dags/my_tasks.py
[2026-07-22T06:41:01.017+0000] {logging_mixin.py:190} INFO - [2026-07-22T06:41:01.017+0000] {dag.py:3239} INFO - Sync 1 DAGs
[2026-07-22T06:41:01.032+0000] {logging_mixin.py:190} INFO - [2026-07-22T06:41:01.032+0000] {dag.py:4180} INFO - Setting next_dagrun for my_dag to None, run_after=None
[2026-07-22T06:41:01.045+0000] {processor.py:208} INFO - Processing /opt/airflow/dags/my_tasks.py took 0.057 seconds
[2026-07-22T06:41:31.272+0000] {processor.py:186} INFO - Started process (PID=2129) to work on /opt/airflow/dags/my_tasks.py
[2026-07-22T06:41:31.280+0000] {processor.py:914} INFO - Processing file /opt/airflow/dags/my_tasks.py for tasks to queue
[2026-07-22T06:41:31.282+0000] {logging_mixin.py:190} INFO - [2026-07-22T06:41:31.282+0000] {dagbag.py:588} INFO - Filling up the DagBag from /opt/airflow/dags/my_tasks.py
[2026-07-22T06:41:31.291+0000] {processor.py:925} INFO - DAG(s) 'my_dag' retrieved from /opt/airflow/dags/my_tasks.py
[2026-07-22T06:41:31.309+0000] {logging_mixin.py:190} INFO - [2026-07-22T06:41:31.309+0000] {dag.py:3239} INFO - Sync 1 DAGs
[2026-07-22T06:41:31.325+0000] {logging_mixin.py:190} INFO - [2026-07-22T06:41:31.324+0000] {dag.py:4180} INFO - Setting next_dagrun for my_dag to None, run_after=None
[2026-07-22T06:41:31.338+0000] {processor.py:208} INFO - Processing /opt/airflow/dags/my_tasks.py took 0.070 seconds
[2026-07-22T06:42:01.562+0000] {processor.py:186} INFO - Started process (PID=2140) to work on /opt/airflow/dags/my_tasks.py
[2026-07-22T06:42:01.562+0000] {processor.py:914} INFO - Processing file /opt/airflow/dags/my_tasks.py for tasks to queue
[2026-07-22T06:42:01.564+0000] {logging_mixin.py:190} INFO - [2026-07-22T06:42:01.563+0000] {dagbag.py:588} INFO - Filling up the DagBag from /opt/airflow/dags/my_tasks.py
[2026-07-22T06:42:01.570+0000] {processor.py:925} INFO - DAG(s) 'my_dag' retrieved from /opt/airflow/dags/my_tasks.py
[2026-07-22T06:42:01.588+0000] {logging_mixin.py:190} INFO - [2026-07-22T06:42:01.588+0000] {dag.py:3239} INFO - Sync 1 DAGs
[2026-07-22T06:42:01.603+0000] {logging_mixin.py:190} INFO - [2026-07-22T06:42:01.603+0000] {dag.py:4180} INFO - Setting next_dagrun for my_dag to None, run_after=None
[2026-07-22T06:42:01.617+0000] {processor.py:208} INFO - Processing /opt/airflow/dags/my_tasks.py took 0.059 seconds
[2026-07-22T06:42:31.826+0000] {processor.py:186} INFO - Started process (PID=2151) to work on /opt/airflow/dags/my_tasks.py
[2026-07-22T06:42:31.827+0000] {processor.py:914} INFO - Processing file /opt/airflow/dags/my_tasks.py for tasks to queue
[2026-07-22T06:42:31.829+0000] {logging_mixin.py:190} INFO - [2026-07-22T06:42:31.828+0000] {dagbag.py:588} INFO - Filling up the DagBag from /opt/airflow/dags/my_tasks.py
[2026-07-22T06:42:31.835+0000] {processor.py:925} INFO - DAG(s) 'my_dag' retrieved from /opt/airflow/dags/my_tasks.py
[2026-07-22T06:42:31.852+0000] {logging_mixin.py:190} INFO - [2026-07-22T06:42:31.852+0000] {dag.py:3239} INFO - Sync 1 DAGs
[2026-07-22T06:42:31.868+0000] {logging_mixin.py:190} INFO - [2026-07-22T06:42:31.868+0000] {dag.py:4180} INFO - Setting next_dagrun for my_dag to None, run_after=None
[2026-07-22T06:42:31.882+0000] {processor.py:208} INFO - Processing /opt/airflow/dags/my_tasks.py took 0.060 seconds
[2026-07-22T06:43:02.106+0000] {processor.py:186} INFO - Started process (PID=2162) to work on /opt/airflow/dags/my_tasks.py
[2026-07-22T06:43:02.106+0000] {processor.py:914} INFO - Processing file /opt/airflow/dags/my_tasks.py for tasks to queue
[2026-07-22T06:43:02.108+0000] {logging_mixin.py:190} INFO - [2026-07-22T06:43:02.108+0000] {dagbag.py:588} INFO - Filling up the DagBag from /opt/airflow/dags/my_tasks.py
[2026-07-22T06:43:02.115+0000] {processor.py:925} INFO - DAG(s) 'my_dag' retrieved from /opt/airflow/dags/my_tasks.py
[2026-07-22T06:43:02.131+0000] {logging_mixin.py:190} INFO - [2026-07-22T06:43:02.131+0000] {dag.py:3239} INFO - Sync 1 DAGs
[2026-07-22T06:43:02.146+0000] {logging_mixin.py:190} INFO - [2026-07-22T06:43:02.146+0000] {dag.py:4180} INFO - Setting next_dagrun for my_dag to None, run_after=None
[2026-07-22T06:43:02.160+0000] {processor.py:208} INFO - Processing /opt/airflow/dags/my_tasks.py took 0.058 seconds
[2026-07-22T06:43:32.383+0000] {processor.py:186} INFO - Started process (PID=2173) to work on /opt/airflow/dags/my_tasks.py
[2026-07-22T06:43:32.383+0000] {processor.py:914} INFO - Processing file /opt/airflow/dags/my_tasks.py for tasks to queue
[2026-07-22T06:43:32.384+0000] {logging_mixin.py:190} INFO - [2026-07-22T06:43:32.384+0000] {dagbag.py:588} INFO - Filling up the DagBag from /opt/airflow/dags/my_tasks.py
[2026-07-22T06:43:32.391+0000] {processor.py:925} INFO - DAG(s) 'my_dag' retrieved from /opt/airflow/dags/my_tasks.py
[2026-07-22T06:43:32.410+0000] {logging_mixin.py:190} INFO - [2026-07-22T06:43:32.410+0000] {dag.py:3239} INFO - Sync 1 DAGs
[2026-07-22T06:43:32.426+0000] {logging_mixin.py:190} INFO - [2026-07-22T06:43:32.426+0000] {dag.py:4180} INFO - Setting next_dagrun for my_dag to None, run_after=None
[2026-07-22T06:43:32.441+0000] {processor.py:208} INFO - Processing /opt/airflow/dags/my_tasks.py took 0.062 seconds
[2026-07-22T06:44:02.627+0000] {processor.py:186} INFO - Started process (PID=2184) to work on /opt/airflow/dags/my_tasks.py
[2026-07-22T06:44:02.629+0000] {processor.py:914} INFO - Processing file /opt/airflow/dags/my_tasks.py for tasks to queue
[2026-07-22T06:44:02.630+0000] {logging_mixin.py:190} INFO - [2026-07-22T06:44:02.630+0000] {dagbag.py:588} INFO - Filling up the DagBag from /opt/airflow/dags/my_tasks.py
[2026-07-22T06:44:02.638+0000] {processor.py:925} INFO - DAG(s) 'my_dag' retrieved from /opt/airflow/dags/my_tasks.py
[2026-07-22T06:44:02.655+0000] {logging_mixin.py:190} INFO - [2026-07-22T06:44:02.655+0000] {dag.py:3239} INFO - Sync 1 DAGs
[2026-07-22T06:44:02.670+0000] {logging_mixin.py:190} INFO - [2026-07-22T06:44:02.670+0000] {dag.py:4180} INFO - Setting next_dagrun for my_dag to None, run_after=None
[2026-07-22T06:44:02.684+0000] {processor.py:208} INFO - Processing /opt/airflow/dags/my_tasks.py took 0.062 seconds
[2026-07-22T06:44:32.906+0000] {processor.py:186} INFO - Started process (PID=2195) to work on /opt/airflow/dags/my_tasks.py
[2026-07-22T06:44:32.907+0000] {processor.py:914} INFO - Processing file /opt/airflow/dags/my_tasks.py for tasks to queue
[2026-07-22T06:44:32.908+0000] {logging_mixin.py:190} INFO - [2026-07-22T06:44:32.908+0000] {dagbag.py:588} INFO - Filling up the DagBag from /opt/airflow/dags/my_tasks.py
[2026-07-22T06:44:32.915+0000] {processor.py:925} INFO - DAG(s) 'my_dag' retrieved from /opt/airflow/dags/my_tasks.py
[2026-07-22T06:44:32.932+0000] {logging_mixin.py:190} INFO - [2026-07-22T06:44:32.932+0000] {dag.py:3239} INFO - Sync 1 DAGs
[2026-07-22T06:44:32.947+0000] {logging_mixin.py:190} INFO - [2026-07-22T06:44:32.947+0000] {dag.py:4180} INFO - Setting next_dagrun for my_dag to None, run_after=None
[2026-07-22T06:44:32.961+0000] {processor.py:208} INFO - Processing /opt/airflow/dags/my_tasks.py took 0.059 seconds
[2026-07-22T06:45:03.190+0000] {processor.py:186} INFO - Started process (PID=2206) to work on /opt/airflow/dags/my_tasks.py
[2026-07-22T06:45:03.198+0000] {processor.py:914} INFO - Processing file /opt/airflow/dags/my_tasks.py for tasks to queue
[2026-07-22T06:45:03.201+0000] {logging_mixin.py:190} INFO - [2026-07-22T06:45:03.200+0000] {dagbag.py:588} INFO - Filling up the DagBag from /opt/airflow/dags/my_tasks.py
[2026-07-22T06:45:03.210+0000] {processor.py:925} INFO - DAG(s) 'my_dag' retrieved from /opt/airflow/dags/my_tasks.py
[2026-07-22T06:45:03.227+0000] {logging_mixin.py:190} INFO - [2026-07-22T06:45:03.227+0000] {dag.py:3239} INFO - Sync 1 DAGs
[2026-07-22T06:45:03.243+0000] {logging_mixin.py:190} INFO - [2026-07-22T06:45:03.243+0000] {dag.py:4180} INFO - Setting next_dagrun for my_dag to None, run_after=None
[2026-07-22T06:45:03.257+0000] {processor.py:208} INFO - Processing /opt/airflow/dags/my_tasks.py took 0.071 seconds
[2026-07-22T06:45:33.464+0000] {processor.py:186} INFO - Started process (PID=2217) to work on /opt/airflow/dags/my_tasks.py
[2026-07-22T06:45:33.465+0000] {processor.py:914} INFO - Processing file /opt/airflow/dags/my_tasks.py for tasks to queue
[2026-07-22T06:45:33.466+0000] {logging_mixin.py:190} INFO - [2026-07-22T06:45:33.466+0000] {dagbag.py:588} INFO - Filling up the DagBag from /opt/airflow/dags/my_tasks.py
[2026-07-22T06:45:33.473+0000] {processor.py:925} INFO - DAG(s) 'my_dag' retrieved from /opt/airflow/dags/my_tasks.py
[2026-07-22T06:45:33.490+0000] {logging_mixin.py:190} INFO - [2026-07-22T06:45:33.490+0000] {dag.py:3239} INFO - Sync 1 DAGs
[2026-07-22T06:45:33.505+0000] {logging_mixin.py:190} INFO - [2026-07-22T06:45:33.505+0000] {dag.py:4180} INFO - Setting next_dagrun for my_dag to None, run_after=None
[2026-07-22T06:45:33.524+0000] {processor.py:208} INFO - Processing /opt/airflow/dags/my_tasks.py took 0.065 seconds
[2026-07-22T06:46:03.751+0000] {processor.py:186} INFO - Started process (PID=2228) to work on /opt/airflow/dags/my_tasks.py
[2026-07-22T06:46:03.759+0000] {processor.py:914} INFO - Processing file /opt/airflow/dags/my_tasks.py for tasks to queue
[2026-07-22T06:46:03.763+0000] {logging_mixin.py:190} INFO - [2026-07-22T06:46:03.763+0000] {dagbag.py:588} INFO - Filling up the DagBag from /opt/airflow/dags/my_tasks.py
[2026-07-22T06:46:03.773+0000] {processor.py:925} INFO - DAG(s) 'my_dag' retrieved from /opt/airflow/dags/my_tasks.py
[2026-07-22T06:46:03.790+0000] {logging_mixin.py:190} INFO - [2026-07-22T06:46:03.790+0000] {dag.py:3239} INFO - Sync 1 DAGs
[2026-07-22T06:46:03.806+0000] {logging_mixin.py:190} INFO - [2026-07-22T06:46:03.805+0000] {dag.py:4180} INFO - Setting next_dagrun for my_dag to None, run_after=None
[2026-07-22T06:46:03.819+0000] {processor.py:208} INFO - Processing /opt/airflow/dags/my_tasks.py took 0.072 seconds
[2026-07-22T06:46:34.042+0000] {processor.py:186} INFO - Started process (PID=2239) to work on /opt/airflow/dags/my_tasks.py
[2026-07-22T06:46:34.042+0000] {processor.py:914} INFO - Processing file /opt/airflow/dags/my_tasks.py for tasks to queue
[2026-07-22T06:46:34.043+0000] {logging_mixin.py:190} INFO - [2026-07-22T06:46:34.043+0000] {dagbag.py:588} INFO - Filling up the DagBag from /opt/airflow/dags/my_tasks.py
[2026-07-22T06:46:34.051+0000] {processor.py:925} INFO - DAG(s) 'my_dag' retrieved from /opt/airflow/dags/my_tasks.py
[2026-07-22T06:46:34.070+0000] {logging_mixin.py:190} INFO - [2026-07-22T06:46:34.070+0000] {dag.py:3239} INFO - Sync 1 DAGs
[2026-07-22T06:46:34.087+0000] {logging_mixin.py:190} INFO - [2026-07-22T06:46:34.087+0000] {dag.py:4180} INFO - Setting next_dagrun for my_dag to None, run_after=None
[2026-07-22T06:46:34.101+0000] {processor.py:208} INFO - Processing /opt/airflow/dags/my_tasks.py took 0.063 seconds
[2026-07-22T06:47:04.331+0000] {processor.py:186} INFO - Started process (PID=2250) to work on /opt/airflow/dags/my_tasks.py
[2026-07-22T06:47:04.339+0000] {processor.py:914} INFO - Processing file /opt/airflow/dags/my_tasks.py for tasks to queue
[2026-07-22T06:47:04.340+0000] {logging_mixin.py:190} INFO - [2026-07-22T06:47:04.340+0000] {dagbag.py:588} INFO - Filling up the DagBag from /opt/airflow/dags/my_tasks.py
[2026-07-22T06:47:04.351+0000] {processor.py:925} INFO - DAG(s) 'my_dag' retrieved from /opt/airflow/dags/my_tasks.py
[2026-07-22T06:47:04.369+0000] {logging_mixin.py:190} INFO - [2026-07-22T06:47:04.368+0000] {dag.py:3239} INFO - Sync 1 DAGs
[2026-07-22T06:47:04.386+0000] {logging_mixin.py:190} INFO - [2026-07-22T06:47:04.386+0000] {dag.py:4180} INFO - Setting next_dagrun for my_dag to None, run_after=None
[2026-07-22T06:47:04.400+0000] {processor.py:208} INFO - Processing /opt/airflow/dags/my_tasks.py took 0.073 seconds
[2026-07-22T06:47:34.610+0000] {processor.py:186} INFO - Started process (PID=2261) to work on /opt/airflow/dags/my_tasks.py
[2026-07-22T06:47:34.611+0000] {processor.py:914} INFO - Processing file /opt/airflow/dags/my_tasks.py for tasks to queue
[2026-07-22T06:47:34.612+0000] {logging_mixin.py:190} INFO - [2026-07-22T06:47:34.612+0000] {dagbag.py:588} INFO - Filling up the DagBag from /opt/airflow/dags/my_tasks.py
[2026-07-22T06:47:34.619+0000] {processor.py:925} INFO - DAG(s) 'my_dag' retrieved from /opt/airflow/dags/my_tasks.py
[2026-07-22T06:47:34.636+0000] {logging_mixin.py:190} INFO - [2026-07-22T06:47:34.636+0000] {dag.py:3239} INFO - Sync 1 DAGs
[2026-07-22T06:47:34.650+0000] {logging_mixin.py:190} INFO - [2026-07-22T06:47:34.650+0000] {dag.py:4180} INFO - Setting next_dagrun for my_dag to None, run_after=None
[2026-07-22T06:47:34.664+0000] {processor.py:208} INFO - Processing /opt/airflow/dags/my_tasks.py took 0.058 seconds
[2026-07-22T06:48:04.863+0000] {processor.py:186} INFO - Started process (PID=2272) to work on /opt/airflow/dags/my_tasks.py
[2026-07-22T06:48:04.864+0000] {processor.py:914} INFO - Processing file /opt/airflow/dags/my_tasks.py for tasks to queue
[2026-07-22T06:48:04.865+0000] {logging_mixin.py:190} INFO - [2026-07-22T06:48:04.865+0000] {dagbag.py:588} INFO - Filling up the DagBag from /opt/airflow/dags/my_tasks.py
[2026-07-22T06:48:04.872+0000] {processor.py:925} INFO - DAG(s) 'my_dag' retrieved from /opt/airflow/dags/my_tasks.py
[2026-07-22T06:48:04.889+0000] {logging_mixin.py:190} INFO - [2026-07-22T06:48:04.889+0000] {dag.py:3239} INFO - Sync 1 DAGs
[2026-07-22T06:48:04.906+0000] {logging_mixin.py:190} INFO - [2026-07-22T06:48:04.906+0000] {dag.py:4180} INFO - Setting next_dagrun for my_dag to None, run_after=None
[2026-07-22T06:48:04.920+0000] {processor.py:208} INFO - Processing /opt/airflow/dags/my_tasks.py took 0.061 seconds
[2026-07-22T06:48:35.155+0000] {processor.py:186} INFO - Started process (PID=2283) to work on /opt/airflow/dags/my_tasks.py
[2026-07-22T06:48:35.155+0000] {processor.py:914} INFO - Processing file /opt/airflow/dags/my_tasks.py for tasks to queue
[2026-07-22T06:48:35.157+0000] {logging_mixin.py:190} INFO - [2026-07-22T06:48:35.156+0000] {dagbag.py:588} INFO - Filling up the DagBag from /opt/airflow/dags/my_tasks.py
[2026-07-22T06:48:35.163+0000] {processor.py:925} INFO - DAG(s) 'my_dag' retrieved from /opt/airflow/dags/my_tasks.py
[2026-07-22T06:48:35.180+0000] {logging_mixin.py:190} INFO - [2026-07-22T06:48:35.180+0000] {dag.py:3239} INFO - Sync 1 DAGs
[2026-07-22T06:48:35.195+0000] {logging_mixin.py:190} INFO - [2026-07-22T06:48:35.195+0000] {dag.py:4180} INFO - Setting next_dagrun for my_dag to None, run_after=None
[2026-07-22T06:48:35.213+0000] {processor.py:208} INFO - Processing /opt/airflow/dags/my_tasks.py took 0.063 seconds
[2026-07-22T06:49:05.441+0000] {processor.py:186} INFO - Started process (PID=2294) to work on /opt/airflow/dags/my_tasks.py
[2026-07-22T06:49:05.442+0000] {processor.py:914} INFO - Processing file /opt/airflow/dags/my_tasks.py for tasks to queue
[2026-07-22T06:49:05.443+0000] {logging_mixin.py:190} INFO - [2026-07-22T06:49:05.443+0000] {dagbag.py:588} INFO - Filling up the DagBag from /opt/airflow/dags/my_tasks.py
[2026-07-22T06:49:05.451+0000] {processor.py:925} INFO - DAG(s) 'my_dag' retrieved from /opt/airflow/dags/my_tasks.py
[2026-07-22T06:49:05.470+0000] {logging_mixin.py:190} INFO - [2026-07-22T06:49:05.470+0000] {dag.py:3239} INFO - Sync 1 DAGs
[2026-07-22T06:49:05.486+0000] {logging_mixin.py:190} INFO - [2026-07-22T06:49:05.486+0000] {dag.py:4180} INFO - Setting next_dagrun for my_dag to None, run_after=None
[2026-07-22T06:49:05.500+0000] {processor.py:208} INFO - Processing /opt/airflow/dags/my_tasks.py took 0.063 seconds
[2026-07-22T06:49:35.724+0000] {processor.py:186} INFO - Started process (PID=2305) to work on /opt/airflow/dags/my_tasks.py
[2026-07-22T06:49:35.725+0000] {processor.py:914} INFO - Processing file /opt/airflow/dags/my_tasks.py for tasks to queue
[2026-07-22T06:49:35.726+0000] {logging_mixin.py:190} INFO - [2026-07-22T06:49:35.726+0000] {dagbag.py:588} INFO - Filling up the DagBag from /opt/airflow/dags/my_tasks.py
[2026-07-22T06:49:35.732+0000] {processor.py:925} INFO - DAG(s) 'my_dag' retrieved from /opt/airflow/dags/my_tasks.py
[2026-07-22T06:49:35.750+0000] {logging_mixin.py:190} INFO - [2026-07-22T06:49:35.750+0000] {dag.py:3239} INFO - Sync 1 DAGs
[2026-07-22T06:49:35.764+0000] {logging_mixin.py:190} INFO - [2026-07-22T06:49:35.764+0000] {dag.py:4180} INFO - Setting next_dagrun for my_dag to None, run_after=None
[2026-07-22T06:49:35.778+0000] {processor.py:208} INFO - Processing /opt/airflow/dags/my_tasks.py took 0.057 seconds
[2026-07-22T06:50:06.001+0000] {processor.py:186} INFO - Started process (PID=2316) to work on /opt/airflow/dags/my_tasks.py
[2026-07-22T06:50:06.001+0000] {processor.py:914} INFO - Processing file /opt/airflow/dags/my_tasks.py for tasks to queue
[2026-07-22T06:50:06.003+0000] {logging_mixin.py:190} INFO - [2026-07-22T06:50:06.003+0000] {dagbag.py:588} INFO - Filling up the DagBag from /opt/airflow/dags/my_tasks.py
[2026-07-22T06:50:06.010+0000] {processor.py:925} INFO - DAG(s) 'my_dag' retrieved from /opt/airflow/dags/my_tasks.py
[2026-07-22T06:50:06.028+0000] {logging_mixin.py:190} INFO - [2026-07-22T06:50:06.027+0000] {dag.py:3239} INFO - Sync 1 DAGs
[2026-07-22T06:50:06.043+0000] {logging_mixin.py:190} INFO - [2026-07-22T06:50:06.042+0000] {dag.py:4180} INFO - Setting next_dagrun for my_dag to None, run_after=None
[2026-07-22T06:50:06.057+0000] {processor.py:208} INFO - Processing /opt/airflow/dags/my_tasks.py took 0.061 seconds
[2026-07-22T06:50:36.289+0000] {processor.py:186} INFO - Started process (PID=2327) to work on /opt/airflow/dags/my_tasks.py
[2026-07-22T06:50:36.290+0000] {processor.py:914} INFO - Processing file /opt/airflow/dags/my_tasks.py for tasks to queue
[2026-07-22T06:50:36.291+0000] {logging_mixin.py:190} INFO - [2026-07-22T06:50:36.291+0000] {dagbag.py:588} INFO - Filling up the DagBag from /opt/airflow/dags/my_tasks.py
[2026-07-22T06:50:36.298+0000] {processor.py:925} INFO - DAG(s) 'my_dag' retrieved from /opt/airflow/dags/my_tasks.py
[2026-07-22T06:50:36.315+0000] {logging_mixin.py:190} INFO - [2026-07-22T06:50:36.315+0000] {dag.py:3239} INFO - Sync 1 DAGs
[2026-07-22T06:50:36.330+0000] {logging_mixin.py:190} INFO - [2026-07-22T06:50:36.330+0000] {dag.py:4180} INFO - Setting next_dagrun for my_dag to None, run_after=None
[2026-07-22T06:50:36.350+0000] {processor.py:208} INFO - Processing /opt/airflow/dags/my_tasks.py took 0.067 seconds
[2026-07-22T06:51:06.566+0000] {processor.py:186} INFO - Started process (PID=2338) to work on /opt/airflow/dags/my_tasks.py
[2026-07-22T06:51:06.570+0000] {processor.py:914} INFO - Processing file /opt/airflow/dags/my_tasks.py for tasks to queue
[2026-07-22T06:51:06.571+0000] {logging_mixin.py:190} INFO - [2026-07-22T06:51:06.571+0000] {dagbag.py:588} INFO - Filling up the DagBag from /opt/airflow/dags/my_tasks.py
[2026-07-22T06:51:06.580+0000] {processor.py:925} INFO - DAG(s) 'my_dag' retrieved from /opt/airflow/dags/my_tasks.py
[2026-07-22T06:51:06.597+0000] {logging_mixin.py:190} INFO - [2026-07-22T06:51:06.597+0000] {dag.py:3239} INFO - Sync 1 DAGs
[2026-07-22T06:51:06.613+0000] {logging_mixin.py:190} INFO - [2026-07-22T06:51:06.613+0000] {dag.py:4180} INFO - Setting next_dagrun for my_dag to None, run_after=None
[2026-07-22T06:51:06.627+0000] {processor.py:208} INFO - Processing /opt/airflow/dags/my_tasks.py took 0.065 seconds
[2026-07-22T06:51:36.855+0000] {processor.py:186} INFO - Started process (PID=2349) to work on /opt/airflow/dags/my_tasks.py
[2026-07-22T06:51:36.855+0000] {processor.py:914} INFO - Processing file /opt/airflow/dags/my_tasks.py for tasks to queue
[2026-07-22T06:51:36.857+0000] {logging_mixin.py:190} INFO - [2026-07-22T06:51:36.857+0000] {dagbag.py:588} INFO - Filling up the DagBag from /opt/airflow/dags/my_tasks.py
[2026-07-22T06:51:36.864+0000] {processor.py:925} INFO - DAG(s) 'my_dag' retrieved from /opt/airflow/dags/my_tasks.py
[2026-07-22T06:51:36.882+0000] {logging_mixin.py:190} INFO - [2026-07-22T06:51:36.882+0000] {dag.py:3239} INFO - Sync 1 DAGs
[2026-07-22T06:51:36.897+0000] {logging_mixin.py:190} INFO - [2026-07-22T06:51:36.897+0000] {dag.py:4180} INFO - Setting next_dagrun for my_dag to None, run_after=None
[2026-07-22T06:51:36.911+0000] {processor.py:208} INFO - Processing /opt/airflow/dags/my_tasks.py took 0.060 seconds
[2026-07-22T06:52:07.131+0000] {processor.py:186} INFO - Started process (PID=2360) to work on /opt/airflow/dags/my_tasks.py
[2026-07-22T06:52:07.132+0000] {processor.py:914} INFO - Processing file /opt/airflow/dags/my_tasks.py for tasks to queue
[2026-07-22T06:52:07.133+0000] {logging_mixin.py:190} INFO - [2026-07-22T06:52:07.133+0000] {dagbag.py:588} INFO - Filling up the DagBag from /opt/airflow/dags/my_tasks.py
[2026-07-22T06:52:07.141+0000] {processor.py:925} INFO - DAG(s) 'my_dag' retrieved from /opt/airflow/dags/my_tasks.py
[2026-07-22T06:52:07.160+0000] {logging_mixin.py:190} INFO - [2026-07-22T06:52:07.160+0000] {dag.py:3239} INFO - Sync 1 DAGs
[2026-07-22T06:52:07.176+0000] {logging_mixin.py:190} INFO - [2026-07-22T06:52:07.176+0000] {dag.py:4180} INFO - Setting next_dagrun for my_dag to None, run_after=None
[2026-07-22T06:52:07.190+0000] {processor.py:208} INFO - Processing /opt/airflow/dags/my_tasks.py took 0.065 seconds
[2026-07-22T06:52:37.405+0000] {processor.py:186} INFO - Started process (PID=2371) to work on /opt/airflow/dags/my_tasks.py
[2026-07-22T06:52:37.405+0000] {processor.py:914} INFO - Processing file /opt/airflow/dags/my_tasks.py for tasks to queue
[2026-07-22T06:52:37.407+0000] {logging_mixin.py:190} INFO - [2026-07-22T06:52:37.406+0000] {dagbag.py:588} INFO - Filling up the DagBag from /opt/airflow/dags/my_tasks.py
[2026-07-22T06:52:37.414+0000] {processor.py:925} INFO - DAG(s) 'my_dag' retrieved from /opt/airflow/dags/my_tasks.py
[2026-07-22T06:52:37.431+0000] {logging_mixin.py:190} INFO - [2026-07-22T06:52:37.431+0000] {dag.py:3239} INFO - Sync 1 DAGs
[2026-07-22T06:52:37.448+0000] {logging_mixin.py:190} INFO - [2026-07-22T06:52:37.448+0000] {dag.py:4180} INFO - Setting next_dagrun for my_dag to None, run_after=None
[2026-07-22T06:52:37.462+0000] {processor.py:208} INFO - Processing /opt/airflow/dags/my_tasks.py took 0.061 seconds
[2026-07-22T06:53:07.696+0000] {processor.py:186} INFO - Started process (PID=2382) to work on /opt/airflow/dags/my_tasks.py
[2026-07-22T06:53:07.704+0000] {processor.py:914} INFO - Processing file /opt/airflow/dags/my_tasks.py for tasks to queue
[2026-07-22T06:53:07.706+0000] {logging_mixin.py:190} INFO - [2026-07-22T06:53:07.705+0000] {dagbag.py:588} INFO - Filling up the DagBag from /opt/airflow/dags/my_tasks.py
[2026-07-22T06:53:07.717+0000] {processor.py:925} INFO - DAG(s) 'my_dag' retrieved from /opt/airflow/dags/my_tasks.py
[2026-07-22T06:53:07.734+0000] {logging_mixin.py:190} INFO - [2026-07-22T06:53:07.734+0000] {dag.py:3239} INFO - Sync 1 DAGs
[2026-07-22T06:53:07.749+0000] {logging_mixin.py:190} INFO - [2026-07-22T06:53:07.749+0000] {dag.py:4180} INFO - Setting next_dagrun for my_dag to None, run_after=None
[2026-07-22T06:53:07.763+0000] {processor.py:208} INFO - Processing /opt/airflow/dags/my_tasks.py took 0.071 seconds
[2026-07-22T06:53:37.933+0000] {processor.py:186} INFO - Started process (PID=2393) to work on /opt/airflow/dags/my_tasks.py
[2026-07-22T06:53:37.934+0000] {processor.py:914} INFO - Processing file /opt/airflow/dags/my_tasks.py for tasks to queue
[2026-07-22T06:53:37.935+0000] {logging_mixin.py:190} INFO - [2026-07-22T06:53:37.935+0000] {dagbag.py:588} INFO - Filling up the DagBag from /opt/airflow/dags/my_tasks.py
[2026-07-22T06:53:37.942+0000] {processor.py:925} INFO - DAG(s) 'my_dag' retrieved from /opt/airflow/dags/my_tasks.py
[2026-07-22T06:53:37.959+0000] {logging_mixin.py:190} INFO - [2026-07-22T06:53:37.958+0000] {dag.py:3239} INFO - Sync 1 DAGs
[2026-07-22T06:53:37.974+0000] {logging_mixin.py:190} INFO - [2026-07-22T06:53:37.974+0000] {dag.py:4180} INFO - Setting next_dagrun for my_dag to None, run_after=None
[2026-07-22T06:53:37.987+0000] {processor.py:208} INFO - Processing /opt/airflow/dags/my_tasks.py took 0.058 seconds
[2026-07-22T06:54:08.222+0000] {processor.py:186} INFO - Started process (PID=2404) to work on /opt/airflow/dags/my_tasks.py
[2026-07-22T06:54:08.230+0000] {processor.py:914} INFO - Processing file /opt/airflow/dags/my_tasks.py for tasks to queue
[2026-07-22T06:54:08.233+0000] {logging_mixin.py:190} INFO - [2026-07-22T06:54:08.233+0000] {dagbag.py:588} INFO - Filling up the DagBag from /opt/airflow/dags/my_tasks.py
[2026-07-22T06:54:08.243+0000] {processor.py:925} INFO - DAG(s) 'my_dag' retrieved from /opt/airflow/dags/my_tasks.py
[2026-07-22T06:54:08.259+0000] {logging_mixin.py:190} INFO - [2026-07-22T06:54:08.259+0000] {dag.py:3239} INFO - Sync 1 DAGs
[2026-07-22T06:54:08.274+0000] {logging_mixin.py:190} INFO - [2026-07-22T06:54:08.274+0000] {dag.py:4180} INFO - Setting next_dagrun for my_dag to None, run_after=None
[2026-07-22T06:54:08.288+0000] {processor.py:208} INFO - Processing /opt/airflow/dags/my_tasks.py took 0.070 seconds
[2026-07-22T06:54:38.500+0000] {processor.py:186} INFO - Started process (PID=2415) to work on /opt/airflow/dags/my_tasks.py
[2026-07-22T06:54:38.500+0000] {processor.py:914} INFO - Processing file /opt/airflow/dags/my_tasks.py for tasks to queue
[2026-07-22T06:54:38.501+0000] {logging_mixin.py:190} INFO - [2026-07-22T06:54:38.501+0000] {dagbag.py:588} INFO - Filling up the DagBag from /opt/airflow/dags/my_tasks.py
[2026-07-22T06:54:38.508+0000] {processor.py:925} INFO - DAG(s) 'my_dag' retrieved from /opt/airflow/dags/my_tasks.py
[2026-07-22T06:54:38.525+0000] {logging_mixin.py:190} INFO - [2026-07-22T06:54:38.525+0000] {dag.py:3239} INFO - Sync 1 DAGs
[2026-07-22T06:54:38.540+0000] {logging_mixin.py:190} INFO - [2026-07-22T06:54:38.540+0000] {dag.py:4180} INFO - Setting next_dagrun for my_dag to None, run_after=None
[2026-07-22T06:54:38.554+0000] {processor.py:208} INFO - Processing /opt/airflow/dags/my_tasks.py took 0.059 seconds
[2026-07-22T06:55:08.761+0000] {processor.py:186} INFO - Started process (PID=2426) to work on /opt/airflow/dags/my_tasks.py
[2026-07-22T06:55:08.770+0000] {processor.py:914} INFO - Processing file /opt/airflow/dags/my_tasks.py for tasks to queue
[2026-07-22T06:55:08.772+0000] {logging_mixin.py:190} INFO - [2026-07-22T06:55:08.772+0000] {dagbag.py:588} INFO - Filling up the DagBag from /opt/airflow/dags/my_tasks.py
[2026-07-22T06:55:08.782+0000] {processor.py:925} INFO - DAG(s) 'my_dag' retrieved from /opt/airflow/dags/my_tasks.py
[2026-07-22T06:55:08.800+0000] {logging_mixin.py:190} INFO - [2026-07-22T06:55:08.800+0000] {dag.py:3239} INFO - Sync 1 DAGs
[2026-07-22T06:55:08.816+0000] {logging_mixin.py:190} INFO - [2026-07-22T06:55:08.816+0000] {dag.py:4180} INFO - Setting next_dagrun for my_dag to None, run_after=None
[2026-07-22T06:55:08.830+0000] {processor.py:208} INFO - Processing /opt/airflow/dags/my_tasks.py took 0.073 seconds
[2026-07-22T06:55:39.026+0000] {processor.py:186} INFO - Started process (PID=2437) to work on /opt/airflow/dags/my_tasks.py
[2026-07-22T06:55:39.027+0000] {processor.py:914} INFO - Processing file /opt/airflow/dags/my_tasks.py for tasks to queue
[2026-07-22T06:55:39.029+0000] {logging_mixin.py:190} INFO - [2026-07-22T06:55:39.028+0000] {dagbag.py:588} INFO - Filling up the DagBag from /opt/airflow/dags/my_tasks.py
[2026-07-22T06:55:39.036+0000] {processor.py:925} INFO - DAG(s) 'my_dag' retrieved from /opt/airflow/dags/my_tasks.py
[2026-07-22T06:55:39.055+0000] {logging_mixin.py:190} INFO - [2026-07-22T06:55:39.054+0000] {dag.py:3239} INFO - Sync 1 DAGs
[2026-07-22T06:55:39.071+0000] {logging_mixin.py:190} INFO - [2026-07-22T06:55:39.070+0000] {dag.py:4180} INFO - Setting next_dagrun for my_dag to None, run_after=None
[2026-07-22T06:55:39.084+0000] {processor.py:208} INFO - Processing /opt/airflow/dags/my_tasks.py took 0.062 seconds
[2026-07-22T06:56:09.292+0000] {processor.py:186} INFO - Started process (PID=2448) to work on /opt/airflow/dags/my_tasks.py
[2026-07-22T06:56:09.292+0000] {processor.py:914} INFO - Processing file /opt/airflow/dags/my_tasks.py for tasks to queue
[2026-07-22T06:56:09.294+0000] {logging_mixin.py:190} INFO - [2026-07-22T06:56:09.293+0000] {dagbag.py:588} INFO - Filling up the DagBag from /opt/airflow/dags/my_tasks.py
[2026-07-22T06:56:09.300+0000] {processor.py:925} INFO - DAG(s) 'my_dag' retrieved from /opt/airflow/dags/my_tasks.py
[2026-07-22T06:56:09.318+0000] {logging_mixin.py:190} INFO - [2026-07-22T06:56:09.318+0000] {dag.py:3239} INFO - Sync 1 DAGs
[2026-07-22T06:56:09.333+0000] {logging_mixin.py:190} INFO - [2026-07-22T06:56:09.333+0000] {dag.py:4180} INFO - Setting next_dagrun for my_dag to None, run_after=None
[2026-07-22T06:56:09.348+0000] {processor.py:208} INFO - Processing /opt/airflow/dags/my_tasks.py took 0.060 seconds
[2026-07-22T06:56:39.571+0000] {processor.py:186} INFO - Started process (PID=2459) to work on /opt/airflow/dags/my_tasks.py
[2026-07-22T06:56:39.571+0000] {processor.py:914} INFO - Processing file /opt/airflow/dags/my_tasks.py for tasks to queue
[2026-07-22T06:56:39.573+0000] {logging_mixin.py:190} INFO - [2026-07-22T06:56:39.573+0000] {dagbag.py:588} INFO - Filling up the DagBag from /opt/airflow/dags/my_tasks.py
[2026-07-22T06:56:39.579+0000] {processor.py:925} INFO - DAG(s) 'my_dag' retrieved from /opt/airflow/dags/my_tasks.py
[2026-07-22T06:56:39.596+0000] {logging_mixin.py:190} INFO - [2026-07-22T06:56:39.596+0000] {dag.py:3239} INFO - Sync 1 DAGs
[2026-07-22T06:56:39.612+0000] {logging_mixin.py:190} INFO - [2026-07-22T06:56:39.612+0000] {dag.py:4180} INFO - Setting next_dagrun for my_dag to None, run_after=None
[2026-07-22T06:56:39.626+0000] {processor.py:208} INFO - Processing /opt/airflow/dags/my_tasks.py took 0.062 seconds
[2026-07-22T06:57:09.831+0000] {processor.py:186} INFO - Started process (PID=2470) to work on /opt/airflow/dags/my_tasks.py
[2026-07-22T06:57:09.831+0000] {processor.py:914} INFO - Processing file /opt/airflow/dags/my_tasks.py for tasks to queue
[2026-07-22T06:57:09.833+0000] {logging_mixin.py:190} INFO - [2026-07-22T06:57:09.833+0000] {dagbag.py:588} INFO - Filling up the DagBag from /opt/airflow/dags/my_tasks.py
[2026-07-22T06:57:09.841+0000] {processor.py:925} INFO - DAG(s) 'my_dag' retrieved from /opt/airflow/dags/my_tasks.py
[2026-07-22T06:57:09.858+0000] {logging_mixin.py:190} INFO - [2026-07-22T06:57:09.858+0000] {dag.py:3239} INFO - Sync 1 DAGs
[2026-07-22T06:57:09.873+0000] {logging_mixin.py:190} INFO - [2026-07-22T06:57:09.873+0000] {dag.py:4180} INFO - Setting next_dagrun for my_dag to None, run_after=None
[2026-07-22T06:57:09.887+0000] {processor.py:208} INFO - Processing /opt/airflow/dags/my_tasks.py took 0.061 seconds
[2026-07-22T06:57:40.103+0000] {processor.py:186} INFO - Started process (PID=2481) to work on /opt/airflow/dags/my_tasks.py
[2026-07-22T06:57:40.104+0000] {processor.py:914} INFO - Processing file /opt/airflow/dags/my_tasks.py for tasks to queue
[2026-07-22T06:57:40.105+0000] {logging_mixin.py:190} INFO - [2026-07-22T06:57:40.105+0000] {dagbag.py:588} INFO - Filling up the DagBag from /opt/airflow/dags/my_tasks.py
[2026-07-22T06:57:40.113+0000] {processor.py:925} INFO - DAG(s) 'my_dag' retrieved from /opt/airflow/dags/my_tasks.py
[2026-07-22T06:57:40.130+0000] {logging_mixin.py:190} INFO - [2026-07-22T06:57:40.130+0000] {dag.py:3239} INFO - Sync 1 DAGs
[2026-07-22T06:57:40.146+0000] {logging_mixin.py:190} INFO - [2026-07-22T06:57:40.145+0000] {dag.py:4180} INFO - Setting next_dagrun for my_dag to None, run_after=None
[2026-07-22T06:57:40.159+0000] {processor.py:208} INFO - Processing /opt/airflow/dags/my_tasks.py took 0.059 seconds
[2026-07-22T06:58:10.385+0000] {processor.py:186} INFO - Started process (PID=2492) to work on /opt/airflow/dags/my_tasks.py
[2026-07-22T06:58:10.386+0000] {processor.py:914} INFO - Processing file /opt/airflow/dags/my_tasks.py for tasks to queue
[2026-07-22T06:58:10.387+0000] {logging_mixin.py:190} INFO - [2026-07-22T06:58:10.387+0000] {dagbag.py:588} INFO - Filling up the DagBag from /opt/airflow/dags/my_tasks.py
[2026-07-22T06:58:10.394+0000] {processor.py:925} INFO - DAG(s) 'my_dag' retrieved from /opt/airflow/dags/my_tasks.py
[2026-07-22T06:58:10.411+0000] {logging_mixin.py:190} INFO - [2026-07-22T06:58:10.411+0000] {dag.py:3239} INFO - Sync 1 DAGs
[2026-07-22T06:58:10.427+0000] {logging_mixin.py:190} INFO - [2026-07-22T06:58:10.427+0000] {dag.py:4180} INFO - Setting next_dagrun for my_dag to None, run_after=None
[2026-07-22T06:58:10.441+0000] {processor.py:208} INFO - Processing /opt/airflow/dags/my_tasks.py took 0.060 seconds
[2026-07-22T06:58:40.645+0000] {processor.py:186} INFO - Started process (PID=2503) to work on /opt/airflow/dags/my_tasks.py
[2026-07-22T06:58:40.646+0000] {processor.py:914} INFO - Processing file /opt/airflow/dags/my_tasks.py for tasks to queue
[2026-07-22T06:58:40.648+0000] {logging_mixin.py:190} INFO - [2026-07-22T06:58:40.647+0000] {dagbag.py:588} INFO - Filling up the DagBag from /opt/airflow/dags/my_tasks.py
[2026-07-22T06:58:40.654+0000] {processor.py:925} INFO - DAG(s) 'my_dag' retrieved from /opt/airflow/dags/my_tasks.py
[2026-07-22T06:58:40.672+0000] {logging_mixin.py:190} INFO - [2026-07-22T06:58:40.672+0000] {dag.py:3239} INFO - Sync 1 DAGs
[2026-07-22T06:58:40.687+0000] {logging_mixin.py:190} INFO - [2026-07-22T06:58:40.687+0000] {dag.py:4180} INFO - Setting next_dagrun for my_dag to None, run_after=None
[2026-07-22T06:58:40.701+0000] {processor.py:208} INFO - Processing /opt/airflow/dags/my_tasks.py took 0.060 seconds
[2026-07-22T06:59:10.921+0000] {processor.py:186} INFO - Started process (PID=2514) to work on /opt/airflow/dags/my_tasks.py
[2026-07-22T06:59:10.921+0000] {processor.py:914} INFO - Processing file /opt/airflow/dags/my_tasks.py for tasks to queue
[2026-07-22T06:59:10.923+0000] {logging_mixin.py:190} INFO - [2026-07-22T06:59:10.923+0000] {dagbag.py:588} INFO - Filling up the DagBag from /opt/airflow/dags/my_tasks.py
[2026-07-22T06:59:10.930+0000] {processor.py:925} INFO - DAG(s) 'my_dag' retrieved from /opt/airflow/dags/my_tasks.py
[2026-07-22T06:59:10.947+0000] {logging_mixin.py:190} INFO - [2026-07-22T06:59:10.947+0000] {dag.py:3239} INFO - Sync 1 DAGs
[2026-07-22T06:59:10.963+0000] {logging_mixin.py:190} INFO - [2026-07-22T06:59:10.962+0000] {dag.py:4180} INFO - Setting next_dagrun for my_dag to None, run_after=None
[2026-07-22T06:59:10.978+0000] {processor.py:208} INFO - Processing /opt/airflow/dags/my_tasks.py took 0.061 seconds
[2026-07-22T06:59:41.209+0000] {processor.py:186} INFO - Started process (PID=2525) to work on /opt/airflow/dags/my_tasks.py
[2026-07-22T06:59:41.217+0000] {processor.py:914} INFO - Processing file /opt/airflow/dags/my_tasks.py for tasks to queue
[2026-07-22T06:59:41.220+0000] {logging_mixin.py:190} INFO - [2026-07-22T06:59:41.219+0000] {dagbag.py:588} INFO - Filling up the DagBag from /opt/airflow/dags/my_tasks.py
[2026-07-22T06:59:41.229+0000] {processor.py:925} INFO - DAG(s) 'my_dag' retrieved from /opt/airflow/dags/my_tasks.py
[2026-07-22T06:59:41.246+0000] {logging_mixin.py:190} INFO - [2026-07-22T06:59:41.246+0000] {dag.py:3239} INFO - Sync 1 DAGs
[2026-07-22T06:59:41.262+0000] {logging_mixin.py:190} INFO - [2026-07-22T06:59:41.261+0000] {dag.py:4180} INFO - Setting next_dagrun for my_dag to None, run_after=None
[2026-07-22T06:59:41.276+0000] {processor.py:208} INFO - Processing /opt/airflow/dags/my_tasks.py took 0.071 seconds
[2026-07-22T07:00:11.498+0000] {processor.py:186} INFO - Started process (PID=2536) to work on /opt/airflow/dags/my_tasks.py
[2026-07-22T07:00:11.499+0000] {processor.py:914} INFO - Processing file /opt/airflow/dags/my_tasks.py for tasks to queue
[2026-07-22T07:00:11.501+0000] {logging_mixin.py:190} INFO - [2026-07-22T07:00:11.500+0000] {dagbag.py:588} INFO - Filling up the DagBag from /opt/airflow/dags/my_tasks.py
[2026-07-22T07:00:11.507+0000] {processor.py:925} INFO - DAG(s) 'my_dag' retrieved from /opt/airflow/dags/my_tasks.py
[2026-07-22T07:00:11.525+0000] {logging_mixin.py:190} INFO - [2026-07-22T07:00:11.525+0000] {dag.py:3239} INFO - Sync 1 DAGs
[2026-07-22T07:00:11.541+0000] {logging_mixin.py:190} INFO - [2026-07-22T07:00:11.541+0000] {dag.py:4180} INFO - Setting next_dagrun for my_dag to None, run_after=None
[2026-07-22T07:00:11.568+0000] {processor.py:208} INFO - Processing /opt/airflow/dags/my_tasks.py took 0.076 seconds
[2026-07-22T07:00:41.769+0000] {processor.py:186} INFO - Started process (PID=2547) to work on /opt/airflow/dags/my_tasks.py
[2026-07-22T07:00:41.777+0000] {processor.py:914} INFO - Processing file /opt/airflow/dags/my_tasks.py for tasks to queue
[2026-07-22T07:00:41.779+0000] {logging_mixin.py:190} INFO - [2026-07-22T07:00:41.779+0000] {dagbag.py:588} INFO - Filling up the DagBag from /opt/airflow/dags/my_tasks.py
[2026-07-22T07:00:41.790+0000] {processor.py:925} INFO - DAG(s) 'my_dag' retrieved from /opt/airflow/dags/my_tasks.py
[2026-07-22T07:00:41.807+0000] {logging_mixin.py:190} INFO - [2026-07-22T07:00:41.806+0000] {dag.py:3239} INFO - Sync 1 DAGs
[2026-07-22T07:00:41.822+0000] {logging_mixin.py:190} INFO - [2026-07-22T07:00:41.822+0000] {dag.py:4180} INFO - Setting next_dagrun for my_dag to None, run_after=None
[2026-07-22T07:00:41.836+0000] {processor.py:208} INFO - Processing /opt/airflow/dags/my_tasks.py took 0.071 seconds
[2026-07-22T07:01:12.050+0000] {processor.py:186} INFO - Started process (PID=2558) to work on /opt/airflow/dags/my_tasks.py
[2026-07-22T07:01:12.051+0000] {processor.py:914} INFO - Processing file /opt/airflow/dags/my_tasks.py for tasks to queue
[2026-07-22T07:01:12.052+0000] {logging_mixin.py:190} INFO - [2026-07-22T07:01:12.052+0000] {dagbag.py:588} INFO - Filling up the DagBag from /opt/airflow/dags/my_tasks.py
[2026-07-22T07:01:12.059+0000] {processor.py:925} INFO - DAG(s) 'my_dag' retrieved from /opt/airflow/dags/my_tasks.py
[2026-07-22T07:01:12.076+0000] {logging_mixin.py:190} INFO - [2026-07-22T07:01:12.076+0000] {dag.py:3239} INFO - Sync 1 DAGs
[2026-07-22T07:01:12.092+0000] {logging_mixin.py:190} INFO - [2026-07-22T07:01:12.092+0000] {dag.py:4180} INFO - Setting next_dagrun for my_dag to None, run_after=None
[2026-07-22T07:01:12.106+0000] {processor.py:208} INFO - Processing /opt/airflow/dags/my_tasks.py took 0.060 seconds
[2026-07-22T07:01:42.315+0000] {processor.py:186} INFO - Started process (PID=2569) to work on /opt/airflow/dags/my_tasks.py
[2026-07-22T07:01:42.321+0000] {processor.py:914} INFO - Processing file /opt/airflow/dags/my_tasks.py for tasks to queue
[2026-07-22T07:01:42.323+0000] {logging_mixin.py:190} INFO - [2026-07-22T07:01:42.323+0000] {dagbag.py:588} INFO - Filling up the DagBag from /opt/airflow/dags/my_tasks.py
[2026-07-22T07:01:42.330+0000] {processor.py:925} INFO - DAG(s) 'my_dag' retrieved from /opt/airflow/dags/my_tasks.py
[2026-07-22T07:01:42.347+0000] {logging_mixin.py:190} INFO - [2026-07-22T07:01:42.347+0000] {dag.py:3239} INFO - Sync 1 DAGs
[2026-07-22T07:01:42.362+0000] {logging_mixin.py:190} INFO - [2026-07-22T07:01:42.362+0000] {dag.py:4180} INFO - Setting next_dagrun for my_dag to None, run_after=None
[2026-07-22T07:01:42.380+0000] {processor.py:208} INFO - Processing /opt/airflow/dags/my_tasks.py took 0.069 seconds
[2026-07-22T07:02:12.592+0000] {processor.py:186} INFO - Started process (PID=2580) to work on /opt/airflow/dags/my_tasks.py
[2026-07-22T07:02:12.593+0000] {processor.py:914} INFO - Processing file /opt/airflow/dags/my_tasks.py for tasks to queue
[2026-07-22T07:02:12.594+0000] {logging_mixin.py:190} INFO - [2026-07-22T07:02:12.594+0000] {dagbag.py:588} INFO - Filling up the DagBag from /opt/airflow/dags/my_tasks.py
[2026-07-22T07:02:12.601+0000] {processor.py:925} INFO - DAG(s) 'my_dag' retrieved from /opt/airflow/dags/my_tasks.py
[2026-07-22T07:02:12.619+0000] {logging_mixin.py:190} INFO - [2026-07-22T07:02:12.619+0000] {dag.py:3239} INFO - Sync 1 DAGs
[2026-07-22T07:02:12.634+0000] {logging_mixin.py:190} INFO - [2026-07-22T07:02:12.634+0000] {dag.py:4180} INFO - Setting next_dagrun for my_dag to None, run_after=None
[2026-07-22T07:02:12.648+0000] {processor.py:208} INFO - Processing /opt/airflow/dags/my_tasks.py took 0.060 seconds
[2026-07-22T07:02:42.872+0000] {processor.py:186} INFO - Started process (PID=2591) to work on /opt/airflow/dags/my_tasks.py
[2026-07-22T07:02:42.873+0000] {processor.py:914} INFO - Processing file /opt/airflow/dags/my_tasks.py for tasks to queue
[2026-07-22T07:02:42.874+0000] {logging_mixin.py:190} INFO - [2026-07-22T07:02:42.874+0000] {dagbag.py:588} INFO - Filling up the DagBag from /opt/airflow/dags/my_tasks.py
[2026-07-22T07:02:42.881+0000] {processor.py:925} INFO - DAG(s) 'my_dag' retrieved from /opt/airflow/dags/my_tasks.py
[2026-07-22T07:02:42.898+0000] {logging_mixin.py:190} INFO - [2026-07-22T07:02:42.898+0000] {dag.py:3239} INFO - Sync 1 DAGs
[2026-07-22T07:02:42.914+0000] {logging_mixin.py:190} INFO - [2026-07-22T07:02:42.914+0000] {dag.py:4180} INFO - Setting next_dagrun for my_dag to None, run_after=None
[2026-07-22T07:02:42.928+0000] {processor.py:208} INFO - Processing /opt/airflow/dags/my_tasks.py took 0.060 seconds
[2026-07-22T07:03:13.133+0000] {processor.py:186} INFO - Started process (PID=2602) to work on /opt/airflow/dags/my_tasks.py
[2026-07-22T07:03:13.133+0000] {processor.py:914} INFO - Processing file /opt/airflow/dags/my_tasks.py for tasks to queue
[2026-07-22T07:03:13.135+0000] {logging_mixin.py:190} INFO - [2026-07-22T07:03:13.134+0000] {dagbag.py:588} INFO - Filling up the DagBag from /opt/airflow/dags/my_tasks.py
[2026-07-22T07:03:13.142+0000] {processor.py:925} INFO - DAG(s) 'my_dag' retrieved from /opt/airflow/dags/my_tasks.py
[2026-07-22T07:03:13.159+0000] {logging_mixin.py:190} INFO - [2026-07-22T07:03:13.159+0000] {dag.py:3239} INFO - Sync 1 DAGs
[2026-07-22T07:03:13.175+0000] {logging_mixin.py:190} INFO - [2026-07-22T07:03:13.175+0000] {dag.py:4180} INFO - Setting next_dagrun for my_dag to None, run_after=None
[2026-07-22T07:03:13.190+0000] {processor.py:208} INFO - Processing /opt/airflow/dags/my_tasks.py took 0.062 seconds
[2026-07-22T07:03:43.420+0000] {processor.py:186} INFO - Started process (PID=2613) to work on /opt/airflow/dags/my_tasks.py
[2026-07-22T07:03:43.428+0000] {processor.py:914} INFO - Processing file /opt/airflow/dags/my_tasks.py for tasks to queue
[2026-07-22T07:03:43.430+0000] {logging_mixin.py:190} INFO - [2026-07-22T07:03:43.429+0000] {dagbag.py:588} INFO - Filling up the DagBag from /opt/airflow/dags/my_tasks.py
[2026-07-22T07:03:43.438+0000] {processor.py:925} INFO - DAG(s) 'my_dag' retrieved from /opt/airflow/dags/my_tasks.py
[2026-07-22T07:03:43.455+0000] {logging_mixin.py:190} INFO - [2026-07-22T07:03:43.455+0000] {dag.py:3239} INFO - Sync 1 DAGs
[2026-07-22T07:03:43.471+0000] {logging_mixin.py:190} INFO - [2026-07-22T07:03:43.471+0000] {dag.py:4180} INFO - Setting next_dagrun for my_dag to None, run_after=None
[2026-07-22T07:03:43.486+0000] {processor.py:208} INFO - Processing /opt/airflow/dags/my_tasks.py took 0.070 seconds
[2026-07-22T07:04:13.681+0000] {processor.py:186} INFO - Started process (PID=2624) to work on /opt/airflow/dags/my_tasks.py
[2026-07-22T07:04:13.681+0000] {processor.py:914} INFO - Processing file /opt/airflow/dags/my_tasks.py for tasks to queue
[2026-07-22T07:04:13.683+0000] {logging_mixin.py:190} INFO - [2026-07-22T07:04:13.682+0000] {dagbag.py:588} INFO - Filling up the DagBag from /opt/airflow/dags/my_tasks.py
[2026-07-22T07:04:13.690+0000] {processor.py:925} INFO - DAG(s) 'my_dag' retrieved from /opt/airflow/dags/my_tasks.py
[2026-07-22T07:04:13.707+0000] {logging_mixin.py:190} INFO - [2026-07-22T07:04:13.707+0000] {dag.py:3239} INFO - Sync 1 DAGs
[2026-07-22T07:04:13.722+0000] {logging_mixin.py:190} INFO - [2026-07-22T07:04:13.722+0000] {dag.py:4180} INFO - Setting next_dagrun for my_dag to None, run_after=None
[2026-07-22T07:04:13.736+0000] {processor.py:208} INFO - Processing /opt/airflow/dags/my_tasks.py took 0.059 seconds
[2026-07-22T07:04:43.965+0000] {processor.py:186} INFO - Started process (PID=2635) to work on /opt/airflow/dags/my_tasks.py
[2026-07-22T07:04:43.973+0000] {processor.py:914} INFO - Processing file /opt/airflow/dags/my_tasks.py for tasks to queue
[2026-07-22T07:04:43.977+0000] {logging_mixin.py:190} INFO - [2026-07-22T07:04:43.976+0000] {dagbag.py:588} INFO - Filling up the DagBag from /opt/airflow/dags/my_tasks.py
[2026-07-22T07:04:43.987+0000] {processor.py:925} INFO - DAG(s) 'my_dag' retrieved from /opt/airflow/dags/my_tasks.py
[2026-07-22T07:04:44.006+0000] {logging_mixin.py:190} INFO - [2026-07-22T07:04:44.006+0000] {dag.py:3239} INFO - Sync 1 DAGs
[2026-07-22T07:04:44.022+0000] {logging_mixin.py:190} INFO - [2026-07-22T07:04:44.021+0000] {dag.py:4180} INFO - Setting next_dagrun for my_dag to None, run_after=None
[2026-07-22T07:04:44.035+0000] {processor.py:208} INFO - Processing /opt/airflow/dags/my_tasks.py took 0.073 seconds
[2026-07-22T07:05:14.217+0000] {processor.py:186} INFO - Started process (PID=2646) to work on /opt/airflow/dags/my_tasks.py
[2026-07-22T07:05:14.217+0000] {processor.py:914} INFO - Processing file /opt/airflow/dags/my_tasks.py for tasks to queue
[2026-07-22T07:05:14.219+0000] {logging_mixin.py:190} INFO - [2026-07-22T07:05:14.219+0000] {dagbag.py:588} INFO - Filling up the DagBag from /opt/airflow/dags/my_tasks.py
[2026-07-22T07:05:14.225+0000] {processor.py:925} INFO - DAG(s) 'my_dag' retrieved from /opt/airflow/dags/my_tasks.py
[2026-07-22T07:05:14.242+0000] {logging_mixin.py:190} INFO - [2026-07-22T07:05:14.242+0000] {dag.py:3239} INFO - Sync 1 DAGs
[2026-07-22T07:05:14.257+0000] {logging_mixin.py:190} INFO - [2026-07-22T07:05:14.257+0000] {dag.py:4180} INFO - Setting next_dagrun for my_dag to None, run_after=None
[2026-07-22T07:05:14.270+0000] {processor.py:208} INFO - Processing /opt/airflow/dags/my_tasks.py took 0.058 seconds
[2026-07-22T07:05:44.494+0000] {processor.py:186} INFO - Started process (PID=2657) to work on /opt/airflow/dags/my_tasks.py
[2026-07-22T07:05:44.502+0000] {processor.py:914} INFO - Processing file /opt/airflow/dags/my_tasks.py for tasks to queue
[2026-07-22T07:05:44.504+0000] {logging_mixin.py:190} INFO - [2026-07-22T07:05:44.504+0000] {dagbag.py:588} INFO - Filling up the DagBag from /opt/airflow/dags/my_tasks.py
[2026-07-22T07:05:44.515+0000] {processor.py:925} INFO - DAG(s) 'my_dag' retrieved from /opt/airflow/dags/my_tasks.py
[2026-07-22T07:05:44.532+0000] {logging_mixin.py:190} INFO - [2026-07-22T07:05:44.532+0000] {dag.py:3239} INFO - Sync 1 DAGs
[2026-07-22T07:05:44.548+0000] {logging_mixin.py:190} INFO - [2026-07-22T07:05:44.548+0000] {dag.py:4180} INFO - Setting next_dagrun for my_dag to None, run_after=None
[2026-07-22T07:05:44.561+0000] {processor.py:208} INFO - Processing /opt/airflow/dags/my_tasks.py took 0.071 seconds
[2026-07-22T07:06:14.744+0000] {processor.py:186} INFO - Started process (PID=2668) to work on /opt/airflow/dags/my_tasks.py
[2026-07-22T07:06:14.744+0000] {processor.py:914} INFO - Processing file /opt/airflow/dags/my_tasks.py for tasks to queue
[2026-07-22T07:06:14.746+0000] {logging_mixin.py:190} INFO - [2026-07-22T07:06:14.745+0000] {dagbag.py:588} INFO - Filling up the DagBag from /opt/airflow/dags/my_tasks.py
[2026-07-22T07:06:14.753+0000] {processor.py:925} INFO - DAG(s) 'my_dag' retrieved from /opt/airflow/dags/my_tasks.py
[2026-07-22T07:06:14.770+0000] {logging_mixin.py:190} INFO - [2026-07-22T07:06:14.770+0000] {dag.py:3239} INFO - Sync 1 DAGs
[2026-07-22T07:06:14.785+0000] {logging_mixin.py:190} INFO - [2026-07-22T07:06:14.785+0000] {dag.py:4180} INFO - Setting next_dagrun for my_dag to None, run_after=None
[2026-07-22T07:06:14.799+0000] {processor.py:208} INFO - Processing /opt/airflow/dags/my_tasks.py took 0.059 seconds
[2026-07-22T07:06:44.997+0000] {processor.py:186} INFO - Started process (PID=2679) to work on /opt/airflow/dags/my_tasks.py
[2026-07-22T07:06:44.997+0000] {processor.py:914} INFO - Processing file /opt/airflow/dags/my_tasks.py for tasks to queue
[2026-07-22T07:06:44.999+0000] {logging_mixin.py:190} INFO - [2026-07-22T07:06:44.999+0000] {dagbag.py:588} INFO - Filling up the DagBag from /opt/airflow/dags/my_tasks.py
[2026-07-22T07:06:45.005+0000] {processor.py:925} INFO - DAG(s) 'my_dag' retrieved from /opt/airflow/dags/my_tasks.py
[2026-07-22T07:06:45.022+0000] {logging_mixin.py:190} INFO - [2026-07-22T07:06:45.022+0000] {dag.py:3239} INFO - Sync 1 DAGs
[2026-07-22T07:06:45.037+0000] {logging_mixin.py:190} INFO - [2026-07-22T07:06:45.037+0000] {dag.py:4180} INFO - Setting next_dagrun for my_dag to None, run_after=None
[2026-07-22T07:06:45.051+0000] {processor.py:208} INFO - Processing /opt/airflow/dags/my_tasks.py took 0.058 seconds
[2026-07-22T07:07:15.261+0000] {processor.py:186} INFO - Started process (PID=2690) to work on /opt/airflow/dags/my_tasks.py
[2026-07-22T07:07:15.262+0000] {processor.py:914} INFO - Processing file /opt/airflow/dags/my_tasks.py for tasks to queue
[2026-07-22T07:07:15.263+0000] {logging_mixin.py:190} INFO - [2026-07-22T07:07:15.263+0000] {dagbag.py:588} INFO - Filling up the DagBag from /opt/airflow/dags/my_tasks.py
[2026-07-22T07:07:15.269+0000] {processor.py:925} INFO - DAG(s) 'my_dag' retrieved from /opt/airflow/dags/my_tasks.py
[2026-07-22T07:07:15.288+0000] {logging_mixin.py:190} INFO - [2026-07-22T07:07:15.288+0000] {dag.py:3239} INFO - Sync 1 DAGs
[2026-07-22T07:07:15.303+0000] {logging_mixin.py:190} INFO - [2026-07-22T07:07:15.303+0000] {dag.py:4180} INFO - Setting next_dagrun for my_dag to None, run_after=None
[2026-07-22T07:07:15.317+0000] {processor.py:208} INFO - Processing /opt/airflow/dags/my_tasks.py took 0.060 seconds
[2026-07-22T07:07:45.511+0000] {processor.py:186} INFO - Started process (PID=2701) to work on /opt/airflow/dags/my_tasks.py
[2026-07-22T07:07:45.511+0000] {processor.py:914} INFO - Processing file /opt/airflow/dags/my_tasks.py for tasks to queue
[2026-07-22T07:07:45.513+0000] {logging_mixin.py:190} INFO - [2026-07-22T07:07:45.512+0000] {dagbag.py:588} INFO - Filling up the DagBag from /opt/airflow/dags/my_tasks.py
[2026-07-22T07:07:45.520+0000] {processor.py:925} INFO - DAG(s) 'my_dag' retrieved from /opt/airflow/dags/my_tasks.py
[2026-07-22T07:07:45.539+0000] {logging_mixin.py:190} INFO - [2026-07-22T07:07:45.538+0000] {dag.py:3239} INFO - Sync 1 DAGs
[2026-07-22T07:07:45.554+0000] {logging_mixin.py:190} INFO - [2026-07-22T07:07:45.554+0000] {dag.py:4180} INFO - Setting next_dagrun for my_dag to None, run_after=None
[2026-07-22T07:07:45.568+0000] {processor.py:208} INFO - Processing /opt/airflow/dags/my_tasks.py took 0.061 seconds
[2026-07-22T07:08:15.768+0000] {processor.py:186} INFO - Started process (PID=2712) to work on /opt/airflow/dags/my_tasks.py
[2026-07-22T07:08:15.769+0000] {processor.py:914} INFO - Processing file /opt/airflow/dags/my_tasks.py for tasks to queue
[2026-07-22T07:08:15.771+0000] {logging_mixin.py:190} INFO - [2026-07-22T07:08:15.771+0000] {dagbag.py:588} INFO - Filling up the DagBag from /opt/airflow/dags/my_tasks.py
[2026-07-22T07:08:15.778+0000] {processor.py:925} INFO - DAG(s) 'my_dag' retrieved from /opt/airflow/dags/my_tasks.py
[2026-07-22T07:08:15.796+0000] {logging_mixin.py:190} INFO - [2026-07-22T07:08:15.795+0000] {dag.py:3239} INFO - Sync 1 DAGs
[2026-07-22T07:08:15.811+0000] {logging_mixin.py:190} INFO - [2026-07-22T07:08:15.811+0000] {dag.py:4180} INFO - Setting next_dagrun for my_dag to None, run_after=None
[2026-07-22T07:08:15.825+0000] {processor.py:208} INFO - Processing /opt/airflow/dags/my_tasks.py took 0.062 seconds
[2026-07-22T07:08:46.042+0000] {processor.py:186} INFO - Started process (PID=2723) to work on /opt/airflow/dags/my_tasks.py
[2026-07-22T07:08:46.042+0000] {processor.py:914} INFO - Processing file /opt/airflow/dags/my_tasks.py for tasks to queue
[2026-07-22T07:08:46.044+0000] {logging_mixin.py:190} INFO - [2026-07-22T07:08:46.043+0000] {dagbag.py:588} INFO - Filling up the DagBag from /opt/airflow/dags/my_tasks.py
[2026-07-22T07:08:46.051+0000] {processor.py:925} INFO - DAG(s) 'my_dag' retrieved from /opt/airflow/dags/my_tasks.py
[2026-07-22T07:08:46.069+0000] {logging_mixin.py:190} INFO - [2026-07-22T07:08:46.069+0000] {dag.py:3239} INFO - Sync 1 DAGs
[2026-07-22T07:08:46.086+0000] {logging_mixin.py:190} INFO - [2026-07-22T07:08:46.085+0000] {dag.py:4180} INFO - Setting next_dagrun for my_dag to None, run_after=None
[2026-07-22T07:08:46.100+0000] {processor.py:208} INFO - Processing /opt/airflow/dags/my_tasks.py took 0.062 seconds
[2026-07-22T07:09:16.308+0000] {processor.py:186} INFO - Started process (PID=2734) to work on /opt/airflow/dags/my_tasks.py
[2026-07-22T07:09:16.310+0000] {processor.py:914} INFO - Processing file /opt/airflow/dags/my_tasks.py for tasks to queue
[2026-07-22T07:09:16.311+0000] {logging_mixin.py:190} INFO - [2026-07-22T07:09:16.311+0000] {dagbag.py:588} INFO - Filling up the DagBag from /opt/airflow/dags/my_tasks.py
[2026-07-22T07:09:16.319+0000] {processor.py:925} INFO - DAG(s) 'my_dag' retrieved from /opt/airflow/dags/my_tasks.py
[2026-07-22T07:09:16.340+0000] {logging_mixin.py:190} INFO - [2026-07-22T07:09:16.340+0000] {dag.py:3239} INFO - Sync 1 DAGs
[2026-07-22T07:09:16.356+0000] {logging_mixin.py:190} INFO - [2026-07-22T07:09:16.356+0000] {dag.py:4180} INFO - Setting next_dagrun for my_dag to None, run_after=None
[2026-07-22T07:09:16.473+0000] {processor.py:208} INFO - Processing /opt/airflow/dags/my_tasks.py took 0.170 seconds
[2026-07-22T07:09:46.584+0000] {processor.py:186} INFO - Started process (PID=2745) to work on /opt/airflow/dags/my_tasks.py
[2026-07-22T07:09:46.584+0000] {processor.py:914} INFO - Processing file /opt/airflow/dags/my_tasks.py for tasks to queue
[2026-07-22T07:09:46.586+0000] {logging_mixin.py:190} INFO - [2026-07-22T07:09:46.585+0000] {dagbag.py:588} INFO - Filling up the DagBag from /opt/airflow/dags/my_tasks.py
[2026-07-22T07:09:46.594+0000] {processor.py:925} INFO - DAG(s) 'my_dag' retrieved from /opt/airflow/dags/my_tasks.py
[2026-07-22T07:09:46.612+0000] {logging_mixin.py:190} INFO - [2026-07-22T07:09:46.611+0000] {dag.py:3239} INFO - Sync 1 DAGs
[2026-07-22T07:09:46.627+0000] {logging_mixin.py:190} INFO - [2026-07-22T07:09:46.626+0000] {dag.py:4180} INFO - Setting next_dagrun for my_dag to None, run_after=None
[2026-07-22T07:09:46.640+0000] {processor.py:208} INFO - Processing /opt/airflow/dags/my_tasks.py took 0.061 seconds
[2026-07-22T07:10:16.845+0000] {processor.py:186} INFO - Started process (PID=2756) to work on /opt/airflow/dags/my_tasks.py
[2026-07-22T07:10:16.846+0000] {processor.py:914} INFO - Processing file /opt/airflow/dags/my_tasks.py for tasks to queue
[2026-07-22T07:10:16.848+0000] {logging_mixin.py:190} INFO - [2026-07-22T07:10:16.848+0000] {dagbag.py:588} INFO - Filling up the DagBag from /opt/airflow/dags/my_tasks.py
[2026-07-22T07:10:16.854+0000] {processor.py:925} INFO - DAG(s) 'my_dag' retrieved from /opt/airflow/dags/my_tasks.py
[2026-07-22T07:10:16.871+0000] {logging_mixin.py:190} INFO - [2026-07-22T07:10:16.871+0000] {dag.py:3239} INFO - Sync 1 DAGs
[2026-07-22T07:10:16.887+0000] {logging_mixin.py:190} INFO - [2026-07-22T07:10:16.887+0000] {dag.py:4180} INFO - Setting next_dagrun for my_dag to None, run_after=None
[2026-07-22T07:10:16.901+0000] {processor.py:208} INFO - Processing /opt/airflow/dags/my_tasks.py took 0.059 seconds
[2026-07-22T07:10:47.123+0000] {processor.py:186} INFO - Started process (PID=2767) to work on /opt/airflow/dags/my_tasks.py
[2026-07-22T07:10:47.124+0000] {processor.py:914} INFO - Processing file /opt/airflow/dags/my_tasks.py for tasks to queue
[2026-07-22T07:10:47.125+0000] {logging_mixin.py:190} INFO - [2026-07-22T07:10:47.125+0000] {dagbag.py:588} INFO - Filling up the DagBag from /opt/airflow/dags/my_tasks.py
[2026-07-22T07:10:47.131+0000] {processor.py:925} INFO - DAG(s) 'my_dag' retrieved from /opt/airflow/dags/my_tasks.py
[2026-07-22T07:10:47.148+0000] {logging_mixin.py:190} INFO - [2026-07-22T07:10:47.148+0000] {dag.py:3239} INFO - Sync 1 DAGs
[2026-07-22T07:10:47.163+0000] {logging_mixin.py:190} INFO - [2026-07-22T07:10:47.163+0000] {dag.py:4180} INFO - Setting next_dagrun for my_dag to None, run_after=None
[2026-07-22T07:10:47.178+0000] {processor.py:208} INFO - Processing /opt/airflow/dags/my_tasks.py took 0.059 seconds
[2026-07-22T07:11:17.387+0000] {processor.py:186} INFO - Started process (PID=2778) to work on /opt/airflow/dags/my_tasks.py
[2026-07-22T07:11:17.395+0000] {processor.py:914} INFO - Processing file /opt/airflow/dags/my_tasks.py for tasks to queue
[2026-07-22T07:11:17.396+0000] {logging_mixin.py:190} INFO - [2026-07-22T07:11:17.396+0000] {dagbag.py:588} INFO - Filling up the DagBag from /opt/airflow/dags/my_tasks.py
[2026-07-22T07:11:17.403+0000] {processor.py:925} INFO - DAG(s) 'my_dag' retrieved from /opt/airflow/dags/my_tasks.py
[2026-07-22T07:11:17.420+0000] {logging_mixin.py:190} INFO - [2026-07-22T07:11:17.420+0000] {dag.py:3239} INFO - Sync 1 DAGs
[2026-07-22T07:11:17.436+0000] {logging_mixin.py:190} INFO - [2026-07-22T07:11:17.436+0000] {dag.py:4180} INFO - Setting next_dagrun for my_dag to None, run_after=None
[2026-07-22T07:11:17.450+0000] {processor.py:208} INFO - Processing /opt/airflow/dags/my_tasks.py took 0.068 seconds
[2026-07-22T07:11:47.652+0000] {processor.py:186} INFO - Started process (PID=2789) to work on /opt/airflow/dags/my_tasks.py
[2026-07-22T07:11:47.652+0000] {processor.py:914} INFO - Processing file /opt/airflow/dags/my_tasks.py for tasks to queue
[2026-07-22T07:11:47.653+0000] {logging_mixin.py:190} INFO - [2026-07-22T07:11:47.653+0000] {dagbag.py:588} INFO - Filling up the DagBag from /opt/airflow/dags/my_tasks.py
[2026-07-22T07:11:47.660+0000] {processor.py:925} INFO - DAG(s) 'my_dag' retrieved from /opt/airflow/dags/my_tasks.py
[2026-07-22T07:11:47.677+0000] {logging_mixin.py:190} INFO - [2026-07-22T07:11:47.677+0000] {dag.py:3239} INFO - Sync 1 DAGs
[2026-07-22T07:11:47.692+0000] {logging_mixin.py:190} INFO - [2026-07-22T07:11:47.692+0000] {dag.py:4180} INFO - Setting next_dagrun for my_dag to None, run_after=None
[2026-07-22T07:11:47.707+0000] {processor.py:208} INFO - Processing /opt/airflow/dags/my_tasks.py took 0.059 seconds
[2026-07-22T07:12:17.903+0000] {processor.py:186} INFO - Started process (PID=2800) to work on /opt/airflow/dags/my_tasks.py
[2026-07-22T07:12:17.911+0000] {processor.py:914} INFO - Processing file /opt/airflow/dags/my_tasks.py for tasks to queue
[2026-07-22T07:12:17.915+0000] {logging_mixin.py:190} INFO - [2026-07-22T07:12:17.914+0000] {dagbag.py:588} INFO - Filling up the DagBag from /opt/airflow/dags/my_tasks.py
[2026-07-22T07:12:17.926+0000] {processor.py:925} INFO - DAG(s) 'my_dag' retrieved from /opt/airflow/dags/my_tasks.py
[2026-07-22T07:12:17.943+0000] {logging_mixin.py:190} INFO - [2026-07-22T07:12:17.943+0000] {dag.py:3239} INFO - Sync 1 DAGs
[2026-07-22T07:12:17.959+0000] {logging_mixin.py:190} INFO - [2026-07-22T07:12:17.958+0000] {dag.py:4180} INFO - Setting next_dagrun for my_dag to None, run_after=None
[2026-07-22T07:12:17.973+0000] {processor.py:208} INFO - Processing /opt/airflow/dags/my_tasks.py took 0.074 seconds
[2026-07-22T07:12:48.165+0000] {processor.py:186} INFO - Started process (PID=2811) to work on /opt/airflow/dags/my_tasks.py
[2026-07-22T07:12:48.173+0000] {processor.py:914} INFO - Processing file /opt/airflow/dags/my_tasks.py for tasks to queue
[2026-07-22T07:12:48.175+0000] {logging_mixin.py:190} INFO - [2026-07-22T07:12:48.175+0000] {dagbag.py:588} INFO - Filling up the DagBag from /opt/airflow/dags/my_tasks.py
[2026-07-22T07:12:48.186+0000] {processor.py:925} INFO - DAG(s) 'my_dag' retrieved from /opt/airflow/dags/my_tasks.py
[2026-07-22T07:12:48.203+0000] {logging_mixin.py:190} INFO - [2026-07-22T07:12:48.203+0000] {dag.py:3239} INFO - Sync 1 DAGs
[2026-07-22T07:12:48.218+0000] {logging_mixin.py:190} INFO - [2026-07-22T07:12:48.218+0000] {dag.py:4180} INFO - Setting next_dagrun for my_dag to None, run_after=None
[2026-07-22T07:12:48.233+0000] {processor.py:208} INFO - Processing /opt/airflow/dags/my_tasks.py took 0.072 seconds
[2026-07-22T07:13:18.409+0000] {processor.py:186} INFO - Started process (PID=2821) to work on /opt/airflow/dags/my_tasks.py
[2026-07-22T07:13:18.409+0000] {processor.py:914} INFO - Processing file /opt/airflow/dags/my_tasks.py for tasks to queue
[2026-07-22T07:13:18.411+0000] {logging_mixin.py:190} INFO - [2026-07-22T07:13:18.410+0000] {dagbag.py:588} INFO - Filling up the DagBag from /opt/airflow/dags/my_tasks.py
[2026-07-22T07:13:18.418+0000] {processor.py:925} INFO - DAG(s) 'my_dag' retrieved from /opt/airflow/dags/my_tasks.py
[2026-07-22T07:13:18.437+0000] {logging_mixin.py:190} INFO - [2026-07-22T07:13:18.436+0000] {dag.py:3239} INFO - Sync 1 DAGs
[2026-07-22T07:13:18.452+0000] {logging_mixin.py:190} INFO - [2026-07-22T07:13:18.452+0000] {dag.py:4180} INFO - Setting next_dagrun for my_dag to None, run_after=None
[2026-07-22T07:13:18.465+0000] {processor.py:208} INFO - Processing /opt/airflow/dags/my_tasks.py took 0.061 seconds
[2026-07-22T07:13:48.676+0000] {processor.py:186} INFO - Started process (PID=2832) to work on /opt/airflow/dags/my_tasks.py
[2026-07-22T07:13:48.684+0000] {processor.py:914} INFO - Processing file /opt/airflow/dags/my_tasks.py for tasks to queue
[2026-07-22T07:13:48.686+0000] {logging_mixin.py:190} INFO - [2026-07-22T07:13:48.686+0000] {dagbag.py:588} INFO - Filling up the DagBag from /opt/airflow/dags/my_tasks.py
[2026-07-22T07:13:48.694+0000] {processor.py:925} INFO - DAG(s) 'my_dag' retrieved from /opt/airflow/dags/my_tasks.py
[2026-07-22T07:13:48.712+0000] {logging_mixin.py:190} INFO - [2026-07-22T07:13:48.711+0000] {dag.py:3239} INFO - Sync 1 DAGs
[2026-07-22T07:13:48.727+0000] {logging_mixin.py:190} INFO - [2026-07-22T07:13:48.727+0000] {dag.py:4180} INFO - Setting next_dagrun for my_dag to None, run_after=None
[2026-07-22T07:13:48.741+0000] {processor.py:208} INFO - Processing /opt/airflow/dags/my_tasks.py took 0.069 seconds
[2026-07-22T07:14:18.939+0000] {processor.py:186} INFO - Started process (PID=2843) to work on /opt/airflow/dags/my_tasks.py
[2026-07-22T07:14:18.939+0000] {processor.py:914} INFO - Processing file /opt/airflow/dags/my_tasks.py for tasks to queue
[2026-07-22T07:14:18.940+0000] {logging_mixin.py:190} INFO - [2026-07-22T07:14:18.940+0000] {dagbag.py:588} INFO - Filling up the DagBag from /opt/airflow/dags/my_tasks.py
[2026-07-22T07:14:18.947+0000] {processor.py:925} INFO - DAG(s) 'my_dag' retrieved from /opt/airflow/dags/my_tasks.py
[2026-07-22T07:14:18.965+0000] {logging_mixin.py:190} INFO - [2026-07-22T07:14:18.965+0000] {dag.py:3239} INFO - Sync 1 DAGs
[2026-07-22T07:14:18.980+0000] {logging_mixin.py:190} INFO - [2026-07-22T07:14:18.980+0000] {dag.py:4180} INFO - Setting next_dagrun for my_dag to None, run_after=None
[2026-07-22T07:14:18.995+0000] {processor.py:208} INFO - Processing /opt/airflow/dags/my_tasks.py took 0.060 seconds
[2026-07-22T07:14:49.212+0000] {processor.py:186} INFO - Started process (PID=2854) to work on /opt/airflow/dags/my_tasks.py
[2026-07-22T07:14:49.213+0000] {processor.py:914} INFO - Processing file /opt/airflow/dags/my_tasks.py for tasks to queue
[2026-07-22T07:14:49.214+0000] {logging_mixin.py:190} INFO - [2026-07-22T07:14:49.214+0000] {dagbag.py:588} INFO - Filling up the DagBag from /opt/airflow/dags/my_tasks.py
[2026-07-22T07:14:49.221+0000] {processor.py:925} INFO - DAG(s) 'my_dag' retrieved from /opt/airflow/dags/my_tasks.py
[2026-07-22T07:14:49.238+0000] {logging_mixin.py:190} INFO - [2026-07-22T07:14:49.238+0000] {dag.py:3239} INFO - Sync 1 DAGs
[2026-07-22T07:14:49.254+0000] {logging_mixin.py:190} INFO - [2026-07-22T07:14:49.253+0000] {dag.py:4180} INFO - Setting next_dagrun for my_dag to None, run_after=None
[2026-07-22T07:14:49.364+0000] {processor.py:208} INFO - Processing /opt/airflow/dags/my_tasks.py took 0.156 seconds
[2026-07-22T07:15:19.477+0000] {processor.py:186} INFO - Started process (PID=2865) to work on /opt/airflow/dags/my_tasks.py
[2026-07-22T07:15:19.477+0000] {processor.py:914} INFO - Processing file /opt/airflow/dags/my_tasks.py for tasks to queue
[2026-07-22T07:15:19.479+0000] {logging_mixin.py:190} INFO - [2026-07-22T07:15:19.478+0000] {dagbag.py:588} INFO - Filling up the DagBag from /opt/airflow/dags/my_tasks.py
[2026-07-22T07:15:19.486+0000] {processor.py:925} INFO - DAG(s) 'my_dag' retrieved from /opt/airflow/dags/my_tasks.py
[2026-07-22T07:15:19.503+0000] {logging_mixin.py:190} INFO - [2026-07-22T07:15:19.503+0000] {dag.py:3239} INFO - Sync 1 DAGs
[2026-07-22T07:15:19.519+0000] {logging_mixin.py:190} INFO - [2026-07-22T07:15:19.518+0000] {dag.py:4180} INFO - Setting next_dagrun for my_dag to None, run_after=None
[2026-07-22T07:15:19.533+0000] {processor.py:208} INFO - Processing /opt/airflow/dags/my_tasks.py took 0.060 seconds
[2026-07-22T07:15:49.826+0000] {processor.py:186} INFO - Started process (PID=2876) to work on /opt/airflow/dags/my_tasks.py
[2026-07-22T07:15:49.827+0000] {processor.py:914} INFO - Processing file /opt/airflow/dags/my_tasks.py for tasks to queue
[2026-07-22T07:15:49.829+0000] {logging_mixin.py:190} INFO - [2026-07-22T07:15:49.829+0000] {dagbag.py:588} INFO - Filling up the DagBag from /opt/airflow/dags/my_tasks.py
[2026-07-22T07:15:49.835+0000] {processor.py:925} INFO - DAG(s) 'my_dag' retrieved from /opt/airflow/dags/my_tasks.py
[2026-07-22T07:15:49.852+0000] {logging_mixin.py:190} INFO - [2026-07-22T07:15:49.852+0000] {dag.py:3239} INFO - Sync 1 DAGs
[2026-07-22T07:15:49.867+0000] {logging_mixin.py:190} INFO - [2026-07-22T07:15:49.867+0000] {dag.py:4180} INFO - Setting next_dagrun for my_dag to None, run_after=None
[2026-07-22T07:15:49.885+0000] {processor.py:208} INFO - Processing /opt/airflow/dags/my_tasks.py took 0.065 seconds
[2026-07-22T07:16:20.110+0000] {processor.py:186} INFO - Started process (PID=2887) to work on /opt/airflow/dags/my_tasks.py
[2026-07-22T07:16:20.111+0000] {processor.py:914} INFO - Processing file /opt/airflow/dags/my_tasks.py for tasks to queue
[2026-07-22T07:16:20.112+0000] {logging_mixin.py:190} INFO - [2026-07-22T07:16:20.112+0000] {dagbag.py:588} INFO - Filling up the DagBag from /opt/airflow/dags/my_tasks.py
[2026-07-22T07:16:20.119+0000] {processor.py:925} INFO - DAG(s) 'my_dag' retrieved from /opt/airflow/dags/my_tasks.py
[2026-07-22T07:16:20.137+0000] {logging_mixin.py:190} INFO - [2026-07-22T07:16:20.136+0000] {dag.py:3239} INFO - Sync 1 DAGs
[2026-07-22T07:16:20.152+0000] {logging_mixin.py:190} INFO - [2026-07-22T07:16:20.152+0000] {dag.py:4180} INFO - Setting next_dagrun for my_dag to None, run_after=None
[2026-07-22T07:16:20.167+0000] {processor.py:208} INFO - Processing /opt/airflow/dags/my_tasks.py took 0.060 seconds
[2026-07-22T07:16:50.390+0000] {processor.py:186} INFO - Started process (PID=2898) to work on /opt/airflow/dags/my_tasks.py
[2026-07-22T07:16:50.390+0000] {processor.py:914} INFO - Processing file /opt/airflow/dags/my_tasks.py for tasks to queue
[2026-07-22T07:16:50.391+0000] {logging_mixin.py:190} INFO - [2026-07-22T07:16:50.391+0000] {dagbag.py:588} INFO - Filling up the DagBag from /opt/airflow/dags/my_tasks.py
[2026-07-22T07:16:50.398+0000] {processor.py:925} INFO - DAG(s) 'my_dag' retrieved from /opt/airflow/dags/my_tasks.py
[2026-07-22T07:16:50.415+0000] {logging_mixin.py:190} INFO - [2026-07-22T07:16:50.415+0000] {dag.py:3239} INFO - Sync 1 DAGs
[2026-07-22T07:16:50.431+0000] {logging_mixin.py:190} INFO - [2026-07-22T07:16:50.431+0000] {dag.py:4180} INFO - Setting next_dagrun for my_dag to None, run_after=None
[2026-07-22T07:16:50.444+0000] {processor.py:208} INFO - Processing /opt/airflow/dags/my_tasks.py took 0.059 seconds
[2026-07-22T07:17:20.671+0000] {processor.py:186} INFO - Started process (PID=2909) to work on /opt/airflow/dags/my_tasks.py
[2026-07-22T07:17:20.671+0000] {processor.py:914} INFO - Processing file /opt/airflow/dags/my_tasks.py for tasks to queue
[2026-07-22T07:17:20.672+0000] {logging_mixin.py:190} INFO - [2026-07-22T07:17:20.672+0000] {dagbag.py:588} INFO - Filling up the DagBag from /opt/airflow/dags/my_tasks.py
[2026-07-22T07:17:20.680+0000] {processor.py:925} INFO - DAG(s) 'my_dag' retrieved from /opt/airflow/dags/my_tasks.py
[2026-07-22T07:17:20.697+0000] {logging_mixin.py:190} INFO - [2026-07-22T07:17:20.697+0000] {dag.py:3239} INFO - Sync 1 DAGs
[2026-07-22T07:17:20.712+0000] {logging_mixin.py:190} INFO - [2026-07-22T07:17:20.712+0000] {dag.py:4180} INFO - Setting next_dagrun for my_dag to None, run_after=None
[2026-07-22T07:17:20.726+0000] {processor.py:208} INFO - Processing /opt/airflow/dags/my_tasks.py took 0.060 seconds
[2026-07-22T07:17:50.944+0000] {processor.py:186} INFO - Started process (PID=2920) to work on /opt/airflow/dags/my_tasks.py
[2026-07-22T07:17:50.945+0000] {processor.py:914} INFO - Processing file /opt/airflow/dags/my_tasks.py for tasks to queue
[2026-07-22T07:17:50.946+0000] {logging_mixin.py:190} INFO - [2026-07-22T07:17:50.946+0000] {dagbag.py:588} INFO - Filling up the DagBag from /opt/airflow/dags/my_tasks.py
[2026-07-22T07:17:50.953+0000] {processor.py:925} INFO - DAG(s) 'my_dag' retrieved from /opt/airflow/dags/my_tasks.py
[2026-07-22T07:17:50.970+0000] {logging_mixin.py:190} INFO - [2026-07-22T07:17:50.970+0000] {dag.py:3239} INFO - Sync 1 DAGs
[2026-07-22T07:17:50.985+0000] {logging_mixin.py:190} INFO - [2026-07-22T07:17:50.985+0000] {dag.py:4180} INFO - Setting next_dagrun for my_dag to None, run_after=None
[2026-07-22T07:17:50.999+0000] {processor.py:208} INFO - Processing /opt/airflow/dags/my_tasks.py took 0.059 seconds
[2026-07-22T07:18:21.224+0000] {processor.py:186} INFO - Started process (PID=2931) to work on /opt/airflow/dags/my_tasks.py
[2026-07-22T07:18:21.224+0000] {processor.py:914} INFO - Processing file /opt/airflow/dags/my_tasks.py for tasks to queue
[2026-07-22T07:18:21.226+0000] {logging_mixin.py:190} INFO - [2026-07-22T07:18:21.226+0000] {dagbag.py:588} INFO - Filling up the DagBag from /opt/airflow/dags/my_tasks.py
[2026-07-22T07:18:21.232+0000] {processor.py:925} INFO - DAG(s) 'my_dag' retrieved from /opt/airflow/dags/my_tasks.py
[2026-07-22T07:18:21.250+0000] {logging_mixin.py:190} INFO - [2026-07-22T07:18:21.250+0000] {dag.py:3239} INFO - Sync 1 DAGs
[2026-07-22T07:18:21.265+0000] {logging_mixin.py:190} INFO - [2026-07-22T07:18:21.265+0000] {dag.py:4180} INFO - Setting next_dagrun for my_dag to None, run_after=None
[2026-07-22T07:18:21.279+0000] {processor.py:208} INFO - Processing /opt/airflow/dags/my_tasks.py took 0.059 seconds
[2026-07-22T07:18:51.453+0000] {processor.py:186} INFO - Started process (PID=2942) to work on /opt/airflow/dags/my_tasks.py
[2026-07-22T07:18:51.454+0000] {processor.py:914} INFO - Processing file /opt/airflow/dags/my_tasks.py for tasks to queue
[2026-07-22T07:18:51.455+0000] {logging_mixin.py:190} INFO - [2026-07-22T07:18:51.455+0000] {dagbag.py:588} INFO - Filling up the DagBag from /opt/airflow/dags/my_tasks.py
[2026-07-22T07:18:51.461+0000] {processor.py:925} INFO - DAG(s) 'my_dag' retrieved from /opt/airflow/dags/my_tasks.py
[2026-07-22T07:18:51.479+0000] {logging_mixin.py:190} INFO - [2026-07-22T07:18:51.479+0000] {dag.py:3239} INFO - Sync 1 DAGs
[2026-07-22T07:18:51.494+0000] {logging_mixin.py:190} INFO - [2026-07-22T07:18:51.494+0000] {dag.py:4180} INFO - Setting next_dagrun for my_dag to None, run_after=None
[2026-07-22T07:18:51.507+0000] {processor.py:208} INFO - Processing /opt/airflow/dags/my_tasks.py took 0.058 seconds
[2026-07-22T07:19:21.727+0000] {processor.py:186} INFO - Started process (PID=2953) to work on /opt/airflow/dags/my_tasks.py
[2026-07-22T07:19:21.727+0000] {processor.py:914} INFO - Processing file /opt/airflow/dags/my_tasks.py for tasks to queue
[2026-07-22T07:19:21.729+0000] {logging_mixin.py:190} INFO - [2026-07-22T07:19:21.729+0000] {dagbag.py:588} INFO - Filling up the DagBag from /opt/airflow/dags/my_tasks.py
[2026-07-22T07:19:21.736+0000] {processor.py:925} INFO - DAG(s) 'my_dag' retrieved from /opt/airflow/dags/my_tasks.py
[2026-07-22T07:19:21.754+0000] {logging_mixin.py:190} INFO - [2026-07-22T07:19:21.754+0000] {dag.py:3239} INFO - Sync 1 DAGs
[2026-07-22T07:19:21.770+0000] {logging_mixin.py:190} INFO - [2026-07-22T07:19:21.770+0000] {dag.py:4180} INFO - Setting next_dagrun for my_dag to None, run_after=None
[2026-07-22T07:19:21.785+0000] {processor.py:208} INFO - Processing /opt/airflow/dags/my_tasks.py took 0.062 seconds
[2026-07-22T07:19:51.984+0000] {processor.py:186} INFO - Started process (PID=2964) to work on /opt/airflow/dags/my_tasks.py
[2026-07-22T07:19:51.985+0000] {processor.py:914} INFO - Processing file /opt/airflow/dags/my_tasks.py for tasks to queue
[2026-07-22T07:19:51.986+0000] {logging_mixin.py:190} INFO - [2026-07-22T07:19:51.986+0000] {dagbag.py:588} INFO - Filling up the DagBag from /opt/airflow/dags/my_tasks.py
[2026-07-22T07:19:51.994+0000] {processor.py:925} INFO - DAG(s) 'my_dag' retrieved from /opt/airflow/dags/my_tasks.py
[2026-07-22T07:19:52.011+0000] {logging_mixin.py:190} INFO - [2026-07-22T07:19:52.011+0000] {dag.py:3239} INFO - Sync 1 DAGs
[2026-07-22T07:19:52.027+0000] {logging_mixin.py:190} INFO - [2026-07-22T07:19:52.026+0000] {dag.py:4180} INFO - Setting next_dagrun for my_dag to None, run_after=None
[2026-07-22T07:19:52.041+0000] {processor.py:208} INFO - Processing /opt/airflow/dags/my_tasks.py took 0.061 seconds
[2026-07-22T07:20:22.244+0000] {processor.py:186} INFO - Started process (PID=2975) to work on /opt/airflow/dags/my_tasks.py
[2026-07-22T07:20:22.244+0000] {processor.py:914} INFO - Processing file /opt/airflow/dags/my_tasks.py for tasks to queue
[2026-07-22T07:20:22.246+0000] {logging_mixin.py:190} INFO - [2026-07-22T07:20:22.245+0000] {dagbag.py:588} INFO - Filling up the DagBag from /opt/airflow/dags/my_tasks.py
[2026-07-22T07:20:22.252+0000] {processor.py:925} INFO - DAG(s) 'my_dag' retrieved from /opt/airflow/dags/my_tasks.py
[2026-07-22T07:20:22.269+0000] {logging_mixin.py:190} INFO - [2026-07-22T07:20:22.269+0000] {dag.py:3239} INFO - Sync 1 DAGs
[2026-07-22T07:20:22.285+0000] {logging_mixin.py:190} INFO - [2026-07-22T07:20:22.285+0000] {dag.py:4180} INFO - Setting next_dagrun for my_dag to None, run_after=None
[2026-07-22T07:20:22.400+0000] {processor.py:208} INFO - Processing /opt/airflow/dags/my_tasks.py took 0.160 seconds
[2026-07-22T07:20:52.523+0000] {processor.py:186} INFO - Started process (PID=2986) to work on /opt/airflow/dags/my_tasks.py
[2026-07-22T07:20:52.524+0000] {processor.py:914} INFO - Processing file /opt/airflow/dags/my_tasks.py for tasks to queue
[2026-07-22T07:20:52.526+0000] {logging_mixin.py:190} INFO - [2026-07-22T07:20:52.525+0000] {dagbag.py:588} INFO - Filling up the DagBag from /opt/airflow/dags/my_tasks.py
[2026-07-22T07:20:52.533+0000] {processor.py:925} INFO - DAG(s) 'my_dag' retrieved from /opt/airflow/dags/my_tasks.py
[2026-07-22T07:20:52.551+0000] {logging_mixin.py:190} INFO - [2026-07-22T07:20:52.551+0000] {dag.py:3239} INFO - Sync 1 DAGs
[2026-07-22T07:20:52.567+0000] {logging_mixin.py:190} INFO - [2026-07-22T07:20:52.566+0000] {dag.py:4180} INFO - Setting next_dagrun for my_dag to None, run_after=None
[2026-07-22T07:20:52.581+0000] {processor.py:208} INFO - Processing /opt/airflow/dags/my_tasks.py took 0.065 seconds
[2026-07-22T07:21:22.867+0000] {processor.py:186} INFO - Started process (PID=2997) to work on /opt/airflow/dags/my_tasks.py
[2026-07-22T07:21:22.868+0000] {processor.py:914} INFO - Processing file /opt/airflow/dags/my_tasks.py for tasks to queue
[2026-07-22T07:21:22.869+0000] {logging_mixin.py:190} INFO - [2026-07-22T07:21:22.869+0000] {dagbag.py:588} INFO - Filling up the DagBag from /opt/airflow/dags/my_tasks.py
[2026-07-22T07:21:22.876+0000] {processor.py:925} INFO - DAG(s) 'my_dag' retrieved from /opt/airflow/dags/my_tasks.py
[2026-07-22T07:21:22.893+0000] {logging_mixin.py:190} INFO - [2026-07-22T07:21:22.893+0000] {dag.py:3239} INFO - Sync 1 DAGs
[2026-07-22T07:21:22.908+0000] {logging_mixin.py:190} INFO - [2026-07-22T07:21:22.908+0000] {dag.py:4180} INFO - Setting next_dagrun for my_dag to None, run_after=None
[2026-07-22T07:21:22.923+0000] {processor.py:208} INFO - Processing /opt/airflow/dags/my_tasks.py took 0.059 seconds
[2026-07-22T07:21:53.136+0000] {processor.py:186} INFO - Started process (PID=3008) to work on /opt/airflow/dags/my_tasks.py
[2026-07-22T07:21:53.144+0000] {processor.py:914} INFO - Processing file /opt/airflow/dags/my_tasks.py for tasks to queue
[2026-07-22T07:21:53.148+0000] {logging_mixin.py:190} INFO - [2026-07-22T07:21:53.148+0000] {dagbag.py:588} INFO - Filling up the DagBag from /opt/airflow/dags/my_tasks.py
[2026-07-22T07:21:53.158+0000] {processor.py:925} INFO - DAG(s) 'my_dag' retrieved from /opt/airflow/dags/my_tasks.py
[2026-07-22T07:21:53.178+0000] {logging_mixin.py:190} INFO - [2026-07-22T07:21:53.178+0000] {dag.py:3239} INFO - Sync 1 DAGs
[2026-07-22T07:21:53.194+0000] {logging_mixin.py:190} INFO - [2026-07-22T07:21:53.193+0000] {dag.py:4180} INFO - Setting next_dagrun for my_dag to None, run_after=None
[2026-07-22T07:21:53.207+0000] {processor.py:208} INFO - Processing /opt/airflow/dags/my_tasks.py took 0.076 seconds
[2026-07-22T07:22:23.410+0000] {processor.py:186} INFO - Started process (PID=3019) to work on /opt/airflow/dags/my_tasks.py
[2026-07-22T07:22:23.411+0000] {processor.py:914} INFO - Processing file /opt/airflow/dags/my_tasks.py for tasks to queue
[2026-07-22T07:22:23.412+0000] {logging_mixin.py:190} INFO - [2026-07-22T07:22:23.412+0000] {dagbag.py:588} INFO - Filling up the DagBag from /opt/airflow/dags/my_tasks.py
[2026-07-22T07:22:23.418+0000] {processor.py:925} INFO - DAG(s) 'my_dag' retrieved from /opt/airflow/dags/my_tasks.py
[2026-07-22T07:22:23.436+0000] {logging_mixin.py:190} INFO - [2026-07-22T07:22:23.436+0000] {dag.py:3239} INFO - Sync 1 DAGs
[2026-07-22T07:22:23.549+0000] {logging_mixin.py:190} INFO - [2026-07-22T07:22:23.549+0000] {dag.py:4180} INFO - Setting next_dagrun for my_dag to None, run_after=None
[2026-07-22T07:22:23.569+0000] {processor.py:208} INFO - Processing /opt/airflow/dags/my_tasks.py took 0.163 seconds
[2026-07-22T07:22:53.669+0000] {processor.py:186} INFO - Started process (PID=3030) to work on /opt/airflow/dags/my_tasks.py
[2026-07-22T07:22:53.677+0000] {processor.py:914} INFO - Processing file /opt/airflow/dags/my_tasks.py for tasks to queue
[2026-07-22T07:22:53.679+0000] {logging_mixin.py:190} INFO - [2026-07-22T07:22:53.679+0000] {dagbag.py:588} INFO - Filling up the DagBag from /opt/airflow/dags/my_tasks.py
[2026-07-22T07:22:53.690+0000] {processor.py:925} INFO - DAG(s) 'my_dag' retrieved from /opt/airflow/dags/my_tasks.py
[2026-07-22T07:22:53.707+0000] {logging_mixin.py:190} INFO - [2026-07-22T07:22:53.707+0000] {dag.py:3239} INFO - Sync 1 DAGs
[2026-07-22T07:22:53.723+0000] {logging_mixin.py:190} INFO - [2026-07-22T07:22:53.722+0000] {dag.py:4180} INFO - Setting next_dagrun for my_dag to None, run_after=None
[2026-07-22T07:22:53.736+0000] {processor.py:208} INFO - Processing /opt/airflow/dags/my_tasks.py took 0.071 seconds
[2026-07-22T07:23:23.965+0000] {processor.py:186} INFO - Started process (PID=3041) to work on /opt/airflow/dags/my_tasks.py
[2026-07-22T07:23:23.965+0000] {processor.py:914} INFO - Processing file /opt/airflow/dags/my_tasks.py for tasks to queue
[2026-07-22T07:23:23.967+0000] {logging_mixin.py:190} INFO - [2026-07-22T07:23:23.967+0000] {dagbag.py:588} INFO - Filling up the DagBag from /opt/airflow/dags/my_tasks.py
[2026-07-22T07:23:23.974+0000] {processor.py:925} INFO - DAG(s) 'my_dag' retrieved from /opt/airflow/dags/my_tasks.py
[2026-07-22T07:23:23.991+0000] {logging_mixin.py:190} INFO - [2026-07-22T07:23:23.991+0000] {dag.py:3239} INFO - Sync 1 DAGs
[2026-07-22T07:23:24.008+0000] {logging_mixin.py:190} INFO - [2026-07-22T07:23:24.008+0000] {dag.py:4180} INFO - Setting next_dagrun for my_dag to None, run_after=None
[2026-07-22T07:23:24.029+0000] {processor.py:208} INFO - Processing /opt/airflow/dags/my_tasks.py took 0.070 seconds
[2026-07-22T07:23:54.250+0000] {processor.py:186} INFO - Started process (PID=3052) to work on /opt/airflow/dags/my_tasks.py
[2026-07-22T07:23:54.251+0000] {processor.py:914} INFO - Processing file /opt/airflow/dags/my_tasks.py for tasks to queue
[2026-07-22T07:23:54.252+0000] {logging_mixin.py:190} INFO - [2026-07-22T07:23:54.252+0000] {dagbag.py:588} INFO - Filling up the DagBag from /opt/airflow/dags/my_tasks.py
[2026-07-22T07:23:54.260+0000] {processor.py:925} INFO - DAG(s) 'my_dag' retrieved from /opt/airflow/dags/my_tasks.py
[2026-07-22T07:23:54.278+0000] {logging_mixin.py:190} INFO - [2026-07-22T07:23:54.278+0000] {dag.py:3239} INFO - Sync 1 DAGs
[2026-07-22T07:23:54.293+0000] {logging_mixin.py:190} INFO - [2026-07-22T07:23:54.293+0000] {dag.py:4180} INFO - Setting next_dagrun for my_dag to None, run_after=None
[2026-07-22T07:23:54.309+0000] {processor.py:208} INFO - Processing /opt/airflow/dags/my_tasks.py took 0.063 seconds
[2026-07-22T07:24:24.533+0000] {processor.py:186} INFO - Started process (PID=3063) to work on /opt/airflow/dags/my_tasks.py
[2026-07-22T07:24:24.541+0000] {processor.py:914} INFO - Processing file /opt/airflow/dags/my_tasks.py for tasks to queue
[2026-07-22T07:24:24.544+0000] {logging_mixin.py:190} INFO - [2026-07-22T07:24:24.543+0000] {dagbag.py:588} INFO - Filling up the DagBag from /opt/airflow/dags/my_tasks.py
[2026-07-22T07:24:24.554+0000] {processor.py:925} INFO - DAG(s) 'my_dag' retrieved from /opt/airflow/dags/my_tasks.py
[2026-07-22T07:24:24.572+0000] {logging_mixin.py:190} INFO - [2026-07-22T07:24:24.572+0000] {dag.py:3239} INFO - Sync 1 DAGs
[2026-07-22T07:24:24.588+0000] {logging_mixin.py:190} INFO - [2026-07-22T07:24:24.588+0000] {dag.py:4180} INFO - Setting next_dagrun for my_dag to None, run_after=None
[2026-07-22T07:24:24.602+0000] {processor.py:208} INFO - Processing /opt/airflow/dags/my_tasks.py took 0.073 seconds
[2026-07-22T07:24:54.825+0000] {processor.py:186} INFO - Started process (PID=3074) to work on /opt/airflow/dags/my_tasks.py
[2026-07-22T07:24:54.825+0000] {processor.py:914} INFO - Processing file /opt/airflow/dags/my_tasks.py for tasks to queue
[2026-07-22T07:24:54.827+0000] {logging_mixin.py:190} INFO - [2026-07-22T07:24:54.826+0000] {dagbag.py:588} INFO - Filling up the DagBag from /opt/airflow/dags/my_tasks.py
[2026-07-22T07:24:54.833+0000] {processor.py:925} INFO - DAG(s) 'my_dag' retrieved from /opt/airflow/dags/my_tasks.py
[2026-07-22T07:24:54.850+0000] {logging_mixin.py:190} INFO - [2026-07-22T07:24:54.850+0000] {dag.py:3239} INFO - Sync 1 DAGs
[2026-07-22T07:24:54.866+0000] {logging_mixin.py:190} INFO - [2026-07-22T07:24:54.866+0000] {dag.py:4180} INFO - Setting next_dagrun for my_dag to None, run_after=None
[2026-07-22T07:24:54.883+0000] {processor.py:208} INFO - Processing /opt/airflow/dags/my_tasks.py took 0.063 seconds
[2026-07-22T07:25:25.079+0000] {processor.py:186} INFO - Started process (PID=3085) to work on /opt/airflow/dags/my_tasks.py
[2026-07-22T07:25:25.087+0000] {processor.py:914} INFO - Processing file /opt/airflow/dags/my_tasks.py for tasks to queue
[2026-07-22T07:25:25.090+0000] {logging_mixin.py:190} INFO - [2026-07-22T07:25:25.089+0000] {dagbag.py:588} INFO - Filling up the DagBag from /opt/airflow/dags/my_tasks.py
[2026-07-22T07:25:25.099+0000] {processor.py:925} INFO - DAG(s) 'my_dag' retrieved from /opt/airflow/dags/my_tasks.py
[2026-07-22T07:25:25.116+0000] {logging_mixin.py:190} INFO - [2026-07-22T07:25:25.116+0000] {dag.py:3239} INFO - Sync 1 DAGs
[2026-07-22T07:25:25.132+0000] {logging_mixin.py:190} INFO - [2026-07-22T07:25:25.131+0000] {dag.py:4180} INFO - Setting next_dagrun for my_dag to None, run_after=None
[2026-07-22T07:25:25.146+0000] {processor.py:208} INFO - Processing /opt/airflow/dags/my_tasks.py took 0.071 seconds
[2026-07-22T07:25:55.324+0000] {processor.py:186} INFO - Started process (PID=3096) to work on /opt/airflow/dags/my_tasks.py
[2026-07-22T07:25:55.325+0000] {processor.py:914} INFO - Processing file /opt/airflow/dags/my_tasks.py for tasks to queue
[2026-07-22T07:25:55.326+0000] {logging_mixin.py:190} INFO - [2026-07-22T07:25:55.326+0000] {dagbag.py:588} INFO - Filling up the DagBag from /opt/airflow/dags/my_tasks.py
[2026-07-22T07:25:55.333+0000] {processor.py:925} INFO - DAG(s) 'my_dag' retrieved from /opt/airflow/dags/my_tasks.py
[2026-07-22T07:25:55.350+0000] {logging_mixin.py:190} INFO - [2026-07-22T07:25:55.350+0000] {dag.py:3239} INFO - Sync 1 DAGs
[2026-07-22T07:25:55.366+0000] {logging_mixin.py:190} INFO - [2026-07-22T07:25:55.365+0000] {dag.py:4180} INFO - Setting next_dagrun for my_dag to None, run_after=None
[2026-07-22T07:25:55.477+0000] {processor.py:208} INFO - Processing /opt/airflow/dags/my_tasks.py took 0.157 seconds
[2026-07-22T07:26:25.581+0000] {processor.py:186} INFO - Started process (PID=3107) to work on /opt/airflow/dags/my_tasks.py
[2026-07-22T07:26:25.586+0000] {processor.py:914} INFO - Processing file /opt/airflow/dags/my_tasks.py for tasks to queue
[2026-07-22T07:26:25.587+0000] {logging_mixin.py:190} INFO - [2026-07-22T07:26:25.587+0000] {dagbag.py:588} INFO - Filling up the DagBag from /opt/airflow/dags/my_tasks.py
[2026-07-22T07:26:25.595+0000] {processor.py:925} INFO - DAG(s) 'my_dag' retrieved from /opt/airflow/dags/my_tasks.py
[2026-07-22T07:26:25.613+0000] {logging_mixin.py:190} INFO - [2026-07-22T07:26:25.613+0000] {dag.py:3239} INFO - Sync 1 DAGs
[2026-07-22T07:26:25.628+0000] {logging_mixin.py:190} INFO - [2026-07-22T07:26:25.628+0000] {dag.py:4180} INFO - Setting next_dagrun for my_dag to None, run_after=None
[2026-07-22T07:26:25.642+0000] {processor.py:208} INFO - Processing /opt/airflow/dags/my_tasks.py took 0.065 seconds
[2026-07-22T07:26:55.844+0000] {processor.py:186} INFO - Started process (PID=3118) to work on /opt/airflow/dags/my_tasks.py
[2026-07-22T07:26:55.845+0000] {processor.py:914} INFO - Processing file /opt/airflow/dags/my_tasks.py for tasks to queue
[2026-07-22T07:26:55.847+0000] {logging_mixin.py:190} INFO - [2026-07-22T07:26:55.846+0000] {dagbag.py:588} INFO - Filling up the DagBag from /opt/airflow/dags/my_tasks.py
[2026-07-22T07:26:55.854+0000] {processor.py:925} INFO - DAG(s) 'my_dag' retrieved from /opt/airflow/dags/my_tasks.py
[2026-07-22T07:26:55.873+0000] {logging_mixin.py:190} INFO - [2026-07-22T07:26:55.873+0000] {dag.py:3239} INFO - Sync 1 DAGs
[2026-07-22T07:26:55.890+0000] {logging_mixin.py:190} INFO - [2026-07-22T07:26:55.890+0000] {dag.py:4180} INFO - Setting next_dagrun for my_dag to None, run_after=None
[2026-07-22T07:26:55.905+0000] {processor.py:208} INFO - Processing /opt/airflow/dags/my_tasks.py took 0.065 seconds
[2026-07-22T07:27:26.124+0000] {processor.py:186} INFO - Started process (PID=3129) to work on /opt/airflow/dags/my_tasks.py
[2026-07-22T07:27:26.132+0000] {processor.py:914} INFO - Processing file /opt/airflow/dags/my_tasks.py for tasks to queue
[2026-07-22T07:27:26.133+0000] {logging_mixin.py:190} INFO - [2026-07-22T07:27:26.133+0000] {dagbag.py:588} INFO - Filling up the DagBag from /opt/airflow/dags/my_tasks.py
[2026-07-22T07:27:26.143+0000] {processor.py:925} INFO - DAG(s) 'my_dag' retrieved from /opt/airflow/dags/my_tasks.py
[2026-07-22T07:27:26.160+0000] {logging_mixin.py:190} INFO - [2026-07-22T07:27:26.160+0000] {dag.py:3239} INFO - Sync 1 DAGs
[2026-07-22T07:27:26.175+0000] {logging_mixin.py:190} INFO - [2026-07-22T07:27:26.175+0000] {dag.py:4180} INFO - Setting next_dagrun for my_dag to None, run_after=None
[2026-07-22T07:27:26.189+0000] {processor.py:208} INFO - Processing /opt/airflow/dags/my_tasks.py took 0.069 seconds
[2026-07-22T07:27:56.389+0000] {processor.py:186} INFO - Started process (PID=3140) to work on /opt/airflow/dags/my_tasks.py
[2026-07-22T07:27:56.390+0000] {processor.py:914} INFO - Processing file /opt/airflow/dags/my_tasks.py for tasks to queue
[2026-07-22T07:27:56.391+0000] {logging_mixin.py:190} INFO - [2026-07-22T07:27:56.391+0000] {dagbag.py:588} INFO - Filling up the DagBag from /opt/airflow/dags/my_tasks.py
[2026-07-22T07:27:56.398+0000] {processor.py:925} INFO - DAG(s) 'my_dag' retrieved from /opt/airflow/dags/my_tasks.py
[2026-07-22T07:27:56.415+0000] {logging_mixin.py:190} INFO - [2026-07-22T07:27:56.415+0000] {dag.py:3239} INFO - Sync 1 DAGs
[2026-07-22T07:27:56.527+0000] {logging_mixin.py:190} INFO - [2026-07-22T07:27:56.527+0000] {dag.py:4180} INFO - Setting next_dagrun for my_dag to None, run_after=None
[2026-07-22T07:27:56.541+0000] {processor.py:208} INFO - Processing /opt/airflow/dags/my_tasks.py took 0.156 seconds
[2026-07-22T07:28:26.652+0000] {processor.py:186} INFO - Started process (PID=3151) to work on /opt/airflow/dags/my_tasks.py
[2026-07-22T07:28:26.660+0000] {processor.py:914} INFO - Processing file /opt/airflow/dags/my_tasks.py for tasks to queue
[2026-07-22T07:28:26.664+0000] {logging_mixin.py:190} INFO - [2026-07-22T07:28:26.663+0000] {dagbag.py:588} INFO - Filling up the DagBag from /opt/airflow/dags/my_tasks.py
[2026-07-22T07:28:26.675+0000] {processor.py:925} INFO - DAG(s) 'my_dag' retrieved from /opt/airflow/dags/my_tasks.py
[2026-07-22T07:28:26.696+0000] {logging_mixin.py:190} INFO - [2026-07-22T07:28:26.696+0000] {dag.py:3239} INFO - Sync 1 DAGs
[2026-07-22T07:28:26.715+0000] {logging_mixin.py:190} INFO - [2026-07-22T07:28:26.714+0000] {dag.py:4180} INFO - Setting next_dagrun for my_dag to None, run_after=None
[2026-07-22T07:28:26.732+0000] {processor.py:208} INFO - Processing /opt/airflow/dags/my_tasks.py took 0.084 seconds
[2026-07-22T07:28:57.001+0000] {processor.py:186} INFO - Started process (PID=3162) to work on /opt/airflow/dags/my_tasks.py
[2026-07-22T07:28:57.001+0000] {processor.py:914} INFO - Processing file /opt/airflow/dags/my_tasks.py for tasks to queue
[2026-07-22T07:28:57.003+0000] {logging_mixin.py:190} INFO - [2026-07-22T07:28:57.003+0000] {dagbag.py:588} INFO - Filling up the DagBag from /opt/airflow/dags/my_tasks.py
[2026-07-22T07:28:57.011+0000] {processor.py:925} INFO - DAG(s) 'my_dag' retrieved from /opt/airflow/dags/my_tasks.py
[2026-07-22T07:28:57.031+0000] {logging_mixin.py:190} INFO - [2026-07-22T07:28:57.030+0000] {dag.py:3239} INFO - Sync 1 DAGs
[2026-07-22T07:28:57.048+0000] {logging_mixin.py:190} INFO - [2026-07-22T07:28:57.048+0000] {dag.py:4180} INFO - Setting next_dagrun for my_dag to None, run_after=None
[2026-07-22T07:28:57.064+0000] {processor.py:208} INFO - Processing /opt/airflow/dags/my_tasks.py took 0.069 seconds
[2026-07-22T07:29:27.263+0000] {processor.py:186} INFO - Started process (PID=3173) to work on /opt/airflow/dags/my_tasks.py
[2026-07-22T07:29:27.263+0000] {processor.py:914} INFO - Processing file /opt/airflow/dags/my_tasks.py for tasks to queue
[2026-07-22T07:29:27.264+0000] {logging_mixin.py:190} INFO - [2026-07-22T07:29:27.264+0000] {dagbag.py:588} INFO - Filling up the DagBag from /opt/airflow/dags/my_tasks.py
[2026-07-22T07:29:27.273+0000] {processor.py:925} INFO - DAG(s) 'my_dag' retrieved from /opt/airflow/dags/my_tasks.py
[2026-07-22T07:29:27.292+0000] {logging_mixin.py:190} INFO - [2026-07-22T07:29:27.292+0000] {dag.py:3239} INFO - Sync 1 DAGs
[2026-07-22T07:29:27.308+0000] {logging_mixin.py:190} INFO - [2026-07-22T07:29:27.307+0000] {dag.py:4180} INFO - Setting next_dagrun for my_dag to None, run_after=None
[2026-07-22T07:29:27.327+0000] {processor.py:208} INFO - Processing /opt/airflow/dags/my_tasks.py took 0.069 seconds
[2026-07-22T07:29:57.536+0000] {processor.py:186} INFO - Started process (PID=3184) to work on /opt/airflow/dags/my_tasks.py
[2026-07-22T07:29:57.536+0000] {processor.py:914} INFO - Processing file /opt/airflow/dags/my_tasks.py for tasks to queue
[2026-07-22T07:29:57.537+0000] {logging_mixin.py:190} INFO - [2026-07-22T07:29:57.537+0000] {dagbag.py:588} INFO - Filling up the DagBag from /opt/airflow/dags/my_tasks.py
[2026-07-22T07:29:57.545+0000] {processor.py:925} INFO - DAG(s) 'my_dag' retrieved from /opt/airflow/dags/my_tasks.py
[2026-07-22T07:29:57.562+0000] {logging_mixin.py:190} INFO - [2026-07-22T07:29:57.562+0000] {dag.py:3239} INFO - Sync 1 DAGs
[2026-07-22T07:29:57.579+0000] {logging_mixin.py:190} INFO - [2026-07-22T07:29:57.579+0000] {dag.py:4180} INFO - Setting next_dagrun for my_dag to None, run_after=None
[2026-07-22T07:29:57.596+0000] {processor.py:208} INFO - Processing /opt/airflow/dags/my_tasks.py took 0.064 seconds
[2026-07-22T07:30:27.821+0000] {processor.py:186} INFO - Started process (PID=3195) to work on /opt/airflow/dags/my_tasks.py
[2026-07-22T07:30:27.821+0000] {processor.py:914} INFO - Processing file /opt/airflow/dags/my_tasks.py for tasks to queue
[2026-07-22T07:30:27.823+0000] {logging_mixin.py:190} INFO - [2026-07-22T07:30:27.823+0000] {dagbag.py:588} INFO - Filling up the DagBag from /opt/airflow/dags/my_tasks.py
[2026-07-22T07:30:27.831+0000] {processor.py:925} INFO - DAG(s) 'my_dag' retrieved from /opt/airflow/dags/my_tasks.py
[2026-07-22T07:30:27.848+0000] {logging_mixin.py:190} INFO - [2026-07-22T07:30:27.848+0000] {dag.py:3239} INFO - Sync 1 DAGs
[2026-07-22T07:30:27.863+0000] {logging_mixin.py:190} INFO - [2026-07-22T07:30:27.863+0000] {dag.py:4180} INFO - Setting next_dagrun for my_dag to None, run_after=None
[2026-07-22T07:30:27.877+0000] {processor.py:208} INFO - Processing /opt/airflow/dags/my_tasks.py took 0.061 seconds
[2026-07-22T07:30:58.084+0000] {processor.py:186} INFO - Started process (PID=3206) to work on /opt/airflow/dags/my_tasks.py
[2026-07-22T07:30:58.085+0000] {processor.py:914} INFO - Processing file /opt/airflow/dags/my_tasks.py for tasks to queue
[2026-07-22T07:30:58.086+0000] {logging_mixin.py:190} INFO - [2026-07-22T07:30:58.086+0000] {dagbag.py:588} INFO - Filling up the DagBag from /opt/airflow/dags/my_tasks.py
[2026-07-22T07:30:58.093+0000] {processor.py:925} INFO - DAG(s) 'my_dag' retrieved from /opt/airflow/dags/my_tasks.py
[2026-07-22T07:30:58.111+0000] {logging_mixin.py:190} INFO - [2026-07-22T07:30:58.111+0000] {dag.py:3239} INFO - Sync 1 DAGs
[2026-07-22T07:30:58.127+0000] {logging_mixin.py:190} INFO - [2026-07-22T07:30:58.127+0000] {dag.py:4180} INFO - Setting next_dagrun for my_dag to None, run_after=None
[2026-07-22T07:30:58.141+0000] {processor.py:208} INFO - Processing /opt/airflow/dags/my_tasks.py took 0.061 seconds
[2026-07-22T07:31:28.366+0000] {processor.py:186} INFO - Started process (PID=3217) to work on /opt/airflow/dags/my_tasks.py
[2026-07-22T07:31:28.374+0000] {processor.py:914} INFO - Processing file /opt/airflow/dags/my_tasks.py for tasks to queue
[2026-07-22T07:31:28.377+0000] {logging_mixin.py:190} INFO - [2026-07-22T07:31:28.376+0000] {dagbag.py:588} INFO - Filling up the DagBag from /opt/airflow/dags/my_tasks.py
[2026-07-22T07:31:28.386+0000] {processor.py:925} INFO - DAG(s) 'my_dag' retrieved from /opt/airflow/dags/my_tasks.py
[2026-07-22T07:31:28.404+0000] {logging_mixin.py:190} INFO - [2026-07-22T07:31:28.404+0000] {dag.py:3239} INFO - Sync 1 DAGs
[2026-07-22T07:31:28.421+0000] {logging_mixin.py:190} INFO - [2026-07-22T07:31:28.421+0000] {dag.py:4180} INFO - Setting next_dagrun for my_dag to None, run_after=None
[2026-07-22T07:31:28.532+0000] {processor.py:208} INFO - Processing /opt/airflow/dags/my_tasks.py took 0.172 seconds
[2026-07-22T07:31:58.630+0000] {processor.py:186} INFO - Started process (PID=3228) to work on /opt/airflow/dags/my_tasks.py
[2026-07-22T07:31:58.630+0000] {processor.py:914} INFO - Processing file /opt/airflow/dags/my_tasks.py for tasks to queue
[2026-07-22T07:31:58.632+0000] {logging_mixin.py:190} INFO - [2026-07-22T07:31:58.631+0000] {dagbag.py:588} INFO - Filling up the DagBag from /opt/airflow/dags/my_tasks.py
[2026-07-22T07:31:58.638+0000] {processor.py:925} INFO - DAG(s) 'my_dag' retrieved from /opt/airflow/dags/my_tasks.py
[2026-07-22T07:31:58.656+0000] {logging_mixin.py:190} INFO - [2026-07-22T07:31:58.656+0000] {dag.py:3239} INFO - Sync 1 DAGs
[2026-07-22T07:31:58.671+0000] {logging_mixin.py:190} INFO - [2026-07-22T07:31:58.671+0000] {dag.py:4180} INFO - Setting next_dagrun for my_dag to None, run_after=None
[2026-07-22T07:31:58.685+0000] {processor.py:208} INFO - Processing /opt/airflow/dags/my_tasks.py took 0.060 seconds
[2026-07-22T07:32:28.917+0000] {processor.py:186} INFO - Started process (PID=3239) to work on /opt/airflow/dags/my_tasks.py
[2026-07-22T07:32:28.925+0000] {processor.py:914} INFO - Processing file /opt/airflow/dags/my_tasks.py for tasks to queue
[2026-07-22T07:32:28.929+0000] {logging_mixin.py:190} INFO - [2026-07-22T07:32:28.929+0000] {dagbag.py:588} INFO - Filling up the DagBag from /opt/airflow/dags/my_tasks.py
[2026-07-22T07:32:28.937+0000] {processor.py:925} INFO - DAG(s) 'my_dag' retrieved from /opt/airflow/dags/my_tasks.py
[2026-07-22T07:32:28.957+0000] {logging_mixin.py:190} INFO - [2026-07-22T07:32:28.957+0000] {dag.py:3239} INFO - Sync 1 DAGs
[2026-07-22T07:32:28.974+0000] {logging_mixin.py:190} INFO - [2026-07-22T07:32:28.974+0000] {dag.py:4180} INFO - Setting next_dagrun for my_dag to None, run_after=None
[2026-07-22T07:32:28.989+0000] {processor.py:208} INFO - Processing /opt/airflow/dags/my_tasks.py took 0.078 seconds
[2026-07-22T07:32:59.194+0000] {processor.py:186} INFO - Started process (PID=3250) to work on /opt/airflow/dags/my_tasks.py
[2026-07-22T07:32:59.194+0000] {processor.py:914} INFO - Processing file /opt/airflow/dags/my_tasks.py for tasks to queue
[2026-07-22T07:32:59.197+0000] {logging_mixin.py:190} INFO - [2026-07-22T07:32:59.196+0000] {dagbag.py:588} INFO - Filling up the DagBag from /opt/airflow/dags/my_tasks.py
[2026-07-22T07:32:59.205+0000] {processor.py:925} INFO - DAG(s) 'my_dag' retrieved from /opt/airflow/dags/my_tasks.py
[2026-07-22T07:32:59.225+0000] {logging_mixin.py:190} INFO - [2026-07-22T07:32:59.225+0000] {dag.py:3239} INFO - Sync 1 DAGs
[2026-07-22T07:32:59.244+0000] {logging_mixin.py:190} INFO - [2026-07-22T07:32:59.244+0000] {dag.py:4180} INFO - Setting next_dagrun for my_dag to None, run_after=None
[2026-07-22T07:32:59.262+0000] {processor.py:208} INFO - Processing /opt/airflow/dags/my_tasks.py took 0.072 seconds
[2026-07-22T07:33:29.474+0000] {processor.py:186} INFO - Started process (PID=3261) to work on /opt/airflow/dags/my_tasks.py
[2026-07-22T07:33:29.482+0000] {processor.py:914} INFO - Processing file /opt/airflow/dags/my_tasks.py for tasks to queue
[2026-07-22T07:33:29.484+0000] {logging_mixin.py:190} INFO - [2026-07-22T07:33:29.483+0000] {dagbag.py:588} INFO - Filling up the DagBag from /opt/airflow/dags/my_tasks.py
[2026-07-22T07:33:29.494+0000] {processor.py:925} INFO - DAG(s) 'my_dag' retrieved from /opt/airflow/dags/my_tasks.py
[2026-07-22T07:33:29.514+0000] {logging_mixin.py:190} INFO - [2026-07-22T07:33:29.514+0000] {dag.py:3239} INFO - Sync 1 DAGs
[2026-07-22T07:33:29.649+0000] {logging_mixin.py:190} INFO - [2026-07-22T07:33:29.649+0000] {dag.py:4180} INFO - Setting next_dagrun for my_dag to None, run_after=None
[2026-07-22T07:33:29.671+0000] {processor.py:208} INFO - Processing /opt/airflow/dags/my_tasks.py took 0.202 seconds
[2026-07-22T07:33:59.733+0000] {processor.py:186} INFO - Started process (PID=3273) to work on /opt/airflow/dags/my_tasks.py
[2026-07-22T07:33:59.733+0000] {processor.py:914} INFO - Processing file /opt/airflow/dags/my_tasks.py for tasks to queue
[2026-07-22T07:33:59.734+0000] {logging_mixin.py:190} INFO - [2026-07-22T07:33:59.734+0000] {dagbag.py:588} INFO - Filling up the DagBag from /opt/airflow/dags/my_tasks.py
[2026-07-22T07:33:59.744+0000] {processor.py:925} INFO - DAG(s) 'my_dag' retrieved from /opt/airflow/dags/my_tasks.py
[2026-07-22T07:33:59.765+0000] {logging_mixin.py:190} INFO - [2026-07-22T07:33:59.765+0000] {dag.py:3239} INFO - Sync 1 DAGs
[2026-07-22T07:33:59.783+0000] {logging_mixin.py:190} INFO - [2026-07-22T07:33:59.782+0000] {dag.py:4180} INFO - Setting next_dagrun for my_dag to None, run_after=None
[2026-07-22T07:33:59.799+0000] {processor.py:208} INFO - Processing /opt/airflow/dags/my_tasks.py took 0.071 seconds
[2026-07-22T07:34:30.015+0000] {processor.py:186} INFO - Started process (PID=3284) to work on /opt/airflow/dags/my_tasks.py
[2026-07-22T07:34:30.016+0000] {processor.py:914} INFO - Processing file /opt/airflow/dags/my_tasks.py for tasks to queue
[2026-07-22T07:34:30.018+0000] {logging_mixin.py:190} INFO - [2026-07-22T07:34:30.018+0000] {dagbag.py:588} INFO - Filling up the DagBag from /opt/airflow/dags/my_tasks.py
[2026-07-22T07:34:30.024+0000] {processor.py:925} INFO - DAG(s) 'my_dag' retrieved from /opt/airflow/dags/my_tasks.py
[2026-07-22T07:34:30.042+0000] {logging_mixin.py:190} INFO - [2026-07-22T07:34:30.042+0000] {dag.py:3239} INFO - Sync 1 DAGs
[2026-07-22T07:34:30.057+0000] {logging_mixin.py:190} INFO - [2026-07-22T07:34:30.057+0000] {dag.py:4180} INFO - Setting next_dagrun for my_dag to None, run_after=None
[2026-07-22T07:34:30.072+0000] {processor.py:208} INFO - Processing /opt/airflow/dags/my_tasks.py took 0.065 seconds
[2026-07-22T07:35:00.275+0000] {processor.py:186} INFO - Started process (PID=3295) to work on /opt/airflow/dags/my_tasks.py
[2026-07-22T07:35:00.275+0000] {processor.py:914} INFO - Processing file /opt/airflow/dags/my_tasks.py for tasks to queue
[2026-07-22T07:35:00.277+0000] {logging_mixin.py:190} INFO - [2026-07-22T07:35:00.277+0000] {dagbag.py:588} INFO - Filling up the DagBag from /opt/airflow/dags/my_tasks.py
[2026-07-22T07:35:00.284+0000] {processor.py:925} INFO - DAG(s) 'my_dag' retrieved from /opt/airflow/dags/my_tasks.py
[2026-07-22T07:35:00.304+0000] {logging_mixin.py:190} INFO - [2026-07-22T07:35:00.304+0000] {dag.py:3239} INFO - Sync 1 DAGs
[2026-07-22T07:35:00.323+0000] {logging_mixin.py:190} INFO - [2026-07-22T07:35:00.322+0000] {dag.py:4180} INFO - Setting next_dagrun for my_dag to None, run_after=None
[2026-07-22T07:35:00.341+0000] {processor.py:208} INFO - Processing /opt/airflow/dags/my_tasks.py took 0.072 seconds
[2026-07-22T07:35:30.550+0000] {processor.py:186} INFO - Started process (PID=3306) to work on /opt/airflow/dags/my_tasks.py
[2026-07-22T07:35:30.551+0000] {processor.py:914} INFO - Processing file /opt/airflow/dags/my_tasks.py for tasks to queue
[2026-07-22T07:35:30.553+0000] {logging_mixin.py:190} INFO - [2026-07-22T07:35:30.552+0000] {dagbag.py:588} INFO - Filling up the DagBag from /opt/airflow/dags/my_tasks.py
[2026-07-22T07:35:30.561+0000] {processor.py:925} INFO - DAG(s) 'my_dag' retrieved from /opt/airflow/dags/my_tasks.py
[2026-07-22T07:35:30.580+0000] {logging_mixin.py:190} INFO - [2026-07-22T07:35:30.580+0000] {dag.py:3239} INFO - Sync 1 DAGs
[2026-07-22T07:35:30.722+0000] {logging_mixin.py:190} INFO - [2026-07-22T07:35:30.722+0000] {dag.py:4180} INFO - Setting next_dagrun for my_dag to None, run_after=None
[2026-07-22T07:35:30.744+0000] {processor.py:208} INFO - Processing /opt/airflow/dags/my_tasks.py took 0.198 seconds
[2026-07-22T07:36:00.802+0000] {processor.py:186} INFO - Started process (PID=3317) to work on /opt/airflow/dags/my_tasks.py
[2026-07-22T07:36:00.810+0000] {processor.py:914} INFO - Processing file /opt/airflow/dags/my_tasks.py for tasks to queue
[2026-07-22T07:36:00.814+0000] {logging_mixin.py:190} INFO - [2026-07-22T07:36:00.813+0000] {dagbag.py:588} INFO - Filling up the DagBag from /opt/airflow/dags/my_tasks.py
[2026-07-22T07:36:00.824+0000] {processor.py:925} INFO - DAG(s) 'my_dag' retrieved from /opt/airflow/dags/my_tasks.py
[2026-07-22T07:36:00.842+0000] {logging_mixin.py:190} INFO - [2026-07-22T07:36:00.842+0000] {dag.py:3239} INFO - Sync 1 DAGs
[2026-07-22T07:36:00.858+0000] {logging_mixin.py:190} INFO - [2026-07-22T07:36:00.858+0000] {dag.py:4180} INFO - Setting next_dagrun for my_dag to None, run_after=None
[2026-07-22T07:36:00.873+0000] {processor.py:208} INFO - Processing /opt/airflow/dags/my_tasks.py took 0.075 seconds
[2026-07-22T07:36:31.065+0000] {processor.py:186} INFO - Started process (PID=3328) to work on /opt/airflow/dags/my_tasks.py
[2026-07-22T07:36:31.065+0000] {processor.py:914} INFO - Processing file /opt/airflow/dags/my_tasks.py for tasks to queue
[2026-07-22T07:36:31.067+0000] {logging_mixin.py:190} INFO - [2026-07-22T07:36:31.067+0000] {dagbag.py:588} INFO - Filling up the DagBag from /opt/airflow/dags/my_tasks.py
[2026-07-22T07:36:31.073+0000] {processor.py:925} INFO - DAG(s) 'my_dag' retrieved from /opt/airflow/dags/my_tasks.py
[2026-07-22T07:36:31.090+0000] {logging_mixin.py:190} INFO - [2026-07-22T07:36:31.090+0000] {dag.py:3239} INFO - Sync 1 DAGs
[2026-07-22T07:36:31.107+0000] {logging_mixin.py:190} INFO - [2026-07-22T07:36:31.107+0000] {dag.py:4180} INFO - Setting next_dagrun for my_dag to None, run_after=None
[2026-07-22T07:36:31.122+0000] {processor.py:208} INFO - Processing /opt/airflow/dags/my_tasks.py took 0.061 seconds
[2026-07-22T07:37:01.314+0000] {processor.py:186} INFO - Started process (PID=3339) to work on /opt/airflow/dags/my_tasks.py
[2026-07-22T07:37:01.322+0000] {processor.py:914} INFO - Processing file /opt/airflow/dags/my_tasks.py for tasks to queue
[2026-07-22T07:37:01.323+0000] {logging_mixin.py:190} INFO - [2026-07-22T07:37:01.323+0000] {dagbag.py:588} INFO - Filling up the DagBag from /opt/airflow/dags/my_tasks.py
[2026-07-22T07:37:01.333+0000] {processor.py:925} INFO - DAG(s) 'my_dag' retrieved from /opt/airflow/dags/my_tasks.py
[2026-07-22T07:37:01.355+0000] {logging_mixin.py:190} INFO - [2026-07-22T07:37:01.355+0000] {dag.py:3239} INFO - Sync 1 DAGs
[2026-07-22T07:37:01.375+0000] {logging_mixin.py:190} INFO - [2026-07-22T07:37:01.375+0000] {dag.py:4180} INFO - Setting next_dagrun for my_dag to None, run_after=None
[2026-07-22T07:37:01.493+0000] {processor.py:208} INFO - Processing /opt/airflow/dags/my_tasks.py took 0.186 seconds
[2026-07-22T07:37:31.549+0000] {processor.py:186} INFO - Started process (PID=3356) to work on /opt/airflow/dags/my_tasks.py
[2026-07-22T07:37:31.550+0000] {processor.py:914} INFO - Processing file /opt/airflow/dags/my_tasks.py for tasks to queue
[2026-07-22T07:37:31.551+0000] {logging_mixin.py:190} INFO - [2026-07-22T07:37:31.551+0000] {dagbag.py:588} INFO - Filling up the DagBag from /opt/airflow/dags/my_tasks.py
[2026-07-22T07:37:31.559+0000] {processor.py:925} INFO - DAG(s) 'my_dag' retrieved from /opt/airflow/dags/my_tasks.py
[2026-07-22T07:37:31.582+0000] {logging_mixin.py:190} INFO - [2026-07-22T07:37:31.582+0000] {dag.py:3239} INFO - Sync 1 DAGs
[2026-07-22T07:37:31.601+0000] {logging_mixin.py:190} INFO - [2026-07-22T07:37:31.601+0000] {dag.py:4180} INFO - Setting next_dagrun for my_dag to None, run_after=None
[2026-07-22T07:37:31.616+0000] {processor.py:208} INFO - Processing /opt/airflow/dags/my_tasks.py took 0.071 seconds
[2026-07-22T07:38:01.783+0000] {processor.py:186} INFO - Started process (PID=3367) to work on /opt/airflow/dags/my_tasks.py
[2026-07-22T07:38:01.791+0000] {processor.py:914} INFO - Processing file /opt/airflow/dags/my_tasks.py for tasks to queue
[2026-07-22T07:38:01.794+0000] {logging_mixin.py:190} INFO - [2026-07-22T07:38:01.794+0000] {dagbag.py:588} INFO - Filling up the DagBag from /opt/airflow/dags/my_tasks.py
[2026-07-22T07:38:01.802+0000] {processor.py:925} INFO - DAG(s) 'my_dag' retrieved from /opt/airflow/dags/my_tasks.py
[2026-07-22T07:38:01.822+0000] {logging_mixin.py:190} INFO - [2026-07-22T07:38:01.822+0000] {dag.py:3239} INFO - Sync 1 DAGs
[2026-07-22T07:38:01.843+0000] {logging_mixin.py:190} INFO - [2026-07-22T07:38:01.842+0000] {dag.py:4180} INFO - Setting next_dagrun for my_dag to None, run_after=None
[2026-07-22T07:38:01.860+0000] {processor.py:208} INFO - Processing /opt/airflow/dags/my_tasks.py took 0.081 seconds
[2026-07-22T07:38:32.074+0000] {processor.py:186} INFO - Started process (PID=3378) to work on /opt/airflow/dags/my_tasks.py
[2026-07-22T07:38:32.075+0000] {processor.py:914} INFO - Processing file /opt/airflow/dags/my_tasks.py for tasks to queue
[2026-07-22T07:38:32.077+0000] {logging_mixin.py:190} INFO - [2026-07-22T07:38:32.076+0000] {dagbag.py:588} INFO - Filling up the DagBag from /opt/airflow/dags/my_tasks.py
[2026-07-22T07:38:32.083+0000] {processor.py:925} INFO - DAG(s) 'my_dag' retrieved from /opt/airflow/dags/my_tasks.py
[2026-07-22T07:38:32.104+0000] {logging_mixin.py:190} INFO - [2026-07-22T07:38:32.104+0000] {dag.py:3239} INFO - Sync 1 DAGs
[2026-07-22T07:38:32.125+0000] {logging_mixin.py:190} INFO - [2026-07-22T07:38:32.124+0000] {dag.py:4180} INFO - Setting next_dagrun for my_dag to None, run_after=None
[2026-07-22T07:38:32.142+0000] {processor.py:208} INFO - Processing /opt/airflow/dags/my_tasks.py took 0.073 seconds
[2026-07-22T07:39:02.346+0000] {processor.py:186} INFO - Started process (PID=3389) to work on /opt/airflow/dags/my_tasks.py
[2026-07-22T07:39:02.354+0000] {processor.py:914} INFO - Processing file /opt/airflow/dags/my_tasks.py for tasks to queue
[2026-07-22T07:39:02.357+0000] {logging_mixin.py:190} INFO - [2026-07-22T07:39:02.357+0000] {dagbag.py:588} INFO - Filling up the DagBag from /opt/airflow/dags/my_tasks.py
[2026-07-22T07:39:02.364+0000] {processor.py:925} INFO - DAG(s) 'my_dag' retrieved from /opt/airflow/dags/my_tasks.py
[2026-07-22T07:39:02.385+0000] {logging_mixin.py:190} INFO - [2026-07-22T07:39:02.385+0000] {dag.py:3239} INFO - Sync 1 DAGs
[2026-07-22T07:39:02.521+0000] {logging_mixin.py:190} INFO - [2026-07-22T07:39:02.521+0000] {dag.py:4180} INFO - Setting next_dagrun for my_dag to None, run_after=None
[2026-07-22T07:39:02.544+0000] {processor.py:208} INFO - Processing /opt/airflow/dags/my_tasks.py took 0.202 seconds
[2026-07-22T07:39:32.607+0000] {processor.py:186} INFO - Started process (PID=3400) to work on /opt/airflow/dags/my_tasks.py
[2026-07-22T07:39:32.608+0000] {processor.py:914} INFO - Processing file /opt/airflow/dags/my_tasks.py for tasks to queue
[2026-07-22T07:39:32.609+0000] {logging_mixin.py:190} INFO - [2026-07-22T07:39:32.609+0000] {dagbag.py:588} INFO - Filling up the DagBag from /opt/airflow/dags/my_tasks.py
[2026-07-22T07:39:32.617+0000] {processor.py:925} INFO - DAG(s) 'my_dag' retrieved from /opt/airflow/dags/my_tasks.py
[2026-07-22T07:39:32.634+0000] {logging_mixin.py:190} INFO - [2026-07-22T07:39:32.634+0000] {dag.py:3239} INFO - Sync 1 DAGs
[2026-07-22T07:39:32.651+0000] {logging_mixin.py:190} INFO - [2026-07-22T07:39:32.651+0000] {dag.py:4180} INFO - Setting next_dagrun for my_dag to None, run_after=None
[2026-07-22T07:39:32.668+0000] {processor.py:208} INFO - Processing /opt/airflow/dags/my_tasks.py took 0.065 seconds
[2026-07-22T07:40:02.862+0000] {processor.py:186} INFO - Started process (PID=3411) to work on /opt/airflow/dags/my_tasks.py
[2026-07-22T07:40:02.870+0000] {processor.py:914} INFO - Processing file /opt/airflow/dags/my_tasks.py for tasks to queue
[2026-07-22T07:40:02.872+0000] {logging_mixin.py:190} INFO - [2026-07-22T07:40:02.872+0000] {dagbag.py:588} INFO - Filling up the DagBag from /opt/airflow/dags/my_tasks.py
[2026-07-22T07:40:02.881+0000] {processor.py:925} INFO - DAG(s) 'my_dag' retrieved from /opt/airflow/dags/my_tasks.py
[2026-07-22T07:40:02.898+0000] {logging_mixin.py:190} INFO - [2026-07-22T07:40:02.898+0000] {dag.py:3239} INFO - Sync 1 DAGs
[2026-07-22T07:40:02.913+0000] {logging_mixin.py:190} INFO - [2026-07-22T07:40:02.913+0000] {dag.py:4180} INFO - Setting next_dagrun for my_dag to None, run_after=None
[2026-07-22T07:40:02.927+0000] {processor.py:208} INFO - Processing /opt/airflow/dags/my_tasks.py took 0.069 seconds
[2026-07-22T07:40:33.138+0000] {processor.py:186} INFO - Started process (PID=3422) to work on /opt/airflow/dags/my_tasks.py
[2026-07-22T07:40:33.138+0000] {processor.py:914} INFO - Processing file /opt/airflow/dags/my_tasks.py for tasks to queue
[2026-07-22T07:40:33.140+0000] {logging_mixin.py:190} INFO - [2026-07-22T07:40:33.139+0000] {dagbag.py:588} INFO - Filling up the DagBag from /opt/airflow/dags/my_tasks.py
[2026-07-22T07:40:33.146+0000] {processor.py:925} INFO - DAG(s) 'my_dag' retrieved from /opt/airflow/dags/my_tasks.py
[2026-07-22T07:40:33.163+0000] {logging_mixin.py:190} INFO - [2026-07-22T07:40:33.163+0000] {dag.py:3239} INFO - Sync 1 DAGs
[2026-07-22T07:40:33.178+0000] {logging_mixin.py:190} INFO - [2026-07-22T07:40:33.178+0000] {dag.py:4180} INFO - Setting next_dagrun for my_dag to None, run_after=None
[2026-07-22T07:40:33.193+0000] {processor.py:208} INFO - Processing /opt/airflow/dags/my_tasks.py took 0.059 seconds
[2026-07-22T07:41:03.411+0000] {processor.py:186} INFO - Started process (PID=3433) to work on /opt/airflow/dags/my_tasks.py
[2026-07-22T07:41:03.419+0000] {processor.py:914} INFO - Processing file /opt/airflow/dags/my_tasks.py for tasks to queue
[2026-07-22T07:41:03.421+0000] {logging_mixin.py:190} INFO - [2026-07-22T07:41:03.420+0000] {dagbag.py:588} INFO - Filling up the DagBag from /opt/airflow/dags/my_tasks.py
[2026-07-22T07:41:03.430+0000] {processor.py:925} INFO - DAG(s) 'my_dag' retrieved from /opt/airflow/dags/my_tasks.py
[2026-07-22T07:41:03.448+0000] {logging_mixin.py:190} INFO - [2026-07-22T07:41:03.448+0000] {dag.py:3239} INFO - Sync 1 DAGs
[2026-07-22T07:41:03.561+0000] {logging_mixin.py:190} INFO - [2026-07-22T07:41:03.561+0000] {dag.py:4180} INFO - Setting next_dagrun for my_dag to None, run_after=None
[2026-07-22T07:41:03.583+0000] {processor.py:208} INFO - Processing /opt/airflow/dags/my_tasks.py took 0.177 seconds
[2026-07-22T07:41:33.666+0000] {processor.py:186} INFO - Started process (PID=3444) to work on /opt/airflow/dags/my_tasks.py
[2026-07-22T07:41:33.666+0000] {processor.py:914} INFO - Processing file /opt/airflow/dags/my_tasks.py for tasks to queue
[2026-07-22T07:41:33.669+0000] {logging_mixin.py:190} INFO - [2026-07-22T07:41:33.669+0000] {dagbag.py:588} INFO - Filling up the DagBag from /opt/airflow/dags/my_tasks.py
[2026-07-22T07:41:33.677+0000] {processor.py:925} INFO - DAG(s) 'my_dag' retrieved from /opt/airflow/dags/my_tasks.py
[2026-07-22T07:41:33.694+0000] {logging_mixin.py:190} INFO - [2026-07-22T07:41:33.694+0000] {dag.py:3239} INFO - Sync 1 DAGs
[2026-07-22T07:41:33.709+0000] {logging_mixin.py:190} INFO - [2026-07-22T07:41:33.709+0000] {dag.py:4180} INFO - Setting next_dagrun for my_dag to None, run_after=None
[2026-07-22T07:41:33.723+0000] {processor.py:208} INFO - Processing /opt/airflow/dags/my_tasks.py took 0.062 seconds
[2026-07-22T07:42:03.929+0000] {processor.py:186} INFO - Started process (PID=3455) to work on /opt/airflow/dags/my_tasks.py
[2026-07-22T07:42:03.937+0000] {processor.py:914} INFO - Processing file /opt/airflow/dags/my_tasks.py for tasks to queue
[2026-07-22T07:42:03.939+0000] {logging_mixin.py:190} INFO - [2026-07-22T07:42:03.939+0000] {dagbag.py:588} INFO - Filling up the DagBag from /opt/airflow/dags/my_tasks.py
[2026-07-22T07:42:03.946+0000] {processor.py:925} INFO - DAG(s) 'my_dag' retrieved from /opt/airflow/dags/my_tasks.py
[2026-07-22T07:42:03.964+0000] {logging_mixin.py:190} INFO - [2026-07-22T07:42:03.963+0000] {dag.py:3239} INFO - Sync 1 DAGs
[2026-07-22T07:42:03.980+0000] {logging_mixin.py:190} INFO - [2026-07-22T07:42:03.980+0000] {dag.py:4180} INFO - Setting next_dagrun for my_dag to None, run_after=None
[2026-07-22T07:42:03.995+0000] {processor.py:208} INFO - Processing /opt/airflow/dags/my_tasks.py took 0.070 seconds
[2026-07-22T07:42:34.190+0000] {processor.py:186} INFO - Started process (PID=3466) to work on /opt/airflow/dags/my_tasks.py
[2026-07-22T07:42:34.190+0000] {processor.py:914} INFO - Processing file /opt/airflow/dags/my_tasks.py for tasks to queue
[2026-07-22T07:42:34.191+0000] {logging_mixin.py:190} INFO - [2026-07-22T07:42:34.191+0000] {dagbag.py:588} INFO - Filling up the DagBag from /opt/airflow/dags/my_tasks.py
[2026-07-22T07:42:34.198+0000] {processor.py:925} INFO - DAG(s) 'my_dag' retrieved from /opt/airflow/dags/my_tasks.py
[2026-07-22T07:42:34.216+0000] {logging_mixin.py:190} INFO - [2026-07-22T07:42:34.216+0000] {dag.py:3239} INFO - Sync 1 DAGs
[2026-07-22T07:42:34.234+0000] {logging_mixin.py:190} INFO - [2026-07-22T07:42:34.234+0000] {dag.py:4180} INFO - Setting next_dagrun for my_dag to None, run_after=None
[2026-07-22T07:42:34.357+0000] {processor.py:208} INFO - Processing /opt/airflow/dags/my_tasks.py took 0.171 seconds
[2026-07-22T07:43:04.428+0000] {processor.py:186} INFO - Started process (PID=3477) to work on /opt/airflow/dags/my_tasks.py
[2026-07-22T07:43:04.429+0000] {processor.py:914} INFO - Processing file /opt/airflow/dags/my_tasks.py for tasks to queue
[2026-07-22T07:43:04.430+0000] {logging_mixin.py:190} INFO - [2026-07-22T07:43:04.430+0000] {dagbag.py:588} INFO - Filling up the DagBag from /opt/airflow/dags/my_tasks.py
[2026-07-22T07:43:04.437+0000] {processor.py:925} INFO - DAG(s) 'my_dag' retrieved from /opt/airflow/dags/my_tasks.py
[2026-07-22T07:43:04.455+0000] {logging_mixin.py:190} INFO - [2026-07-22T07:43:04.455+0000] {dag.py:3239} INFO - Sync 1 DAGs
[2026-07-22T07:43:04.567+0000] {logging_mixin.py:190} INFO - [2026-07-22T07:43:04.566+0000] {dag.py:4180} INFO - Setting next_dagrun for my_dag to None, run_after=None
[2026-07-22T07:43:04.584+0000] {processor.py:208} INFO - Processing /opt/airflow/dags/my_tasks.py took 0.160 seconds
[2026-07-22T07:43:34.801+0000] {processor.py:186} INFO - Started process (PID=3488) to work on /opt/airflow/dags/my_tasks.py
[2026-07-22T07:43:34.801+0000] {processor.py:914} INFO - Processing file /opt/airflow/dags/my_tasks.py for tasks to queue
[2026-07-22T07:43:34.803+0000] {logging_mixin.py:190} INFO - [2026-07-22T07:43:34.803+0000] {dagbag.py:588} INFO - Filling up the DagBag from /opt/airflow/dags/my_tasks.py
[2026-07-22T07:43:34.809+0000] {processor.py:925} INFO - DAG(s) 'my_dag' retrieved from /opt/airflow/dags/my_tasks.py
[2026-07-22T07:43:34.826+0000] {logging_mixin.py:190} INFO - [2026-07-22T07:43:34.826+0000] {dag.py:3239} INFO - Sync 1 DAGs
[2026-07-22T07:43:34.842+0000] {logging_mixin.py:190} INFO - [2026-07-22T07:43:34.841+0000] {dag.py:4180} INFO - Setting next_dagrun for my_dag to None, run_after=None
[2026-07-22T07:43:34.856+0000] {processor.py:208} INFO - Processing /opt/airflow/dags/my_tasks.py took 0.059 seconds
[2026-07-22T07:44:05.063+0000] {processor.py:186} INFO - Started process (PID=3499) to work on /opt/airflow/dags/my_tasks.py
[2026-07-22T07:44:05.071+0000] {processor.py:914} INFO - Processing file /opt/airflow/dags/my_tasks.py for tasks to queue
[2026-07-22T07:44:05.073+0000] {logging_mixin.py:190} INFO - [2026-07-22T07:44:05.073+0000] {dagbag.py:588} INFO - Filling up the DagBag from /opt/airflow/dags/my_tasks.py
[2026-07-22T07:44:05.082+0000] {processor.py:925} INFO - DAG(s) 'my_dag' retrieved from /opt/airflow/dags/my_tasks.py
[2026-07-22T07:44:05.101+0000] {logging_mixin.py:190} INFO - [2026-07-22T07:44:05.101+0000] {dag.py:3239} INFO - Sync 1 DAGs
[2026-07-22T07:44:05.118+0000] {logging_mixin.py:190} INFO - [2026-07-22T07:44:05.118+0000] {dag.py:4180} INFO - Setting next_dagrun for my_dag to None, run_after=None
[2026-07-22T07:44:05.133+0000] {processor.py:208} INFO - Processing /opt/airflow/dags/my_tasks.py took 0.074 seconds
[2026-07-22T07:44:35.341+0000] {processor.py:186} INFO - Started process (PID=3510) to work on /opt/airflow/dags/my_tasks.py
[2026-07-22T07:44:35.342+0000] {processor.py:914} INFO - Processing file /opt/airflow/dags/my_tasks.py for tasks to queue
[2026-07-22T07:44:35.343+0000] {logging_mixin.py:190} INFO - [2026-07-22T07:44:35.343+0000] {dagbag.py:588} INFO - Filling up the DagBag from /opt/airflow/dags/my_tasks.py
[2026-07-22T07:44:35.349+0000] {processor.py:925} INFO - DAG(s) 'my_dag' retrieved from /opt/airflow/dags/my_tasks.py
[2026-07-22T07:44:35.367+0000] {logging_mixin.py:190} INFO - [2026-07-22T07:44:35.367+0000] {dag.py:3239} INFO - Sync 1 DAGs
[2026-07-22T07:44:35.484+0000] {logging_mixin.py:190} INFO - [2026-07-22T07:44:35.484+0000] {dag.py:4180} INFO - Setting next_dagrun for my_dag to None, run_after=None
[2026-07-22T07:44:35.498+0000] {processor.py:208} INFO - Processing /opt/airflow/dags/my_tasks.py took 0.161 seconds
[2026-07-22T07:45:05.606+0000] {processor.py:186} INFO - Started process (PID=3521) to work on /opt/airflow/dags/my_tasks.py
[2026-07-22T07:45:05.614+0000] {processor.py:914} INFO - Processing file /opt/airflow/dags/my_tasks.py for tasks to queue
[2026-07-22T07:45:05.617+0000] {logging_mixin.py:190} INFO - [2026-07-22T07:45:05.617+0000] {dagbag.py:588} INFO - Filling up the DagBag from /opt/airflow/dags/my_tasks.py
[2026-07-22T07:45:05.627+0000] {processor.py:925} INFO - DAG(s) 'my_dag' retrieved from /opt/airflow/dags/my_tasks.py
[2026-07-22T07:45:05.645+0000] {logging_mixin.py:190} INFO - [2026-07-22T07:45:05.645+0000] {dag.py:3239} INFO - Sync 1 DAGs
[2026-07-22T07:45:05.661+0000] {logging_mixin.py:190} INFO - [2026-07-22T07:45:05.661+0000] {dag.py:4180} INFO - Setting next_dagrun for my_dag to None, run_after=None
[2026-07-22T07:45:05.675+0000] {processor.py:208} INFO - Processing /opt/airflow/dags/my_tasks.py took 0.073 seconds
[2026-07-22T07:45:35.959+0000] {processor.py:186} INFO - Started process (PID=3532) to work on /opt/airflow/dags/my_tasks.py
[2026-07-22T07:45:35.959+0000] {processor.py:914} INFO - Processing file /opt/airflow/dags/my_tasks.py for tasks to queue
[2026-07-22T07:45:35.961+0000] {logging_mixin.py:190} INFO - [2026-07-22T07:45:35.961+0000] {dagbag.py:588} INFO - Filling up the DagBag from /opt/airflow/dags/my_tasks.py
[2026-07-22T07:45:35.968+0000] {processor.py:925} INFO - DAG(s) 'my_dag' retrieved from /opt/airflow/dags/my_tasks.py
[2026-07-22T07:45:35.986+0000] {logging_mixin.py:190} INFO - [2026-07-22T07:45:35.985+0000] {dag.py:3239} INFO - Sync 1 DAGs
[2026-07-22T07:45:36.002+0000] {logging_mixin.py:190} INFO - [2026-07-22T07:45:36.002+0000] {dag.py:4180} INFO - Setting next_dagrun for my_dag to None, run_after=None
[2026-07-22T07:45:36.016+0000] {processor.py:208} INFO - Processing /opt/airflow/dags/my_tasks.py took 0.061 seconds
[2026-07-22T07:46:06.237+0000] {processor.py:186} INFO - Started process (PID=3543) to work on /opt/airflow/dags/my_tasks.py
[2026-07-22T07:46:06.238+0000] {processor.py:914} INFO - Processing file /opt/airflow/dags/my_tasks.py for tasks to queue
[2026-07-22T07:46:06.239+0000] {logging_mixin.py:190} INFO - [2026-07-22T07:46:06.239+0000] {dagbag.py:588} INFO - Filling up the DagBag from /opt/airflow/dags/my_tasks.py
[2026-07-22T07:46:06.246+0000] {processor.py:925} INFO - DAG(s) 'my_dag' retrieved from /opt/airflow/dags/my_tasks.py
[2026-07-22T07:46:06.264+0000] {logging_mixin.py:190} INFO - [2026-07-22T07:46:06.264+0000] {dag.py:3239} INFO - Sync 1 DAGs
[2026-07-22T07:46:06.282+0000] {logging_mixin.py:190} INFO - [2026-07-22T07:46:06.281+0000] {dag.py:4180} INFO - Setting next_dagrun for my_dag to None, run_after=None
[2026-07-22T07:46:06.301+0000] {processor.py:208} INFO - Processing /opt/airflow/dags/my_tasks.py took 0.068 seconds
[2026-07-22T07:46:36.512+0000] {processor.py:186} INFO - Started process (PID=3554) to work on /opt/airflow/dags/my_tasks.py
[2026-07-22T07:46:36.512+0000] {processor.py:914} INFO - Processing file /opt/airflow/dags/my_tasks.py for tasks to queue
[2026-07-22T07:46:36.514+0000] {logging_mixin.py:190} INFO - [2026-07-22T07:46:36.513+0000] {dagbag.py:588} INFO - Filling up the DagBag from /opt/airflow/dags/my_tasks.py
[2026-07-22T07:46:36.520+0000] {processor.py:925} INFO - DAG(s) 'my_dag' retrieved from /opt/airflow/dags/my_tasks.py
[2026-07-22T07:46:36.538+0000] {logging_mixin.py:190} INFO - [2026-07-22T07:46:36.538+0000] {dag.py:3239} INFO - Sync 1 DAGs
[2026-07-22T07:46:36.650+0000] {logging_mixin.py:190} INFO - [2026-07-22T07:46:36.649+0000] {dag.py:4180} INFO - Setting next_dagrun for my_dag to None, run_after=None
[2026-07-22T07:46:36.671+0000] {processor.py:208} INFO - Processing /opt/airflow/dags/my_tasks.py took 0.163 seconds
[2026-07-22T07:47:06.807+0000] {processor.py:186} INFO - Started process (PID=3565) to work on /opt/airflow/dags/my_tasks.py
[2026-07-22T07:47:06.808+0000] {processor.py:914} INFO - Processing file /opt/airflow/dags/my_tasks.py for tasks to queue
[2026-07-22T07:47:06.810+0000] {logging_mixin.py:190} INFO - [2026-07-22T07:47:06.810+0000] {dagbag.py:588} INFO - Filling up the DagBag from /opt/airflow/dags/my_tasks.py
[2026-07-22T07:47:06.817+0000] {processor.py:925} INFO - DAG(s) 'my_dag' retrieved from /opt/airflow/dags/my_tasks.py
[2026-07-22T07:47:06.837+0000] {logging_mixin.py:190} INFO - [2026-07-22T07:47:06.836+0000] {dag.py:3239} INFO - Sync 1 DAGs
[2026-07-22T07:47:06.853+0000] {logging_mixin.py:190} INFO - [2026-07-22T07:47:06.853+0000] {dag.py:4180} INFO - Setting next_dagrun for my_dag to None, run_after=None
[2026-07-22T07:47:06.867+0000] {processor.py:208} INFO - Processing /opt/airflow/dags/my_tasks.py took 0.069 seconds
[2026-07-22T07:47:37.129+0000] {processor.py:186} INFO - Started process (PID=3576) to work on /opt/airflow/dags/my_tasks.py
[2026-07-22T07:47:37.129+0000] {processor.py:914} INFO - Processing file /opt/airflow/dags/my_tasks.py for tasks to queue
[2026-07-22T07:47:37.130+0000] {logging_mixin.py:190} INFO - [2026-07-22T07:47:37.130+0000] {dagbag.py:588} INFO - Filling up the DagBag from /opt/airflow/dags/my_tasks.py
[2026-07-22T07:47:37.138+0000] {processor.py:925} INFO - DAG(s) 'my_dag' retrieved from /opt/airflow/dags/my_tasks.py
[2026-07-22T07:47:37.157+0000] {logging_mixin.py:190} INFO - [2026-07-22T07:47:37.157+0000] {dag.py:3239} INFO - Sync 1 DAGs
[2026-07-22T07:47:37.172+0000] {logging_mixin.py:190} INFO - [2026-07-22T07:47:37.172+0000] {dag.py:4180} INFO - Setting next_dagrun for my_dag to None, run_after=None
[2026-07-22T07:47:37.210+0000] {processor.py:208} INFO - Processing /opt/airflow/dags/my_tasks.py took 0.086 seconds
[2026-07-22T07:48:07.415+0000] {processor.py:186} INFO - Started process (PID=3587) to work on /opt/airflow/dags/my_tasks.py
[2026-07-22T07:48:07.423+0000] {processor.py:914} INFO - Processing file /opt/airflow/dags/my_tasks.py for tasks to queue
[2026-07-22T07:48:07.426+0000] {logging_mixin.py:190} INFO - [2026-07-22T07:48:07.425+0000] {dagbag.py:588} INFO - Filling up the DagBag from /opt/airflow/dags/my_tasks.py
[2026-07-22T07:48:07.439+0000] {processor.py:925} INFO - DAG(s) 'my_dag' retrieved from /opt/airflow/dags/my_tasks.py
[2026-07-22T07:48:07.457+0000] {logging_mixin.py:190} INFO - [2026-07-22T07:48:07.457+0000] {dag.py:3239} INFO - Sync 1 DAGs
[2026-07-22T07:48:07.473+0000] {logging_mixin.py:190} INFO - [2026-07-22T07:48:07.473+0000] {dag.py:4180} INFO - Setting next_dagrun for my_dag to None, run_after=None
[2026-07-22T07:48:07.591+0000] {processor.py:208} INFO - Processing /opt/airflow/dags/my_tasks.py took 0.180 seconds
[2026-07-22T07:48:37.679+0000] {processor.py:186} INFO - Started process (PID=3598) to work on /opt/airflow/dags/my_tasks.py
[2026-07-22T07:48:37.680+0000] {processor.py:914} INFO - Processing file /opt/airflow/dags/my_tasks.py for tasks to queue
[2026-07-22T07:48:37.682+0000] {logging_mixin.py:190} INFO - [2026-07-22T07:48:37.681+0000] {dagbag.py:588} INFO - Filling up the DagBag from /opt/airflow/dags/my_tasks.py
[2026-07-22T07:48:37.689+0000] {processor.py:925} INFO - DAG(s) 'my_dag' retrieved from /opt/airflow/dags/my_tasks.py
[2026-07-22T07:48:37.709+0000] {logging_mixin.py:190} INFO - [2026-07-22T07:48:37.708+0000] {dag.py:3239} INFO - Sync 1 DAGs
[2026-07-22T07:48:37.823+0000] {logging_mixin.py:190} INFO - [2026-07-22T07:48:37.823+0000] {dag.py:4180} INFO - Setting next_dagrun for my_dag to None, run_after=None
[2026-07-22T07:48:37.838+0000] {processor.py:208} INFO - Processing /opt/airflow/dags/my_tasks.py took 0.165 seconds
[2026-07-22T07:49:08.031+0000] {processor.py:186} INFO - Started process (PID=3609) to work on /opt/airflow/dags/my_tasks.py
[2026-07-22T07:49:08.039+0000] {processor.py:914} INFO - Processing file /opt/airflow/dags/my_tasks.py for tasks to queue
[2026-07-22T07:49:08.041+0000] {logging_mixin.py:190} INFO - [2026-07-22T07:49:08.041+0000] {dagbag.py:588} INFO - Filling up the DagBag from /opt/airflow/dags/my_tasks.py
[2026-07-22T07:49:08.050+0000] {processor.py:925} INFO - DAG(s) 'my_dag' retrieved from /opt/airflow/dags/my_tasks.py
[2026-07-22T07:49:08.067+0000] {logging_mixin.py:190} INFO - [2026-07-22T07:49:08.067+0000] {dag.py:3239} INFO - Sync 1 DAGs
[2026-07-22T07:49:08.082+0000] {logging_mixin.py:190} INFO - [2026-07-22T07:49:08.082+0000] {dag.py:4180} INFO - Setting next_dagrun for my_dag to None, run_after=None
[2026-07-22T07:49:08.097+0000] {processor.py:208} INFO - Processing /opt/airflow/dags/my_tasks.py took 0.070 seconds
[2026-07-22T07:49:38.287+0000] {processor.py:186} INFO - Started process (PID=3620) to work on /opt/airflow/dags/my_tasks.py
[2026-07-22T07:49:38.287+0000] {processor.py:914} INFO - Processing file /opt/airflow/dags/my_tasks.py for tasks to queue
[2026-07-22T07:49:38.289+0000] {logging_mixin.py:190} INFO - [2026-07-22T07:49:38.289+0000] {dagbag.py:588} INFO - Filling up the DagBag from /opt/airflow/dags/my_tasks.py
[2026-07-22T07:49:38.296+0000] {processor.py:925} INFO - DAG(s) 'my_dag' retrieved from /opt/airflow/dags/my_tasks.py
[2026-07-22T07:49:38.313+0000] {logging_mixin.py:190} INFO - [2026-07-22T07:49:38.313+0000] {dag.py:3239} INFO - Sync 1 DAGs
[2026-07-22T07:49:38.329+0000] {logging_mixin.py:190} INFO - [2026-07-22T07:49:38.328+0000] {dag.py:4180} INFO - Setting next_dagrun for my_dag to None, run_after=None
[2026-07-22T07:49:38.343+0000] {processor.py:208} INFO - Processing /opt/airflow/dags/my_tasks.py took 0.061 seconds
[2026-07-22T07:50:08.553+0000] {processor.py:186} INFO - Started process (PID=3631) to work on /opt/airflow/dags/my_tasks.py
[2026-07-22T07:50:08.561+0000] {processor.py:914} INFO - Processing file /opt/airflow/dags/my_tasks.py for tasks to queue
[2026-07-22T07:50:08.563+0000] {logging_mixin.py:190} INFO - [2026-07-22T07:50:08.563+0000] {dagbag.py:588} INFO - Filling up the DagBag from /opt/airflow/dags/my_tasks.py
[2026-07-22T07:50:08.572+0000] {processor.py:925} INFO - DAG(s) 'my_dag' retrieved from /opt/airflow/dags/my_tasks.py
[2026-07-22T07:50:08.590+0000] {logging_mixin.py:190} INFO - [2026-07-22T07:50:08.589+0000] {dag.py:3239} INFO - Sync 1 DAGs
[2026-07-22T07:50:08.707+0000] {logging_mixin.py:190} INFO - [2026-07-22T07:50:08.707+0000] {dag.py:4180} INFO - Setting next_dagrun for my_dag to None, run_after=None
[2026-07-22T07:50:08.726+0000] {processor.py:208} INFO - Processing /opt/airflow/dags/my_tasks.py took 0.179 seconds
[2026-07-22T07:50:38.819+0000] {processor.py:186} INFO - Started process (PID=3642) to work on /opt/airflow/dags/my_tasks.py
[2026-07-22T07:50:38.820+0000] {processor.py:914} INFO - Processing file /opt/airflow/dags/my_tasks.py for tasks to queue
[2026-07-22T07:50:38.821+0000] {logging_mixin.py:190} INFO - [2026-07-22T07:50:38.821+0000] {dagbag.py:588} INFO - Filling up the DagBag from /opt/airflow/dags/my_tasks.py
[2026-07-22T07:50:38.829+0000] {processor.py:925} INFO - DAG(s) 'my_dag' retrieved from /opt/airflow/dags/my_tasks.py
[2026-07-22T07:50:38.849+0000] {logging_mixin.py:190} INFO - [2026-07-22T07:50:38.848+0000] {dag.py:3239} INFO - Sync 1 DAGs
[2026-07-22T07:50:38.864+0000] {logging_mixin.py:190} INFO - [2026-07-22T07:50:38.864+0000] {dag.py:4180} INFO - Setting next_dagrun for my_dag to None, run_after=None
[2026-07-22T07:50:38.879+0000] {processor.py:208} INFO - Processing /opt/airflow/dags/my_tasks.py took 0.064 seconds
[2026-07-22T07:51:09.090+0000] {processor.py:186} INFO - Started process (PID=3653) to work on /opt/airflow/dags/my_tasks.py
[2026-07-22T07:51:09.098+0000] {processor.py:914} INFO - Processing file /opt/airflow/dags/my_tasks.py for tasks to queue
[2026-07-22T07:51:09.100+0000] {logging_mixin.py:190} INFO - [2026-07-22T07:51:09.100+0000] {dagbag.py:588} INFO - Filling up the DagBag from /opt/airflow/dags/my_tasks.py
[2026-07-22T07:51:09.108+0000] {processor.py:925} INFO - DAG(s) 'my_dag' retrieved from /opt/airflow/dags/my_tasks.py
[2026-07-22T07:51:09.125+0000] {logging_mixin.py:190} INFO - [2026-07-22T07:51:09.125+0000] {dag.py:3239} INFO - Sync 1 DAGs
[2026-07-22T07:51:09.140+0000] {logging_mixin.py:190} INFO - [2026-07-22T07:51:09.140+0000] {dag.py:4180} INFO - Setting next_dagrun for my_dag to None, run_after=None
[2026-07-22T07:51:09.155+0000] {processor.py:208} INFO - Processing /opt/airflow/dags/my_tasks.py took 0.069 seconds
[2026-07-22T07:51:39.354+0000] {processor.py:186} INFO - Started process (PID=3664) to work on /opt/airflow/dags/my_tasks.py
[2026-07-22T07:51:39.354+0000] {processor.py:914} INFO - Processing file /opt/airflow/dags/my_tasks.py for tasks to queue
[2026-07-22T07:51:39.356+0000] {logging_mixin.py:190} INFO - [2026-07-22T07:51:39.355+0000] {dagbag.py:588} INFO - Filling up the DagBag from /opt/airflow/dags/my_tasks.py
[2026-07-22T07:51:39.363+0000] {processor.py:925} INFO - DAG(s) 'my_dag' retrieved from /opt/airflow/dags/my_tasks.py
[2026-07-22T07:51:39.380+0000] {logging_mixin.py:190} INFO - [2026-07-22T07:51:39.380+0000] {dag.py:3239} INFO - Sync 1 DAGs
[2026-07-22T07:51:39.395+0000] {logging_mixin.py:190} INFO - [2026-07-22T07:51:39.395+0000] {dag.py:4180} INFO - Setting next_dagrun for my_dag to None, run_after=None
[2026-07-22T07:51:39.415+0000] {processor.py:208} INFO - Processing /opt/airflow/dags/my_tasks.py took 0.065 seconds
[2026-07-22T07:52:09.626+0000] {processor.py:186} INFO - Started process (PID=3675) to work on /opt/airflow/dags/my_tasks.py
[2026-07-22T07:52:09.634+0000] {processor.py:914} INFO - Processing file /opt/airflow/dags/my_tasks.py for tasks to queue
[2026-07-22T07:52:09.636+0000] {logging_mixin.py:190} INFO - [2026-07-22T07:52:09.636+0000] {dagbag.py:588} INFO - Filling up the DagBag from /opt/airflow/dags/my_tasks.py
[2026-07-22T07:52:09.645+0000] {processor.py:925} INFO - DAG(s) 'my_dag' retrieved from /opt/airflow/dags/my_tasks.py
[2026-07-22T07:52:09.663+0000] {logging_mixin.py:190} INFO - [2026-07-22T07:52:09.663+0000] {dag.py:3239} INFO - Sync 1 DAGs
[2026-07-22T07:52:09.779+0000] {logging_mixin.py:190} INFO - [2026-07-22T07:52:09.778+0000] {dag.py:4180} INFO - Setting next_dagrun for my_dag to None, run_after=None
[2026-07-22T07:52:09.792+0000] {processor.py:208} INFO - Processing /opt/airflow/dags/my_tasks.py took 0.170 seconds
[2026-07-22T07:52:39.903+0000] {processor.py:186} INFO - Started process (PID=3686) to work on /opt/airflow/dags/my_tasks.py
[2026-07-22T07:52:39.904+0000] {processor.py:914} INFO - Processing file /opt/airflow/dags/my_tasks.py for tasks to queue
[2026-07-22T07:52:39.906+0000] {logging_mixin.py:190} INFO - [2026-07-22T07:52:39.905+0000] {dagbag.py:588} INFO - Filling up the DagBag from /opt/airflow/dags/my_tasks.py
[2026-07-22T07:52:39.913+0000] {processor.py:925} INFO - DAG(s) 'my_dag' retrieved from /opt/airflow/dags/my_tasks.py
[2026-07-22T07:52:39.934+0000] {logging_mixin.py:190} INFO - [2026-07-22T07:52:39.934+0000] {dag.py:3239} INFO - Sync 1 DAGs
[2026-07-22T07:52:39.952+0000] {logging_mixin.py:190} INFO - [2026-07-22T07:52:39.951+0000] {dag.py:4180} INFO - Setting next_dagrun for my_dag to None, run_after=None
[2026-07-22T07:52:39.969+0000] {processor.py:208} INFO - Processing /opt/airflow/dags/my_tasks.py took 0.071 seconds
[2026-07-22T07:53:10.255+0000] {processor.py:186} INFO - Started process (PID=3697) to work on /opt/airflow/dags/my_tasks.py
[2026-07-22T07:53:10.256+0000] {processor.py:914} INFO - Processing file /opt/airflow/dags/my_tasks.py for tasks to queue
[2026-07-22T07:53:10.258+0000] {logging_mixin.py:190} INFO - [2026-07-22T07:53:10.258+0000] {dagbag.py:588} INFO - Filling up the DagBag from /opt/airflow/dags/my_tasks.py
[2026-07-22T07:53:10.266+0000] {processor.py:925} INFO - DAG(s) 'my_dag' retrieved from /opt/airflow/dags/my_tasks.py
[2026-07-22T07:53:10.286+0000] {logging_mixin.py:190} INFO - [2026-07-22T07:53:10.286+0000] {dag.py:3239} INFO - Sync 1 DAGs
[2026-07-22T07:53:10.304+0000] {logging_mixin.py:190} INFO - [2026-07-22T07:53:10.304+0000] {dag.py:4180} INFO - Setting next_dagrun for my_dag to None, run_after=None
[2026-07-22T07:53:10.320+0000] {processor.py:208} INFO - Processing /opt/airflow/dags/my_tasks.py took 0.070 seconds
[2026-07-22T07:53:40.543+0000] {processor.py:186} INFO - Started process (PID=3708) to work on /opt/airflow/dags/my_tasks.py
[2026-07-22T07:53:40.544+0000] {processor.py:914} INFO - Processing file /opt/airflow/dags/my_tasks.py for tasks to queue
[2026-07-22T07:53:40.545+0000] {logging_mixin.py:190} INFO - [2026-07-22T07:53:40.545+0000] {dagbag.py:588} INFO - Filling up the DagBag from /opt/airflow/dags/my_tasks.py
[2026-07-22T07:53:40.552+0000] {processor.py:925} INFO - DAG(s) 'my_dag' retrieved from /opt/airflow/dags/my_tasks.py
[2026-07-22T07:53:40.569+0000] {logging_mixin.py:190} INFO - [2026-07-22T07:53:40.569+0000] {dag.py:3239} INFO - Sync 1 DAGs
[2026-07-22T07:53:40.585+0000] {logging_mixin.py:190} INFO - [2026-07-22T07:53:40.584+0000] {dag.py:4180} INFO - Setting next_dagrun for my_dag to None, run_after=None
[2026-07-22T07:53:40.703+0000] {processor.py:208} INFO - Processing /opt/airflow/dags/my_tasks.py took 0.163 seconds
[2026-07-22T07:54:10.814+0000] {processor.py:186} INFO - Started process (PID=3719) to work on /opt/airflow/dags/my_tasks.py
[2026-07-22T07:54:10.815+0000] {processor.py:914} INFO - Processing file /opt/airflow/dags/my_tasks.py for tasks to queue
[2026-07-22T07:54:10.817+0000] {logging_mixin.py:190} INFO - [2026-07-22T07:54:10.817+0000] {dagbag.py:588} INFO - Filling up the DagBag from /opt/airflow/dags/my_tasks.py
[2026-07-22T07:54:10.825+0000] {processor.py:925} INFO - DAG(s) 'my_dag' retrieved from /opt/airflow/dags/my_tasks.py
[2026-07-22T07:54:10.843+0000] {logging_mixin.py:190} INFO - [2026-07-22T07:54:10.843+0000] {dag.py:3239} INFO - Sync 1 DAGs
[2026-07-22T07:54:10.954+0000] {logging_mixin.py:190} INFO - [2026-07-22T07:54:10.954+0000] {dag.py:4180} INFO - Setting next_dagrun for my_dag to None, run_after=None
[2026-07-22T07:54:10.974+0000] {processor.py:208} INFO - Processing /opt/airflow/dags/my_tasks.py took 0.165 seconds
[2026-07-22T07:54:41.165+0000] {processor.py:186} INFO - Started process (PID=3730) to work on /opt/airflow/dags/my_tasks.py
[2026-07-22T07:54:41.173+0000] {processor.py:914} INFO - Processing file /opt/airflow/dags/my_tasks.py for tasks to queue
[2026-07-22T07:54:41.175+0000] {logging_mixin.py:190} INFO - [2026-07-22T07:54:41.174+0000] {dagbag.py:588} INFO - Filling up the DagBag from /opt/airflow/dags/my_tasks.py
[2026-07-22T07:54:41.181+0000] {processor.py:925} INFO - DAG(s) 'my_dag' retrieved from /opt/airflow/dags/my_tasks.py
[2026-07-22T07:54:41.198+0000] {logging_mixin.py:190} INFO - [2026-07-22T07:54:41.198+0000] {dag.py:3239} INFO - Sync 1 DAGs
[2026-07-22T07:54:41.214+0000] {logging_mixin.py:190} INFO - [2026-07-22T07:54:41.214+0000] {dag.py:4180} INFO - Setting next_dagrun for my_dag to None, run_after=None
[2026-07-22T07:54:41.229+0000] {processor.py:208} INFO - Processing /opt/airflow/dags/my_tasks.py took 0.068 seconds
[2026-07-22T07:55:11.447+0000] {processor.py:186} INFO - Started process (PID=3741) to work on /opt/airflow/dags/my_tasks.py
[2026-07-22T07:55:11.448+0000] {processor.py:914} INFO - Processing file /opt/airflow/dags/my_tasks.py for tasks to queue
[2026-07-22T07:55:11.449+0000] {logging_mixin.py:190} INFO - [2026-07-22T07:55:11.449+0000] {dagbag.py:588} INFO - Filling up the DagBag from /opt/airflow/dags/my_tasks.py
[2026-07-22T07:55:11.456+0000] {processor.py:925} INFO - DAG(s) 'my_dag' retrieved from /opt/airflow/dags/my_tasks.py
[2026-07-22T07:55:11.474+0000] {logging_mixin.py:190} INFO - [2026-07-22T07:55:11.474+0000] {dag.py:3239} INFO - Sync 1 DAGs
[2026-07-22T07:55:11.489+0000] {logging_mixin.py:190} INFO - [2026-07-22T07:55:11.489+0000] {dag.py:4180} INFO - Setting next_dagrun for my_dag to None, run_after=None
[2026-07-22T07:55:11.503+0000] {processor.py:208} INFO - Processing /opt/airflow/dags/my_tasks.py took 0.060 seconds
[2026-07-22T07:55:41.734+0000] {processor.py:186} INFO - Started process (PID=3752) to work on /opt/airflow/dags/my_tasks.py
[2026-07-22T07:55:41.742+0000] {processor.py:914} INFO - Processing file /opt/airflow/dags/my_tasks.py for tasks to queue
[2026-07-22T07:55:41.744+0000] {logging_mixin.py:190} INFO - [2026-07-22T07:55:41.744+0000] {dagbag.py:588} INFO - Filling up the DagBag from /opt/airflow/dags/my_tasks.py
[2026-07-22T07:55:41.755+0000] {processor.py:925} INFO - DAG(s) 'my_dag' retrieved from /opt/airflow/dags/my_tasks.py
[2026-07-22T07:55:41.774+0000] {logging_mixin.py:190} INFO - [2026-07-22T07:55:41.774+0000] {dag.py:3239} INFO - Sync 1 DAGs
[2026-07-22T07:55:41.889+0000] {logging_mixin.py:190} INFO - [2026-07-22T07:55:41.889+0000] {dag.py:4180} INFO - Setting next_dagrun for my_dag to None, run_after=None
[2026-07-22T07:55:41.903+0000] {processor.py:208} INFO - Processing /opt/airflow/dags/my_tasks.py took 0.173 seconds
[2026-07-22T07:56:11.995+0000] {processor.py:186} INFO - Started process (PID=3763) to work on /opt/airflow/dags/my_tasks.py
[2026-07-22T07:56:11.996+0000] {processor.py:914} INFO - Processing file /opt/airflow/dags/my_tasks.py for tasks to queue
[2026-07-22T07:56:11.997+0000] {logging_mixin.py:190} INFO - [2026-07-22T07:56:11.997+0000] {dagbag.py:588} INFO - Filling up the DagBag from /opt/airflow/dags/my_tasks.py
[2026-07-22T07:56:12.004+0000] {processor.py:925} INFO - DAG(s) 'my_dag' retrieved from /opt/airflow/dags/my_tasks.py
[2026-07-22T07:56:12.119+0000] {logging_mixin.py:190} INFO - [2026-07-22T07:56:12.119+0000] {dag.py:3239} INFO - Sync 1 DAGs
[2026-07-22T07:56:12.133+0000] {logging_mixin.py:190} INFO - [2026-07-22T07:56:12.132+0000] {dag.py:4180} INFO - Setting next_dagrun for my_dag to None, run_after=None
[2026-07-22T07:56:12.153+0000] {processor.py:208} INFO - Processing /opt/airflow/dags/my_tasks.py took 0.162 seconds
[2026-07-22T07:56:42.342+0000] {processor.py:186} INFO - Started process (PID=3774) to work on /opt/airflow/dags/my_tasks.py
[2026-07-22T07:56:42.343+0000] {processor.py:914} INFO - Processing file /opt/airflow/dags/my_tasks.py for tasks to queue
[2026-07-22T07:56:42.344+0000] {logging_mixin.py:190} INFO - [2026-07-22T07:56:42.344+0000] {dagbag.py:588} INFO - Filling up the DagBag from /opt/airflow/dags/my_tasks.py
[2026-07-22T07:56:42.351+0000] {processor.py:925} INFO - DAG(s) 'my_dag' retrieved from /opt/airflow/dags/my_tasks.py
[2026-07-22T07:56:42.368+0000] {logging_mixin.py:190} INFO - [2026-07-22T07:56:42.368+0000] {dag.py:3239} INFO - Sync 1 DAGs
[2026-07-22T07:56:42.383+0000] {logging_mixin.py:190} INFO - [2026-07-22T07:56:42.383+0000] {dag.py:4180} INFO - Setting next_dagrun for my_dag to None, run_after=None
[2026-07-22T07:56:42.398+0000] {processor.py:208} INFO - Processing /opt/airflow/dags/my_tasks.py took 0.060 seconds
[2026-07-22T07:57:12.609+0000] {processor.py:186} INFO - Started process (PID=3786) to work on /opt/airflow/dags/my_tasks.py
[2026-07-22T07:57:12.610+0000] {processor.py:914} INFO - Processing file /opt/airflow/dags/my_tasks.py for tasks to queue
[2026-07-22T07:57:12.611+0000] {logging_mixin.py:190} INFO - [2026-07-22T07:57:12.611+0000] {dagbag.py:588} INFO - Filling up the DagBag from /opt/airflow/dags/my_tasks.py
[2026-07-22T07:57:12.621+0000] {processor.py:925} INFO - DAG(s) 'my_dag' retrieved from /opt/airflow/dags/my_tasks.py
[2026-07-22T07:57:12.644+0000] {logging_mixin.py:190} INFO - [2026-07-22T07:57:12.644+0000] {dag.py:3239} INFO - Sync 1 DAGs
[2026-07-22T07:57:12.668+0000] {logging_mixin.py:190} INFO - [2026-07-22T07:57:12.667+0000] {dag.py:4180} INFO - Setting next_dagrun for my_dag to None, run_after=None
[2026-07-22T07:57:12.688+0000] {processor.py:208} INFO - Processing /opt/airflow/dags/my_tasks.py took 0.083 seconds
[2026-07-22T07:57:42.880+0000] {processor.py:186} INFO - Started process (PID=3797) to work on /opt/airflow/dags/my_tasks.py
[2026-07-22T07:57:42.881+0000] {processor.py:914} INFO - Processing file /opt/airflow/dags/my_tasks.py for tasks to queue
[2026-07-22T07:57:42.882+0000] {logging_mixin.py:190} INFO - [2026-07-22T07:57:42.882+0000] {dagbag.py:588} INFO - Filling up the DagBag from /opt/airflow/dags/my_tasks.py
[2026-07-22T07:57:42.889+0000] {processor.py:925} INFO - DAG(s) 'my_dag' retrieved from /opt/airflow/dags/my_tasks.py
[2026-07-22T07:57:42.906+0000] {logging_mixin.py:190} INFO - [2026-07-22T07:57:42.906+0000] {dag.py:3239} INFO - Sync 1 DAGs
[2026-07-22T07:57:43.019+0000] {logging_mixin.py:190} INFO - [2026-07-22T07:57:43.019+0000] {dag.py:4180} INFO - Setting next_dagrun for my_dag to None, run_after=None
[2026-07-22T07:57:43.033+0000] {processor.py:208} INFO - Processing /opt/airflow/dags/my_tasks.py took 0.157 seconds
[2026-07-22T07:58:13.152+0000] {processor.py:186} INFO - Started process (PID=3808) to work on /opt/airflow/dags/my_tasks.py
[2026-07-22T07:58:13.152+0000] {processor.py:914} INFO - Processing file /opt/airflow/dags/my_tasks.py for tasks to queue
[2026-07-22T07:58:13.154+0000] {logging_mixin.py:190} INFO - [2026-07-22T07:58:13.154+0000] {dagbag.py:588} INFO - Filling up the DagBag from /opt/airflow/dags/my_tasks.py
[2026-07-22T07:58:13.160+0000] {processor.py:925} INFO - DAG(s) 'my_dag' retrieved from /opt/airflow/dags/my_tasks.py
[2026-07-22T07:58:13.178+0000] {logging_mixin.py:190} INFO - [2026-07-22T07:58:13.178+0000] {dag.py:3239} INFO - Sync 1 DAGs
[2026-07-22T07:58:13.193+0000] {logging_mixin.py:190} INFO - [2026-07-22T07:58:13.193+0000] {dag.py:4180} INFO - Setting next_dagrun for my_dag to None, run_after=None
[2026-07-22T07:58:13.207+0000] {processor.py:208} INFO - Processing /opt/airflow/dags/my_tasks.py took 0.060 seconds
[2026-07-22T07:58:43.441+0000] {processor.py:186} INFO - Started process (PID=3819) to work on /opt/airflow/dags/my_tasks.py
[2026-07-22T07:58:43.443+0000] {processor.py:914} INFO - Processing file /opt/airflow/dags/my_tasks.py for tasks to queue
[2026-07-22T07:58:43.445+0000] {logging_mixin.py:190} INFO - [2026-07-22T07:58:43.444+0000] {dagbag.py:588} INFO - Filling up the DagBag from /opt/airflow/dags/my_tasks.py
[2026-07-22T07:58:43.453+0000] {processor.py:925} INFO - DAG(s) 'my_dag' retrieved from /opt/airflow/dags/my_tasks.py
[2026-07-22T07:58:43.475+0000] {logging_mixin.py:190} INFO - [2026-07-22T07:58:43.475+0000] {dag.py:3239} INFO - Sync 1 DAGs
[2026-07-22T07:58:43.494+0000] {logging_mixin.py:190} INFO - [2026-07-22T07:58:43.494+0000] {dag.py:4180} INFO - Setting next_dagrun for my_dag to None, run_after=None
[2026-07-22T07:58:43.511+0000] {processor.py:208} INFO - Processing /opt/airflow/dags/my_tasks.py took 0.074 seconds
[2026-07-22T07:59:13.700+0000] {processor.py:186} INFO - Started process (PID=3830) to work on /opt/airflow/dags/my_tasks.py
[2026-07-22T07:59:13.701+0000] {processor.py:914} INFO - Processing file /opt/airflow/dags/my_tasks.py for tasks to queue
[2026-07-22T07:59:13.702+0000] {logging_mixin.py:190} INFO - [2026-07-22T07:59:13.702+0000] {dagbag.py:588} INFO - Filling up the DagBag from /opt/airflow/dags/my_tasks.py
[2026-07-22T07:59:13.709+0000] {processor.py:925} INFO - DAG(s) 'my_dag' retrieved from /opt/airflow/dags/my_tasks.py
[2026-07-22T07:59:13.727+0000] {logging_mixin.py:190} INFO - [2026-07-22T07:59:13.727+0000] {dag.py:3239} INFO - Sync 1 DAGs
[2026-07-22T07:59:13.744+0000] {logging_mixin.py:190} INFO - [2026-07-22T07:59:13.744+0000] {dag.py:4180} INFO - Setting next_dagrun for my_dag to None, run_after=None
[2026-07-22T07:59:13.866+0000] {processor.py:208} INFO - Processing /opt/airflow/dags/my_tasks.py took 0.170 seconds
[2026-07-22T08:08:42.193+0000] {processor.py:186} INFO - Started process (PID=191) to work on /opt/airflow/dags/my_tasks.py
[2026-07-22T08:08:42.193+0000] {processor.py:914} INFO - Processing file /opt/airflow/dags/my_tasks.py for tasks to queue
[2026-07-22T08:08:42.195+0000] {logging_mixin.py:190} INFO - [2026-07-22T08:08:42.195+0000] {dagbag.py:588} INFO - Filling up the DagBag from /opt/airflow/dags/my_tasks.py
[2026-07-22T08:08:42.232+0000] {processor.py:925} INFO - DAG(s) 'my_dag' retrieved from /opt/airflow/dags/my_tasks.py
[2026-07-22T08:08:42.531+0000] {logging_mixin.py:190} INFO - [2026-07-22T08:08:42.531+0000] {override.py:1912} INFO - Created Permission View: can edit on DAG:my_dag
[2026-07-22T08:08:42.541+0000] {logging_mixin.py:190} INFO - [2026-07-22T08:08:42.540+0000] {override.py:1912} INFO - Created Permission View: can delete on DAG:my_dag
[2026-07-22T08:08:42.546+0000] {logging_mixin.py:190} INFO - [2026-07-22T08:08:42.546+0000] {override.py:1912} INFO - Created Permission View: can read on DAG:my_dag
[2026-07-22T08:08:42.558+0000] {logging_mixin.py:190} INFO - [2026-07-22T08:08:42.558+0000] {override.py:1912} INFO - Created Permission View: can create on DAG Run:my_dag
[2026-07-22T08:08:42.564+0000] {logging_mixin.py:190} INFO - [2026-07-22T08:08:42.564+0000] {override.py:1912} INFO - Created Permission View: can delete on DAG Run:my_dag
[2026-07-22T08:08:42.570+0000] {logging_mixin.py:190} INFO - [2026-07-22T08:08:42.570+0000] {override.py:1912} INFO - Created Permission View: menu access on DAG Run:my_dag
[2026-07-22T08:08:42.576+0000] {logging_mixin.py:190} INFO - [2026-07-22T08:08:42.576+0000] {override.py:1912} INFO - Created Permission View: can read on DAG Run:my_dag
[2026-07-22T08:08:42.576+0000] {logging_mixin.py:190} INFO - [2026-07-22T08:08:42.576+0000] {dag.py:3239} INFO - Sync 1 DAGs
[2026-07-22T08:08:42.585+0000] {logging_mixin.py:190} INFO - [2026-07-22T08:08:42.585+0000] {dag.py:3262} INFO - Creating ORM DAG for my_dag
[2026-07-22T08:08:42.594+0000] {logging_mixin.py:190} INFO - [2026-07-22T08:08:42.594+0000] {dag.py:4180} INFO - Setting next_dagrun for my_dag to 2026-03-02 00:00:00+00:00, run_after=2026-03-02 00:00:00+00:00
[2026-07-22T08:08:42.609+0000] {processor.py:208} INFO - Processing /opt/airflow/dags/my_tasks.py took 0.420 seconds
[2026-07-22T08:09:12.770+0000] {processor.py:186} INFO - Started process (PID=218) to work on /opt/airflow/dags/my_tasks.py
[2026-07-22T08:09:12.779+0000] {processor.py:914} INFO - Processing file /opt/airflow/dags/my_tasks.py for tasks to queue
[2026-07-22T08:09:12.782+0000] {logging_mixin.py:190} INFO - [2026-07-22T08:09:12.781+0000] {dagbag.py:588} INFO - Filling up the DagBag from /opt/airflow/dags/my_tasks.py
[2026-07-22T08:09:12.794+0000] {processor.py:925} INFO - DAG(s) 'my_dag' retrieved from /opt/airflow/dags/my_tasks.py
[2026-07-22T08:09:12.813+0000] {logging_mixin.py:190} INFO - [2026-07-22T08:09:12.813+0000] {dag.py:3239} INFO - Sync 1 DAGs
[2026-07-22T08:09:12.832+0000] {logging_mixin.py:190} INFO - [2026-07-22T08:09:12.832+0000] {dag.py:4180} INFO - Setting next_dagrun for my_dag to None, run_after=None
[2026-07-22T08:09:12.845+0000] {processor.py:208} INFO - Processing /opt/airflow/dags/my_tasks.py took 0.085 seconds
[2026-07-22T08:09:42.994+0000] {processor.py:186} INFO - Started process (PID=229) to work on /opt/airflow/dags/my_tasks.py
[2026-07-22T08:09:42.995+0000] {processor.py:914} INFO - Processing file /opt/airflow/dags/my_tasks.py for tasks to queue
[2026-07-22T08:09:42.996+0000] {logging_mixin.py:190} INFO - [2026-07-22T08:09:42.996+0000] {dagbag.py:588} INFO - Filling up the DagBag from /opt/airflow/dags/my_tasks.py
[2026-07-22T08:09:43.004+0000] {processor.py:925} INFO - DAG(s) 'my_dag' retrieved from /opt/airflow/dags/my_tasks.py
[2026-07-22T08:09:43.023+0000] {logging_mixin.py:190} INFO - [2026-07-22T08:09:43.023+0000] {dag.py:3239} INFO - Sync 1 DAGs
[2026-07-22T08:09:43.039+0000] {logging_mixin.py:190} INFO - [2026-07-22T08:09:43.039+0000] {dag.py:4180} INFO - Setting next_dagrun for my_dag to None, run_after=None
[2026-07-22T08:09:43.053+0000] {processor.py:208} INFO - Processing /opt/airflow/dags/my_tasks.py took 0.063 seconds
[2026-07-22T08:10:13.238+0000] {processor.py:186} INFO - Started process (PID=240) to work on /opt/airflow/dags/my_tasks.py
[2026-07-22T08:10:13.238+0000] {processor.py:914} INFO - Processing file /opt/airflow/dags/my_tasks.py for tasks to queue
[2026-07-22T08:10:13.240+0000] {logging_mixin.py:190} INFO - [2026-07-22T08:10:13.239+0000] {dagbag.py:588} INFO - Filling up the DagBag from /opt/airflow/dags/my_tasks.py
[2026-07-22T08:10:13.247+0000] {processor.py:925} INFO - DAG(s) 'my_dag' retrieved from /opt/airflow/dags/my_tasks.py
[2026-07-22T08:10:13.265+0000] {logging_mixin.py:190} INFO - [2026-07-22T08:10:13.265+0000] {dag.py:3239} INFO - Sync 1 DAGs
[2026-07-22T08:10:13.280+0000] {logging_mixin.py:190} INFO - [2026-07-22T08:10:13.280+0000] {dag.py:4180} INFO - Setting next_dagrun for my_dag to None, run_after=None
[2026-07-22T08:10:13.294+0000] {processor.py:208} INFO - Processing /opt/airflow/dags/my_tasks.py took 0.060 seconds
[2026-07-22T08:10:43.518+0000] {processor.py:186} INFO - Started process (PID=251) to work on /opt/airflow/dags/my_tasks.py
[2026-07-22T08:10:43.518+0000] {processor.py:914} INFO - Processing file /opt/airflow/dags/my_tasks.py for tasks to queue
[2026-07-22T08:10:43.520+0000] {logging_mixin.py:190} INFO - [2026-07-22T08:10:43.520+0000] {dagbag.py:588} INFO - Filling up the DagBag from /opt/airflow/dags/my_tasks.py
[2026-07-22T08:10:43.527+0000] {processor.py:925} INFO - DAG(s) 'my_dag' retrieved from /opt/airflow/dags/my_tasks.py
[2026-07-22T08:10:43.545+0000] {logging_mixin.py:190} INFO - [2026-07-22T08:10:43.545+0000] {dag.py:3239} INFO - Sync 1 DAGs
[2026-07-22T08:10:43.561+0000] {logging_mixin.py:190} INFO - [2026-07-22T08:10:43.561+0000] {dag.py:4180} INFO - Setting next_dagrun for my_dag to None, run_after=None
[2026-07-22T08:10:43.577+0000] {processor.py:208} INFO - Processing /opt/airflow/dags/my_tasks.py took 0.063 seconds
[2026-07-22T08:11:13.800+0000] {processor.py:186} INFO - Started process (PID=262) to work on /opt/airflow/dags/my_tasks.py
[2026-07-22T08:11:13.808+0000] {processor.py:914} INFO - Processing file /opt/airflow/dags/my_tasks.py for tasks to queue
[2026-07-22T08:11:13.810+0000] {logging_mixin.py:190} INFO - [2026-07-22T08:11:13.809+0000] {dagbag.py:588} INFO - Filling up the DagBag from /opt/airflow/dags/my_tasks.py
[2026-07-22T08:11:13.816+0000] {processor.py:925} INFO - DAG(s) 'my_dag' retrieved from /opt/airflow/dags/my_tasks.py
[2026-07-22T08:11:13.833+0000] {logging_mixin.py:190} INFO - [2026-07-22T08:11:13.833+0000] {dag.py:3239} INFO - Sync 1 DAGs
[2026-07-22T08:11:13.849+0000] {logging_mixin.py:190} INFO - [2026-07-22T08:11:13.849+0000] {dag.py:4180} INFO - Setting next_dagrun for my_dag to None, run_after=None
[2026-07-22T08:11:13.863+0000] {processor.py:208} INFO - Processing /opt/airflow/dags/my_tasks.py took 0.067 seconds
[2026-07-22T08:11:44.069+0000] {processor.py:186} INFO - Started process (PID=273) to work on /opt/airflow/dags/my_tasks.py
[2026-07-22T08:11:44.070+0000] {processor.py:914} INFO - Processing file /opt/airflow/dags/my_tasks.py for tasks to queue
[2026-07-22T08:11:44.071+0000] {logging_mixin.py:190} INFO - [2026-07-22T08:11:44.071+0000] {dagbag.py:588} INFO - Filling up the DagBag from /opt/airflow/dags/my_tasks.py
[2026-07-22T08:11:44.077+0000] {processor.py:925} INFO - DAG(s) 'my_dag' retrieved from /opt/airflow/dags/my_tasks.py
[2026-07-22T08:11:44.095+0000] {logging_mixin.py:190} INFO - [2026-07-22T08:11:44.095+0000] {dag.py:3239} INFO - Sync 1 DAGs
[2026-07-22T08:11:44.111+0000] {logging_mixin.py:190} INFO - [2026-07-22T08:11:44.110+0000] {dag.py:4180} INFO - Setting next_dagrun for my_dag to None, run_after=None
[2026-07-22T08:11:44.124+0000] {processor.py:208} INFO - Processing /opt/airflow/dags/my_tasks.py took 0.059 seconds
[2026-07-22T08:12:14.347+0000] {processor.py:186} INFO - Started process (PID=284) to work on /opt/airflow/dags/my_tasks.py
[2026-07-22T08:12:14.355+0000] {processor.py:914} INFO - Processing file /opt/airflow/dags/my_tasks.py for tasks to queue
[2026-07-22T08:12:14.359+0000] {logging_mixin.py:190} INFO - [2026-07-22T08:12:14.358+0000] {dagbag.py:588} INFO - Filling up the DagBag from /opt/airflow/dags/my_tasks.py
[2026-07-22T08:12:14.368+0000] {processor.py:925} INFO - DAG(s) 'my_dag' retrieved from /opt/airflow/dags/my_tasks.py
[2026-07-22T08:12:14.386+0000] {logging_mixin.py:190} INFO - [2026-07-22T08:12:14.385+0000] {dag.py:3239} INFO - Sync 1 DAGs
[2026-07-22T08:12:14.401+0000] {logging_mixin.py:190} INFO - [2026-07-22T08:12:14.401+0000] {dag.py:4180} INFO - Setting next_dagrun for my_dag to None, run_after=None
[2026-07-22T08:12:14.415+0000] {processor.py:208} INFO - Processing /opt/airflow/dags/my_tasks.py took 0.072 seconds
[2026-07-22T08:12:44.616+0000] {processor.py:186} INFO - Started process (PID=295) to work on /opt/airflow/dags/my_tasks.py
[2026-07-22T08:12:44.617+0000] {processor.py:914} INFO - Processing file /opt/airflow/dags/my_tasks.py for tasks to queue
[2026-07-22T08:12:44.618+0000] {logging_mixin.py:190} INFO - [2026-07-22T08:12:44.618+0000] {dagbag.py:588} INFO - Filling up the DagBag from /opt/airflow/dags/my_tasks.py
[2026-07-22T08:12:44.625+0000] {processor.py:925} INFO - DAG(s) 'my_dag' retrieved from /opt/airflow/dags/my_tasks.py
[2026-07-22T08:12:44.642+0000] {logging_mixin.py:190} INFO - [2026-07-22T08:12:44.642+0000] {dag.py:3239} INFO - Sync 1 DAGs
[2026-07-22T08:12:44.657+0000] {logging_mixin.py:190} INFO - [2026-07-22T08:12:44.657+0000] {dag.py:4180} INFO - Setting next_dagrun for my_dag to None, run_after=None
[2026-07-22T08:12:44.672+0000] {processor.py:208} INFO - Processing /opt/airflow/dags/my_tasks.py took 0.059 seconds
[2026-07-22T08:13:14.860+0000] {processor.py:186} INFO - Started process (PID=306) to work on /opt/airflow/dags/my_tasks.py
[2026-07-22T08:13:14.868+0000] {processor.py:914} INFO - Processing file /opt/airflow/dags/my_tasks.py for tasks to queue
[2026-07-22T08:13:14.870+0000] {logging_mixin.py:190} INFO - [2026-07-22T08:13:14.870+0000] {dagbag.py:588} INFO - Filling up the DagBag from /opt/airflow/dags/my_tasks.py
[2026-07-22T08:13:14.880+0000] {processor.py:925} INFO - DAG(s) 'my_dag' retrieved from /opt/airflow/dags/my_tasks.py
[2026-07-22T08:13:14.899+0000] {logging_mixin.py:190} INFO - [2026-07-22T08:13:14.899+0000] {dag.py:3239} INFO - Sync 1 DAGs
[2026-07-22T08:13:14.916+0000] {logging_mixin.py:190} INFO - [2026-07-22T08:13:14.916+0000] {dag.py:4180} INFO - Setting next_dagrun for my_dag to None, run_after=None
[2026-07-22T08:13:14.930+0000] {processor.py:208} INFO - Processing /opt/airflow/dags/my_tasks.py took 0.074 seconds
[2026-07-22T08:13:45.110+0000] {processor.py:186} INFO - Started process (PID=317) to work on /opt/airflow/dags/my_tasks.py
[2026-07-22T08:13:45.110+0000] {processor.py:914} INFO - Processing file /opt/airflow/dags/my_tasks.py for tasks to queue
[2026-07-22T08:13:45.112+0000] {logging_mixin.py:190} INFO - [2026-07-22T08:13:45.112+0000] {dagbag.py:588} INFO - Filling up the DagBag from /opt/airflow/dags/my_tasks.py
[2026-07-22T08:13:45.118+0000] {processor.py:925} INFO - DAG(s) 'my_dag' retrieved from /opt/airflow/dags/my_tasks.py
[2026-07-22T08:13:45.136+0000] {logging_mixin.py:190} INFO - [2026-07-22T08:13:45.136+0000] {dag.py:3239} INFO - Sync 1 DAGs
[2026-07-22T08:13:45.151+0000] {logging_mixin.py:190} INFO - [2026-07-22T08:13:45.151+0000] {dag.py:4180} INFO - Setting next_dagrun for my_dag to None, run_after=None
[2026-07-22T08:13:45.165+0000] {processor.py:208} INFO - Processing /opt/airflow/dags/my_tasks.py took 0.059 seconds
[2026-07-22T08:14:15.379+0000] {processor.py:186} INFO - Started process (PID=328) to work on /opt/airflow/dags/my_tasks.py
[2026-07-22T08:14:15.387+0000] {processor.py:914} INFO - Processing file /opt/airflow/dags/my_tasks.py for tasks to queue
[2026-07-22T08:14:15.389+0000] {logging_mixin.py:190} INFO - [2026-07-22T08:14:15.389+0000] {dagbag.py:588} INFO - Filling up the DagBag from /opt/airflow/dags/my_tasks.py
[2026-07-22T08:14:15.399+0000] {processor.py:925} INFO - DAG(s) 'my_dag' retrieved from /opt/airflow/dags/my_tasks.py
[2026-07-22T08:14:15.417+0000] {logging_mixin.py:190} INFO - [2026-07-22T08:14:15.417+0000] {dag.py:3239} INFO - Sync 1 DAGs
[2026-07-22T08:14:15.434+0000] {logging_mixin.py:190} INFO - [2026-07-22T08:14:15.434+0000] {dag.py:4180} INFO - Setting next_dagrun for my_dag to None, run_after=None
[2026-07-22T08:14:15.448+0000] {processor.py:208} INFO - Processing /opt/airflow/dags/my_tasks.py took 0.073 seconds
[2026-07-22T08:14:45.652+0000] {processor.py:186} INFO - Started process (PID=339) to work on /opt/airflow/dags/my_tasks.py
[2026-07-22T08:14:45.654+0000] {processor.py:914} INFO - Processing file /opt/airflow/dags/my_tasks.py for tasks to queue
[2026-07-22T08:14:45.655+0000] {logging_mixin.py:190} INFO - [2026-07-22T08:14:45.655+0000] {dagbag.py:588} INFO - Filling up the DagBag from /opt/airflow/dags/my_tasks.py
[2026-07-22T08:14:45.662+0000] {processor.py:925} INFO - DAG(s) 'my_dag' retrieved from /opt/airflow/dags/my_tasks.py
[2026-07-22T08:14:45.679+0000] {logging_mixin.py:190} INFO - [2026-07-22T08:14:45.679+0000] {dag.py:3239} INFO - Sync 1 DAGs
[2026-07-22T08:14:45.694+0000] {logging_mixin.py:190} INFO - [2026-07-22T08:14:45.694+0000] {dag.py:4180} INFO - Setting next_dagrun for my_dag to None, run_after=None
[2026-07-22T08:14:45.708+0000] {processor.py:208} INFO - Processing /opt/airflow/dags/my_tasks.py took 0.061 seconds
[2026-07-22T08:15:15.907+0000] {processor.py:186} INFO - Started process (PID=350) to work on /opt/airflow/dags/my_tasks.py
[2026-07-22T08:15:15.908+0000] {processor.py:914} INFO - Processing file /opt/airflow/dags/my_tasks.py for tasks to queue
[2026-07-22T08:15:15.910+0000] {logging_mixin.py:190} INFO - [2026-07-22T08:15:15.909+0000] {dagbag.py:588} INFO - Filling up the DagBag from /opt/airflow/dags/my_tasks.py
[2026-07-22T08:15:15.917+0000] {processor.py:925} INFO - DAG(s) 'my_dag' retrieved from /opt/airflow/dags/my_tasks.py
[2026-07-22T08:15:15.935+0000] {logging_mixin.py:190} INFO - [2026-07-22T08:15:15.935+0000] {dag.py:3239} INFO - Sync 1 DAGs
[2026-07-22T08:15:15.952+0000] {logging_mixin.py:190} INFO - [2026-07-22T08:15:15.952+0000] {dag.py:4180} INFO - Setting next_dagrun for my_dag to None, run_after=None
[2026-07-22T08:15:15.966+0000] {processor.py:208} INFO - Processing /opt/airflow/dags/my_tasks.py took 0.063 seconds
[2026-07-22T08:15:46.178+0000] {processor.py:186} INFO - Started process (PID=361) to work on /opt/airflow/dags/my_tasks.py
[2026-07-22T08:15:46.178+0000] {processor.py:914} INFO - Processing file /opt/airflow/dags/my_tasks.py for tasks to queue
[2026-07-22T08:15:46.180+0000] {logging_mixin.py:190} INFO - [2026-07-22T08:15:46.180+0000] {dagbag.py:588} INFO - Filling up the DagBag from /opt/airflow/dags/my_tasks.py
[2026-07-22T08:15:46.187+0000] {processor.py:925} INFO - DAG(s) 'my_dag' retrieved from /opt/airflow/dags/my_tasks.py
[2026-07-22T08:15:46.205+0000] {logging_mixin.py:190} INFO - [2026-07-22T08:15:46.205+0000] {dag.py:3239} INFO - Sync 1 DAGs
[2026-07-22T08:15:46.220+0000] {logging_mixin.py:190} INFO - [2026-07-22T08:15:46.220+0000] {dag.py:4180} INFO - Setting next_dagrun for my_dag to None, run_after=None
[2026-07-22T08:15:46.234+0000] {processor.py:208} INFO - Processing /opt/airflow/dags/my_tasks.py took 0.060 seconds
[2026-07-22T08:16:16.432+0000] {processor.py:186} INFO - Started process (PID=378) to work on /opt/airflow/dags/my_tasks.py
[2026-07-22T08:16:16.432+0000] {processor.py:914} INFO - Processing file /opt/airflow/dags/my_tasks.py for tasks to queue
[2026-07-22T08:16:16.433+0000] {logging_mixin.py:190} INFO - [2026-07-22T08:16:16.433+0000] {dagbag.py:588} INFO - Filling up the DagBag from /opt/airflow/dags/my_tasks.py
[2026-07-22T08:16:16.440+0000] {processor.py:925} INFO - DAG(s) 'my_dag' retrieved from /opt/airflow/dags/my_tasks.py
[2026-07-22T08:16:16.458+0000] {logging_mixin.py:190} INFO - [2026-07-22T08:16:16.458+0000] {dag.py:3239} INFO - Sync 1 DAGs
[2026-07-22T08:16:16.473+0000] {logging_mixin.py:190} INFO - [2026-07-22T08:16:16.473+0000] {dag.py:4180} INFO - Setting next_dagrun for my_dag to None, run_after=None
[2026-07-22T08:16:16.488+0000] {processor.py:208} INFO - Processing /opt/airflow/dags/my_tasks.py took 0.060 seconds
[2026-07-22T08:16:46.706+0000] {processor.py:186} INFO - Started process (PID=389) to work on /opt/airflow/dags/my_tasks.py
[2026-07-22T08:16:46.709+0000] {processor.py:914} INFO - Processing file /opt/airflow/dags/my_tasks.py for tasks to queue
[2026-07-22T08:16:46.711+0000] {logging_mixin.py:190} INFO - [2026-07-22T08:16:46.711+0000] {dagbag.py:588} INFO - Filling up the DagBag from /opt/airflow/dags/my_tasks.py
[2026-07-22T08:16:46.718+0000] {processor.py:925} INFO - DAG(s) 'my_dag' retrieved from /opt/airflow/dags/my_tasks.py
[2026-07-22T08:16:46.736+0000] {logging_mixin.py:190} INFO - [2026-07-22T08:16:46.735+0000] {dag.py:3239} INFO - Sync 1 DAGs
[2026-07-22T08:16:46.752+0000] {logging_mixin.py:190} INFO - [2026-07-22T08:16:46.752+0000] {dag.py:4180} INFO - Setting next_dagrun for my_dag to None, run_after=None
[2026-07-22T08:16:46.767+0000] {processor.py:208} INFO - Processing /opt/airflow/dags/my_tasks.py took 0.065 seconds
[2026-07-22T08:17:16.965+0000] {processor.py:186} INFO - Started process (PID=400) to work on /opt/airflow/dags/my_tasks.py
[2026-07-22T08:17:16.973+0000] {processor.py:914} INFO - Processing file /opt/airflow/dags/my_tasks.py for tasks to queue
[2026-07-22T08:17:16.975+0000] {logging_mixin.py:190} INFO - [2026-07-22T08:17:16.975+0000] {dagbag.py:588} INFO - Filling up the DagBag from /opt/airflow/dags/my_tasks.py
[2026-07-22T08:17:16.987+0000] {processor.py:925} INFO - DAG(s) 'my_dag' retrieved from /opt/airflow/dags/my_tasks.py
[2026-07-22T08:17:17.005+0000] {logging_mixin.py:190} INFO - [2026-07-22T08:17:17.005+0000] {dag.py:3239} INFO - Sync 1 DAGs
[2026-07-22T08:17:17.020+0000] {logging_mixin.py:190} INFO - [2026-07-22T08:17:17.020+0000] {dag.py:4180} INFO - Setting next_dagrun for my_dag to None, run_after=None
[2026-07-22T08:17:17.034+0000] {processor.py:208} INFO - Processing /opt/airflow/dags/my_tasks.py took 0.073 seconds
[2026-07-22T08:17:47.236+0000] {processor.py:186} INFO - Started process (PID=411) to work on /opt/airflow/dags/my_tasks.py
[2026-07-22T08:17:47.244+0000] {processor.py:914} INFO - Processing file /opt/airflow/dags/my_tasks.py for tasks to queue
[2026-07-22T08:17:47.245+0000] {logging_mixin.py:190} INFO - [2026-07-22T08:17:47.245+0000] {dagbag.py:588} INFO - Filling up the DagBag from /opt/airflow/dags/my_tasks.py
[2026-07-22T08:17:47.254+0000] {processor.py:925} INFO - DAG(s) 'my_dag' retrieved from /opt/airflow/dags/my_tasks.py
[2026-07-22T08:17:47.272+0000] {logging_mixin.py:190} INFO - [2026-07-22T08:17:47.271+0000] {dag.py:3239} INFO - Sync 1 DAGs
[2026-07-22T08:17:47.287+0000] {logging_mixin.py:190} INFO - [2026-07-22T08:17:47.287+0000] {dag.py:4180} INFO - Setting next_dagrun for my_dag to None, run_after=None
[2026-07-22T08:17:47.300+0000] {processor.py:208} INFO - Processing /opt/airflow/dags/my_tasks.py took 0.069 seconds
[2026-07-22T08:18:17.522+0000] {processor.py:186} INFO - Started process (PID=422) to work on /opt/airflow/dags/my_tasks.py
[2026-07-22T08:18:17.530+0000] {processor.py:914} INFO - Processing file /opt/airflow/dags/my_tasks.py for tasks to queue
[2026-07-22T08:18:17.532+0000] {logging_mixin.py:190} INFO - [2026-07-22T08:18:17.532+0000] {dagbag.py:588} INFO - Filling up the DagBag from /opt/airflow/dags/my_tasks.py
[2026-07-22T08:18:17.541+0000] {processor.py:925} INFO - DAG(s) 'my_dag' retrieved from /opt/airflow/dags/my_tasks.py
[2026-07-22T08:18:17.560+0000] {logging_mixin.py:190} INFO - [2026-07-22T08:18:17.559+0000] {dag.py:3239} INFO - Sync 1 DAGs
[2026-07-22T08:18:17.576+0000] {logging_mixin.py:190} INFO - [2026-07-22T08:18:17.576+0000] {dag.py:4180} INFO - Setting next_dagrun for my_dag to None, run_after=None
[2026-07-22T08:18:17.590+0000] {processor.py:208} INFO - Processing /opt/airflow/dags/my_tasks.py took 0.072 seconds
[2026-07-22T08:18:47.792+0000] {processor.py:186} INFO - Started process (PID=433) to work on /opt/airflow/dags/my_tasks.py
[2026-07-22T08:18:47.793+0000] {processor.py:914} INFO - Processing file /opt/airflow/dags/my_tasks.py for tasks to queue
[2026-07-22T08:18:47.794+0000] {logging_mixin.py:190} INFO - [2026-07-22T08:18:47.794+0000] {dagbag.py:588} INFO - Filling up the DagBag from /opt/airflow/dags/my_tasks.py
[2026-07-22T08:18:47.801+0000] {processor.py:925} INFO - DAG(s) 'my_dag' retrieved from /opt/airflow/dags/my_tasks.py
[2026-07-22T08:18:47.819+0000] {logging_mixin.py:190} INFO - [2026-07-22T08:18:47.818+0000] {dag.py:3239} INFO - Sync 1 DAGs
[2026-07-22T08:18:47.834+0000] {logging_mixin.py:190} INFO - [2026-07-22T08:18:47.833+0000] {dag.py:4180} INFO - Setting next_dagrun for my_dag to None, run_after=None
[2026-07-22T08:18:47.848+0000] {processor.py:208} INFO - Processing /opt/airflow/dags/my_tasks.py took 0.059 seconds
[2026-07-22T08:19:18.053+0000] {processor.py:186} INFO - Started process (PID=444) to work on /opt/airflow/dags/my_tasks.py
[2026-07-22T08:19:18.061+0000] {processor.py:914} INFO - Processing file /opt/airflow/dags/my_tasks.py for tasks to queue
[2026-07-22T08:19:18.064+0000] {logging_mixin.py:190} INFO - [2026-07-22T08:19:18.064+0000] {dagbag.py:588} INFO - Filling up the DagBag from /opt/airflow/dags/my_tasks.py
[2026-07-22T08:19:18.075+0000] {processor.py:925} INFO - DAG(s) 'my_dag' retrieved from /opt/airflow/dags/my_tasks.py
[2026-07-22T08:19:18.093+0000] {logging_mixin.py:190} INFO - [2026-07-22T08:19:18.092+0000] {dag.py:3239} INFO - Sync 1 DAGs
[2026-07-22T08:19:18.108+0000] {logging_mixin.py:190} INFO - [2026-07-22T08:19:18.108+0000] {dag.py:4180} INFO - Setting next_dagrun for my_dag to None, run_after=None
[2026-07-22T08:19:18.124+0000] {processor.py:208} INFO - Processing /opt/airflow/dags/my_tasks.py took 0.074 seconds
[2026-07-22T08:19:48.322+0000] {processor.py:186} INFO - Started process (PID=455) to work on /opt/airflow/dags/my_tasks.py
[2026-07-22T08:19:48.330+0000] {processor.py:914} INFO - Processing file /opt/airflow/dags/my_tasks.py for tasks to queue
[2026-07-22T08:19:48.331+0000] {logging_mixin.py:190} INFO - [2026-07-22T08:19:48.331+0000] {dagbag.py:588} INFO - Filling up the DagBag from /opt/airflow/dags/my_tasks.py
[2026-07-22T08:19:48.340+0000] {processor.py:925} INFO - DAG(s) 'my_dag' retrieved from /opt/airflow/dags/my_tasks.py
[2026-07-22T08:19:48.358+0000] {logging_mixin.py:190} INFO - [2026-07-22T08:19:48.358+0000] {dag.py:3239} INFO - Sync 1 DAGs
[2026-07-22T08:19:48.375+0000] {logging_mixin.py:190} INFO - [2026-07-22T08:19:48.375+0000] {dag.py:4180} INFO - Setting next_dagrun for my_dag to None, run_after=None
[2026-07-22T08:19:48.393+0000] {processor.py:208} INFO - Processing /opt/airflow/dags/my_tasks.py took 0.075 seconds
[2026-07-22T08:20:18.588+0000] {processor.py:186} INFO - Started process (PID=466) to work on /opt/airflow/dags/my_tasks.py
[2026-07-22T08:20:18.596+0000] {processor.py:914} INFO - Processing file /opt/airflow/dags/my_tasks.py for tasks to queue
[2026-07-22T08:20:18.598+0000] {logging_mixin.py:190} INFO - [2026-07-22T08:20:18.597+0000] {dagbag.py:588} INFO - Filling up the DagBag from /opt/airflow/dags/my_tasks.py
[2026-07-22T08:20:18.610+0000] {processor.py:925} INFO - DAG(s) 'my_dag' retrieved from /opt/airflow/dags/my_tasks.py
[2026-07-22T08:20:18.630+0000] {logging_mixin.py:190} INFO - [2026-07-22T08:20:18.630+0000] {dag.py:3239} INFO - Sync 1 DAGs
[2026-07-22T08:20:18.650+0000] {logging_mixin.py:190} INFO - [2026-07-22T08:20:18.650+0000] {dag.py:4180} INFO - Setting next_dagrun for my_dag to None, run_after=None
[2026-07-22T08:20:18.667+0000] {processor.py:208} INFO - Processing /opt/airflow/dags/my_tasks.py took 0.084 seconds
[2026-07-22T08:20:48.879+0000] {processor.py:186} INFO - Started process (PID=477) to work on /opt/airflow/dags/my_tasks.py
[2026-07-22T08:20:48.887+0000] {processor.py:914} INFO - Processing file /opt/airflow/dags/my_tasks.py for tasks to queue
[2026-07-22T08:20:48.889+0000] {logging_mixin.py:190} INFO - [2026-07-22T08:20:48.889+0000] {dagbag.py:588} INFO - Filling up the DagBag from /opt/airflow/dags/my_tasks.py
[2026-07-22T08:20:48.899+0000] {processor.py:925} INFO - DAG(s) 'my_dag' retrieved from /opt/airflow/dags/my_tasks.py
[2026-07-22T08:20:48.920+0000] {logging_mixin.py:190} INFO - [2026-07-22T08:20:48.920+0000] {dag.py:3239} INFO - Sync 1 DAGs
[2026-07-22T08:20:48.944+0000] {logging_mixin.py:190} INFO - [2026-07-22T08:20:48.944+0000] {dag.py:4180} INFO - Setting next_dagrun for my_dag to None, run_after=None
[2026-07-22T08:20:48.960+0000] {processor.py:208} INFO - Processing /opt/airflow/dags/my_tasks.py took 0.086 seconds
[2026-07-22T08:21:19.136+0000] {processor.py:186} INFO - Started process (PID=488) to work on /opt/airflow/dags/my_tasks.py
[2026-07-22T08:21:19.143+0000] {processor.py:914} INFO - Processing file /opt/airflow/dags/my_tasks.py for tasks to queue
[2026-07-22T08:21:19.147+0000] {logging_mixin.py:190} INFO - [2026-07-22T08:21:19.146+0000] {dagbag.py:588} INFO - Filling up the DagBag from /opt/airflow/dags/my_tasks.py
[2026-07-22T08:21:19.155+0000] {processor.py:925} INFO - DAG(s) 'my_dag' retrieved from /opt/airflow/dags/my_tasks.py
[2026-07-22T08:21:19.174+0000] {logging_mixin.py:190} INFO - [2026-07-22T08:21:19.174+0000] {dag.py:3239} INFO - Sync 1 DAGs
[2026-07-22T08:21:19.190+0000] {logging_mixin.py:190} INFO - [2026-07-22T08:21:19.190+0000] {dag.py:4180} INFO - Setting next_dagrun for my_dag to None, run_after=None
[2026-07-22T08:21:19.203+0000] {processor.py:208} INFO - Processing /opt/airflow/dags/my_tasks.py took 0.072 seconds
[2026-07-22T08:21:49.415+0000] {processor.py:186} INFO - Started process (PID=499) to work on /opt/airflow/dags/my_tasks.py
[2026-07-22T08:21:49.423+0000] {processor.py:914} INFO - Processing file /opt/airflow/dags/my_tasks.py for tasks to queue
[2026-07-22T08:21:49.425+0000] {logging_mixin.py:190} INFO - [2026-07-22T08:21:49.425+0000] {dagbag.py:588} INFO - Filling up the DagBag from /opt/airflow/dags/my_tasks.py
[2026-07-22T08:21:49.435+0000] {processor.py:925} INFO - DAG(s) 'my_dag' retrieved from /opt/airflow/dags/my_tasks.py
[2026-07-22T08:21:49.455+0000] {logging_mixin.py:190} INFO - [2026-07-22T08:21:49.454+0000] {dag.py:3239} INFO - Sync 1 DAGs
[2026-07-22T08:21:49.470+0000] {logging_mixin.py:190} INFO - [2026-07-22T08:21:49.470+0000] {dag.py:4180} INFO - Setting next_dagrun for my_dag to None, run_after=None
[2026-07-22T08:21:49.485+0000] {processor.py:208} INFO - Processing /opt/airflow/dags/my_tasks.py took 0.074 seconds
[2026-07-22T08:22:19.692+0000] {processor.py:186} INFO - Started process (PID=510) to work on /opt/airflow/dags/my_tasks.py
[2026-07-22T08:22:19.695+0000] {processor.py:914} INFO - Processing file /opt/airflow/dags/my_tasks.py for tasks to queue
[2026-07-22T08:22:19.696+0000] {logging_mixin.py:190} INFO - [2026-07-22T08:22:19.696+0000] {dagbag.py:588} INFO - Filling up the DagBag from /opt/airflow/dags/my_tasks.py
[2026-07-22T08:22:19.704+0000] {processor.py:925} INFO - DAG(s) 'my_dag' retrieved from /opt/airflow/dags/my_tasks.py
[2026-07-22T08:22:19.722+0000] {logging_mixin.py:190} INFO - [2026-07-22T08:22:19.722+0000] {dag.py:3239} INFO - Sync 1 DAGs
[2026-07-22T08:22:19.738+0000] {logging_mixin.py:190} INFO - [2026-07-22T08:22:19.737+0000] {dag.py:4180} INFO - Setting next_dagrun for my_dag to None, run_after=None
[2026-07-22T08:22:19.752+0000] {processor.py:208} INFO - Processing /opt/airflow/dags/my_tasks.py took 0.064 seconds
[2026-07-22T08:22:49.961+0000] {processor.py:186} INFO - Started process (PID=521) to work on /opt/airflow/dags/my_tasks.py
[2026-07-22T08:22:49.969+0000] {processor.py:914} INFO - Processing file /opt/airflow/dags/my_tasks.py for tasks to queue
[2026-07-22T08:22:49.972+0000] {logging_mixin.py:190} INFO - [2026-07-22T08:22:49.972+0000] {dagbag.py:588} INFO - Filling up the DagBag from /opt/airflow/dags/my_tasks.py
[2026-07-22T08:22:49.980+0000] {processor.py:925} INFO - DAG(s) 'my_dag' retrieved from /opt/airflow/dags/my_tasks.py
[2026-07-22T08:22:49.998+0000] {logging_mixin.py:190} INFO - [2026-07-22T08:22:49.997+0000] {dag.py:3239} INFO - Sync 1 DAGs
[2026-07-22T08:22:50.013+0000] {logging_mixin.py:190} INFO - [2026-07-22T08:22:50.013+0000] {dag.py:4180} INFO - Setting next_dagrun for my_dag to None, run_after=None
[2026-07-22T08:22:50.027+0000] {processor.py:208} INFO - Processing /opt/airflow/dags/my_tasks.py took 0.071 seconds
[2026-07-22T08:23:20.234+0000] {processor.py:186} INFO - Started process (PID=532) to work on /opt/airflow/dags/my_tasks.py
[2026-07-22T08:23:20.234+0000] {processor.py:914} INFO - Processing file /opt/airflow/dags/my_tasks.py for tasks to queue
[2026-07-22T08:23:20.236+0000] {logging_mixin.py:190} INFO - [2026-07-22T08:23:20.236+0000] {dagbag.py:588} INFO - Filling up the DagBag from /opt/airflow/dags/my_tasks.py
[2026-07-22T08:23:20.242+0000] {processor.py:925} INFO - DAG(s) 'my_dag' retrieved from /opt/airflow/dags/my_tasks.py
[2026-07-22T08:23:20.260+0000] {logging_mixin.py:190} INFO - [2026-07-22T08:23:20.260+0000] {dag.py:3239} INFO - Sync 1 DAGs
[2026-07-22T08:23:20.276+0000] {logging_mixin.py:190} INFO - [2026-07-22T08:23:20.276+0000] {dag.py:4180} INFO - Setting next_dagrun for my_dag to None, run_after=None
[2026-07-22T08:23:20.290+0000] {processor.py:208} INFO - Processing /opt/airflow/dags/my_tasks.py took 0.060 seconds
[2026-07-22T08:23:50.503+0000] {processor.py:186} INFO - Started process (PID=543) to work on /opt/airflow/dags/my_tasks.py
[2026-07-22T08:23:50.511+0000] {processor.py:914} INFO - Processing file /opt/airflow/dags/my_tasks.py for tasks to queue
[2026-07-22T08:23:50.513+0000] {logging_mixin.py:190} INFO - [2026-07-22T08:23:50.513+0000] {dagbag.py:588} INFO - Filling up the DagBag from /opt/airflow/dags/my_tasks.py
[2026-07-22T08:23:50.521+0000] {processor.py:925} INFO - DAG(s) 'my_dag' retrieved from /opt/airflow/dags/my_tasks.py
[2026-07-22T08:23:50.538+0000] {logging_mixin.py:190} INFO - [2026-07-22T08:23:50.538+0000] {dag.py:3239} INFO - Sync 1 DAGs
[2026-07-22T08:23:50.555+0000] {logging_mixin.py:190} INFO - [2026-07-22T08:23:50.554+0000] {dag.py:4180} INFO - Setting next_dagrun for my_dag to None, run_after=None
[2026-07-22T08:23:50.569+0000] {processor.py:208} INFO - Processing /opt/airflow/dags/my_tasks.py took 0.069 seconds
[2026-07-22T08:24:20.778+0000] {processor.py:186} INFO - Started process (PID=554) to work on /opt/airflow/dags/my_tasks.py
[2026-07-22T08:24:20.778+0000] {processor.py:914} INFO - Processing file /opt/airflow/dags/my_tasks.py for tasks to queue
[2026-07-22T08:24:20.780+0000] {logging_mixin.py:190} INFO - [2026-07-22T08:24:20.779+0000] {dagbag.py:588} INFO - Filling up the DagBag from /opt/airflow/dags/my_tasks.py
[2026-07-22T08:24:20.787+0000] {processor.py:925} INFO - DAG(s) 'my_dag' retrieved from /opt/airflow/dags/my_tasks.py
[2026-07-22T08:24:20.806+0000] {logging_mixin.py:190} INFO - [2026-07-22T08:24:20.806+0000] {dag.py:3239} INFO - Sync 1 DAGs
[2026-07-22T08:24:20.822+0000] {logging_mixin.py:190} INFO - [2026-07-22T08:24:20.822+0000] {dag.py:4180} INFO - Setting next_dagrun for my_dag to None, run_after=None
[2026-07-22T08:24:20.837+0000] {processor.py:208} INFO - Processing /opt/airflow/dags/my_tasks.py took 0.064 seconds
[2026-07-22T08:24:51.057+0000] {processor.py:186} INFO - Started process (PID=565) to work on /opt/airflow/dags/my_tasks.py
[2026-07-22T08:24:51.064+0000] {processor.py:914} INFO - Processing file /opt/airflow/dags/my_tasks.py for tasks to queue
[2026-07-22T08:24:51.067+0000] {logging_mixin.py:190} INFO - [2026-07-22T08:24:51.066+0000] {dagbag.py:588} INFO - Filling up the DagBag from /opt/airflow/dags/my_tasks.py
[2026-07-22T08:24:51.076+0000] {processor.py:925} INFO - DAG(s) 'my_dag' retrieved from /opt/airflow/dags/my_tasks.py
[2026-07-22T08:24:51.094+0000] {logging_mixin.py:190} INFO - [2026-07-22T08:24:51.093+0000] {dag.py:3239} INFO - Sync 1 DAGs
[2026-07-22T08:24:51.109+0000] {logging_mixin.py:190} INFO - [2026-07-22T08:24:51.109+0000] {dag.py:4180} INFO - Setting next_dagrun for my_dag to None, run_after=None
[2026-07-22T08:24:51.124+0000] {processor.py:208} INFO - Processing /opt/airflow/dags/my_tasks.py took 0.071 seconds
[2026-07-22T08:25:21.322+0000] {processor.py:186} INFO - Started process (PID=576) to work on /opt/airflow/dags/my_tasks.py
[2026-07-22T08:25:21.323+0000] {processor.py:914} INFO - Processing file /opt/airflow/dags/my_tasks.py for tasks to queue
[2026-07-22T08:25:21.325+0000] {logging_mixin.py:190} INFO - [2026-07-22T08:25:21.324+0000] {dagbag.py:588} INFO - Filling up the DagBag from /opt/airflow/dags/my_tasks.py
[2026-07-22T08:25:21.331+0000] {processor.py:925} INFO - DAG(s) 'my_dag' retrieved from /opt/airflow/dags/my_tasks.py
[2026-07-22T08:25:21.350+0000] {logging_mixin.py:190} INFO - [2026-07-22T08:25:21.349+0000] {dag.py:3239} INFO - Sync 1 DAGs
[2026-07-22T08:25:21.366+0000] {logging_mixin.py:190} INFO - [2026-07-22T08:25:21.366+0000] {dag.py:4180} INFO - Setting next_dagrun for my_dag to None, run_after=None
[2026-07-22T08:25:21.380+0000] {processor.py:208} INFO - Processing /opt/airflow/dags/my_tasks.py took 0.062 seconds
[2026-07-22T08:25:51.573+0000] {processor.py:186} INFO - Started process (PID=587) to work on /opt/airflow/dags/my_tasks.py
[2026-07-22T08:25:51.577+0000] {processor.py:914} INFO - Processing file /opt/airflow/dags/my_tasks.py for tasks to queue
[2026-07-22T08:25:51.578+0000] {logging_mixin.py:190} INFO - [2026-07-22T08:25:51.578+0000] {dagbag.py:588} INFO - Filling up the DagBag from /opt/airflow/dags/my_tasks.py
[2026-07-22T08:25:51.585+0000] {processor.py:925} INFO - DAG(s) 'my_dag' retrieved from /opt/airflow/dags/my_tasks.py
[2026-07-22T08:25:51.605+0000] {logging_mixin.py:190} INFO - [2026-07-22T08:25:51.605+0000] {dag.py:3239} INFO - Sync 1 DAGs
[2026-07-22T08:25:51.622+0000] {logging_mixin.py:190} INFO - [2026-07-22T08:25:51.622+0000] {dag.py:4180} INFO - Setting next_dagrun for my_dag to None, run_after=None
[2026-07-22T08:25:51.636+0000] {processor.py:208} INFO - Processing /opt/airflow/dags/my_tasks.py took 0.067 seconds
[2026-07-22T08:26:21.796+0000] {processor.py:186} INFO - Started process (PID=598) to work on /opt/airflow/dags/my_tasks.py
[2026-07-22T08:26:21.796+0000] {processor.py:914} INFO - Processing file /opt/airflow/dags/my_tasks.py for tasks to queue
[2026-07-22T08:26:21.798+0000] {logging_mixin.py:190} INFO - [2026-07-22T08:26:21.797+0000] {dagbag.py:588} INFO - Filling up the DagBag from /opt/airflow/dags/my_tasks.py
[2026-07-22T08:26:21.807+0000] {processor.py:925} INFO - DAG(s) 'my_dag' retrieved from /opt/airflow/dags/my_tasks.py
[2026-07-22T08:26:21.825+0000] {logging_mixin.py:190} INFO - [2026-07-22T08:26:21.825+0000] {dag.py:3239} INFO - Sync 1 DAGs
[2026-07-22T08:26:21.841+0000] {logging_mixin.py:190} INFO - [2026-07-22T08:26:21.840+0000] {dag.py:4180} INFO - Setting next_dagrun for my_dag to None, run_after=None
[2026-07-22T08:26:21.855+0000] {processor.py:208} INFO - Processing /opt/airflow/dags/my_tasks.py took 0.065 seconds
[2026-07-22T08:26:52.059+0000] {processor.py:186} INFO - Started process (PID=609) to work on /opt/airflow/dags/my_tasks.py
[2026-07-22T08:26:52.067+0000] {processor.py:914} INFO - Processing file /opt/airflow/dags/my_tasks.py for tasks to queue
[2026-07-22T08:26:52.070+0000] {logging_mixin.py:190} INFO - [2026-07-22T08:26:52.070+0000] {dagbag.py:588} INFO - Filling up the DagBag from /opt/airflow/dags/my_tasks.py
[2026-07-22T08:26:52.080+0000] {processor.py:925} INFO - DAG(s) 'my_dag' retrieved from /opt/airflow/dags/my_tasks.py
[2026-07-22T08:26:52.097+0000] {logging_mixin.py:190} INFO - [2026-07-22T08:26:52.097+0000] {dag.py:3239} INFO - Sync 1 DAGs
[2026-07-22T08:26:52.113+0000] {logging_mixin.py:190} INFO - [2026-07-22T08:26:52.112+0000] {dag.py:4180} INFO - Setting next_dagrun for my_dag to None, run_after=None
[2026-07-22T08:26:52.126+0000] {processor.py:208} INFO - Processing /opt/airflow/dags/my_tasks.py took 0.071 seconds
[2026-07-22T08:27:22.353+0000] {processor.py:186} INFO - Started process (PID=620) to work on /opt/airflow/dags/my_tasks.py
[2026-07-22T08:27:22.353+0000] {processor.py:914} INFO - Processing file /opt/airflow/dags/my_tasks.py for tasks to queue
[2026-07-22T08:27:22.355+0000] {logging_mixin.py:190} INFO - [2026-07-22T08:27:22.355+0000] {dagbag.py:588} INFO - Filling up the DagBag from /opt/airflow/dags/my_tasks.py
[2026-07-22T08:27:22.363+0000] {processor.py:925} INFO - DAG(s) 'my_dag' retrieved from /opt/airflow/dags/my_tasks.py
[2026-07-22T08:27:22.383+0000] {logging_mixin.py:190} INFO - [2026-07-22T08:27:22.383+0000] {dag.py:3239} INFO - Sync 1 DAGs
[2026-07-22T08:27:22.401+0000] {logging_mixin.py:190} INFO - [2026-07-22T08:27:22.400+0000] {dag.py:4180} INFO - Setting next_dagrun for my_dag to None, run_after=None
[2026-07-22T08:27:22.418+0000] {processor.py:208} INFO - Processing /opt/airflow/dags/my_tasks.py took 0.070 seconds
[2026-07-22T08:27:52.602+0000] {processor.py:186} INFO - Started process (PID=631) to work on /opt/airflow/dags/my_tasks.py
[2026-07-22T08:27:52.603+0000] {processor.py:914} INFO - Processing file /opt/airflow/dags/my_tasks.py for tasks to queue
[2026-07-22T08:27:52.604+0000] {logging_mixin.py:190} INFO - [2026-07-22T08:27:52.604+0000] {dagbag.py:588} INFO - Filling up the DagBag from /opt/airflow/dags/my_tasks.py
[2026-07-22T08:27:52.611+0000] {processor.py:925} INFO - DAG(s) 'my_dag' retrieved from /opt/airflow/dags/my_tasks.py
[2026-07-22T08:27:52.628+0000] {logging_mixin.py:190} INFO - [2026-07-22T08:27:52.628+0000] {dag.py:3239} INFO - Sync 1 DAGs
[2026-07-22T08:27:52.644+0000] {logging_mixin.py:190} INFO - [2026-07-22T08:27:52.644+0000] {dag.py:4180} INFO - Setting next_dagrun for my_dag to None, run_after=None
[2026-07-22T08:27:52.658+0000] {processor.py:208} INFO - Processing /opt/airflow/dags/my_tasks.py took 0.060 seconds
[2026-07-22T08:28:22.875+0000] {processor.py:186} INFO - Started process (PID=642) to work on /opt/airflow/dags/my_tasks.py
[2026-07-22T08:28:22.876+0000] {processor.py:914} INFO - Processing file /opt/airflow/dags/my_tasks.py for tasks to queue
[2026-07-22T08:28:22.878+0000] {logging_mixin.py:190} INFO - [2026-07-22T08:28:22.877+0000] {dagbag.py:588} INFO - Filling up the DagBag from /opt/airflow/dags/my_tasks.py
[2026-07-22T08:28:22.884+0000] {processor.py:925} INFO - DAG(s) 'my_dag' retrieved from /opt/airflow/dags/my_tasks.py
[2026-07-22T08:28:22.904+0000] {logging_mixin.py:190} INFO - [2026-07-22T08:28:22.904+0000] {dag.py:3239} INFO - Sync 1 DAGs
[2026-07-22T08:28:22.920+0000] {logging_mixin.py:190} INFO - [2026-07-22T08:28:22.920+0000] {dag.py:4180} INFO - Setting next_dagrun for my_dag to None, run_after=None
[2026-07-22T08:28:22.934+0000] {processor.py:208} INFO - Processing /opt/airflow/dags/my_tasks.py took 0.063 seconds
[2026-07-22T08:28:53.128+0000] {processor.py:186} INFO - Started process (PID=653) to work on /opt/airflow/dags/my_tasks.py
[2026-07-22T08:28:53.129+0000] {processor.py:914} INFO - Processing file /opt/airflow/dags/my_tasks.py for tasks to queue
[2026-07-22T08:28:53.130+0000] {logging_mixin.py:190} INFO - [2026-07-22T08:28:53.130+0000] {dagbag.py:588} INFO - Filling up the DagBag from /opt/airflow/dags/my_tasks.py
[2026-07-22T08:28:53.137+0000] {processor.py:925} INFO - DAG(s) 'my_dag' retrieved from /opt/airflow/dags/my_tasks.py
[2026-07-22T08:28:53.154+0000] {logging_mixin.py:190} INFO - [2026-07-22T08:28:53.154+0000] {dag.py:3239} INFO - Sync 1 DAGs
[2026-07-22T08:28:53.170+0000] {logging_mixin.py:190} INFO - [2026-07-22T08:28:53.170+0000] {dag.py:4180} INFO - Setting next_dagrun for my_dag to None, run_after=None
[2026-07-22T08:28:53.184+0000] {processor.py:208} INFO - Processing /opt/airflow/dags/my_tasks.py took 0.059 seconds
[2026-07-22T08:29:23.404+0000] {processor.py:186} INFO - Started process (PID=664) to work on /opt/airflow/dags/my_tasks.py
[2026-07-22T08:29:23.408+0000] {processor.py:914} INFO - Processing file /opt/airflow/dags/my_tasks.py for tasks to queue
[2026-07-22T08:29:23.410+0000] {logging_mixin.py:190} INFO - [2026-07-22T08:29:23.409+0000] {dagbag.py:588} INFO - Filling up the DagBag from /opt/airflow/dags/my_tasks.py
[2026-07-22T08:29:23.416+0000] {processor.py:925} INFO - DAG(s) 'my_dag' retrieved from /opt/airflow/dags/my_tasks.py
[2026-07-22T08:29:23.435+0000] {logging_mixin.py:190} INFO - [2026-07-22T08:29:23.434+0000] {dag.py:3239} INFO - Sync 1 DAGs
[2026-07-22T08:29:23.451+0000] {logging_mixin.py:190} INFO - [2026-07-22T08:29:23.451+0000] {dag.py:4180} INFO - Setting next_dagrun for my_dag to None, run_after=None
[2026-07-22T08:29:23.477+0000] {processor.py:208} INFO - Processing /opt/airflow/dags/my_tasks.py took 0.077 seconds
[2026-07-22T08:29:53.660+0000] {processor.py:186} INFO - Started process (PID=675) to work on /opt/airflow/dags/my_tasks.py
[2026-07-22T08:29:53.668+0000] {processor.py:914} INFO - Processing file /opt/airflow/dags/my_tasks.py for tasks to queue
[2026-07-22T08:29:53.671+0000] {logging_mixin.py:190} INFO - [2026-07-22T08:29:53.670+0000] {dagbag.py:588} INFO - Filling up the DagBag from /opt/airflow/dags/my_tasks.py
[2026-07-22T08:29:53.681+0000] {processor.py:925} INFO - DAG(s) 'my_dag' retrieved from /opt/airflow/dags/my_tasks.py
[2026-07-22T08:29:53.699+0000] {logging_mixin.py:190} INFO - [2026-07-22T08:29:53.699+0000] {dag.py:3239} INFO - Sync 1 DAGs
[2026-07-22T08:29:53.715+0000] {logging_mixin.py:190} INFO - [2026-07-22T08:29:53.714+0000] {dag.py:4180} INFO - Setting next_dagrun for my_dag to None, run_after=None
[2026-07-22T08:29:53.728+0000] {processor.py:208} INFO - Processing /opt/airflow/dags/my_tasks.py took 0.073 seconds
[2026-07-22T08:30:23.939+0000] {processor.py:186} INFO - Started process (PID=686) to work on /opt/airflow/dags/my_tasks.py
[2026-07-22T08:30:23.943+0000] {processor.py:914} INFO - Processing file /opt/airflow/dags/my_tasks.py for tasks to queue
[2026-07-22T08:30:23.945+0000] {logging_mixin.py:190} INFO - [2026-07-22T08:30:23.945+0000] {dagbag.py:588} INFO - Filling up the DagBag from /opt/airflow/dags/my_tasks.py
[2026-07-22T08:30:23.952+0000] {processor.py:925} INFO - DAG(s) 'my_dag' retrieved from /opt/airflow/dags/my_tasks.py
[2026-07-22T08:30:23.970+0000] {logging_mixin.py:190} INFO - [2026-07-22T08:30:23.970+0000] {dag.py:3239} INFO - Sync 1 DAGs
[2026-07-22T08:30:23.986+0000] {logging_mixin.py:190} INFO - [2026-07-22T08:30:23.985+0000] {dag.py:4180} INFO - Setting next_dagrun for my_dag to None, run_after=None
[2026-07-22T08:30:24.000+0000] {processor.py:208} INFO - Processing /opt/airflow/dags/my_tasks.py took 0.065 seconds
[2026-07-22T08:30:54.200+0000] {processor.py:186} INFO - Started process (PID=697) to work on /opt/airflow/dags/my_tasks.py
[2026-07-22T08:30:54.208+0000] {processor.py:914} INFO - Processing file /opt/airflow/dags/my_tasks.py for tasks to queue
[2026-07-22T08:30:54.210+0000] {logging_mixin.py:190} INFO - [2026-07-22T08:30:54.210+0000] {dagbag.py:588} INFO - Filling up the DagBag from /opt/airflow/dags/my_tasks.py
[2026-07-22T08:30:54.219+0000] {processor.py:925} INFO - DAG(s) 'my_dag' retrieved from /opt/airflow/dags/my_tasks.py
[2026-07-22T08:30:54.239+0000] {logging_mixin.py:190} INFO - [2026-07-22T08:30:54.239+0000] {dag.py:3239} INFO - Sync 1 DAGs
[2026-07-22T08:30:54.255+0000] {logging_mixin.py:190} INFO - [2026-07-22T08:30:54.255+0000] {dag.py:4180} INFO - Setting next_dagrun for my_dag to None, run_after=None
[2026-07-22T08:30:54.269+0000] {processor.py:208} INFO - Processing /opt/airflow/dags/my_tasks.py took 0.075 seconds
[2026-07-22T08:31:24.453+0000] {processor.py:186} INFO - Started process (PID=708) to work on /opt/airflow/dags/my_tasks.py
[2026-07-22T08:31:24.456+0000] {processor.py:914} INFO - Processing file /opt/airflow/dags/my_tasks.py for tasks to queue
[2026-07-22T08:31:24.457+0000] {logging_mixin.py:190} INFO - [2026-07-22T08:31:24.457+0000] {dagbag.py:588} INFO - Filling up the DagBag from /opt/airflow/dags/my_tasks.py
[2026-07-22T08:31:24.464+0000] {processor.py:925} INFO - DAG(s) 'my_dag' retrieved from /opt/airflow/dags/my_tasks.py
[2026-07-22T08:31:24.482+0000] {logging_mixin.py:190} INFO - [2026-07-22T08:31:24.481+0000] {dag.py:3239} INFO - Sync 1 DAGs
[2026-07-22T08:31:24.498+0000] {logging_mixin.py:190} INFO - [2026-07-22T08:31:24.497+0000] {dag.py:4180} INFO - Setting next_dagrun for my_dag to None, run_after=None
[2026-07-22T08:31:24.511+0000] {processor.py:208} INFO - Processing /opt/airflow/dags/my_tasks.py took 0.062 seconds
[2026-07-22T08:31:54.705+0000] {processor.py:186} INFO - Started process (PID=719) to work on /opt/airflow/dags/my_tasks.py
[2026-07-22T08:31:54.713+0000] {processor.py:914} INFO - Processing file /opt/airflow/dags/my_tasks.py for tasks to queue
[2026-07-22T08:31:54.716+0000] {logging_mixin.py:190} INFO - [2026-07-22T08:31:54.715+0000] {dagbag.py:588} INFO - Filling up the DagBag from /opt/airflow/dags/my_tasks.py
[2026-07-22T08:31:54.726+0000] {processor.py:925} INFO - DAG(s) 'my_dag' retrieved from /opt/airflow/dags/my_tasks.py
[2026-07-22T08:31:54.744+0000] {logging_mixin.py:190} INFO - [2026-07-22T08:31:54.744+0000] {dag.py:3239} INFO - Sync 1 DAGs
[2026-07-22T08:31:54.760+0000] {logging_mixin.py:190} INFO - [2026-07-22T08:31:54.759+0000] {dag.py:4180} INFO - Setting next_dagrun for my_dag to None, run_after=None
[2026-07-22T08:31:54.773+0000] {processor.py:208} INFO - Processing /opt/airflow/dags/my_tasks.py took 0.071 seconds
[2026-07-22T08:32:24.963+0000] {processor.py:186} INFO - Started process (PID=730) to work on /opt/airflow/dags/my_tasks.py
[2026-07-22T08:32:24.964+0000] {processor.py:914} INFO - Processing file /opt/airflow/dags/my_tasks.py for tasks to queue
[2026-07-22T08:32:24.965+0000] {logging_mixin.py:190} INFO - [2026-07-22T08:32:24.965+0000] {dagbag.py:588} INFO - Filling up the DagBag from /opt/airflow/dags/my_tasks.py
[2026-07-22T08:32:24.972+0000] {processor.py:925} INFO - DAG(s) 'my_dag' retrieved from /opt/airflow/dags/my_tasks.py
[2026-07-22T08:32:24.990+0000] {logging_mixin.py:190} INFO - [2026-07-22T08:32:24.990+0000] {dag.py:3239} INFO - Sync 1 DAGs
[2026-07-22T08:32:25.006+0000] {logging_mixin.py:190} INFO - [2026-07-22T08:32:25.006+0000] {dag.py:4180} INFO - Setting next_dagrun for my_dag to None, run_after=None
[2026-07-22T08:32:25.020+0000] {processor.py:208} INFO - Processing /opt/airflow/dags/my_tasks.py took 0.061 seconds
[2026-07-22T08:32:55.231+0000] {processor.py:186} INFO - Started process (PID=741) to work on /opt/airflow/dags/my_tasks.py
[2026-07-22T08:32:55.239+0000] {processor.py:914} INFO - Processing file /opt/airflow/dags/my_tasks.py for tasks to queue
[2026-07-22T08:32:55.241+0000] {logging_mixin.py:190} INFO - [2026-07-22T08:32:55.241+0000] {dagbag.py:588} INFO - Filling up the DagBag from /opt/airflow/dags/my_tasks.py
[2026-07-22T08:32:55.249+0000] {processor.py:925} INFO - DAG(s) 'my_dag' retrieved from /opt/airflow/dags/my_tasks.py
[2026-07-22T08:32:55.266+0000] {logging_mixin.py:190} INFO - [2026-07-22T08:32:55.266+0000] {dag.py:3239} INFO - Sync 1 DAGs
[2026-07-22T08:32:55.282+0000] {logging_mixin.py:190} INFO - [2026-07-22T08:32:55.282+0000] {dag.py:4180} INFO - Setting next_dagrun for my_dag to None, run_after=None
[2026-07-22T08:32:55.297+0000] {processor.py:208} INFO - Processing /opt/airflow/dags/my_tasks.py took 0.070 seconds
[2026-07-22T08:33:25.511+0000] {processor.py:186} INFO - Started process (PID=752) to work on /opt/airflow/dags/my_tasks.py
[2026-07-22T08:33:25.519+0000] {processor.py:914} INFO - Processing file /opt/airflow/dags/my_tasks.py for tasks to queue
[2026-07-22T08:33:25.521+0000] {logging_mixin.py:190} INFO - [2026-07-22T08:33:25.521+0000] {dagbag.py:588} INFO - Filling up the DagBag from /opt/airflow/dags/my_tasks.py
[2026-07-22T08:33:25.529+0000] {processor.py:925} INFO - DAG(s) 'my_dag' retrieved from /opt/airflow/dags/my_tasks.py
[2026-07-22T08:33:25.547+0000] {logging_mixin.py:190} INFO - [2026-07-22T08:33:25.547+0000] {dag.py:3239} INFO - Sync 1 DAGs
[2026-07-22T08:33:25.563+0000] {logging_mixin.py:190} INFO - [2026-07-22T08:33:25.563+0000] {dag.py:4180} INFO - Setting next_dagrun for my_dag to None, run_after=None
[2026-07-22T08:33:25.577+0000] {processor.py:208} INFO - Processing /opt/airflow/dags/my_tasks.py took 0.070 seconds
[2026-07-22T08:33:55.788+0000] {processor.py:186} INFO - Started process (PID=763) to work on /opt/airflow/dags/my_tasks.py
[2026-07-22T08:33:55.796+0000] {processor.py:914} INFO - Processing file /opt/airflow/dags/my_tasks.py for tasks to queue
[2026-07-22T08:33:55.800+0000] {logging_mixin.py:190} INFO - [2026-07-22T08:33:55.799+0000] {dagbag.py:588} INFO - Filling up the DagBag from /opt/airflow/dags/my_tasks.py
[2026-07-22T08:33:55.808+0000] {processor.py:925} INFO - DAG(s) 'my_dag' retrieved from /opt/airflow/dags/my_tasks.py
[2026-07-22T08:33:55.826+0000] {logging_mixin.py:190} INFO - [2026-07-22T08:33:55.825+0000] {dag.py:3239} INFO - Sync 1 DAGs
[2026-07-22T08:33:55.841+0000] {logging_mixin.py:190} INFO - [2026-07-22T08:33:55.841+0000] {dag.py:4180} INFO - Setting next_dagrun for my_dag to None, run_after=None
[2026-07-22T08:33:55.855+0000] {processor.py:208} INFO - Processing /opt/airflow/dags/my_tasks.py took 0.071 seconds
[2026-07-22T08:34:26.065+0000] {processor.py:186} INFO - Started process (PID=774) to work on /opt/airflow/dags/my_tasks.py
[2026-07-22T08:34:26.073+0000] {processor.py:914} INFO - Processing file /opt/airflow/dags/my_tasks.py for tasks to queue
[2026-07-22T08:34:26.076+0000] {logging_mixin.py:190} INFO - [2026-07-22T08:34:26.076+0000] {dagbag.py:588} INFO - Filling up the DagBag from /opt/airflow/dags/my_tasks.py
[2026-07-22T08:34:26.087+0000] {processor.py:925} INFO - DAG(s) 'my_dag' retrieved from /opt/airflow/dags/my_tasks.py
[2026-07-22T08:34:26.104+0000] {logging_mixin.py:190} INFO - [2026-07-22T08:34:26.104+0000] {dag.py:3239} INFO - Sync 1 DAGs
[2026-07-22T08:34:26.120+0000] {logging_mixin.py:190} INFO - [2026-07-22T08:34:26.120+0000] {dag.py:4180} INFO - Setting next_dagrun for my_dag to None, run_after=None
[2026-07-22T08:34:26.133+0000] {processor.py:208} INFO - Processing /opt/airflow/dags/my_tasks.py took 0.072 seconds
[2026-07-22T08:34:56.347+0000] {processor.py:186} INFO - Started process (PID=785) to work on /opt/airflow/dags/my_tasks.py
[2026-07-22T08:34:56.348+0000] {processor.py:914} INFO - Processing file /opt/airflow/dags/my_tasks.py for tasks to queue
[2026-07-22T08:34:56.349+0000] {logging_mixin.py:190} INFO - [2026-07-22T08:34:56.349+0000] {dagbag.py:588} INFO - Filling up the DagBag from /opt/airflow/dags/my_tasks.py
[2026-07-22T08:34:56.356+0000] {processor.py:925} INFO - DAG(s) 'my_dag' retrieved from /opt/airflow/dags/my_tasks.py
[2026-07-22T08:34:56.374+0000] {logging_mixin.py:190} INFO - [2026-07-22T08:34:56.373+0000] {dag.py:3239} INFO - Sync 1 DAGs
[2026-07-22T08:34:56.389+0000] {logging_mixin.py:190} INFO - [2026-07-22T08:34:56.389+0000] {dag.py:4180} INFO - Setting next_dagrun for my_dag to None, run_after=None
[2026-07-22T08:34:56.407+0000] {processor.py:208} INFO - Processing /opt/airflow/dags/my_tasks.py took 0.063 seconds
[2026-07-22T08:35:26.615+0000] {processor.py:186} INFO - Started process (PID=796) to work on /opt/airflow/dags/my_tasks.py
[2026-07-22T08:35:26.615+0000] {processor.py:914} INFO - Processing file /opt/airflow/dags/my_tasks.py for tasks to queue
[2026-07-22T08:35:26.617+0000] {logging_mixin.py:190} INFO - [2026-07-22T08:35:26.616+0000] {dagbag.py:588} INFO - Filling up the DagBag from /opt/airflow/dags/my_tasks.py
[2026-07-22T08:35:26.624+0000] {processor.py:925} INFO - DAG(s) 'my_dag' retrieved from /opt/airflow/dags/my_tasks.py
[2026-07-22T08:35:26.641+0000] {logging_mixin.py:190} INFO - [2026-07-22T08:35:26.641+0000] {dag.py:3239} INFO - Sync 1 DAGs
[2026-07-22T08:35:26.656+0000] {logging_mixin.py:190} INFO - [2026-07-22T08:35:26.656+0000] {dag.py:4180} INFO - Setting next_dagrun for my_dag to None, run_after=None
[2026-07-22T08:35:26.671+0000] {processor.py:208} INFO - Processing /opt/airflow/dags/my_tasks.py took 0.060 seconds
[2026-07-22T08:35:56.870+0000] {processor.py:186} INFO - Started process (PID=807) to work on /opt/airflow/dags/my_tasks.py
[2026-07-22T08:35:56.878+0000] {processor.py:914} INFO - Processing file /opt/airflow/dags/my_tasks.py for tasks to queue
[2026-07-22T08:35:56.880+0000] {logging_mixin.py:190} INFO - [2026-07-22T08:35:56.880+0000] {dagbag.py:588} INFO - Filling up the DagBag from /opt/airflow/dags/my_tasks.py
[2026-07-22T08:35:56.887+0000] {processor.py:925} INFO - DAG(s) 'my_dag' retrieved from /opt/airflow/dags/my_tasks.py
[2026-07-22T08:35:56.906+0000] {logging_mixin.py:190} INFO - [2026-07-22T08:35:56.906+0000] {dag.py:3239} INFO - Sync 1 DAGs
[2026-07-22T08:35:56.922+0000] {logging_mixin.py:190} INFO - [2026-07-22T08:35:56.922+0000] {dag.py:4180} INFO - Setting next_dagrun for my_dag to None, run_after=None
[2026-07-22T08:35:56.936+0000] {processor.py:208} INFO - Processing /opt/airflow/dags/my_tasks.py took 0.070 seconds
[2026-07-22T08:36:27.147+0000] {processor.py:186} INFO - Started process (PID=818) to work on /opt/airflow/dags/my_tasks.py
[2026-07-22T08:36:27.147+0000] {processor.py:914} INFO - Processing file /opt/airflow/dags/my_tasks.py for tasks to queue
[2026-07-22T08:36:27.150+0000] {logging_mixin.py:190} INFO - [2026-07-22T08:36:27.150+0000] {dagbag.py:588} INFO - Filling up the DagBag from /opt/airflow/dags/my_tasks.py
[2026-07-22T08:36:27.158+0000] {processor.py:925} INFO - DAG(s) 'my_dag' retrieved from /opt/airflow/dags/my_tasks.py
[2026-07-22T08:36:27.177+0000] {logging_mixin.py:190} INFO - [2026-07-22T08:36:27.177+0000] {dag.py:3239} INFO - Sync 1 DAGs
[2026-07-22T08:36:27.193+0000] {logging_mixin.py:190} INFO - [2026-07-22T08:36:27.193+0000] {dag.py:4180} INFO - Setting next_dagrun for my_dag to None, run_after=None
[2026-07-22T08:36:27.208+0000] {processor.py:208} INFO - Processing /opt/airflow/dags/my_tasks.py took 0.069 seconds
[2026-07-22T08:36:57.409+0000] {processor.py:186} INFO - Started process (PID=829) to work on /opt/airflow/dags/my_tasks.py
[2026-07-22T08:36:57.417+0000] {processor.py:914} INFO - Processing file /opt/airflow/dags/my_tasks.py for tasks to queue
[2026-07-22T08:36:57.420+0000] {logging_mixin.py:190} INFO - [2026-07-22T08:36:57.419+0000] {dagbag.py:588} INFO - Filling up the DagBag from /opt/airflow/dags/my_tasks.py
[2026-07-22T08:36:57.430+0000] {processor.py:925} INFO - DAG(s) 'my_dag' retrieved from /opt/airflow/dags/my_tasks.py
[2026-07-22T08:36:57.450+0000] {logging_mixin.py:190} INFO - [2026-07-22T08:36:57.450+0000] {dag.py:3239} INFO - Sync 1 DAGs
[2026-07-22T08:36:57.470+0000] {logging_mixin.py:190} INFO - [2026-07-22T08:36:57.469+0000] {dag.py:4180} INFO - Setting next_dagrun for my_dag to None, run_after=None
[2026-07-22T08:36:57.487+0000] {processor.py:208} INFO - Processing /opt/airflow/dags/my_tasks.py took 0.083 seconds
[2026-07-22T08:37:27.668+0000] {processor.py:186} INFO - Started process (PID=840) to work on /opt/airflow/dags/my_tasks.py
[2026-07-22T08:37:27.676+0000] {processor.py:914} INFO - Processing file /opt/airflow/dags/my_tasks.py for tasks to queue
[2026-07-22T08:37:27.678+0000] {logging_mixin.py:190} INFO - [2026-07-22T08:37:27.678+0000] {dagbag.py:588} INFO - Filling up the DagBag from /opt/airflow/dags/my_tasks.py
[2026-07-22T08:37:27.685+0000] {processor.py:925} INFO - DAG(s) 'my_dag' retrieved from /opt/airflow/dags/my_tasks.py
[2026-07-22T08:37:27.705+0000] {logging_mixin.py:190} INFO - [2026-07-22T08:37:27.705+0000] {dag.py:3239} INFO - Sync 1 DAGs
[2026-07-22T08:37:27.724+0000] {logging_mixin.py:190} INFO - [2026-07-22T08:37:27.724+0000] {dag.py:4180} INFO - Setting next_dagrun for my_dag to None, run_after=None
[2026-07-22T08:37:27.746+0000] {processor.py:208} INFO - Processing /opt/airflow/dags/my_tasks.py took 0.082 seconds
[2026-07-22T08:37:57.930+0000] {processor.py:186} INFO - Started process (PID=851) to work on /opt/airflow/dags/my_tasks.py
[2026-07-22T08:37:57.938+0000] {processor.py:914} INFO - Processing file /opt/airflow/dags/my_tasks.py for tasks to queue
[2026-07-22T08:37:57.940+0000] {logging_mixin.py:190} INFO - [2026-07-22T08:37:57.940+0000] {dagbag.py:588} INFO - Filling up the DagBag from /opt/airflow/dags/my_tasks.py
[2026-07-22T08:37:57.948+0000] {processor.py:925} INFO - DAG(s) 'my_dag' retrieved from /opt/airflow/dags/my_tasks.py
[2026-07-22T08:37:57.965+0000] {logging_mixin.py:190} INFO - [2026-07-22T08:37:57.965+0000] {dag.py:3239} INFO - Sync 1 DAGs
[2026-07-22T08:37:57.980+0000] {logging_mixin.py:190} INFO - [2026-07-22T08:37:57.980+0000] {dag.py:4180} INFO - Setting next_dagrun for my_dag to None, run_after=None
[2026-07-22T08:37:57.994+0000] {processor.py:208} INFO - Processing /opt/airflow/dags/my_tasks.py took 0.068 seconds
[2026-07-22T08:38:28.203+0000] {processor.py:186} INFO - Started process (PID=862) to work on /opt/airflow/dags/my_tasks.py
[2026-07-22T08:38:28.213+0000] {processor.py:914} INFO - Processing file /opt/airflow/dags/my_tasks.py for tasks to queue
[2026-07-22T08:38:28.214+0000] {logging_mixin.py:190} INFO - [2026-07-22T08:38:28.214+0000] {dagbag.py:588} INFO - Filling up the DagBag from /opt/airflow/dags/my_tasks.py
[2026-07-22T08:38:28.225+0000] {processor.py:925} INFO - DAG(s) 'my_dag' retrieved from /opt/airflow/dags/my_tasks.py
[2026-07-22T08:38:28.248+0000] {logging_mixin.py:190} INFO - [2026-07-22T08:38:28.247+0000] {dag.py:3239} INFO - Sync 1 DAGs
[2026-07-22T08:38:28.274+0000] {logging_mixin.py:190} INFO - [2026-07-22T08:38:28.274+0000] {dag.py:4180} INFO - Setting next_dagrun for my_dag to None, run_after=None
[2026-07-22T08:38:28.296+0000] {processor.py:208} INFO - Processing /opt/airflow/dags/my_tasks.py took 0.096 seconds
[2026-07-22T08:38:58.490+0000] {processor.py:186} INFO - Started process (PID=873) to work on /opt/airflow/dags/my_tasks.py
[2026-07-22T08:38:58.491+0000] {processor.py:914} INFO - Processing file /opt/airflow/dags/my_tasks.py for tasks to queue
[2026-07-22T08:38:58.492+0000] {logging_mixin.py:190} INFO - [2026-07-22T08:38:58.492+0000] {dagbag.py:588} INFO - Filling up the DagBag from /opt/airflow/dags/my_tasks.py
[2026-07-22T08:38:58.500+0000] {processor.py:925} INFO - DAG(s) 'my_dag' retrieved from /opt/airflow/dags/my_tasks.py
[2026-07-22T08:38:58.519+0000] {logging_mixin.py:190} INFO - [2026-07-22T08:38:58.519+0000] {dag.py:3239} INFO - Sync 1 DAGs
[2026-07-22T08:38:58.535+0000] {logging_mixin.py:190} INFO - [2026-07-22T08:38:58.535+0000] {dag.py:4180} INFO - Setting next_dagrun for my_dag to None, run_after=None
[2026-07-22T08:38:58.549+0000] {processor.py:208} INFO - Processing /opt/airflow/dags/my_tasks.py took 0.063 seconds
[2026-07-22T08:39:28.762+0000] {processor.py:186} INFO - Started process (PID=884) to work on /opt/airflow/dags/my_tasks.py
[2026-07-22T08:39:28.770+0000] {processor.py:914} INFO - Processing file /opt/airflow/dags/my_tasks.py for tasks to queue
[2026-07-22T08:39:28.774+0000] {logging_mixin.py:190} INFO - [2026-07-22T08:39:28.773+0000] {dagbag.py:588} INFO - Filling up the DagBag from /opt/airflow/dags/my_tasks.py
[2026-07-22T08:39:28.783+0000] {processor.py:925} INFO - DAG(s) 'my_dag' retrieved from /opt/airflow/dags/my_tasks.py
[2026-07-22T08:39:28.801+0000] {logging_mixin.py:190} INFO - [2026-07-22T08:39:28.801+0000] {dag.py:3239} INFO - Sync 1 DAGs
[2026-07-22T08:39:28.816+0000] {logging_mixin.py:190} INFO - [2026-07-22T08:39:28.816+0000] {dag.py:4180} INFO - Setting next_dagrun for my_dag to None, run_after=None
[2026-07-22T08:39:28.830+0000] {processor.py:208} INFO - Processing /opt/airflow/dags/my_tasks.py took 0.072 seconds
[2026-07-22T08:39:59.035+0000] {processor.py:186} INFO - Started process (PID=895) to work on /opt/airflow/dags/my_tasks.py
[2026-07-22T08:39:59.036+0000] {processor.py:914} INFO - Processing file /opt/airflow/dags/my_tasks.py for tasks to queue
[2026-07-22T08:39:59.037+0000] {logging_mixin.py:190} INFO - [2026-07-22T08:39:59.037+0000] {dagbag.py:588} INFO - Filling up the DagBag from /opt/airflow/dags/my_tasks.py
[2026-07-22T08:39:59.044+0000] {processor.py:925} INFO - DAG(s) 'my_dag' retrieved from /opt/airflow/dags/my_tasks.py
[2026-07-22T08:39:59.062+0000] {logging_mixin.py:190} INFO - [2026-07-22T08:39:59.062+0000] {dag.py:3239} INFO - Sync 1 DAGs
[2026-07-22T08:39:59.077+0000] {logging_mixin.py:190} INFO - [2026-07-22T08:39:59.077+0000] {dag.py:4180} INFO - Setting next_dagrun for my_dag to None, run_after=None
[2026-07-22T08:39:59.091+0000] {processor.py:208} INFO - Processing /opt/airflow/dags/my_tasks.py took 0.060 seconds
[2026-07-22T08:40:29.314+0000] {processor.py:186} INFO - Started process (PID=906) to work on /opt/airflow/dags/my_tasks.py
[2026-07-22T08:40:29.315+0000] {processor.py:914} INFO - Processing file /opt/airflow/dags/my_tasks.py for tasks to queue
[2026-07-22T08:40:29.316+0000] {logging_mixin.py:190} INFO - [2026-07-22T08:40:29.316+0000] {dagbag.py:588} INFO - Filling up the DagBag from /opt/airflow/dags/my_tasks.py
[2026-07-22T08:40:29.323+0000] {processor.py:925} INFO - DAG(s) 'my_dag' retrieved from /opt/airflow/dags/my_tasks.py
[2026-07-22T08:40:29.341+0000] {logging_mixin.py:190} INFO - [2026-07-22T08:40:29.341+0000] {dag.py:3239} INFO - Sync 1 DAGs
[2026-07-22T08:40:29.358+0000] {logging_mixin.py:190} INFO - [2026-07-22T08:40:29.357+0000] {dag.py:4180} INFO - Setting next_dagrun for my_dag to None, run_after=None
[2026-07-22T08:40:29.372+0000] {processor.py:208} INFO - Processing /opt/airflow/dags/my_tasks.py took 0.063 seconds
[2026-07-22T08:40:59.535+0000] {processor.py:186} INFO - Started process (PID=917) to work on /opt/airflow/dags/my_tasks.py
[2026-07-22T08:40:59.536+0000] {processor.py:914} INFO - Processing file /opt/airflow/dags/my_tasks.py for tasks to queue
[2026-07-22T08:40:59.538+0000] {logging_mixin.py:190} INFO - [2026-07-22T08:40:59.537+0000] {dagbag.py:588} INFO - Filling up the DagBag from /opt/airflow/dags/my_tasks.py
[2026-07-22T08:40:59.549+0000] {processor.py:925} INFO - DAG(s) 'my_dag' retrieved from /opt/airflow/dags/my_tasks.py
[2026-07-22T08:40:59.576+0000] {logging_mixin.py:190} INFO - [2026-07-22T08:40:59.576+0000] {dag.py:3239} INFO - Sync 1 DAGs
[2026-07-22T08:40:59.604+0000] {logging_mixin.py:190} INFO - [2026-07-22T08:40:59.604+0000] {dag.py:4180} INFO - Setting next_dagrun for my_dag to None, run_after=None
[2026-07-22T08:40:59.626+0000] {processor.py:208} INFO - Processing /opt/airflow/dags/my_tasks.py took 0.098 seconds
[2026-07-22T08:41:29.691+0000] {processor.py:186} INFO - Started process (PID=928) to work on /opt/airflow/dags/my_tasks.py
[2026-07-22T08:41:29.704+0000] {processor.py:914} INFO - Processing file /opt/airflow/dags/my_tasks.py for tasks to queue
[2026-07-22T08:41:29.707+0000] {logging_mixin.py:190} INFO - [2026-07-22T08:41:29.707+0000] {dagbag.py:588} INFO - Filling up the DagBag from /opt/airflow/dags/my_tasks.py
[2026-07-22T08:41:29.714+0000] {processor.py:925} INFO - DAG(s) 'my_dag' retrieved from /opt/airflow/dags/my_tasks.py
[2026-07-22T08:41:29.736+0000] {logging_mixin.py:190} INFO - [2026-07-22T08:41:29.735+0000] {dag.py:3239} INFO - Sync 1 DAGs
[2026-07-22T08:41:29.755+0000] {logging_mixin.py:190} INFO - [2026-07-22T08:41:29.754+0000] {dag.py:4180} INFO - Setting next_dagrun for my_dag to None, run_after=None
[2026-07-22T08:41:29.771+0000] {processor.py:208} INFO - Processing /opt/airflow/dags/my_tasks.py took 0.084 seconds
[2026-07-22T08:41:59.926+0000] {processor.py:186} INFO - Started process (PID=939) to work on /opt/airflow/dags/my_tasks.py
[2026-07-22T08:41:59.934+0000] {processor.py:914} INFO - Processing file /opt/airflow/dags/my_tasks.py for tasks to queue
[2026-07-22T08:41:59.935+0000] {logging_mixin.py:190} INFO - [2026-07-22T08:41:59.935+0000] {dagbag.py:588} INFO - Filling up the DagBag from /opt/airflow/dags/my_tasks.py
[2026-07-22T08:41:59.944+0000] {processor.py:925} INFO - DAG(s) 'my_dag' retrieved from /opt/airflow/dags/my_tasks.py
[2026-07-22T08:41:59.970+0000] {logging_mixin.py:190} INFO - [2026-07-22T08:41:59.970+0000] {dag.py:3239} INFO - Sync 1 DAGs
[2026-07-22T08:41:59.989+0000] {logging_mixin.py:190} INFO - [2026-07-22T08:41:59.989+0000] {dag.py:4180} INFO - Setting next_dagrun for my_dag to None, run_after=None
[2026-07-22T08:42:00.005+0000] {processor.py:208} INFO - Processing /opt/airflow/dags/my_tasks.py took 0.084 seconds
[2026-07-22T08:42:30.153+0000] {processor.py:186} INFO - Started process (PID=950) to work on /opt/airflow/dags/my_tasks.py
[2026-07-22T08:42:30.162+0000] {processor.py:914} INFO - Processing file /opt/airflow/dags/my_tasks.py for tasks to queue
[2026-07-22T08:42:30.165+0000] {logging_mixin.py:190} INFO - [2026-07-22T08:42:30.165+0000] {dagbag.py:588} INFO - Filling up the DagBag from /opt/airflow/dags/my_tasks.py
[2026-07-22T08:42:30.176+0000] {processor.py:925} INFO - DAG(s) 'my_dag' retrieved from /opt/airflow/dags/my_tasks.py
[2026-07-22T08:42:30.195+0000] {logging_mixin.py:190} INFO - [2026-07-22T08:42:30.195+0000] {dag.py:3239} INFO - Sync 1 DAGs
[2026-07-22T08:42:30.211+0000] {logging_mixin.py:190} INFO - [2026-07-22T08:42:30.211+0000] {dag.py:4180} INFO - Setting next_dagrun for my_dag to None, run_after=None
[2026-07-22T08:42:30.225+0000] {processor.py:208} INFO - Processing /opt/airflow/dags/my_tasks.py took 0.076 seconds
[2026-07-22T08:43:00.421+0000] {processor.py:186} INFO - Started process (PID=961) to work on /opt/airflow/dags/my_tasks.py
[2026-07-22T08:43:00.430+0000] {processor.py:914} INFO - Processing file /opt/airflow/dags/my_tasks.py for tasks to queue
[2026-07-22T08:43:00.432+0000] {logging_mixin.py:190} INFO - [2026-07-22T08:43:00.432+0000] {dagbag.py:588} INFO - Filling up the DagBag from /opt/airflow/dags/my_tasks.py
[2026-07-22T08:43:00.443+0000] {processor.py:925} INFO - DAG(s) 'my_dag' retrieved from /opt/airflow/dags/my_tasks.py
[2026-07-22T08:43:00.463+0000] {logging_mixin.py:190} INFO - [2026-07-22T08:43:00.463+0000] {dag.py:3239} INFO - Sync 1 DAGs
[2026-07-22T08:43:00.478+0000] {logging_mixin.py:190} INFO - [2026-07-22T08:43:00.478+0000] {dag.py:4180} INFO - Setting next_dagrun for my_dag to None, run_after=None
[2026-07-22T08:43:00.491+0000] {processor.py:208} INFO - Processing /opt/airflow/dags/my_tasks.py took 0.073 seconds
[2026-07-22T08:43:30.670+0000] {processor.py:186} INFO - Started process (PID=972) to work on /opt/airflow/dags/my_tasks.py
[2026-07-22T08:43:30.671+0000] {processor.py:914} INFO - Processing file /opt/airflow/dags/my_tasks.py for tasks to queue
[2026-07-22T08:43:30.672+0000] {logging_mixin.py:190} INFO - [2026-07-22T08:43:30.672+0000] {dagbag.py:588} INFO - Filling up the DagBag from /opt/airflow/dags/my_tasks.py
[2026-07-22T08:43:30.679+0000] {processor.py:925} INFO - DAG(s) 'my_dag' retrieved from /opt/airflow/dags/my_tasks.py
[2026-07-22T08:43:30.696+0000] {logging_mixin.py:190} INFO - [2026-07-22T08:43:30.695+0000] {dag.py:3239} INFO - Sync 1 DAGs
[2026-07-22T08:43:30.710+0000] {logging_mixin.py:190} INFO - [2026-07-22T08:43:30.710+0000] {dag.py:4180} INFO - Setting next_dagrun for my_dag to None, run_after=None
[2026-07-22T08:43:30.725+0000] {processor.py:208} INFO - Processing /opt/airflow/dags/my_tasks.py took 0.059 seconds
[2026-07-22T08:44:00.930+0000] {processor.py:186} INFO - Started process (PID=983) to work on /opt/airflow/dags/my_tasks.py
[2026-07-22T08:44:00.938+0000] {processor.py:914} INFO - Processing file /opt/airflow/dags/my_tasks.py for tasks to queue
[2026-07-22T08:44:00.941+0000] {logging_mixin.py:190} INFO - [2026-07-22T08:44:00.941+0000] {dagbag.py:588} INFO - Filling up the DagBag from /opt/airflow/dags/my_tasks.py
[2026-07-22T08:44:00.949+0000] {processor.py:925} INFO - DAG(s) 'my_dag' retrieved from /opt/airflow/dags/my_tasks.py
[2026-07-22T08:44:00.966+0000] {logging_mixin.py:190} INFO - [2026-07-22T08:44:00.966+0000] {dag.py:3239} INFO - Sync 1 DAGs
[2026-07-22T08:44:00.983+0000] {logging_mixin.py:190} INFO - [2026-07-22T08:44:00.983+0000] {dag.py:4180} INFO - Setting next_dagrun for my_dag to None, run_after=None
[2026-07-22T08:44:00.999+0000] {processor.py:208} INFO - Processing /opt/airflow/dags/my_tasks.py took 0.073 seconds
[2026-07-22T08:44:31.192+0000] {processor.py:186} INFO - Started process (PID=994) to work on /opt/airflow/dags/my_tasks.py
[2026-07-22T08:44:31.200+0000] {processor.py:914} INFO - Processing file /opt/airflow/dags/my_tasks.py for tasks to queue
[2026-07-22T08:44:31.202+0000] {logging_mixin.py:190} INFO - [2026-07-22T08:44:31.201+0000] {dagbag.py:588} INFO - Filling up the DagBag from /opt/airflow/dags/my_tasks.py
[2026-07-22T08:44:31.212+0000] {processor.py:925} INFO - DAG(s) 'my_dag' retrieved from /opt/airflow/dags/my_tasks.py
[2026-07-22T08:44:31.229+0000] {logging_mixin.py:190} INFO - [2026-07-22T08:44:31.229+0000] {dag.py:3239} INFO - Sync 1 DAGs
[2026-07-22T08:44:31.245+0000] {logging_mixin.py:190} INFO - [2026-07-22T08:44:31.245+0000] {dag.py:4180} INFO - Setting next_dagrun for my_dag to None, run_after=None
[2026-07-22T08:44:31.258+0000] {processor.py:208} INFO - Processing /opt/airflow/dags/my_tasks.py took 0.071 seconds
[2026-07-22T08:45:01.428+0000] {processor.py:186} INFO - Started process (PID=1005) to work on /opt/airflow/dags/my_tasks.py
[2026-07-22T08:45:01.439+0000] {processor.py:914} INFO - Processing file /opt/airflow/dags/my_tasks.py for tasks to queue
[2026-07-22T08:45:01.441+0000] {logging_mixin.py:190} INFO - [2026-07-22T08:45:01.441+0000] {dagbag.py:588} INFO - Filling up the DagBag from /opt/airflow/dags/my_tasks.py
[2026-07-22T08:45:01.449+0000] {processor.py:925} INFO - DAG(s) 'my_dag' retrieved from /opt/airflow/dags/my_tasks.py
[2026-07-22T08:45:01.472+0000] {logging_mixin.py:190} INFO - [2026-07-22T08:45:01.472+0000] {dag.py:3239} INFO - Sync 1 DAGs
[2026-07-22T08:45:01.491+0000] {logging_mixin.py:190} INFO - [2026-07-22T08:45:01.491+0000] {dag.py:4180} INFO - Setting next_dagrun for my_dag to None, run_after=None
[2026-07-22T08:45:01.506+0000] {processor.py:208} INFO - Processing /opt/airflow/dags/my_tasks.py took 0.082 seconds
[2026-07-22T08:45:31.712+0000] {processor.py:186} INFO - Started process (PID=1016) to work on /opt/airflow/dags/my_tasks.py
[2026-07-22T08:45:31.716+0000] {processor.py:914} INFO - Processing file /opt/airflow/dags/my_tasks.py for tasks to queue
[2026-07-22T08:45:31.717+0000] {logging_mixin.py:190} INFO - [2026-07-22T08:45:31.717+0000] {dagbag.py:588} INFO - Filling up the DagBag from /opt/airflow/dags/my_tasks.py
[2026-07-22T08:45:31.723+0000] {processor.py:925} INFO - DAG(s) 'my_dag' retrieved from /opt/airflow/dags/my_tasks.py
[2026-07-22T08:45:31.741+0000] {logging_mixin.py:190} INFO - [2026-07-22T08:45:31.741+0000] {dag.py:3239} INFO - Sync 1 DAGs
[2026-07-22T08:45:31.757+0000] {logging_mixin.py:190} INFO - [2026-07-22T08:45:31.757+0000] {dag.py:4180} INFO - Setting next_dagrun for my_dag to None, run_after=None
[2026-07-22T08:45:31.771+0000] {processor.py:208} INFO - Processing /opt/airflow/dags/my_tasks.py took 0.064 seconds
[2026-07-22T08:46:01.967+0000] {processor.py:186} INFO - Started process (PID=1027) to work on /opt/airflow/dags/my_tasks.py
[2026-07-22T08:46:01.975+0000] {processor.py:914} INFO - Processing file /opt/airflow/dags/my_tasks.py for tasks to queue
[2026-07-22T08:46:01.977+0000] {logging_mixin.py:190} INFO - [2026-07-22T08:46:01.976+0000] {dagbag.py:588} INFO - Filling up the DagBag from /opt/airflow/dags/my_tasks.py
[2026-07-22T08:46:01.986+0000] {processor.py:925} INFO - DAG(s) 'my_dag' retrieved from /opt/airflow/dags/my_tasks.py
[2026-07-22T08:46:02.006+0000] {logging_mixin.py:190} INFO - [2026-07-22T08:46:02.006+0000] {dag.py:3239} INFO - Sync 1 DAGs
[2026-07-22T08:46:02.022+0000] {logging_mixin.py:190} INFO - [2026-07-22T08:46:02.022+0000] {dag.py:4180} INFO - Setting next_dagrun for my_dag to None, run_after=None
[2026-07-22T08:46:02.037+0000] {processor.py:208} INFO - Processing /opt/airflow/dags/my_tasks.py took 0.074 seconds
[2026-07-22T08:46:32.221+0000] {processor.py:186} INFO - Started process (PID=1038) to work on /opt/airflow/dags/my_tasks.py
[2026-07-22T08:46:32.229+0000] {processor.py:914} INFO - Processing file /opt/airflow/dags/my_tasks.py for tasks to queue
[2026-07-22T08:46:32.231+0000] {logging_mixin.py:190} INFO - [2026-07-22T08:46:32.230+0000] {dagbag.py:588} INFO - Filling up the DagBag from /opt/airflow/dags/my_tasks.py
[2026-07-22T08:46:32.239+0000] {processor.py:925} INFO - DAG(s) 'my_dag' retrieved from /opt/airflow/dags/my_tasks.py
[2026-07-22T08:46:32.256+0000] {logging_mixin.py:190} INFO - [2026-07-22T08:46:32.256+0000] {dag.py:3239} INFO - Sync 1 DAGs
[2026-07-22T08:46:32.271+0000] {logging_mixin.py:190} INFO - [2026-07-22T08:46:32.271+0000] {dag.py:4180} INFO - Setting next_dagrun for my_dag to None, run_after=None
[2026-07-22T08:46:32.285+0000] {processor.py:208} INFO - Processing /opt/airflow/dags/my_tasks.py took 0.069 seconds
[2026-07-22T08:47:02.428+0000] {processor.py:186} INFO - Started process (PID=1049) to work on /opt/airflow/dags/my_tasks.py
[2026-07-22T08:47:02.436+0000] {processor.py:914} INFO - Processing file /opt/airflow/dags/my_tasks.py for tasks to queue
[2026-07-22T08:47:02.438+0000] {logging_mixin.py:190} INFO - [2026-07-22T08:47:02.438+0000] {dagbag.py:588} INFO - Filling up the DagBag from /opt/airflow/dags/my_tasks.py
[2026-07-22T08:47:02.448+0000] {processor.py:925} INFO - DAG(s) 'my_dag' retrieved from /opt/airflow/dags/my_tasks.py
[2026-07-22T08:47:02.468+0000] {logging_mixin.py:190} INFO - [2026-07-22T08:47:02.468+0000] {dag.py:3239} INFO - Sync 1 DAGs
[2026-07-22T08:47:02.483+0000] {logging_mixin.py:190} INFO - [2026-07-22T08:47:02.483+0000] {dag.py:4180} INFO - Setting next_dagrun for my_dag to None, run_after=None
[2026-07-22T08:47:02.497+0000] {processor.py:208} INFO - Processing /opt/airflow/dags/my_tasks.py took 0.073 seconds
[2026-07-22T08:47:32.668+0000] {processor.py:186} INFO - Started process (PID=1060) to work on /opt/airflow/dags/my_tasks.py
[2026-07-22T08:47:32.668+0000] {processor.py:914} INFO - Processing file /opt/airflow/dags/my_tasks.py for tasks to queue
[2026-07-22T08:47:32.670+0000] {logging_mixin.py:190} INFO - [2026-07-22T08:47:32.670+0000] {dagbag.py:588} INFO - Filling up the DagBag from /opt/airflow/dags/my_tasks.py
[2026-07-22T08:47:32.676+0000] {processor.py:925} INFO - DAG(s) 'my_dag' retrieved from /opt/airflow/dags/my_tasks.py
[2026-07-22T08:47:32.694+0000] {logging_mixin.py:190} INFO - [2026-07-22T08:47:32.693+0000] {dag.py:3239} INFO - Sync 1 DAGs
[2026-07-22T08:47:32.708+0000] {logging_mixin.py:190} INFO - [2026-07-22T08:47:32.708+0000] {dag.py:4180} INFO - Setting next_dagrun for my_dag to None, run_after=None
[2026-07-22T08:47:32.722+0000] {processor.py:208} INFO - Processing /opt/airflow/dags/my_tasks.py took 0.058 seconds
[2026-07-22T08:48:02.941+0000] {processor.py:186} INFO - Started process (PID=1071) to work on /opt/airflow/dags/my_tasks.py
[2026-07-22T08:48:02.949+0000] {processor.py:914} INFO - Processing file /opt/airflow/dags/my_tasks.py for tasks to queue
[2026-07-22T08:48:02.952+0000] {logging_mixin.py:190} INFO - [2026-07-22T08:48:02.951+0000] {dagbag.py:588} INFO - Filling up the DagBag from /opt/airflow/dags/my_tasks.py
[2026-07-22T08:48:02.960+0000] {processor.py:925} INFO - DAG(s) 'my_dag' retrieved from /opt/airflow/dags/my_tasks.py
[2026-07-22T08:48:02.977+0000] {logging_mixin.py:190} INFO - [2026-07-22T08:48:02.977+0000] {dag.py:3239} INFO - Sync 1 DAGs
[2026-07-22T08:48:02.993+0000] {logging_mixin.py:190} INFO - [2026-07-22T08:48:02.993+0000] {dag.py:4180} INFO - Setting next_dagrun for my_dag to None, run_after=None
[2026-07-22T08:48:03.007+0000] {processor.py:208} INFO - Processing /opt/airflow/dags/my_tasks.py took 0.070 seconds
[2026-07-22T08:48:33.223+0000] {processor.py:186} INFO - Started process (PID=1082) to work on /opt/airflow/dags/my_tasks.py
[2026-07-22T08:48:33.223+0000] {processor.py:914} INFO - Processing file /opt/airflow/dags/my_tasks.py for tasks to queue
[2026-07-22T08:48:33.225+0000] {logging_mixin.py:190} INFO - [2026-07-22T08:48:33.225+0000] {dagbag.py:588} INFO - Filling up the DagBag from /opt/airflow/dags/my_tasks.py
[2026-07-22T08:48:33.232+0000] {processor.py:925} INFO - DAG(s) 'my_dag' retrieved from /opt/airflow/dags/my_tasks.py
[2026-07-22T08:48:33.251+0000] {logging_mixin.py:190} INFO - [2026-07-22T08:48:33.251+0000] {dag.py:3239} INFO - Sync 1 DAGs
[2026-07-22T08:48:33.267+0000] {logging_mixin.py:190} INFO - [2026-07-22T08:48:33.267+0000] {dag.py:4180} INFO - Setting next_dagrun for my_dag to None, run_after=None
[2026-07-22T08:48:33.281+0000] {processor.py:208} INFO - Processing /opt/airflow/dags/my_tasks.py took 0.062 seconds
[2026-07-22T08:49:03.475+0000] {processor.py:186} INFO - Started process (PID=1093) to work on /opt/airflow/dags/my_tasks.py
[2026-07-22T08:49:03.476+0000] {processor.py:914} INFO - Processing file /opt/airflow/dags/my_tasks.py for tasks to queue
[2026-07-22T08:49:03.478+0000] {logging_mixin.py:190} INFO - [2026-07-22T08:49:03.478+0000] {dagbag.py:588} INFO - Filling up the DagBag from /opt/airflow/dags/my_tasks.py
[2026-07-22T08:49:03.485+0000] {processor.py:925} INFO - DAG(s) 'my_dag' retrieved from /opt/airflow/dags/my_tasks.py
[2026-07-22T08:49:03.507+0000] {logging_mixin.py:190} INFO - [2026-07-22T08:49:03.506+0000] {dag.py:3239} INFO - Sync 1 DAGs
[2026-07-22T08:49:03.529+0000] {logging_mixin.py:190} INFO - [2026-07-22T08:49:03.529+0000] {dag.py:4180} INFO - Setting next_dagrun for my_dag to None, run_after=None
[2026-07-22T08:49:03.546+0000] {processor.py:208} INFO - Processing /opt/airflow/dags/my_tasks.py took 0.077 seconds
[2026-07-22T08:49:33.742+0000] {processor.py:186} INFO - Started process (PID=1104) to work on /opt/airflow/dags/my_tasks.py
[2026-07-22T08:49:33.742+0000] {processor.py:914} INFO - Processing file /opt/airflow/dags/my_tasks.py for tasks to queue
[2026-07-22T08:49:33.744+0000] {logging_mixin.py:190} INFO - [2026-07-22T08:49:33.743+0000] {dagbag.py:588} INFO - Filling up the DagBag from /opt/airflow/dags/my_tasks.py
[2026-07-22T08:49:33.750+0000] {processor.py:925} INFO - DAG(s) 'my_dag' retrieved from /opt/airflow/dags/my_tasks.py
[2026-07-22T08:49:33.768+0000] {logging_mixin.py:190} INFO - [2026-07-22T08:49:33.768+0000] {dag.py:3239} INFO - Sync 1 DAGs
[2026-07-22T08:49:33.783+0000] {logging_mixin.py:190} INFO - [2026-07-22T08:49:33.783+0000] {dag.py:4180} INFO - Setting next_dagrun for my_dag to None, run_after=None
[2026-07-22T08:49:33.798+0000] {processor.py:208} INFO - Processing /opt/airflow/dags/my_tasks.py took 0.060 seconds
[2026-07-22T08:50:03.998+0000] {processor.py:186} INFO - Started process (PID=1115) to work on /opt/airflow/dags/my_tasks.py
[2026-07-22T08:50:04.006+0000] {processor.py:914} INFO - Processing file /opt/airflow/dags/my_tasks.py for tasks to queue
[2026-07-22T08:50:04.008+0000] {logging_mixin.py:190} INFO - [2026-07-22T08:50:04.007+0000] {dagbag.py:588} INFO - Filling up the DagBag from /opt/airflow/dags/my_tasks.py
[2026-07-22T08:50:04.017+0000] {processor.py:925} INFO - DAG(s) 'my_dag' retrieved from /opt/airflow/dags/my_tasks.py
[2026-07-22T08:50:04.037+0000] {logging_mixin.py:190} INFO - [2026-07-22T08:50:04.037+0000] {dag.py:3239} INFO - Sync 1 DAGs
[2026-07-22T08:50:04.056+0000] {logging_mixin.py:190} INFO - [2026-07-22T08:50:04.056+0000] {dag.py:4180} INFO - Setting next_dagrun for my_dag to None, run_after=None
[2026-07-22T08:50:04.072+0000] {processor.py:208} INFO - Processing /opt/airflow/dags/my_tasks.py took 0.079 seconds
[2026-07-22T08:50:34.275+0000] {processor.py:186} INFO - Started process (PID=1126) to work on /opt/airflow/dags/my_tasks.py
[2026-07-22T08:50:34.276+0000] {processor.py:914} INFO - Processing file /opt/airflow/dags/my_tasks.py for tasks to queue
[2026-07-22T08:50:34.277+0000] {logging_mixin.py:190} INFO - [2026-07-22T08:50:34.277+0000] {dagbag.py:588} INFO - Filling up the DagBag from /opt/airflow/dags/my_tasks.py
[2026-07-22T08:50:34.284+0000] {processor.py:925} INFO - DAG(s) 'my_dag' retrieved from /opt/airflow/dags/my_tasks.py
[2026-07-22T08:50:34.301+0000] {logging_mixin.py:190} INFO - [2026-07-22T08:50:34.301+0000] {dag.py:3239} INFO - Sync 1 DAGs
[2026-07-22T08:50:34.317+0000] {logging_mixin.py:190} INFO - [2026-07-22T08:50:34.316+0000] {dag.py:4180} INFO - Setting next_dagrun for my_dag to None, run_after=None
[2026-07-22T08:50:34.331+0000] {processor.py:208} INFO - Processing /opt/airflow/dags/my_tasks.py took 0.060 seconds
[2026-07-22T08:51:04.527+0000] {processor.py:186} INFO - Started process (PID=1137) to work on /opt/airflow/dags/my_tasks.py
[2026-07-22T08:51:04.528+0000] {processor.py:914} INFO - Processing file /opt/airflow/dags/my_tasks.py for tasks to queue
[2026-07-22T08:51:04.529+0000] {logging_mixin.py:190} INFO - [2026-07-22T08:51:04.529+0000] {dagbag.py:588} INFO - Filling up the DagBag from /opt/airflow/dags/my_tasks.py
[2026-07-22T08:51:04.536+0000] {processor.py:925} INFO - DAG(s) 'my_dag' retrieved from /opt/airflow/dags/my_tasks.py
[2026-07-22T08:51:04.553+0000] {logging_mixin.py:190} INFO - [2026-07-22T08:51:04.553+0000] {dag.py:3239} INFO - Sync 1 DAGs
[2026-07-22T08:51:04.571+0000] {logging_mixin.py:190} INFO - [2026-07-22T08:51:04.570+0000] {dag.py:4180} INFO - Setting next_dagrun for my_dag to None, run_after=None
[2026-07-22T08:51:04.586+0000] {processor.py:208} INFO - Processing /opt/airflow/dags/my_tasks.py took 0.063 seconds
[2026-07-22T08:51:34.792+0000] {processor.py:186} INFO - Started process (PID=1148) to work on /opt/airflow/dags/my_tasks.py
[2026-07-22T08:51:34.795+0000] {processor.py:914} INFO - Processing file /opt/airflow/dags/my_tasks.py for tasks to queue
[2026-07-22T08:51:34.796+0000] {logging_mixin.py:190} INFO - [2026-07-22T08:51:34.796+0000] {dagbag.py:588} INFO - Filling up the DagBag from /opt/airflow/dags/my_tasks.py
[2026-07-22T08:51:34.803+0000] {processor.py:925} INFO - DAG(s) 'my_dag' retrieved from /opt/airflow/dags/my_tasks.py
[2026-07-22T08:51:34.822+0000] {logging_mixin.py:190} INFO - [2026-07-22T08:51:34.821+0000] {dag.py:3239} INFO - Sync 1 DAGs
[2026-07-22T08:51:34.838+0000] {logging_mixin.py:190} INFO - [2026-07-22T08:51:34.838+0000] {dag.py:4180} INFO - Setting next_dagrun for my_dag to None, run_after=None
[2026-07-22T08:51:34.851+0000] {processor.py:208} INFO - Processing /opt/airflow/dags/my_tasks.py took 0.064 seconds
[2026-07-22T08:52:05.087+0000] {processor.py:186} INFO - Started process (PID=1159) to work on /opt/airflow/dags/my_tasks.py
[2026-07-22T08:52:05.095+0000] {processor.py:914} INFO - Processing file /opt/airflow/dags/my_tasks.py for tasks to queue
[2026-07-22T08:52:05.097+0000] {logging_mixin.py:190} INFO - [2026-07-22T08:52:05.096+0000] {dagbag.py:588} INFO - Filling up the DagBag from /opt/airflow/dags/my_tasks.py
[2026-07-22T08:52:05.104+0000] {processor.py:925} INFO - DAG(s) 'my_dag' retrieved from /opt/airflow/dags/my_tasks.py
[2026-07-22T08:52:05.124+0000] {logging_mixin.py:190} INFO - [2026-07-22T08:52:05.124+0000] {dag.py:3239} INFO - Sync 1 DAGs
[2026-07-22T08:52:05.140+0000] {logging_mixin.py:190} INFO - [2026-07-22T08:52:05.140+0000] {dag.py:4180} INFO - Setting next_dagrun for my_dag to None, run_after=None
[2026-07-22T08:52:05.154+0000] {processor.py:208} INFO - Processing /opt/airflow/dags/my_tasks.py took 0.071 seconds
[2026-07-22T08:52:35.369+0000] {processor.py:186} INFO - Started process (PID=1170) to work on /opt/airflow/dags/my_tasks.py
[2026-07-22T08:52:35.373+0000] {processor.py:914} INFO - Processing file /opt/airflow/dags/my_tasks.py for tasks to queue
[2026-07-22T08:52:35.375+0000] {logging_mixin.py:190} INFO - [2026-07-22T08:52:35.375+0000] {dagbag.py:588} INFO - Filling up the DagBag from /opt/airflow/dags/my_tasks.py
[2026-07-22T08:52:35.382+0000] {processor.py:925} INFO - DAG(s) 'my_dag' retrieved from /opt/airflow/dags/my_tasks.py
[2026-07-22T08:52:35.402+0000] {logging_mixin.py:190} INFO - [2026-07-22T08:52:35.402+0000] {dag.py:3239} INFO - Sync 1 DAGs
[2026-07-22T08:52:35.418+0000] {logging_mixin.py:190} INFO - [2026-07-22T08:52:35.418+0000] {dag.py:4180} INFO - Setting next_dagrun for my_dag to None, run_after=None
[2026-07-22T08:52:35.435+0000] {processor.py:208} INFO - Processing /opt/airflow/dags/my_tasks.py took 0.071 seconds
[2026-07-22T08:53:05.611+0000] {processor.py:186} INFO - Started process (PID=1181) to work on /opt/airflow/dags/my_tasks.py
[2026-07-22T08:53:05.619+0000] {processor.py:914} INFO - Processing file /opt/airflow/dags/my_tasks.py for tasks to queue
[2026-07-22T08:53:05.622+0000] {logging_mixin.py:190} INFO - [2026-07-22T08:53:05.622+0000] {dagbag.py:588} INFO - Filling up the DagBag from /opt/airflow/dags/my_tasks.py
[2026-07-22T08:53:05.631+0000] {processor.py:925} INFO - DAG(s) 'my_dag' retrieved from /opt/airflow/dags/my_tasks.py
[2026-07-22T08:53:05.650+0000] {logging_mixin.py:190} INFO - [2026-07-22T08:53:05.650+0000] {dag.py:3239} INFO - Sync 1 DAGs
[2026-07-22T08:53:05.668+0000] {logging_mixin.py:190} INFO - [2026-07-22T08:53:05.668+0000] {dag.py:4180} INFO - Setting next_dagrun for my_dag to None, run_after=None
[2026-07-22T08:53:05.683+0000] {processor.py:208} INFO - Processing /opt/airflow/dags/my_tasks.py took 0.076 seconds
[2026-07-22T08:53:35.880+0000] {processor.py:186} INFO - Started process (PID=1192) to work on /opt/airflow/dags/my_tasks.py
[2026-07-22T08:53:35.888+0000] {processor.py:914} INFO - Processing file /opt/airflow/dags/my_tasks.py for tasks to queue
[2026-07-22T08:53:35.891+0000] {logging_mixin.py:190} INFO - [2026-07-22T08:53:35.890+0000] {dagbag.py:588} INFO - Filling up the DagBag from /opt/airflow/dags/my_tasks.py
[2026-07-22T08:53:35.902+0000] {processor.py:925} INFO - DAG(s) 'my_dag' retrieved from /opt/airflow/dags/my_tasks.py
[2026-07-22T08:53:35.920+0000] {logging_mixin.py:190} INFO - [2026-07-22T08:53:35.919+0000] {dag.py:3239} INFO - Sync 1 DAGs
[2026-07-22T08:53:35.937+0000] {logging_mixin.py:190} INFO - [2026-07-22T08:53:35.937+0000] {dag.py:4180} INFO - Setting next_dagrun for my_dag to None, run_after=None
[2026-07-22T08:53:35.952+0000] {processor.py:208} INFO - Processing /opt/airflow/dags/my_tasks.py took 0.076 seconds
[2026-07-22T08:54:06.158+0000] {processor.py:186} INFO - Started process (PID=1203) to work on /opt/airflow/dags/my_tasks.py
[2026-07-22T08:54:06.166+0000] {processor.py:914} INFO - Processing file /opt/airflow/dags/my_tasks.py for tasks to queue
[2026-07-22T08:54:06.167+0000] {logging_mixin.py:190} INFO - [2026-07-22T08:54:06.167+0000] {dagbag.py:588} INFO - Filling up the DagBag from /opt/airflow/dags/my_tasks.py
[2026-07-22T08:54:06.175+0000] {processor.py:925} INFO - DAG(s) 'my_dag' retrieved from /opt/airflow/dags/my_tasks.py
[2026-07-22T08:54:06.192+0000] {logging_mixin.py:190} INFO - [2026-07-22T08:54:06.192+0000] {dag.py:3239} INFO - Sync 1 DAGs
[2026-07-22T08:54:06.209+0000] {logging_mixin.py:190} INFO - [2026-07-22T08:54:06.209+0000] {dag.py:4180} INFO - Setting next_dagrun for my_dag to None, run_after=None
[2026-07-22T08:54:06.225+0000] {processor.py:208} INFO - Processing /opt/airflow/dags/my_tasks.py took 0.071 seconds
[2026-07-22T08:54:36.429+0000] {processor.py:186} INFO - Started process (PID=1214) to work on /opt/airflow/dags/my_tasks.py
[2026-07-22T08:54:36.429+0000] {processor.py:914} INFO - Processing file /opt/airflow/dags/my_tasks.py for tasks to queue
[2026-07-22T08:54:36.431+0000] {logging_mixin.py:190} INFO - [2026-07-22T08:54:36.431+0000] {dagbag.py:588} INFO - Filling up the DagBag from /opt/airflow/dags/my_tasks.py
[2026-07-22T08:54:36.438+0000] {processor.py:925} INFO - DAG(s) 'my_dag' retrieved from /opt/airflow/dags/my_tasks.py
[2026-07-22T08:54:36.456+0000] {logging_mixin.py:190} INFO - [2026-07-22T08:54:36.455+0000] {dag.py:3239} INFO - Sync 1 DAGs
[2026-07-22T08:54:36.472+0000] {logging_mixin.py:190} INFO - [2026-07-22T08:54:36.471+0000] {dag.py:4180} INFO - Setting next_dagrun for my_dag to None, run_after=None
[2026-07-22T08:54:36.486+0000] {processor.py:208} INFO - Processing /opt/airflow/dags/my_tasks.py took 0.062 seconds
[2026-07-22T08:55:06.686+0000] {processor.py:186} INFO - Started process (PID=1225) to work on /opt/airflow/dags/my_tasks.py
[2026-07-22T08:55:06.694+0000] {processor.py:914} INFO - Processing file /opt/airflow/dags/my_tasks.py for tasks to queue
[2026-07-22T08:55:06.696+0000] {logging_mixin.py:190} INFO - [2026-07-22T08:55:06.696+0000] {dagbag.py:588} INFO - Filling up the DagBag from /opt/airflow/dags/my_tasks.py
[2026-07-22T08:55:06.705+0000] {processor.py:925} INFO - DAG(s) 'my_dag' retrieved from /opt/airflow/dags/my_tasks.py
[2026-07-22T08:55:06.724+0000] {logging_mixin.py:190} INFO - [2026-07-22T08:55:06.724+0000] {dag.py:3239} INFO - Sync 1 DAGs
[2026-07-22T08:55:06.742+0000] {logging_mixin.py:190} INFO - [2026-07-22T08:55:06.741+0000] {dag.py:4180} INFO - Setting next_dagrun for my_dag to None, run_after=None
[2026-07-22T08:55:06.760+0000] {processor.py:208} INFO - Processing /opt/airflow/dags/my_tasks.py took 0.078 seconds
[2026-07-22T08:55:36.968+0000] {processor.py:186} INFO - Started process (PID=1236) to work on /opt/airflow/dags/my_tasks.py
[2026-07-22T08:55:36.976+0000] {processor.py:914} INFO - Processing file /opt/airflow/dags/my_tasks.py for tasks to queue
[2026-07-22T08:55:36.978+0000] {logging_mixin.py:190} INFO - [2026-07-22T08:55:36.978+0000] {dagbag.py:588} INFO - Filling up the DagBag from /opt/airflow/dags/my_tasks.py
[2026-07-22T08:55:36.987+0000] {processor.py:925} INFO - DAG(s) 'my_dag' retrieved from /opt/airflow/dags/my_tasks.py
[2026-07-22T08:55:37.006+0000] {logging_mixin.py:190} INFO - [2026-07-22T08:55:37.006+0000] {dag.py:3239} INFO - Sync 1 DAGs
[2026-07-22T08:55:37.024+0000] {logging_mixin.py:190} INFO - [2026-07-22T08:55:37.023+0000] {dag.py:4180} INFO - Setting next_dagrun for my_dag to None, run_after=None
[2026-07-22T08:55:37.039+0000] {processor.py:208} INFO - Processing /opt/airflow/dags/my_tasks.py took 0.075 seconds
[2026-07-22T08:56:07.256+0000] {processor.py:186} INFO - Started process (PID=1247) to work on /opt/airflow/dags/my_tasks.py
[2026-07-22T08:56:07.257+0000] {processor.py:914} INFO - Processing file /opt/airflow/dags/my_tasks.py for tasks to queue
[2026-07-22T08:56:07.259+0000] {logging_mixin.py:190} INFO - [2026-07-22T08:56:07.258+0000] {dagbag.py:588} INFO - Filling up the DagBag from /opt/airflow/dags/my_tasks.py
[2026-07-22T08:56:07.266+0000] {processor.py:925} INFO - DAG(s) 'my_dag' retrieved from /opt/airflow/dags/my_tasks.py
[2026-07-22T08:56:07.285+0000] {logging_mixin.py:190} INFO - [2026-07-22T08:56:07.284+0000] {dag.py:3239} INFO - Sync 1 DAGs
[2026-07-22T08:56:07.300+0000] {logging_mixin.py:190} INFO - [2026-07-22T08:56:07.300+0000] {dag.py:4180} INFO - Setting next_dagrun for my_dag to None, run_after=None
[2026-07-22T08:56:07.314+0000] {processor.py:208} INFO - Processing /opt/airflow/dags/my_tasks.py took 0.062 seconds
[2026-07-22T08:56:37.528+0000] {processor.py:186} INFO - Started process (PID=1258) to work on /opt/airflow/dags/my_tasks.py
[2026-07-22T08:56:37.536+0000] {processor.py:914} INFO - Processing file /opt/airflow/dags/my_tasks.py for tasks to queue
[2026-07-22T08:56:37.538+0000] {logging_mixin.py:190} INFO - [2026-07-22T08:56:37.538+0000] {dagbag.py:588} INFO - Filling up the DagBag from /opt/airflow/dags/my_tasks.py
[2026-07-22T08:56:37.547+0000] {processor.py:925} INFO - DAG(s) 'my_dag' retrieved from /opt/airflow/dags/my_tasks.py
[2026-07-22T08:56:37.568+0000] {logging_mixin.py:190} INFO - [2026-07-22T08:56:37.567+0000] {dag.py:3239} INFO - Sync 1 DAGs
[2026-07-22T08:56:37.586+0000] {logging_mixin.py:190} INFO - [2026-07-22T08:56:37.586+0000] {dag.py:4180} INFO - Setting next_dagrun for my_dag to None, run_after=None
[2026-07-22T08:56:37.600+0000] {processor.py:208} INFO - Processing /opt/airflow/dags/my_tasks.py took 0.076 seconds
[2026-07-22T08:57:07.804+0000] {processor.py:186} INFO - Started process (PID=1269) to work on /opt/airflow/dags/my_tasks.py
[2026-07-22T08:57:07.804+0000] {processor.py:914} INFO - Processing file /opt/airflow/dags/my_tasks.py for tasks to queue
[2026-07-22T08:57:07.806+0000] {logging_mixin.py:190} INFO - [2026-07-22T08:57:07.805+0000] {dagbag.py:588} INFO - Filling up the DagBag from /opt/airflow/dags/my_tasks.py
[2026-07-22T08:57:07.813+0000] {processor.py:925} INFO - DAG(s) 'my_dag' retrieved from /opt/airflow/dags/my_tasks.py
[2026-07-22T08:57:07.830+0000] {logging_mixin.py:190} INFO - [2026-07-22T08:57:07.830+0000] {dag.py:3239} INFO - Sync 1 DAGs
[2026-07-22T08:57:07.846+0000] {logging_mixin.py:190} INFO - [2026-07-22T08:57:07.845+0000] {dag.py:4180} INFO - Setting next_dagrun for my_dag to None, run_after=None
[2026-07-22T08:57:07.859+0000] {processor.py:208} INFO - Processing /opt/airflow/dags/my_tasks.py took 0.060 seconds
[2026-07-22T08:57:38.074+0000] {processor.py:186} INFO - Started process (PID=1280) to work on /opt/airflow/dags/my_tasks.py
[2026-07-22T08:57:38.074+0000] {processor.py:914} INFO - Processing file /opt/airflow/dags/my_tasks.py for tasks to queue
[2026-07-22T08:57:38.076+0000] {logging_mixin.py:190} INFO - [2026-07-22T08:57:38.076+0000] {dagbag.py:588} INFO - Filling up the DagBag from /opt/airflow/dags/my_tasks.py
[2026-07-22T08:57:38.083+0000] {processor.py:925} INFO - DAG(s) 'my_dag' retrieved from /opt/airflow/dags/my_tasks.py
[2026-07-22T08:57:38.102+0000] {logging_mixin.py:190} INFO - [2026-07-22T08:57:38.102+0000] {dag.py:3239} INFO - Sync 1 DAGs
[2026-07-22T08:57:38.118+0000] {logging_mixin.py:190} INFO - [2026-07-22T08:57:38.118+0000] {dag.py:4180} INFO - Setting next_dagrun for my_dag to None, run_after=None
[2026-07-22T08:57:38.133+0000] {processor.py:208} INFO - Processing /opt/airflow/dags/my_tasks.py took 0.063 seconds
[2026-07-22T08:58:08.352+0000] {processor.py:186} INFO - Started process (PID=1291) to work on /opt/airflow/dags/my_tasks.py
[2026-07-22T08:58:08.357+0000] {processor.py:914} INFO - Processing file /opt/airflow/dags/my_tasks.py for tasks to queue
[2026-07-22T08:58:08.359+0000] {logging_mixin.py:190} INFO - [2026-07-22T08:58:08.359+0000] {dagbag.py:588} INFO - Filling up the DagBag from /opt/airflow/dags/my_tasks.py
[2026-07-22T08:58:08.365+0000] {processor.py:925} INFO - DAG(s) 'my_dag' retrieved from /opt/airflow/dags/my_tasks.py
[2026-07-22T08:58:08.383+0000] {logging_mixin.py:190} INFO - [2026-07-22T08:58:08.383+0000] {dag.py:3239} INFO - Sync 1 DAGs
[2026-07-22T08:58:08.400+0000] {logging_mixin.py:190} INFO - [2026-07-22T08:58:08.400+0000] {dag.py:4180} INFO - Setting next_dagrun for my_dag to None, run_after=None
[2026-07-22T08:58:08.417+0000] {processor.py:208} INFO - Processing /opt/airflow/dags/my_tasks.py took 0.069 seconds
[2026-07-22T08:58:38.641+0000] {processor.py:186} INFO - Started process (PID=1302) to work on /opt/airflow/dags/my_tasks.py
[2026-07-22T08:58:38.650+0000] {processor.py:914} INFO - Processing file /opt/airflow/dags/my_tasks.py for tasks to queue
[2026-07-22T08:58:38.653+0000] {logging_mixin.py:190} INFO - [2026-07-22T08:58:38.652+0000] {dagbag.py:588} INFO - Filling up the DagBag from /opt/airflow/dags/my_tasks.py
[2026-07-22T08:58:38.661+0000] {processor.py:925} INFO - DAG(s) 'my_dag' retrieved from /opt/airflow/dags/my_tasks.py
[2026-07-22T08:58:38.680+0000] {logging_mixin.py:190} INFO - [2026-07-22T08:58:38.680+0000] {dag.py:3239} INFO - Sync 1 DAGs
[2026-07-22T08:58:38.696+0000] {logging_mixin.py:190} INFO - [2026-07-22T08:58:38.696+0000] {dag.py:4180} INFO - Setting next_dagrun for my_dag to None, run_after=None
[2026-07-22T08:58:38.710+0000] {processor.py:208} INFO - Processing /opt/airflow/dags/my_tasks.py took 0.075 seconds
[2026-07-22T08:59:08.907+0000] {processor.py:186} INFO - Started process (PID=1313) to work on /opt/airflow/dags/my_tasks.py
[2026-07-22T08:59:08.910+0000] {processor.py:914} INFO - Processing file /opt/airflow/dags/my_tasks.py for tasks to queue
[2026-07-22T08:59:08.911+0000] {logging_mixin.py:190} INFO - [2026-07-22T08:59:08.911+0000] {dagbag.py:588} INFO - Filling up the DagBag from /opt/airflow/dags/my_tasks.py
[2026-07-22T08:59:08.920+0000] {processor.py:925} INFO - DAG(s) 'my_dag' retrieved from /opt/airflow/dags/my_tasks.py
[2026-07-22T08:59:08.940+0000] {logging_mixin.py:190} INFO - [2026-07-22T08:59:08.940+0000] {dag.py:3239} INFO - Sync 1 DAGs
[2026-07-22T08:59:08.958+0000] {logging_mixin.py:190} INFO - [2026-07-22T08:59:08.958+0000] {dag.py:4180} INFO - Setting next_dagrun for my_dag to None, run_after=None
[2026-07-22T08:59:08.979+0000] {processor.py:208} INFO - Processing /opt/airflow/dags/my_tasks.py took 0.078 seconds
[2026-07-22T08:59:39.156+0000] {processor.py:186} INFO - Started process (PID=1324) to work on /opt/airflow/dags/my_tasks.py
[2026-07-22T08:59:39.164+0000] {processor.py:914} INFO - Processing file /opt/airflow/dags/my_tasks.py for tasks to queue
[2026-07-22T08:59:39.165+0000] {logging_mixin.py:190} INFO - [2026-07-22T08:59:39.165+0000] {dagbag.py:588} INFO - Filling up the DagBag from /opt/airflow/dags/my_tasks.py
[2026-07-22T08:59:39.173+0000] {processor.py:925} INFO - DAG(s) 'my_dag' retrieved from /opt/airflow/dags/my_tasks.py
[2026-07-22T08:59:39.191+0000] {logging_mixin.py:190} INFO - [2026-07-22T08:59:39.191+0000] {dag.py:3239} INFO - Sync 1 DAGs
[2026-07-22T08:59:39.208+0000] {logging_mixin.py:190} INFO - [2026-07-22T08:59:39.208+0000] {dag.py:4180} INFO - Setting next_dagrun for my_dag to None, run_after=None
[2026-07-22T08:59:39.224+0000] {processor.py:208} INFO - Processing /opt/airflow/dags/my_tasks.py took 0.073 seconds
[2026-07-22T09:00:09.390+0000] {processor.py:186} INFO - Started process (PID=1335) to work on /opt/airflow/dags/my_tasks.py
[2026-07-22T09:00:09.390+0000] {processor.py:914} INFO - Processing file /opt/airflow/dags/my_tasks.py for tasks to queue
[2026-07-22T09:00:09.392+0000] {logging_mixin.py:190} INFO - [2026-07-22T09:00:09.392+0000] {dagbag.py:588} INFO - Filling up the DagBag from /opt/airflow/dags/my_tasks.py
[2026-07-22T09:00:09.399+0000] {processor.py:925} INFO - DAG(s) 'my_dag' retrieved from /opt/airflow/dags/my_tasks.py
[2026-07-22T09:00:09.416+0000] {logging_mixin.py:190} INFO - [2026-07-22T09:00:09.416+0000] {dag.py:3239} INFO - Sync 1 DAGs
[2026-07-22T09:00:09.432+0000] {logging_mixin.py:190} INFO - [2026-07-22T09:00:09.431+0000] {dag.py:4180} INFO - Setting next_dagrun for my_dag to None, run_after=None
[2026-07-22T09:00:09.450+0000] {processor.py:208} INFO - Processing /opt/airflow/dags/my_tasks.py took 0.066 seconds
[2026-07-22T09:00:39.639+0000] {processor.py:186} INFO - Started process (PID=1346) to work on /opt/airflow/dags/my_tasks.py
[2026-07-22T09:00:39.644+0000] {processor.py:914} INFO - Processing file /opt/airflow/dags/my_tasks.py for tasks to queue
[2026-07-22T09:00:39.646+0000] {logging_mixin.py:190} INFO - [2026-07-22T09:00:39.646+0000] {dagbag.py:588} INFO - Filling up the DagBag from /opt/airflow/dags/my_tasks.py
[2026-07-22T09:00:39.654+0000] {processor.py:925} INFO - DAG(s) 'my_dag' retrieved from /opt/airflow/dags/my_tasks.py
[2026-07-22T09:00:39.678+0000] {logging_mixin.py:190} INFO - [2026-07-22T09:00:39.678+0000] {dag.py:3239} INFO - Sync 1 DAGs
[2026-07-22T09:00:39.698+0000] {logging_mixin.py:190} INFO - [2026-07-22T09:00:39.698+0000] {dag.py:4180} INFO - Setting next_dagrun for my_dag to None, run_after=None
[2026-07-22T09:00:39.716+0000] {processor.py:208} INFO - Processing /opt/airflow/dags/my_tasks.py took 0.080 seconds
[2026-07-22T09:01:09.898+0000] {processor.py:186} INFO - Started process (PID=1357) to work on /opt/airflow/dags/my_tasks.py
[2026-07-22T09:01:09.899+0000] {processor.py:914} INFO - Processing file /opt/airflow/dags/my_tasks.py for tasks to queue
[2026-07-22T09:01:09.901+0000] {logging_mixin.py:190} INFO - [2026-07-22T09:01:09.900+0000] {dagbag.py:588} INFO - Filling up the DagBag from /opt/airflow/dags/my_tasks.py
[2026-07-22T09:01:09.910+0000] {processor.py:925} INFO - DAG(s) 'my_dag' retrieved from /opt/airflow/dags/my_tasks.py
[2026-07-22T09:01:09.933+0000] {logging_mixin.py:190} INFO - [2026-07-22T09:01:09.933+0000] {dag.py:3239} INFO - Sync 1 DAGs
[2026-07-22T09:01:09.956+0000] {logging_mixin.py:190} INFO - [2026-07-22T09:01:09.956+0000] {dag.py:4180} INFO - Setting next_dagrun for my_dag to None, run_after=None
[2026-07-22T09:01:09.975+0000] {processor.py:208} INFO - Processing /opt/airflow/dags/my_tasks.py took 0.081 seconds
[2026-07-22T09:01:40.167+0000] {processor.py:186} INFO - Started process (PID=1368) to work on /opt/airflow/dags/my_tasks.py
[2026-07-22T09:01:40.172+0000] {processor.py:914} INFO - Processing file /opt/airflow/dags/my_tasks.py for tasks to queue
[2026-07-22T09:01:40.175+0000] {logging_mixin.py:190} INFO - [2026-07-22T09:01:40.174+0000] {dagbag.py:588} INFO - Filling up the DagBag from /opt/airflow/dags/my_tasks.py
[2026-07-22T09:01:40.182+0000] {processor.py:925} INFO - DAG(s) 'my_dag' retrieved from /opt/airflow/dags/my_tasks.py
[2026-07-22T09:01:40.202+0000] {logging_mixin.py:190} INFO - [2026-07-22T09:01:40.202+0000] {dag.py:3239} INFO - Sync 1 DAGs
[2026-07-22T09:01:40.218+0000] {logging_mixin.py:190} INFO - [2026-07-22T09:01:40.218+0000] {dag.py:4180} INFO - Setting next_dagrun for my_dag to None, run_after=None
[2026-07-22T09:01:40.233+0000] {processor.py:208} INFO - Processing /opt/airflow/dags/my_tasks.py took 0.071 seconds
[2026-07-22T09:02:10.428+0000] {processor.py:186} INFO - Started process (PID=1379) to work on /opt/airflow/dags/my_tasks.py
[2026-07-22T09:02:10.429+0000] {processor.py:914} INFO - Processing file /opt/airflow/dags/my_tasks.py for tasks to queue
[2026-07-22T09:02:10.430+0000] {logging_mixin.py:190} INFO - [2026-07-22T09:02:10.430+0000] {dagbag.py:588} INFO - Filling up the DagBag from /opt/airflow/dags/my_tasks.py
[2026-07-22T09:02:10.437+0000] {processor.py:925} INFO - DAG(s) 'my_dag' retrieved from /opt/airflow/dags/my_tasks.py
[2026-07-22T09:02:10.459+0000] {logging_mixin.py:190} INFO - [2026-07-22T09:02:10.459+0000] {dag.py:3239} INFO - Sync 1 DAGs
[2026-07-22T09:02:10.479+0000] {logging_mixin.py:190} INFO - [2026-07-22T09:02:10.479+0000] {dag.py:4180} INFO - Setting next_dagrun for my_dag to None, run_after=None
[2026-07-22T09:02:10.498+0000] {processor.py:208} INFO - Processing /opt/airflow/dags/my_tasks.py took 0.077 seconds
[2026-07-22T09:02:40.697+0000] {processor.py:186} INFO - Started process (PID=1390) to work on /opt/airflow/dags/my_tasks.py
[2026-07-22T09:02:40.704+0000] {processor.py:914} INFO - Processing file /opt/airflow/dags/my_tasks.py for tasks to queue
[2026-07-22T09:02:40.706+0000] {logging_mixin.py:190} INFO - [2026-07-22T09:02:40.706+0000] {dagbag.py:588} INFO - Filling up the DagBag from /opt/airflow/dags/my_tasks.py
[2026-07-22T09:02:40.712+0000] {processor.py:925} INFO - DAG(s) 'my_dag' retrieved from /opt/airflow/dags/my_tasks.py
[2026-07-22T09:02:40.730+0000] {logging_mixin.py:190} INFO - [2026-07-22T09:02:40.730+0000] {dag.py:3239} INFO - Sync 1 DAGs
[2026-07-22T09:02:40.746+0000] {logging_mixin.py:190} INFO - [2026-07-22T09:02:40.746+0000] {dag.py:4180} INFO - Setting next_dagrun for my_dag to None, run_after=None
[2026-07-22T09:02:40.760+0000] {processor.py:208} INFO - Processing /opt/airflow/dags/my_tasks.py took 0.067 seconds
[2026-07-22T09:03:10.939+0000] {processor.py:186} INFO - Started process (PID=1401) to work on /opt/airflow/dags/my_tasks.py
[2026-07-22T09:03:10.939+0000] {processor.py:914} INFO - Processing file /opt/airflow/dags/my_tasks.py for tasks to queue
[2026-07-22T09:03:10.941+0000] {logging_mixin.py:190} INFO - [2026-07-22T09:03:10.940+0000] {dagbag.py:588} INFO - Filling up the DagBag from /opt/airflow/dags/my_tasks.py
[2026-07-22T09:03:10.948+0000] {processor.py:925} INFO - DAG(s) 'my_dag' retrieved from /opt/airflow/dags/my_tasks.py
[2026-07-22T09:03:10.966+0000] {logging_mixin.py:190} INFO - [2026-07-22T09:03:10.966+0000] {dag.py:3239} INFO - Sync 1 DAGs
[2026-07-22T09:03:10.982+0000] {logging_mixin.py:190} INFO - [2026-07-22T09:03:10.982+0000] {dag.py:4180} INFO - Setting next_dagrun for my_dag to None, run_after=None
[2026-07-22T09:03:10.996+0000] {processor.py:208} INFO - Processing /opt/airflow/dags/my_tasks.py took 0.061 seconds
[2026-07-22T09:03:41.178+0000] {processor.py:186} INFO - Started process (PID=1412) to work on /opt/airflow/dags/my_tasks.py
[2026-07-22T09:03:41.187+0000] {processor.py:914} INFO - Processing file /opt/airflow/dags/my_tasks.py for tasks to queue
[2026-07-22T09:03:41.189+0000] {logging_mixin.py:190} INFO - [2026-07-22T09:03:41.189+0000] {dagbag.py:588} INFO - Filling up the DagBag from /opt/airflow/dags/my_tasks.py
[2026-07-22T09:03:41.198+0000] {processor.py:925} INFO - DAG(s) 'my_dag' retrieved from /opt/airflow/dags/my_tasks.py
[2026-07-22T09:03:41.219+0000] {logging_mixin.py:190} INFO - [2026-07-22T09:03:41.218+0000] {dag.py:3239} INFO - Sync 1 DAGs
[2026-07-22T09:03:41.239+0000] {logging_mixin.py:190} INFO - [2026-07-22T09:03:41.239+0000] {dag.py:4180} INFO - Setting next_dagrun for my_dag to None, run_after=None
[2026-07-22T09:03:41.257+0000] {processor.py:208} INFO - Processing /opt/airflow/dags/my_tasks.py took 0.084 seconds
[2026-07-22T09:04:11.420+0000] {processor.py:186} INFO - Started process (PID=1423) to work on /opt/airflow/dags/my_tasks.py
[2026-07-22T09:04:11.421+0000] {processor.py:914} INFO - Processing file /opt/airflow/dags/my_tasks.py for tasks to queue
[2026-07-22T09:04:11.423+0000] {logging_mixin.py:190} INFO - [2026-07-22T09:04:11.422+0000] {dagbag.py:588} INFO - Filling up the DagBag from /opt/airflow/dags/my_tasks.py
[2026-07-22T09:04:11.430+0000] {processor.py:925} INFO - DAG(s) 'my_dag' retrieved from /opt/airflow/dags/my_tasks.py
[2026-07-22T09:04:11.448+0000] {logging_mixin.py:190} INFO - [2026-07-22T09:04:11.448+0000] {dag.py:3239} INFO - Sync 1 DAGs
[2026-07-22T09:04:11.464+0000] {logging_mixin.py:190} INFO - [2026-07-22T09:04:11.464+0000] {dag.py:4180} INFO - Setting next_dagrun for my_dag to None, run_after=None
[2026-07-22T09:04:11.478+0000] {processor.py:208} INFO - Processing /opt/airflow/dags/my_tasks.py took 0.062 seconds
[2026-07-22T09:04:41.694+0000] {processor.py:186} INFO - Started process (PID=1434) to work on /opt/airflow/dags/my_tasks.py
[2026-07-22T09:04:41.703+0000] {processor.py:914} INFO - Processing file /opt/airflow/dags/my_tasks.py for tasks to queue
[2026-07-22T09:04:41.705+0000] {logging_mixin.py:190} INFO - [2026-07-22T09:04:41.704+0000] {dagbag.py:588} INFO - Filling up the DagBag from /opt/airflow/dags/my_tasks.py
[2026-07-22T09:04:41.714+0000] {processor.py:925} INFO - DAG(s) 'my_dag' retrieved from /opt/airflow/dags/my_tasks.py
[2026-07-22T09:04:41.733+0000] {logging_mixin.py:190} INFO - [2026-07-22T09:04:41.733+0000] {dag.py:3239} INFO - Sync 1 DAGs
[2026-07-22T09:04:41.750+0000] {logging_mixin.py:190} INFO - [2026-07-22T09:04:41.749+0000] {dag.py:4180} INFO - Setting next_dagrun for my_dag to None, run_after=None
[2026-07-22T09:04:41.764+0000] {processor.py:208} INFO - Processing /opt/airflow/dags/my_tasks.py took 0.074 seconds
[2026-07-22T09:05:11.950+0000] {processor.py:186} INFO - Started process (PID=1445) to work on /opt/airflow/dags/my_tasks.py
[2026-07-22T09:05:11.951+0000] {processor.py:914} INFO - Processing file /opt/airflow/dags/my_tasks.py for tasks to queue
[2026-07-22T09:05:11.952+0000] {logging_mixin.py:190} INFO - [2026-07-22T09:05:11.952+0000] {dagbag.py:588} INFO - Filling up the DagBag from /opt/airflow/dags/my_tasks.py
[2026-07-22T09:05:11.959+0000] {processor.py:925} INFO - DAG(s) 'my_dag' retrieved from /opt/airflow/dags/my_tasks.py
[2026-07-22T09:05:11.976+0000] {logging_mixin.py:190} INFO - [2026-07-22T09:05:11.976+0000] {dag.py:3239} INFO - Sync 1 DAGs
[2026-07-22T09:05:11.991+0000] {logging_mixin.py:190} INFO - [2026-07-22T09:05:11.991+0000] {dag.py:4180} INFO - Setting next_dagrun for my_dag to None, run_after=None
[2026-07-22T09:05:12.010+0000] {processor.py:208} INFO - Processing /opt/airflow/dags/my_tasks.py took 0.065 seconds
[2026-07-22T09:05:42.190+0000] {processor.py:186} INFO - Started process (PID=1456) to work on /opt/airflow/dags/my_tasks.py
[2026-07-22T09:05:42.198+0000] {processor.py:914} INFO - Processing file /opt/airflow/dags/my_tasks.py for tasks to queue
[2026-07-22T09:05:42.201+0000] {logging_mixin.py:190} INFO - [2026-07-22T09:05:42.200+0000] {dagbag.py:588} INFO - Filling up the DagBag from /opt/airflow/dags/my_tasks.py
[2026-07-22T09:05:42.209+0000] {processor.py:925} INFO - DAG(s) 'my_dag' retrieved from /opt/airflow/dags/my_tasks.py
[2026-07-22T09:05:42.227+0000] {logging_mixin.py:190} INFO - [2026-07-22T09:05:42.226+0000] {dag.py:3239} INFO - Sync 1 DAGs
[2026-07-22T09:05:42.242+0000] {logging_mixin.py:190} INFO - [2026-07-22T09:05:42.242+0000] {dag.py:4180} INFO - Setting next_dagrun for my_dag to None, run_after=None
[2026-07-22T09:05:42.256+0000] {processor.py:208} INFO - Processing /opt/airflow/dags/my_tasks.py took 0.070 seconds
[2026-07-22T09:06:12.464+0000] {processor.py:186} INFO - Started process (PID=1467) to work on /opt/airflow/dags/my_tasks.py
[2026-07-22T09:06:12.464+0000] {processor.py:914} INFO - Processing file /opt/airflow/dags/my_tasks.py for tasks to queue
[2026-07-22T09:06:12.466+0000] {logging_mixin.py:190} INFO - [2026-07-22T09:06:12.465+0000] {dagbag.py:588} INFO - Filling up the DagBag from /opt/airflow/dags/my_tasks.py
[2026-07-22T09:06:12.473+0000] {processor.py:925} INFO - DAG(s) 'my_dag' retrieved from /opt/airflow/dags/my_tasks.py
[2026-07-22T09:06:12.491+0000] {logging_mixin.py:190} INFO - [2026-07-22T09:06:12.490+0000] {dag.py:3239} INFO - Sync 1 DAGs
[2026-07-22T09:06:12.506+0000] {logging_mixin.py:190} INFO - [2026-07-22T09:06:12.505+0000] {dag.py:4180} INFO - Setting next_dagrun for my_dag to None, run_after=None
[2026-07-22T09:06:12.521+0000] {processor.py:208} INFO - Processing /opt/airflow/dags/my_tasks.py took 0.061 seconds
[2026-07-22T09:06:42.739+0000] {processor.py:186} INFO - Started process (PID=1478) to work on /opt/airflow/dags/my_tasks.py
[2026-07-22T09:06:42.747+0000] {processor.py:914} INFO - Processing file /opt/airflow/dags/my_tasks.py for tasks to queue
[2026-07-22T09:06:42.750+0000] {logging_mixin.py:190} INFO - [2026-07-22T09:06:42.749+0000] {dagbag.py:588} INFO - Filling up the DagBag from /opt/airflow/dags/my_tasks.py
[2026-07-22T09:06:42.759+0000] {processor.py:925} INFO - DAG(s) 'my_dag' retrieved from /opt/airflow/dags/my_tasks.py
[2026-07-22T09:06:42.778+0000] {logging_mixin.py:190} INFO - [2026-07-22T09:06:42.778+0000] {dag.py:3239} INFO - Sync 1 DAGs
[2026-07-22T09:06:42.794+0000] {logging_mixin.py:190} INFO - [2026-07-22T09:06:42.794+0000] {dag.py:4180} INFO - Setting next_dagrun for my_dag to None, run_after=None
[2026-07-22T09:06:42.808+0000] {processor.py:208} INFO - Processing /opt/airflow/dags/my_tasks.py took 0.074 seconds
[2026-07-22T09:07:12.992+0000] {processor.py:186} INFO - Started process (PID=1489) to work on /opt/airflow/dags/my_tasks.py
[2026-07-22T09:07:12.993+0000] {processor.py:914} INFO - Processing file /opt/airflow/dags/my_tasks.py for tasks to queue
[2026-07-22T09:07:12.994+0000] {logging_mixin.py:190} INFO - [2026-07-22T09:07:12.994+0000] {dagbag.py:588} INFO - Filling up the DagBag from /opt/airflow/dags/my_tasks.py
[2026-07-22T09:07:13.001+0000] {processor.py:925} INFO - DAG(s) 'my_dag' retrieved from /opt/airflow/dags/my_tasks.py
[2026-07-22T09:07:13.019+0000] {logging_mixin.py:190} INFO - [2026-07-22T09:07:13.019+0000] {dag.py:3239} INFO - Sync 1 DAGs
[2026-07-22T09:07:13.035+0000] {logging_mixin.py:190} INFO - [2026-07-22T09:07:13.035+0000] {dag.py:4180} INFO - Setting next_dagrun for my_dag to None, run_after=None
[2026-07-22T09:07:13.049+0000] {processor.py:208} INFO - Processing /opt/airflow/dags/my_tasks.py took 0.061 seconds
[2026-07-22T09:07:43.245+0000] {processor.py:186} INFO - Started process (PID=1500) to work on /opt/airflow/dags/my_tasks.py
[2026-07-22T09:07:43.253+0000] {processor.py:914} INFO - Processing file /opt/airflow/dags/my_tasks.py for tasks to queue
[2026-07-22T09:07:43.256+0000] {logging_mixin.py:190} INFO - [2026-07-22T09:07:43.255+0000] {dagbag.py:588} INFO - Filling up the DagBag from /opt/airflow/dags/my_tasks.py
[2026-07-22T09:07:43.265+0000] {processor.py:925} INFO - DAG(s) 'my_dag' retrieved from /opt/airflow/dags/my_tasks.py
[2026-07-22T09:07:43.286+0000] {logging_mixin.py:190} INFO - [2026-07-22T09:07:43.286+0000] {dag.py:3239} INFO - Sync 1 DAGs
[2026-07-22T09:07:43.303+0000] {logging_mixin.py:190} INFO - [2026-07-22T09:07:43.303+0000] {dag.py:4180} INFO - Setting next_dagrun for my_dag to None, run_after=None
[2026-07-22T09:07:43.317+0000] {processor.py:208} INFO - Processing /opt/airflow/dags/my_tasks.py took 0.076 seconds
[2026-07-22T09:08:13.516+0000] {processor.py:186} INFO - Started process (PID=1511) to work on /opt/airflow/dags/my_tasks.py
[2026-07-22T09:08:13.517+0000] {processor.py:914} INFO - Processing file /opt/airflow/dags/my_tasks.py for tasks to queue
[2026-07-22T09:08:13.518+0000] {logging_mixin.py:190} INFO - [2026-07-22T09:08:13.518+0000] {dagbag.py:588} INFO - Filling up the DagBag from /opt/airflow/dags/my_tasks.py
[2026-07-22T09:08:13.526+0000] {processor.py:925} INFO - DAG(s) 'my_dag' retrieved from /opt/airflow/dags/my_tasks.py
[2026-07-22T09:08:13.543+0000] {logging_mixin.py:190} INFO - [2026-07-22T09:08:13.543+0000] {dag.py:3239} INFO - Sync 1 DAGs
[2026-07-22T09:08:13.559+0000] {logging_mixin.py:190} INFO - [2026-07-22T09:08:13.558+0000] {dag.py:4180} INFO - Setting next_dagrun for my_dag to None, run_after=None
[2026-07-22T09:08:13.573+0000] {processor.py:208} INFO - Processing /opt/airflow/dags/my_tasks.py took 0.060 seconds
[2026-07-22T09:08:43.807+0000] {processor.py:186} INFO - Started process (PID=1522) to work on /opt/airflow/dags/my_tasks.py
[2026-07-22T09:08:43.815+0000] {processor.py:914} INFO - Processing file /opt/airflow/dags/my_tasks.py for tasks to queue
[2026-07-22T09:08:43.818+0000] {logging_mixin.py:190} INFO - [2026-07-22T09:08:43.817+0000] {dagbag.py:588} INFO - Filling up the DagBag from /opt/airflow/dags/my_tasks.py
[2026-07-22T09:08:43.827+0000] {processor.py:925} INFO - DAG(s) 'my_dag' retrieved from /opt/airflow/dags/my_tasks.py
[2026-07-22T09:08:43.846+0000] {logging_mixin.py:190} INFO - [2026-07-22T09:08:43.846+0000] {dag.py:3239} INFO - Sync 1 DAGs
[2026-07-22T09:08:43.863+0000] {logging_mixin.py:190} INFO - [2026-07-22T09:08:43.863+0000] {dag.py:4180} INFO - Setting next_dagrun for my_dag to None, run_after=None
[2026-07-22T09:08:43.877+0000] {processor.py:208} INFO - Processing /opt/airflow/dags/my_tasks.py took 0.076 seconds
[2026-07-22T09:09:14.043+0000] {processor.py:186} INFO - Started process (PID=1533) to work on /opt/airflow/dags/my_tasks.py
[2026-07-22T09:09:14.044+0000] {processor.py:914} INFO - Processing file /opt/airflow/dags/my_tasks.py for tasks to queue
[2026-07-22T09:09:14.046+0000] {logging_mixin.py:190} INFO - [2026-07-22T09:09:14.046+0000] {dagbag.py:588} INFO - Filling up the DagBag from /opt/airflow/dags/my_tasks.py
[2026-07-22T09:09:14.053+0000] {processor.py:925} INFO - DAG(s) 'my_dag' retrieved from /opt/airflow/dags/my_tasks.py
[2026-07-22T09:09:14.072+0000] {logging_mixin.py:190} INFO - [2026-07-22T09:09:14.072+0000] {dag.py:3239} INFO - Sync 1 DAGs
[2026-07-22T09:09:14.090+0000] {logging_mixin.py:190} INFO - [2026-07-22T09:09:14.090+0000] {dag.py:4180} INFO - Setting next_dagrun for my_dag to None, run_after=None
[2026-07-22T09:09:14.105+0000] {processor.py:208} INFO - Processing /opt/airflow/dags/my_tasks.py took 0.066 seconds
[2026-07-22T09:09:44.279+0000] {processor.py:186} INFO - Started process (PID=1544) to work on /opt/airflow/dags/my_tasks.py
[2026-07-22T09:09:44.280+0000] {processor.py:914} INFO - Processing file /opt/airflow/dags/my_tasks.py for tasks to queue
[2026-07-22T09:09:44.283+0000] {logging_mixin.py:190} INFO - [2026-07-22T09:09:44.283+0000] {dagbag.py:588} INFO - Filling up the DagBag from /opt/airflow/dags/my_tasks.py
[2026-07-22T09:09:44.292+0000] {processor.py:925} INFO - DAG(s) 'my_dag' retrieved from /opt/airflow/dags/my_tasks.py
[2026-07-22T09:09:44.314+0000] {logging_mixin.py:190} INFO - [2026-07-22T09:09:44.313+0000] {dag.py:3239} INFO - Sync 1 DAGs
[2026-07-22T09:09:44.333+0000] {logging_mixin.py:190} INFO - [2026-07-22T09:09:44.333+0000] {dag.py:4180} INFO - Setting next_dagrun for my_dag to None, run_after=None
[2026-07-22T09:09:44.353+0000] {processor.py:208} INFO - Processing /opt/airflow/dags/my_tasks.py took 0.080 seconds
[2026-07-22T09:10:14.497+0000] {processor.py:186} INFO - Started process (PID=1555) to work on /opt/airflow/dags/my_tasks.py
[2026-07-22T09:10:14.505+0000] {processor.py:914} INFO - Processing file /opt/airflow/dags/my_tasks.py for tasks to queue
[2026-07-22T09:10:14.507+0000] {logging_mixin.py:190} INFO - [2026-07-22T09:10:14.506+0000] {dagbag.py:588} INFO - Filling up the DagBag from /opt/airflow/dags/my_tasks.py
[2026-07-22T09:10:14.515+0000] {processor.py:925} INFO - DAG(s) 'my_dag' retrieved from /opt/airflow/dags/my_tasks.py
[2026-07-22T09:10:14.534+0000] {logging_mixin.py:190} INFO - [2026-07-22T09:10:14.534+0000] {dag.py:3239} INFO - Sync 1 DAGs
[2026-07-22T09:10:14.552+0000] {logging_mixin.py:190} INFO - [2026-07-22T09:10:14.551+0000] {dag.py:4180} INFO - Setting next_dagrun for my_dag to None, run_after=None
[2026-07-22T09:10:14.566+0000] {processor.py:208} INFO - Processing /opt/airflow/dags/my_tasks.py took 0.073 seconds
[2026-07-22T09:10:44.735+0000] {processor.py:186} INFO - Started process (PID=1566) to work on /opt/airflow/dags/my_tasks.py
[2026-07-22T09:10:44.735+0000] {processor.py:914} INFO - Processing file /opt/airflow/dags/my_tasks.py for tasks to queue
[2026-07-22T09:10:44.737+0000] {logging_mixin.py:190} INFO - [2026-07-22T09:10:44.737+0000] {dagbag.py:588} INFO - Filling up the DagBag from /opt/airflow/dags/my_tasks.py
[2026-07-22T09:10:44.746+0000] {processor.py:925} INFO - DAG(s) 'my_dag' retrieved from /opt/airflow/dags/my_tasks.py
[2026-07-22T09:10:44.766+0000] {logging_mixin.py:190} INFO - [2026-07-22T09:10:44.766+0000] {dag.py:3239} INFO - Sync 1 DAGs
[2026-07-22T09:10:44.783+0000] {logging_mixin.py:190} INFO - [2026-07-22T09:10:44.783+0000] {dag.py:4180} INFO - Setting next_dagrun for my_dag to None, run_after=None
[2026-07-22T09:10:44.801+0000] {processor.py:208} INFO - Processing /opt/airflow/dags/my_tasks.py took 0.071 seconds
[2026-07-22T09:11:14.988+0000] {processor.py:186} INFO - Started process (PID=1577) to work on /opt/airflow/dags/my_tasks.py
[2026-07-22T09:11:14.996+0000] {processor.py:914} INFO - Processing file /opt/airflow/dags/my_tasks.py for tasks to queue
[2026-07-22T09:11:14.998+0000] {logging_mixin.py:190} INFO - [2026-07-22T09:11:14.998+0000] {dagbag.py:588} INFO - Filling up the DagBag from /opt/airflow/dags/my_tasks.py
[2026-07-22T09:11:15.006+0000] {processor.py:925} INFO - DAG(s) 'my_dag' retrieved from /opt/airflow/dags/my_tasks.py
[2026-07-22T09:11:15.028+0000] {logging_mixin.py:190} INFO - [2026-07-22T09:11:15.028+0000] {dag.py:3239} INFO - Sync 1 DAGs
[2026-07-22T09:11:15.046+0000] {logging_mixin.py:190} INFO - [2026-07-22T09:11:15.046+0000] {dag.py:4180} INFO - Setting next_dagrun for my_dag to None, run_after=None
[2026-07-22T09:11:15.064+0000] {processor.py:208} INFO - Processing /opt/airflow/dags/my_tasks.py took 0.082 seconds
[2026-07-22T09:11:45.260+0000] {processor.py:186} INFO - Started process (PID=1588) to work on /opt/airflow/dags/my_tasks.py
[2026-07-22T09:11:45.268+0000] {processor.py:914} INFO - Processing file /opt/airflow/dags/my_tasks.py for tasks to queue
[2026-07-22T09:11:45.270+0000] {logging_mixin.py:190} INFO - [2026-07-22T09:11:45.270+0000] {dagbag.py:588} INFO - Filling up the DagBag from /opt/airflow/dags/my_tasks.py
[2026-07-22T09:11:45.280+0000] {processor.py:925} INFO - DAG(s) 'my_dag' retrieved from /opt/airflow/dags/my_tasks.py
[2026-07-22T09:11:45.299+0000] {logging_mixin.py:190} INFO - [2026-07-22T09:11:45.299+0000] {dag.py:3239} INFO - Sync 1 DAGs
[2026-07-22T09:11:45.316+0000] {logging_mixin.py:190} INFO - [2026-07-22T09:11:45.316+0000] {dag.py:4180} INFO - Setting next_dagrun for my_dag to None, run_after=None
[2026-07-22T09:11:45.333+0000] {processor.py:208} INFO - Processing /opt/airflow/dags/my_tasks.py took 0.078 seconds
[2026-07-22T09:14:23.244+0000] {processor.py:186} INFO - Started process (PID=191) to work on /opt/airflow/dags/my_tasks.py
[2026-07-22T09:14:23.245+0000] {processor.py:914} INFO - Processing file /opt/airflow/dags/my_tasks.py for tasks to queue
[2026-07-22T09:14:23.247+0000] {logging_mixin.py:190} INFO - [2026-07-22T09:14:23.246+0000] {dagbag.py:588} INFO - Filling up the DagBag from /opt/airflow/dags/my_tasks.py
[2026-07-22T09:14:23.349+0000] {processor.py:925} INFO - DAG(s) 'my_dag' retrieved from /opt/airflow/dags/my_tasks.py
[2026-07-22T09:14:23.705+0000] {logging_mixin.py:190} INFO - [2026-07-22T09:14:23.704+0000] {override.py:1912} INFO - Created Permission View: can read on DAG:my_dag
[2026-07-22T09:14:23.713+0000] {logging_mixin.py:190} INFO - [2026-07-22T09:14:23.713+0000] {override.py:1912} INFO - Created Permission View: can delete on DAG:my_dag
[2026-07-22T09:14:23.720+0000] {logging_mixin.py:190} INFO - [2026-07-22T09:14:23.720+0000] {override.py:1912} INFO - Created Permission View: can edit on DAG:my_dag
[2026-07-22T09:14:23.735+0000] {logging_mixin.py:190} INFO - [2026-07-22T09:14:23.734+0000] {override.py:1912} INFO - Created Permission View: can read on DAG Run:my_dag
[2026-07-22T09:14:23.741+0000] {logging_mixin.py:190} INFO - [2026-07-22T09:14:23.741+0000] {override.py:1912} INFO - Created Permission View: menu access on DAG Run:my_dag
[2026-07-22T09:14:23.748+0000] {logging_mixin.py:190} INFO - [2026-07-22T09:14:23.747+0000] {override.py:1912} INFO - Created Permission View: can delete on DAG Run:my_dag
[2026-07-22T09:14:23.755+0000] {logging_mixin.py:190} INFO - [2026-07-22T09:14:23.755+0000] {override.py:1912} INFO - Created Permission View: can create on DAG Run:my_dag
[2026-07-22T09:14:23.756+0000] {logging_mixin.py:190} INFO - [2026-07-22T09:14:23.756+0000] {dag.py:3239} INFO - Sync 1 DAGs
[2026-07-22T09:14:23.765+0000] {logging_mixin.py:190} INFO - [2026-07-22T09:14:23.764+0000] {dag.py:3262} INFO - Creating ORM DAG for my_dag
[2026-07-22T09:14:23.772+0000] {logging_mixin.py:190} INFO - [2026-07-22T09:14:23.772+0000] {dag.py:4180} INFO - Setting next_dagrun for my_dag to 2026-03-02 00:00:00+00:00, run_after=2026-03-02 00:00:00+00:00
[2026-07-22T09:14:23.789+0000] {processor.py:208} INFO - Processing /opt/airflow/dags/my_tasks.py took 0.552 seconds
[2026-07-22T09:14:53.973+0000] {processor.py:186} INFO - Started process (PID=218) to work on /opt/airflow/dags/my_tasks.py
[2026-07-22T09:14:53.982+0000] {processor.py:914} INFO - Processing file /opt/airflow/dags/my_tasks.py for tasks to queue
[2026-07-22T09:14:53.985+0000] {logging_mixin.py:190} INFO - [2026-07-22T09:14:53.985+0000] {dagbag.py:588} INFO - Filling up the DagBag from /opt/airflow/dags/my_tasks.py
[2026-07-22T09:14:53.995+0000] {processor.py:925} INFO - DAG(s) 'my_dag' retrieved from /opt/airflow/dags/my_tasks.py
[2026-07-22T09:14:54.013+0000] {logging_mixin.py:190} INFO - [2026-07-22T09:14:54.013+0000] {dag.py:3239} INFO - Sync 1 DAGs
[2026-07-22T09:14:54.031+0000] {logging_mixin.py:190} INFO - [2026-07-22T09:14:54.030+0000] {dag.py:4180} INFO - Setting next_dagrun for my_dag to None, run_after=None
[2026-07-22T09:14:54.044+0000] {processor.py:208} INFO - Processing /opt/airflow/dags/my_tasks.py took 0.081 seconds
[2026-07-22T09:15:24.219+0000] {processor.py:186} INFO - Started process (PID=229) to work on /opt/airflow/dags/my_tasks.py
[2026-07-22T09:15:24.227+0000] {processor.py:914} INFO - Processing file /opt/airflow/dags/my_tasks.py for tasks to queue
[2026-07-22T09:15:24.228+0000] {logging_mixin.py:190} INFO - [2026-07-22T09:15:24.228+0000] {dagbag.py:588} INFO - Filling up the DagBag from /opt/airflow/dags/my_tasks.py
[2026-07-22T09:15:24.236+0000] {processor.py:925} INFO - DAG(s) 'my_dag' retrieved from /opt/airflow/dags/my_tasks.py
[2026-07-22T09:15:24.255+0000] {logging_mixin.py:190} INFO - [2026-07-22T09:15:24.255+0000] {dag.py:3239} INFO - Sync 1 DAGs
[2026-07-22T09:15:24.271+0000] {logging_mixin.py:190} INFO - [2026-07-22T09:15:24.271+0000] {dag.py:4180} INFO - Setting next_dagrun for my_dag to None, run_after=None
[2026-07-22T09:15:24.285+0000] {processor.py:208} INFO - Processing /opt/airflow/dags/my_tasks.py took 0.070 seconds
[2026-07-22T09:15:54.474+0000] {processor.py:186} INFO - Started process (PID=240) to work on /opt/airflow/dags/my_tasks.py
[2026-07-22T09:15:54.482+0000] {processor.py:914} INFO - Processing file /opt/airflow/dags/my_tasks.py for tasks to queue
[2026-07-22T09:15:54.484+0000] {logging_mixin.py:190} INFO - [2026-07-22T09:15:54.484+0000] {dagbag.py:588} INFO - Filling up the DagBag from /opt/airflow/dags/my_tasks.py
[2026-07-22T09:15:54.494+0000] {processor.py:925} INFO - DAG(s) 'my_dag' retrieved from /opt/airflow/dags/my_tasks.py
[2026-07-22T09:15:54.512+0000] {logging_mixin.py:190} INFO - [2026-07-22T09:15:54.511+0000] {dag.py:3239} INFO - Sync 1 DAGs
[2026-07-22T09:15:54.529+0000] {logging_mixin.py:190} INFO - [2026-07-22T09:15:54.528+0000] {dag.py:4180} INFO - Setting next_dagrun for my_dag to None, run_after=None
[2026-07-22T09:15:54.543+0000] {processor.py:208} INFO - Processing /opt/airflow/dags/my_tasks.py took 0.073 seconds
[2026-07-22T09:16:24.726+0000] {processor.py:186} INFO - Started process (PID=251) to work on /opt/airflow/dags/my_tasks.py
[2026-07-22T09:16:24.734+0000] {processor.py:914} INFO - Processing file /opt/airflow/dags/my_tasks.py for tasks to queue
[2026-07-22T09:16:24.736+0000] {logging_mixin.py:190} INFO - [2026-07-22T09:16:24.736+0000] {dagbag.py:588} INFO - Filling up the DagBag from /opt/airflow/dags/my_tasks.py
[2026-07-22T09:16:24.746+0000] {processor.py:925} INFO - DAG(s) 'my_dag' retrieved from /opt/airflow/dags/my_tasks.py
[2026-07-22T09:16:24.764+0000] {logging_mixin.py:190} INFO - [2026-07-22T09:16:24.764+0000] {dag.py:3239} INFO - Sync 1 DAGs
[2026-07-22T09:16:24.779+0000] {logging_mixin.py:190} INFO - [2026-07-22T09:16:24.779+0000] {dag.py:4180} INFO - Setting next_dagrun for my_dag to None, run_after=None
[2026-07-22T09:16:24.794+0000] {processor.py:208} INFO - Processing /opt/airflow/dags/my_tasks.py took 0.073 seconds
[2026-07-22T09:16:54.993+0000] {processor.py:186} INFO - Started process (PID=262) to work on /opt/airflow/dags/my_tasks.py
[2026-07-22T09:16:55.001+0000] {processor.py:914} INFO - Processing file /opt/airflow/dags/my_tasks.py for tasks to queue
[2026-07-22T09:16:55.002+0000] {logging_mixin.py:190} INFO - [2026-07-22T09:16:55.002+0000] {dagbag.py:588} INFO - Filling up the DagBag from /opt/airflow/dags/my_tasks.py
[2026-07-22T09:16:55.009+0000] {processor.py:925} INFO - DAG(s) 'my_dag' retrieved from /opt/airflow/dags/my_tasks.py
[2026-07-22T09:16:55.031+0000] {logging_mixin.py:190} INFO - [2026-07-22T09:16:55.031+0000] {dag.py:3239} INFO - Sync 1 DAGs
[2026-07-22T09:16:55.048+0000] {logging_mixin.py:190} INFO - [2026-07-22T09:16:55.048+0000] {dag.py:4180} INFO - Setting next_dagrun for my_dag to None, run_after=None
[2026-07-22T09:16:55.078+0000] {processor.py:208} INFO - Processing /opt/airflow/dags/my_tasks.py took 0.090 seconds
[2026-07-22T09:17:25.223+0000] {processor.py:186} INFO - Started process (PID=273) to work on /opt/airflow/dags/my_tasks.py
[2026-07-22T09:17:25.231+0000] {processor.py:914} INFO - Processing file /opt/airflow/dags/my_tasks.py for tasks to queue
[2026-07-22T09:17:25.233+0000] {logging_mixin.py:190} INFO - [2026-07-22T09:17:25.232+0000] {dagbag.py:588} INFO - Filling up the DagBag from /opt/airflow/dags/my_tasks.py
[2026-07-22T09:17:25.240+0000] {processor.py:925} INFO - DAG(s) 'my_dag' retrieved from /opt/airflow/dags/my_tasks.py
[2026-07-22T09:17:25.260+0000] {logging_mixin.py:190} INFO - [2026-07-22T09:17:25.260+0000] {dag.py:3239} INFO - Sync 1 DAGs
[2026-07-22T09:17:25.279+0000] {logging_mixin.py:190} INFO - [2026-07-22T09:17:25.279+0000] {dag.py:4180} INFO - Setting next_dagrun for my_dag to None, run_after=None
[2026-07-22T09:17:25.295+0000] {processor.py:208} INFO - Processing /opt/airflow/dags/my_tasks.py took 0.076 seconds
[2026-07-22T09:17:55.741+0000] {processor.py:186} INFO - Started process (PID=284) to work on /opt/airflow/dags/my_tasks.py
[2026-07-22T09:17:55.749+0000] {processor.py:914} INFO - Processing file /opt/airflow/dags/my_tasks.py for tasks to queue
[2026-07-22T09:17:55.751+0000] {logging_mixin.py:190} INFO - [2026-07-22T09:17:55.751+0000] {dagbag.py:588} INFO - Filling up the DagBag from /opt/airflow/dags/my_tasks.py
[2026-07-22T09:17:55.758+0000] {processor.py:925} INFO - DAG(s) 'my_dag' retrieved from /opt/airflow/dags/my_tasks.py
[2026-07-22T09:17:55.778+0000] {logging_mixin.py:190} INFO - [2026-07-22T09:17:55.777+0000] {dag.py:3239} INFO - Sync 1 DAGs
[2026-07-22T09:17:55.795+0000] {logging_mixin.py:190} INFO - [2026-07-22T09:17:55.795+0000] {dag.py:4180} INFO - Setting next_dagrun for my_dag to None, run_after=None
[2026-07-22T09:17:55.814+0000] {processor.py:208} INFO - Processing /opt/airflow/dags/my_tasks.py took 0.077 seconds
[2026-07-22T09:18:26.003+0000] {processor.py:186} INFO - Started process (PID=295) to work on /opt/airflow/dags/my_tasks.py
[2026-07-22T09:18:26.011+0000] {processor.py:914} INFO - Processing file /opt/airflow/dags/my_tasks.py for tasks to queue
[2026-07-22T09:18:26.013+0000] {logging_mixin.py:190} INFO - [2026-07-22T09:18:26.013+0000] {dagbag.py:588} INFO - Filling up the DagBag from /opt/airflow/dags/my_tasks.py
[2026-07-22T09:18:26.020+0000] {processor.py:925} INFO - DAG(s) 'my_dag' retrieved from /opt/airflow/dags/my_tasks.py
[2026-07-22T09:18:26.038+0000] {logging_mixin.py:190} INFO - [2026-07-22T09:18:26.038+0000] {dag.py:3239} INFO - Sync 1 DAGs
[2026-07-22T09:18:26.057+0000] {logging_mixin.py:190} INFO - [2026-07-22T09:18:26.057+0000] {dag.py:4180} INFO - Setting next_dagrun for my_dag to None, run_after=None
[2026-07-22T09:18:26.071+0000] {processor.py:208} INFO - Processing /opt/airflow/dags/my_tasks.py took 0.072 seconds
[2026-07-22T09:18:56.243+0000] {processor.py:186} INFO - Started process (PID=306) to work on /opt/airflow/dags/my_tasks.py
[2026-07-22T09:18:56.244+0000] {processor.py:914} INFO - Processing file /opt/airflow/dags/my_tasks.py for tasks to queue
[2026-07-22T09:18:56.246+0000] {logging_mixin.py:190} INFO - [2026-07-22T09:18:56.246+0000] {dagbag.py:588} INFO - Filling up the DagBag from /opt/airflow/dags/my_tasks.py
[2026-07-22T09:18:56.256+0000] {processor.py:925} INFO - DAG(s) 'my_dag' retrieved from /opt/airflow/dags/my_tasks.py
[2026-07-22T09:18:56.281+0000] {logging_mixin.py:190} INFO - [2026-07-22T09:18:56.281+0000] {dag.py:3239} INFO - Sync 1 DAGs
[2026-07-22T09:18:56.297+0000] {logging_mixin.py:190} INFO - [2026-07-22T09:18:56.297+0000] {dag.py:4180} INFO - Setting next_dagrun for my_dag to None, run_after=None
[2026-07-22T09:18:56.313+0000] {processor.py:208} INFO - Processing /opt/airflow/dags/my_tasks.py took 0.075 seconds
[2026-07-22T09:19:26.476+0000] {processor.py:186} INFO - Started process (PID=317) to work on /opt/airflow/dags/my_tasks.py
[2026-07-22T09:19:26.484+0000] {processor.py:914} INFO - Processing file /opt/airflow/dags/my_tasks.py for tasks to queue
[2026-07-22T09:19:26.486+0000] {logging_mixin.py:190} INFO - [2026-07-22T09:19:26.486+0000] {dagbag.py:588} INFO - Filling up the DagBag from /opt/airflow/dags/my_tasks.py
[2026-07-22T09:19:26.493+0000] {processor.py:925} INFO - DAG(s) 'my_dag' retrieved from /opt/airflow/dags/my_tasks.py
[2026-07-22T09:19:26.512+0000] {logging_mixin.py:190} INFO - [2026-07-22T09:19:26.512+0000] {dag.py:3239} INFO - Sync 1 DAGs
[2026-07-22T09:19:26.531+0000] {logging_mixin.py:190} INFO - [2026-07-22T09:19:26.531+0000] {dag.py:4180} INFO - Setting next_dagrun for my_dag to None, run_after=None
[2026-07-22T09:19:26.551+0000] {processor.py:208} INFO - Processing /opt/airflow/dags/my_tasks.py took 0.079 seconds
[2026-07-22T09:19:56.742+0000] {processor.py:186} INFO - Started process (PID=328) to work on /opt/airflow/dags/my_tasks.py
[2026-07-22T09:19:56.750+0000] {processor.py:914} INFO - Processing file /opt/airflow/dags/my_tasks.py for tasks to queue
[2026-07-22T09:19:56.752+0000] {logging_mixin.py:190} INFO - [2026-07-22T09:19:56.752+0000] {dagbag.py:588} INFO - Filling up the DagBag from /opt/airflow/dags/my_tasks.py
[2026-07-22T09:19:56.762+0000] {processor.py:925} INFO - DAG(s) 'my_dag' retrieved from /opt/airflow/dags/my_tasks.py
[2026-07-22T09:19:56.781+0000] {logging_mixin.py:190} INFO - [2026-07-22T09:19:56.781+0000] {dag.py:3239} INFO - Sync 1 DAGs
[2026-07-22T09:19:56.799+0000] {logging_mixin.py:190} INFO - [2026-07-22T09:19:56.799+0000] {dag.py:4180} INFO - Setting next_dagrun for my_dag to None, run_after=None
[2026-07-22T09:19:56.824+0000] {processor.py:208} INFO - Processing /opt/airflow/dags/my_tasks.py took 0.086 seconds
[2026-07-22T09:20:26.990+0000] {processor.py:186} INFO - Started process (PID=345) to work on /opt/airflow/dags/my_tasks.py
[2026-07-22T09:20:26.991+0000] {processor.py:914} INFO - Processing file /opt/airflow/dags/my_tasks.py for tasks to queue
[2026-07-22T09:20:26.992+0000] {logging_mixin.py:190} INFO - [2026-07-22T09:20:26.992+0000] {dagbag.py:588} INFO - Filling up the DagBag from /opt/airflow/dags/my_tasks.py
[2026-07-22T09:20:26.999+0000] {processor.py:925} INFO - DAG(s) 'my_dag' retrieved from /opt/airflow/dags/my_tasks.py
[2026-07-22T09:20:27.017+0000] {logging_mixin.py:190} INFO - [2026-07-22T09:20:27.017+0000] {dag.py:3239} INFO - Sync 1 DAGs
[2026-07-22T09:20:27.033+0000] {logging_mixin.py:190} INFO - [2026-07-22T09:20:27.033+0000] {dag.py:4180} INFO - Setting next_dagrun for my_dag to None, run_after=None
[2026-07-22T09:20:27.047+0000] {processor.py:208} INFO - Processing /opt/airflow/dags/my_tasks.py took 0.060 seconds
[2026-07-22T09:20:57.253+0000] {processor.py:186} INFO - Started process (PID=356) to work on /opt/airflow/dags/my_tasks.py
[2026-07-22T09:20:57.254+0000] {processor.py:914} INFO - Processing file /opt/airflow/dags/my_tasks.py for tasks to queue
[2026-07-22T09:20:57.255+0000] {logging_mixin.py:190} INFO - [2026-07-22T09:20:57.255+0000] {dagbag.py:588} INFO - Filling up the DagBag from /opt/airflow/dags/my_tasks.py
[2026-07-22T09:20:57.264+0000] {processor.py:925} INFO - DAG(s) 'my_dag' retrieved from /opt/airflow/dags/my_tasks.py
[2026-07-22T09:20:57.283+0000] {logging_mixin.py:190} INFO - [2026-07-22T09:20:57.282+0000] {dag.py:3239} INFO - Sync 1 DAGs
[2026-07-22T09:20:57.299+0000] {logging_mixin.py:190} INFO - [2026-07-22T09:20:57.299+0000] {dag.py:4180} INFO - Setting next_dagrun for my_dag to None, run_after=None
[2026-07-22T09:20:57.327+0000] {processor.py:208} INFO - Processing /opt/airflow/dags/my_tasks.py took 0.078 seconds
[2026-07-22T09:21:27.508+0000] {processor.py:186} INFO - Started process (PID=367) to work on /opt/airflow/dags/my_tasks.py
[2026-07-22T09:21:27.509+0000] {processor.py:914} INFO - Processing file /opt/airflow/dags/my_tasks.py for tasks to queue
[2026-07-22T09:21:27.510+0000] {logging_mixin.py:190} INFO - [2026-07-22T09:21:27.510+0000] {dagbag.py:588} INFO - Filling up the DagBag from /opt/airflow/dags/my_tasks.py
[2026-07-22T09:21:27.519+0000] {processor.py:925} INFO - DAG(s) 'my_dag' retrieved from /opt/airflow/dags/my_tasks.py
[2026-07-22T09:21:27.539+0000] {logging_mixin.py:190} INFO - [2026-07-22T09:21:27.539+0000] {dag.py:3239} INFO - Sync 1 DAGs
[2026-07-22T09:21:27.561+0000] {logging_mixin.py:190} INFO - [2026-07-22T09:21:27.560+0000] {dag.py:4180} INFO - Setting next_dagrun for my_dag to None, run_after=None
[2026-07-22T09:21:27.579+0000] {processor.py:208} INFO - Processing /opt/airflow/dags/my_tasks.py took 0.077 seconds
[2026-07-22T09:21:57.756+0000] {processor.py:186} INFO - Started process (PID=378) to work on /opt/airflow/dags/my_tasks.py
[2026-07-22T09:21:57.764+0000] {processor.py:914} INFO - Processing file /opt/airflow/dags/my_tasks.py for tasks to queue
[2026-07-22T09:21:57.765+0000] {logging_mixin.py:190} INFO - [2026-07-22T09:21:57.765+0000] {dagbag.py:588} INFO - Filling up the DagBag from /opt/airflow/dags/my_tasks.py
[2026-07-22T09:21:57.774+0000] {processor.py:925} INFO - DAG(s) 'my_dag' retrieved from /opt/airflow/dags/my_tasks.py
[2026-07-22T09:21:57.793+0000] {logging_mixin.py:190} INFO - [2026-07-22T09:21:57.793+0000] {dag.py:3239} INFO - Sync 1 DAGs
[2026-07-22T09:21:57.810+0000] {logging_mixin.py:190} INFO - [2026-07-22T09:21:57.809+0000] {dag.py:4180} INFO - Setting next_dagrun for my_dag to None, run_after=None
[2026-07-22T09:21:57.825+0000] {processor.py:208} INFO - Processing /opt/airflow/dags/my_tasks.py took 0.073 seconds
[2026-07-22T09:22:28.011+0000] {processor.py:186} INFO - Started process (PID=389) to work on /opt/airflow/dags/my_tasks.py
[2026-07-22T09:22:28.019+0000] {processor.py:914} INFO - Processing file /opt/airflow/dags/my_tasks.py for tasks to queue
[2026-07-22T09:22:28.022+0000] {logging_mixin.py:190} INFO - [2026-07-22T09:22:28.021+0000] {dagbag.py:588} INFO - Filling up the DagBag from /opt/airflow/dags/my_tasks.py
[2026-07-22T09:22:28.030+0000] {processor.py:925} INFO - DAG(s) 'my_dag' retrieved from /opt/airflow/dags/my_tasks.py
[2026-07-22T09:22:28.048+0000] {logging_mixin.py:190} INFO - [2026-07-22T09:22:28.048+0000] {dag.py:3239} INFO - Sync 1 DAGs
[2026-07-22T09:22:28.067+0000] {logging_mixin.py:190} INFO - [2026-07-22T09:22:28.066+0000] {dag.py:4180} INFO - Setting next_dagrun for my_dag to None, run_after=None
[2026-07-22T09:22:28.082+0000] {processor.py:208} INFO - Processing /opt/airflow/dags/my_tasks.py took 0.075 seconds
[2026-07-22T09:22:58.262+0000] {processor.py:186} INFO - Started process (PID=400) to work on /opt/airflow/dags/my_tasks.py
[2026-07-22T09:22:58.270+0000] {processor.py:914} INFO - Processing file /opt/airflow/dags/my_tasks.py for tasks to queue
[2026-07-22T09:22:58.272+0000] {logging_mixin.py:190} INFO - [2026-07-22T09:22:58.272+0000] {dagbag.py:588} INFO - Filling up the DagBag from /opt/airflow/dags/my_tasks.py
[2026-07-22T09:22:58.284+0000] {processor.py:925} INFO - DAG(s) 'my_dag' retrieved from /opt/airflow/dags/my_tasks.py
[2026-07-22T09:22:58.302+0000] {logging_mixin.py:190} INFO - [2026-07-22T09:22:58.302+0000] {dag.py:3239} INFO - Sync 1 DAGs
[2026-07-22T09:22:58.319+0000] {logging_mixin.py:190} INFO - [2026-07-22T09:22:58.319+0000] {dag.py:4180} INFO - Setting next_dagrun for my_dag to None, run_after=None
[2026-07-22T09:22:58.337+0000] {processor.py:208} INFO - Processing /opt/airflow/dags/my_tasks.py took 0.079 seconds
[2026-07-22T09:23:28.500+0000] {processor.py:186} INFO - Started process (PID=411) to work on /opt/airflow/dags/my_tasks.py
[2026-07-22T09:23:28.508+0000] {processor.py:914} INFO - Processing file /opt/airflow/dags/my_tasks.py for tasks to queue
[2026-07-22T09:23:28.509+0000] {logging_mixin.py:190} INFO - [2026-07-22T09:23:28.509+0000] {dagbag.py:588} INFO - Filling up the DagBag from /opt/airflow/dags/my_tasks.py
[2026-07-22T09:23:28.516+0000] {processor.py:925} INFO - DAG(s) 'my_dag' retrieved from /opt/airflow/dags/my_tasks.py
[2026-07-22T09:23:28.534+0000] {logging_mixin.py:190} INFO - [2026-07-22T09:23:28.534+0000] {dag.py:3239} INFO - Sync 1 DAGs
[2026-07-22T09:23:28.550+0000] {logging_mixin.py:190} INFO - [2026-07-22T09:23:28.549+0000] {dag.py:4180} INFO - Setting next_dagrun for my_dag to None, run_after=None
[2026-07-22T09:23:28.564+0000] {processor.py:208} INFO - Processing /opt/airflow/dags/my_tasks.py took 0.068 seconds
[2026-07-22T09:23:58.721+0000] {processor.py:186} INFO - Started process (PID=422) to work on /opt/airflow/dags/my_tasks.py
[2026-07-22T09:23:58.729+0000] {processor.py:914} INFO - Processing file /opt/airflow/dags/my_tasks.py for tasks to queue
[2026-07-22T09:23:58.730+0000] {logging_mixin.py:190} INFO - [2026-07-22T09:23:58.730+0000] {dagbag.py:588} INFO - Filling up the DagBag from /opt/airflow/dags/my_tasks.py
[2026-07-22T09:23:58.739+0000] {processor.py:925} INFO - DAG(s) 'my_dag' retrieved from /opt/airflow/dags/my_tasks.py
[2026-07-22T09:23:58.759+0000] {logging_mixin.py:190} INFO - [2026-07-22T09:23:58.759+0000] {dag.py:3239} INFO - Sync 1 DAGs
[2026-07-22T09:23:58.776+0000] {logging_mixin.py:190} INFO - [2026-07-22T09:23:58.775+0000] {dag.py:4180} INFO - Setting next_dagrun for my_dag to None, run_after=None
[2026-07-22T09:23:58.790+0000] {processor.py:208} INFO - Processing /opt/airflow/dags/my_tasks.py took 0.073 seconds
[2026-07-22T09:24:28.990+0000] {processor.py:186} INFO - Started process (PID=433) to work on /opt/airflow/dags/my_tasks.py
[2026-07-22T09:24:28.991+0000] {processor.py:914} INFO - Processing file /opt/airflow/dags/my_tasks.py for tasks to queue
[2026-07-22T09:24:28.992+0000] {logging_mixin.py:190} INFO - [2026-07-22T09:24:28.992+0000] {dagbag.py:588} INFO - Filling up the DagBag from /opt/airflow/dags/my_tasks.py
[2026-07-22T09:24:28.999+0000] {processor.py:925} INFO - DAG(s) 'my_dag' retrieved from /opt/airflow/dags/my_tasks.py
[2026-07-22T09:24:29.018+0000] {logging_mixin.py:190} INFO - [2026-07-22T09:24:29.018+0000] {dag.py:3239} INFO - Sync 1 DAGs
[2026-07-22T09:24:29.033+0000] {logging_mixin.py:190} INFO - [2026-07-22T09:24:29.033+0000] {dag.py:4180} INFO - Setting next_dagrun for my_dag to None, run_after=None
[2026-07-22T09:24:29.048+0000] {processor.py:208} INFO - Processing /opt/airflow/dags/my_tasks.py took 0.062 seconds
[2026-07-22T09:24:59.251+0000] {processor.py:186} INFO - Started process (PID=444) to work on /opt/airflow/dags/my_tasks.py
[2026-07-22T09:24:59.259+0000] {processor.py:914} INFO - Processing file /opt/airflow/dags/my_tasks.py for tasks to queue
[2026-07-22T09:24:59.262+0000] {logging_mixin.py:190} INFO - [2026-07-22T09:24:59.261+0000] {dagbag.py:588} INFO - Filling up the DagBag from /opt/airflow/dags/my_tasks.py
[2026-07-22T09:24:59.270+0000] {processor.py:925} INFO - DAG(s) 'my_dag' retrieved from /opt/airflow/dags/my_tasks.py
[2026-07-22T09:24:59.289+0000] {logging_mixin.py:190} INFO - [2026-07-22T09:24:59.289+0000] {dag.py:3239} INFO - Sync 1 DAGs
[2026-07-22T09:24:59.306+0000] {logging_mixin.py:190} INFO - [2026-07-22T09:24:59.306+0000] {dag.py:4180} INFO - Setting next_dagrun for my_dag to None, run_after=None
[2026-07-22T09:24:59.320+0000] {processor.py:208} INFO - Processing /opt/airflow/dags/my_tasks.py took 0.074 seconds
[2026-07-22T09:25:29.515+0000] {processor.py:186} INFO - Started process (PID=455) to work on /opt/airflow/dags/my_tasks.py
[2026-07-22T09:25:29.523+0000] {processor.py:914} INFO - Processing file /opt/airflow/dags/my_tasks.py for tasks to queue
[2026-07-22T09:25:29.526+0000] {logging_mixin.py:190} INFO - [2026-07-22T09:25:29.525+0000] {dagbag.py:588} INFO - Filling up the DagBag from /opt/airflow/dags/my_tasks.py
[2026-07-22T09:25:29.535+0000] {processor.py:925} INFO - DAG(s) 'my_dag' retrieved from /opt/airflow/dags/my_tasks.py
[2026-07-22T09:25:29.554+0000] {logging_mixin.py:190} INFO - [2026-07-22T09:25:29.554+0000] {dag.py:3239} INFO - Sync 1 DAGs
[2026-07-22T09:25:29.572+0000] {logging_mixin.py:190} INFO - [2026-07-22T09:25:29.571+0000] {dag.py:4180} INFO - Setting next_dagrun for my_dag to None, run_after=None
[2026-07-22T09:25:29.587+0000] {processor.py:208} INFO - Processing /opt/airflow/dags/my_tasks.py took 0.076 seconds
[2026-07-22T09:25:59.776+0000] {processor.py:186} INFO - Started process (PID=466) to work on /opt/airflow/dags/my_tasks.py
[2026-07-22T09:25:59.780+0000] {processor.py:914} INFO - Processing file /opt/airflow/dags/my_tasks.py for tasks to queue
[2026-07-22T09:25:59.782+0000] {logging_mixin.py:190} INFO - [2026-07-22T09:25:59.782+0000] {dagbag.py:588} INFO - Filling up the DagBag from /opt/airflow/dags/my_tasks.py
[2026-07-22T09:25:59.791+0000] {processor.py:925} INFO - DAG(s) 'my_dag' retrieved from /opt/airflow/dags/my_tasks.py
[2026-07-22T09:25:59.810+0000] {logging_mixin.py:190} INFO - [2026-07-22T09:25:59.809+0000] {dag.py:3239} INFO - Sync 1 DAGs
[2026-07-22T09:25:59.826+0000] {logging_mixin.py:190} INFO - [2026-07-22T09:25:59.826+0000] {dag.py:4180} INFO - Setting next_dagrun for my_dag to None, run_after=None
[2026-07-22T09:25:59.841+0000] {processor.py:208} INFO - Processing /opt/airflow/dags/my_tasks.py took 0.069 seconds
[2026-07-22T09:26:30.048+0000] {processor.py:186} INFO - Started process (PID=477) to work on /opt/airflow/dags/my_tasks.py
[2026-07-22T09:26:30.049+0000] {processor.py:914} INFO - Processing file /opt/airflow/dags/my_tasks.py for tasks to queue
[2026-07-22T09:26:30.050+0000] {logging_mixin.py:190} INFO - [2026-07-22T09:26:30.050+0000] {dagbag.py:588} INFO - Filling up the DagBag from /opt/airflow/dags/my_tasks.py
[2026-07-22T09:26:30.057+0000] {processor.py:925} INFO - DAG(s) 'my_dag' retrieved from /opt/airflow/dags/my_tasks.py
[2026-07-22T09:26:30.075+0000] {logging_mixin.py:190} INFO - [2026-07-22T09:26:30.074+0000] {dag.py:3239} INFO - Sync 1 DAGs
[2026-07-22T09:26:30.090+0000] {logging_mixin.py:190} INFO - [2026-07-22T09:26:30.090+0000] {dag.py:4180} INFO - Setting next_dagrun for my_dag to None, run_after=None
[2026-07-22T09:26:30.104+0000] {processor.py:208} INFO - Processing /opt/airflow/dags/my_tasks.py took 0.060 seconds
[2026-07-22T09:27:00.288+0000] {processor.py:186} INFO - Started process (PID=488) to work on /opt/airflow/dags/my_tasks.py
[2026-07-22T09:27:00.295+0000] {processor.py:914} INFO - Processing file /opt/airflow/dags/my_tasks.py for tasks to queue
[2026-07-22T09:27:00.298+0000] {logging_mixin.py:190} INFO - [2026-07-22T09:27:00.298+0000] {dagbag.py:588} INFO - Filling up the DagBag from /opt/airflow/dags/my_tasks.py
[2026-07-22T09:27:00.305+0000] {processor.py:925} INFO - DAG(s) 'my_dag' retrieved from /opt/airflow/dags/my_tasks.py
[2026-07-22T09:27:00.324+0000] {logging_mixin.py:190} INFO - [2026-07-22T09:27:00.323+0000] {dag.py:3239} INFO - Sync 1 DAGs
[2026-07-22T09:27:00.340+0000] {logging_mixin.py:190} INFO - [2026-07-22T09:27:00.340+0000] {dag.py:4180} INFO - Setting next_dagrun for my_dag to None, run_after=None
[2026-07-22T09:27:00.354+0000] {processor.py:208} INFO - Processing /opt/airflow/dags/my_tasks.py took 0.070 seconds
[2026-07-22T09:27:30.551+0000] {processor.py:186} INFO - Started process (PID=499) to work on /opt/airflow/dags/my_tasks.py
[2026-07-22T09:27:30.559+0000] {processor.py:914} INFO - Processing file /opt/airflow/dags/my_tasks.py for tasks to queue
[2026-07-22T09:27:30.560+0000] {logging_mixin.py:190} INFO - [2026-07-22T09:27:30.560+0000] {dagbag.py:588} INFO - Filling up the DagBag from /opt/airflow/dags/my_tasks.py
[2026-07-22T09:27:30.569+0000] {processor.py:925} INFO - DAG(s) 'my_dag' retrieved from /opt/airflow/dags/my_tasks.py
[2026-07-22T09:27:30.587+0000] {logging_mixin.py:190} INFO - [2026-07-22T09:27:30.587+0000] {dag.py:3239} INFO - Sync 1 DAGs
[2026-07-22T09:27:30.604+0000] {logging_mixin.py:190} INFO - [2026-07-22T09:27:30.604+0000] {dag.py:4180} INFO - Setting next_dagrun for my_dag to None, run_after=None
[2026-07-22T09:27:30.622+0000] {processor.py:208} INFO - Processing /opt/airflow/dags/my_tasks.py took 0.075 seconds
[2026-07-22T09:28:00.811+0000] {processor.py:186} INFO - Started process (PID=510) to work on /opt/airflow/dags/my_tasks.py
[2026-07-22T09:28:00.819+0000] {processor.py:914} INFO - Processing file /opt/airflow/dags/my_tasks.py for tasks to queue
[2026-07-22T09:28:00.821+0000] {logging_mixin.py:190} INFO - [2026-07-22T09:28:00.820+0000] {dagbag.py:588} INFO - Filling up the DagBag from /opt/airflow/dags/my_tasks.py
[2026-07-22T09:28:00.829+0000] {processor.py:925} INFO - DAG(s) 'my_dag' retrieved from /opt/airflow/dags/my_tasks.py
[2026-07-22T09:28:00.847+0000] {logging_mixin.py:190} INFO - [2026-07-22T09:28:00.847+0000] {dag.py:3239} INFO - Sync 1 DAGs
[2026-07-22T09:28:00.863+0000] {logging_mixin.py:190} INFO - [2026-07-22T09:28:00.863+0000] {dag.py:4180} INFO - Setting next_dagrun for my_dag to None, run_after=None
[2026-07-22T09:28:00.877+0000] {processor.py:208} INFO - Processing /opt/airflow/dags/my_tasks.py took 0.071 seconds
[2026-07-22T09:28:31.069+0000] {processor.py:186} INFO - Started process (PID=521) to work on /opt/airflow/dags/my_tasks.py
[2026-07-22T09:28:31.077+0000] {processor.py:914} INFO - Processing file /opt/airflow/dags/my_tasks.py for tasks to queue
[2026-07-22T09:28:31.079+0000] {logging_mixin.py:190} INFO - [2026-07-22T09:28:31.079+0000] {dagbag.py:588} INFO - Filling up the DagBag from /opt/airflow/dags/my_tasks.py
[2026-07-22T09:28:31.088+0000] {processor.py:925} INFO - DAG(s) 'my_dag' retrieved from /opt/airflow/dags/my_tasks.py
[2026-07-22T09:28:31.106+0000] {logging_mixin.py:190} INFO - [2026-07-22T09:28:31.106+0000] {dag.py:3239} INFO - Sync 1 DAGs
[2026-07-22T09:28:31.123+0000] {logging_mixin.py:190} INFO - [2026-07-22T09:28:31.123+0000] {dag.py:4180} INFO - Setting next_dagrun for my_dag to None, run_after=None
[2026-07-22T09:28:31.137+0000] {processor.py:208} INFO - Processing /opt/airflow/dags/my_tasks.py took 0.071 seconds
[2026-07-22T09:29:01.317+0000] {processor.py:186} INFO - Started process (PID=532) to work on /opt/airflow/dags/my_tasks.py
[2026-07-22T09:29:01.325+0000] {processor.py:914} INFO - Processing file /opt/airflow/dags/my_tasks.py for tasks to queue
[2026-07-22T09:29:01.327+0000] {logging_mixin.py:190} INFO - [2026-07-22T09:29:01.326+0000] {dagbag.py:588} INFO - Filling up the DagBag from /opt/airflow/dags/my_tasks.py
[2026-07-22T09:29:01.336+0000] {processor.py:925} INFO - DAG(s) 'my_dag' retrieved from /opt/airflow/dags/my_tasks.py
[2026-07-22T09:29:01.354+0000] {logging_mixin.py:190} INFO - [2026-07-22T09:29:01.354+0000] {dag.py:3239} INFO - Sync 1 DAGs
[2026-07-22T09:29:01.370+0000] {logging_mixin.py:190} INFO - [2026-07-22T09:29:01.370+0000] {dag.py:4180} INFO - Setting next_dagrun for my_dag to None, run_after=None
[2026-07-22T09:29:01.384+0000] {processor.py:208} INFO - Processing /opt/airflow/dags/my_tasks.py took 0.071 seconds
[2026-07-22T09:29:31.573+0000] {processor.py:186} INFO - Started process (PID=543) to work on /opt/airflow/dags/my_tasks.py
[2026-07-22T09:29:31.577+0000] {processor.py:914} INFO - Processing file /opt/airflow/dags/my_tasks.py for tasks to queue
[2026-07-22T09:29:31.578+0000] {logging_mixin.py:190} INFO - [2026-07-22T09:29:31.578+0000] {dagbag.py:588} INFO - Filling up the DagBag from /opt/airflow/dags/my_tasks.py
[2026-07-22T09:29:31.585+0000] {processor.py:925} INFO - DAG(s) 'my_dag' retrieved from /opt/airflow/dags/my_tasks.py
[2026-07-22T09:29:31.603+0000] {logging_mixin.py:190} INFO - [2026-07-22T09:29:31.603+0000] {dag.py:3239} INFO - Sync 1 DAGs
[2026-07-22T09:29:31.620+0000] {logging_mixin.py:190} INFO - [2026-07-22T09:29:31.620+0000] {dag.py:4180} INFO - Setting next_dagrun for my_dag to None, run_after=None
[2026-07-22T09:29:31.635+0000] {processor.py:208} INFO - Processing /opt/airflow/dags/my_tasks.py took 0.067 seconds
[2026-07-22T09:30:01.820+0000] {processor.py:186} INFO - Started process (PID=554) to work on /opt/airflow/dags/my_tasks.py
[2026-07-22T09:30:01.828+0000] {processor.py:914} INFO - Processing file /opt/airflow/dags/my_tasks.py for tasks to queue
[2026-07-22T09:30:01.830+0000] {logging_mixin.py:190} INFO - [2026-07-22T09:30:01.829+0000] {dagbag.py:588} INFO - Filling up the DagBag from /opt/airflow/dags/my_tasks.py
[2026-07-22T09:30:01.837+0000] {processor.py:925} INFO - DAG(s) 'my_dag' retrieved from /opt/airflow/dags/my_tasks.py
[2026-07-22T09:30:01.856+0000] {logging_mixin.py:190} INFO - [2026-07-22T09:30:01.855+0000] {dag.py:3239} INFO - Sync 1 DAGs
[2026-07-22T09:30:01.873+0000] {logging_mixin.py:190} INFO - [2026-07-22T09:30:01.873+0000] {dag.py:4180} INFO - Setting next_dagrun for my_dag to None, run_after=None
[2026-07-22T09:30:01.886+0000] {processor.py:208} INFO - Processing /opt/airflow/dags/my_tasks.py took 0.071 seconds
[2026-07-22T09:30:32.086+0000] {processor.py:186} INFO - Started process (PID=565) to work on /opt/airflow/dags/my_tasks.py
[2026-07-22T09:30:32.094+0000] {processor.py:914} INFO - Processing file /opt/airflow/dags/my_tasks.py for tasks to queue
[2026-07-22T09:30:32.095+0000] {logging_mixin.py:190} INFO - [2026-07-22T09:30:32.095+0000] {dagbag.py:588} INFO - Filling up the DagBag from /opt/airflow/dags/my_tasks.py
[2026-07-22T09:30:32.103+0000] {processor.py:925} INFO - DAG(s) 'my_dag' retrieved from /opt/airflow/dags/my_tasks.py
[2026-07-22T09:30:32.121+0000] {logging_mixin.py:190} INFO - [2026-07-22T09:30:32.121+0000] {dag.py:3239} INFO - Sync 1 DAGs
[2026-07-22T09:30:32.137+0000] {logging_mixin.py:190} INFO - [2026-07-22T09:30:32.137+0000] {dag.py:4180} INFO - Setting next_dagrun for my_dag to None, run_after=None
[2026-07-22T09:30:32.150+0000] {processor.py:208} INFO - Processing /opt/airflow/dags/my_tasks.py took 0.069 seconds
[2026-07-22T09:31:02.320+0000] {processor.py:186} INFO - Started process (PID=576) to work on /opt/airflow/dags/my_tasks.py
[2026-07-22T09:31:02.328+0000] {processor.py:914} INFO - Processing file /opt/airflow/dags/my_tasks.py for tasks to queue
[2026-07-22T09:31:02.331+0000] {logging_mixin.py:190} INFO - [2026-07-22T09:31:02.331+0000] {dagbag.py:588} INFO - Filling up the DagBag from /opt/airflow/dags/my_tasks.py
[2026-07-22T09:31:02.340+0000] {processor.py:925} INFO - DAG(s) 'my_dag' retrieved from /opt/airflow/dags/my_tasks.py
[2026-07-22T09:31:02.358+0000] {logging_mixin.py:190} INFO - [2026-07-22T09:31:02.358+0000] {dag.py:3239} INFO - Sync 1 DAGs
[2026-07-22T09:31:02.375+0000] {logging_mixin.py:190} INFO - [2026-07-22T09:31:02.375+0000] {dag.py:4180} INFO - Setting next_dagrun for my_dag to None, run_after=None
[2026-07-22T09:31:02.389+0000] {processor.py:208} INFO - Processing /opt/airflow/dags/my_tasks.py took 0.073 seconds
[2026-07-22T09:31:32.592+0000] {processor.py:186} INFO - Started process (PID=587) to work on /opt/airflow/dags/my_tasks.py
[2026-07-22T09:31:32.592+0000] {processor.py:914} INFO - Processing file /opt/airflow/dags/my_tasks.py for tasks to queue
[2026-07-22T09:31:32.594+0000] {logging_mixin.py:190} INFO - [2026-07-22T09:31:32.593+0000] {dagbag.py:588} INFO - Filling up the DagBag from /opt/airflow/dags/my_tasks.py
[2026-07-22T09:31:32.601+0000] {processor.py:925} INFO - DAG(s) 'my_dag' retrieved from /opt/airflow/dags/my_tasks.py
[2026-07-22T09:31:32.619+0000] {logging_mixin.py:190} INFO - [2026-07-22T09:31:32.618+0000] {dag.py:3239} INFO - Sync 1 DAGs
[2026-07-22T09:31:32.635+0000] {logging_mixin.py:190} INFO - [2026-07-22T09:31:32.634+0000] {dag.py:4180} INFO - Setting next_dagrun for my_dag to None, run_after=None
[2026-07-22T09:31:32.648+0000] {processor.py:208} INFO - Processing /opt/airflow/dags/my_tasks.py took 0.060 seconds
[2026-07-22T09:32:02.846+0000] {processor.py:186} INFO - Started process (PID=598) to work on /opt/airflow/dags/my_tasks.py
[2026-07-22T09:32:02.847+0000] {processor.py:914} INFO - Processing file /opt/airflow/dags/my_tasks.py for tasks to queue
[2026-07-22T09:32:02.849+0000] {logging_mixin.py:190} INFO - [2026-07-22T09:32:02.848+0000] {dagbag.py:588} INFO - Filling up the DagBag from /opt/airflow/dags/my_tasks.py
[2026-07-22T09:32:02.855+0000] {processor.py:925} INFO - DAG(s) 'my_dag' retrieved from /opt/airflow/dags/my_tasks.py
[2026-07-22T09:32:02.874+0000] {logging_mixin.py:190} INFO - [2026-07-22T09:32:02.874+0000] {dag.py:3239} INFO - Sync 1 DAGs
[2026-07-22T09:32:02.890+0000] {logging_mixin.py:190} INFO - [2026-07-22T09:32:02.890+0000] {dag.py:4180} INFO - Setting next_dagrun for my_dag to None, run_after=None
[2026-07-22T09:32:02.905+0000] {processor.py:208} INFO - Processing /opt/airflow/dags/my_tasks.py took 0.064 seconds
[2026-07-22T09:32:33.113+0000] {processor.py:186} INFO - Started process (PID=609) to work on /opt/airflow/dags/my_tasks.py
[2026-07-22T09:32:33.114+0000] {processor.py:914} INFO - Processing file /opt/airflow/dags/my_tasks.py for tasks to queue
[2026-07-22T09:32:33.115+0000] {logging_mixin.py:190} INFO - [2026-07-22T09:32:33.115+0000] {dagbag.py:588} INFO - Filling up the DagBag from /opt/airflow/dags/my_tasks.py
[2026-07-22T09:32:33.122+0000] {processor.py:925} INFO - DAG(s) 'my_dag' retrieved from /opt/airflow/dags/my_tasks.py
[2026-07-22T09:32:33.140+0000] {logging_mixin.py:190} INFO - [2026-07-22T09:32:33.140+0000] {dag.py:3239} INFO - Sync 1 DAGs
[2026-07-22T09:32:33.155+0000] {logging_mixin.py:190} INFO - [2026-07-22T09:32:33.155+0000] {dag.py:4180} INFO - Setting next_dagrun for my_dag to None, run_after=None
[2026-07-22T09:32:33.169+0000] {processor.py:208} INFO - Processing /opt/airflow/dags/my_tasks.py took 0.060 seconds
[2026-07-22T09:33:03.361+0000] {processor.py:186} INFO - Started process (PID=620) to work on /opt/airflow/dags/my_tasks.py
[2026-07-22T09:33:03.361+0000] {processor.py:914} INFO - Processing file /opt/airflow/dags/my_tasks.py for tasks to queue
[2026-07-22T09:33:03.362+0000] {logging_mixin.py:190} INFO - [2026-07-22T09:33:03.362+0000] {dagbag.py:588} INFO - Filling up the DagBag from /opt/airflow/dags/my_tasks.py
[2026-07-22T09:33:03.369+0000] {processor.py:925} INFO - DAG(s) 'my_dag' retrieved from /opt/airflow/dags/my_tasks.py
[2026-07-22T09:33:03.387+0000] {logging_mixin.py:190} INFO - [2026-07-22T09:33:03.387+0000] {dag.py:3239} INFO - Sync 1 DAGs
[2026-07-22T09:33:03.403+0000] {logging_mixin.py:190} INFO - [2026-07-22T09:33:03.403+0000] {dag.py:4180} INFO - Setting next_dagrun for my_dag to None, run_after=None
[2026-07-22T09:33:03.417+0000] {processor.py:208} INFO - Processing /opt/airflow/dags/my_tasks.py took 0.061 seconds
[2026-07-22T09:33:33.626+0000] {processor.py:186} INFO - Started process (PID=631) to work on /opt/airflow/dags/my_tasks.py
[2026-07-22T09:33:33.626+0000] {processor.py:914} INFO - Processing file /opt/airflow/dags/my_tasks.py for tasks to queue
[2026-07-22T09:33:33.628+0000] {logging_mixin.py:190} INFO - [2026-07-22T09:33:33.628+0000] {dagbag.py:588} INFO - Filling up the DagBag from /opt/airflow/dags/my_tasks.py
[2026-07-22T09:33:33.635+0000] {processor.py:925} INFO - DAG(s) 'my_dag' retrieved from /opt/airflow/dags/my_tasks.py
[2026-07-22T09:33:33.653+0000] {logging_mixin.py:190} INFO - [2026-07-22T09:33:33.653+0000] {dag.py:3239} INFO - Sync 1 DAGs
[2026-07-22T09:33:33.668+0000] {logging_mixin.py:190} INFO - [2026-07-22T09:33:33.668+0000] {dag.py:4180} INFO - Setting next_dagrun for my_dag to None, run_after=None
[2026-07-22T09:33:33.682+0000] {processor.py:208} INFO - Processing /opt/airflow/dags/my_tasks.py took 0.061 seconds
[2026-07-22T09:34:03.877+0000] {processor.py:186} INFO - Started process (PID=642) to work on /opt/airflow/dags/my_tasks.py
[2026-07-22T09:34:03.878+0000] {processor.py:914} INFO - Processing file /opt/airflow/dags/my_tasks.py for tasks to queue
[2026-07-22T09:34:03.880+0000] {logging_mixin.py:190} INFO - [2026-07-22T09:34:03.880+0000] {dagbag.py:588} INFO - Filling up the DagBag from /opt/airflow/dags/my_tasks.py
[2026-07-22T09:34:03.887+0000] {processor.py:925} INFO - DAG(s) 'my_dag' retrieved from /opt/airflow/dags/my_tasks.py
[2026-07-22T09:34:03.906+0000] {logging_mixin.py:190} INFO - [2026-07-22T09:34:03.905+0000] {dag.py:3239} INFO - Sync 1 DAGs
[2026-07-22T09:34:03.922+0000] {logging_mixin.py:190} INFO - [2026-07-22T09:34:03.922+0000] {dag.py:4180} INFO - Setting next_dagrun for my_dag to None, run_after=None
[2026-07-22T09:34:03.947+0000] {processor.py:208} INFO - Processing /opt/airflow/dags/my_tasks.py took 0.076 seconds
[2026-07-22T09:34:34.121+0000] {processor.py:186} INFO - Started process (PID=653) to work on /opt/airflow/dags/my_tasks.py
[2026-07-22T09:34:34.122+0000] {processor.py:914} INFO - Processing file /opt/airflow/dags/my_tasks.py for tasks to queue
[2026-07-22T09:34:34.123+0000] {logging_mixin.py:190} INFO - [2026-07-22T09:34:34.123+0000] {dagbag.py:588} INFO - Filling up the DagBag from /opt/airflow/dags/my_tasks.py
[2026-07-22T09:34:34.130+0000] {processor.py:925} INFO - DAG(s) 'my_dag' retrieved from /opt/airflow/dags/my_tasks.py
[2026-07-22T09:34:34.148+0000] {logging_mixin.py:190} INFO - [2026-07-22T09:34:34.148+0000] {dag.py:3239} INFO - Sync 1 DAGs
[2026-07-22T09:34:34.164+0000] {logging_mixin.py:190} INFO - [2026-07-22T09:34:34.164+0000] {dag.py:4180} INFO - Setting next_dagrun for my_dag to None, run_after=None
[2026-07-22T09:34:34.178+0000] {processor.py:208} INFO - Processing /opt/airflow/dags/my_tasks.py took 0.060 seconds
[2026-07-22T09:35:04.382+0000] {processor.py:186} INFO - Started process (PID=664) to work on /opt/airflow/dags/my_tasks.py
[2026-07-22T09:35:04.382+0000] {processor.py:914} INFO - Processing file /opt/airflow/dags/my_tasks.py for tasks to queue
[2026-07-22T09:35:04.383+0000] {logging_mixin.py:190} INFO - [2026-07-22T09:35:04.383+0000] {dagbag.py:588} INFO - Filling up the DagBag from /opt/airflow/dags/my_tasks.py
[2026-07-22T09:35:04.390+0000] {processor.py:925} INFO - DAG(s) 'my_dag' retrieved from /opt/airflow/dags/my_tasks.py
[2026-07-22T09:35:04.408+0000] {logging_mixin.py:190} INFO - [2026-07-22T09:35:04.408+0000] {dag.py:3239} INFO - Sync 1 DAGs
[2026-07-22T09:35:04.424+0000] {logging_mixin.py:190} INFO - [2026-07-22T09:35:04.424+0000] {dag.py:4180} INFO - Setting next_dagrun for my_dag to None, run_after=None
[2026-07-22T09:35:04.439+0000] {processor.py:208} INFO - Processing /opt/airflow/dags/my_tasks.py took 0.061 seconds
[2026-07-22T09:35:34.633+0000] {processor.py:186} INFO - Started process (PID=675) to work on /opt/airflow/dags/my_tasks.py
[2026-07-22T09:35:34.636+0000] {processor.py:914} INFO - Processing file /opt/airflow/dags/my_tasks.py for tasks to queue
[2026-07-22T09:35:34.637+0000] {logging_mixin.py:190} INFO - [2026-07-22T09:35:34.637+0000] {dagbag.py:588} INFO - Filling up the DagBag from /opt/airflow/dags/my_tasks.py
[2026-07-22T09:35:34.644+0000] {processor.py:925} INFO - DAG(s) 'my_dag' retrieved from /opt/airflow/dags/my_tasks.py
[2026-07-22T09:35:34.662+0000] {logging_mixin.py:190} INFO - [2026-07-22T09:35:34.662+0000] {dag.py:3239} INFO - Sync 1 DAGs
[2026-07-22T09:35:34.678+0000] {logging_mixin.py:190} INFO - [2026-07-22T09:35:34.678+0000] {dag.py:4180} INFO - Setting next_dagrun for my_dag to None, run_after=None
[2026-07-22T09:35:34.692+0000] {processor.py:208} INFO - Processing /opt/airflow/dags/my_tasks.py took 0.063 seconds
[2026-07-22T09:36:04.888+0000] {processor.py:186} INFO - Started process (PID=686) to work on /opt/airflow/dags/my_tasks.py
[2026-07-22T09:36:04.889+0000] {processor.py:914} INFO - Processing file /opt/airflow/dags/my_tasks.py for tasks to queue
[2026-07-22T09:36:04.890+0000] {logging_mixin.py:190} INFO - [2026-07-22T09:36:04.890+0000] {dagbag.py:588} INFO - Filling up the DagBag from /opt/airflow/dags/my_tasks.py
[2026-07-22T09:36:04.897+0000] {processor.py:925} INFO - DAG(s) 'my_dag' retrieved from /opt/airflow/dags/my_tasks.py
[2026-07-22T09:36:04.915+0000] {logging_mixin.py:190} INFO - [2026-07-22T09:36:04.915+0000] {dag.py:3239} INFO - Sync 1 DAGs
[2026-07-22T09:36:04.930+0000] {logging_mixin.py:190} INFO - [2026-07-22T09:36:04.930+0000] {dag.py:4180} INFO - Setting next_dagrun for my_dag to None, run_after=None
[2026-07-22T09:36:04.944+0000] {processor.py:208} INFO - Processing /opt/airflow/dags/my_tasks.py took 0.060 seconds
[2026-07-22T09:36:35.157+0000] {processor.py:186} INFO - Started process (PID=697) to work on /opt/airflow/dags/my_tasks.py
[2026-07-22T09:36:35.158+0000] {processor.py:914} INFO - Processing file /opt/airflow/dags/my_tasks.py for tasks to queue
[2026-07-22T09:36:35.159+0000] {logging_mixin.py:190} INFO - [2026-07-22T09:36:35.159+0000] {dagbag.py:588} INFO - Filling up the DagBag from /opt/airflow/dags/my_tasks.py
[2026-07-22T09:36:35.166+0000] {processor.py:925} INFO - DAG(s) 'my_dag' retrieved from /opt/airflow/dags/my_tasks.py
[2026-07-22T09:36:35.184+0000] {logging_mixin.py:190} INFO - [2026-07-22T09:36:35.184+0000] {dag.py:3239} INFO - Sync 1 DAGs
[2026-07-22T09:36:35.200+0000] {logging_mixin.py:190} INFO - [2026-07-22T09:36:35.200+0000] {dag.py:4180} INFO - Setting next_dagrun for my_dag to None, run_after=None
[2026-07-22T09:36:35.213+0000] {processor.py:208} INFO - Processing /opt/airflow/dags/my_tasks.py took 0.060 seconds
[2026-07-22T09:37:05.406+0000] {processor.py:186} INFO - Started process (PID=708) to work on /opt/airflow/dags/my_tasks.py
[2026-07-22T09:37:05.406+0000] {processor.py:914} INFO - Processing file /opt/airflow/dags/my_tasks.py for tasks to queue
[2026-07-22T09:37:05.408+0000] {logging_mixin.py:190} INFO - [2026-07-22T09:37:05.407+0000] {dagbag.py:588} INFO - Filling up the DagBag from /opt/airflow/dags/my_tasks.py
[2026-07-22T09:37:05.414+0000] {processor.py:925} INFO - DAG(s) 'my_dag' retrieved from /opt/airflow/dags/my_tasks.py
[2026-07-22T09:37:05.432+0000] {logging_mixin.py:190} INFO - [2026-07-22T09:37:05.432+0000] {dag.py:3239} INFO - Sync 1 DAGs
[2026-07-22T09:37:05.449+0000] {logging_mixin.py:190} INFO - [2026-07-22T09:37:05.448+0000] {dag.py:4180} INFO - Setting next_dagrun for my_dag to None, run_after=None
[2026-07-22T09:37:05.462+0000] {processor.py:208} INFO - Processing /opt/airflow/dags/my_tasks.py took 0.060 seconds
[2026-07-22T09:37:35.675+0000] {processor.py:186} INFO - Started process (PID=719) to work on /opt/airflow/dags/my_tasks.py
[2026-07-22T09:37:35.683+0000] {processor.py:914} INFO - Processing file /opt/airflow/dags/my_tasks.py for tasks to queue
[2026-07-22T09:37:35.685+0000] {logging_mixin.py:190} INFO - [2026-07-22T09:37:35.684+0000] {dagbag.py:588} INFO - Filling up the DagBag from /opt/airflow/dags/my_tasks.py
[2026-07-22T09:37:35.691+0000] {processor.py:925} INFO - DAG(s) 'my_dag' retrieved from /opt/airflow/dags/my_tasks.py
[2026-07-22T09:37:35.710+0000] {logging_mixin.py:190} INFO - [2026-07-22T09:37:35.709+0000] {dag.py:3239} INFO - Sync 1 DAGs
[2026-07-22T09:37:35.726+0000] {logging_mixin.py:190} INFO - [2026-07-22T09:37:35.725+0000] {dag.py:4180} INFO - Setting next_dagrun for my_dag to None, run_after=None
[2026-07-22T09:37:35.740+0000] {processor.py:208} INFO - Processing /opt/airflow/dags/my_tasks.py took 0.070 seconds
[2026-07-22T09:38:05.923+0000] {processor.py:186} INFO - Started process (PID=730) to work on /opt/airflow/dags/my_tasks.py
[2026-07-22T09:38:05.923+0000] {processor.py:914} INFO - Processing file /opt/airflow/dags/my_tasks.py for tasks to queue
[2026-07-22T09:38:05.925+0000] {logging_mixin.py:190} INFO - [2026-07-22T09:38:05.925+0000] {dagbag.py:588} INFO - Filling up the DagBag from /opt/airflow/dags/my_tasks.py
[2026-07-22T09:38:05.932+0000] {processor.py:925} INFO - DAG(s) 'my_dag' retrieved from /opt/airflow/dags/my_tasks.py
[2026-07-22T09:38:05.950+0000] {logging_mixin.py:190} INFO - [2026-07-22T09:38:05.949+0000] {dag.py:3239} INFO - Sync 1 DAGs
[2026-07-22T09:38:05.965+0000] {logging_mixin.py:190} INFO - [2026-07-22T09:38:05.965+0000] {dag.py:4180} INFO - Setting next_dagrun for my_dag to None, run_after=None
[2026-07-22T09:38:05.980+0000] {processor.py:208} INFO - Processing /opt/airflow/dags/my_tasks.py took 0.061 seconds
[2026-07-22T09:38:36.169+0000] {processor.py:186} INFO - Started process (PID=741) to work on /opt/airflow/dags/my_tasks.py
[2026-07-22T09:38:36.169+0000] {processor.py:914} INFO - Processing file /opt/airflow/dags/my_tasks.py for tasks to queue
[2026-07-22T09:38:36.171+0000] {logging_mixin.py:190} INFO - [2026-07-22T09:38:36.171+0000] {dagbag.py:588} INFO - Filling up the DagBag from /opt/airflow/dags/my_tasks.py
[2026-07-22T09:38:36.178+0000] {processor.py:925} INFO - DAG(s) 'my_dag' retrieved from /opt/airflow/dags/my_tasks.py
[2026-07-22T09:38:36.197+0000] {logging_mixin.py:190} INFO - [2026-07-22T09:38:36.196+0000] {dag.py:3239} INFO - Sync 1 DAGs
[2026-07-22T09:38:36.212+0000] {logging_mixin.py:190} INFO - [2026-07-22T09:38:36.212+0000] {dag.py:4180} INFO - Setting next_dagrun for my_dag to None, run_after=None
[2026-07-22T09:38:36.228+0000] {processor.py:208} INFO - Processing /opt/airflow/dags/my_tasks.py took 0.063 seconds
[2026-07-22T09:39:06.423+0000] {processor.py:186} INFO - Started process (PID=752) to work on /opt/airflow/dags/my_tasks.py
[2026-07-22T09:39:06.424+0000] {processor.py:914} INFO - Processing file /opt/airflow/dags/my_tasks.py for tasks to queue
[2026-07-22T09:39:06.425+0000] {logging_mixin.py:190} INFO - [2026-07-22T09:39:06.425+0000] {dagbag.py:588} INFO - Filling up the DagBag from /opt/airflow/dags/my_tasks.py
[2026-07-22T09:39:06.432+0000] {processor.py:925} INFO - DAG(s) 'my_dag' retrieved from /opt/airflow/dags/my_tasks.py
[2026-07-22T09:39:06.450+0000] {logging_mixin.py:190} INFO - [2026-07-22T09:39:06.450+0000] {dag.py:3239} INFO - Sync 1 DAGs
[2026-07-22T09:39:06.466+0000] {logging_mixin.py:190} INFO - [2026-07-22T09:39:06.466+0000] {dag.py:4180} INFO - Setting next_dagrun for my_dag to None, run_after=None
[2026-07-22T09:39:06.480+0000] {processor.py:208} INFO - Processing /opt/airflow/dags/my_tasks.py took 0.061 seconds
[2026-07-22T09:39:36.678+0000] {processor.py:186} INFO - Started process (PID=763) to work on /opt/airflow/dags/my_tasks.py
[2026-07-22T09:39:36.679+0000] {processor.py:914} INFO - Processing file /opt/airflow/dags/my_tasks.py for tasks to queue
[2026-07-22T09:39:36.680+0000] {logging_mixin.py:190} INFO - [2026-07-22T09:39:36.680+0000] {dagbag.py:588} INFO - Filling up the DagBag from /opt/airflow/dags/my_tasks.py
[2026-07-22T09:39:36.687+0000] {processor.py:925} INFO - DAG(s) 'my_dag' retrieved from /opt/airflow/dags/my_tasks.py
[2026-07-22T09:39:36.706+0000] {logging_mixin.py:190} INFO - [2026-07-22T09:39:36.706+0000] {dag.py:3239} INFO - Sync 1 DAGs
[2026-07-22T09:39:36.722+0000] {logging_mixin.py:190} INFO - [2026-07-22T09:39:36.722+0000] {dag.py:4180} INFO - Setting next_dagrun for my_dag to None, run_after=None
[2026-07-22T09:39:36.736+0000] {processor.py:208} INFO - Processing /opt/airflow/dags/my_tasks.py took 0.062 seconds
[2026-07-22T09:40:06.924+0000] {processor.py:186} INFO - Started process (PID=774) to work on /opt/airflow/dags/my_tasks.py
[2026-07-22T09:40:06.925+0000] {processor.py:914} INFO - Processing file /opt/airflow/dags/my_tasks.py for tasks to queue
[2026-07-22T09:40:06.926+0000] {logging_mixin.py:190} INFO - [2026-07-22T09:40:06.926+0000] {dagbag.py:588} INFO - Filling up the DagBag from /opt/airflow/dags/my_tasks.py
[2026-07-22T09:40:06.933+0000] {processor.py:925} INFO - DAG(s) 'my_dag' retrieved from /opt/airflow/dags/my_tasks.py
[2026-07-22T09:40:06.950+0000] {logging_mixin.py:190} INFO - [2026-07-22T09:40:06.950+0000] {dag.py:3239} INFO - Sync 1 DAGs
[2026-07-22T09:40:06.965+0000] {logging_mixin.py:190} INFO - [2026-07-22T09:40:06.965+0000] {dag.py:4180} INFO - Setting next_dagrun for my_dag to None, run_after=None
[2026-07-22T09:40:06.979+0000] {processor.py:208} INFO - Processing /opt/airflow/dags/my_tasks.py took 0.059 seconds
[2026-07-22T09:40:37.182+0000] {processor.py:186} INFO - Started process (PID=785) to work on /opt/airflow/dags/my_tasks.py
[2026-07-22T09:40:37.183+0000] {processor.py:914} INFO - Processing file /opt/airflow/dags/my_tasks.py for tasks to queue
[2026-07-22T09:40:37.184+0000] {logging_mixin.py:190} INFO - [2026-07-22T09:40:37.184+0000] {dagbag.py:588} INFO - Filling up the DagBag from /opt/airflow/dags/my_tasks.py
[2026-07-22T09:40:37.191+0000] {processor.py:925} INFO - DAG(s) 'my_dag' retrieved from /opt/airflow/dags/my_tasks.py
[2026-07-22T09:40:37.209+0000] {logging_mixin.py:190} INFO - [2026-07-22T09:40:37.209+0000] {dag.py:3239} INFO - Sync 1 DAGs
[2026-07-22T09:40:37.225+0000] {logging_mixin.py:190} INFO - [2026-07-22T09:40:37.225+0000] {dag.py:4180} INFO - Setting next_dagrun for my_dag to None, run_after=None
[2026-07-22T09:40:37.240+0000] {processor.py:208} INFO - Processing /opt/airflow/dags/my_tasks.py took 0.061 seconds
[2026-07-22T09:41:07.451+0000] {processor.py:186} INFO - Started process (PID=796) to work on /opt/airflow/dags/my_tasks.py
[2026-07-22T09:41:07.452+0000] {processor.py:914} INFO - Processing file /opt/airflow/dags/my_tasks.py for tasks to queue
[2026-07-22T09:41:07.453+0000] {logging_mixin.py:190} INFO - [2026-07-22T09:41:07.453+0000] {dagbag.py:588} INFO - Filling up the DagBag from /opt/airflow/dags/my_tasks.py
[2026-07-22T09:41:07.460+0000] {processor.py:925} INFO - DAG(s) 'my_dag' retrieved from /opt/airflow/dags/my_tasks.py
[2026-07-22T09:41:07.478+0000] {logging_mixin.py:190} INFO - [2026-07-22T09:41:07.478+0000] {dag.py:3239} INFO - Sync 1 DAGs
[2026-07-22T09:41:07.494+0000] {logging_mixin.py:190} INFO - [2026-07-22T09:41:07.494+0000] {dag.py:4180} INFO - Setting next_dagrun for my_dag to None, run_after=None
[2026-07-22T09:41:07.508+0000] {processor.py:208} INFO - Processing /opt/airflow/dags/my_tasks.py took 0.062 seconds
[2026-07-22T09:41:37.708+0000] {processor.py:186} INFO - Started process (PID=807) to work on /opt/airflow/dags/my_tasks.py
[2026-07-22T09:41:37.710+0000] {processor.py:914} INFO - Processing file /opt/airflow/dags/my_tasks.py for tasks to queue
[2026-07-22T09:41:37.712+0000] {logging_mixin.py:190} INFO - [2026-07-22T09:41:37.712+0000] {dagbag.py:588} INFO - Filling up the DagBag from /opt/airflow/dags/my_tasks.py
[2026-07-22T09:41:37.719+0000] {processor.py:925} INFO - DAG(s) 'my_dag' retrieved from /opt/airflow/dags/my_tasks.py
[2026-07-22T09:41:37.737+0000] {logging_mixin.py:190} INFO - [2026-07-22T09:41:37.736+0000] {dag.py:3239} INFO - Sync 1 DAGs
[2026-07-22T09:41:37.752+0000] {logging_mixin.py:190} INFO - [2026-07-22T09:41:37.752+0000] {dag.py:4180} INFO - Setting next_dagrun for my_dag to None, run_after=None
[2026-07-22T09:41:37.767+0000] {processor.py:208} INFO - Processing /opt/airflow/dags/my_tasks.py took 0.063 seconds
[2026-07-22T09:42:07.965+0000] {processor.py:186} INFO - Started process (PID=818) to work on /opt/airflow/dags/my_tasks.py
[2026-07-22T09:42:07.966+0000] {processor.py:914} INFO - Processing file /opt/airflow/dags/my_tasks.py for tasks to queue
[2026-07-22T09:42:07.967+0000] {logging_mixin.py:190} INFO - [2026-07-22T09:42:07.967+0000] {dagbag.py:588} INFO - Filling up the DagBag from /opt/airflow/dags/my_tasks.py
[2026-07-22T09:42:07.974+0000] {processor.py:925} INFO - DAG(s) 'my_dag' retrieved from /opt/airflow/dags/my_tasks.py
[2026-07-22T09:42:07.992+0000] {logging_mixin.py:190} INFO - [2026-07-22T09:42:07.992+0000] {dag.py:3239} INFO - Sync 1 DAGs
[2026-07-22T09:42:08.008+0000] {logging_mixin.py:190} INFO - [2026-07-22T09:42:08.007+0000] {dag.py:4180} INFO - Setting next_dagrun for my_dag to None, run_after=None
[2026-07-22T09:42:08.022+0000] {processor.py:208} INFO - Processing /opt/airflow/dags/my_tasks.py took 0.061 seconds
[2026-07-22T09:42:38.238+0000] {processor.py:186} INFO - Started process (PID=829) to work on /opt/airflow/dags/my_tasks.py
[2026-07-22T09:42:38.248+0000] {processor.py:914} INFO - Processing file /opt/airflow/dags/my_tasks.py for tasks to queue
[2026-07-22T09:42:38.250+0000] {logging_mixin.py:190} INFO - [2026-07-22T09:42:38.249+0000] {dagbag.py:588} INFO - Filling up the DagBag from /opt/airflow/dags/my_tasks.py
[2026-07-22T09:42:38.260+0000] {processor.py:925} INFO - DAG(s) 'my_dag' retrieved from /opt/airflow/dags/my_tasks.py
[2026-07-22T09:42:38.279+0000] {logging_mixin.py:190} INFO - [2026-07-22T09:42:38.278+0000] {dag.py:3239} INFO - Sync 1 DAGs
[2026-07-22T09:42:38.296+0000] {logging_mixin.py:190} INFO - [2026-07-22T09:42:38.295+0000] {dag.py:4180} INFO - Setting next_dagrun for my_dag to None, run_after=None
[2026-07-22T09:42:38.310+0000] {processor.py:208} INFO - Processing /opt/airflow/dags/my_tasks.py took 0.075 seconds
[2026-07-22T09:43:08.488+0000] {processor.py:186} INFO - Started process (PID=840) to work on /opt/airflow/dags/my_tasks.py
[2026-07-22T09:43:08.489+0000] {processor.py:914} INFO - Processing file /opt/airflow/dags/my_tasks.py for tasks to queue
[2026-07-22T09:43:08.490+0000] {logging_mixin.py:190} INFO - [2026-07-22T09:43:08.490+0000] {dagbag.py:588} INFO - Filling up the DagBag from /opt/airflow/dags/my_tasks.py
[2026-07-22T09:43:08.497+0000] {processor.py:925} INFO - DAG(s) 'my_dag' retrieved from /opt/airflow/dags/my_tasks.py
[2026-07-22T09:43:08.515+0000] {logging_mixin.py:190} INFO - [2026-07-22T09:43:08.515+0000] {dag.py:3239} INFO - Sync 1 DAGs
[2026-07-22T09:43:08.532+0000] {logging_mixin.py:190} INFO - [2026-07-22T09:43:08.531+0000] {dag.py:4180} INFO - Setting next_dagrun for my_dag to None, run_after=None
[2026-07-22T09:43:08.546+0000] {processor.py:208} INFO - Processing /opt/airflow/dags/my_tasks.py took 0.062 seconds
[2026-07-22T09:43:38.758+0000] {processor.py:186} INFO - Started process (PID=851) to work on /opt/airflow/dags/my_tasks.py
[2026-07-22T09:43:38.762+0000] {processor.py:914} INFO - Processing file /opt/airflow/dags/my_tasks.py for tasks to queue
[2026-07-22T09:43:38.764+0000] {logging_mixin.py:190} INFO - [2026-07-22T09:43:38.764+0000] {dagbag.py:588} INFO - Filling up the DagBag from /opt/airflow/dags/my_tasks.py
[2026-07-22T09:43:38.771+0000] {processor.py:925} INFO - DAG(s) 'my_dag' retrieved from /opt/airflow/dags/my_tasks.py
[2026-07-22T09:43:38.789+0000] {logging_mixin.py:190} INFO - [2026-07-22T09:43:38.789+0000] {dag.py:3239} INFO - Sync 1 DAGs
[2026-07-22T09:43:38.805+0000] {logging_mixin.py:190} INFO - [2026-07-22T09:43:38.805+0000] {dag.py:4180} INFO - Setting next_dagrun for my_dag to None, run_after=None
[2026-07-22T09:43:38.820+0000] {processor.py:208} INFO - Processing /opt/airflow/dags/my_tasks.py took 0.066 seconds
[2026-07-22T09:44:09.032+0000] {processor.py:186} INFO - Started process (PID=862) to work on /opt/airflow/dags/my_tasks.py
[2026-07-22T09:44:09.032+0000] {processor.py:914} INFO - Processing file /opt/airflow/dags/my_tasks.py for tasks to queue
[2026-07-22T09:44:09.033+0000] {logging_mixin.py:190} INFO - [2026-07-22T09:44:09.033+0000] {dagbag.py:588} INFO - Filling up the DagBag from /opt/airflow/dags/my_tasks.py
[2026-07-22T09:44:09.041+0000] {processor.py:925} INFO - DAG(s) 'my_dag' retrieved from /opt/airflow/dags/my_tasks.py
[2026-07-22T09:44:09.058+0000] {logging_mixin.py:190} INFO - [2026-07-22T09:44:09.058+0000] {dag.py:3239} INFO - Sync 1 DAGs
[2026-07-22T09:44:09.074+0000] {logging_mixin.py:190} INFO - [2026-07-22T09:44:09.074+0000] {dag.py:4180} INFO - Setting next_dagrun for my_dag to None, run_after=None
[2026-07-22T09:44:09.089+0000] {processor.py:208} INFO - Processing /opt/airflow/dags/my_tasks.py took 0.061 seconds
[2026-07-22T09:44:39.306+0000] {processor.py:186} INFO - Started process (PID=873) to work on /opt/airflow/dags/my_tasks.py
[2026-07-22T09:44:39.314+0000] {processor.py:914} INFO - Processing file /opt/airflow/dags/my_tasks.py for tasks to queue
[2026-07-22T09:44:39.315+0000] {logging_mixin.py:190} INFO - [2026-07-22T09:44:39.315+0000] {dagbag.py:588} INFO - Filling up the DagBag from /opt/airflow/dags/my_tasks.py
[2026-07-22T09:44:39.323+0000] {processor.py:925} INFO - DAG(s) 'my_dag' retrieved from /opt/airflow/dags/my_tasks.py
[2026-07-22T09:44:39.343+0000] {logging_mixin.py:190} INFO - [2026-07-22T09:44:39.343+0000] {dag.py:3239} INFO - Sync 1 DAGs
[2026-07-22T09:44:39.359+0000] {logging_mixin.py:190} INFO - [2026-07-22T09:44:39.359+0000] {dag.py:4180} INFO - Setting next_dagrun for my_dag to None, run_after=None
[2026-07-22T09:44:39.373+0000] {processor.py:208} INFO - Processing /opt/airflow/dags/my_tasks.py took 0.072 seconds
[2026-07-22T09:45:09.542+0000] {processor.py:186} INFO - Started process (PID=884) to work on /opt/airflow/dags/my_tasks.py
[2026-07-22T09:45:09.543+0000] {processor.py:914} INFO - Processing file /opt/airflow/dags/my_tasks.py for tasks to queue
[2026-07-22T09:45:09.544+0000] {logging_mixin.py:190} INFO - [2026-07-22T09:45:09.544+0000] {dagbag.py:588} INFO - Filling up the DagBag from /opt/airflow/dags/my_tasks.py
[2026-07-22T09:45:09.551+0000] {processor.py:925} INFO - DAG(s) 'my_dag' retrieved from /opt/airflow/dags/my_tasks.py
[2026-07-22T09:45:09.570+0000] {logging_mixin.py:190} INFO - [2026-07-22T09:45:09.570+0000] {dag.py:3239} INFO - Sync 1 DAGs
[2026-07-22T09:45:09.586+0000] {logging_mixin.py:190} INFO - [2026-07-22T09:45:09.585+0000] {dag.py:4180} INFO - Setting next_dagrun for my_dag to None, run_after=None
[2026-07-22T09:45:09.600+0000] {processor.py:208} INFO - Processing /opt/airflow/dags/my_tasks.py took 0.062 seconds
[2026-07-22T09:45:39.783+0000] {processor.py:186} INFO - Started process (PID=895) to work on /opt/airflow/dags/my_tasks.py
[2026-07-22T09:45:39.796+0000] {processor.py:914} INFO - Processing file /opt/airflow/dags/my_tasks.py for tasks to queue
[2026-07-22T09:45:39.799+0000] {logging_mixin.py:190} INFO - [2026-07-22T09:45:39.798+0000] {dagbag.py:588} INFO - Filling up the DagBag from /opt/airflow/dags/my_tasks.py
[2026-07-22T09:45:39.809+0000] {processor.py:925} INFO - DAG(s) 'my_dag' retrieved from /opt/airflow/dags/my_tasks.py
[2026-07-22T09:45:39.829+0000] {logging_mixin.py:190} INFO - [2026-07-22T09:45:39.828+0000] {dag.py:3239} INFO - Sync 1 DAGs
[2026-07-22T09:45:39.845+0000] {logging_mixin.py:190} INFO - [2026-07-22T09:45:39.845+0000] {dag.py:4180} INFO - Setting next_dagrun for my_dag to None, run_after=None
[2026-07-22T09:45:39.860+0000] {processor.py:208} INFO - Processing /opt/airflow/dags/my_tasks.py took 0.081 seconds
[2026-07-22T09:46:10.048+0000] {processor.py:186} INFO - Started process (PID=906) to work on /opt/airflow/dags/my_tasks.py
[2026-07-22T09:46:10.048+0000] {processor.py:914} INFO - Processing file /opt/airflow/dags/my_tasks.py for tasks to queue
[2026-07-22T09:46:10.050+0000] {logging_mixin.py:190} INFO - [2026-07-22T09:46:10.049+0000] {dagbag.py:588} INFO - Filling up the DagBag from /opt/airflow/dags/my_tasks.py
[2026-07-22T09:46:10.056+0000] {processor.py:925} INFO - DAG(s) 'my_dag' retrieved from /opt/airflow/dags/my_tasks.py
[2026-07-22T09:46:10.075+0000] {logging_mixin.py:190} INFO - [2026-07-22T09:46:10.075+0000] {dag.py:3239} INFO - Sync 1 DAGs
[2026-07-22T09:46:10.092+0000] {logging_mixin.py:190} INFO - [2026-07-22T09:46:10.092+0000] {dag.py:4180} INFO - Setting next_dagrun for my_dag to None, run_after=None
[2026-07-22T09:46:10.107+0000] {processor.py:208} INFO - Processing /opt/airflow/dags/my_tasks.py took 0.064 seconds
[2026-07-22T09:46:40.324+0000] {processor.py:186} INFO - Started process (PID=917) to work on /opt/airflow/dags/my_tasks.py
[2026-07-22T09:46:40.332+0000] {processor.py:914} INFO - Processing file /opt/airflow/dags/my_tasks.py for tasks to queue
[2026-07-22T09:46:40.333+0000] {logging_mixin.py:190} INFO - [2026-07-22T09:46:40.333+0000] {dagbag.py:588} INFO - Filling up the DagBag from /opt/airflow/dags/my_tasks.py
[2026-07-22T09:46:40.341+0000] {processor.py:925} INFO - DAG(s) 'my_dag' retrieved from /opt/airflow/dags/my_tasks.py
[2026-07-22T09:46:40.359+0000] {logging_mixin.py:190} INFO - [2026-07-22T09:46:40.359+0000] {dag.py:3239} INFO - Sync 1 DAGs
[2026-07-22T09:46:40.376+0000] {logging_mixin.py:190} INFO - [2026-07-22T09:46:40.375+0000] {dag.py:4180} INFO - Setting next_dagrun for my_dag to None, run_after=None
[2026-07-22T09:46:40.389+0000] {processor.py:208} INFO - Processing /opt/airflow/dags/my_tasks.py took 0.069 seconds
[2026-07-22T09:47:10.580+0000] {processor.py:186} INFO - Started process (PID=928) to work on /opt/airflow/dags/my_tasks.py
[2026-07-22T09:47:10.580+0000] {processor.py:914} INFO - Processing file /opt/airflow/dags/my_tasks.py for tasks to queue
[2026-07-22T09:47:10.582+0000] {logging_mixin.py:190} INFO - [2026-07-22T09:47:10.582+0000] {dagbag.py:588} INFO - Filling up the DagBag from /opt/airflow/dags/my_tasks.py
[2026-07-22T09:47:10.588+0000] {processor.py:925} INFO - DAG(s) 'my_dag' retrieved from /opt/airflow/dags/my_tasks.py
[2026-07-22T09:47:10.606+0000] {logging_mixin.py:190} INFO - [2026-07-22T09:47:10.606+0000] {dag.py:3239} INFO - Sync 1 DAGs
[2026-07-22T09:47:10.622+0000] {logging_mixin.py:190} INFO - [2026-07-22T09:47:10.622+0000] {dag.py:4180} INFO - Setting next_dagrun for my_dag to None, run_after=None
[2026-07-22T09:47:10.639+0000] {processor.py:208} INFO - Processing /opt/airflow/dags/my_tasks.py took 0.063 seconds
[2026-07-22T09:47:40.843+0000] {processor.py:186} INFO - Started process (PID=939) to work on /opt/airflow/dags/my_tasks.py
[2026-07-22T09:47:40.851+0000] {processor.py:914} INFO - Processing file /opt/airflow/dags/my_tasks.py for tasks to queue
[2026-07-22T09:47:40.853+0000] {logging_mixin.py:190} INFO - [2026-07-22T09:47:40.853+0000] {dagbag.py:588} INFO - Filling up the DagBag from /opt/airflow/dags/my_tasks.py
[2026-07-22T09:47:40.862+0000] {processor.py:925} INFO - DAG(s) 'my_dag' retrieved from /opt/airflow/dags/my_tasks.py
[2026-07-22T09:47:40.880+0000] {logging_mixin.py:190} INFO - [2026-07-22T09:47:40.880+0000] {dag.py:3239} INFO - Sync 1 DAGs
[2026-07-22T09:47:40.897+0000] {logging_mixin.py:190} INFO - [2026-07-22T09:47:40.897+0000] {dag.py:4180} INFO - Setting next_dagrun for my_dag to None, run_after=None
[2026-07-22T09:47:40.911+0000] {processor.py:208} INFO - Processing /opt/airflow/dags/my_tasks.py took 0.071 seconds
[2026-07-22T09:48:11.096+0000] {processor.py:186} INFO - Started process (PID=950) to work on /opt/airflow/dags/my_tasks.py
[2026-07-22T09:48:11.096+0000] {processor.py:914} INFO - Processing file /opt/airflow/dags/my_tasks.py for tasks to queue
[2026-07-22T09:48:11.097+0000] {logging_mixin.py:190} INFO - [2026-07-22T09:48:11.097+0000] {dagbag.py:588} INFO - Filling up the DagBag from /opt/airflow/dags/my_tasks.py
[2026-07-22T09:48:11.104+0000] {processor.py:925} INFO - DAG(s) 'my_dag' retrieved from /opt/airflow/dags/my_tasks.py
[2026-07-22T09:48:11.122+0000] {logging_mixin.py:190} INFO - [2026-07-22T09:48:11.121+0000] {dag.py:3239} INFO - Sync 1 DAGs
[2026-07-22T09:48:11.138+0000] {logging_mixin.py:190} INFO - [2026-07-22T09:48:11.137+0000] {dag.py:4180} INFO - Setting next_dagrun for my_dag to None, run_after=None
[2026-07-22T09:48:11.152+0000] {processor.py:208} INFO - Processing /opt/airflow/dags/my_tasks.py took 0.060 seconds
[2026-07-22T09:48:41.369+0000] {processor.py:186} INFO - Started process (PID=961) to work on /opt/airflow/dags/my_tasks.py
[2026-07-22T09:48:41.373+0000] {processor.py:914} INFO - Processing file /opt/airflow/dags/my_tasks.py for tasks to queue
[2026-07-22T09:48:41.375+0000] {logging_mixin.py:190} INFO - [2026-07-22T09:48:41.374+0000] {dagbag.py:588} INFO - Filling up the DagBag from /opt/airflow/dags/my_tasks.py
[2026-07-22T09:48:41.382+0000] {processor.py:925} INFO - DAG(s) 'my_dag' retrieved from /opt/airflow/dags/my_tasks.py
[2026-07-22T09:48:41.400+0000] {logging_mixin.py:190} INFO - [2026-07-22T09:48:41.400+0000] {dag.py:3239} INFO - Sync 1 DAGs
[2026-07-22T09:48:41.417+0000] {logging_mixin.py:190} INFO - [2026-07-22T09:48:41.417+0000] {dag.py:4180} INFO - Setting next_dagrun for my_dag to None, run_after=None
[2026-07-22T09:48:41.435+0000] {processor.py:208} INFO - Processing /opt/airflow/dags/my_tasks.py took 0.070 seconds
[2026-07-22T09:49:11.613+0000] {processor.py:186} INFO - Started process (PID=972) to work on /opt/airflow/dags/my_tasks.py
[2026-07-22T09:49:11.613+0000] {processor.py:914} INFO - Processing file /opt/airflow/dags/my_tasks.py for tasks to queue
[2026-07-22T09:49:11.615+0000] {logging_mixin.py:190} INFO - [2026-07-22T09:49:11.615+0000] {dagbag.py:588} INFO - Filling up the DagBag from /opt/airflow/dags/my_tasks.py
[2026-07-22T09:49:11.621+0000] {processor.py:925} INFO - DAG(s) 'my_dag' retrieved from /opt/airflow/dags/my_tasks.py
[2026-07-22T09:49:11.639+0000] {logging_mixin.py:190} INFO - [2026-07-22T09:49:11.639+0000] {dag.py:3239} INFO - Sync 1 DAGs
[2026-07-22T09:49:11.655+0000] {logging_mixin.py:190} INFO - [2026-07-22T09:49:11.655+0000] {dag.py:4180} INFO - Setting next_dagrun for my_dag to None, run_after=None
[2026-07-22T09:49:11.669+0000] {processor.py:208} INFO - Processing /opt/airflow/dags/my_tasks.py took 0.061 seconds
[2026-07-22T09:49:41.878+0000] {processor.py:186} INFO - Started process (PID=983) to work on /opt/airflow/dags/my_tasks.py
[2026-07-22T09:49:41.886+0000] {processor.py:914} INFO - Processing file /opt/airflow/dags/my_tasks.py for tasks to queue
[2026-07-22T09:49:41.889+0000] {logging_mixin.py:190} INFO - [2026-07-22T09:49:41.889+0000] {dagbag.py:588} INFO - Filling up the DagBag from /opt/airflow/dags/my_tasks.py
[2026-07-22T09:49:41.898+0000] {processor.py:925} INFO - DAG(s) 'my_dag' retrieved from /opt/airflow/dags/my_tasks.py
[2026-07-22T09:49:41.916+0000] {logging_mixin.py:190} INFO - [2026-07-22T09:49:41.916+0000] {dag.py:3239} INFO - Sync 1 DAGs
[2026-07-22T09:49:41.934+0000] {logging_mixin.py:190} INFO - [2026-07-22T09:49:41.933+0000] {dag.py:4180} INFO - Setting next_dagrun for my_dag to None, run_after=None
[2026-07-22T09:49:41.954+0000] {processor.py:208} INFO - Processing /opt/airflow/dags/my_tasks.py took 0.080 seconds
[2026-07-22T09:50:12.143+0000] {processor.py:186} INFO - Started process (PID=994) to work on /opt/airflow/dags/my_tasks.py
[2026-07-22T09:50:12.143+0000] {processor.py:914} INFO - Processing file /opt/airflow/dags/my_tasks.py for tasks to queue
[2026-07-22T09:50:12.144+0000] {logging_mixin.py:190} INFO - [2026-07-22T09:50:12.144+0000] {dagbag.py:588} INFO - Filling up the DagBag from /opt/airflow/dags/my_tasks.py
[2026-07-22T09:50:12.152+0000] {processor.py:925} INFO - DAG(s) 'my_dag' retrieved from /opt/airflow/dags/my_tasks.py
[2026-07-22T09:50:12.175+0000] {logging_mixin.py:190} INFO - [2026-07-22T09:50:12.175+0000] {dag.py:3239} INFO - Sync 1 DAGs
[2026-07-22T09:50:12.192+0000] {logging_mixin.py:190} INFO - [2026-07-22T09:50:12.192+0000] {dag.py:4180} INFO - Setting next_dagrun for my_dag to None, run_after=None
[2026-07-22T09:50:12.207+0000] {processor.py:208} INFO - Processing /opt/airflow/dags/my_tasks.py took 0.069 seconds
[2026-07-22T09:50:42.399+0000] {processor.py:186} INFO - Started process (PID=1005) to work on /opt/airflow/dags/my_tasks.py
[2026-07-22T09:50:42.400+0000] {processor.py:914} INFO - Processing file /opt/airflow/dags/my_tasks.py for tasks to queue
[2026-07-22T09:50:42.402+0000] {logging_mixin.py:190} INFO - [2026-07-22T09:50:42.402+0000] {dagbag.py:588} INFO - Filling up the DagBag from /opt/airflow/dags/my_tasks.py
[2026-07-22T09:50:42.410+0000] {processor.py:925} INFO - DAG(s) 'my_dag' retrieved from /opt/airflow/dags/my_tasks.py
[2026-07-22T09:50:42.428+0000] {logging_mixin.py:190} INFO - [2026-07-22T09:50:42.428+0000] {dag.py:3239} INFO - Sync 1 DAGs
[2026-07-22T09:50:42.445+0000] {logging_mixin.py:190} INFO - [2026-07-22T09:50:42.445+0000] {dag.py:4180} INFO - Setting next_dagrun for my_dag to None, run_after=None
[2026-07-22T09:50:42.460+0000] {processor.py:208} INFO - Processing /opt/airflow/dags/my_tasks.py took 0.065 seconds
[2026-07-22T09:51:12.653+0000] {processor.py:186} INFO - Started process (PID=1015) to work on /opt/airflow/dags/my_tasks.py
[2026-07-22T09:51:12.653+0000] {processor.py:914} INFO - Processing file /opt/airflow/dags/my_tasks.py for tasks to queue
[2026-07-22T09:51:12.655+0000] {logging_mixin.py:190} INFO - [2026-07-22T09:51:12.654+0000] {dagbag.py:588} INFO - Filling up the DagBag from /opt/airflow/dags/my_tasks.py
[2026-07-22T09:51:12.662+0000] {processor.py:925} INFO - DAG(s) 'my_dag' retrieved from /opt/airflow/dags/my_tasks.py
[2026-07-22T09:51:12.680+0000] {logging_mixin.py:190} INFO - [2026-07-22T09:51:12.680+0000] {dag.py:3239} INFO - Sync 1 DAGs
[2026-07-22T09:51:12.695+0000] {logging_mixin.py:190} INFO - [2026-07-22T09:51:12.695+0000] {dag.py:4180} INFO - Setting next_dagrun for my_dag to None, run_after=None
[2026-07-22T09:51:12.709+0000] {processor.py:208} INFO - Processing /opt/airflow/dags/my_tasks.py took 0.060 seconds
[2026-07-22T09:51:42.916+0000] {processor.py:186} INFO - Started process (PID=1026) to work on /opt/airflow/dags/my_tasks.py
[2026-07-22T09:51:42.924+0000] {processor.py:914} INFO - Processing file /opt/airflow/dags/my_tasks.py for tasks to queue
[2026-07-22T09:51:42.926+0000] {logging_mixin.py:190} INFO - [2026-07-22T09:51:42.926+0000] {dagbag.py:588} INFO - Filling up the DagBag from /opt/airflow/dags/my_tasks.py
[2026-07-22T09:51:42.934+0000] {processor.py:925} INFO - DAG(s) 'my_dag' retrieved from /opt/airflow/dags/my_tasks.py
[2026-07-22T09:51:42.951+0000] {logging_mixin.py:190} INFO - [2026-07-22T09:51:42.951+0000] {dag.py:3239} INFO - Sync 1 DAGs
[2026-07-22T09:51:42.967+0000] {logging_mixin.py:190} INFO - [2026-07-22T09:51:42.967+0000] {dag.py:4180} INFO - Setting next_dagrun for my_dag to None, run_after=None
[2026-07-22T09:51:42.981+0000] {processor.py:208} INFO - Processing /opt/airflow/dags/my_tasks.py took 0.068 seconds
[2026-07-22T09:52:13.173+0000] {processor.py:186} INFO - Started process (PID=1037) to work on /opt/airflow/dags/my_tasks.py
[2026-07-22T09:52:13.174+0000] {processor.py:914} INFO - Processing file /opt/airflow/dags/my_tasks.py for tasks to queue
[2026-07-22T09:52:13.176+0000] {logging_mixin.py:190} INFO - [2026-07-22T09:52:13.175+0000] {dagbag.py:588} INFO - Filling up the DagBag from /opt/airflow/dags/my_tasks.py
[2026-07-22T09:52:13.182+0000] {processor.py:925} INFO - DAG(s) 'my_dag' retrieved from /opt/airflow/dags/my_tasks.py
[2026-07-22T09:52:13.200+0000] {logging_mixin.py:190} INFO - [2026-07-22T09:52:13.200+0000] {dag.py:3239} INFO - Sync 1 DAGs
[2026-07-22T09:52:13.216+0000] {logging_mixin.py:190} INFO - [2026-07-22T09:52:13.216+0000] {dag.py:4180} INFO - Setting next_dagrun for my_dag to None, run_after=None
[2026-07-22T09:52:13.229+0000] {processor.py:208} INFO - Processing /opt/airflow/dags/my_tasks.py took 0.060 seconds
[2026-07-22T09:52:43.430+0000] {processor.py:186} INFO - Started process (PID=1048) to work on /opt/airflow/dags/my_tasks.py
[2026-07-22T09:52:43.431+0000] {processor.py:914} INFO - Processing file /opt/airflow/dags/my_tasks.py for tasks to queue
[2026-07-22T09:52:43.433+0000] {logging_mixin.py:190} INFO - [2026-07-22T09:52:43.432+0000] {dagbag.py:588} INFO - Filling up the DagBag from /opt/airflow/dags/my_tasks.py
[2026-07-22T09:52:43.439+0000] {processor.py:925} INFO - DAG(s) 'my_dag' retrieved from /opt/airflow/dags/my_tasks.py
[2026-07-22T09:52:43.457+0000] {logging_mixin.py:190} INFO - [2026-07-22T09:52:43.457+0000] {dag.py:3239} INFO - Sync 1 DAGs
[2026-07-22T09:52:43.472+0000] {logging_mixin.py:190} INFO - [2026-07-22T09:52:43.472+0000] {dag.py:4180} INFO - Setting next_dagrun for my_dag to None, run_after=None
[2026-07-22T09:52:43.486+0000] {processor.py:208} INFO - Processing /opt/airflow/dags/my_tasks.py took 0.061 seconds
[2026-07-22T09:53:13.691+0000] {processor.py:186} INFO - Started process (PID=1059) to work on /opt/airflow/dags/my_tasks.py
[2026-07-22T09:53:13.699+0000] {processor.py:914} INFO - Processing file /opt/airflow/dags/my_tasks.py for tasks to queue
[2026-07-22T09:53:13.701+0000] {logging_mixin.py:190} INFO - [2026-07-22T09:53:13.701+0000] {dagbag.py:588} INFO - Filling up the DagBag from /opt/airflow/dags/my_tasks.py
[2026-07-22T09:53:13.708+0000] {processor.py:925} INFO - DAG(s) 'my_dag' retrieved from /opt/airflow/dags/my_tasks.py
[2026-07-22T09:53:13.726+0000] {logging_mixin.py:190} INFO - [2026-07-22T09:53:13.726+0000] {dag.py:3239} INFO - Sync 1 DAGs
[2026-07-22T09:53:13.742+0000] {logging_mixin.py:190} INFO - [2026-07-22T09:53:13.742+0000] {dag.py:4180} INFO - Setting next_dagrun for my_dag to None, run_after=None
[2026-07-22T09:53:13.755+0000] {processor.py:208} INFO - Processing /opt/airflow/dags/my_tasks.py took 0.068 seconds
[2026-07-22T09:53:43.958+0000] {processor.py:186} INFO - Started process (PID=1070) to work on /opt/airflow/dags/my_tasks.py
[2026-07-22T09:53:43.959+0000] {processor.py:914} INFO - Processing file /opt/airflow/dags/my_tasks.py for tasks to queue
[2026-07-22T09:53:43.960+0000] {logging_mixin.py:190} INFO - [2026-07-22T09:53:43.960+0000] {dagbag.py:588} INFO - Filling up the DagBag from /opt/airflow/dags/my_tasks.py
[2026-07-22T09:53:43.967+0000] {processor.py:925} INFO - DAG(s) 'my_dag' retrieved from /opt/airflow/dags/my_tasks.py
[2026-07-22T09:53:43.985+0000] {logging_mixin.py:190} INFO - [2026-07-22T09:53:43.985+0000] {dag.py:3239} INFO - Sync 1 DAGs
[2026-07-22T09:53:44.002+0000] {logging_mixin.py:190} INFO - [2026-07-22T09:53:44.001+0000] {dag.py:4180} INFO - Setting next_dagrun for my_dag to None, run_after=None
[2026-07-22T09:53:44.016+0000] {processor.py:208} INFO - Processing /opt/airflow/dags/my_tasks.py took 0.062 seconds
[2026-07-22T09:54:14.210+0000] {processor.py:186} INFO - Started process (PID=1081) to work on /opt/airflow/dags/my_tasks.py
[2026-07-22T09:54:14.218+0000] {processor.py:914} INFO - Processing file /opt/airflow/dags/my_tasks.py for tasks to queue
[2026-07-22T09:54:14.220+0000] {logging_mixin.py:190} INFO - [2026-07-22T09:54:14.220+0000] {dagbag.py:588} INFO - Filling up the DagBag from /opt/airflow/dags/my_tasks.py
[2026-07-22T09:54:14.228+0000] {processor.py:925} INFO - DAG(s) 'my_dag' retrieved from /opt/airflow/dags/my_tasks.py
[2026-07-22T09:54:14.245+0000] {logging_mixin.py:190} INFO - [2026-07-22T09:54:14.245+0000] {dag.py:3239} INFO - Sync 1 DAGs
[2026-07-22T09:54:14.261+0000] {logging_mixin.py:190} INFO - [2026-07-22T09:54:14.261+0000] {dag.py:4180} INFO - Setting next_dagrun for my_dag to None, run_after=None
[2026-07-22T09:54:14.275+0000] {processor.py:208} INFO - Processing /opt/airflow/dags/my_tasks.py took 0.069 seconds
[2026-07-22T09:54:44.465+0000] {processor.py:186} INFO - Started process (PID=1092) to work on /opt/airflow/dags/my_tasks.py
[2026-07-22T09:54:44.465+0000] {processor.py:914} INFO - Processing file /opt/airflow/dags/my_tasks.py for tasks to queue
[2026-07-22T09:54:44.467+0000] {logging_mixin.py:190} INFO - [2026-07-22T09:54:44.467+0000] {dagbag.py:588} INFO - Filling up the DagBag from /opt/airflow/dags/my_tasks.py
[2026-07-22T09:54:44.474+0000] {processor.py:925} INFO - DAG(s) 'my_dag' retrieved from /opt/airflow/dags/my_tasks.py
[2026-07-22T09:54:44.492+0000] {logging_mixin.py:190} INFO - [2026-07-22T09:54:44.492+0000] {dag.py:3239} INFO - Sync 1 DAGs
[2026-07-22T09:54:44.508+0000] {logging_mixin.py:190} INFO - [2026-07-22T09:54:44.508+0000] {dag.py:4180} INFO - Setting next_dagrun for my_dag to None, run_after=None
[2026-07-22T09:54:44.525+0000] {processor.py:208} INFO - Processing /opt/airflow/dags/my_tasks.py took 0.064 seconds
[2026-07-22T09:55:14.715+0000] {processor.py:186} INFO - Started process (PID=1103) to work on /opt/airflow/dags/my_tasks.py
[2026-07-22T09:55:14.723+0000] {processor.py:914} INFO - Processing file /opt/airflow/dags/my_tasks.py for tasks to queue
[2026-07-22T09:55:14.726+0000] {logging_mixin.py:190} INFO - [2026-07-22T09:55:14.726+0000] {dagbag.py:588} INFO - Filling up the DagBag from /opt/airflow/dags/my_tasks.py
[2026-07-22T09:55:14.735+0000] {processor.py:925} INFO - DAG(s) 'my_dag' retrieved from /opt/airflow/dags/my_tasks.py
[2026-07-22T09:55:14.753+0000] {logging_mixin.py:190} INFO - [2026-07-22T09:55:14.753+0000] {dag.py:3239} INFO - Sync 1 DAGs
[2026-07-22T09:55:14.770+0000] {logging_mixin.py:190} INFO - [2026-07-22T09:55:14.770+0000] {dag.py:4180} INFO - Setting next_dagrun for my_dag to None, run_after=None
[2026-07-22T09:55:14.785+0000] {processor.py:208} INFO - Processing /opt/airflow/dags/my_tasks.py took 0.078 seconds
[2026-07-22T09:55:44.986+0000] {processor.py:186} INFO - Started process (PID=1114) to work on /opt/airflow/dags/my_tasks.py
[2026-07-22T09:55:44.986+0000] {processor.py:914} INFO - Processing file /opt/airflow/dags/my_tasks.py for tasks to queue
[2026-07-22T09:55:44.988+0000] {logging_mixin.py:190} INFO - [2026-07-22T09:55:44.987+0000] {dagbag.py:588} INFO - Filling up the DagBag from /opt/airflow/dags/my_tasks.py
[2026-07-22T09:55:44.995+0000] {processor.py:925} INFO - DAG(s) 'my_dag' retrieved from /opt/airflow/dags/my_tasks.py
[2026-07-22T09:55:45.013+0000] {logging_mixin.py:190} INFO - [2026-07-22T09:55:45.012+0000] {dag.py:3239} INFO - Sync 1 DAGs
[2026-07-22T09:55:45.029+0000] {logging_mixin.py:190} INFO - [2026-07-22T09:55:45.029+0000] {dag.py:4180} INFO - Setting next_dagrun for my_dag to None, run_after=None
[2026-07-22T09:55:45.045+0000] {processor.py:208} INFO - Processing /opt/airflow/dags/my_tasks.py took 0.063 seconds
[2026-07-22T09:56:15.253+0000] {processor.py:186} INFO - Started process (PID=1125) to work on /opt/airflow/dags/my_tasks.py
[2026-07-22T09:56:15.261+0000] {processor.py:914} INFO - Processing file /opt/airflow/dags/my_tasks.py for tasks to queue
[2026-07-22T09:56:15.263+0000] {logging_mixin.py:190} INFO - [2026-07-22T09:56:15.263+0000] {dagbag.py:588} INFO - Filling up the DagBag from /opt/airflow/dags/my_tasks.py
[2026-07-22T09:56:15.270+0000] {processor.py:925} INFO - DAG(s) 'my_dag' retrieved from /opt/airflow/dags/my_tasks.py
[2026-07-22T09:56:15.289+0000] {logging_mixin.py:190} INFO - [2026-07-22T09:56:15.289+0000] {dag.py:3239} INFO - Sync 1 DAGs
[2026-07-22T09:56:15.305+0000] {logging_mixin.py:190} INFO - [2026-07-22T09:56:15.305+0000] {dag.py:4180} INFO - Setting next_dagrun for my_dag to None, run_after=None
[2026-07-22T09:56:15.319+0000] {processor.py:208} INFO - Processing /opt/airflow/dags/my_tasks.py took 0.070 seconds
[2026-07-22T09:56:45.513+0000] {processor.py:186} INFO - Started process (PID=1136) to work on /opt/airflow/dags/my_tasks.py
[2026-07-22T09:56:45.514+0000] {processor.py:914} INFO - Processing file /opt/airflow/dags/my_tasks.py for tasks to queue
[2026-07-22T09:56:45.515+0000] {logging_mixin.py:190} INFO - [2026-07-22T09:56:45.515+0000] {dagbag.py:588} INFO - Filling up the DagBag from /opt/airflow/dags/my_tasks.py
[2026-07-22T09:56:45.522+0000] {processor.py:925} INFO - DAG(s) 'my_dag' retrieved from /opt/airflow/dags/my_tasks.py
[2026-07-22T09:56:45.540+0000] {logging_mixin.py:190} INFO - [2026-07-22T09:56:45.540+0000] {dag.py:3239} INFO - Sync 1 DAGs
[2026-07-22T09:56:45.556+0000] {logging_mixin.py:190} INFO - [2026-07-22T09:56:45.556+0000] {dag.py:4180} INFO - Setting next_dagrun for my_dag to None, run_after=None
[2026-07-22T09:56:45.570+0000] {processor.py:208} INFO - Processing /opt/airflow/dags/my_tasks.py took 0.061 seconds
[2026-07-22T09:57:15.768+0000] {processor.py:186} INFO - Started process (PID=1147) to work on /opt/airflow/dags/my_tasks.py
[2026-07-22T09:57:15.769+0000] {processor.py:914} INFO - Processing file /opt/airflow/dags/my_tasks.py for tasks to queue
[2026-07-22T09:57:15.770+0000] {logging_mixin.py:190} INFO - [2026-07-22T09:57:15.770+0000] {dagbag.py:588} INFO - Filling up the DagBag from /opt/airflow/dags/my_tasks.py
[2026-07-22T09:57:15.777+0000] {processor.py:925} INFO - DAG(s) 'my_dag' retrieved from /opt/airflow/dags/my_tasks.py
[2026-07-22T09:57:15.796+0000] {logging_mixin.py:190} INFO - [2026-07-22T09:57:15.796+0000] {dag.py:3239} INFO - Sync 1 DAGs
[2026-07-22T09:57:15.814+0000] {logging_mixin.py:190} INFO - [2026-07-22T09:57:15.813+0000] {dag.py:4180} INFO - Setting next_dagrun for my_dag to None, run_after=None
[2026-07-22T09:57:15.827+0000] {processor.py:208} INFO - Processing /opt/airflow/dags/my_tasks.py took 0.066 seconds
[2026-07-22T09:57:46.016+0000] {processor.py:186} INFO - Started process (PID=1158) to work on /opt/airflow/dags/my_tasks.py
[2026-07-22T09:57:46.017+0000] {processor.py:914} INFO - Processing file /opt/airflow/dags/my_tasks.py for tasks to queue
[2026-07-22T09:57:46.018+0000] {logging_mixin.py:190} INFO - [2026-07-22T09:57:46.018+0000] {dagbag.py:588} INFO - Filling up the DagBag from /opt/airflow/dags/my_tasks.py
[2026-07-22T09:57:46.025+0000] {processor.py:925} INFO - DAG(s) 'my_dag' retrieved from /opt/airflow/dags/my_tasks.py
[2026-07-22T09:57:46.044+0000] {logging_mixin.py:190} INFO - [2026-07-22T09:57:46.044+0000] {dag.py:3239} INFO - Sync 1 DAGs
[2026-07-22T09:57:46.061+0000] {logging_mixin.py:190} INFO - [2026-07-22T09:57:46.061+0000] {dag.py:4180} INFO - Setting next_dagrun for my_dag to None, run_after=None
[2026-07-22T09:57:46.075+0000] {processor.py:208} INFO - Processing /opt/airflow/dags/my_tasks.py took 0.063 seconds
[2026-07-22T09:58:16.262+0000] {processor.py:186} INFO - Started process (PID=1169) to work on /opt/airflow/dags/my_tasks.py
[2026-07-22T09:58:16.262+0000] {processor.py:914} INFO - Processing file /opt/airflow/dags/my_tasks.py for tasks to queue
[2026-07-22T09:58:16.264+0000] {logging_mixin.py:190} INFO - [2026-07-22T09:58:16.264+0000] {dagbag.py:588} INFO - Filling up the DagBag from /opt/airflow/dags/my_tasks.py
[2026-07-22T09:58:16.270+0000] {processor.py:925} INFO - DAG(s) 'my_dag' retrieved from /opt/airflow/dags/my_tasks.py
[2026-07-22T09:58:16.288+0000] {logging_mixin.py:190} INFO - [2026-07-22T09:58:16.288+0000] {dag.py:3239} INFO - Sync 1 DAGs
[2026-07-22T09:58:16.304+0000] {logging_mixin.py:190} INFO - [2026-07-22T09:58:16.303+0000] {dag.py:4180} INFO - Setting next_dagrun for my_dag to None, run_after=None
[2026-07-22T09:58:16.318+0000] {processor.py:208} INFO - Processing /opt/airflow/dags/my_tasks.py took 0.060 seconds
[2026-07-22T09:58:46.511+0000] {processor.py:186} INFO - Started process (PID=1180) to work on /opt/airflow/dags/my_tasks.py
[2026-07-22T09:58:46.519+0000] {processor.py:914} INFO - Processing file /opt/airflow/dags/my_tasks.py for tasks to queue
[2026-07-22T09:58:46.523+0000] {logging_mixin.py:190} INFO - [2026-07-22T09:58:46.522+0000] {dagbag.py:588} INFO - Filling up the DagBag from /opt/airflow/dags/my_tasks.py
[2026-07-22T09:58:46.532+0000] {processor.py:925} INFO - DAG(s) 'my_dag' retrieved from /opt/airflow/dags/my_tasks.py
[2026-07-22T09:58:46.550+0000] {logging_mixin.py:190} INFO - [2026-07-22T09:58:46.550+0000] {dag.py:3239} INFO - Sync 1 DAGs
[2026-07-22T09:58:46.567+0000] {logging_mixin.py:190} INFO - [2026-07-22T09:58:46.567+0000] {dag.py:4180} INFO - Setting next_dagrun for my_dag to None, run_after=None
[2026-07-22T09:58:46.587+0000] {processor.py:208} INFO - Processing /opt/airflow/dags/my_tasks.py took 0.080 seconds
[2026-07-22T09:59:16.761+0000] {processor.py:186} INFO - Started process (PID=1191) to work on /opt/airflow/dags/my_tasks.py
[2026-07-22T09:59:16.762+0000] {processor.py:914} INFO - Processing file /opt/airflow/dags/my_tasks.py for tasks to queue
[2026-07-22T09:59:16.763+0000] {logging_mixin.py:190} INFO - [2026-07-22T09:59:16.763+0000] {dagbag.py:588} INFO - Filling up the DagBag from /opt/airflow/dags/my_tasks.py
[2026-07-22T09:59:16.771+0000] {processor.py:925} INFO - DAG(s) 'my_dag' retrieved from /opt/airflow/dags/my_tasks.py
[2026-07-22T09:59:16.789+0000] {logging_mixin.py:190} INFO - [2026-07-22T09:59:16.789+0000] {dag.py:3239} INFO - Sync 1 DAGs
[2026-07-22T09:59:16.805+0000] {logging_mixin.py:190} INFO - [2026-07-22T09:59:16.805+0000] {dag.py:4180} INFO - Setting next_dagrun for my_dag to None, run_after=None
[2026-07-22T09:59:16.819+0000] {processor.py:208} INFO - Processing /opt/airflow/dags/my_tasks.py took 0.063 seconds
[2026-07-22T09:59:47.018+0000] {processor.py:186} INFO - Started process (PID=1202) to work on /opt/airflow/dags/my_tasks.py
[2026-07-22T09:59:47.023+0000] {processor.py:914} INFO - Processing file /opt/airflow/dags/my_tasks.py for tasks to queue
[2026-07-22T09:59:47.025+0000] {logging_mixin.py:190} INFO - [2026-07-22T09:59:47.025+0000] {dagbag.py:588} INFO - Filling up the DagBag from /opt/airflow/dags/my_tasks.py
[2026-07-22T09:59:47.034+0000] {processor.py:925} INFO - DAG(s) 'my_dag' retrieved from /opt/airflow/dags/my_tasks.py
[2026-07-22T09:59:47.053+0000] {logging_mixin.py:190} INFO - [2026-07-22T09:59:47.053+0000] {dag.py:3239} INFO - Sync 1 DAGs
[2026-07-22T09:59:47.069+0000] {logging_mixin.py:190} INFO - [2026-07-22T09:59:47.069+0000] {dag.py:4180} INFO - Setting next_dagrun for my_dag to None, run_after=None
[2026-07-22T09:59:47.083+0000] {processor.py:208} INFO - Processing /opt/airflow/dags/my_tasks.py took 0.069 seconds
[2026-07-22T10:00:17.237+0000] {processor.py:186} INFO - Started process (PID=1213) to work on /opt/airflow/dags/my_tasks.py
[2026-07-22T10:00:17.237+0000] {processor.py:914} INFO - Processing file /opt/airflow/dags/my_tasks.py for tasks to queue
[2026-07-22T10:00:17.239+0000] {logging_mixin.py:190} INFO - [2026-07-22T10:00:17.239+0000] {dagbag.py:588} INFO - Filling up the DagBag from /opt/airflow/dags/my_tasks.py
[2026-07-22T10:00:17.246+0000] {processor.py:925} INFO - DAG(s) 'my_dag' retrieved from /opt/airflow/dags/my_tasks.py
[2026-07-22T10:00:17.263+0000] {logging_mixin.py:190} INFO - [2026-07-22T10:00:17.263+0000] {dag.py:3239} INFO - Sync 1 DAGs
[2026-07-22T10:00:17.279+0000] {logging_mixin.py:190} INFO - [2026-07-22T10:00:17.279+0000] {dag.py:4180} INFO - Setting next_dagrun for my_dag to None, run_after=None
[2026-07-22T10:00:17.298+0000] {processor.py:208} INFO - Processing /opt/airflow/dags/my_tasks.py took 0.066 seconds
[2026-07-22T10:00:47.489+0000] {processor.py:186} INFO - Started process (PID=1224) to work on /opt/airflow/dags/my_tasks.py
[2026-07-22T10:00:47.490+0000] {processor.py:914} INFO - Processing file /opt/airflow/dags/my_tasks.py for tasks to queue
[2026-07-22T10:00:47.491+0000] {logging_mixin.py:190} INFO - [2026-07-22T10:00:47.491+0000] {dagbag.py:588} INFO - Filling up the DagBag from /opt/airflow/dags/my_tasks.py
[2026-07-22T10:00:47.498+0000] {processor.py:925} INFO - DAG(s) 'my_dag' retrieved from /opt/airflow/dags/my_tasks.py
[2026-07-22T10:00:47.517+0000] {logging_mixin.py:190} INFO - [2026-07-22T10:00:47.516+0000] {dag.py:3239} INFO - Sync 1 DAGs
[2026-07-22T10:00:47.532+0000] {logging_mixin.py:190} INFO - [2026-07-22T10:00:47.532+0000] {dag.py:4180} INFO - Setting next_dagrun for my_dag to None, run_after=None
[2026-07-22T10:00:47.547+0000] {processor.py:208} INFO - Processing /opt/airflow/dags/my_tasks.py took 0.062 seconds
[2026-07-22T10:01:17.736+0000] {processor.py:186} INFO - Started process (PID=1234) to work on /opt/airflow/dags/my_tasks.py
[2026-07-22T10:01:17.737+0000] {processor.py:914} INFO - Processing file /opt/airflow/dags/my_tasks.py for tasks to queue
[2026-07-22T10:01:17.738+0000] {logging_mixin.py:190} INFO - [2026-07-22T10:01:17.738+0000] {dagbag.py:588} INFO - Filling up the DagBag from /opt/airflow/dags/my_tasks.py
[2026-07-22T10:01:17.745+0000] {processor.py:925} INFO - DAG(s) 'my_dag' retrieved from /opt/airflow/dags/my_tasks.py
[2026-07-22T10:01:17.763+0000] {logging_mixin.py:190} INFO - [2026-07-22T10:01:17.763+0000] {dag.py:3239} INFO - Sync 1 DAGs
[2026-07-22T10:01:17.780+0000] {logging_mixin.py:190} INFO - [2026-07-22T10:01:17.779+0000] {dag.py:4180} INFO - Setting next_dagrun for my_dag to None, run_after=None
[2026-07-22T10:01:17.794+0000] {processor.py:208} INFO - Processing /opt/airflow/dags/my_tasks.py took 0.061 seconds
[2026-07-22T10:01:48.000+0000] {processor.py:186} INFO - Started process (PID=1245) to work on /opt/airflow/dags/my_tasks.py
[2026-07-22T10:01:48.000+0000] {processor.py:914} INFO - Processing file /opt/airflow/dags/my_tasks.py for tasks to queue
[2026-07-22T10:01:48.002+0000] {logging_mixin.py:190} INFO - [2026-07-22T10:01:48.002+0000] {dagbag.py:588} INFO - Filling up the DagBag from /opt/airflow/dags/my_tasks.py
[2026-07-22T10:01:48.009+0000] {processor.py:925} INFO - DAG(s) 'my_dag' retrieved from /opt/airflow/dags/my_tasks.py
[2026-07-22T10:01:48.027+0000] {logging_mixin.py:190} INFO - [2026-07-22T10:01:48.026+0000] {dag.py:3239} INFO - Sync 1 DAGs
[2026-07-22T10:01:48.042+0000] {logging_mixin.py:190} INFO - [2026-07-22T10:01:48.042+0000] {dag.py:4180} INFO - Setting next_dagrun for my_dag to None, run_after=None
[2026-07-22T10:01:48.056+0000] {processor.py:208} INFO - Processing /opt/airflow/dags/my_tasks.py took 0.060 seconds
[2026-07-22T10:02:18.256+0000] {processor.py:186} INFO - Started process (PID=1256) to work on /opt/airflow/dags/my_tasks.py
[2026-07-22T10:02:18.257+0000] {processor.py:914} INFO - Processing file /opt/airflow/dags/my_tasks.py for tasks to queue
[2026-07-22T10:02:18.258+0000] {logging_mixin.py:190} INFO - [2026-07-22T10:02:18.258+0000] {dagbag.py:588} INFO - Filling up the DagBag from /opt/airflow/dags/my_tasks.py
[2026-07-22T10:02:18.265+0000] {processor.py:925} INFO - DAG(s) 'my_dag' retrieved from /opt/airflow/dags/my_tasks.py
[2026-07-22T10:02:18.283+0000] {logging_mixin.py:190} INFO - [2026-07-22T10:02:18.283+0000] {dag.py:3239} INFO - Sync 1 DAGs
[2026-07-22T10:02:18.299+0000] {logging_mixin.py:190} INFO - [2026-07-22T10:02:18.299+0000] {dag.py:4180} INFO - Setting next_dagrun for my_dag to None, run_after=None
[2026-07-22T10:02:18.313+0000] {processor.py:208} INFO - Processing /opt/airflow/dags/my_tasks.py took 0.061 seconds
[2026-07-22T10:02:48.514+0000] {processor.py:186} INFO - Started process (PID=1267) to work on /opt/airflow/dags/my_tasks.py
[2026-07-22T10:02:48.514+0000] {processor.py:914} INFO - Processing file /opt/airflow/dags/my_tasks.py for tasks to queue
[2026-07-22T10:02:48.516+0000] {logging_mixin.py:190} INFO - [2026-07-22T10:02:48.515+0000] {dagbag.py:588} INFO - Filling up the DagBag from /opt/airflow/dags/my_tasks.py
[2026-07-22T10:02:48.523+0000] {processor.py:925} INFO - DAG(s) 'my_dag' retrieved from /opt/airflow/dags/my_tasks.py
[2026-07-22T10:02:48.541+0000] {logging_mixin.py:190} INFO - [2026-07-22T10:02:48.541+0000] {dag.py:3239} INFO - Sync 1 DAGs
[2026-07-22T10:02:48.557+0000] {logging_mixin.py:190} INFO - [2026-07-22T10:02:48.557+0000] {dag.py:4180} INFO - Setting next_dagrun for my_dag to None, run_after=None
[2026-07-22T10:02:48.571+0000] {processor.py:208} INFO - Processing /opt/airflow/dags/my_tasks.py took 0.062 seconds
[2026-07-22T10:03:18.760+0000] {processor.py:186} INFO - Started process (PID=1278) to work on /opt/airflow/dags/my_tasks.py
[2026-07-22T10:03:18.760+0000] {processor.py:914} INFO - Processing file /opt/airflow/dags/my_tasks.py for tasks to queue
[2026-07-22T10:03:18.762+0000] {logging_mixin.py:190} INFO - [2026-07-22T10:03:18.762+0000] {dagbag.py:588} INFO - Filling up the DagBag from /opt/airflow/dags/my_tasks.py
[2026-07-22T10:03:18.769+0000] {processor.py:925} INFO - DAG(s) 'my_dag' retrieved from /opt/airflow/dags/my_tasks.py
[2026-07-22T10:03:18.787+0000] {logging_mixin.py:190} INFO - [2026-07-22T10:03:18.787+0000] {dag.py:3239} INFO - Sync 1 DAGs
[2026-07-22T10:03:18.804+0000] {logging_mixin.py:190} INFO - [2026-07-22T10:03:18.803+0000] {dag.py:4180} INFO - Setting next_dagrun for my_dag to None, run_after=None
[2026-07-22T10:03:18.819+0000] {processor.py:208} INFO - Processing /opt/airflow/dags/my_tasks.py took 0.063 seconds
[2026-07-22T10:03:49.027+0000] {processor.py:186} INFO - Started process (PID=1289) to work on /opt/airflow/dags/my_tasks.py
[2026-07-22T10:03:49.028+0000] {processor.py:914} INFO - Processing file /opt/airflow/dags/my_tasks.py for tasks to queue
[2026-07-22T10:03:49.030+0000] {logging_mixin.py:190} INFO - [2026-07-22T10:03:49.029+0000] {dagbag.py:588} INFO - Filling up the DagBag from /opt/airflow/dags/my_tasks.py
[2026-07-22T10:03:49.036+0000] {processor.py:925} INFO - DAG(s) 'my_dag' retrieved from /opt/airflow/dags/my_tasks.py
[2026-07-22T10:03:49.054+0000] {logging_mixin.py:190} INFO - [2026-07-22T10:03:49.054+0000] {dag.py:3239} INFO - Sync 1 DAGs
[2026-07-22T10:03:49.071+0000] {logging_mixin.py:190} INFO - [2026-07-22T10:03:49.070+0000] {dag.py:4180} INFO - Setting next_dagrun for my_dag to None, run_after=None
[2026-07-22T10:03:49.084+0000] {processor.py:208} INFO - Processing /opt/airflow/dags/my_tasks.py took 0.061 seconds
[2026-07-22T10:04:19.287+0000] {processor.py:186} INFO - Started process (PID=1300) to work on /opt/airflow/dags/my_tasks.py
[2026-07-22T10:04:19.295+0000] {processor.py:914} INFO - Processing file /opt/airflow/dags/my_tasks.py for tasks to queue
[2026-07-22T10:04:19.298+0000] {logging_mixin.py:190} INFO - [2026-07-22T10:04:19.297+0000] {dagbag.py:588} INFO - Filling up the DagBag from /opt/airflow/dags/my_tasks.py
[2026-07-22T10:04:19.308+0000] {processor.py:925} INFO - DAG(s) 'my_dag' retrieved from /opt/airflow/dags/my_tasks.py
[2026-07-22T10:04:19.326+0000] {logging_mixin.py:190} INFO - [2026-07-22T10:04:19.326+0000] {dag.py:3239} INFO - Sync 1 DAGs
[2026-07-22T10:04:19.342+0000] {logging_mixin.py:190} INFO - [2026-07-22T10:04:19.342+0000] {dag.py:4180} INFO - Setting next_dagrun for my_dag to None, run_after=None
[2026-07-22T10:04:19.356+0000] {processor.py:208} INFO - Processing /opt/airflow/dags/my_tasks.py took 0.073 seconds
[2026-07-22T10:04:49.561+0000] {processor.py:186} INFO - Started process (PID=1311) to work on /opt/airflow/dags/my_tasks.py
[2026-07-22T10:04:49.562+0000] {processor.py:914} INFO - Processing file /opt/airflow/dags/my_tasks.py for tasks to queue
[2026-07-22T10:04:49.563+0000] {logging_mixin.py:190} INFO - [2026-07-22T10:04:49.563+0000] {dagbag.py:588} INFO - Filling up the DagBag from /opt/airflow/dags/my_tasks.py
[2026-07-22T10:04:49.570+0000] {processor.py:925} INFO - DAG(s) 'my_dag' retrieved from /opt/airflow/dags/my_tasks.py
[2026-07-22T10:04:49.589+0000] {logging_mixin.py:190} INFO - [2026-07-22T10:04:49.589+0000] {dag.py:3239} INFO - Sync 1 DAGs
[2026-07-22T10:04:49.606+0000] {logging_mixin.py:190} INFO - [2026-07-22T10:04:49.606+0000] {dag.py:4180} INFO - Setting next_dagrun for my_dag to None, run_after=None
[2026-07-22T10:04:49.620+0000] {processor.py:208} INFO - Processing /opt/airflow/dags/my_tasks.py took 0.062 seconds
[2026-07-22T10:05:19.824+0000] {processor.py:186} INFO - Started process (PID=1322) to work on /opt/airflow/dags/my_tasks.py
[2026-07-22T10:05:19.824+0000] {processor.py:914} INFO - Processing file /opt/airflow/dags/my_tasks.py for tasks to queue
[2026-07-22T10:05:19.826+0000] {logging_mixin.py:190} INFO - [2026-07-22T10:05:19.826+0000] {dagbag.py:588} INFO - Filling up the DagBag from /opt/airflow/dags/my_tasks.py
[2026-07-22T10:05:19.833+0000] {processor.py:925} INFO - DAG(s) 'my_dag' retrieved from /opt/airflow/dags/my_tasks.py
[2026-07-22T10:05:19.851+0000] {logging_mixin.py:190} INFO - [2026-07-22T10:05:19.851+0000] {dag.py:3239} INFO - Sync 1 DAGs
[2026-07-22T10:05:19.867+0000] {logging_mixin.py:190} INFO - [2026-07-22T10:05:19.866+0000] {dag.py:4180} INFO - Setting next_dagrun for my_dag to None, run_after=None
[2026-07-22T10:05:19.881+0000] {processor.py:208} INFO - Processing /opt/airflow/dags/my_tasks.py took 0.061 seconds
[2026-07-22T10:05:50.085+0000] {processor.py:186} INFO - Started process (PID=1333) to work on /opt/airflow/dags/my_tasks.py
[2026-07-22T10:05:50.085+0000] {processor.py:914} INFO - Processing file /opt/airflow/dags/my_tasks.py for tasks to queue
[2026-07-22T10:05:50.087+0000] {logging_mixin.py:190} INFO - [2026-07-22T10:05:50.087+0000] {dagbag.py:588} INFO - Filling up the DagBag from /opt/airflow/dags/my_tasks.py
[2026-07-22T10:05:50.094+0000] {processor.py:925} INFO - DAG(s) 'my_dag' retrieved from /opt/airflow/dags/my_tasks.py
[2026-07-22T10:05:50.112+0000] {logging_mixin.py:190} INFO - [2026-07-22T10:05:50.111+0000] {dag.py:3239} INFO - Sync 1 DAGs
[2026-07-22T10:05:50.128+0000] {logging_mixin.py:190} INFO - [2026-07-22T10:05:50.128+0000] {dag.py:4180} INFO - Setting next_dagrun for my_dag to None, run_after=None
[2026-07-22T10:05:50.141+0000] {processor.py:208} INFO - Processing /opt/airflow/dags/my_tasks.py took 0.061 seconds
[2026-07-22T10:06:20.317+0000] {processor.py:186} INFO - Started process (PID=1344) to work on /opt/airflow/dags/my_tasks.py
[2026-07-22T10:06:20.318+0000] {processor.py:914} INFO - Processing file /opt/airflow/dags/my_tasks.py for tasks to queue
[2026-07-22T10:06:20.319+0000] {logging_mixin.py:190} INFO - [2026-07-22T10:06:20.319+0000] {dagbag.py:588} INFO - Filling up the DagBag from /opt/airflow/dags/my_tasks.py
[2026-07-22T10:06:20.326+0000] {processor.py:925} INFO - DAG(s) 'my_dag' retrieved from /opt/airflow/dags/my_tasks.py
[2026-07-22T10:06:20.345+0000] {logging_mixin.py:190} INFO - [2026-07-22T10:06:20.344+0000] {dag.py:3239} INFO - Sync 1 DAGs
[2026-07-22T10:06:20.360+0000] {logging_mixin.py:190} INFO - [2026-07-22T10:06:20.360+0000] {dag.py:4180} INFO - Setting next_dagrun for my_dag to None, run_after=None
[2026-07-22T10:06:20.375+0000] {processor.py:208} INFO - Processing /opt/airflow/dags/my_tasks.py took 0.061 seconds
[2026-07-22T10:06:50.574+0000] {processor.py:186} INFO - Started process (PID=1355) to work on /opt/airflow/dags/my_tasks.py
[2026-07-22T10:06:50.574+0000] {processor.py:914} INFO - Processing file /opt/airflow/dags/my_tasks.py for tasks to queue
[2026-07-22T10:06:50.575+0000] {logging_mixin.py:190} INFO - [2026-07-22T10:06:50.575+0000] {dagbag.py:588} INFO - Filling up the DagBag from /opt/airflow/dags/my_tasks.py
[2026-07-22T10:06:50.582+0000] {processor.py:925} INFO - DAG(s) 'my_dag' retrieved from /opt/airflow/dags/my_tasks.py
[2026-07-22T10:06:50.601+0000] {logging_mixin.py:190} INFO - [2026-07-22T10:06:50.601+0000] {dag.py:3239} INFO - Sync 1 DAGs
[2026-07-22T10:06:50.618+0000] {logging_mixin.py:190} INFO - [2026-07-22T10:06:50.618+0000] {dag.py:4180} INFO - Setting next_dagrun for my_dag to None, run_after=None
[2026-07-22T10:06:50.632+0000] {processor.py:208} INFO - Processing /opt/airflow/dags/my_tasks.py took 0.062 seconds
[2026-07-22T10:07:20.829+0000] {processor.py:186} INFO - Started process (PID=1366) to work on /opt/airflow/dags/my_tasks.py
[2026-07-22T10:07:20.837+0000] {processor.py:914} INFO - Processing file /opt/airflow/dags/my_tasks.py for tasks to queue
[2026-07-22T10:07:20.839+0000] {logging_mixin.py:190} INFO - [2026-07-22T10:07:20.839+0000] {dagbag.py:588} INFO - Filling up the DagBag from /opt/airflow/dags/my_tasks.py
[2026-07-22T10:07:20.846+0000] {processor.py:925} INFO - DAG(s) 'my_dag' retrieved from /opt/airflow/dags/my_tasks.py
[2026-07-22T10:07:20.865+0000] {logging_mixin.py:190} INFO - [2026-07-22T10:07:20.864+0000] {dag.py:3239} INFO - Sync 1 DAGs
[2026-07-22T10:07:20.883+0000] {logging_mixin.py:190} INFO - [2026-07-22T10:07:20.882+0000] {dag.py:4180} INFO - Setting next_dagrun for my_dag to None, run_after=None
[2026-07-22T10:07:20.897+0000] {processor.py:208} INFO - Processing /opt/airflow/dags/my_tasks.py took 0.072 seconds
[2026-07-22T10:07:51.084+0000] {processor.py:186} INFO - Started process (PID=1377) to work on /opt/airflow/dags/my_tasks.py
[2026-07-22T10:07:51.085+0000] {processor.py:914} INFO - Processing file /opt/airflow/dags/my_tasks.py for tasks to queue
[2026-07-22T10:07:51.086+0000] {logging_mixin.py:190} INFO - [2026-07-22T10:07:51.086+0000] {dagbag.py:588} INFO - Filling up the DagBag from /opt/airflow/dags/my_tasks.py
[2026-07-22T10:07:51.093+0000] {processor.py:925} INFO - DAG(s) 'my_dag' retrieved from /opt/airflow/dags/my_tasks.py
[2026-07-22T10:07:51.111+0000] {logging_mixin.py:190} INFO - [2026-07-22T10:07:51.111+0000] {dag.py:3239} INFO - Sync 1 DAGs
[2026-07-22T10:07:51.127+0000] {logging_mixin.py:190} INFO - [2026-07-22T10:07:51.126+0000] {dag.py:4180} INFO - Setting next_dagrun for my_dag to None, run_after=None
[2026-07-22T10:07:51.141+0000] {processor.py:208} INFO - Processing /opt/airflow/dags/my_tasks.py took 0.060 seconds
[2026-07-22T10:08:21.325+0000] {processor.py:186} INFO - Started process (PID=1388) to work on /opt/airflow/dags/my_tasks.py
[2026-07-22T10:08:21.333+0000] {processor.py:914} INFO - Processing file /opt/airflow/dags/my_tasks.py for tasks to queue
[2026-07-22T10:08:21.335+0000] {logging_mixin.py:190} INFO - [2026-07-22T10:08:21.335+0000] {dagbag.py:588} INFO - Filling up the DagBag from /opt/airflow/dags/my_tasks.py
[2026-07-22T10:08:21.343+0000] {processor.py:925} INFO - DAG(s) 'my_dag' retrieved from /opt/airflow/dags/my_tasks.py
[2026-07-22T10:08:21.361+0000] {logging_mixin.py:190} INFO - [2026-07-22T10:08:21.361+0000] {dag.py:3239} INFO - Sync 1 DAGs
[2026-07-22T10:08:21.378+0000] {logging_mixin.py:190} INFO - [2026-07-22T10:08:21.378+0000] {dag.py:4180} INFO - Setting next_dagrun for my_dag to None, run_after=None
[2026-07-22T10:08:21.392+0000] {processor.py:208} INFO - Processing /opt/airflow/dags/my_tasks.py took 0.070 seconds
[2026-07-22T10:08:51.563+0000] {processor.py:186} INFO - Started process (PID=1399) to work on /opt/airflow/dags/my_tasks.py
[2026-07-22T10:08:51.564+0000] {processor.py:914} INFO - Processing file /opt/airflow/dags/my_tasks.py for tasks to queue
[2026-07-22T10:08:51.565+0000] {logging_mixin.py:190} INFO - [2026-07-22T10:08:51.565+0000] {dagbag.py:588} INFO - Filling up the DagBag from /opt/airflow/dags/my_tasks.py
[2026-07-22T10:08:51.572+0000] {processor.py:925} INFO - DAG(s) 'my_dag' retrieved from /opt/airflow/dags/my_tasks.py
[2026-07-22T10:08:51.590+0000] {logging_mixin.py:190} INFO - [2026-07-22T10:08:51.589+0000] {dag.py:3239} INFO - Sync 1 DAGs
[2026-07-22T10:08:51.606+0000] {logging_mixin.py:190} INFO - [2026-07-22T10:08:51.605+0000] {dag.py:4180} INFO - Setting next_dagrun for my_dag to None, run_after=None
[2026-07-22T10:08:51.621+0000] {processor.py:208} INFO - Processing /opt/airflow/dags/my_tasks.py took 0.062 seconds
[2026-07-22T10:09:21.791+0000] {processor.py:186} INFO - Started process (PID=1410) to work on /opt/airflow/dags/my_tasks.py
[2026-07-22T10:09:21.791+0000] {processor.py:914} INFO - Processing file /opt/airflow/dags/my_tasks.py for tasks to queue
[2026-07-22T10:09:21.793+0000] {logging_mixin.py:190} INFO - [2026-07-22T10:09:21.793+0000] {dagbag.py:588} INFO - Filling up the DagBag from /opt/airflow/dags/my_tasks.py
[2026-07-22T10:09:21.800+0000] {processor.py:925} INFO - DAG(s) 'my_dag' retrieved from /opt/airflow/dags/my_tasks.py
[2026-07-22T10:09:21.818+0000] {logging_mixin.py:190} INFO - [2026-07-22T10:09:21.818+0000] {dag.py:3239} INFO - Sync 1 DAGs
[2026-07-22T10:09:21.834+0000] {logging_mixin.py:190} INFO - [2026-07-22T10:09:21.834+0000] {dag.py:4180} INFO - Setting next_dagrun for my_dag to None, run_after=None
[2026-07-22T10:09:21.854+0000] {processor.py:208} INFO - Processing /opt/airflow/dags/my_tasks.py took 0.067 seconds
[2026-07-22T10:09:51.970+0000] {processor.py:186} INFO - Started process (PID=1421) to work on /opt/airflow/dags/my_tasks.py
[2026-07-22T10:09:51.978+0000] {processor.py:914} INFO - Processing file /opt/airflow/dags/my_tasks.py for tasks to queue
[2026-07-22T10:09:51.980+0000] {logging_mixin.py:190} INFO - [2026-07-22T10:09:51.979+0000] {dagbag.py:588} INFO - Filling up the DagBag from /opt/airflow/dags/my_tasks.py
[2026-07-22T10:09:51.986+0000] {processor.py:925} INFO - DAG(s) 'my_dag' retrieved from /opt/airflow/dags/my_tasks.py
[2026-07-22T10:09:52.005+0000] {logging_mixin.py:190} INFO - [2026-07-22T10:09:52.005+0000] {dag.py:3239} INFO - Sync 1 DAGs
[2026-07-22T10:09:52.021+0000] {logging_mixin.py:190} INFO - [2026-07-22T10:09:52.021+0000] {dag.py:4180} INFO - Setting next_dagrun for my_dag to None, run_after=None
[2026-07-22T10:09:52.047+0000] {processor.py:208} INFO - Processing /opt/airflow/dags/my_tasks.py took 0.081 seconds
[2026-07-22T10:10:22.109+0000] {processor.py:186} INFO - Started process (PID=1432) to work on /opt/airflow/dags/my_tasks.py
[2026-07-22T10:10:22.109+0000] {processor.py:914} INFO - Processing file /opt/airflow/dags/my_tasks.py for tasks to queue
[2026-07-22T10:10:22.111+0000] {logging_mixin.py:190} INFO - [2026-07-22T10:10:22.111+0000] {dagbag.py:588} INFO - Filling up the DagBag from /opt/airflow/dags/my_tasks.py
[2026-07-22T10:10:22.118+0000] {processor.py:925} INFO - DAG(s) 'my_dag' retrieved from /opt/airflow/dags/my_tasks.py
[2026-07-22T10:10:22.136+0000] {logging_mixin.py:190} INFO - [2026-07-22T10:10:22.136+0000] {dag.py:3239} INFO - Sync 1 DAGs
[2026-07-22T10:10:22.154+0000] {logging_mixin.py:190} INFO - [2026-07-22T10:10:22.153+0000] {dag.py:4180} INFO - Setting next_dagrun for my_dag to None, run_after=None
[2026-07-22T10:10:22.168+0000] {processor.py:208} INFO - Processing /opt/airflow/dags/my_tasks.py took 0.063 seconds
[2026-07-22T10:10:52.284+0000] {processor.py:186} INFO - Started process (PID=1443) to work on /opt/airflow/dags/my_tasks.py
[2026-07-22T10:10:52.292+0000] {processor.py:914} INFO - Processing file /opt/airflow/dags/my_tasks.py for tasks to queue
[2026-07-22T10:10:52.294+0000] {logging_mixin.py:190} INFO - [2026-07-22T10:10:52.293+0000] {dagbag.py:588} INFO - Filling up the DagBag from /opt/airflow/dags/my_tasks.py
[2026-07-22T10:10:52.301+0000] {processor.py:925} INFO - DAG(s) 'my_dag' retrieved from /opt/airflow/dags/my_tasks.py
[2026-07-22T10:10:52.320+0000] {logging_mixin.py:190} INFO - [2026-07-22T10:10:52.319+0000] {dag.py:3239} INFO - Sync 1 DAGs
[2026-07-22T10:10:52.335+0000] {logging_mixin.py:190} INFO - [2026-07-22T10:10:52.335+0000] {dag.py:4180} INFO - Setting next_dagrun for my_dag to None, run_after=None
[2026-07-22T10:10:52.349+0000] {processor.py:208} INFO - Processing /opt/airflow/dags/my_tasks.py took 0.069 seconds
[2026-07-22T10:11:22.435+0000] {processor.py:186} INFO - Started process (PID=1454) to work on /opt/airflow/dags/my_tasks.py
[2026-07-22T10:11:22.436+0000] {processor.py:914} INFO - Processing file /opt/airflow/dags/my_tasks.py for tasks to queue
[2026-07-22T10:11:22.438+0000] {logging_mixin.py:190} INFO - [2026-07-22T10:11:22.437+0000] {dagbag.py:588} INFO - Filling up the DagBag from /opt/airflow/dags/my_tasks.py
[2026-07-22T10:11:22.444+0000] {processor.py:925} INFO - DAG(s) 'my_dag' retrieved from /opt/airflow/dags/my_tasks.py
[2026-07-22T10:11:22.464+0000] {logging_mixin.py:190} INFO - [2026-07-22T10:11:22.464+0000] {dag.py:3239} INFO - Sync 1 DAGs
[2026-07-22T10:11:22.482+0000] {logging_mixin.py:190} INFO - [2026-07-22T10:11:22.481+0000] {dag.py:4180} INFO - Setting next_dagrun for my_dag to None, run_after=None
[2026-07-22T10:11:22.496+0000] {processor.py:208} INFO - Processing /opt/airflow/dags/my_tasks.py took 0.066 seconds
[2026-07-22T10:11:52.582+0000] {processor.py:186} INFO - Started process (PID=1465) to work on /opt/airflow/dags/my_tasks.py
[2026-07-22T10:11:52.583+0000] {processor.py:914} INFO - Processing file /opt/airflow/dags/my_tasks.py for tasks to queue
[2026-07-22T10:11:52.584+0000] {logging_mixin.py:190} INFO - [2026-07-22T10:11:52.584+0000] {dagbag.py:588} INFO - Filling up the DagBag from /opt/airflow/dags/my_tasks.py
[2026-07-22T10:11:52.591+0000] {processor.py:925} INFO - DAG(s) 'my_dag' retrieved from /opt/airflow/dags/my_tasks.py
[2026-07-22T10:11:52.611+0000] {logging_mixin.py:190} INFO - [2026-07-22T10:11:52.610+0000] {dag.py:3239} INFO - Sync 1 DAGs
[2026-07-22T10:11:52.628+0000] {logging_mixin.py:190} INFO - [2026-07-22T10:11:52.628+0000] {dag.py:4180} INFO - Setting next_dagrun for my_dag to None, run_after=None
[2026-07-22T10:11:52.644+0000] {processor.py:208} INFO - Processing /opt/airflow/dags/my_tasks.py took 0.067 seconds
[2026-07-22T10:12:22.732+0000] {processor.py:186} INFO - Started process (PID=1476) to work on /opt/airflow/dags/my_tasks.py
[2026-07-22T10:12:22.733+0000] {processor.py:914} INFO - Processing file /opt/airflow/dags/my_tasks.py for tasks to queue
[2026-07-22T10:12:22.734+0000] {logging_mixin.py:190} INFO - [2026-07-22T10:12:22.734+0000] {dagbag.py:588} INFO - Filling up the DagBag from /opt/airflow/dags/my_tasks.py
[2026-07-22T10:12:22.742+0000] {processor.py:925} INFO - DAG(s) 'my_dag' retrieved from /opt/airflow/dags/my_tasks.py
[2026-07-22T10:12:22.762+0000] {logging_mixin.py:190} INFO - [2026-07-22T10:12:22.762+0000] {dag.py:3239} INFO - Sync 1 DAGs
[2026-07-22T10:12:22.779+0000] {logging_mixin.py:190} INFO - [2026-07-22T10:12:22.779+0000] {dag.py:4180} INFO - Setting next_dagrun for my_dag to None, run_after=None
[2026-07-22T10:12:22.794+0000] {processor.py:208} INFO - Processing /opt/airflow/dags/my_tasks.py took 0.066 seconds
[2026-07-22T10:12:52.889+0000] {processor.py:186} INFO - Started process (PID=1487) to work on /opt/airflow/dags/my_tasks.py
[2026-07-22T10:12:52.897+0000] {processor.py:914} INFO - Processing file /opt/airflow/dags/my_tasks.py for tasks to queue
[2026-07-22T10:12:52.900+0000] {logging_mixin.py:190} INFO - [2026-07-22T10:12:52.899+0000] {dagbag.py:588} INFO - Filling up the DagBag from /opt/airflow/dags/my_tasks.py
[2026-07-22T10:12:52.908+0000] {processor.py:925} INFO - DAG(s) 'my_dag' retrieved from /opt/airflow/dags/my_tasks.py
[2026-07-22T10:12:52.927+0000] {logging_mixin.py:190} INFO - [2026-07-22T10:12:52.927+0000] {dag.py:3239} INFO - Sync 1 DAGs
[2026-07-22T10:12:52.944+0000] {logging_mixin.py:190} INFO - [2026-07-22T10:12:52.944+0000] {dag.py:4180} INFO - Setting next_dagrun for my_dag to None, run_after=None
[2026-07-22T10:12:52.960+0000] {processor.py:208} INFO - Processing /opt/airflow/dags/my_tasks.py took 0.074 seconds
[2026-07-22T10:13:23.025+0000] {processor.py:186} INFO - Started process (PID=1498) to work on /opt/airflow/dags/my_tasks.py
[2026-07-22T10:13:23.026+0000] {processor.py:914} INFO - Processing file /opt/airflow/dags/my_tasks.py for tasks to queue
[2026-07-22T10:13:23.027+0000] {logging_mixin.py:190} INFO - [2026-07-22T10:13:23.027+0000] {dagbag.py:588} INFO - Filling up the DagBag from /opt/airflow/dags/my_tasks.py
[2026-07-22T10:13:23.034+0000] {processor.py:925} INFO - DAG(s) 'my_dag' retrieved from /opt/airflow/dags/my_tasks.py
[2026-07-22T10:13:23.055+0000] {logging_mixin.py:190} INFO - [2026-07-22T10:13:23.055+0000] {dag.py:3239} INFO - Sync 1 DAGs
[2026-07-22T10:13:23.071+0000] {logging_mixin.py:190} INFO - [2026-07-22T10:13:23.071+0000] {dag.py:4180} INFO - Setting next_dagrun for my_dag to None, run_after=None
[2026-07-22T10:13:23.085+0000] {processor.py:208} INFO - Processing /opt/airflow/dags/my_tasks.py took 0.064 seconds
[2026-07-22T10:13:53.190+0000] {processor.py:186} INFO - Started process (PID=1509) to work on /opt/airflow/dags/my_tasks.py
[2026-07-22T10:13:53.190+0000] {processor.py:914} INFO - Processing file /opt/airflow/dags/my_tasks.py for tasks to queue
[2026-07-22T10:13:53.191+0000] {logging_mixin.py:190} INFO - [2026-07-22T10:13:53.191+0000] {dagbag.py:588} INFO - Filling up the DagBag from /opt/airflow/dags/my_tasks.py
[2026-07-22T10:13:53.199+0000] {processor.py:925} INFO - DAG(s) 'my_dag' retrieved from /opt/airflow/dags/my_tasks.py
[2026-07-22T10:13:53.216+0000] {logging_mixin.py:190} INFO - [2026-07-22T10:13:53.216+0000] {dag.py:3239} INFO - Sync 1 DAGs
[2026-07-22T10:13:53.233+0000] {logging_mixin.py:190} INFO - [2026-07-22T10:13:53.233+0000] {dag.py:4180} INFO - Setting next_dagrun for my_dag to None, run_after=None
[2026-07-22T10:13:53.247+0000] {processor.py:208} INFO - Processing /opt/airflow/dags/my_tasks.py took 0.062 seconds
[2026-07-22T10:14:23.329+0000] {processor.py:186} INFO - Started process (PID=1520) to work on /opt/airflow/dags/my_tasks.py
[2026-07-22T10:14:23.337+0000] {processor.py:914} INFO - Processing file /opt/airflow/dags/my_tasks.py for tasks to queue
[2026-07-22T10:14:23.339+0000] {logging_mixin.py:190} INFO - [2026-07-22T10:14:23.339+0000] {dagbag.py:588} INFO - Filling up the DagBag from /opt/airflow/dags/my_tasks.py
[2026-07-22T10:14:23.346+0000] {processor.py:925} INFO - DAG(s) 'my_dag' retrieved from /opt/airflow/dags/my_tasks.py
[2026-07-22T10:14:23.365+0000] {logging_mixin.py:190} INFO - [2026-07-22T10:14:23.365+0000] {dag.py:3239} INFO - Sync 1 DAGs
[2026-07-22T10:14:23.381+0000] {logging_mixin.py:190} INFO - [2026-07-22T10:14:23.381+0000] {dag.py:4180} INFO - Setting next_dagrun for my_dag to None, run_after=None
[2026-07-22T10:14:23.395+0000] {processor.py:208} INFO - Processing /opt/airflow/dags/my_tasks.py took 0.070 seconds
[2026-07-22T10:14:53.480+0000] {processor.py:186} INFO - Started process (PID=1531) to work on /opt/airflow/dags/my_tasks.py
[2026-07-22T10:14:53.480+0000] {processor.py:914} INFO - Processing file /opt/airflow/dags/my_tasks.py for tasks to queue
[2026-07-22T10:14:53.482+0000] {logging_mixin.py:190} INFO - [2026-07-22T10:14:53.482+0000] {dagbag.py:588} INFO - Filling up the DagBag from /opt/airflow/dags/my_tasks.py
[2026-07-22T10:14:53.489+0000] {processor.py:925} INFO - DAG(s) 'my_dag' retrieved from /opt/airflow/dags/my_tasks.py
[2026-07-22T10:14:53.507+0000] {logging_mixin.py:190} INFO - [2026-07-22T10:14:53.507+0000] {dag.py:3239} INFO - Sync 1 DAGs
[2026-07-22T10:14:53.524+0000] {logging_mixin.py:190} INFO - [2026-07-22T10:14:53.524+0000] {dag.py:4180} INFO - Setting next_dagrun for my_dag to None, run_after=None
[2026-07-22T10:14:53.539+0000] {processor.py:208} INFO - Processing /opt/airflow/dags/my_tasks.py took 0.064 seconds
[2026-07-22T10:15:23.632+0000] {processor.py:186} INFO - Started process (PID=1542) to work on /opt/airflow/dags/my_tasks.py
[2026-07-22T10:15:23.633+0000] {processor.py:914} INFO - Processing file /opt/airflow/dags/my_tasks.py for tasks to queue
[2026-07-22T10:15:23.635+0000] {logging_mixin.py:190} INFO - [2026-07-22T10:15:23.634+0000] {dagbag.py:588} INFO - Filling up the DagBag from /opt/airflow/dags/my_tasks.py
[2026-07-22T10:15:23.641+0000] {processor.py:925} INFO - DAG(s) 'my_dag' retrieved from /opt/airflow/dags/my_tasks.py
[2026-07-22T10:15:23.660+0000] {logging_mixin.py:190} INFO - [2026-07-22T10:15:23.660+0000] {dag.py:3239} INFO - Sync 1 DAGs
[2026-07-22T10:15:23.676+0000] {logging_mixin.py:190} INFO - [2026-07-22T10:15:23.675+0000] {dag.py:4180} INFO - Setting next_dagrun for my_dag to None, run_after=None
[2026-07-22T10:15:23.689+0000] {processor.py:208} INFO - Processing /opt/airflow/dags/my_tasks.py took 0.060 seconds
[2026-07-22T10:15:53.775+0000] {processor.py:186} INFO - Started process (PID=1553) to work on /opt/airflow/dags/my_tasks.py
[2026-07-22T10:15:53.775+0000] {processor.py:914} INFO - Processing file /opt/airflow/dags/my_tasks.py for tasks to queue
[2026-07-22T10:15:53.776+0000] {logging_mixin.py:190} INFO - [2026-07-22T10:15:53.776+0000] {dagbag.py:588} INFO - Filling up the DagBag from /opt/airflow/dags/my_tasks.py
[2026-07-22T10:15:53.783+0000] {processor.py:925} INFO - DAG(s) 'my_dag' retrieved from /opt/airflow/dags/my_tasks.py
[2026-07-22T10:15:53.802+0000] {logging_mixin.py:190} INFO - [2026-07-22T10:15:53.802+0000] {dag.py:3239} INFO - Sync 1 DAGs
[2026-07-22T10:15:53.819+0000] {logging_mixin.py:190} INFO - [2026-07-22T10:15:53.819+0000] {dag.py:4180} INFO - Setting next_dagrun for my_dag to None, run_after=None
[2026-07-22T10:15:53.834+0000] {processor.py:208} INFO - Processing /opt/airflow/dags/my_tasks.py took 0.065 seconds
[2026-07-22T10:16:23.945+0000] {processor.py:186} INFO - Started process (PID=1564) to work on /opt/airflow/dags/my_tasks.py
[2026-07-22T10:16:23.953+0000] {processor.py:914} INFO - Processing file /opt/airflow/dags/my_tasks.py for tasks to queue
[2026-07-22T10:16:23.954+0000] {logging_mixin.py:190} INFO - [2026-07-22T10:16:23.954+0000] {dagbag.py:588} INFO - Filling up the DagBag from /opt/airflow/dags/my_tasks.py
[2026-07-22T10:16:23.961+0000] {processor.py:925} INFO - DAG(s) 'my_dag' retrieved from /opt/airflow/dags/my_tasks.py
[2026-07-22T10:16:23.979+0000] {logging_mixin.py:190} INFO - [2026-07-22T10:16:23.979+0000] {dag.py:3239} INFO - Sync 1 DAGs
[2026-07-22T10:16:23.995+0000] {logging_mixin.py:190} INFO - [2026-07-22T10:16:23.995+0000] {dag.py:4180} INFO - Setting next_dagrun for my_dag to None, run_after=None
[2026-07-22T10:16:24.009+0000] {processor.py:208} INFO - Processing /opt/airflow/dags/my_tasks.py took 0.068 seconds
[2026-07-22T10:16:54.088+0000] {processor.py:186} INFO - Started process (PID=1575) to work on /opt/airflow/dags/my_tasks.py
[2026-07-22T10:16:54.089+0000] {processor.py:914} INFO - Processing file /opt/airflow/dags/my_tasks.py for tasks to queue
[2026-07-22T10:16:54.091+0000] {logging_mixin.py:190} INFO - [2026-07-22T10:16:54.090+0000] {dagbag.py:588} INFO - Filling up the DagBag from /opt/airflow/dags/my_tasks.py
[2026-07-22T10:16:54.097+0000] {processor.py:925} INFO - DAG(s) 'my_dag' retrieved from /opt/airflow/dags/my_tasks.py
[2026-07-22T10:16:54.118+0000] {logging_mixin.py:190} INFO - [2026-07-22T10:16:54.118+0000] {dag.py:3239} INFO - Sync 1 DAGs
[2026-07-22T10:16:54.134+0000] {logging_mixin.py:190} INFO - [2026-07-22T10:16:54.134+0000] {dag.py:4180} INFO - Setting next_dagrun for my_dag to None, run_after=None
[2026-07-22T10:16:54.147+0000] {processor.py:208} INFO - Processing /opt/airflow/dags/my_tasks.py took 0.063 seconds
[2026-07-22T10:17:24.257+0000] {processor.py:186} INFO - Started process (PID=1586) to work on /opt/airflow/dags/my_tasks.py
[2026-07-22T10:17:24.265+0000] {processor.py:914} INFO - Processing file /opt/airflow/dags/my_tasks.py for tasks to queue
[2026-07-22T10:17:24.266+0000] {logging_mixin.py:190} INFO - [2026-07-22T10:17:24.266+0000] {dagbag.py:588} INFO - Filling up the DagBag from /opt/airflow/dags/my_tasks.py
[2026-07-22T10:17:24.273+0000] {processor.py:925} INFO - DAG(s) 'my_dag' retrieved from /opt/airflow/dags/my_tasks.py
[2026-07-22T10:17:24.291+0000] {logging_mixin.py:190} INFO - [2026-07-22T10:17:24.291+0000] {dag.py:3239} INFO - Sync 1 DAGs
[2026-07-22T10:17:24.307+0000] {logging_mixin.py:190} INFO - [2026-07-22T10:17:24.307+0000] {dag.py:4180} INFO - Setting next_dagrun for my_dag to None, run_after=None
[2026-07-22T10:17:24.322+0000] {processor.py:208} INFO - Processing /opt/airflow/dags/my_tasks.py took 0.070 seconds
[2026-07-22T10:17:54.406+0000] {processor.py:186} INFO - Started process (PID=1597) to work on /opt/airflow/dags/my_tasks.py
[2026-07-22T10:17:54.410+0000] {processor.py:914} INFO - Processing file /opt/airflow/dags/my_tasks.py for tasks to queue
[2026-07-22T10:17:54.411+0000] {logging_mixin.py:190} INFO - [2026-07-22T10:17:54.411+0000] {dagbag.py:588} INFO - Filling up the DagBag from /opt/airflow/dags/my_tasks.py
[2026-07-22T10:17:54.418+0000] {processor.py:925} INFO - DAG(s) 'my_dag' retrieved from /opt/airflow/dags/my_tasks.py
[2026-07-22T10:17:54.437+0000] {logging_mixin.py:190} INFO - [2026-07-22T10:17:54.436+0000] {dag.py:3239} INFO - Sync 1 DAGs
[2026-07-22T10:17:54.453+0000] {logging_mixin.py:190} INFO - [2026-07-22T10:17:54.453+0000] {dag.py:4180} INFO - Setting next_dagrun for my_dag to None, run_after=None
[2026-07-22T10:17:54.467+0000] {processor.py:208} INFO - Processing /opt/airflow/dags/my_tasks.py took 0.065 seconds
[2026-07-22T10:18:24.588+0000] {processor.py:186} INFO - Started process (PID=1608) to work on /opt/airflow/dags/my_tasks.py
[2026-07-22T10:18:24.588+0000] {processor.py:914} INFO - Processing file /opt/airflow/dags/my_tasks.py for tasks to queue
[2026-07-22T10:18:24.590+0000] {logging_mixin.py:190} INFO - [2026-07-22T10:18:24.590+0000] {dagbag.py:588} INFO - Filling up the DagBag from /opt/airflow/dags/my_tasks.py
[2026-07-22T10:18:24.597+0000] {processor.py:925} INFO - DAG(s) 'my_dag' retrieved from /opt/airflow/dags/my_tasks.py
[2026-07-22T10:18:24.616+0000] {logging_mixin.py:190} INFO - [2026-07-22T10:18:24.616+0000] {dag.py:3239} INFO - Sync 1 DAGs
[2026-07-22T10:18:24.633+0000] {logging_mixin.py:190} INFO - [2026-07-22T10:18:24.633+0000] {dag.py:4180} INFO - Setting next_dagrun for my_dag to None, run_after=None
[2026-07-22T10:18:24.662+0000] {processor.py:208} INFO - Processing /opt/airflow/dags/my_tasks.py took 0.078 seconds
[2026-07-22T10:18:54.728+0000] {processor.py:186} INFO - Started process (PID=1619) to work on /opt/airflow/dags/my_tasks.py
[2026-07-22T10:18:54.729+0000] {processor.py:914} INFO - Processing file /opt/airflow/dags/my_tasks.py for tasks to queue
[2026-07-22T10:18:54.731+0000] {logging_mixin.py:190} INFO - [2026-07-22T10:18:54.730+0000] {dagbag.py:588} INFO - Filling up the DagBag from /opt/airflow/dags/my_tasks.py
[2026-07-22T10:18:54.737+0000] {processor.py:925} INFO - DAG(s) 'my_dag' retrieved from /opt/airflow/dags/my_tasks.py
[2026-07-22T10:18:54.756+0000] {logging_mixin.py:190} INFO - [2026-07-22T10:18:54.756+0000] {dag.py:3239} INFO - Sync 1 DAGs
[2026-07-22T10:18:54.772+0000] {logging_mixin.py:190} INFO - [2026-07-22T10:18:54.772+0000] {dag.py:4180} INFO - Setting next_dagrun for my_dag to None, run_after=None
[2026-07-22T10:18:54.786+0000] {processor.py:208} INFO - Processing /opt/airflow/dags/my_tasks.py took 0.062 seconds
[2026-07-22T10:19:24.898+0000] {processor.py:186} INFO - Started process (PID=1630) to work on /opt/airflow/dags/my_tasks.py
[2026-07-22T10:19:24.899+0000] {processor.py:914} INFO - Processing file /opt/airflow/dags/my_tasks.py for tasks to queue
[2026-07-22T10:19:24.900+0000] {logging_mixin.py:190} INFO - [2026-07-22T10:19:24.900+0000] {dagbag.py:588} INFO - Filling up the DagBag from /opt/airflow/dags/my_tasks.py
[2026-07-22T10:19:24.907+0000] {processor.py:925} INFO - DAG(s) 'my_dag' retrieved from /opt/airflow/dags/my_tasks.py
[2026-07-22T10:19:24.925+0000] {logging_mixin.py:190} INFO - [2026-07-22T10:19:24.925+0000] {dag.py:3239} INFO - Sync 1 DAGs
[2026-07-22T10:19:24.943+0000] {logging_mixin.py:190} INFO - [2026-07-22T10:19:24.943+0000] {dag.py:4180} INFO - Setting next_dagrun for my_dag to None, run_after=None
[2026-07-22T10:19:24.957+0000] {processor.py:208} INFO - Processing /opt/airflow/dags/my_tasks.py took 0.063 seconds
[2026-07-22T10:19:55.050+0000] {processor.py:186} INFO - Started process (PID=1641) to work on /opt/airflow/dags/my_tasks.py
[2026-07-22T10:19:55.058+0000] {processor.py:914} INFO - Processing file /opt/airflow/dags/my_tasks.py for tasks to queue
[2026-07-22T10:19:55.060+0000] {logging_mixin.py:190} INFO - [2026-07-22T10:19:55.059+0000] {dagbag.py:588} INFO - Filling up the DagBag from /opt/airflow/dags/my_tasks.py
[2026-07-22T10:19:55.067+0000] {processor.py:925} INFO - DAG(s) 'my_dag' retrieved from /opt/airflow/dags/my_tasks.py
[2026-07-22T10:19:55.085+0000] {logging_mixin.py:190} INFO - [2026-07-22T10:19:55.085+0000] {dag.py:3239} INFO - Sync 1 DAGs
[2026-07-22T10:19:55.102+0000] {logging_mixin.py:190} INFO - [2026-07-22T10:19:55.102+0000] {dag.py:4180} INFO - Setting next_dagrun for my_dag to None, run_after=None
[2026-07-22T10:19:55.116+0000] {processor.py:208} INFO - Processing /opt/airflow/dags/my_tasks.py took 0.070 seconds
[2026-07-22T10:20:25.197+0000] {processor.py:186} INFO - Started process (PID=1652) to work on /opt/airflow/dags/my_tasks.py
[2026-07-22T10:20:25.197+0000] {processor.py:914} INFO - Processing file /opt/airflow/dags/my_tasks.py for tasks to queue
[2026-07-22T10:20:25.199+0000] {logging_mixin.py:190} INFO - [2026-07-22T10:20:25.199+0000] {dagbag.py:588} INFO - Filling up the DagBag from /opt/airflow/dags/my_tasks.py
[2026-07-22T10:20:25.206+0000] {processor.py:925} INFO - DAG(s) 'my_dag' retrieved from /opt/airflow/dags/my_tasks.py
[2026-07-22T10:20:25.225+0000] {logging_mixin.py:190} INFO - [2026-07-22T10:20:25.224+0000] {dag.py:3239} INFO - Sync 1 DAGs
[2026-07-22T10:20:25.241+0000] {logging_mixin.py:190} INFO - [2026-07-22T10:20:25.241+0000] {dag.py:4180} INFO - Setting next_dagrun for my_dag to None, run_after=None
[2026-07-22T10:20:25.254+0000] {processor.py:208} INFO - Processing /opt/airflow/dags/my_tasks.py took 0.061 seconds
[2026-07-22T10:20:55.361+0000] {processor.py:186} INFO - Started process (PID=1663) to work on /opt/airflow/dags/my_tasks.py
[2026-07-22T10:20:55.361+0000] {processor.py:914} INFO - Processing file /opt/airflow/dags/my_tasks.py for tasks to queue
[2026-07-22T10:20:55.364+0000] {logging_mixin.py:190} INFO - [2026-07-22T10:20:55.363+0000] {dagbag.py:588} INFO - Filling up the DagBag from /opt/airflow/dags/my_tasks.py
[2026-07-22T10:20:55.371+0000] {processor.py:925} INFO - DAG(s) 'my_dag' retrieved from /opt/airflow/dags/my_tasks.py
[2026-07-22T10:20:55.390+0000] {logging_mixin.py:190} INFO - [2026-07-22T10:20:55.390+0000] {dag.py:3239} INFO - Sync 1 DAGs
[2026-07-22T10:20:55.407+0000] {logging_mixin.py:190} INFO - [2026-07-22T10:20:55.407+0000] {dag.py:4180} INFO - Setting next_dagrun for my_dag to None, run_after=None
[2026-07-22T10:20:55.422+0000] {processor.py:208} INFO - Processing /opt/airflow/dags/my_tasks.py took 0.065 seconds
[2026-07-22T10:21:25.501+0000] {processor.py:186} INFO - Started process (PID=1674) to work on /opt/airflow/dags/my_tasks.py
[2026-07-22T10:21:25.502+0000] {processor.py:914} INFO - Processing file /opt/airflow/dags/my_tasks.py for tasks to queue
[2026-07-22T10:21:25.503+0000] {logging_mixin.py:190} INFO - [2026-07-22T10:21:25.503+0000] {dagbag.py:588} INFO - Filling up the DagBag from /opt/airflow/dags/my_tasks.py
[2026-07-22T10:21:25.510+0000] {processor.py:925} INFO - DAG(s) 'my_dag' retrieved from /opt/airflow/dags/my_tasks.py
[2026-07-22T10:21:25.530+0000] {logging_mixin.py:190} INFO - [2026-07-22T10:21:25.529+0000] {dag.py:3239} INFO - Sync 1 DAGs
[2026-07-22T10:21:25.546+0000] {logging_mixin.py:190} INFO - [2026-07-22T10:21:25.546+0000] {dag.py:4180} INFO - Setting next_dagrun for my_dag to None, run_after=None
[2026-07-22T10:21:25.560+0000] {processor.py:208} INFO - Processing /opt/airflow/dags/my_tasks.py took 0.063 seconds
[2026-07-22T10:21:55.672+0000] {processor.py:186} INFO - Started process (PID=1685) to work on /opt/airflow/dags/my_tasks.py
[2026-07-22T10:21:55.673+0000] {processor.py:914} INFO - Processing file /opt/airflow/dags/my_tasks.py for tasks to queue
[2026-07-22T10:21:55.674+0000] {logging_mixin.py:190} INFO - [2026-07-22T10:21:55.674+0000] {dagbag.py:588} INFO - Filling up the DagBag from /opt/airflow/dags/my_tasks.py
[2026-07-22T10:21:55.681+0000] {processor.py:925} INFO - DAG(s) 'my_dag' retrieved from /opt/airflow/dags/my_tasks.py
[2026-07-22T10:21:55.705+0000] {logging_mixin.py:190} INFO - [2026-07-22T10:21:55.705+0000] {dag.py:3239} INFO - Sync 1 DAGs
[2026-07-22T10:21:55.728+0000] {logging_mixin.py:190} INFO - [2026-07-22T10:21:55.728+0000] {dag.py:4180} INFO - Setting next_dagrun for my_dag to None, run_after=None
[2026-07-22T10:21:55.746+0000] {processor.py:208} INFO - Processing /opt/airflow/dags/my_tasks.py took 0.077 seconds
[2026-07-22T10:22:25.811+0000] {processor.py:186} INFO - Started process (PID=1696) to work on /opt/airflow/dags/my_tasks.py
[2026-07-22T10:22:25.811+0000] {processor.py:914} INFO - Processing file /opt/airflow/dags/my_tasks.py for tasks to queue
[2026-07-22T10:22:25.813+0000] {logging_mixin.py:190} INFO - [2026-07-22T10:22:25.813+0000] {dagbag.py:588} INFO - Filling up the DagBag from /opt/airflow/dags/my_tasks.py
[2026-07-22T10:22:25.820+0000] {processor.py:925} INFO - DAG(s) 'my_dag' retrieved from /opt/airflow/dags/my_tasks.py
[2026-07-22T10:22:25.839+0000] {logging_mixin.py:190} INFO - [2026-07-22T10:22:25.839+0000] {dag.py:3239} INFO - Sync 1 DAGs
[2026-07-22T10:22:25.855+0000] {logging_mixin.py:190} INFO - [2026-07-22T10:22:25.855+0000] {dag.py:4180} INFO - Setting next_dagrun for my_dag to None, run_after=None
[2026-07-22T10:22:25.868+0000] {processor.py:208} INFO - Processing /opt/airflow/dags/my_tasks.py took 0.062 seconds
[2026-07-22T10:22:55.990+0000] {processor.py:186} INFO - Started process (PID=1707) to work on /opt/airflow/dags/my_tasks.py
[2026-07-22T10:22:55.998+0000] {processor.py:914} INFO - Processing file /opt/airflow/dags/my_tasks.py for tasks to queue
[2026-07-22T10:22:56.000+0000] {logging_mixin.py:190} INFO - [2026-07-22T10:22:55.999+0000] {dagbag.py:588} INFO - Filling up the DagBag from /opt/airflow/dags/my_tasks.py
[2026-07-22T10:22:56.008+0000] {processor.py:925} INFO - DAG(s) 'my_dag' retrieved from /opt/airflow/dags/my_tasks.py
[2026-07-22T10:22:56.026+0000] {logging_mixin.py:190} INFO - [2026-07-22T10:22:56.026+0000] {dag.py:3239} INFO - Sync 1 DAGs
[2026-07-22T10:22:56.043+0000] {logging_mixin.py:190} INFO - [2026-07-22T10:22:56.042+0000] {dag.py:4180} INFO - Setting next_dagrun for my_dag to None, run_after=None
[2026-07-22T10:22:56.058+0000] {processor.py:208} INFO - Processing /opt/airflow/dags/my_tasks.py took 0.072 seconds
[2026-07-22T10:23:26.125+0000] {processor.py:186} INFO - Started process (PID=1718) to work on /opt/airflow/dags/my_tasks.py
[2026-07-22T10:23:26.126+0000] {processor.py:914} INFO - Processing file /opt/airflow/dags/my_tasks.py for tasks to queue
[2026-07-22T10:23:26.127+0000] {logging_mixin.py:190} INFO - [2026-07-22T10:23:26.127+0000] {dagbag.py:588} INFO - Filling up the DagBag from /opt/airflow/dags/my_tasks.py
[2026-07-22T10:23:26.134+0000] {processor.py:925} INFO - DAG(s) 'my_dag' retrieved from /opt/airflow/dags/my_tasks.py
[2026-07-22T10:23:26.155+0000] {logging_mixin.py:190} INFO - [2026-07-22T10:23:26.154+0000] {dag.py:3239} INFO - Sync 1 DAGs
[2026-07-22T10:23:26.172+0000] {logging_mixin.py:190} INFO - [2026-07-22T10:23:26.172+0000] {dag.py:4180} INFO - Setting next_dagrun for my_dag to None, run_after=None
[2026-07-22T10:23:26.186+0000] {processor.py:208} INFO - Processing /opt/airflow/dags/my_tasks.py took 0.064 seconds
[2026-07-22T10:23:56.304+0000] {processor.py:186} INFO - Started process (PID=1729) to work on /opt/airflow/dags/my_tasks.py
[2026-07-22T10:23:56.305+0000] {processor.py:914} INFO - Processing file /opt/airflow/dags/my_tasks.py for tasks to queue
[2026-07-22T10:23:56.307+0000] {logging_mixin.py:190} INFO - [2026-07-22T10:23:56.307+0000] {dagbag.py:588} INFO - Filling up the DagBag from /opt/airflow/dags/my_tasks.py
[2026-07-22T10:23:56.317+0000] {processor.py:925} INFO - DAG(s) 'my_dag' retrieved from /opt/airflow/dags/my_tasks.py
[2026-07-22T10:23:56.341+0000] {logging_mixin.py:190} INFO - [2026-07-22T10:23:56.341+0000] {dag.py:3239} INFO - Sync 1 DAGs
[2026-07-22T10:23:56.365+0000] {logging_mixin.py:190} INFO - [2026-07-22T10:23:56.364+0000] {dag.py:4180} INFO - Setting next_dagrun for my_dag to None, run_after=None
[2026-07-22T10:23:56.379+0000] {processor.py:208} INFO - Processing /opt/airflow/dags/my_tasks.py took 0.080 seconds
[2026-07-22T10:24:26.441+0000] {processor.py:186} INFO - Started process (PID=1740) to work on /opt/airflow/dags/my_tasks.py
[2026-07-22T10:24:26.441+0000] {processor.py:914} INFO - Processing file /opt/airflow/dags/my_tasks.py for tasks to queue
[2026-07-22T10:24:26.443+0000] {logging_mixin.py:190} INFO - [2026-07-22T10:24:26.442+0000] {dagbag.py:588} INFO - Filling up the DagBag from /opt/airflow/dags/my_tasks.py
[2026-07-22T10:24:26.449+0000] {processor.py:925} INFO - DAG(s) 'my_dag' retrieved from /opt/airflow/dags/my_tasks.py
[2026-07-22T10:24:26.468+0000] {logging_mixin.py:190} INFO - [2026-07-22T10:24:26.468+0000] {dag.py:3239} INFO - Sync 1 DAGs
[2026-07-22T10:24:26.485+0000] {logging_mixin.py:190} INFO - [2026-07-22T10:24:26.485+0000] {dag.py:4180} INFO - Setting next_dagrun for my_dag to None, run_after=None
[2026-07-22T10:24:26.501+0000] {processor.py:208} INFO - Processing /opt/airflow/dags/my_tasks.py took 0.064 seconds
[2026-07-22T10:24:56.704+0000] {processor.py:186} INFO - Started process (PID=1751) to work on /opt/airflow/dags/my_tasks.py
[2026-07-22T10:24:56.704+0000] {processor.py:914} INFO - Processing file /opt/airflow/dags/my_tasks.py for tasks to queue
[2026-07-22T10:24:56.706+0000] {logging_mixin.py:190} INFO - [2026-07-22T10:24:56.705+0000] {dagbag.py:588} INFO - Filling up the DagBag from /opt/airflow/dags/my_tasks.py
[2026-07-22T10:24:56.713+0000] {processor.py:925} INFO - DAG(s) 'my_dag' retrieved from /opt/airflow/dags/my_tasks.py
[2026-07-22T10:24:56.731+0000] {logging_mixin.py:190} INFO - [2026-07-22T10:24:56.731+0000] {dag.py:3239} INFO - Sync 1 DAGs
[2026-07-22T10:24:56.747+0000] {logging_mixin.py:190} INFO - [2026-07-22T10:24:56.747+0000] {dag.py:4180} INFO - Setting next_dagrun for my_dag to None, run_after=None
[2026-07-22T10:24:56.761+0000] {processor.py:208} INFO - Processing /opt/airflow/dags/my_tasks.py took 0.061 seconds
