[2026-07-21T06:37:55.761+0000] {processor.py:186} INFO - Started process (PID=185) to work on /opt/airflow/dags/my_tasks.py
[2026-07-21T06:37:55.762+0000] {processor.py:914} INFO - Processing file /opt/airflow/dags/my_tasks.py for tasks to queue
[2026-07-21T06:37:55.763+0000] {logging_mixin.py:190} INFO - [2026-07-21T06:37:55.763+0000] {dagbag.py:588} INFO - Filling up the DagBag from /opt/airflow/dags/my_tasks.py
[2026-07-21T06:37:55.781+0000] {processor.py:925} INFO - DAG(s) 'my_dag' retrieved from /opt/airflow/dags/my_tasks.py
[2026-07-21T06:37:55.815+0000] {logging_mixin.py:190} INFO - [2026-07-21T06:37:55.815+0000] {dag.py:3239} INFO - Sync 1 DAGs
[2026-07-21T06:37:55.844+0000] {logging_mixin.py:190} INFO - [2026-07-21T06:37:55.844+0000] {dag.py:4180} INFO - Setting next_dagrun for my_dag to None, run_after=None
[2026-07-21T06:37:55.865+0000] {processor.py:208} INFO - Processing /opt/airflow/dags/my_tasks.py took 0.111 seconds
[2026-07-21T06:38:25.915+0000] {processor.py:186} INFO - Started process (PID=202) to work on /opt/airflow/dags/my_tasks.py
[2026-07-21T06:38:25.923+0000] {processor.py:914} INFO - Processing file /opt/airflow/dags/my_tasks.py for tasks to queue
[2026-07-21T06:38:25.925+0000] {logging_mixin.py:190} INFO - [2026-07-21T06:38:25.924+0000] {dagbag.py:588} INFO - Filling up the DagBag from /opt/airflow/dags/my_tasks.py
[2026-07-21T06:38:25.933+0000] {processor.py:925} INFO - DAG(s) 'my_dag' retrieved from /opt/airflow/dags/my_tasks.py
[2026-07-21T06:38:25.951+0000] {logging_mixin.py:190} INFO - [2026-07-21T06:38:25.951+0000] {dag.py:3239} INFO - Sync 1 DAGs
[2026-07-21T06:38:25.968+0000] {logging_mixin.py:190} INFO - [2026-07-21T06:38:25.967+0000] {dag.py:4180} INFO - Setting next_dagrun for my_dag to None, run_after=None
[2026-07-21T06:38:25.979+0000] {processor.py:208} INFO - Processing /opt/airflow/dags/my_tasks.py took 0.068 seconds
[2026-07-21T06:38:56.207+0000] {processor.py:186} INFO - Started process (PID=213) to work on /opt/airflow/dags/my_tasks.py
[2026-07-21T06:38:56.215+0000] {processor.py:914} INFO - Processing file /opt/airflow/dags/my_tasks.py for tasks to queue
[2026-07-21T06:38:56.217+0000] {logging_mixin.py:190} INFO - [2026-07-21T06:38:56.217+0000] {dagbag.py:588} INFO - Filling up the DagBag from /opt/airflow/dags/my_tasks.py
[2026-07-21T06:38:56.225+0000] {processor.py:925} INFO - DAG(s) 'my_dag' retrieved from /opt/airflow/dags/my_tasks.py
[2026-07-21T06:38:56.243+0000] {logging_mixin.py:190} INFO - [2026-07-21T06:38:56.243+0000] {dag.py:3239} INFO - Sync 1 DAGs
[2026-07-21T06:38:56.260+0000] {logging_mixin.py:190} INFO - [2026-07-21T06:38:56.260+0000] {dag.py:4180} INFO - Setting next_dagrun for my_dag to None, run_after=None
[2026-07-21T06:38:56.273+0000] {processor.py:208} INFO - Processing /opt/airflow/dags/my_tasks.py took 0.070 seconds
[2026-07-21T06:39:26.453+0000] {processor.py:186} INFO - Started process (PID=224) to work on /opt/airflow/dags/my_tasks.py
[2026-07-21T06:39:26.461+0000] {processor.py:914} INFO - Processing file /opt/airflow/dags/my_tasks.py for tasks to queue
[2026-07-21T06:39:26.463+0000] {logging_mixin.py:190} INFO - [2026-07-21T06:39:26.463+0000] {dagbag.py:588} INFO - Filling up the DagBag from /opt/airflow/dags/my_tasks.py
[2026-07-21T06:39:26.471+0000] {processor.py:925} INFO - DAG(s) 'my_dag' retrieved from /opt/airflow/dags/my_tasks.py
[2026-07-21T06:39:26.492+0000] {logging_mixin.py:190} INFO - [2026-07-21T06:39:26.491+0000] {dag.py:3239} INFO - Sync 1 DAGs
[2026-07-21T06:39:26.511+0000] {logging_mixin.py:190} INFO - [2026-07-21T06:39:26.511+0000] {dag.py:4180} INFO - Setting next_dagrun for my_dag to None, run_after=None
[2026-07-21T06:39:26.526+0000] {processor.py:208} INFO - Processing /opt/airflow/dags/my_tasks.py took 0.081 seconds
[2026-07-21T06:39:56.700+0000] {processor.py:186} INFO - Started process (PID=235) to work on /opt/airflow/dags/my_tasks.py
[2026-07-21T06:39:56.701+0000] {processor.py:914} INFO - Processing file /opt/airflow/dags/my_tasks.py for tasks to queue
[2026-07-21T06:39:56.702+0000] {logging_mixin.py:190} INFO - [2026-07-21T06:39:56.702+0000] {dagbag.py:588} INFO - Filling up the DagBag from /opt/airflow/dags/my_tasks.py
[2026-07-21T06:39:56.710+0000] {processor.py:925} INFO - DAG(s) 'my_dag' retrieved from /opt/airflow/dags/my_tasks.py
[2026-07-21T06:39:56.730+0000] {logging_mixin.py:190} INFO - [2026-07-21T06:39:56.730+0000] {dag.py:3239} INFO - Sync 1 DAGs
[2026-07-21T06:39:56.748+0000] {logging_mixin.py:190} INFO - [2026-07-21T06:39:56.747+0000] {dag.py:4180} INFO - Setting next_dagrun for my_dag to None, run_after=None
[2026-07-21T06:39:56.763+0000] {processor.py:208} INFO - Processing /opt/airflow/dags/my_tasks.py took 0.067 seconds
[2026-07-21T06:40:26.970+0000] {processor.py:186} INFO - Started process (PID=246) to work on /opt/airflow/dags/my_tasks.py
[2026-07-21T06:40:26.976+0000] {processor.py:914} INFO - Processing file /opt/airflow/dags/my_tasks.py for tasks to queue
[2026-07-21T06:40:26.978+0000] {logging_mixin.py:190} INFO - [2026-07-21T06:40:26.977+0000] {dagbag.py:588} INFO - Filling up the DagBag from /opt/airflow/dags/my_tasks.py
[2026-07-21T06:40:26.985+0000] {processor.py:925} INFO - DAG(s) 'my_dag' retrieved from /opt/airflow/dags/my_tasks.py
[2026-07-21T06:40:27.002+0000] {logging_mixin.py:190} INFO - [2026-07-21T06:40:27.001+0000] {dag.py:3239} INFO - Sync 1 DAGs
[2026-07-21T06:40:27.017+0000] {logging_mixin.py:190} INFO - [2026-07-21T06:40:27.017+0000] {dag.py:4180} INFO - Setting next_dagrun for my_dag to None, run_after=None
[2026-07-21T06:40:27.030+0000] {processor.py:208} INFO - Processing /opt/airflow/dags/my_tasks.py took 0.064 seconds
[2026-07-21T06:40:57.244+0000] {processor.py:186} INFO - Started process (PID=257) to work on /opt/airflow/dags/my_tasks.py
[2026-07-21T06:40:57.245+0000] {processor.py:914} INFO - Processing file /opt/airflow/dags/my_tasks.py for tasks to queue
[2026-07-21T06:40:57.246+0000] {logging_mixin.py:190} INFO - [2026-07-21T06:40:57.246+0000] {dagbag.py:588} INFO - Filling up the DagBag from /opt/airflow/dags/my_tasks.py
[2026-07-21T06:40:57.251+0000] {processor.py:925} INFO - DAG(s) 'my_dag' retrieved from /opt/airflow/dags/my_tasks.py
[2026-07-21T06:40:57.268+0000] {logging_mixin.py:190} INFO - [2026-07-21T06:40:57.268+0000] {dag.py:3239} INFO - Sync 1 DAGs
[2026-07-21T06:40:57.284+0000] {logging_mixin.py:190} INFO - [2026-07-21T06:40:57.284+0000] {dag.py:4180} INFO - Setting next_dagrun for my_dag to None, run_after=None
[2026-07-21T06:40:57.298+0000] {processor.py:208} INFO - Processing /opt/airflow/dags/my_tasks.py took 0.057 seconds
[2026-07-21T06:41:27.519+0000] {processor.py:186} INFO - Started process (PID=268) to work on /opt/airflow/dags/my_tasks.py
[2026-07-21T06:41:27.520+0000] {processor.py:914} INFO - Processing file /opt/airflow/dags/my_tasks.py for tasks to queue
[2026-07-21T06:41:27.521+0000] {logging_mixin.py:190} INFO - [2026-07-21T06:41:27.521+0000] {dagbag.py:588} INFO - Filling up the DagBag from /opt/airflow/dags/my_tasks.py
[2026-07-21T06:41:27.527+0000] {processor.py:925} INFO - DAG(s) 'my_dag' retrieved from /opt/airflow/dags/my_tasks.py
[2026-07-21T06:41:27.544+0000] {logging_mixin.py:190} INFO - [2026-07-21T06:41:27.543+0000] {dag.py:3239} INFO - Sync 1 DAGs
[2026-07-21T06:41:27.559+0000] {logging_mixin.py:190} INFO - [2026-07-21T06:41:27.559+0000] {dag.py:4180} INFO - Setting next_dagrun for my_dag to None, run_after=None
[2026-07-21T06:41:27.571+0000] {processor.py:208} INFO - Processing /opt/airflow/dags/my_tasks.py took 0.056 seconds
[2026-07-21T06:41:57.793+0000] {processor.py:186} INFO - Started process (PID=279) to work on /opt/airflow/dags/my_tasks.py
[2026-07-21T06:41:57.797+0000] {processor.py:914} INFO - Processing file /opt/airflow/dags/my_tasks.py for tasks to queue
[2026-07-21T06:41:57.798+0000] {logging_mixin.py:190} INFO - [2026-07-21T06:41:57.798+0000] {dagbag.py:588} INFO - Filling up the DagBag from /opt/airflow/dags/my_tasks.py
[2026-07-21T06:41:57.804+0000] {processor.py:925} INFO - DAG(s) 'my_dag' retrieved from /opt/airflow/dags/my_tasks.py
[2026-07-21T06:41:57.823+0000] {logging_mixin.py:190} INFO - [2026-07-21T06:41:57.823+0000] {dag.py:3239} INFO - Sync 1 DAGs
[2026-07-21T06:41:57.840+0000] {logging_mixin.py:190} INFO - [2026-07-21T06:41:57.839+0000] {dag.py:4180} INFO - Setting next_dagrun for my_dag to None, run_after=None
[2026-07-21T06:41:57.853+0000] {processor.py:208} INFO - Processing /opt/airflow/dags/my_tasks.py took 0.064 seconds
[2026-07-21T06:42:28.062+0000] {processor.py:186} INFO - Started process (PID=290) to work on /opt/airflow/dags/my_tasks.py
[2026-07-21T06:42:28.068+0000] {processor.py:914} INFO - Processing file /opt/airflow/dags/my_tasks.py for tasks to queue
[2026-07-21T06:42:28.069+0000] {logging_mixin.py:190} INFO - [2026-07-21T06:42:28.069+0000] {dagbag.py:588} INFO - Filling up the DagBag from /opt/airflow/dags/my_tasks.py
[2026-07-21T06:42:28.074+0000] {processor.py:925} INFO - DAG(s) 'my_dag' retrieved from /opt/airflow/dags/my_tasks.py
[2026-07-21T06:42:28.091+0000] {logging_mixin.py:190} INFO - [2026-07-21T06:42:28.091+0000] {dag.py:3239} INFO - Sync 1 DAGs
[2026-07-21T06:42:28.107+0000] {logging_mixin.py:190} INFO - [2026-07-21T06:42:28.106+0000] {dag.py:4180} INFO - Setting next_dagrun for my_dag to None, run_after=None
[2026-07-21T06:42:28.118+0000] {processor.py:208} INFO - Processing /opt/airflow/dags/my_tasks.py took 0.061 seconds
[2026-07-21T06:42:58.343+0000] {processor.py:186} INFO - Started process (PID=301) to work on /opt/airflow/dags/my_tasks.py
[2026-07-21T06:42:58.344+0000] {processor.py:914} INFO - Processing file /opt/airflow/dags/my_tasks.py for tasks to queue
[2026-07-21T06:42:58.346+0000] {logging_mixin.py:190} INFO - [2026-07-21T06:42:58.345+0000] {dagbag.py:588} INFO - Filling up the DagBag from /opt/airflow/dags/my_tasks.py
[2026-07-21T06:42:58.350+0000] {processor.py:925} INFO - DAG(s) 'my_dag' retrieved from /opt/airflow/dags/my_tasks.py
[2026-07-21T06:42:58.368+0000] {logging_mixin.py:190} INFO - [2026-07-21T06:42:58.367+0000] {dag.py:3239} INFO - Sync 1 DAGs
[2026-07-21T06:42:58.382+0000] {logging_mixin.py:190} INFO - [2026-07-21T06:42:58.382+0000] {dag.py:4180} INFO - Setting next_dagrun for my_dag to None, run_after=None
[2026-07-21T06:42:58.396+0000] {processor.py:208} INFO - Processing /opt/airflow/dags/my_tasks.py took 0.057 seconds
[2026-07-21T06:43:28.590+0000] {processor.py:186} INFO - Started process (PID=312) to work on /opt/airflow/dags/my_tasks.py
[2026-07-21T06:43:28.591+0000] {processor.py:914} INFO - Processing file /opt/airflow/dags/my_tasks.py for tasks to queue
[2026-07-21T06:43:28.592+0000] {logging_mixin.py:190} INFO - [2026-07-21T06:43:28.592+0000] {dagbag.py:588} INFO - Filling up the DagBag from /opt/airflow/dags/my_tasks.py
[2026-07-21T06:43:28.597+0000] {processor.py:925} INFO - DAG(s) 'my_dag' retrieved from /opt/airflow/dags/my_tasks.py
[2026-07-21T06:43:28.614+0000] {logging_mixin.py:190} INFO - [2026-07-21T06:43:28.614+0000] {dag.py:3239} INFO - Sync 1 DAGs
[2026-07-21T06:43:28.630+0000] {logging_mixin.py:190} INFO - [2026-07-21T06:43:28.629+0000] {dag.py:4180} INFO - Setting next_dagrun for my_dag to None, run_after=None
[2026-07-21T06:43:28.643+0000] {processor.py:208} INFO - Processing /opt/airflow/dags/my_tasks.py took 0.057 seconds
[2026-07-21T06:43:58.830+0000] {processor.py:186} INFO - Started process (PID=323) to work on /opt/airflow/dags/my_tasks.py
[2026-07-21T06:43:58.831+0000] {processor.py:914} INFO - Processing file /opt/airflow/dags/my_tasks.py for tasks to queue
[2026-07-21T06:43:58.832+0000] {logging_mixin.py:190} INFO - [2026-07-21T06:43:58.832+0000] {dagbag.py:588} INFO - Filling up the DagBag from /opt/airflow/dags/my_tasks.py
[2026-07-21T06:43:58.837+0000] {processor.py:925} INFO - DAG(s) 'my_dag' retrieved from /opt/airflow/dags/my_tasks.py
[2026-07-21T06:43:58.855+0000] {logging_mixin.py:190} INFO - [2026-07-21T06:43:58.855+0000] {dag.py:3239} INFO - Sync 1 DAGs
[2026-07-21T06:43:58.871+0000] {logging_mixin.py:190} INFO - [2026-07-21T06:43:58.871+0000] {dag.py:4180} INFO - Setting next_dagrun for my_dag to None, run_after=None
[2026-07-21T06:43:58.883+0000] {processor.py:208} INFO - Processing /opt/airflow/dags/my_tasks.py took 0.057 seconds
[2026-07-21T06:44:29.090+0000] {processor.py:186} INFO - Started process (PID=334) to work on /opt/airflow/dags/my_tasks.py
[2026-07-21T06:44:29.097+0000] {processor.py:914} INFO - Processing file /opt/airflow/dags/my_tasks.py for tasks to queue
[2026-07-21T06:44:29.099+0000] {logging_mixin.py:190} INFO - [2026-07-21T06:44:29.099+0000] {dagbag.py:588} INFO - Filling up the DagBag from /opt/airflow/dags/my_tasks.py
[2026-07-21T06:44:29.106+0000] {processor.py:925} INFO - DAG(s) 'my_dag' retrieved from /opt/airflow/dags/my_tasks.py
[2026-07-21T06:44:29.124+0000] {logging_mixin.py:190} INFO - [2026-07-21T06:44:29.124+0000] {dag.py:3239} INFO - Sync 1 DAGs
[2026-07-21T06:44:29.140+0000] {logging_mixin.py:190} INFO - [2026-07-21T06:44:29.140+0000] {dag.py:4180} INFO - Setting next_dagrun for my_dag to None, run_after=None
[2026-07-21T06:44:29.152+0000] {processor.py:208} INFO - Processing /opt/airflow/dags/my_tasks.py took 0.067 seconds
[2026-07-21T06:44:59.360+0000] {processor.py:186} INFO - Started process (PID=345) to work on /opt/airflow/dags/my_tasks.py
[2026-07-21T06:44:59.364+0000] {processor.py:914} INFO - Processing file /opt/airflow/dags/my_tasks.py for tasks to queue
[2026-07-21T06:44:59.366+0000] {logging_mixin.py:190} INFO - [2026-07-21T06:44:59.365+0000] {dagbag.py:588} INFO - Filling up the DagBag from /opt/airflow/dags/my_tasks.py
[2026-07-21T06:44:59.372+0000] {processor.py:925} INFO - DAG(s) 'my_dag' retrieved from /opt/airflow/dags/my_tasks.py
[2026-07-21T06:44:59.390+0000] {logging_mixin.py:190} INFO - [2026-07-21T06:44:59.390+0000] {dag.py:3239} INFO - Sync 1 DAGs
[2026-07-21T06:44:59.405+0000] {logging_mixin.py:190} INFO - [2026-07-21T06:44:59.405+0000] {dag.py:4180} INFO - Setting next_dagrun for my_dag to None, run_after=None
[2026-07-21T06:44:59.420+0000] {processor.py:208} INFO - Processing /opt/airflow/dags/my_tasks.py took 0.064 seconds
[2026-07-21T06:45:29.649+0000] {processor.py:186} INFO - Started process (PID=356) to work on /opt/airflow/dags/my_tasks.py
[2026-07-21T06:45:29.649+0000] {processor.py:914} INFO - Processing file /opt/airflow/dags/my_tasks.py for tasks to queue
[2026-07-21T06:45:29.651+0000] {logging_mixin.py:190} INFO - [2026-07-21T06:45:29.651+0000] {dagbag.py:588} INFO - Filling up the DagBag from /opt/airflow/dags/my_tasks.py
[2026-07-21T06:45:29.656+0000] {processor.py:925} INFO - DAG(s) 'my_dag' retrieved from /opt/airflow/dags/my_tasks.py
[2026-07-21T06:45:29.673+0000] {logging_mixin.py:190} INFO - [2026-07-21T06:45:29.673+0000] {dag.py:3239} INFO - Sync 1 DAGs
[2026-07-21T06:45:29.690+0000] {logging_mixin.py:190} INFO - [2026-07-21T06:45:29.690+0000] {dag.py:4180} INFO - Setting next_dagrun for my_dag to None, run_after=None
[2026-07-21T06:45:29.706+0000] {processor.py:208} INFO - Processing /opt/airflow/dags/my_tasks.py took 0.061 seconds
[2026-07-21T06:45:59.914+0000] {processor.py:186} INFO - Started process (PID=367) to work on /opt/airflow/dags/my_tasks.py
[2026-07-21T06:45:59.918+0000] {processor.py:914} INFO - Processing file /opt/airflow/dags/my_tasks.py for tasks to queue
[2026-07-21T06:45:59.919+0000] {logging_mixin.py:190} INFO - [2026-07-21T06:45:59.919+0000] {dagbag.py:588} INFO - Filling up the DagBag from /opt/airflow/dags/my_tasks.py
[2026-07-21T06:45:59.925+0000] {processor.py:925} INFO - DAG(s) 'my_dag' retrieved from /opt/airflow/dags/my_tasks.py
[2026-07-21T06:45:59.943+0000] {logging_mixin.py:190} INFO - [2026-07-21T06:45:59.943+0000] {dag.py:3239} INFO - Sync 1 DAGs
[2026-07-21T06:45:59.960+0000] {logging_mixin.py:190} INFO - [2026-07-21T06:45:59.960+0000] {dag.py:4180} INFO - Setting next_dagrun for my_dag to None, run_after=None
[2026-07-21T06:45:59.972+0000] {processor.py:208} INFO - Processing /opt/airflow/dags/my_tasks.py took 0.062 seconds
[2026-07-21T06:46:30.153+0000] {processor.py:186} INFO - Started process (PID=378) to work on /opt/airflow/dags/my_tasks.py
[2026-07-21T06:46:30.161+0000] {processor.py:914} INFO - Processing file /opt/airflow/dags/my_tasks.py for tasks to queue
[2026-07-21T06:46:30.163+0000] {logging_mixin.py:190} INFO - [2026-07-21T06:46:30.163+0000] {dagbag.py:588} INFO - Filling up the DagBag from /opt/airflow/dags/my_tasks.py
[2026-07-21T06:46:30.172+0000] {processor.py:925} INFO - DAG(s) 'my_dag' retrieved from /opt/airflow/dags/my_tasks.py
[2026-07-21T06:46:30.190+0000] {logging_mixin.py:190} INFO - [2026-07-21T06:46:30.189+0000] {dag.py:3239} INFO - Sync 1 DAGs
[2026-07-21T06:46:30.206+0000] {logging_mixin.py:190} INFO - [2026-07-21T06:46:30.206+0000] {dag.py:4180} INFO - Setting next_dagrun for my_dag to None, run_after=None
[2026-07-21T06:46:30.218+0000] {processor.py:208} INFO - Processing /opt/airflow/dags/my_tasks.py took 0.068 seconds
[2026-07-21T06:47:00.426+0000] {processor.py:186} INFO - Started process (PID=389) to work on /opt/airflow/dags/my_tasks.py
[2026-07-21T06:47:00.427+0000] {processor.py:914} INFO - Processing file /opt/airflow/dags/my_tasks.py for tasks to queue
[2026-07-21T06:47:00.429+0000] {logging_mixin.py:190} INFO - [2026-07-21T06:47:00.429+0000] {dagbag.py:588} INFO - Filling up the DagBag from /opt/airflow/dags/my_tasks.py
[2026-07-21T06:47:00.434+0000] {processor.py:925} INFO - DAG(s) 'my_dag' retrieved from /opt/airflow/dags/my_tasks.py
[2026-07-21T06:47:00.452+0000] {logging_mixin.py:190} INFO - [2026-07-21T06:47:00.451+0000] {dag.py:3239} INFO - Sync 1 DAGs
[2026-07-21T06:47:00.469+0000] {logging_mixin.py:190} INFO - [2026-07-21T06:47:00.469+0000] {dag.py:4180} INFO - Setting next_dagrun for my_dag to None, run_after=None
[2026-07-21T06:47:00.482+0000] {processor.py:208} INFO - Processing /opt/airflow/dags/my_tasks.py took 0.060 seconds
[2026-07-21T06:47:30.694+0000] {processor.py:186} INFO - Started process (PID=400) to work on /opt/airflow/dags/my_tasks.py
[2026-07-21T06:47:30.702+0000] {processor.py:914} INFO - Processing file /opt/airflow/dags/my_tasks.py for tasks to queue
[2026-07-21T06:47:30.704+0000] {logging_mixin.py:190} INFO - [2026-07-21T06:47:30.704+0000] {dagbag.py:588} INFO - Filling up the DagBag from /opt/airflow/dags/my_tasks.py
[2026-07-21T06:47:30.713+0000] {processor.py:925} INFO - DAG(s) 'my_dag' retrieved from /opt/airflow/dags/my_tasks.py
[2026-07-21T06:47:30.730+0000] {logging_mixin.py:190} INFO - [2026-07-21T06:47:30.730+0000] {dag.py:3239} INFO - Sync 1 DAGs
[2026-07-21T06:47:30.746+0000] {logging_mixin.py:190} INFO - [2026-07-21T06:47:30.746+0000] {dag.py:4180} INFO - Setting next_dagrun for my_dag to None, run_after=None
[2026-07-21T06:47:30.758+0000] {processor.py:208} INFO - Processing /opt/airflow/dags/my_tasks.py took 0.068 seconds
[2026-07-21T06:48:00.968+0000] {processor.py:186} INFO - Started process (PID=411) to work on /opt/airflow/dags/my_tasks.py
[2026-07-21T06:48:00.968+0000] {processor.py:914} INFO - Processing file /opt/airflow/dags/my_tasks.py for tasks to queue
[2026-07-21T06:48:00.971+0000] {logging_mixin.py:190} INFO - [2026-07-21T06:48:00.970+0000] {dagbag.py:588} INFO - Filling up the DagBag from /opt/airflow/dags/my_tasks.py
[2026-07-21T06:48:00.979+0000] {processor.py:925} INFO - DAG(s) 'my_dag' retrieved from /opt/airflow/dags/my_tasks.py
[2026-07-21T06:48:01.000+0000] {logging_mixin.py:190} INFO - [2026-07-21T06:48:00.999+0000] {dag.py:3239} INFO - Sync 1 DAGs
[2026-07-21T06:48:01.020+0000] {logging_mixin.py:190} INFO - [2026-07-21T06:48:01.019+0000] {dag.py:4180} INFO - Setting next_dagrun for my_dag to None, run_after=None
[2026-07-21T06:48:01.033+0000] {processor.py:208} INFO - Processing /opt/airflow/dags/my_tasks.py took 0.071 seconds
[2026-07-21T06:48:31.237+0000] {processor.py:186} INFO - Started process (PID=422) to work on /opt/airflow/dags/my_tasks.py
[2026-07-21T06:48:31.245+0000] {processor.py:914} INFO - Processing file /opt/airflow/dags/my_tasks.py for tasks to queue
[2026-07-21T06:48:31.248+0000] {logging_mixin.py:190} INFO - [2026-07-21T06:48:31.248+0000] {dagbag.py:588} INFO - Filling up the DagBag from /opt/airflow/dags/my_tasks.py
[2026-07-21T06:48:31.255+0000] {processor.py:925} INFO - DAG(s) 'my_dag' retrieved from /opt/airflow/dags/my_tasks.py
[2026-07-21T06:48:31.272+0000] {logging_mixin.py:190} INFO - [2026-07-21T06:48:31.272+0000] {dag.py:3239} INFO - Sync 1 DAGs
[2026-07-21T06:48:31.288+0000] {logging_mixin.py:190} INFO - [2026-07-21T06:48:31.288+0000] {dag.py:4180} INFO - Setting next_dagrun for my_dag to None, run_after=None
[2026-07-21T06:48:31.300+0000] {processor.py:208} INFO - Processing /opt/airflow/dags/my_tasks.py took 0.067 seconds
[2026-07-21T06:49:01.502+0000] {processor.py:186} INFO - Started process (PID=433) to work on /opt/airflow/dags/my_tasks.py
[2026-07-21T06:49:01.503+0000] {processor.py:914} INFO - Processing file /opt/airflow/dags/my_tasks.py for tasks to queue
[2026-07-21T06:49:01.504+0000] {logging_mixin.py:190} INFO - [2026-07-21T06:49:01.504+0000] {dagbag.py:588} INFO - Filling up the DagBag from /opt/airflow/dags/my_tasks.py
[2026-07-21T06:49:01.510+0000] {processor.py:925} INFO - DAG(s) 'my_dag' retrieved from /opt/airflow/dags/my_tasks.py
[2026-07-21T06:49:01.526+0000] {logging_mixin.py:190} INFO - [2026-07-21T06:49:01.526+0000] {dag.py:3239} INFO - Sync 1 DAGs
[2026-07-21T06:49:01.543+0000] {logging_mixin.py:190} INFO - [2026-07-21T06:49:01.543+0000] {dag.py:4180} INFO - Setting next_dagrun for my_dag to None, run_after=None
[2026-07-21T06:49:01.556+0000] {processor.py:208} INFO - Processing /opt/airflow/dags/my_tasks.py took 0.057 seconds
[2026-07-21T06:49:31.772+0000] {processor.py:186} INFO - Started process (PID=444) to work on /opt/airflow/dags/my_tasks.py
[2026-07-21T06:49:31.772+0000] {processor.py:914} INFO - Processing file /opt/airflow/dags/my_tasks.py for tasks to queue
[2026-07-21T06:49:31.774+0000] {logging_mixin.py:190} INFO - [2026-07-21T06:49:31.773+0000] {dagbag.py:588} INFO - Filling up the DagBag from /opt/airflow/dags/my_tasks.py
[2026-07-21T06:49:31.779+0000] {processor.py:925} INFO - DAG(s) 'my_dag' retrieved from /opt/airflow/dags/my_tasks.py
[2026-07-21T06:49:31.800+0000] {logging_mixin.py:190} INFO - [2026-07-21T06:49:31.800+0000] {dag.py:3239} INFO - Sync 1 DAGs
[2026-07-21T06:49:31.819+0000] {logging_mixin.py:190} INFO - [2026-07-21T06:49:31.819+0000] {dag.py:4180} INFO - Setting next_dagrun for my_dag to None, run_after=None
[2026-07-21T06:49:31.834+0000] {processor.py:208} INFO - Processing /opt/airflow/dags/my_tasks.py took 0.066 seconds
[2026-07-21T06:50:02.007+0000] {processor.py:186} INFO - Started process (PID=455) to work on /opt/airflow/dags/my_tasks.py
[2026-07-21T06:50:02.008+0000] {processor.py:914} INFO - Processing file /opt/airflow/dags/my_tasks.py for tasks to queue
[2026-07-21T06:50:02.011+0000] {logging_mixin.py:190} INFO - [2026-07-21T06:50:02.010+0000] {dagbag.py:588} INFO - Filling up the DagBag from /opt/airflow/dags/my_tasks.py
[2026-07-21T06:50:02.017+0000] {processor.py:925} INFO - DAG(s) 'my_dag' retrieved from /opt/airflow/dags/my_tasks.py
[2026-07-21T06:50:02.045+0000] {logging_mixin.py:190} INFO - [2026-07-21T06:50:02.045+0000] {dag.py:3239} INFO - Sync 1 DAGs
[2026-07-21T06:50:02.065+0000] {logging_mixin.py:190} INFO - [2026-07-21T06:50:02.065+0000] {dag.py:4180} INFO - Setting next_dagrun for my_dag to None, run_after=None
[2026-07-21T06:50:02.082+0000] {processor.py:208} INFO - Processing /opt/airflow/dags/my_tasks.py took 0.082 seconds
[2026-07-21T06:50:32.274+0000] {processor.py:186} INFO - Started process (PID=466) to work on /opt/airflow/dags/my_tasks.py
[2026-07-21T06:50:32.281+0000] {processor.py:914} INFO - Processing file /opt/airflow/dags/my_tasks.py for tasks to queue
[2026-07-21T06:50:32.283+0000] {logging_mixin.py:190} INFO - [2026-07-21T06:50:32.283+0000] {dagbag.py:588} INFO - Filling up the DagBag from /opt/airflow/dags/my_tasks.py
[2026-07-21T06:50:32.289+0000] {processor.py:925} INFO - DAG(s) 'my_dag' retrieved from /opt/airflow/dags/my_tasks.py
[2026-07-21T06:50:32.308+0000] {logging_mixin.py:190} INFO - [2026-07-21T06:50:32.308+0000] {dag.py:3239} INFO - Sync 1 DAGs
[2026-07-21T06:50:32.325+0000] {logging_mixin.py:190} INFO - [2026-07-21T06:50:32.325+0000] {dag.py:4180} INFO - Setting next_dagrun for my_dag to None, run_after=None
[2026-07-21T06:50:32.339+0000] {processor.py:208} INFO - Processing /opt/airflow/dags/my_tasks.py took 0.069 seconds
[2026-07-21T06:51:02.526+0000] {processor.py:186} INFO - Started process (PID=477) to work on /opt/airflow/dags/my_tasks.py
[2026-07-21T06:51:02.526+0000] {processor.py:914} INFO - Processing file /opt/airflow/dags/my_tasks.py for tasks to queue
[2026-07-21T06:51:02.529+0000] {logging_mixin.py:190} INFO - [2026-07-21T06:51:02.528+0000] {dagbag.py:588} INFO - Filling up the DagBag from /opt/airflow/dags/my_tasks.py
[2026-07-21T06:51:02.535+0000] {processor.py:925} INFO - DAG(s) 'my_dag' retrieved from /opt/airflow/dags/my_tasks.py
[2026-07-21T06:51:02.556+0000] {logging_mixin.py:190} INFO - [2026-07-21T06:51:02.556+0000] {dag.py:3239} INFO - Sync 1 DAGs
[2026-07-21T06:51:02.572+0000] {logging_mixin.py:190} INFO - [2026-07-21T06:51:02.572+0000] {dag.py:4180} INFO - Setting next_dagrun for my_dag to None, run_after=None
[2026-07-21T06:51:02.584+0000] {processor.py:208} INFO - Processing /opt/airflow/dags/my_tasks.py took 0.063 seconds
[2026-07-21T06:51:32.792+0000] {processor.py:186} INFO - Started process (PID=488) to work on /opt/airflow/dags/my_tasks.py
[2026-07-21T06:51:32.800+0000] {processor.py:914} INFO - Processing file /opt/airflow/dags/my_tasks.py for tasks to queue
[2026-07-21T06:51:32.802+0000] {logging_mixin.py:190} INFO - [2026-07-21T06:51:32.802+0000] {dagbag.py:588} INFO - Filling up the DagBag from /opt/airflow/dags/my_tasks.py
[2026-07-21T06:51:32.815+0000] {processor.py:925} INFO - DAG(s) 'my_dag' retrieved from /opt/airflow/dags/my_tasks.py
[2026-07-21T06:51:32.833+0000] {logging_mixin.py:190} INFO - [2026-07-21T06:51:32.832+0000] {dag.py:3239} INFO - Sync 1 DAGs
[2026-07-21T06:51:32.850+0000] {logging_mixin.py:190} INFO - [2026-07-21T06:51:32.850+0000] {dag.py:4180} INFO - Setting next_dagrun for my_dag to None, run_after=None
[2026-07-21T06:51:32.863+0000] {processor.py:208} INFO - Processing /opt/airflow/dags/my_tasks.py took 0.075 seconds
[2026-07-21T06:52:03.063+0000] {processor.py:186} INFO - Started process (PID=498) to work on /opt/airflow/dags/my_tasks.py
[2026-07-21T06:52:03.063+0000] {processor.py:914} INFO - Processing file /opt/airflow/dags/my_tasks.py for tasks to queue
[2026-07-21T06:52:03.064+0000] {logging_mixin.py:190} INFO - [2026-07-21T06:52:03.064+0000] {dagbag.py:588} INFO - Filling up the DagBag from /opt/airflow/dags/my_tasks.py
[2026-07-21T06:52:03.071+0000] {processor.py:925} INFO - DAG(s) 'my_dag' retrieved from /opt/airflow/dags/my_tasks.py
[2026-07-21T06:52:03.092+0000] {logging_mixin.py:190} INFO - [2026-07-21T06:52:03.092+0000] {dag.py:3239} INFO - Sync 1 DAGs
[2026-07-21T06:52:03.112+0000] {logging_mixin.py:190} INFO - [2026-07-21T06:52:03.112+0000] {dag.py:4180} INFO - Setting next_dagrun for my_dag to None, run_after=None
[2026-07-21T06:52:03.126+0000] {processor.py:208} INFO - Processing /opt/airflow/dags/my_tasks.py took 0.067 seconds
[2026-07-21T06:52:33.311+0000] {processor.py:186} INFO - Started process (PID=509) to work on /opt/airflow/dags/my_tasks.py
[2026-07-21T06:52:33.319+0000] {processor.py:914} INFO - Processing file /opt/airflow/dags/my_tasks.py for tasks to queue
[2026-07-21T06:52:33.321+0000] {logging_mixin.py:190} INFO - [2026-07-21T06:52:33.321+0000] {dagbag.py:588} INFO - Filling up the DagBag from /opt/airflow/dags/my_tasks.py
[2026-07-21T06:52:33.327+0000] {processor.py:925} INFO - DAG(s) 'my_dag' retrieved from /opt/airflow/dags/my_tasks.py
[2026-07-21T06:52:33.347+0000] {logging_mixin.py:190} INFO - [2026-07-21T06:52:33.346+0000] {dag.py:3239} INFO - Sync 1 DAGs
[2026-07-21T06:52:33.365+0000] {logging_mixin.py:190} INFO - [2026-07-21T06:52:33.365+0000] {dag.py:4180} INFO - Setting next_dagrun for my_dag to None, run_after=None
[2026-07-21T06:52:33.378+0000] {processor.py:208} INFO - Processing /opt/airflow/dags/my_tasks.py took 0.072 seconds
[2026-07-21T06:53:03.488+0000] {processor.py:186} INFO - Started process (PID=520) to work on /opt/airflow/dags/my_tasks.py
[2026-07-21T06:53:03.496+0000] {processor.py:914} INFO - Processing file /opt/airflow/dags/my_tasks.py for tasks to queue
[2026-07-21T06:53:03.498+0000] {logging_mixin.py:190} INFO - [2026-07-21T06:53:03.498+0000] {dagbag.py:588} INFO - Filling up the DagBag from /opt/airflow/dags/my_tasks.py
[2026-07-21T06:53:03.504+0000] {processor.py:925} INFO - DAG(s) 'my_dag' retrieved from /opt/airflow/dags/my_tasks.py
[2026-07-21T06:53:03.527+0000] {logging_mixin.py:190} INFO - [2026-07-21T06:53:03.526+0000] {dag.py:3239} INFO - Sync 1 DAGs
[2026-07-21T06:53:03.547+0000] {logging_mixin.py:190} INFO - [2026-07-21T06:53:03.547+0000] {dag.py:4180} INFO - Setting next_dagrun for my_dag to None, run_after=None
[2026-07-21T06:53:03.566+0000] {processor.py:208} INFO - Processing /opt/airflow/dags/my_tasks.py took 0.082 seconds
[2026-07-21T06:53:33.646+0000] {processor.py:186} INFO - Started process (PID=531) to work on /opt/airflow/dags/my_tasks.py
[2026-07-21T06:53:33.646+0000] {processor.py:914} INFO - Processing file /opt/airflow/dags/my_tasks.py for tasks to queue
[2026-07-21T06:53:33.648+0000] {logging_mixin.py:190} INFO - [2026-07-21T06:53:33.647+0000] {dagbag.py:588} INFO - Filling up the DagBag from /opt/airflow/dags/my_tasks.py
[2026-07-21T06:53:33.653+0000] {processor.py:925} INFO - DAG(s) 'my_dag' retrieved from /opt/airflow/dags/my_tasks.py
[2026-07-21T06:53:33.671+0000] {logging_mixin.py:190} INFO - [2026-07-21T06:53:33.671+0000] {dag.py:3239} INFO - Sync 1 DAGs
[2026-07-21T06:53:33.687+0000] {logging_mixin.py:190} INFO - [2026-07-21T06:53:33.687+0000] {dag.py:4180} INFO - Setting next_dagrun for my_dag to None, run_after=None
[2026-07-21T06:53:33.698+0000] {processor.py:208} INFO - Processing /opt/airflow/dags/my_tasks.py took 0.057 seconds
[2026-07-21T06:54:03.846+0000] {processor.py:186} INFO - Started process (PID=542) to work on /opt/airflow/dags/my_tasks.py
[2026-07-21T06:54:03.854+0000] {processor.py:914} INFO - Processing file /opt/airflow/dags/my_tasks.py for tasks to queue
[2026-07-21T06:54:03.856+0000] {logging_mixin.py:190} INFO - [2026-07-21T06:54:03.856+0000] {dagbag.py:588} INFO - Filling up the DagBag from /opt/airflow/dags/my_tasks.py
[2026-07-21T06:54:03.862+0000] {processor.py:925} INFO - DAG(s) 'my_dag' retrieved from /opt/airflow/dags/my_tasks.py
[2026-07-21T06:54:03.880+0000] {logging_mixin.py:190} INFO - [2026-07-21T06:54:03.880+0000] {dag.py:3239} INFO - Sync 1 DAGs
[2026-07-21T06:54:03.896+0000] {logging_mixin.py:190} INFO - [2026-07-21T06:54:03.896+0000] {dag.py:4180} INFO - Setting next_dagrun for my_dag to None, run_after=None
[2026-07-21T06:54:03.911+0000] {processor.py:208} INFO - Processing /opt/airflow/dags/my_tasks.py took 0.069 seconds
[2026-07-21T06:54:34.010+0000] {processor.py:186} INFO - Started process (PID=553) to work on /opt/airflow/dags/my_tasks.py
[2026-07-21T06:54:34.010+0000] {processor.py:914} INFO - Processing file /opt/airflow/dags/my_tasks.py for tasks to queue
[2026-07-21T06:54:34.013+0000] {logging_mixin.py:190} INFO - [2026-07-21T06:54:34.012+0000] {dagbag.py:588} INFO - Filling up the DagBag from /opt/airflow/dags/my_tasks.py
[2026-07-21T06:54:34.019+0000] {processor.py:925} INFO - DAG(s) 'my_dag' retrieved from /opt/airflow/dags/my_tasks.py
[2026-07-21T06:54:34.041+0000] {logging_mixin.py:190} INFO - [2026-07-21T06:54:34.041+0000] {dag.py:3239} INFO - Sync 1 DAGs
[2026-07-21T06:54:34.066+0000] {logging_mixin.py:190} INFO - [2026-07-21T06:54:34.066+0000] {dag.py:4180} INFO - Setting next_dagrun for my_dag to None, run_after=None
[2026-07-21T06:54:34.083+0000] {processor.py:208} INFO - Processing /opt/airflow/dags/my_tasks.py took 0.078 seconds
[2026-07-21T06:55:04.175+0000] {processor.py:186} INFO - Started process (PID=564) to work on /opt/airflow/dags/my_tasks.py
[2026-07-21T06:55:04.176+0000] {processor.py:914} INFO - Processing file /opt/airflow/dags/my_tasks.py for tasks to queue
[2026-07-21T06:55:04.177+0000] {logging_mixin.py:190} INFO - [2026-07-21T06:55:04.177+0000] {dagbag.py:588} INFO - Filling up the DagBag from /opt/airflow/dags/my_tasks.py
[2026-07-21T06:55:04.182+0000] {processor.py:925} INFO - DAG(s) 'my_dag' retrieved from /opt/airflow/dags/my_tasks.py
[2026-07-21T06:55:04.204+0000] {logging_mixin.py:190} INFO - [2026-07-21T06:55:04.204+0000] {dag.py:3239} INFO - Sync 1 DAGs
[2026-07-21T06:55:04.222+0000] {logging_mixin.py:190} INFO - [2026-07-21T06:55:04.222+0000] {dag.py:4180} INFO - Setting next_dagrun for my_dag to None, run_after=None
[2026-07-21T06:55:04.236+0000] {processor.py:208} INFO - Processing /opt/airflow/dags/my_tasks.py took 0.064 seconds
[2026-07-21T06:55:34.339+0000] {processor.py:186} INFO - Started process (PID=575) to work on /opt/airflow/dags/my_tasks.py
[2026-07-21T06:55:34.347+0000] {processor.py:914} INFO - Processing file /opt/airflow/dags/my_tasks.py for tasks to queue
[2026-07-21T06:55:34.349+0000] {logging_mixin.py:190} INFO - [2026-07-21T06:55:34.349+0000] {dagbag.py:588} INFO - Filling up the DagBag from /opt/airflow/dags/my_tasks.py
[2026-07-21T06:55:34.354+0000] {processor.py:925} INFO - DAG(s) 'my_dag' retrieved from /opt/airflow/dags/my_tasks.py
[2026-07-21T06:55:34.373+0000] {logging_mixin.py:190} INFO - [2026-07-21T06:55:34.373+0000] {dag.py:3239} INFO - Sync 1 DAGs
[2026-07-21T06:55:34.389+0000] {logging_mixin.py:190} INFO - [2026-07-21T06:55:34.389+0000] {dag.py:4180} INFO - Setting next_dagrun for my_dag to None, run_after=None
[2026-07-21T06:55:34.402+0000] {processor.py:208} INFO - Processing /opt/airflow/dags/my_tasks.py took 0.067 seconds
[2026-07-21T06:56:04.548+0000] {processor.py:186} INFO - Started process (PID=586) to work on /opt/airflow/dags/my_tasks.py
[2026-07-21T06:56:04.556+0000] {processor.py:914} INFO - Processing file /opt/airflow/dags/my_tasks.py for tasks to queue
[2026-07-21T06:56:04.559+0000] {logging_mixin.py:190} INFO - [2026-07-21T06:56:04.558+0000] {dagbag.py:588} INFO - Filling up the DagBag from /opt/airflow/dags/my_tasks.py
[2026-07-21T06:56:04.566+0000] {processor.py:925} INFO - DAG(s) 'my_dag' retrieved from /opt/airflow/dags/my_tasks.py
[2026-07-21T06:56:04.589+0000] {logging_mixin.py:190} INFO - [2026-07-21T06:56:04.589+0000] {dag.py:3239} INFO - Sync 1 DAGs
[2026-07-21T06:56:04.608+0000] {logging_mixin.py:190} INFO - [2026-07-21T06:56:04.608+0000] {dag.py:4180} INFO - Setting next_dagrun for my_dag to None, run_after=None
[2026-07-21T06:56:04.623+0000] {processor.py:208} INFO - Processing /opt/airflow/dags/my_tasks.py took 0.080 seconds
[2026-07-21T06:56:34.804+0000] {processor.py:186} INFO - Started process (PID=597) to work on /opt/airflow/dags/my_tasks.py
[2026-07-21T06:56:34.812+0000] {processor.py:914} INFO - Processing file /opt/airflow/dags/my_tasks.py for tasks to queue
[2026-07-21T06:56:34.814+0000] {logging_mixin.py:190} INFO - [2026-07-21T06:56:34.814+0000] {dagbag.py:588} INFO - Filling up the DagBag from /opt/airflow/dags/my_tasks.py
[2026-07-21T06:56:34.822+0000] {processor.py:925} INFO - DAG(s) 'my_dag' retrieved from /opt/airflow/dags/my_tasks.py
[2026-07-21T06:56:34.844+0000] {logging_mixin.py:190} INFO - [2026-07-21T06:56:34.844+0000] {dag.py:3239} INFO - Sync 1 DAGs
[2026-07-21T06:56:34.864+0000] {logging_mixin.py:190} INFO - [2026-07-21T06:56:34.863+0000] {dag.py:4180} INFO - Setting next_dagrun for my_dag to None, run_after=None
[2026-07-21T06:56:34.880+0000] {processor.py:208} INFO - Processing /opt/airflow/dags/my_tasks.py took 0.082 seconds
[2026-07-21T06:57:05.065+0000] {processor.py:186} INFO - Started process (PID=608) to work on /opt/airflow/dags/my_tasks.py
[2026-07-21T06:57:05.073+0000] {processor.py:914} INFO - Processing file /opt/airflow/dags/my_tasks.py for tasks to queue
[2026-07-21T06:57:05.075+0000] {logging_mixin.py:190} INFO - [2026-07-21T06:57:05.075+0000] {dagbag.py:588} INFO - Filling up the DagBag from /opt/airflow/dags/my_tasks.py
[2026-07-21T06:57:05.082+0000] {processor.py:925} INFO - DAG(s) 'my_dag' retrieved from /opt/airflow/dags/my_tasks.py
[2026-07-21T06:57:05.099+0000] {logging_mixin.py:190} INFO - [2026-07-21T06:57:05.099+0000] {dag.py:3239} INFO - Sync 1 DAGs
[2026-07-21T06:57:05.116+0000] {logging_mixin.py:190} INFO - [2026-07-21T06:57:05.116+0000] {dag.py:4180} INFO - Setting next_dagrun for my_dag to None, run_after=None
[2026-07-21T06:57:05.130+0000] {processor.py:208} INFO - Processing /opt/airflow/dags/my_tasks.py took 0.068 seconds
[2026-07-21T06:57:35.304+0000] {processor.py:186} INFO - Started process (PID=619) to work on /opt/airflow/dags/my_tasks.py
[2026-07-21T06:57:35.305+0000] {processor.py:914} INFO - Processing file /opt/airflow/dags/my_tasks.py for tasks to queue
[2026-07-21T06:57:35.308+0000] {logging_mixin.py:190} INFO - [2026-07-21T06:57:35.308+0000] {dagbag.py:588} INFO - Filling up the DagBag from /opt/airflow/dags/my_tasks.py
[2026-07-21T06:57:35.318+0000] {processor.py:925} INFO - DAG(s) 'my_dag' retrieved from /opt/airflow/dags/my_tasks.py
[2026-07-21T06:57:35.348+0000] {logging_mixin.py:190} INFO - [2026-07-21T06:57:35.347+0000] {dag.py:3239} INFO - Sync 1 DAGs
[2026-07-21T06:57:35.372+0000] {logging_mixin.py:190} INFO - [2026-07-21T06:57:35.372+0000] {dag.py:4180} INFO - Setting next_dagrun for my_dag to None, run_after=None
[2026-07-21T06:57:35.390+0000] {processor.py:208} INFO - Processing /opt/airflow/dags/my_tasks.py took 0.094 seconds
[2026-07-21T06:58:05.575+0000] {processor.py:186} INFO - Started process (PID=630) to work on /opt/airflow/dags/my_tasks.py
[2026-07-21T06:58:05.583+0000] {processor.py:914} INFO - Processing file /opt/airflow/dags/my_tasks.py for tasks to queue
[2026-07-21T06:58:05.586+0000] {logging_mixin.py:190} INFO - [2026-07-21T06:58:05.585+0000] {dagbag.py:588} INFO - Filling up the DagBag from /opt/airflow/dags/my_tasks.py
[2026-07-21T06:58:05.592+0000] {processor.py:925} INFO - DAG(s) 'my_dag' retrieved from /opt/airflow/dags/my_tasks.py
[2026-07-21T06:58:05.610+0000] {logging_mixin.py:190} INFO - [2026-07-21T06:58:05.610+0000] {dag.py:3239} INFO - Sync 1 DAGs
[2026-07-21T06:58:05.626+0000] {logging_mixin.py:190} INFO - [2026-07-21T06:58:05.625+0000] {dag.py:4180} INFO - Setting next_dagrun for my_dag to None, run_after=None
[2026-07-21T06:58:05.637+0000] {processor.py:208} INFO - Processing /opt/airflow/dags/my_tasks.py took 0.068 seconds
[2026-07-21T06:58:35.839+0000] {processor.py:186} INFO - Started process (PID=641) to work on /opt/airflow/dags/my_tasks.py
[2026-07-21T06:58:35.847+0000] {processor.py:914} INFO - Processing file /opt/airflow/dags/my_tasks.py for tasks to queue
[2026-07-21T06:58:35.850+0000] {logging_mixin.py:190} INFO - [2026-07-21T06:58:35.849+0000] {dagbag.py:588} INFO - Filling up the DagBag from /opt/airflow/dags/my_tasks.py
[2026-07-21T06:58:35.858+0000] {processor.py:925} INFO - DAG(s) 'my_dag' retrieved from /opt/airflow/dags/my_tasks.py
[2026-07-21T06:58:35.875+0000] {logging_mixin.py:190} INFO - [2026-07-21T06:58:35.875+0000] {dag.py:3239} INFO - Sync 1 DAGs
[2026-07-21T06:58:35.891+0000] {logging_mixin.py:190} INFO - [2026-07-21T06:58:35.891+0000] {dag.py:4180} INFO - Setting next_dagrun for my_dag to None, run_after=None
[2026-07-21T06:58:35.904+0000] {processor.py:208} INFO - Processing /opt/airflow/dags/my_tasks.py took 0.069 seconds
[2026-07-21T06:59:06.089+0000] {processor.py:186} INFO - Started process (PID=652) to work on /opt/airflow/dags/my_tasks.py
[2026-07-21T06:59:06.097+0000] {processor.py:914} INFO - Processing file /opt/airflow/dags/my_tasks.py for tasks to queue
[2026-07-21T06:59:06.099+0000] {logging_mixin.py:190} INFO - [2026-07-21T06:59:06.098+0000] {dagbag.py:588} INFO - Filling up the DagBag from /opt/airflow/dags/my_tasks.py
[2026-07-21T06:59:06.107+0000] {processor.py:925} INFO - DAG(s) 'my_dag' retrieved from /opt/airflow/dags/my_tasks.py
[2026-07-21T06:59:06.128+0000] {logging_mixin.py:190} INFO - [2026-07-21T06:59:06.127+0000] {dag.py:3239} INFO - Sync 1 DAGs
[2026-07-21T06:59:06.144+0000] {logging_mixin.py:190} INFO - [2026-07-21T06:59:06.144+0000] {dag.py:4180} INFO - Setting next_dagrun for my_dag to None, run_after=None
[2026-07-21T06:59:06.155+0000] {processor.py:208} INFO - Processing /opt/airflow/dags/my_tasks.py took 0.071 seconds
[2026-07-21T06:59:36.367+0000] {processor.py:186} INFO - Started process (PID=663) to work on /opt/airflow/dags/my_tasks.py
[2026-07-21T06:59:36.367+0000] {processor.py:914} INFO - Processing file /opt/airflow/dags/my_tasks.py for tasks to queue
[2026-07-21T06:59:36.369+0000] {logging_mixin.py:190} INFO - [2026-07-21T06:59:36.369+0000] {dagbag.py:588} INFO - Filling up the DagBag from /opt/airflow/dags/my_tasks.py
[2026-07-21T06:59:36.375+0000] {processor.py:925} INFO - DAG(s) 'my_dag' retrieved from /opt/airflow/dags/my_tasks.py
[2026-07-21T06:59:36.391+0000] {logging_mixin.py:190} INFO - [2026-07-21T06:59:36.391+0000] {dag.py:3239} INFO - Sync 1 DAGs
[2026-07-21T06:59:36.406+0000] {logging_mixin.py:190} INFO - [2026-07-21T06:59:36.406+0000] {dag.py:4180} INFO - Setting next_dagrun for my_dag to None, run_after=None
[2026-07-21T06:59:36.419+0000] {processor.py:208} INFO - Processing /opt/airflow/dags/my_tasks.py took 0.056 seconds
[2026-07-21T07:00:06.654+0000] {processor.py:186} INFO - Started process (PID=675) to work on /opt/airflow/dags/my_tasks.py
[2026-07-21T07:00:06.655+0000] {processor.py:914} INFO - Processing file /opt/airflow/dags/my_tasks.py for tasks to queue
[2026-07-21T07:00:06.656+0000] {logging_mixin.py:190} INFO - [2026-07-21T07:00:06.656+0000] {dagbag.py:588} INFO - Filling up the DagBag from /opt/airflow/dags/my_tasks.py
[2026-07-21T07:00:06.662+0000] {processor.py:925} INFO - DAG(s) 'my_dag' retrieved from /opt/airflow/dags/my_tasks.py
[2026-07-21T07:00:06.678+0000] {logging_mixin.py:190} INFO - [2026-07-21T07:00:06.678+0000] {dag.py:3239} INFO - Sync 1 DAGs
[2026-07-21T07:00:06.694+0000] {logging_mixin.py:190} INFO - [2026-07-21T07:00:06.694+0000] {dag.py:4180} INFO - Setting next_dagrun for my_dag to None, run_after=None
[2026-07-21T07:00:06.706+0000] {processor.py:208} INFO - Processing /opt/airflow/dags/my_tasks.py took 0.055 seconds
[2026-07-21T07:00:36.916+0000] {processor.py:186} INFO - Started process (PID=686) to work on /opt/airflow/dags/my_tasks.py
[2026-07-21T07:00:36.924+0000] {processor.py:914} INFO - Processing file /opt/airflow/dags/my_tasks.py for tasks to queue
[2026-07-21T07:00:36.926+0000] {logging_mixin.py:190} INFO - [2026-07-21T07:00:36.926+0000] {dagbag.py:588} INFO - Filling up the DagBag from /opt/airflow/dags/my_tasks.py
[2026-07-21T07:00:36.935+0000] {processor.py:925} INFO - DAG(s) 'my_dag' retrieved from /opt/airflow/dags/my_tasks.py
[2026-07-21T07:00:36.952+0000] {logging_mixin.py:190} INFO - [2026-07-21T07:00:36.952+0000] {dag.py:3239} INFO - Sync 1 DAGs
[2026-07-21T07:00:36.969+0000] {logging_mixin.py:190} INFO - [2026-07-21T07:00:36.969+0000] {dag.py:4180} INFO - Setting next_dagrun for my_dag to None, run_after=None
[2026-07-21T07:00:36.981+0000] {processor.py:208} INFO - Processing /opt/airflow/dags/my_tasks.py took 0.069 seconds
[2026-07-21T07:01:07.195+0000] {processor.py:186} INFO - Started process (PID=697) to work on /opt/airflow/dags/my_tasks.py
[2026-07-21T07:01:07.196+0000] {processor.py:914} INFO - Processing file /opt/airflow/dags/my_tasks.py for tasks to queue
[2026-07-21T07:01:07.197+0000] {logging_mixin.py:190} INFO - [2026-07-21T07:01:07.197+0000] {dagbag.py:588} INFO - Filling up the DagBag from /opt/airflow/dags/my_tasks.py
[2026-07-21T07:01:07.202+0000] {processor.py:925} INFO - DAG(s) 'my_dag' retrieved from /opt/airflow/dags/my_tasks.py
[2026-07-21T07:01:07.224+0000] {logging_mixin.py:190} INFO - [2026-07-21T07:01:07.223+0000] {dag.py:3239} INFO - Sync 1 DAGs
[2026-07-21T07:01:07.238+0000] {logging_mixin.py:190} INFO - [2026-07-21T07:01:07.238+0000] {dag.py:4180} INFO - Setting next_dagrun for my_dag to None, run_after=None
[2026-07-21T07:01:07.250+0000] {processor.py:208} INFO - Processing /opt/airflow/dags/my_tasks.py took 0.059 seconds
[2026-07-21T07:01:37.460+0000] {processor.py:186} INFO - Started process (PID=708) to work on /opt/airflow/dags/my_tasks.py
[2026-07-21T07:01:37.468+0000] {processor.py:914} INFO - Processing file /opt/airflow/dags/my_tasks.py for tasks to queue
[2026-07-21T07:01:37.470+0000] {logging_mixin.py:190} INFO - [2026-07-21T07:01:37.469+0000] {dagbag.py:588} INFO - Filling up the DagBag from /opt/airflow/dags/my_tasks.py
[2026-07-21T07:01:37.476+0000] {processor.py:925} INFO - DAG(s) 'my_dag' retrieved from /opt/airflow/dags/my_tasks.py
[2026-07-21T07:01:37.497+0000] {logging_mixin.py:190} INFO - [2026-07-21T07:01:37.497+0000] {dag.py:3239} INFO - Sync 1 DAGs
[2026-07-21T07:01:37.515+0000] {logging_mixin.py:190} INFO - [2026-07-21T07:01:37.515+0000] {dag.py:4180} INFO - Setting next_dagrun for my_dag to None, run_after=None
[2026-07-21T07:01:37.526+0000] {processor.py:208} INFO - Processing /opt/airflow/dags/my_tasks.py took 0.070 seconds
[2026-07-21T07:02:07.755+0000] {processor.py:186} INFO - Started process (PID=719) to work on /opt/airflow/dags/my_tasks.py
[2026-07-21T07:02:07.756+0000] {processor.py:914} INFO - Processing file /opt/airflow/dags/my_tasks.py for tasks to queue
[2026-07-21T07:02:07.758+0000] {logging_mixin.py:190} INFO - [2026-07-21T07:02:07.757+0000] {dagbag.py:588} INFO - Filling up the DagBag from /opt/airflow/dags/my_tasks.py
[2026-07-21T07:02:07.763+0000] {processor.py:925} INFO - DAG(s) 'my_dag' retrieved from /opt/airflow/dags/my_tasks.py
[2026-07-21T07:02:07.780+0000] {logging_mixin.py:190} INFO - [2026-07-21T07:02:07.780+0000] {dag.py:3239} INFO - Sync 1 DAGs
[2026-07-21T07:02:07.795+0000] {logging_mixin.py:190} INFO - [2026-07-21T07:02:07.795+0000] {dag.py:4180} INFO - Setting next_dagrun for my_dag to None, run_after=None
[2026-07-21T07:02:07.807+0000] {processor.py:208} INFO - Processing /opt/airflow/dags/my_tasks.py took 0.057 seconds
[2026-07-21T07:02:38.003+0000] {processor.py:186} INFO - Started process (PID=730) to work on /opt/airflow/dags/my_tasks.py
[2026-07-21T07:02:38.010+0000] {processor.py:914} INFO - Processing file /opt/airflow/dags/my_tasks.py for tasks to queue
[2026-07-21T07:02:38.012+0000] {logging_mixin.py:190} INFO - [2026-07-21T07:02:38.012+0000] {dagbag.py:588} INFO - Filling up the DagBag from /opt/airflow/dags/my_tasks.py
[2026-07-21T07:02:38.018+0000] {processor.py:925} INFO - DAG(s) 'my_dag' retrieved from /opt/airflow/dags/my_tasks.py
[2026-07-21T07:02:38.036+0000] {logging_mixin.py:190} INFO - [2026-07-21T07:02:38.035+0000] {dag.py:3239} INFO - Sync 1 DAGs
[2026-07-21T07:02:38.051+0000] {logging_mixin.py:190} INFO - [2026-07-21T07:02:38.051+0000] {dag.py:4180} INFO - Setting next_dagrun for my_dag to None, run_after=None
[2026-07-21T07:02:38.064+0000] {processor.py:208} INFO - Processing /opt/airflow/dags/my_tasks.py took 0.065 seconds
[2026-07-21T07:03:08.279+0000] {processor.py:186} INFO - Started process (PID=741) to work on /opt/airflow/dags/my_tasks.py
[2026-07-21T07:03:08.279+0000] {processor.py:914} INFO - Processing file /opt/airflow/dags/my_tasks.py for tasks to queue
[2026-07-21T07:03:08.281+0000] {logging_mixin.py:190} INFO - [2026-07-21T07:03:08.280+0000] {dagbag.py:588} INFO - Filling up the DagBag from /opt/airflow/dags/my_tasks.py
[2026-07-21T07:03:08.286+0000] {processor.py:925} INFO - DAG(s) 'my_dag' retrieved from /opt/airflow/dags/my_tasks.py
[2026-07-21T07:03:08.303+0000] {logging_mixin.py:190} INFO - [2026-07-21T07:03:08.303+0000] {dag.py:3239} INFO - Sync 1 DAGs
[2026-07-21T07:03:08.318+0000] {logging_mixin.py:190} INFO - [2026-07-21T07:03:08.318+0000] {dag.py:4180} INFO - Setting next_dagrun for my_dag to None, run_after=None
[2026-07-21T07:03:08.330+0000] {processor.py:208} INFO - Processing /opt/airflow/dags/my_tasks.py took 0.056 seconds
[2026-07-21T07:03:38.544+0000] {processor.py:186} INFO - Started process (PID=752) to work on /opt/airflow/dags/my_tasks.py
[2026-07-21T07:03:38.552+0000] {processor.py:914} INFO - Processing file /opt/airflow/dags/my_tasks.py for tasks to queue
[2026-07-21T07:03:38.554+0000] {logging_mixin.py:190} INFO - [2026-07-21T07:03:38.554+0000] {dagbag.py:588} INFO - Filling up the DagBag from /opt/airflow/dags/my_tasks.py
[2026-07-21T07:03:38.562+0000] {processor.py:925} INFO - DAG(s) 'my_dag' retrieved from /opt/airflow/dags/my_tasks.py
[2026-07-21T07:03:38.581+0000] {logging_mixin.py:190} INFO - [2026-07-21T07:03:38.581+0000] {dag.py:3239} INFO - Sync 1 DAGs
[2026-07-21T07:03:38.602+0000] {logging_mixin.py:190} INFO - [2026-07-21T07:03:38.602+0000] {dag.py:4180} INFO - Setting next_dagrun for my_dag to None, run_after=None
[2026-07-21T07:03:38.618+0000] {processor.py:208} INFO - Processing /opt/airflow/dags/my_tasks.py took 0.078 seconds
[2026-07-21T07:04:08.833+0000] {processor.py:186} INFO - Started process (PID=763) to work on /opt/airflow/dags/my_tasks.py
[2026-07-21T07:04:08.841+0000] {processor.py:914} INFO - Processing file /opt/airflow/dags/my_tasks.py for tasks to queue
[2026-07-21T07:04:08.843+0000] {logging_mixin.py:190} INFO - [2026-07-21T07:04:08.843+0000] {dagbag.py:588} INFO - Filling up the DagBag from /opt/airflow/dags/my_tasks.py
[2026-07-21T07:04:08.852+0000] {processor.py:925} INFO - DAG(s) 'my_dag' retrieved from /opt/airflow/dags/my_tasks.py
[2026-07-21T07:04:08.869+0000] {logging_mixin.py:190} INFO - [2026-07-21T07:04:08.869+0000] {dag.py:3239} INFO - Sync 1 DAGs
[2026-07-21T07:04:08.884+0000] {logging_mixin.py:190} INFO - [2026-07-21T07:04:08.884+0000] {dag.py:4180} INFO - Setting next_dagrun for my_dag to None, run_after=None
[2026-07-21T07:04:08.897+0000] {processor.py:208} INFO - Processing /opt/airflow/dags/my_tasks.py took 0.068 seconds
[2026-07-21T07:04:39.122+0000] {processor.py:186} INFO - Started process (PID=774) to work on /opt/airflow/dags/my_tasks.py
[2026-07-21T07:04:39.130+0000] {processor.py:914} INFO - Processing file /opt/airflow/dags/my_tasks.py for tasks to queue
[2026-07-21T07:04:39.132+0000] {logging_mixin.py:190} INFO - [2026-07-21T07:04:39.132+0000] {dagbag.py:588} INFO - Filling up the DagBag from /opt/airflow/dags/my_tasks.py
[2026-07-21T07:04:39.139+0000] {processor.py:925} INFO - DAG(s) 'my_dag' retrieved from /opt/airflow/dags/my_tasks.py
[2026-07-21T07:04:39.156+0000] {logging_mixin.py:190} INFO - [2026-07-21T07:04:39.156+0000] {dag.py:3239} INFO - Sync 1 DAGs
[2026-07-21T07:04:39.173+0000] {logging_mixin.py:190} INFO - [2026-07-21T07:04:39.172+0000] {dag.py:4180} INFO - Setting next_dagrun for my_dag to None, run_after=None
[2026-07-21T07:04:39.184+0000] {processor.py:208} INFO - Processing /opt/airflow/dags/my_tasks.py took 0.066 seconds
[2026-07-21T07:05:09.405+0000] {processor.py:186} INFO - Started process (PID=785) to work on /opt/airflow/dags/my_tasks.py
[2026-07-21T07:05:09.413+0000] {processor.py:914} INFO - Processing file /opt/airflow/dags/my_tasks.py for tasks to queue
[2026-07-21T07:05:09.416+0000] {logging_mixin.py:190} INFO - [2026-07-21T07:05:09.416+0000] {dagbag.py:588} INFO - Filling up the DagBag from /opt/airflow/dags/my_tasks.py
[2026-07-21T07:05:09.424+0000] {processor.py:925} INFO - DAG(s) 'my_dag' retrieved from /opt/airflow/dags/my_tasks.py
[2026-07-21T07:05:09.441+0000] {logging_mixin.py:190} INFO - [2026-07-21T07:05:09.441+0000] {dag.py:3239} INFO - Sync 1 DAGs
[2026-07-21T07:05:09.457+0000] {logging_mixin.py:190} INFO - [2026-07-21T07:05:09.456+0000] {dag.py:4180} INFO - Setting next_dagrun for my_dag to None, run_after=None
[2026-07-21T07:05:09.468+0000] {processor.py:208} INFO - Processing /opt/airflow/dags/my_tasks.py took 0.067 seconds
[2026-07-21T07:05:39.682+0000] {processor.py:186} INFO - Started process (PID=796) to work on /opt/airflow/dags/my_tasks.py
[2026-07-21T07:05:39.682+0000] {processor.py:914} INFO - Processing file /opt/airflow/dags/my_tasks.py for tasks to queue
[2026-07-21T07:05:39.684+0000] {logging_mixin.py:190} INFO - [2026-07-21T07:05:39.683+0000] {dagbag.py:588} INFO - Filling up the DagBag from /opt/airflow/dags/my_tasks.py
[2026-07-21T07:05:39.688+0000] {processor.py:925} INFO - DAG(s) 'my_dag' retrieved from /opt/airflow/dags/my_tasks.py
[2026-07-21T07:05:39.705+0000] {logging_mixin.py:190} INFO - [2026-07-21T07:05:39.705+0000] {dag.py:3239} INFO - Sync 1 DAGs
[2026-07-21T07:05:39.721+0000] {logging_mixin.py:190} INFO - [2026-07-21T07:05:39.720+0000] {dag.py:4180} INFO - Setting next_dagrun for my_dag to None, run_after=None
[2026-07-21T07:05:39.732+0000] {processor.py:208} INFO - Processing /opt/airflow/dags/my_tasks.py took 0.054 seconds
[2026-07-21T07:06:09.965+0000] {processor.py:186} INFO - Started process (PID=807) to work on /opt/airflow/dags/my_tasks.py
[2026-07-21T07:06:09.973+0000] {processor.py:914} INFO - Processing file /opt/airflow/dags/my_tasks.py for tasks to queue
[2026-07-21T07:06:09.975+0000] {logging_mixin.py:190} INFO - [2026-07-21T07:06:09.975+0000] {dagbag.py:588} INFO - Filling up the DagBag from /opt/airflow/dags/my_tasks.py
[2026-07-21T07:06:09.983+0000] {processor.py:925} INFO - DAG(s) 'my_dag' retrieved from /opt/airflow/dags/my_tasks.py
[2026-07-21T07:06:10.003+0000] {logging_mixin.py:190} INFO - [2026-07-21T07:06:10.003+0000] {dag.py:3239} INFO - Sync 1 DAGs
[2026-07-21T07:06:10.020+0000] {logging_mixin.py:190} INFO - [2026-07-21T07:06:10.020+0000] {dag.py:4180} INFO - Setting next_dagrun for my_dag to None, run_after=None
[2026-07-21T07:06:10.033+0000] {processor.py:208} INFO - Processing /opt/airflow/dags/my_tasks.py took 0.072 seconds
[2026-07-21T07:06:40.209+0000] {processor.py:186} INFO - Started process (PID=818) to work on /opt/airflow/dags/my_tasks.py
[2026-07-21T07:06:40.217+0000] {processor.py:914} INFO - Processing file /opt/airflow/dags/my_tasks.py for tasks to queue
[2026-07-21T07:06:40.220+0000] {logging_mixin.py:190} INFO - [2026-07-21T07:06:40.219+0000] {dagbag.py:588} INFO - Filling up the DagBag from /opt/airflow/dags/my_tasks.py
[2026-07-21T07:06:40.228+0000] {processor.py:925} INFO - DAG(s) 'my_dag' retrieved from /opt/airflow/dags/my_tasks.py
[2026-07-21T07:06:40.246+0000] {logging_mixin.py:190} INFO - [2026-07-21T07:06:40.245+0000] {dag.py:3239} INFO - Sync 1 DAGs
[2026-07-21T07:06:40.261+0000] {logging_mixin.py:190} INFO - [2026-07-21T07:06:40.261+0000] {dag.py:4180} INFO - Setting next_dagrun for my_dag to None, run_after=None
[2026-07-21T07:06:40.273+0000] {processor.py:208} INFO - Processing /opt/airflow/dags/my_tasks.py took 0.068 seconds
[2026-07-21T07:07:10.489+0000] {processor.py:186} INFO - Started process (PID=829) to work on /opt/airflow/dags/my_tasks.py
[2026-07-21T07:07:10.489+0000] {processor.py:914} INFO - Processing file /opt/airflow/dags/my_tasks.py for tasks to queue
[2026-07-21T07:07:10.491+0000] {logging_mixin.py:190} INFO - [2026-07-21T07:07:10.491+0000] {dagbag.py:588} INFO - Filling up the DagBag from /opt/airflow/dags/my_tasks.py
[2026-07-21T07:07:10.496+0000] {processor.py:925} INFO - DAG(s) 'my_dag' retrieved from /opt/airflow/dags/my_tasks.py
[2026-07-21T07:07:10.513+0000] {logging_mixin.py:190} INFO - [2026-07-21T07:07:10.512+0000] {dag.py:3239} INFO - Sync 1 DAGs
[2026-07-21T07:07:10.528+0000] {logging_mixin.py:190} INFO - [2026-07-21T07:07:10.528+0000] {dag.py:4180} INFO - Setting next_dagrun for my_dag to None, run_after=None
[2026-07-21T07:07:10.540+0000] {processor.py:208} INFO - Processing /opt/airflow/dags/my_tasks.py took 0.055 seconds
[2026-07-21T07:07:40.759+0000] {processor.py:186} INFO - Started process (PID=840) to work on /opt/airflow/dags/my_tasks.py
[2026-07-21T07:07:40.760+0000] {processor.py:914} INFO - Processing file /opt/airflow/dags/my_tasks.py for tasks to queue
[2026-07-21T07:07:40.762+0000] {logging_mixin.py:190} INFO - [2026-07-21T07:07:40.761+0000] {dagbag.py:588} INFO - Filling up the DagBag from /opt/airflow/dags/my_tasks.py
[2026-07-21T07:07:40.767+0000] {processor.py:925} INFO - DAG(s) 'my_dag' retrieved from /opt/airflow/dags/my_tasks.py
[2026-07-21T07:07:40.784+0000] {logging_mixin.py:190} INFO - [2026-07-21T07:07:40.784+0000] {dag.py:3239} INFO - Sync 1 DAGs
[2026-07-21T07:07:40.799+0000] {logging_mixin.py:190} INFO - [2026-07-21T07:07:40.799+0000] {dag.py:4180} INFO - Setting next_dagrun for my_dag to None, run_after=None
[2026-07-21T07:07:40.812+0000] {processor.py:208} INFO - Processing /opt/airflow/dags/my_tasks.py took 0.057 seconds
[2026-07-21T07:08:11.055+0000] {processor.py:186} INFO - Started process (PID=851) to work on /opt/airflow/dags/my_tasks.py
[2026-07-21T07:08:11.068+0000] {processor.py:914} INFO - Processing file /opt/airflow/dags/my_tasks.py for tasks to queue
[2026-07-21T07:08:11.070+0000] {logging_mixin.py:190} INFO - [2026-07-21T07:08:11.070+0000] {dagbag.py:588} INFO - Filling up the DagBag from /opt/airflow/dags/my_tasks.py
[2026-07-21T07:08:11.079+0000] {processor.py:925} INFO - DAG(s) 'my_dag' retrieved from /opt/airflow/dags/my_tasks.py
[2026-07-21T07:08:11.098+0000] {logging_mixin.py:190} INFO - [2026-07-21T07:08:11.098+0000] {dag.py:3239} INFO - Sync 1 DAGs
[2026-07-21T07:08:11.114+0000] {logging_mixin.py:190} INFO - [2026-07-21T07:08:11.114+0000] {dag.py:4180} INFO - Setting next_dagrun for my_dag to None, run_after=None
[2026-07-21T07:08:11.129+0000] {processor.py:208} INFO - Processing /opt/airflow/dags/my_tasks.py took 0.078 seconds
[2026-07-21T07:08:41.326+0000] {processor.py:186} INFO - Started process (PID=862) to work on /opt/airflow/dags/my_tasks.py
[2026-07-21T07:08:41.326+0000] {processor.py:914} INFO - Processing file /opt/airflow/dags/my_tasks.py for tasks to queue
[2026-07-21T07:08:41.328+0000] {logging_mixin.py:190} INFO - [2026-07-21T07:08:41.327+0000] {dagbag.py:588} INFO - Filling up the DagBag from /opt/airflow/dags/my_tasks.py
[2026-07-21T07:08:41.333+0000] {processor.py:925} INFO - DAG(s) 'my_dag' retrieved from /opt/airflow/dags/my_tasks.py
[2026-07-21T07:08:41.350+0000] {logging_mixin.py:190} INFO - [2026-07-21T07:08:41.349+0000] {dag.py:3239} INFO - Sync 1 DAGs
[2026-07-21T07:08:41.365+0000] {logging_mixin.py:190} INFO - [2026-07-21T07:08:41.364+0000] {dag.py:4180} INFO - Setting next_dagrun for my_dag to None, run_after=None
[2026-07-21T07:08:41.376+0000] {processor.py:208} INFO - Processing /opt/airflow/dags/my_tasks.py took 0.054 seconds
[2026-07-21T07:09:11.586+0000] {processor.py:186} INFO - Started process (PID=873) to work on /opt/airflow/dags/my_tasks.py
[2026-07-21T07:09:11.593+0000] {processor.py:914} INFO - Processing file /opt/airflow/dags/my_tasks.py for tasks to queue
[2026-07-21T07:09:11.596+0000] {logging_mixin.py:190} INFO - [2026-07-21T07:09:11.596+0000] {dagbag.py:588} INFO - Filling up the DagBag from /opt/airflow/dags/my_tasks.py
[2026-07-21T07:09:11.604+0000] {processor.py:925} INFO - DAG(s) 'my_dag' retrieved from /opt/airflow/dags/my_tasks.py
[2026-07-21T07:09:11.621+0000] {logging_mixin.py:190} INFO - [2026-07-21T07:09:11.621+0000] {dag.py:3239} INFO - Sync 1 DAGs
[2026-07-21T07:09:11.637+0000] {logging_mixin.py:190} INFO - [2026-07-21T07:09:11.637+0000] {dag.py:4180} INFO - Setting next_dagrun for my_dag to None, run_after=None
[2026-07-21T07:09:11.649+0000] {processor.py:208} INFO - Processing /opt/airflow/dags/my_tasks.py took 0.067 seconds
[2026-07-21T07:09:41.858+0000] {processor.py:186} INFO - Started process (PID=884) to work on /opt/airflow/dags/my_tasks.py
[2026-07-21T07:09:41.858+0000] {processor.py:914} INFO - Processing file /opt/airflow/dags/my_tasks.py for tasks to queue
[2026-07-21T07:09:41.859+0000] {logging_mixin.py:190} INFO - [2026-07-21T07:09:41.859+0000] {dagbag.py:588} INFO - Filling up the DagBag from /opt/airflow/dags/my_tasks.py
[2026-07-21T07:09:41.865+0000] {processor.py:925} INFO - DAG(s) 'my_dag' retrieved from /opt/airflow/dags/my_tasks.py
[2026-07-21T07:09:41.881+0000] {logging_mixin.py:190} INFO - [2026-07-21T07:09:41.881+0000] {dag.py:3239} INFO - Sync 1 DAGs
[2026-07-21T07:09:41.897+0000] {logging_mixin.py:190} INFO - [2026-07-21T07:09:41.897+0000] {dag.py:4180} INFO - Setting next_dagrun for my_dag to None, run_after=None
[2026-07-21T07:09:41.911+0000] {processor.py:208} INFO - Processing /opt/airflow/dags/my_tasks.py took 0.057 seconds
[2026-07-21T07:10:12.136+0000] {processor.py:186} INFO - Started process (PID=895) to work on /opt/airflow/dags/my_tasks.py
[2026-07-21T07:10:12.143+0000] {processor.py:914} INFO - Processing file /opt/airflow/dags/my_tasks.py for tasks to queue
[2026-07-21T07:10:12.146+0000] {logging_mixin.py:190} INFO - [2026-07-21T07:10:12.145+0000] {dagbag.py:588} INFO - Filling up the DagBag from /opt/airflow/dags/my_tasks.py
[2026-07-21T07:10:12.154+0000] {processor.py:925} INFO - DAG(s) 'my_dag' retrieved from /opt/airflow/dags/my_tasks.py
[2026-07-21T07:10:12.171+0000] {logging_mixin.py:190} INFO - [2026-07-21T07:10:12.171+0000] {dag.py:3239} INFO - Sync 1 DAGs
[2026-07-21T07:10:12.187+0000] {logging_mixin.py:190} INFO - [2026-07-21T07:10:12.186+0000] {dag.py:4180} INFO - Setting next_dagrun for my_dag to None, run_after=None
[2026-07-21T07:10:12.199+0000] {processor.py:208} INFO - Processing /opt/airflow/dags/my_tasks.py took 0.067 seconds
[2026-07-21T07:10:42.383+0000] {processor.py:186} INFO - Started process (PID=906) to work on /opt/airflow/dags/my_tasks.py
[2026-07-21T07:10:42.384+0000] {processor.py:914} INFO - Processing file /opt/airflow/dags/my_tasks.py for tasks to queue
[2026-07-21T07:10:42.386+0000] {logging_mixin.py:190} INFO - [2026-07-21T07:10:42.385+0000] {dagbag.py:588} INFO - Filling up the DagBag from /opt/airflow/dags/my_tasks.py
[2026-07-21T07:10:42.391+0000] {processor.py:925} INFO - DAG(s) 'my_dag' retrieved from /opt/airflow/dags/my_tasks.py
[2026-07-21T07:10:42.408+0000] {logging_mixin.py:190} INFO - [2026-07-21T07:10:42.407+0000] {dag.py:3239} INFO - Sync 1 DAGs
[2026-07-21T07:10:42.423+0000] {logging_mixin.py:190} INFO - [2026-07-21T07:10:42.423+0000] {dag.py:4180} INFO - Setting next_dagrun for my_dag to None, run_after=None
[2026-07-21T07:10:42.435+0000] {processor.py:208} INFO - Processing /opt/airflow/dags/my_tasks.py took 0.056 seconds
[2026-07-21T07:11:12.649+0000] {processor.py:186} INFO - Started process (PID=917) to work on /opt/airflow/dags/my_tasks.py
[2026-07-21T07:11:12.650+0000] {processor.py:914} INFO - Processing file /opt/airflow/dags/my_tasks.py for tasks to queue
[2026-07-21T07:11:12.651+0000] {logging_mixin.py:190} INFO - [2026-07-21T07:11:12.651+0000] {dagbag.py:588} INFO - Filling up the DagBag from /opt/airflow/dags/my_tasks.py
[2026-07-21T07:11:12.656+0000] {processor.py:925} INFO - DAG(s) 'my_dag' retrieved from /opt/airflow/dags/my_tasks.py
[2026-07-21T07:11:12.675+0000] {logging_mixin.py:190} INFO - [2026-07-21T07:11:12.675+0000] {dag.py:3239} INFO - Sync 1 DAGs
[2026-07-21T07:11:12.693+0000] {logging_mixin.py:190} INFO - [2026-07-21T07:11:12.693+0000] {dag.py:4180} INFO - Setting next_dagrun for my_dag to None, run_after=None
[2026-07-21T07:11:12.704+0000] {processor.py:208} INFO - Processing /opt/airflow/dags/my_tasks.py took 0.059 seconds
[2026-07-21T07:11:42.925+0000] {processor.py:186} INFO - Started process (PID=928) to work on /opt/airflow/dags/my_tasks.py
[2026-07-21T07:11:42.925+0000] {processor.py:914} INFO - Processing file /opt/airflow/dags/my_tasks.py for tasks to queue
[2026-07-21T07:11:42.927+0000] {logging_mixin.py:190} INFO - [2026-07-21T07:11:42.926+0000] {dagbag.py:588} INFO - Filling up the DagBag from /opt/airflow/dags/my_tasks.py
[2026-07-21T07:11:42.932+0000] {processor.py:925} INFO - DAG(s) 'my_dag' retrieved from /opt/airflow/dags/my_tasks.py
[2026-07-21T07:11:42.951+0000] {logging_mixin.py:190} INFO - [2026-07-21T07:11:42.950+0000] {dag.py:3239} INFO - Sync 1 DAGs
[2026-07-21T07:11:42.967+0000] {logging_mixin.py:190} INFO - [2026-07-21T07:11:42.967+0000] {dag.py:4180} INFO - Setting next_dagrun for my_dag to None, run_after=None
[2026-07-21T07:11:42.982+0000] {processor.py:208} INFO - Processing /opt/airflow/dags/my_tasks.py took 0.061 seconds
[2026-07-21T07:12:13.208+0000] {processor.py:186} INFO - Started process (PID=939) to work on /opt/airflow/dags/my_tasks.py
[2026-07-21T07:12:13.208+0000] {processor.py:914} INFO - Processing file /opt/airflow/dags/my_tasks.py for tasks to queue
[2026-07-21T07:12:13.211+0000] {logging_mixin.py:190} INFO - [2026-07-21T07:12:13.210+0000] {dagbag.py:588} INFO - Filling up the DagBag from /opt/airflow/dags/my_tasks.py
[2026-07-21T07:12:13.217+0000] {processor.py:925} INFO - DAG(s) 'my_dag' retrieved from /opt/airflow/dags/my_tasks.py
[2026-07-21T07:12:13.233+0000] {logging_mixin.py:190} INFO - [2026-07-21T07:12:13.233+0000] {dag.py:3239} INFO - Sync 1 DAGs
[2026-07-21T07:12:13.249+0000] {logging_mixin.py:190} INFO - [2026-07-21T07:12:13.248+0000] {dag.py:4180} INFO - Setting next_dagrun for my_dag to None, run_after=None
[2026-07-21T07:12:13.261+0000] {processor.py:208} INFO - Processing /opt/airflow/dags/my_tasks.py took 0.060 seconds
[2026-07-21T07:12:43.490+0000] {processor.py:186} INFO - Started process (PID=950) to work on /opt/airflow/dags/my_tasks.py
[2026-07-21T07:12:43.497+0000] {processor.py:914} INFO - Processing file /opt/airflow/dags/my_tasks.py for tasks to queue
[2026-07-21T07:12:43.500+0000] {logging_mixin.py:190} INFO - [2026-07-21T07:12:43.500+0000] {dagbag.py:588} INFO - Filling up the DagBag from /opt/airflow/dags/my_tasks.py
[2026-07-21T07:12:43.507+0000] {processor.py:925} INFO - DAG(s) 'my_dag' retrieved from /opt/airflow/dags/my_tasks.py
[2026-07-21T07:12:43.526+0000] {logging_mixin.py:190} INFO - [2026-07-21T07:12:43.525+0000] {dag.py:3239} INFO - Sync 1 DAGs
[2026-07-21T07:12:43.541+0000] {logging_mixin.py:190} INFO - [2026-07-21T07:12:43.541+0000] {dag.py:4180} INFO - Setting next_dagrun for my_dag to None, run_after=None
[2026-07-21T07:12:43.553+0000] {processor.py:208} INFO - Processing /opt/airflow/dags/my_tasks.py took 0.067 seconds
[2026-07-21T07:13:13.765+0000] {processor.py:186} INFO - Started process (PID=961) to work on /opt/airflow/dags/my_tasks.py
[2026-07-21T07:13:13.773+0000] {processor.py:914} INFO - Processing file /opt/airflow/dags/my_tasks.py for tasks to queue
[2026-07-21T07:13:13.776+0000] {logging_mixin.py:190} INFO - [2026-07-21T07:13:13.776+0000] {dagbag.py:588} INFO - Filling up the DagBag from /opt/airflow/dags/my_tasks.py
[2026-07-21T07:13:13.785+0000] {processor.py:925} INFO - DAG(s) 'my_dag' retrieved from /opt/airflow/dags/my_tasks.py
[2026-07-21T07:13:13.802+0000] {logging_mixin.py:190} INFO - [2026-07-21T07:13:13.801+0000] {dag.py:3239} INFO - Sync 1 DAGs
[2026-07-21T07:13:13.818+0000] {logging_mixin.py:190} INFO - [2026-07-21T07:13:13.817+0000] {dag.py:4180} INFO - Setting next_dagrun for my_dag to None, run_after=None
[2026-07-21T07:13:13.830+0000] {processor.py:208} INFO - Processing /opt/airflow/dags/my_tasks.py took 0.069 seconds
[2026-07-21T07:13:44.031+0000] {processor.py:186} INFO - Started process (PID=972) to work on /opt/airflow/dags/my_tasks.py
[2026-07-21T07:13:44.039+0000] {processor.py:914} INFO - Processing file /opt/airflow/dags/my_tasks.py for tasks to queue
[2026-07-21T07:13:44.041+0000] {logging_mixin.py:190} INFO - [2026-07-21T07:13:44.040+0000] {dagbag.py:588} INFO - Filling up the DagBag from /opt/airflow/dags/my_tasks.py
[2026-07-21T07:13:44.046+0000] {processor.py:925} INFO - DAG(s) 'my_dag' retrieved from /opt/airflow/dags/my_tasks.py
[2026-07-21T07:13:44.063+0000] {logging_mixin.py:190} INFO - [2026-07-21T07:13:44.063+0000] {dag.py:3239} INFO - Sync 1 DAGs
[2026-07-21T07:13:44.080+0000] {logging_mixin.py:190} INFO - [2026-07-21T07:13:44.079+0000] {dag.py:4180} INFO - Setting next_dagrun for my_dag to None, run_after=None
[2026-07-21T07:13:44.092+0000] {processor.py:208} INFO - Processing /opt/airflow/dags/my_tasks.py took 0.066 seconds
[2026-07-21T07:14:14.323+0000] {processor.py:186} INFO - Started process (PID=983) to work on /opt/airflow/dags/my_tasks.py
[2026-07-21T07:14:14.331+0000] {processor.py:914} INFO - Processing file /opt/airflow/dags/my_tasks.py for tasks to queue
[2026-07-21T07:14:14.334+0000] {logging_mixin.py:190} INFO - [2026-07-21T07:14:14.333+0000] {dagbag.py:588} INFO - Filling up the DagBag from /opt/airflow/dags/my_tasks.py
[2026-07-21T07:14:14.341+0000] {processor.py:925} INFO - DAG(s) 'my_dag' retrieved from /opt/airflow/dags/my_tasks.py
[2026-07-21T07:14:14.358+0000] {logging_mixin.py:190} INFO - [2026-07-21T07:14:14.358+0000] {dag.py:3239} INFO - Sync 1 DAGs
[2026-07-21T07:14:14.373+0000] {logging_mixin.py:190} INFO - [2026-07-21T07:14:14.373+0000] {dag.py:4180} INFO - Setting next_dagrun for my_dag to None, run_after=None
[2026-07-21T07:14:14.385+0000] {processor.py:208} INFO - Processing /opt/airflow/dags/my_tasks.py took 0.067 seconds
[2026-07-21T07:14:44.601+0000] {processor.py:186} INFO - Started process (PID=994) to work on /opt/airflow/dags/my_tasks.py
[2026-07-21T07:14:44.602+0000] {processor.py:914} INFO - Processing file /opt/airflow/dags/my_tasks.py for tasks to queue
[2026-07-21T07:14:44.604+0000] {logging_mixin.py:190} INFO - [2026-07-21T07:14:44.603+0000] {dagbag.py:588} INFO - Filling up the DagBag from /opt/airflow/dags/my_tasks.py
[2026-07-21T07:14:44.608+0000] {processor.py:925} INFO - DAG(s) 'my_dag' retrieved from /opt/airflow/dags/my_tasks.py
[2026-07-21T07:14:44.625+0000] {logging_mixin.py:190} INFO - [2026-07-21T07:14:44.625+0000] {dag.py:3239} INFO - Sync 1 DAGs
[2026-07-21T07:14:44.640+0000] {logging_mixin.py:190} INFO - [2026-07-21T07:14:44.640+0000] {dag.py:4180} INFO - Setting next_dagrun for my_dag to None, run_after=None
[2026-07-21T07:14:44.651+0000] {processor.py:208} INFO - Processing /opt/airflow/dags/my_tasks.py took 0.054 seconds
[2026-07-21T07:15:14.863+0000] {processor.py:186} INFO - Started process (PID=1005) to work on /opt/airflow/dags/my_tasks.py
[2026-07-21T07:15:14.863+0000] {processor.py:914} INFO - Processing file /opt/airflow/dags/my_tasks.py for tasks to queue
[2026-07-21T07:15:14.865+0000] {logging_mixin.py:190} INFO - [2026-07-21T07:15:14.865+0000] {dagbag.py:588} INFO - Filling up the DagBag from /opt/airflow/dags/my_tasks.py
[2026-07-21T07:15:14.870+0000] {processor.py:925} INFO - DAG(s) 'my_dag' retrieved from /opt/airflow/dags/my_tasks.py
[2026-07-21T07:15:14.887+0000] {logging_mixin.py:190} INFO - [2026-07-21T07:15:14.886+0000] {dag.py:3239} INFO - Sync 1 DAGs
[2026-07-21T07:15:14.902+0000] {logging_mixin.py:190} INFO - [2026-07-21T07:15:14.901+0000] {dag.py:4180} INFO - Setting next_dagrun for my_dag to None, run_after=None
[2026-07-21T07:15:14.914+0000] {processor.py:208} INFO - Processing /opt/airflow/dags/my_tasks.py took 0.055 seconds
[2026-07-21T07:15:45.144+0000] {processor.py:186} INFO - Started process (PID=1016) to work on /opt/airflow/dags/my_tasks.py
[2026-07-21T07:15:45.152+0000] {processor.py:914} INFO - Processing file /opt/airflow/dags/my_tasks.py for tasks to queue
[2026-07-21T07:15:45.155+0000] {logging_mixin.py:190} INFO - [2026-07-21T07:15:45.154+0000] {dagbag.py:588} INFO - Filling up the DagBag from /opt/airflow/dags/my_tasks.py
[2026-07-21T07:15:45.162+0000] {processor.py:925} INFO - DAG(s) 'my_dag' retrieved from /opt/airflow/dags/my_tasks.py
[2026-07-21T07:15:45.180+0000] {logging_mixin.py:190} INFO - [2026-07-21T07:15:45.180+0000] {dag.py:3239} INFO - Sync 1 DAGs
[2026-07-21T07:15:45.196+0000] {logging_mixin.py:190} INFO - [2026-07-21T07:15:45.196+0000] {dag.py:4180} INFO - Setting next_dagrun for my_dag to None, run_after=None
[2026-07-21T07:15:45.207+0000] {processor.py:208} INFO - Processing /opt/airflow/dags/my_tasks.py took 0.069 seconds
[2026-07-21T07:16:15.393+0000] {processor.py:186} INFO - Started process (PID=1027) to work on /opt/airflow/dags/my_tasks.py
[2026-07-21T07:16:15.401+0000] {processor.py:914} INFO - Processing file /opt/airflow/dags/my_tasks.py for tasks to queue
[2026-07-21T07:16:15.403+0000] {logging_mixin.py:190} INFO - [2026-07-21T07:16:15.403+0000] {dagbag.py:588} INFO - Filling up the DagBag from /opt/airflow/dags/my_tasks.py
[2026-07-21T07:16:15.411+0000] {processor.py:925} INFO - DAG(s) 'my_dag' retrieved from /opt/airflow/dags/my_tasks.py
[2026-07-21T07:16:15.428+0000] {logging_mixin.py:190} INFO - [2026-07-21T07:16:15.428+0000] {dag.py:3239} INFO - Sync 1 DAGs
[2026-07-21T07:16:15.444+0000] {logging_mixin.py:190} INFO - [2026-07-21T07:16:15.444+0000] {dag.py:4180} INFO - Setting next_dagrun for my_dag to None, run_after=None
[2026-07-21T07:16:15.455+0000] {processor.py:208} INFO - Processing /opt/airflow/dags/my_tasks.py took 0.066 seconds
[2026-07-21T07:16:45.655+0000] {processor.py:186} INFO - Started process (PID=1038) to work on /opt/airflow/dags/my_tasks.py
[2026-07-21T07:16:45.663+0000] {processor.py:914} INFO - Processing file /opt/airflow/dags/my_tasks.py for tasks to queue
[2026-07-21T07:16:45.665+0000] {logging_mixin.py:190} INFO - [2026-07-21T07:16:45.665+0000] {dagbag.py:588} INFO - Filling up the DagBag from /opt/airflow/dags/my_tasks.py
[2026-07-21T07:16:45.674+0000] {processor.py:925} INFO - DAG(s) 'my_dag' retrieved from /opt/airflow/dags/my_tasks.py
[2026-07-21T07:16:45.697+0000] {logging_mixin.py:190} INFO - [2026-07-21T07:16:45.697+0000] {dag.py:3239} INFO - Sync 1 DAGs
[2026-07-21T07:16:45.712+0000] {logging_mixin.py:190} INFO - [2026-07-21T07:16:45.712+0000] {dag.py:4180} INFO - Setting next_dagrun for my_dag to None, run_after=None
[2026-07-21T07:16:45.724+0000] {processor.py:208} INFO - Processing /opt/airflow/dags/my_tasks.py took 0.074 seconds
[2026-07-21T07:17:15.917+0000] {processor.py:186} INFO - Started process (PID=1049) to work on /opt/airflow/dags/my_tasks.py
[2026-07-21T07:17:15.925+0000] {processor.py:914} INFO - Processing file /opt/airflow/dags/my_tasks.py for tasks to queue
[2026-07-21T07:17:15.927+0000] {logging_mixin.py:190} INFO - [2026-07-21T07:17:15.926+0000] {dagbag.py:588} INFO - Filling up the DagBag from /opt/airflow/dags/my_tasks.py
[2026-07-21T07:17:15.934+0000] {processor.py:925} INFO - DAG(s) 'my_dag' retrieved from /opt/airflow/dags/my_tasks.py
[2026-07-21T07:17:15.954+0000] {logging_mixin.py:190} INFO - [2026-07-21T07:17:15.953+0000] {dag.py:3239} INFO - Sync 1 DAGs
[2026-07-21T07:17:15.970+0000] {logging_mixin.py:190} INFO - [2026-07-21T07:17:15.970+0000] {dag.py:4180} INFO - Setting next_dagrun for my_dag to None, run_after=None
[2026-07-21T07:17:15.983+0000] {processor.py:208} INFO - Processing /opt/airflow/dags/my_tasks.py took 0.069 seconds
[2026-07-21T07:17:46.198+0000] {processor.py:186} INFO - Started process (PID=1060) to work on /opt/airflow/dags/my_tasks.py
[2026-07-21T07:17:46.206+0000] {processor.py:914} INFO - Processing file /opt/airflow/dags/my_tasks.py for tasks to queue
[2026-07-21T07:17:46.209+0000] {logging_mixin.py:190} INFO - [2026-07-21T07:17:46.208+0000] {dagbag.py:588} INFO - Filling up the DagBag from /opt/airflow/dags/my_tasks.py
[2026-07-21T07:17:46.216+0000] {processor.py:925} INFO - DAG(s) 'my_dag' retrieved from /opt/airflow/dags/my_tasks.py
[2026-07-21T07:17:46.237+0000] {logging_mixin.py:190} INFO - [2026-07-21T07:17:46.236+0000] {dag.py:3239} INFO - Sync 1 DAGs
[2026-07-21T07:17:46.252+0000] {logging_mixin.py:190} INFO - [2026-07-21T07:17:46.252+0000] {dag.py:4180} INFO - Setting next_dagrun for my_dag to None, run_after=None
[2026-07-21T07:17:46.264+0000] {processor.py:208} INFO - Processing /opt/airflow/dags/my_tasks.py took 0.070 seconds
[2026-07-21T07:18:16.479+0000] {processor.py:186} INFO - Started process (PID=1071) to work on /opt/airflow/dags/my_tasks.py
[2026-07-21T07:18:16.485+0000] {processor.py:914} INFO - Processing file /opt/airflow/dags/my_tasks.py for tasks to queue
[2026-07-21T07:18:16.487+0000] {logging_mixin.py:190} INFO - [2026-07-21T07:18:16.487+0000] {dagbag.py:588} INFO - Filling up the DagBag from /opt/airflow/dags/my_tasks.py
[2026-07-21T07:18:16.495+0000] {processor.py:925} INFO - DAG(s) 'my_dag' retrieved from /opt/airflow/dags/my_tasks.py
[2026-07-21T07:18:16.513+0000] {logging_mixin.py:190} INFO - [2026-07-21T07:18:16.513+0000] {dag.py:3239} INFO - Sync 1 DAGs
[2026-07-21T07:18:16.528+0000] {logging_mixin.py:190} INFO - [2026-07-21T07:18:16.528+0000] {dag.py:4180} INFO - Setting next_dagrun for my_dag to None, run_after=None
[2026-07-21T07:18:16.541+0000] {processor.py:208} INFO - Processing /opt/airflow/dags/my_tasks.py took 0.066 seconds
[2026-07-21T07:18:46.736+0000] {processor.py:186} INFO - Started process (PID=1082) to work on /opt/airflow/dags/my_tasks.py
[2026-07-21T07:18:46.737+0000] {processor.py:914} INFO - Processing file /opt/airflow/dags/my_tasks.py for tasks to queue
[2026-07-21T07:18:46.738+0000] {logging_mixin.py:190} INFO - [2026-07-21T07:18:46.738+0000] {dagbag.py:588} INFO - Filling up the DagBag from /opt/airflow/dags/my_tasks.py
[2026-07-21T07:18:46.744+0000] {processor.py:925} INFO - DAG(s) 'my_dag' retrieved from /opt/airflow/dags/my_tasks.py
[2026-07-21T07:18:46.761+0000] {logging_mixin.py:190} INFO - [2026-07-21T07:18:46.761+0000] {dag.py:3239} INFO - Sync 1 DAGs
[2026-07-21T07:18:46.776+0000] {logging_mixin.py:190} INFO - [2026-07-21T07:18:46.776+0000] {dag.py:4180} INFO - Setting next_dagrun for my_dag to None, run_after=None
[2026-07-21T07:18:46.788+0000] {processor.py:208} INFO - Processing /opt/airflow/dags/my_tasks.py took 0.056 seconds
[2026-07-21T07:19:17.009+0000] {processor.py:186} INFO - Started process (PID=1093) to work on /opt/airflow/dags/my_tasks.py
[2026-07-21T07:19:17.009+0000] {processor.py:914} INFO - Processing file /opt/airflow/dags/my_tasks.py for tasks to queue
[2026-07-21T07:19:17.010+0000] {logging_mixin.py:190} INFO - [2026-07-21T07:19:17.010+0000] {dagbag.py:588} INFO - Filling up the DagBag from /opt/airflow/dags/my_tasks.py
[2026-07-21T07:19:17.016+0000] {processor.py:925} INFO - DAG(s) 'my_dag' retrieved from /opt/airflow/dags/my_tasks.py
[2026-07-21T07:19:17.033+0000] {logging_mixin.py:190} INFO - [2026-07-21T07:19:17.033+0000] {dag.py:3239} INFO - Sync 1 DAGs
[2026-07-21T07:19:17.049+0000] {logging_mixin.py:190} INFO - [2026-07-21T07:19:17.049+0000] {dag.py:4180} INFO - Setting next_dagrun for my_dag to None, run_after=None
[2026-07-21T07:19:17.062+0000] {processor.py:208} INFO - Processing /opt/airflow/dags/my_tasks.py took 0.058 seconds
[2026-07-21T07:19:47.298+0000] {processor.py:186} INFO - Started process (PID=1104) to work on /opt/airflow/dags/my_tasks.py
[2026-07-21T07:19:47.306+0000] {processor.py:914} INFO - Processing file /opt/airflow/dags/my_tasks.py for tasks to queue
[2026-07-21T07:19:47.308+0000] {logging_mixin.py:190} INFO - [2026-07-21T07:19:47.308+0000] {dagbag.py:588} INFO - Filling up the DagBag from /opt/airflow/dags/my_tasks.py
[2026-07-21T07:19:47.315+0000] {processor.py:925} INFO - DAG(s) 'my_dag' retrieved from /opt/airflow/dags/my_tasks.py
[2026-07-21T07:19:47.335+0000] {logging_mixin.py:190} INFO - [2026-07-21T07:19:47.335+0000] {dag.py:3239} INFO - Sync 1 DAGs
[2026-07-21T07:19:47.350+0000] {logging_mixin.py:190} INFO - [2026-07-21T07:19:47.350+0000] {dag.py:4180} INFO - Setting next_dagrun for my_dag to None, run_after=None
[2026-07-21T07:19:47.362+0000] {processor.py:208} INFO - Processing /opt/airflow/dags/my_tasks.py took 0.068 seconds
[2026-07-21T07:20:17.582+0000] {processor.py:186} INFO - Started process (PID=1115) to work on /opt/airflow/dags/my_tasks.py
[2026-07-21T07:20:17.582+0000] {processor.py:914} INFO - Processing file /opt/airflow/dags/my_tasks.py for tasks to queue
[2026-07-21T07:20:17.584+0000] {logging_mixin.py:190} INFO - [2026-07-21T07:20:17.584+0000] {dagbag.py:588} INFO - Filling up the DagBag from /opt/airflow/dags/my_tasks.py
[2026-07-21T07:20:17.589+0000] {processor.py:925} INFO - DAG(s) 'my_dag' retrieved from /opt/airflow/dags/my_tasks.py
[2026-07-21T07:20:17.606+0000] {logging_mixin.py:190} INFO - [2026-07-21T07:20:17.606+0000] {dag.py:3239} INFO - Sync 1 DAGs
[2026-07-21T07:20:17.622+0000] {logging_mixin.py:190} INFO - [2026-07-21T07:20:17.622+0000] {dag.py:4180} INFO - Setting next_dagrun for my_dag to None, run_after=None
[2026-07-21T07:20:17.634+0000] {processor.py:208} INFO - Processing /opt/airflow/dags/my_tasks.py took 0.058 seconds
[2026-07-21T07:20:47.848+0000] {processor.py:186} INFO - Started process (PID=1126) to work on /opt/airflow/dags/my_tasks.py
[2026-07-21T07:20:47.849+0000] {processor.py:914} INFO - Processing file /opt/airflow/dags/my_tasks.py for tasks to queue
[2026-07-21T07:20:47.850+0000] {logging_mixin.py:190} INFO - [2026-07-21T07:20:47.850+0000] {dagbag.py:588} INFO - Filling up the DagBag from /opt/airflow/dags/my_tasks.py
[2026-07-21T07:20:47.855+0000] {processor.py:925} INFO - DAG(s) 'my_dag' retrieved from /opt/airflow/dags/my_tasks.py
[2026-07-21T07:20:47.872+0000] {logging_mixin.py:190} INFO - [2026-07-21T07:20:47.872+0000] {dag.py:3239} INFO - Sync 1 DAGs
[2026-07-21T07:20:47.887+0000] {logging_mixin.py:190} INFO - [2026-07-21T07:20:47.887+0000] {dag.py:4180} INFO - Setting next_dagrun for my_dag to None, run_after=None
[2026-07-21T07:20:47.901+0000] {processor.py:208} INFO - Processing /opt/airflow/dags/my_tasks.py took 0.056 seconds
[2026-07-21T07:21:18.102+0000] {processor.py:186} INFO - Started process (PID=1137) to work on /opt/airflow/dags/my_tasks.py
[2026-07-21T07:21:18.103+0000] {processor.py:914} INFO - Processing file /opt/airflow/dags/my_tasks.py for tasks to queue
[2026-07-21T07:21:18.104+0000] {logging_mixin.py:190} INFO - [2026-07-21T07:21:18.104+0000] {dagbag.py:588} INFO - Filling up the DagBag from /opt/airflow/dags/my_tasks.py
[2026-07-21T07:21:18.110+0000] {processor.py:925} INFO - DAG(s) 'my_dag' retrieved from /opt/airflow/dags/my_tasks.py
[2026-07-21T07:21:18.127+0000] {logging_mixin.py:190} INFO - [2026-07-21T07:21:18.126+0000] {dag.py:3239} INFO - Sync 1 DAGs
[2026-07-21T07:21:18.142+0000] {logging_mixin.py:190} INFO - [2026-07-21T07:21:18.142+0000] {dag.py:4180} INFO - Setting next_dagrun for my_dag to None, run_after=None
[2026-07-21T07:21:18.154+0000] {processor.py:208} INFO - Processing /opt/airflow/dags/my_tasks.py took 0.056 seconds
[2026-07-21T07:21:48.378+0000] {processor.py:186} INFO - Started process (PID=1148) to work on /opt/airflow/dags/my_tasks.py
[2026-07-21T07:21:48.386+0000] {processor.py:914} INFO - Processing file /opt/airflow/dags/my_tasks.py for tasks to queue
[2026-07-21T07:21:48.389+0000] {logging_mixin.py:190} INFO - [2026-07-21T07:21:48.389+0000] {dagbag.py:588} INFO - Filling up the DagBag from /opt/airflow/dags/my_tasks.py
[2026-07-21T07:21:48.397+0000] {processor.py:925} INFO - DAG(s) 'my_dag' retrieved from /opt/airflow/dags/my_tasks.py
[2026-07-21T07:21:48.419+0000] {logging_mixin.py:190} INFO - [2026-07-21T07:21:48.418+0000] {dag.py:3239} INFO - Sync 1 DAGs
[2026-07-21T07:21:48.435+0000] {logging_mixin.py:190} INFO - [2026-07-21T07:21:48.434+0000] {dag.py:4180} INFO - Setting next_dagrun for my_dag to None, run_after=None
[2026-07-21T07:21:48.447+0000] {processor.py:208} INFO - Processing /opt/airflow/dags/my_tasks.py took 0.073 seconds
[2026-07-21T07:22:18.634+0000] {processor.py:186} INFO - Started process (PID=1159) to work on /opt/airflow/dags/my_tasks.py
[2026-07-21T07:22:18.635+0000] {processor.py:914} INFO - Processing file /opt/airflow/dags/my_tasks.py for tasks to queue
[2026-07-21T07:22:18.636+0000] {logging_mixin.py:190} INFO - [2026-07-21T07:22:18.636+0000] {dagbag.py:588} INFO - Filling up the DagBag from /opt/airflow/dags/my_tasks.py
[2026-07-21T07:22:18.642+0000] {processor.py:925} INFO - DAG(s) 'my_dag' retrieved from /opt/airflow/dags/my_tasks.py
[2026-07-21T07:22:18.659+0000] {logging_mixin.py:190} INFO - [2026-07-21T07:22:18.659+0000] {dag.py:3239} INFO - Sync 1 DAGs
[2026-07-21T07:22:18.674+0000] {logging_mixin.py:190} INFO - [2026-07-21T07:22:18.674+0000] {dag.py:4180} INFO - Setting next_dagrun for my_dag to None, run_after=None
[2026-07-21T07:22:18.686+0000] {processor.py:208} INFO - Processing /opt/airflow/dags/my_tasks.py took 0.057 seconds
[2026-07-21T07:22:48.900+0000] {processor.py:186} INFO - Started process (PID=1170) to work on /opt/airflow/dags/my_tasks.py
[2026-07-21T07:22:48.905+0000] {processor.py:914} INFO - Processing file /opt/airflow/dags/my_tasks.py for tasks to queue
[2026-07-21T07:22:48.907+0000] {logging_mixin.py:190} INFO - [2026-07-21T07:22:48.907+0000] {dagbag.py:588} INFO - Filling up the DagBag from /opt/airflow/dags/my_tasks.py
[2026-07-21T07:22:48.915+0000] {processor.py:925} INFO - DAG(s) 'my_dag' retrieved from /opt/airflow/dags/my_tasks.py
[2026-07-21T07:22:48.933+0000] {logging_mixin.py:190} INFO - [2026-07-21T07:22:48.933+0000] {dag.py:3239} INFO - Sync 1 DAGs
[2026-07-21T07:22:48.950+0000] {logging_mixin.py:190} INFO - [2026-07-21T07:22:48.950+0000] {dag.py:4180} INFO - Setting next_dagrun for my_dag to None, run_after=None
[2026-07-21T07:22:48.963+0000] {processor.py:208} INFO - Processing /opt/airflow/dags/my_tasks.py took 0.067 seconds
[2026-07-21T07:23:19.185+0000] {processor.py:186} INFO - Started process (PID=1181) to work on /opt/airflow/dags/my_tasks.py
[2026-07-21T07:23:19.189+0000] {processor.py:914} INFO - Processing file /opt/airflow/dags/my_tasks.py for tasks to queue
[2026-07-21T07:23:19.190+0000] {logging_mixin.py:190} INFO - [2026-07-21T07:23:19.190+0000] {dagbag.py:588} INFO - Filling up the DagBag from /opt/airflow/dags/my_tasks.py
[2026-07-21T07:23:19.197+0000] {processor.py:925} INFO - DAG(s) 'my_dag' retrieved from /opt/airflow/dags/my_tasks.py
[2026-07-21T07:23:19.216+0000] {logging_mixin.py:190} INFO - [2026-07-21T07:23:19.216+0000] {dag.py:3239} INFO - Sync 1 DAGs
[2026-07-21T07:23:19.231+0000] {logging_mixin.py:190} INFO - [2026-07-21T07:23:19.231+0000] {dag.py:4180} INFO - Setting next_dagrun for my_dag to None, run_after=None
[2026-07-21T07:23:19.243+0000] {processor.py:208} INFO - Processing /opt/airflow/dags/my_tasks.py took 0.063 seconds
[2026-07-21T07:23:49.464+0000] {processor.py:186} INFO - Started process (PID=1192) to work on /opt/airflow/dags/my_tasks.py
[2026-07-21T07:23:49.465+0000] {processor.py:914} INFO - Processing file /opt/airflow/dags/my_tasks.py for tasks to queue
[2026-07-21T07:23:49.467+0000] {logging_mixin.py:190} INFO - [2026-07-21T07:23:49.467+0000] {dagbag.py:588} INFO - Filling up the DagBag from /opt/airflow/dags/my_tasks.py
[2026-07-21T07:23:49.472+0000] {processor.py:925} INFO - DAG(s) 'my_dag' retrieved from /opt/airflow/dags/my_tasks.py
[2026-07-21T07:23:49.491+0000] {logging_mixin.py:190} INFO - [2026-07-21T07:23:49.491+0000] {dag.py:3239} INFO - Sync 1 DAGs
[2026-07-21T07:23:49.507+0000] {logging_mixin.py:190} INFO - [2026-07-21T07:23:49.506+0000] {dag.py:4180} INFO - Setting next_dagrun for my_dag to None, run_after=None
[2026-07-21T07:23:49.519+0000] {processor.py:208} INFO - Processing /opt/airflow/dags/my_tasks.py took 0.058 seconds
[2026-07-21T07:24:19.750+0000] {processor.py:186} INFO - Started process (PID=1203) to work on /opt/airflow/dags/my_tasks.py
[2026-07-21T07:24:19.758+0000] {processor.py:914} INFO - Processing file /opt/airflow/dags/my_tasks.py for tasks to queue
[2026-07-21T07:24:19.762+0000] {logging_mixin.py:190} INFO - [2026-07-21T07:24:19.761+0000] {dagbag.py:588} INFO - Filling up the DagBag from /opt/airflow/dags/my_tasks.py
[2026-07-21T07:24:19.770+0000] {processor.py:925} INFO - DAG(s) 'my_dag' retrieved from /opt/airflow/dags/my_tasks.py
[2026-07-21T07:24:19.787+0000] {logging_mixin.py:190} INFO - [2026-07-21T07:24:19.787+0000] {dag.py:3239} INFO - Sync 1 DAGs
[2026-07-21T07:24:19.803+0000] {logging_mixin.py:190} INFO - [2026-07-21T07:24:19.803+0000] {dag.py:4180} INFO - Setting next_dagrun for my_dag to None, run_after=None
[2026-07-21T07:24:19.815+0000] {processor.py:208} INFO - Processing /opt/airflow/dags/my_tasks.py took 0.069 seconds
[2026-07-21T07:24:50.045+0000] {processor.py:186} INFO - Started process (PID=1214) to work on /opt/airflow/dags/my_tasks.py
[2026-07-21T07:24:50.053+0000] {processor.py:914} INFO - Processing file /opt/airflow/dags/my_tasks.py for tasks to queue
[2026-07-21T07:24:50.055+0000] {logging_mixin.py:190} INFO - [2026-07-21T07:24:50.055+0000] {dagbag.py:588} INFO - Filling up the DagBag from /opt/airflow/dags/my_tasks.py
[2026-07-21T07:24:50.061+0000] {processor.py:925} INFO - DAG(s) 'my_dag' retrieved from /opt/airflow/dags/my_tasks.py
[2026-07-21T07:24:50.077+0000] {logging_mixin.py:190} INFO - [2026-07-21T07:24:50.077+0000] {dag.py:3239} INFO - Sync 1 DAGs
[2026-07-21T07:24:50.094+0000] {logging_mixin.py:190} INFO - [2026-07-21T07:24:50.094+0000] {dag.py:4180} INFO - Setting next_dagrun for my_dag to None, run_after=None
[2026-07-21T07:24:50.112+0000] {processor.py:208} INFO - Processing /opt/airflow/dags/my_tasks.py took 0.073 seconds
[2026-07-21T07:25:20.316+0000] {processor.py:186} INFO - Started process (PID=1225) to work on /opt/airflow/dags/my_tasks.py
[2026-07-21T07:25:20.324+0000] {processor.py:914} INFO - Processing file /opt/airflow/dags/my_tasks.py for tasks to queue
[2026-07-21T07:25:20.326+0000] {logging_mixin.py:190} INFO - [2026-07-21T07:25:20.326+0000] {dagbag.py:588} INFO - Filling up the DagBag from /opt/airflow/dags/my_tasks.py
[2026-07-21T07:25:20.335+0000] {processor.py:925} INFO - DAG(s) 'my_dag' retrieved from /opt/airflow/dags/my_tasks.py
[2026-07-21T07:25:20.358+0000] {logging_mixin.py:190} INFO - [2026-07-21T07:25:20.357+0000] {dag.py:3239} INFO - Sync 1 DAGs
[2026-07-21T07:25:20.374+0000] {logging_mixin.py:190} INFO - [2026-07-21T07:25:20.373+0000] {dag.py:4180} INFO - Setting next_dagrun for my_dag to None, run_after=None
[2026-07-21T07:25:20.385+0000] {processor.py:208} INFO - Processing /opt/airflow/dags/my_tasks.py took 0.073 seconds
[2026-07-21T07:25:50.559+0000] {processor.py:186} INFO - Started process (PID=1236) to work on /opt/airflow/dags/my_tasks.py
[2026-07-21T07:25:50.567+0000] {processor.py:914} INFO - Processing file /opt/airflow/dags/my_tasks.py for tasks to queue
[2026-07-21T07:25:50.570+0000] {logging_mixin.py:190} INFO - [2026-07-21T07:25:50.569+0000] {dagbag.py:588} INFO - Filling up the DagBag from /opt/airflow/dags/my_tasks.py
[2026-07-21T07:25:50.577+0000] {processor.py:925} INFO - DAG(s) 'my_dag' retrieved from /opt/airflow/dags/my_tasks.py
[2026-07-21T07:25:50.594+0000] {logging_mixin.py:190} INFO - [2026-07-21T07:25:50.594+0000] {dag.py:3239} INFO - Sync 1 DAGs
[2026-07-21T07:25:50.610+0000] {logging_mixin.py:190} INFO - [2026-07-21T07:25:50.610+0000] {dag.py:4180} INFO - Setting next_dagrun for my_dag to None, run_after=None
[2026-07-21T07:25:50.623+0000] {processor.py:208} INFO - Processing /opt/airflow/dags/my_tasks.py took 0.068 seconds
[2026-07-21T07:26:20.816+0000] {processor.py:186} INFO - Started process (PID=1247) to work on /opt/airflow/dags/my_tasks.py
[2026-07-21T07:26:20.824+0000] {processor.py:914} INFO - Processing file /opt/airflow/dags/my_tasks.py for tasks to queue
[2026-07-21T07:26:20.826+0000] {logging_mixin.py:190} INFO - [2026-07-21T07:26:20.826+0000] {dagbag.py:588} INFO - Filling up the DagBag from /opt/airflow/dags/my_tasks.py
[2026-07-21T07:26:20.835+0000] {processor.py:925} INFO - DAG(s) 'my_dag' retrieved from /opt/airflow/dags/my_tasks.py
[2026-07-21T07:26:20.852+0000] {logging_mixin.py:190} INFO - [2026-07-21T07:26:20.852+0000] {dag.py:3239} INFO - Sync 1 DAGs
[2026-07-21T07:26:20.869+0000] {logging_mixin.py:190} INFO - [2026-07-21T07:26:20.869+0000] {dag.py:4180} INFO - Setting next_dagrun for my_dag to None, run_after=None
[2026-07-21T07:26:20.881+0000] {processor.py:208} INFO - Processing /opt/airflow/dags/my_tasks.py took 0.069 seconds
[2026-07-21T07:26:51.096+0000] {processor.py:186} INFO - Started process (PID=1258) to work on /opt/airflow/dags/my_tasks.py
[2026-07-21T07:26:51.104+0000] {processor.py:914} INFO - Processing file /opt/airflow/dags/my_tasks.py for tasks to queue
[2026-07-21T07:26:51.105+0000] {logging_mixin.py:190} INFO - [2026-07-21T07:26:51.105+0000] {dagbag.py:588} INFO - Filling up the DagBag from /opt/airflow/dags/my_tasks.py
[2026-07-21T07:26:51.114+0000] {processor.py:925} INFO - DAG(s) 'my_dag' retrieved from /opt/airflow/dags/my_tasks.py
[2026-07-21T07:26:51.137+0000] {logging_mixin.py:190} INFO - [2026-07-21T07:26:51.137+0000] {dag.py:3239} INFO - Sync 1 DAGs
[2026-07-21T07:26:51.153+0000] {logging_mixin.py:190} INFO - [2026-07-21T07:26:51.152+0000] {dag.py:4180} INFO - Setting next_dagrun for my_dag to None, run_after=None
[2026-07-21T07:26:51.165+0000] {processor.py:208} INFO - Processing /opt/airflow/dags/my_tasks.py took 0.073 seconds
[2026-07-21T07:27:21.346+0000] {processor.py:186} INFO - Started process (PID=1269) to work on /opt/airflow/dags/my_tasks.py
[2026-07-21T07:27:21.347+0000] {processor.py:914} INFO - Processing file /opt/airflow/dags/my_tasks.py for tasks to queue
[2026-07-21T07:27:21.349+0000] {logging_mixin.py:190} INFO - [2026-07-21T07:27:21.348+0000] {dagbag.py:588} INFO - Filling up the DagBag from /opt/airflow/dags/my_tasks.py
[2026-07-21T07:27:21.354+0000] {processor.py:925} INFO - DAG(s) 'my_dag' retrieved from /opt/airflow/dags/my_tasks.py
[2026-07-21T07:27:21.371+0000] {logging_mixin.py:190} INFO - [2026-07-21T07:27:21.370+0000] {dag.py:3239} INFO - Sync 1 DAGs
[2026-07-21T07:27:21.386+0000] {logging_mixin.py:190} INFO - [2026-07-21T07:27:21.386+0000] {dag.py:4180} INFO - Setting next_dagrun for my_dag to None, run_after=None
[2026-07-21T07:27:21.398+0000] {processor.py:208} INFO - Processing /opt/airflow/dags/my_tasks.py took 0.056 seconds
[2026-07-21T07:27:51.628+0000] {processor.py:186} INFO - Started process (PID=1280) to work on /opt/airflow/dags/my_tasks.py
[2026-07-21T07:27:51.629+0000] {processor.py:914} INFO - Processing file /opt/airflow/dags/my_tasks.py for tasks to queue
[2026-07-21T07:27:51.630+0000] {logging_mixin.py:190} INFO - [2026-07-21T07:27:51.630+0000] {dagbag.py:588} INFO - Filling up the DagBag from /opt/airflow/dags/my_tasks.py
[2026-07-21T07:27:51.635+0000] {processor.py:925} INFO - DAG(s) 'my_dag' retrieved from /opt/airflow/dags/my_tasks.py
[2026-07-21T07:27:51.654+0000] {logging_mixin.py:190} INFO - [2026-07-21T07:27:51.654+0000] {dag.py:3239} INFO - Sync 1 DAGs
[2026-07-21T07:27:51.671+0000] {logging_mixin.py:190} INFO - [2026-07-21T07:27:51.671+0000] {dag.py:4180} INFO - Setting next_dagrun for my_dag to None, run_after=None
[2026-07-21T07:27:51.684+0000] {processor.py:208} INFO - Processing /opt/airflow/dags/my_tasks.py took 0.060 seconds
[2026-07-21T07:28:21.875+0000] {processor.py:186} INFO - Started process (PID=1291) to work on /opt/airflow/dags/my_tasks.py
[2026-07-21T07:28:21.883+0000] {processor.py:914} INFO - Processing file /opt/airflow/dags/my_tasks.py for tasks to queue
[2026-07-21T07:28:21.885+0000] {logging_mixin.py:190} INFO - [2026-07-21T07:28:21.884+0000] {dagbag.py:588} INFO - Filling up the DagBag from /opt/airflow/dags/my_tasks.py
[2026-07-21T07:28:21.890+0000] {processor.py:925} INFO - DAG(s) 'my_dag' retrieved from /opt/airflow/dags/my_tasks.py
[2026-07-21T07:28:21.908+0000] {logging_mixin.py:190} INFO - [2026-07-21T07:28:21.908+0000] {dag.py:3239} INFO - Sync 1 DAGs
[2026-07-21T07:28:21.924+0000] {logging_mixin.py:190} INFO - [2026-07-21T07:28:21.924+0000] {dag.py:4180} INFO - Setting next_dagrun for my_dag to None, run_after=None
[2026-07-21T07:28:21.936+0000] {processor.py:208} INFO - Processing /opt/airflow/dags/my_tasks.py took 0.065 seconds
[2026-07-21T07:28:52.136+0000] {processor.py:186} INFO - Started process (PID=1302) to work on /opt/airflow/dags/my_tasks.py
[2026-07-21T07:28:52.144+0000] {processor.py:914} INFO - Processing file /opt/airflow/dags/my_tasks.py for tasks to queue
[2026-07-21T07:28:52.147+0000] {logging_mixin.py:190} INFO - [2026-07-21T07:28:52.146+0000] {dagbag.py:588} INFO - Filling up the DagBag from /opt/airflow/dags/my_tasks.py
[2026-07-21T07:28:52.155+0000] {processor.py:925} INFO - DAG(s) 'my_dag' retrieved from /opt/airflow/dags/my_tasks.py
[2026-07-21T07:28:52.172+0000] {logging_mixin.py:190} INFO - [2026-07-21T07:28:52.172+0000] {dag.py:3239} INFO - Sync 1 DAGs
[2026-07-21T07:28:52.187+0000] {logging_mixin.py:190} INFO - [2026-07-21T07:28:52.187+0000] {dag.py:4180} INFO - Setting next_dagrun for my_dag to None, run_after=None
[2026-07-21T07:28:52.199+0000] {processor.py:208} INFO - Processing /opt/airflow/dags/my_tasks.py took 0.067 seconds
[2026-07-21T07:29:22.421+0000] {processor.py:186} INFO - Started process (PID=1313) to work on /opt/airflow/dags/my_tasks.py
[2026-07-21T07:29:22.429+0000] {processor.py:914} INFO - Processing file /opt/airflow/dags/my_tasks.py for tasks to queue
[2026-07-21T07:29:22.431+0000] {logging_mixin.py:190} INFO - [2026-07-21T07:29:22.431+0000] {dagbag.py:588} INFO - Filling up the DagBag from /opt/airflow/dags/my_tasks.py
[2026-07-21T07:29:22.439+0000] {processor.py:925} INFO - DAG(s) 'my_dag' retrieved from /opt/airflow/dags/my_tasks.py
[2026-07-21T07:29:22.455+0000] {logging_mixin.py:190} INFO - [2026-07-21T07:29:22.455+0000] {dag.py:3239} INFO - Sync 1 DAGs
[2026-07-21T07:29:22.471+0000] {logging_mixin.py:190} INFO - [2026-07-21T07:29:22.470+0000] {dag.py:4180} INFO - Setting next_dagrun for my_dag to None, run_after=None
[2026-07-21T07:29:22.483+0000] {processor.py:208} INFO - Processing /opt/airflow/dags/my_tasks.py took 0.066 seconds
[2026-07-21T07:29:52.689+0000] {processor.py:186} INFO - Started process (PID=1324) to work on /opt/airflow/dags/my_tasks.py
[2026-07-21T07:29:52.689+0000] {processor.py:914} INFO - Processing file /opt/airflow/dags/my_tasks.py for tasks to queue
[2026-07-21T07:29:52.691+0000] {logging_mixin.py:190} INFO - [2026-07-21T07:29:52.691+0000] {dagbag.py:588} INFO - Filling up the DagBag from /opt/airflow/dags/my_tasks.py
[2026-07-21T07:29:52.697+0000] {processor.py:925} INFO - DAG(s) 'my_dag' retrieved from /opt/airflow/dags/my_tasks.py
[2026-07-21T07:29:52.713+0000] {logging_mixin.py:190} INFO - [2026-07-21T07:29:52.713+0000] {dag.py:3239} INFO - Sync 1 DAGs
[2026-07-21T07:29:52.728+0000] {logging_mixin.py:190} INFO - [2026-07-21T07:29:52.728+0000] {dag.py:4180} INFO - Setting next_dagrun for my_dag to None, run_after=None
[2026-07-21T07:29:52.742+0000] {processor.py:208} INFO - Processing /opt/airflow/dags/my_tasks.py took 0.056 seconds
[2026-07-21T07:30:22.970+0000] {processor.py:186} INFO - Started process (PID=1335) to work on /opt/airflow/dags/my_tasks.py
[2026-07-21T07:30:22.978+0000] {processor.py:914} INFO - Processing file /opt/airflow/dags/my_tasks.py for tasks to queue
[2026-07-21T07:30:22.980+0000] {logging_mixin.py:190} INFO - [2026-07-21T07:30:22.980+0000] {dagbag.py:588} INFO - Filling up the DagBag from /opt/airflow/dags/my_tasks.py
[2026-07-21T07:30:22.989+0000] {processor.py:925} INFO - DAG(s) 'my_dag' retrieved from /opt/airflow/dags/my_tasks.py
[2026-07-21T07:30:23.006+0000] {logging_mixin.py:190} INFO - [2026-07-21T07:30:23.006+0000] {dag.py:3239} INFO - Sync 1 DAGs
[2026-07-21T07:30:23.022+0000] {logging_mixin.py:190} INFO - [2026-07-21T07:30:23.022+0000] {dag.py:4180} INFO - Setting next_dagrun for my_dag to None, run_after=None
[2026-07-21T07:30:23.035+0000] {processor.py:208} INFO - Processing /opt/airflow/dags/my_tasks.py took 0.069 seconds
[2026-07-21T07:30:53.255+0000] {processor.py:186} INFO - Started process (PID=1346) to work on /opt/airflow/dags/my_tasks.py
[2026-07-21T07:30:53.256+0000] {processor.py:914} INFO - Processing file /opt/airflow/dags/my_tasks.py for tasks to queue
[2026-07-21T07:30:53.257+0000] {logging_mixin.py:190} INFO - [2026-07-21T07:30:53.257+0000] {dagbag.py:588} INFO - Filling up the DagBag from /opt/airflow/dags/my_tasks.py
[2026-07-21T07:30:53.262+0000] {processor.py:925} INFO - DAG(s) 'my_dag' retrieved from /opt/airflow/dags/my_tasks.py
[2026-07-21T07:30:53.280+0000] {logging_mixin.py:190} INFO - [2026-07-21T07:30:53.279+0000] {dag.py:3239} INFO - Sync 1 DAGs
[2026-07-21T07:30:53.295+0000] {logging_mixin.py:190} INFO - [2026-07-21T07:30:53.295+0000] {dag.py:4180} INFO - Setting next_dagrun for my_dag to None, run_after=None
[2026-07-21T07:30:53.307+0000] {processor.py:208} INFO - Processing /opt/airflow/dags/my_tasks.py took 0.056 seconds
[2026-07-21T07:31:23.524+0000] {processor.py:186} INFO - Started process (PID=1357) to work on /opt/airflow/dags/my_tasks.py
[2026-07-21T07:31:23.524+0000] {processor.py:914} INFO - Processing file /opt/airflow/dags/my_tasks.py for tasks to queue
[2026-07-21T07:31:23.526+0000] {logging_mixin.py:190} INFO - [2026-07-21T07:31:23.526+0000] {dagbag.py:588} INFO - Filling up the DagBag from /opt/airflow/dags/my_tasks.py
[2026-07-21T07:31:23.531+0000] {processor.py:925} INFO - DAG(s) 'my_dag' retrieved from /opt/airflow/dags/my_tasks.py
[2026-07-21T07:31:23.548+0000] {logging_mixin.py:190} INFO - [2026-07-21T07:31:23.548+0000] {dag.py:3239} INFO - Sync 1 DAGs
[2026-07-21T07:31:23.563+0000] {logging_mixin.py:190} INFO - [2026-07-21T07:31:23.563+0000] {dag.py:4180} INFO - Setting next_dagrun for my_dag to None, run_after=None
[2026-07-21T07:31:23.574+0000] {processor.py:208} INFO - Processing /opt/airflow/dags/my_tasks.py took 0.054 seconds
[2026-07-21T07:31:53.777+0000] {processor.py:186} INFO - Started process (PID=1368) to work on /opt/airflow/dags/my_tasks.py
[2026-07-21T07:31:53.777+0000] {processor.py:914} INFO - Processing file /opt/airflow/dags/my_tasks.py for tasks to queue
[2026-07-21T07:31:53.778+0000] {logging_mixin.py:190} INFO - [2026-07-21T07:31:53.778+0000] {dagbag.py:588} INFO - Filling up the DagBag from /opt/airflow/dags/my_tasks.py
[2026-07-21T07:31:53.784+0000] {processor.py:925} INFO - DAG(s) 'my_dag' retrieved from /opt/airflow/dags/my_tasks.py
[2026-07-21T07:31:53.801+0000] {logging_mixin.py:190} INFO - [2026-07-21T07:31:53.801+0000] {dag.py:3239} INFO - Sync 1 DAGs
[2026-07-21T07:31:53.816+0000] {logging_mixin.py:190} INFO - [2026-07-21T07:31:53.816+0000] {dag.py:4180} INFO - Setting next_dagrun for my_dag to None, run_after=None
[2026-07-21T07:31:53.829+0000] {processor.py:208} INFO - Processing /opt/airflow/dags/my_tasks.py took 0.056 seconds
[2026-07-21T07:32:24.060+0000] {processor.py:186} INFO - Started process (PID=1379) to work on /opt/airflow/dags/my_tasks.py
[2026-07-21T07:32:24.068+0000] {processor.py:914} INFO - Processing file /opt/airflow/dags/my_tasks.py for tasks to queue
[2026-07-21T07:32:24.070+0000] {logging_mixin.py:190} INFO - [2026-07-21T07:32:24.070+0000] {dagbag.py:588} INFO - Filling up the DagBag from /opt/airflow/dags/my_tasks.py
[2026-07-21T07:32:24.077+0000] {processor.py:925} INFO - DAG(s) 'my_dag' retrieved from /opt/airflow/dags/my_tasks.py
[2026-07-21T07:32:24.093+0000] {logging_mixin.py:190} INFO - [2026-07-21T07:32:24.093+0000] {dag.py:3239} INFO - Sync 1 DAGs
[2026-07-21T07:32:24.109+0000] {logging_mixin.py:190} INFO - [2026-07-21T07:32:24.108+0000] {dag.py:4180} INFO - Setting next_dagrun for my_dag to None, run_after=None
[2026-07-21T07:32:24.121+0000] {processor.py:208} INFO - Processing /opt/airflow/dags/my_tasks.py took 0.065 seconds
[2026-07-21T07:32:54.335+0000] {processor.py:186} INFO - Started process (PID=1390) to work on /opt/airflow/dags/my_tasks.py
[2026-07-21T07:32:54.339+0000] {processor.py:914} INFO - Processing file /opt/airflow/dags/my_tasks.py for tasks to queue
[2026-07-21T07:32:54.342+0000] {logging_mixin.py:190} INFO - [2026-07-21T07:32:54.341+0000] {dagbag.py:588} INFO - Filling up the DagBag from /opt/airflow/dags/my_tasks.py
[2026-07-21T07:32:54.347+0000] {processor.py:925} INFO - DAG(s) 'my_dag' retrieved from /opt/airflow/dags/my_tasks.py
[2026-07-21T07:32:54.364+0000] {logging_mixin.py:190} INFO - [2026-07-21T07:32:54.364+0000] {dag.py:3239} INFO - Sync 1 DAGs
[2026-07-21T07:32:54.380+0000] {logging_mixin.py:190} INFO - [2026-07-21T07:32:54.379+0000] {dag.py:4180} INFO - Setting next_dagrun for my_dag to None, run_after=None
[2026-07-21T07:32:54.391+0000] {processor.py:208} INFO - Processing /opt/airflow/dags/my_tasks.py took 0.060 seconds
[2026-07-21T07:33:24.616+0000] {processor.py:186} INFO - Started process (PID=1401) to work on /opt/airflow/dags/my_tasks.py
[2026-07-21T07:33:24.624+0000] {processor.py:914} INFO - Processing file /opt/airflow/dags/my_tasks.py for tasks to queue
[2026-07-21T07:33:24.628+0000] {logging_mixin.py:190} INFO - [2026-07-21T07:33:24.627+0000] {dagbag.py:588} INFO - Filling up the DagBag from /opt/airflow/dags/my_tasks.py
[2026-07-21T07:33:24.636+0000] {processor.py:925} INFO - DAG(s) 'my_dag' retrieved from /opt/airflow/dags/my_tasks.py
[2026-07-21T07:33:24.658+0000] {logging_mixin.py:190} INFO - [2026-07-21T07:33:24.658+0000] {dag.py:3239} INFO - Sync 1 DAGs
[2026-07-21T07:33:24.674+0000] {logging_mixin.py:190} INFO - [2026-07-21T07:33:24.674+0000] {dag.py:4180} INFO - Setting next_dagrun for my_dag to None, run_after=None
[2026-07-21T07:33:24.686+0000] {processor.py:208} INFO - Processing /opt/airflow/dags/my_tasks.py took 0.076 seconds
[2026-07-21T07:33:54.900+0000] {processor.py:186} INFO - Started process (PID=1412) to work on /opt/airflow/dags/my_tasks.py
[2026-07-21T07:33:54.908+0000] {processor.py:914} INFO - Processing file /opt/airflow/dags/my_tasks.py for tasks to queue
[2026-07-21T07:33:54.911+0000] {logging_mixin.py:190} INFO - [2026-07-21T07:33:54.910+0000] {dagbag.py:588} INFO - Filling up the DagBag from /opt/airflow/dags/my_tasks.py
[2026-07-21T07:33:54.918+0000] {processor.py:925} INFO - DAG(s) 'my_dag' retrieved from /opt/airflow/dags/my_tasks.py
[2026-07-21T07:33:54.940+0000] {logging_mixin.py:190} INFO - [2026-07-21T07:33:54.939+0000] {dag.py:3239} INFO - Sync 1 DAGs
[2026-07-21T07:33:54.956+0000] {logging_mixin.py:190} INFO - [2026-07-21T07:33:54.956+0000] {dag.py:4180} INFO - Setting next_dagrun for my_dag to None, run_after=None
[2026-07-21T07:33:54.969+0000] {processor.py:208} INFO - Processing /opt/airflow/dags/my_tasks.py took 0.073 seconds
[2026-07-21T07:34:25.145+0000] {processor.py:186} INFO - Started process (PID=1423) to work on /opt/airflow/dags/my_tasks.py
[2026-07-21T07:34:25.152+0000] {processor.py:914} INFO - Processing file /opt/airflow/dags/my_tasks.py for tasks to queue
[2026-07-21T07:34:25.155+0000] {logging_mixin.py:190} INFO - [2026-07-21T07:34:25.154+0000] {dagbag.py:588} INFO - Filling up the DagBag from /opt/airflow/dags/my_tasks.py
[2026-07-21T07:34:25.161+0000] {processor.py:925} INFO - DAG(s) 'my_dag' retrieved from /opt/airflow/dags/my_tasks.py
[2026-07-21T07:34:25.180+0000] {logging_mixin.py:190} INFO - [2026-07-21T07:34:25.180+0000] {dag.py:3239} INFO - Sync 1 DAGs
[2026-07-21T07:34:25.195+0000] {logging_mixin.py:190} INFO - [2026-07-21T07:34:25.195+0000] {dag.py:4180} INFO - Setting next_dagrun for my_dag to None, run_after=None
[2026-07-21T07:34:25.207+0000] {processor.py:208} INFO - Processing /opt/airflow/dags/my_tasks.py took 0.066 seconds
[2026-07-21T07:34:55.421+0000] {processor.py:186} INFO - Started process (PID=1434) to work on /opt/airflow/dags/my_tasks.py
[2026-07-21T07:34:55.422+0000] {processor.py:914} INFO - Processing file /opt/airflow/dags/my_tasks.py for tasks to queue
[2026-07-21T07:34:55.423+0000] {logging_mixin.py:190} INFO - [2026-07-21T07:34:55.423+0000] {dagbag.py:588} INFO - Filling up the DagBag from /opt/airflow/dags/my_tasks.py
[2026-07-21T07:34:55.428+0000] {processor.py:925} INFO - DAG(s) 'my_dag' retrieved from /opt/airflow/dags/my_tasks.py
[2026-07-21T07:34:55.444+0000] {logging_mixin.py:190} INFO - [2026-07-21T07:34:55.444+0000] {dag.py:3239} INFO - Sync 1 DAGs
[2026-07-21T07:34:55.460+0000] {logging_mixin.py:190} INFO - [2026-07-21T07:34:55.459+0000] {dag.py:4180} INFO - Setting next_dagrun for my_dag to None, run_after=None
[2026-07-21T07:34:55.471+0000] {processor.py:208} INFO - Processing /opt/airflow/dags/my_tasks.py took 0.055 seconds
[2026-07-21T07:35:25.718+0000] {processor.py:186} INFO - Started process (PID=1445) to work on /opt/airflow/dags/my_tasks.py
[2026-07-21T07:35:25.719+0000] {processor.py:914} INFO - Processing file /opt/airflow/dags/my_tasks.py for tasks to queue
[2026-07-21T07:35:25.721+0000] {logging_mixin.py:190} INFO - [2026-07-21T07:35:25.720+0000] {dagbag.py:588} INFO - Filling up the DagBag from /opt/airflow/dags/my_tasks.py
[2026-07-21T07:35:25.725+0000] {processor.py:925} INFO - DAG(s) 'my_dag' retrieved from /opt/airflow/dags/my_tasks.py
[2026-07-21T07:35:25.745+0000] {logging_mixin.py:190} INFO - [2026-07-21T07:35:25.745+0000] {dag.py:3239} INFO - Sync 1 DAGs
[2026-07-21T07:35:25.759+0000] {logging_mixin.py:190} INFO - [2026-07-21T07:35:25.759+0000] {dag.py:4180} INFO - Setting next_dagrun for my_dag to None, run_after=None
[2026-07-21T07:35:25.772+0000] {processor.py:208} INFO - Processing /opt/airflow/dags/my_tasks.py took 0.058 seconds
[2026-07-21T07:35:55.985+0000] {processor.py:186} INFO - Started process (PID=1456) to work on /opt/airflow/dags/my_tasks.py
[2026-07-21T07:35:55.985+0000] {processor.py:914} INFO - Processing file /opt/airflow/dags/my_tasks.py for tasks to queue
[2026-07-21T07:35:55.987+0000] {logging_mixin.py:190} INFO - [2026-07-21T07:35:55.987+0000] {dagbag.py:588} INFO - Filling up the DagBag from /opt/airflow/dags/my_tasks.py
[2026-07-21T07:35:55.992+0000] {processor.py:925} INFO - DAG(s) 'my_dag' retrieved from /opt/airflow/dags/my_tasks.py
[2026-07-21T07:35:56.010+0000] {logging_mixin.py:190} INFO - [2026-07-21T07:35:56.010+0000] {dag.py:3239} INFO - Sync 1 DAGs
[2026-07-21T07:35:56.026+0000] {logging_mixin.py:190} INFO - [2026-07-21T07:35:56.025+0000] {dag.py:4180} INFO - Setting next_dagrun for my_dag to None, run_after=None
[2026-07-21T07:35:56.039+0000] {processor.py:208} INFO - Processing /opt/airflow/dags/my_tasks.py took 0.057 seconds
[2026-07-21T07:36:26.265+0000] {processor.py:186} INFO - Started process (PID=1467) to work on /opt/airflow/dags/my_tasks.py
[2026-07-21T07:36:26.273+0000] {processor.py:914} INFO - Processing file /opt/airflow/dags/my_tasks.py for tasks to queue
[2026-07-21T07:36:26.276+0000] {logging_mixin.py:190} INFO - [2026-07-21T07:36:26.275+0000] {dagbag.py:588} INFO - Filling up the DagBag from /opt/airflow/dags/my_tasks.py
[2026-07-21T07:36:26.283+0000] {processor.py:925} INFO - DAG(s) 'my_dag' retrieved from /opt/airflow/dags/my_tasks.py
[2026-07-21T07:36:26.300+0000] {logging_mixin.py:190} INFO - [2026-07-21T07:36:26.299+0000] {dag.py:3239} INFO - Sync 1 DAGs
[2026-07-21T07:36:26.316+0000] {logging_mixin.py:190} INFO - [2026-07-21T07:36:26.316+0000] {dag.py:4180} INFO - Setting next_dagrun for my_dag to None, run_after=None
[2026-07-21T07:36:26.328+0000] {processor.py:208} INFO - Processing /opt/airflow/dags/my_tasks.py took 0.067 seconds
[2026-07-21T07:36:56.517+0000] {processor.py:186} INFO - Started process (PID=1478) to work on /opt/airflow/dags/my_tasks.py
[2026-07-21T07:36:56.526+0000] {processor.py:914} INFO - Processing file /opt/airflow/dags/my_tasks.py for tasks to queue
[2026-07-21T07:36:56.528+0000] {logging_mixin.py:190} INFO - [2026-07-21T07:36:56.528+0000] {dagbag.py:588} INFO - Filling up the DagBag from /opt/airflow/dags/my_tasks.py
[2026-07-21T07:36:56.538+0000] {processor.py:925} INFO - DAG(s) 'my_dag' retrieved from /opt/airflow/dags/my_tasks.py
[2026-07-21T07:36:56.555+0000] {logging_mixin.py:190} INFO - [2026-07-21T07:36:56.555+0000] {dag.py:3239} INFO - Sync 1 DAGs
[2026-07-21T07:36:56.571+0000] {logging_mixin.py:190} INFO - [2026-07-21T07:36:56.571+0000] {dag.py:4180} INFO - Setting next_dagrun for my_dag to None, run_after=None
[2026-07-21T07:36:56.582+0000] {processor.py:208} INFO - Processing /opt/airflow/dags/my_tasks.py took 0.070 seconds
[2026-07-21T07:37:26.774+0000] {processor.py:186} INFO - Started process (PID=1489) to work on /opt/airflow/dags/my_tasks.py
[2026-07-21T07:37:26.782+0000] {processor.py:914} INFO - Processing file /opt/airflow/dags/my_tasks.py for tasks to queue
[2026-07-21T07:37:26.786+0000] {logging_mixin.py:190} INFO - [2026-07-21T07:37:26.785+0000] {dagbag.py:588} INFO - Filling up the DagBag from /opt/airflow/dags/my_tasks.py
[2026-07-21T07:37:26.795+0000] {processor.py:925} INFO - DAG(s) 'my_dag' retrieved from /opt/airflow/dags/my_tasks.py
[2026-07-21T07:37:26.812+0000] {logging_mixin.py:190} INFO - [2026-07-21T07:37:26.811+0000] {dag.py:3239} INFO - Sync 1 DAGs
[2026-07-21T07:37:26.827+0000] {logging_mixin.py:190} INFO - [2026-07-21T07:37:26.826+0000] {dag.py:4180} INFO - Setting next_dagrun for my_dag to None, run_after=None
[2026-07-21T07:37:26.848+0000] {processor.py:208} INFO - Processing /opt/airflow/dags/my_tasks.py took 0.081 seconds
[2026-07-21T07:37:57.068+0000] {processor.py:186} INFO - Started process (PID=1500) to work on /opt/airflow/dags/my_tasks.py
[2026-07-21T07:37:57.076+0000] {processor.py:914} INFO - Processing file /opt/airflow/dags/my_tasks.py for tasks to queue
[2026-07-21T07:37:57.078+0000] {logging_mixin.py:190} INFO - [2026-07-21T07:37:57.077+0000] {dagbag.py:588} INFO - Filling up the DagBag from /opt/airflow/dags/my_tasks.py
[2026-07-21T07:37:57.086+0000] {processor.py:925} INFO - DAG(s) 'my_dag' retrieved from /opt/airflow/dags/my_tasks.py
[2026-07-21T07:37:57.103+0000] {logging_mixin.py:190} INFO - [2026-07-21T07:37:57.103+0000] {dag.py:3239} INFO - Sync 1 DAGs
[2026-07-21T07:37:57.119+0000] {logging_mixin.py:190} INFO - [2026-07-21T07:37:57.119+0000] {dag.py:4180} INFO - Setting next_dagrun for my_dag to None, run_after=None
[2026-07-21T07:37:57.131+0000] {processor.py:208} INFO - Processing /opt/airflow/dags/my_tasks.py took 0.067 seconds
[2026-07-21T07:38:27.356+0000] {processor.py:186} INFO - Started process (PID=1511) to work on /opt/airflow/dags/my_tasks.py
[2026-07-21T07:38:27.356+0000] {processor.py:914} INFO - Processing file /opt/airflow/dags/my_tasks.py for tasks to queue
[2026-07-21T07:38:27.358+0000] {logging_mixin.py:190} INFO - [2026-07-21T07:38:27.358+0000] {dagbag.py:588} INFO - Filling up the DagBag from /opt/airflow/dags/my_tasks.py
[2026-07-21T07:38:27.363+0000] {processor.py:925} INFO - DAG(s) 'my_dag' retrieved from /opt/airflow/dags/my_tasks.py
[2026-07-21T07:38:27.380+0000] {logging_mixin.py:190} INFO - [2026-07-21T07:38:27.380+0000] {dag.py:3239} INFO - Sync 1 DAGs
[2026-07-21T07:38:27.395+0000] {logging_mixin.py:190} INFO - [2026-07-21T07:38:27.395+0000] {dag.py:4180} INFO - Setting next_dagrun for my_dag to None, run_after=None
[2026-07-21T07:38:27.407+0000] {processor.py:208} INFO - Processing /opt/airflow/dags/my_tasks.py took 0.055 seconds
[2026-07-21T07:38:57.619+0000] {processor.py:186} INFO - Started process (PID=1522) to work on /opt/airflow/dags/my_tasks.py
[2026-07-21T07:38:57.627+0000] {processor.py:914} INFO - Processing file /opt/airflow/dags/my_tasks.py for tasks to queue
[2026-07-21T07:38:57.630+0000] {logging_mixin.py:190} INFO - [2026-07-21T07:38:57.630+0000] {dagbag.py:588} INFO - Filling up the DagBag from /opt/airflow/dags/my_tasks.py
[2026-07-21T07:38:57.638+0000] {processor.py:925} INFO - DAG(s) 'my_dag' retrieved from /opt/airflow/dags/my_tasks.py
[2026-07-21T07:38:57.654+0000] {logging_mixin.py:190} INFO - [2026-07-21T07:38:57.654+0000] {dag.py:3239} INFO - Sync 1 DAGs
[2026-07-21T07:38:57.669+0000] {logging_mixin.py:190} INFO - [2026-07-21T07:38:57.669+0000] {dag.py:4180} INFO - Setting next_dagrun for my_dag to None, run_after=None
[2026-07-21T07:38:57.682+0000] {processor.py:208} INFO - Processing /opt/airflow/dags/my_tasks.py took 0.067 seconds
[2026-07-21T07:39:27.893+0000] {processor.py:186} INFO - Started process (PID=1533) to work on /opt/airflow/dags/my_tasks.py
[2026-07-21T07:39:27.894+0000] {processor.py:914} INFO - Processing file /opt/airflow/dags/my_tasks.py for tasks to queue
[2026-07-21T07:39:27.895+0000] {logging_mixin.py:190} INFO - [2026-07-21T07:39:27.895+0000] {dagbag.py:588} INFO - Filling up the DagBag from /opt/airflow/dags/my_tasks.py
[2026-07-21T07:39:27.900+0000] {processor.py:925} INFO - DAG(s) 'my_dag' retrieved from /opt/airflow/dags/my_tasks.py
[2026-07-21T07:39:27.917+0000] {logging_mixin.py:190} INFO - [2026-07-21T07:39:27.917+0000] {dag.py:3239} INFO - Sync 1 DAGs
[2026-07-21T07:39:27.935+0000] {logging_mixin.py:190} INFO - [2026-07-21T07:39:27.935+0000] {dag.py:4180} INFO - Setting next_dagrun for my_dag to None, run_after=None
[2026-07-21T07:39:27.948+0000] {processor.py:208} INFO - Processing /opt/airflow/dags/my_tasks.py took 0.059 seconds
[2026-07-21T07:39:58.156+0000] {processor.py:186} INFO - Started process (PID=1544) to work on /opt/airflow/dags/my_tasks.py
[2026-07-21T07:39:58.156+0000] {processor.py:914} INFO - Processing file /opt/airflow/dags/my_tasks.py for tasks to queue
[2026-07-21T07:39:58.158+0000] {logging_mixin.py:190} INFO - [2026-07-21T07:39:58.157+0000] {dagbag.py:588} INFO - Filling up the DagBag from /opt/airflow/dags/my_tasks.py
[2026-07-21T07:39:58.163+0000] {processor.py:925} INFO - DAG(s) 'my_dag' retrieved from /opt/airflow/dags/my_tasks.py
[2026-07-21T07:39:58.181+0000] {logging_mixin.py:190} INFO - [2026-07-21T07:39:58.181+0000] {dag.py:3239} INFO - Sync 1 DAGs
[2026-07-21T07:39:58.197+0000] {logging_mixin.py:190} INFO - [2026-07-21T07:39:58.197+0000] {dag.py:4180} INFO - Setting next_dagrun for my_dag to None, run_after=None
[2026-07-21T07:39:58.209+0000] {processor.py:208} INFO - Processing /opt/airflow/dags/my_tasks.py took 0.057 seconds
[2026-07-21T07:40:28.434+0000] {processor.py:186} INFO - Started process (PID=1555) to work on /opt/airflow/dags/my_tasks.py
[2026-07-21T07:40:28.434+0000] {processor.py:914} INFO - Processing file /opt/airflow/dags/my_tasks.py for tasks to queue
[2026-07-21T07:40:28.436+0000] {logging_mixin.py:190} INFO - [2026-07-21T07:40:28.436+0000] {dagbag.py:588} INFO - Filling up the DagBag from /opt/airflow/dags/my_tasks.py
[2026-07-21T07:40:28.441+0000] {processor.py:925} INFO - DAG(s) 'my_dag' retrieved from /opt/airflow/dags/my_tasks.py
[2026-07-21T07:40:28.458+0000] {logging_mixin.py:190} INFO - [2026-07-21T07:40:28.458+0000] {dag.py:3239} INFO - Sync 1 DAGs
[2026-07-21T07:40:28.473+0000] {logging_mixin.py:190} INFO - [2026-07-21T07:40:28.473+0000] {dag.py:4180} INFO - Setting next_dagrun for my_dag to None, run_after=None
[2026-07-21T07:40:28.484+0000] {processor.py:208} INFO - Processing /opt/airflow/dags/my_tasks.py took 0.054 seconds
[2026-07-21T07:40:58.704+0000] {processor.py:186} INFO - Started process (PID=1566) to work on /opt/airflow/dags/my_tasks.py
[2026-07-21T07:40:58.712+0000] {processor.py:914} INFO - Processing file /opt/airflow/dags/my_tasks.py for tasks to queue
[2026-07-21T07:40:58.715+0000] {logging_mixin.py:190} INFO - [2026-07-21T07:40:58.714+0000] {dagbag.py:588} INFO - Filling up the DagBag from /opt/airflow/dags/my_tasks.py
[2026-07-21T07:40:58.723+0000] {processor.py:925} INFO - DAG(s) 'my_dag' retrieved from /opt/airflow/dags/my_tasks.py
[2026-07-21T07:40:58.744+0000] {logging_mixin.py:190} INFO - [2026-07-21T07:40:58.743+0000] {dag.py:3239} INFO - Sync 1 DAGs
[2026-07-21T07:40:58.760+0000] {logging_mixin.py:190} INFO - [2026-07-21T07:40:58.760+0000] {dag.py:4180} INFO - Setting next_dagrun for my_dag to None, run_after=None
[2026-07-21T07:40:58.772+0000] {processor.py:208} INFO - Processing /opt/airflow/dags/my_tasks.py took 0.072 seconds
[2026-07-21T07:41:28.963+0000] {processor.py:186} INFO - Started process (PID=1577) to work on /opt/airflow/dags/my_tasks.py
[2026-07-21T07:41:28.963+0000] {processor.py:914} INFO - Processing file /opt/airflow/dags/my_tasks.py for tasks to queue
[2026-07-21T07:41:28.964+0000] {logging_mixin.py:190} INFO - [2026-07-21T07:41:28.964+0000] {dagbag.py:588} INFO - Filling up the DagBag from /opt/airflow/dags/my_tasks.py
[2026-07-21T07:41:28.970+0000] {processor.py:925} INFO - DAG(s) 'my_dag' retrieved from /opt/airflow/dags/my_tasks.py
[2026-07-21T07:41:28.989+0000] {logging_mixin.py:190} INFO - [2026-07-21T07:41:28.989+0000] {dag.py:3239} INFO - Sync 1 DAGs
[2026-07-21T07:41:29.005+0000] {logging_mixin.py:190} INFO - [2026-07-21T07:41:29.005+0000] {dag.py:4180} INFO - Setting next_dagrun for my_dag to None, run_after=None
[2026-07-21T07:41:29.018+0000] {processor.py:208} INFO - Processing /opt/airflow/dags/my_tasks.py took 0.060 seconds
[2026-07-21T07:41:59.220+0000] {processor.py:186} INFO - Started process (PID=1588) to work on /opt/airflow/dags/my_tasks.py
[2026-07-21T07:41:59.228+0000] {processor.py:914} INFO - Processing file /opt/airflow/dags/my_tasks.py for tasks to queue
[2026-07-21T07:41:59.230+0000] {logging_mixin.py:190} INFO - [2026-07-21T07:41:59.230+0000] {dagbag.py:588} INFO - Filling up the DagBag from /opt/airflow/dags/my_tasks.py
[2026-07-21T07:41:59.239+0000] {processor.py:925} INFO - DAG(s) 'my_dag' retrieved from /opt/airflow/dags/my_tasks.py
[2026-07-21T07:41:59.257+0000] {logging_mixin.py:190} INFO - [2026-07-21T07:41:59.257+0000] {dag.py:3239} INFO - Sync 1 DAGs
[2026-07-21T07:41:59.271+0000] {logging_mixin.py:190} INFO - [2026-07-21T07:41:59.271+0000] {dag.py:4180} INFO - Setting next_dagrun for my_dag to None, run_after=None
[2026-07-21T07:41:59.284+0000] {processor.py:208} INFO - Processing /opt/airflow/dags/my_tasks.py took 0.067 seconds
[2026-07-21T07:42:29.496+0000] {processor.py:186} INFO - Started process (PID=1599) to work on /opt/airflow/dags/my_tasks.py
[2026-07-21T07:42:29.508+0000] {processor.py:914} INFO - Processing file /opt/airflow/dags/my_tasks.py for tasks to queue
[2026-07-21T07:42:29.511+0000] {logging_mixin.py:190} INFO - [2026-07-21T07:42:29.511+0000] {dagbag.py:588} INFO - Filling up the DagBag from /opt/airflow/dags/my_tasks.py
[2026-07-21T07:42:29.520+0000] {processor.py:925} INFO - DAG(s) 'my_dag' retrieved from /opt/airflow/dags/my_tasks.py
[2026-07-21T07:42:29.538+0000] {logging_mixin.py:190} INFO - [2026-07-21T07:42:29.537+0000] {dag.py:3239} INFO - Sync 1 DAGs
[2026-07-21T07:42:29.553+0000] {logging_mixin.py:190} INFO - [2026-07-21T07:42:29.553+0000] {dag.py:4180} INFO - Setting next_dagrun for my_dag to None, run_after=None
[2026-07-21T07:42:29.569+0000] {processor.py:208} INFO - Processing /opt/airflow/dags/my_tasks.py took 0.077 seconds
[2026-07-21T07:42:59.780+0000] {processor.py:186} INFO - Started process (PID=1610) to work on /opt/airflow/dags/my_tasks.py
[2026-07-21T07:42:59.788+0000] {processor.py:914} INFO - Processing file /opt/airflow/dags/my_tasks.py for tasks to queue
[2026-07-21T07:42:59.790+0000] {logging_mixin.py:190} INFO - [2026-07-21T07:42:59.789+0000] {dagbag.py:588} INFO - Filling up the DagBag from /opt/airflow/dags/my_tasks.py
[2026-07-21T07:42:59.799+0000] {processor.py:925} INFO - DAG(s) 'my_dag' retrieved from /opt/airflow/dags/my_tasks.py
[2026-07-21T07:42:59.816+0000] {logging_mixin.py:190} INFO - [2026-07-21T07:42:59.815+0000] {dag.py:3239} INFO - Sync 1 DAGs
[2026-07-21T07:42:59.831+0000] {logging_mixin.py:190} INFO - [2026-07-21T07:42:59.831+0000] {dag.py:4180} INFO - Setting next_dagrun for my_dag to None, run_after=None
[2026-07-21T07:42:59.844+0000] {processor.py:208} INFO - Processing /opt/airflow/dags/my_tasks.py took 0.068 seconds
[2026-07-21T07:43:30.051+0000] {processor.py:186} INFO - Started process (PID=1621) to work on /opt/airflow/dags/my_tasks.py
[2026-07-21T07:43:30.059+0000] {processor.py:914} INFO - Processing file /opt/airflow/dags/my_tasks.py for tasks to queue
[2026-07-21T07:43:30.061+0000] {logging_mixin.py:190} INFO - [2026-07-21T07:43:30.061+0000] {dagbag.py:588} INFO - Filling up the DagBag from /opt/airflow/dags/my_tasks.py
[2026-07-21T07:43:30.069+0000] {processor.py:925} INFO - DAG(s) 'my_dag' retrieved from /opt/airflow/dags/my_tasks.py
[2026-07-21T07:43:30.085+0000] {logging_mixin.py:190} INFO - [2026-07-21T07:43:30.085+0000] {dag.py:3239} INFO - Sync 1 DAGs
[2026-07-21T07:43:30.101+0000] {logging_mixin.py:190} INFO - [2026-07-21T07:43:30.101+0000] {dag.py:4180} INFO - Setting next_dagrun for my_dag to None, run_after=None
[2026-07-21T07:43:30.113+0000] {processor.py:208} INFO - Processing /opt/airflow/dags/my_tasks.py took 0.067 seconds
[2026-07-21T07:44:00.327+0000] {processor.py:186} INFO - Started process (PID=1632) to work on /opt/airflow/dags/my_tasks.py
[2026-07-21T07:44:00.327+0000] {processor.py:914} INFO - Processing file /opt/airflow/dags/my_tasks.py for tasks to queue
[2026-07-21T07:44:00.329+0000] {logging_mixin.py:190} INFO - [2026-07-21T07:44:00.329+0000] {dagbag.py:588} INFO - Filling up the DagBag from /opt/airflow/dags/my_tasks.py
[2026-07-21T07:44:00.334+0000] {processor.py:925} INFO - DAG(s) 'my_dag' retrieved from /opt/airflow/dags/my_tasks.py
[2026-07-21T07:44:00.351+0000] {logging_mixin.py:190} INFO - [2026-07-21T07:44:00.351+0000] {dag.py:3239} INFO - Sync 1 DAGs
[2026-07-21T07:44:00.366+0000] {logging_mixin.py:190} INFO - [2026-07-21T07:44:00.366+0000] {dag.py:4180} INFO - Setting next_dagrun for my_dag to None, run_after=None
[2026-07-21T07:44:00.378+0000] {processor.py:208} INFO - Processing /opt/airflow/dags/my_tasks.py took 0.055 seconds
[2026-07-21T07:44:30.609+0000] {processor.py:186} INFO - Started process (PID=1643) to work on /opt/airflow/dags/my_tasks.py
[2026-07-21T07:44:30.617+0000] {processor.py:914} INFO - Processing file /opt/airflow/dags/my_tasks.py for tasks to queue
[2026-07-21T07:44:30.619+0000] {logging_mixin.py:190} INFO - [2026-07-21T07:44:30.618+0000] {dagbag.py:588} INFO - Filling up the DagBag from /opt/airflow/dags/my_tasks.py
[2026-07-21T07:44:30.627+0000] {processor.py:925} INFO - DAG(s) 'my_dag' retrieved from /opt/airflow/dags/my_tasks.py
[2026-07-21T07:44:30.644+0000] {logging_mixin.py:190} INFO - [2026-07-21T07:44:30.644+0000] {dag.py:3239} INFO - Sync 1 DAGs
[2026-07-21T07:44:30.660+0000] {logging_mixin.py:190} INFO - [2026-07-21T07:44:30.659+0000] {dag.py:4180} INFO - Setting next_dagrun for my_dag to None, run_after=None
[2026-07-21T07:44:30.671+0000] {processor.py:208} INFO - Processing /opt/airflow/dags/my_tasks.py took 0.067 seconds
[2026-07-21T07:45:00.867+0000] {processor.py:186} INFO - Started process (PID=1654) to work on /opt/airflow/dags/my_tasks.py
[2026-07-21T07:45:00.875+0000] {processor.py:914} INFO - Processing file /opt/airflow/dags/my_tasks.py for tasks to queue
[2026-07-21T07:45:00.876+0000] {logging_mixin.py:190} INFO - [2026-07-21T07:45:00.876+0000] {dagbag.py:588} INFO - Filling up the DagBag from /opt/airflow/dags/my_tasks.py
[2026-07-21T07:45:00.884+0000] {processor.py:925} INFO - DAG(s) 'my_dag' retrieved from /opt/airflow/dags/my_tasks.py
[2026-07-21T07:45:00.906+0000] {logging_mixin.py:190} INFO - [2026-07-21T07:45:00.906+0000] {dag.py:3239} INFO - Sync 1 DAGs
[2026-07-21T07:45:00.923+0000] {logging_mixin.py:190} INFO - [2026-07-21T07:45:00.923+0000] {dag.py:4180} INFO - Setting next_dagrun for my_dag to None, run_after=None
[2026-07-21T07:45:00.935+0000] {processor.py:208} INFO - Processing /opt/airflow/dags/my_tasks.py took 0.072 seconds
[2026-07-21T07:45:31.150+0000] {processor.py:186} INFO - Started process (PID=1665) to work on /opt/airflow/dags/my_tasks.py
[2026-07-21T07:45:31.158+0000] {processor.py:914} INFO - Processing file /opt/airflow/dags/my_tasks.py for tasks to queue
[2026-07-21T07:45:31.161+0000] {logging_mixin.py:190} INFO - [2026-07-21T07:45:31.160+0000] {dagbag.py:588} INFO - Filling up the DagBag from /opt/airflow/dags/my_tasks.py
[2026-07-21T07:45:31.169+0000] {processor.py:925} INFO - DAG(s) 'my_dag' retrieved from /opt/airflow/dags/my_tasks.py
[2026-07-21T07:45:31.186+0000] {logging_mixin.py:190} INFO - [2026-07-21T07:45:31.186+0000] {dag.py:3239} INFO - Sync 1 DAGs
[2026-07-21T07:45:31.202+0000] {logging_mixin.py:190} INFO - [2026-07-21T07:45:31.202+0000] {dag.py:4180} INFO - Setting next_dagrun for my_dag to None, run_after=None
[2026-07-21T07:45:31.213+0000] {processor.py:208} INFO - Processing /opt/airflow/dags/my_tasks.py took 0.067 seconds
[2026-07-21T07:46:01.427+0000] {processor.py:186} INFO - Started process (PID=1676) to work on /opt/airflow/dags/my_tasks.py
[2026-07-21T07:46:01.435+0000] {processor.py:914} INFO - Processing file /opt/airflow/dags/my_tasks.py for tasks to queue
[2026-07-21T07:46:01.437+0000] {logging_mixin.py:190} INFO - [2026-07-21T07:46:01.437+0000] {dagbag.py:588} INFO - Filling up the DagBag from /opt/airflow/dags/my_tasks.py
[2026-07-21T07:46:01.444+0000] {processor.py:925} INFO - DAG(s) 'my_dag' retrieved from /opt/airflow/dags/my_tasks.py
[2026-07-21T07:46:01.461+0000] {logging_mixin.py:190} INFO - [2026-07-21T07:46:01.461+0000] {dag.py:3239} INFO - Sync 1 DAGs
[2026-07-21T07:46:01.476+0000] {logging_mixin.py:190} INFO - [2026-07-21T07:46:01.476+0000] {dag.py:4180} INFO - Setting next_dagrun for my_dag to None, run_after=None
[2026-07-21T07:46:01.488+0000] {processor.py:208} INFO - Processing /opt/airflow/dags/my_tasks.py took 0.065 seconds
[2026-07-21T07:46:31.711+0000] {processor.py:186} INFO - Started process (PID=1687) to work on /opt/airflow/dags/my_tasks.py
[2026-07-21T07:46:31.719+0000] {processor.py:914} INFO - Processing file /opt/airflow/dags/my_tasks.py for tasks to queue
[2026-07-21T07:46:31.721+0000] {logging_mixin.py:190} INFO - [2026-07-21T07:46:31.720+0000] {dagbag.py:588} INFO - Filling up the DagBag from /opt/airflow/dags/my_tasks.py
[2026-07-21T07:46:31.728+0000] {processor.py:925} INFO - DAG(s) 'my_dag' retrieved from /opt/airflow/dags/my_tasks.py
[2026-07-21T07:46:31.745+0000] {logging_mixin.py:190} INFO - [2026-07-21T07:46:31.745+0000] {dag.py:3239} INFO - Sync 1 DAGs
[2026-07-21T07:46:31.760+0000] {logging_mixin.py:190} INFO - [2026-07-21T07:46:31.760+0000] {dag.py:4180} INFO - Setting next_dagrun for my_dag to None, run_after=None
[2026-07-21T07:46:31.772+0000] {processor.py:208} INFO - Processing /opt/airflow/dags/my_tasks.py took 0.065 seconds
[2026-07-21T07:47:01.992+0000] {processor.py:186} INFO - Started process (PID=1698) to work on /opt/airflow/dags/my_tasks.py
[2026-07-21T07:47:01.993+0000] {processor.py:914} INFO - Processing file /opt/airflow/dags/my_tasks.py for tasks to queue
[2026-07-21T07:47:01.994+0000] {logging_mixin.py:190} INFO - [2026-07-21T07:47:01.994+0000] {dagbag.py:588} INFO - Filling up the DagBag from /opt/airflow/dags/my_tasks.py
[2026-07-21T07:47:01.999+0000] {processor.py:925} INFO - DAG(s) 'my_dag' retrieved from /opt/airflow/dags/my_tasks.py
[2026-07-21T07:47:02.016+0000] {logging_mixin.py:190} INFO - [2026-07-21T07:47:02.016+0000] {dag.py:3239} INFO - Sync 1 DAGs
[2026-07-21T07:47:02.034+0000] {logging_mixin.py:190} INFO - [2026-07-21T07:47:02.033+0000] {dag.py:4180} INFO - Setting next_dagrun for my_dag to None, run_after=None
[2026-07-21T07:47:02.047+0000] {processor.py:208} INFO - Processing /opt/airflow/dags/my_tasks.py took 0.060 seconds
[2026-07-21T07:47:32.250+0000] {processor.py:186} INFO - Started process (PID=1709) to work on /opt/airflow/dags/my_tasks.py
[2026-07-21T07:47:32.251+0000] {processor.py:914} INFO - Processing file /opt/airflow/dags/my_tasks.py for tasks to queue
[2026-07-21T07:47:32.252+0000] {logging_mixin.py:190} INFO - [2026-07-21T07:47:32.252+0000] {dagbag.py:588} INFO - Filling up the DagBag from /opt/airflow/dags/my_tasks.py
[2026-07-21T07:47:32.258+0000] {processor.py:925} INFO - DAG(s) 'my_dag' retrieved from /opt/airflow/dags/my_tasks.py
[2026-07-21T07:47:32.275+0000] {logging_mixin.py:190} INFO - [2026-07-21T07:47:32.275+0000] {dag.py:3239} INFO - Sync 1 DAGs
[2026-07-21T07:47:32.291+0000] {logging_mixin.py:190} INFO - [2026-07-21T07:47:32.291+0000] {dag.py:4180} INFO - Setting next_dagrun for my_dag to None, run_after=None
[2026-07-21T07:47:32.304+0000] {processor.py:208} INFO - Processing /opt/airflow/dags/my_tasks.py took 0.057 seconds
[2026-07-21T07:48:02.532+0000] {processor.py:186} INFO - Started process (PID=1726) to work on /opt/airflow/dags/my_tasks.py
[2026-07-21T07:48:02.533+0000] {processor.py:914} INFO - Processing file /opt/airflow/dags/my_tasks.py for tasks to queue
[2026-07-21T07:48:02.535+0000] {logging_mixin.py:190} INFO - [2026-07-21T07:48:02.534+0000] {dagbag.py:588} INFO - Filling up the DagBag from /opt/airflow/dags/my_tasks.py
[2026-07-21T07:48:02.540+0000] {processor.py:925} INFO - DAG(s) 'my_dag' retrieved from /opt/airflow/dags/my_tasks.py
[2026-07-21T07:48:02.557+0000] {logging_mixin.py:190} INFO - [2026-07-21T07:48:02.557+0000] {dag.py:3239} INFO - Sync 1 DAGs
[2026-07-21T07:48:02.573+0000] {logging_mixin.py:190} INFO - [2026-07-21T07:48:02.573+0000] {dag.py:4180} INFO - Setting next_dagrun for my_dag to None, run_after=None
[2026-07-21T07:48:02.585+0000] {processor.py:208} INFO - Processing /opt/airflow/dags/my_tasks.py took 0.057 seconds
[2026-07-21T07:48:32.815+0000] {processor.py:186} INFO - Started process (PID=1737) to work on /opt/airflow/dags/my_tasks.py
[2026-07-21T07:48:32.823+0000] {processor.py:914} INFO - Processing file /opt/airflow/dags/my_tasks.py for tasks to queue
[2026-07-21T07:48:32.825+0000] {logging_mixin.py:190} INFO - [2026-07-21T07:48:32.824+0000] {dagbag.py:588} INFO - Filling up the DagBag from /opt/airflow/dags/my_tasks.py
[2026-07-21T07:48:32.833+0000] {processor.py:925} INFO - DAG(s) 'my_dag' retrieved from /opt/airflow/dags/my_tasks.py
[2026-07-21T07:48:32.850+0000] {logging_mixin.py:190} INFO - [2026-07-21T07:48:32.850+0000] {dag.py:3239} INFO - Sync 1 DAGs
[2026-07-21T07:48:32.865+0000] {logging_mixin.py:190} INFO - [2026-07-21T07:48:32.865+0000] {dag.py:4180} INFO - Setting next_dagrun for my_dag to None, run_after=None
[2026-07-21T07:48:32.878+0000] {processor.py:208} INFO - Processing /opt/airflow/dags/my_tasks.py took 0.066 seconds
[2026-07-21T07:49:03.090+0000] {processor.py:186} INFO - Started process (PID=1748) to work on /opt/airflow/dags/my_tasks.py
[2026-07-21T07:49:03.094+0000] {processor.py:914} INFO - Processing file /opt/airflow/dags/my_tasks.py for tasks to queue
[2026-07-21T07:49:03.096+0000] {logging_mixin.py:190} INFO - [2026-07-21T07:49:03.096+0000] {dagbag.py:588} INFO - Filling up the DagBag from /opt/airflow/dags/my_tasks.py
[2026-07-21T07:49:03.102+0000] {processor.py:925} INFO - DAG(s) 'my_dag' retrieved from /opt/airflow/dags/my_tasks.py
[2026-07-21T07:49:03.119+0000] {logging_mixin.py:190} INFO - [2026-07-21T07:49:03.119+0000] {dag.py:3239} INFO - Sync 1 DAGs
[2026-07-21T07:49:03.135+0000] {logging_mixin.py:190} INFO - [2026-07-21T07:49:03.135+0000] {dag.py:4180} INFO - Setting next_dagrun for my_dag to None, run_after=None
[2026-07-21T07:49:03.148+0000] {processor.py:208} INFO - Processing /opt/airflow/dags/my_tasks.py took 0.062 seconds
[2026-07-21T07:49:33.353+0000] {processor.py:186} INFO - Started process (PID=1759) to work on /opt/airflow/dags/my_tasks.py
[2026-07-21T07:49:33.361+0000] {processor.py:914} INFO - Processing file /opt/airflow/dags/my_tasks.py for tasks to queue
[2026-07-21T07:49:33.365+0000] {logging_mixin.py:190} INFO - [2026-07-21T07:49:33.364+0000] {dagbag.py:588} INFO - Filling up the DagBag from /opt/airflow/dags/my_tasks.py
[2026-07-21T07:49:33.371+0000] {processor.py:925} INFO - DAG(s) 'my_dag' retrieved from /opt/airflow/dags/my_tasks.py
[2026-07-21T07:49:33.388+0000] {logging_mixin.py:190} INFO - [2026-07-21T07:49:33.388+0000] {dag.py:3239} INFO - Sync 1 DAGs
[2026-07-21T07:49:33.404+0000] {logging_mixin.py:190} INFO - [2026-07-21T07:49:33.404+0000] {dag.py:4180} INFO - Setting next_dagrun for my_dag to None, run_after=None
[2026-07-21T07:49:33.416+0000] {processor.py:208} INFO - Processing /opt/airflow/dags/my_tasks.py took 0.069 seconds
[2026-07-21T07:50:03.625+0000] {processor.py:186} INFO - Started process (PID=1770) to work on /opt/airflow/dags/my_tasks.py
[2026-07-21T07:50:03.633+0000] {processor.py:914} INFO - Processing file /opt/airflow/dags/my_tasks.py for tasks to queue
[2026-07-21T07:50:03.634+0000] {logging_mixin.py:190} INFO - [2026-07-21T07:50:03.634+0000] {dagbag.py:588} INFO - Filling up the DagBag from /opt/airflow/dags/my_tasks.py
[2026-07-21T07:50:03.640+0000] {processor.py:925} INFO - DAG(s) 'my_dag' retrieved from /opt/airflow/dags/my_tasks.py
[2026-07-21T07:50:03.658+0000] {logging_mixin.py:190} INFO - [2026-07-21T07:50:03.658+0000] {dag.py:3239} INFO - Sync 1 DAGs
[2026-07-21T07:50:03.675+0000] {logging_mixin.py:190} INFO - [2026-07-21T07:50:03.675+0000] {dag.py:4180} INFO - Setting next_dagrun for my_dag to None, run_after=None
[2026-07-21T07:50:03.688+0000] {processor.py:208} INFO - Processing /opt/airflow/dags/my_tasks.py took 0.069 seconds
[2026-07-21T07:50:33.876+0000] {processor.py:186} INFO - Started process (PID=1781) to work on /opt/airflow/dags/my_tasks.py
[2026-07-21T07:50:33.884+0000] {processor.py:914} INFO - Processing file /opt/airflow/dags/my_tasks.py for tasks to queue
[2026-07-21T07:50:33.885+0000] {logging_mixin.py:190} INFO - [2026-07-21T07:50:33.885+0000] {dagbag.py:588} INFO - Filling up the DagBag from /opt/airflow/dags/my_tasks.py
[2026-07-21T07:50:33.891+0000] {processor.py:925} INFO - DAG(s) 'my_dag' retrieved from /opt/airflow/dags/my_tasks.py
[2026-07-21T07:50:33.908+0000] {logging_mixin.py:190} INFO - [2026-07-21T07:50:33.908+0000] {dag.py:3239} INFO - Sync 1 DAGs
[2026-07-21T07:50:33.925+0000] {logging_mixin.py:190} INFO - [2026-07-21T07:50:33.925+0000] {dag.py:4180} INFO - Setting next_dagrun for my_dag to None, run_after=None
[2026-07-21T07:50:33.937+0000] {processor.py:208} INFO - Processing /opt/airflow/dags/my_tasks.py took 0.065 seconds
[2026-07-21T07:51:04.142+0000] {processor.py:186} INFO - Started process (PID=1792) to work on /opt/airflow/dags/my_tasks.py
[2026-07-21T07:51:04.150+0000] {processor.py:914} INFO - Processing file /opt/airflow/dags/my_tasks.py for tasks to queue
[2026-07-21T07:51:04.154+0000] {logging_mixin.py:190} INFO - [2026-07-21T07:51:04.152+0000] {dagbag.py:588} INFO - Filling up the DagBag from /opt/airflow/dags/my_tasks.py
[2026-07-21T07:51:04.162+0000] {processor.py:925} INFO - DAG(s) 'my_dag' retrieved from /opt/airflow/dags/my_tasks.py
[2026-07-21T07:51:04.186+0000] {logging_mixin.py:190} INFO - [2026-07-21T07:51:04.186+0000] {dag.py:3239} INFO - Sync 1 DAGs
[2026-07-21T07:51:04.202+0000] {logging_mixin.py:190} INFO - [2026-07-21T07:51:04.202+0000] {dag.py:4180} INFO - Setting next_dagrun for my_dag to None, run_after=None
[2026-07-21T07:51:04.213+0000] {processor.py:208} INFO - Processing /opt/airflow/dags/my_tasks.py took 0.075 seconds
[2026-07-21T07:51:34.426+0000] {processor.py:186} INFO - Started process (PID=1803) to work on /opt/airflow/dags/my_tasks.py
[2026-07-21T07:51:34.427+0000] {processor.py:914} INFO - Processing file /opt/airflow/dags/my_tasks.py for tasks to queue
[2026-07-21T07:51:34.428+0000] {logging_mixin.py:190} INFO - [2026-07-21T07:51:34.428+0000] {dagbag.py:588} INFO - Filling up the DagBag from /opt/airflow/dags/my_tasks.py
[2026-07-21T07:51:34.434+0000] {processor.py:925} INFO - DAG(s) 'my_dag' retrieved from /opt/airflow/dags/my_tasks.py
[2026-07-21T07:51:34.451+0000] {logging_mixin.py:190} INFO - [2026-07-21T07:51:34.451+0000] {dag.py:3239} INFO - Sync 1 DAGs
[2026-07-21T07:51:34.466+0000] {logging_mixin.py:190} INFO - [2026-07-21T07:51:34.466+0000] {dag.py:4180} INFO - Setting next_dagrun for my_dag to None, run_after=None
[2026-07-21T07:51:34.479+0000] {processor.py:208} INFO - Processing /opt/airflow/dags/my_tasks.py took 0.056 seconds
[2026-07-21T07:52:04.692+0000] {processor.py:186} INFO - Started process (PID=1814) to work on /opt/airflow/dags/my_tasks.py
[2026-07-21T07:52:04.696+0000] {processor.py:914} INFO - Processing file /opt/airflow/dags/my_tasks.py for tasks to queue
[2026-07-21T07:52:04.698+0000] {logging_mixin.py:190} INFO - [2026-07-21T07:52:04.698+0000] {dagbag.py:588} INFO - Filling up the DagBag from /opt/airflow/dags/my_tasks.py
[2026-07-21T07:52:04.704+0000] {processor.py:925} INFO - DAG(s) 'my_dag' retrieved from /opt/airflow/dags/my_tasks.py
[2026-07-21T07:52:04.721+0000] {logging_mixin.py:190} INFO - [2026-07-21T07:52:04.720+0000] {dag.py:3239} INFO - Sync 1 DAGs
[2026-07-21T07:52:04.736+0000] {logging_mixin.py:190} INFO - [2026-07-21T07:52:04.735+0000] {dag.py:4180} INFO - Setting next_dagrun for my_dag to None, run_after=None
[2026-07-21T07:52:04.749+0000] {processor.py:208} INFO - Processing /opt/airflow/dags/my_tasks.py took 0.060 seconds
[2026-07-21T07:52:34.971+0000] {processor.py:186} INFO - Started process (PID=1825) to work on /opt/airflow/dags/my_tasks.py
[2026-07-21T07:52:34.979+0000] {processor.py:914} INFO - Processing file /opt/airflow/dags/my_tasks.py for tasks to queue
[2026-07-21T07:52:34.981+0000] {logging_mixin.py:190} INFO - [2026-07-21T07:52:34.980+0000] {dagbag.py:588} INFO - Filling up the DagBag from /opt/airflow/dags/my_tasks.py
[2026-07-21T07:52:34.986+0000] {processor.py:925} INFO - DAG(s) 'my_dag' retrieved from /opt/airflow/dags/my_tasks.py
[2026-07-21T07:52:35.004+0000] {logging_mixin.py:190} INFO - [2026-07-21T07:52:35.004+0000] {dag.py:3239} INFO - Sync 1 DAGs
[2026-07-21T07:52:35.020+0000] {logging_mixin.py:190} INFO - [2026-07-21T07:52:35.020+0000] {dag.py:4180} INFO - Setting next_dagrun for my_dag to None, run_after=None
[2026-07-21T07:52:35.034+0000] {processor.py:208} INFO - Processing /opt/airflow/dags/my_tasks.py took 0.067 seconds
[2026-07-21T07:53:05.228+0000] {processor.py:186} INFO - Started process (PID=1836) to work on /opt/airflow/dags/my_tasks.py
[2026-07-21T07:53:05.235+0000] {processor.py:914} INFO - Processing file /opt/airflow/dags/my_tasks.py for tasks to queue
[2026-07-21T07:53:05.237+0000] {logging_mixin.py:190} INFO - [2026-07-21T07:53:05.237+0000] {dagbag.py:588} INFO - Filling up the DagBag from /opt/airflow/dags/my_tasks.py
[2026-07-21T07:53:05.247+0000] {processor.py:925} INFO - DAG(s) 'my_dag' retrieved from /opt/airflow/dags/my_tasks.py
[2026-07-21T07:53:05.268+0000] {logging_mixin.py:190} INFO - [2026-07-21T07:53:05.268+0000] {dag.py:3239} INFO - Sync 1 DAGs
[2026-07-21T07:53:05.283+0000] {logging_mixin.py:190} INFO - [2026-07-21T07:53:05.283+0000] {dag.py:4180} INFO - Setting next_dagrun for my_dag to None, run_after=None
[2026-07-21T07:53:05.295+0000] {processor.py:208} INFO - Processing /opt/airflow/dags/my_tasks.py took 0.071 seconds
[2026-07-21T07:53:35.493+0000] {processor.py:186} INFO - Started process (PID=1847) to work on /opt/airflow/dags/my_tasks.py
[2026-07-21T07:53:35.501+0000] {processor.py:914} INFO - Processing file /opt/airflow/dags/my_tasks.py for tasks to queue
[2026-07-21T07:53:35.504+0000] {logging_mixin.py:190} INFO - [2026-07-21T07:53:35.504+0000] {dagbag.py:588} INFO - Filling up the DagBag from /opt/airflow/dags/my_tasks.py
[2026-07-21T07:53:35.512+0000] {processor.py:925} INFO - DAG(s) 'my_dag' retrieved from /opt/airflow/dags/my_tasks.py
[2026-07-21T07:53:35.533+0000] {logging_mixin.py:190} INFO - [2026-07-21T07:53:35.533+0000] {dag.py:3239} INFO - Sync 1 DAGs
[2026-07-21T07:53:35.550+0000] {logging_mixin.py:190} INFO - [2026-07-21T07:53:35.550+0000] {dag.py:4180} INFO - Setting next_dagrun for my_dag to None, run_after=None
[2026-07-21T07:53:35.578+0000] {processor.py:208} INFO - Processing /opt/airflow/dags/my_tasks.py took 0.089 seconds
[2026-07-21T07:54:05.779+0000] {processor.py:186} INFO - Started process (PID=1858) to work on /opt/airflow/dags/my_tasks.py
[2026-07-21T07:54:05.787+0000] {processor.py:914} INFO - Processing file /opt/airflow/dags/my_tasks.py for tasks to queue
[2026-07-21T07:54:05.790+0000] {logging_mixin.py:190} INFO - [2026-07-21T07:54:05.789+0000] {dagbag.py:588} INFO - Filling up the DagBag from /opt/airflow/dags/my_tasks.py
[2026-07-21T07:54:05.798+0000] {processor.py:925} INFO - DAG(s) 'my_dag' retrieved from /opt/airflow/dags/my_tasks.py
[2026-07-21T07:54:05.814+0000] {logging_mixin.py:190} INFO - [2026-07-21T07:54:05.814+0000] {dag.py:3239} INFO - Sync 1 DAGs
[2026-07-21T07:54:05.829+0000] {logging_mixin.py:190} INFO - [2026-07-21T07:54:05.829+0000] {dag.py:4180} INFO - Setting next_dagrun for my_dag to None, run_after=None
[2026-07-21T07:54:05.842+0000] {processor.py:208} INFO - Processing /opt/airflow/dags/my_tasks.py took 0.069 seconds
[2026-07-21T07:54:36.059+0000] {processor.py:186} INFO - Started process (PID=1869) to work on /opt/airflow/dags/my_tasks.py
[2026-07-21T07:54:36.067+0000] {processor.py:914} INFO - Processing file /opt/airflow/dags/my_tasks.py for tasks to queue
[2026-07-21T07:54:36.069+0000] {logging_mixin.py:190} INFO - [2026-07-21T07:54:36.069+0000] {dagbag.py:588} INFO - Filling up the DagBag from /opt/airflow/dags/my_tasks.py
[2026-07-21T07:54:36.077+0000] {processor.py:925} INFO - DAG(s) 'my_dag' retrieved from /opt/airflow/dags/my_tasks.py
[2026-07-21T07:54:36.095+0000] {logging_mixin.py:190} INFO - [2026-07-21T07:54:36.094+0000] {dag.py:3239} INFO - Sync 1 DAGs
[2026-07-21T07:54:36.110+0000] {logging_mixin.py:190} INFO - [2026-07-21T07:54:36.110+0000] {dag.py:4180} INFO - Setting next_dagrun for my_dag to None, run_after=None
[2026-07-21T07:54:36.122+0000] {processor.py:208} INFO - Processing /opt/airflow/dags/my_tasks.py took 0.067 seconds
[2026-07-21T07:55:06.338+0000] {processor.py:186} INFO - Started process (PID=1880) to work on /opt/airflow/dags/my_tasks.py
[2026-07-21T07:55:06.346+0000] {processor.py:914} INFO - Processing file /opt/airflow/dags/my_tasks.py for tasks to queue
[2026-07-21T07:55:06.349+0000] {logging_mixin.py:190} INFO - [2026-07-21T07:55:06.349+0000] {dagbag.py:588} INFO - Filling up the DagBag from /opt/airflow/dags/my_tasks.py
[2026-07-21T07:55:06.357+0000] {processor.py:925} INFO - DAG(s) 'my_dag' retrieved from /opt/airflow/dags/my_tasks.py
[2026-07-21T07:55:06.374+0000] {logging_mixin.py:190} INFO - [2026-07-21T07:55:06.374+0000] {dag.py:3239} INFO - Sync 1 DAGs
[2026-07-21T07:55:06.389+0000] {logging_mixin.py:190} INFO - [2026-07-21T07:55:06.389+0000] {dag.py:4180} INFO - Setting next_dagrun for my_dag to None, run_after=None
[2026-07-21T07:55:06.401+0000] {processor.py:208} INFO - Processing /opt/airflow/dags/my_tasks.py took 0.067 seconds
[2026-07-21T07:55:36.631+0000] {processor.py:186} INFO - Started process (PID=1891) to work on /opt/airflow/dags/my_tasks.py
[2026-07-21T07:55:36.631+0000] {processor.py:914} INFO - Processing file /opt/airflow/dags/my_tasks.py for tasks to queue
[2026-07-21T07:55:36.633+0000] {logging_mixin.py:190} INFO - [2026-07-21T07:55:36.632+0000] {dagbag.py:588} INFO - Filling up the DagBag from /opt/airflow/dags/my_tasks.py
[2026-07-21T07:55:36.638+0000] {processor.py:925} INFO - DAG(s) 'my_dag' retrieved from /opt/airflow/dags/my_tasks.py
[2026-07-21T07:55:36.654+0000] {logging_mixin.py:190} INFO - [2026-07-21T07:55:36.654+0000] {dag.py:3239} INFO - Sync 1 DAGs
[2026-07-21T07:55:36.669+0000] {logging_mixin.py:190} INFO - [2026-07-21T07:55:36.669+0000] {dag.py:4180} INFO - Setting next_dagrun for my_dag to None, run_after=None
[2026-07-21T07:55:36.683+0000] {processor.py:208} INFO - Processing /opt/airflow/dags/my_tasks.py took 0.057 seconds
[2026-07-21T07:56:06.909+0000] {processor.py:186} INFO - Started process (PID=1902) to work on /opt/airflow/dags/my_tasks.py
[2026-07-21T07:56:06.910+0000] {processor.py:914} INFO - Processing file /opt/airflow/dags/my_tasks.py for tasks to queue
[2026-07-21T07:56:06.911+0000] {logging_mixin.py:190} INFO - [2026-07-21T07:56:06.911+0000] {dagbag.py:588} INFO - Filling up the DagBag from /opt/airflow/dags/my_tasks.py
[2026-07-21T07:56:06.916+0000] {processor.py:925} INFO - DAG(s) 'my_dag' retrieved from /opt/airflow/dags/my_tasks.py
[2026-07-21T07:56:06.934+0000] {logging_mixin.py:190} INFO - [2026-07-21T07:56:06.934+0000] {dag.py:3239} INFO - Sync 1 DAGs
[2026-07-21T07:56:06.950+0000] {logging_mixin.py:190} INFO - [2026-07-21T07:56:06.950+0000] {dag.py:4180} INFO - Setting next_dagrun for my_dag to None, run_after=None
[2026-07-21T07:56:06.963+0000] {processor.py:208} INFO - Processing /opt/airflow/dags/my_tasks.py took 0.058 seconds
[2026-07-21T07:56:37.180+0000] {processor.py:186} INFO - Started process (PID=1913) to work on /opt/airflow/dags/my_tasks.py
[2026-07-21T07:56:37.181+0000] {processor.py:914} INFO - Processing file /opt/airflow/dags/my_tasks.py for tasks to queue
[2026-07-21T07:56:37.182+0000] {logging_mixin.py:190} INFO - [2026-07-21T07:56:37.182+0000] {dagbag.py:588} INFO - Filling up the DagBag from /opt/airflow/dags/my_tasks.py
[2026-07-21T07:56:37.188+0000] {processor.py:925} INFO - DAG(s) 'my_dag' retrieved from /opt/airflow/dags/my_tasks.py
[2026-07-21T07:56:37.206+0000] {logging_mixin.py:190} INFO - [2026-07-21T07:56:37.205+0000] {dag.py:3239} INFO - Sync 1 DAGs
[2026-07-21T07:56:37.221+0000] {logging_mixin.py:190} INFO - [2026-07-21T07:56:37.221+0000] {dag.py:4180} INFO - Setting next_dagrun for my_dag to None, run_after=None
[2026-07-21T07:56:37.234+0000] {processor.py:208} INFO - Processing /opt/airflow/dags/my_tasks.py took 0.057 seconds
[2026-07-21T07:57:07.441+0000] {processor.py:186} INFO - Started process (PID=1924) to work on /opt/airflow/dags/my_tasks.py
[2026-07-21T07:57:07.441+0000] {processor.py:914} INFO - Processing file /opt/airflow/dags/my_tasks.py for tasks to queue
[2026-07-21T07:57:07.443+0000] {logging_mixin.py:190} INFO - [2026-07-21T07:57:07.443+0000] {dagbag.py:588} INFO - Filling up the DagBag from /opt/airflow/dags/my_tasks.py
[2026-07-21T07:57:07.448+0000] {processor.py:925} INFO - DAG(s) 'my_dag' retrieved from /opt/airflow/dags/my_tasks.py
[2026-07-21T07:57:07.467+0000] {logging_mixin.py:190} INFO - [2026-07-21T07:57:07.467+0000] {dag.py:3239} INFO - Sync 1 DAGs
[2026-07-21T07:57:07.482+0000] {logging_mixin.py:190} INFO - [2026-07-21T07:57:07.482+0000] {dag.py:4180} INFO - Setting next_dagrun for my_dag to None, run_after=None
[2026-07-21T07:57:07.499+0000] {processor.py:208} INFO - Processing /opt/airflow/dags/my_tasks.py took 0.062 seconds
[2026-07-21T07:57:37.694+0000] {processor.py:186} INFO - Started process (PID=1935) to work on /opt/airflow/dags/my_tasks.py
[2026-07-21T07:57:37.694+0000] {processor.py:914} INFO - Processing file /opt/airflow/dags/my_tasks.py for tasks to queue
[2026-07-21T07:57:37.696+0000] {logging_mixin.py:190} INFO - [2026-07-21T07:57:37.696+0000] {dagbag.py:588} INFO - Filling up the DagBag from /opt/airflow/dags/my_tasks.py
[2026-07-21T07:57:37.701+0000] {processor.py:925} INFO - DAG(s) 'my_dag' retrieved from /opt/airflow/dags/my_tasks.py
[2026-07-21T07:57:37.717+0000] {logging_mixin.py:190} INFO - [2026-07-21T07:57:37.717+0000] {dag.py:3239} INFO - Sync 1 DAGs
[2026-07-21T07:57:37.733+0000] {logging_mixin.py:190} INFO - [2026-07-21T07:57:37.732+0000] {dag.py:4180} INFO - Setting next_dagrun for my_dag to None, run_after=None
[2026-07-21T07:57:37.744+0000] {processor.py:208} INFO - Processing /opt/airflow/dags/my_tasks.py took 0.054 seconds
[2026-07-21T07:58:07.973+0000] {processor.py:186} INFO - Started process (PID=1946) to work on /opt/airflow/dags/my_tasks.py
[2026-07-21T07:58:07.981+0000] {processor.py:914} INFO - Processing file /opt/airflow/dags/my_tasks.py for tasks to queue
[2026-07-21T07:58:07.982+0000] {logging_mixin.py:190} INFO - [2026-07-21T07:58:07.982+0000] {dagbag.py:588} INFO - Filling up the DagBag from /opt/airflow/dags/my_tasks.py
[2026-07-21T07:58:07.988+0000] {processor.py:925} INFO - DAG(s) 'my_dag' retrieved from /opt/airflow/dags/my_tasks.py
[2026-07-21T07:58:08.005+0000] {logging_mixin.py:190} INFO - [2026-07-21T07:58:08.005+0000] {dag.py:3239} INFO - Sync 1 DAGs
[2026-07-21T07:58:08.021+0000] {logging_mixin.py:190} INFO - [2026-07-21T07:58:08.021+0000] {dag.py:4180} INFO - Setting next_dagrun for my_dag to None, run_after=None
[2026-07-21T07:58:08.034+0000] {processor.py:208} INFO - Processing /opt/airflow/dags/my_tasks.py took 0.066 seconds
[2026-07-21T07:58:38.242+0000] {processor.py:186} INFO - Started process (PID=1957) to work on /opt/airflow/dags/my_tasks.py
[2026-07-21T07:58:38.243+0000] {processor.py:914} INFO - Processing file /opt/airflow/dags/my_tasks.py for tasks to queue
[2026-07-21T07:58:38.244+0000] {logging_mixin.py:190} INFO - [2026-07-21T07:58:38.244+0000] {dagbag.py:588} INFO - Filling up the DagBag from /opt/airflow/dags/my_tasks.py
[2026-07-21T07:58:38.249+0000] {processor.py:925} INFO - DAG(s) 'my_dag' retrieved from /opt/airflow/dags/my_tasks.py
[2026-07-21T07:58:38.268+0000] {logging_mixin.py:190} INFO - [2026-07-21T07:58:38.268+0000] {dag.py:3239} INFO - Sync 1 DAGs
[2026-07-21T07:58:38.283+0000] {logging_mixin.py:190} INFO - [2026-07-21T07:58:38.283+0000] {dag.py:4180} INFO - Setting next_dagrun for my_dag to None, run_after=None
[2026-07-21T07:58:38.295+0000] {processor.py:208} INFO - Processing /opt/airflow/dags/my_tasks.py took 0.057 seconds
[2026-07-21T07:59:08.490+0000] {processor.py:186} INFO - Started process (PID=1968) to work on /opt/airflow/dags/my_tasks.py
[2026-07-21T07:59:08.498+0000] {processor.py:914} INFO - Processing file /opt/airflow/dags/my_tasks.py for tasks to queue
[2026-07-21T07:59:08.500+0000] {logging_mixin.py:190} INFO - [2026-07-21T07:59:08.500+0000] {dagbag.py:588} INFO - Filling up the DagBag from /opt/airflow/dags/my_tasks.py
[2026-07-21T07:59:08.508+0000] {processor.py:925} INFO - DAG(s) 'my_dag' retrieved from /opt/airflow/dags/my_tasks.py
[2026-07-21T07:59:08.526+0000] {logging_mixin.py:190} INFO - [2026-07-21T07:59:08.525+0000] {dag.py:3239} INFO - Sync 1 DAGs
[2026-07-21T07:59:08.541+0000] {logging_mixin.py:190} INFO - [2026-07-21T07:59:08.541+0000] {dag.py:4180} INFO - Setting next_dagrun for my_dag to None, run_after=None
[2026-07-21T07:59:08.553+0000] {processor.py:208} INFO - Processing /opt/airflow/dags/my_tasks.py took 0.067 seconds
[2026-07-21T07:59:38.750+0000] {processor.py:186} INFO - Started process (PID=1979) to work on /opt/airflow/dags/my_tasks.py
[2026-07-21T07:59:38.750+0000] {processor.py:914} INFO - Processing file /opt/airflow/dags/my_tasks.py for tasks to queue
[2026-07-21T07:59:38.751+0000] {logging_mixin.py:190} INFO - [2026-07-21T07:59:38.751+0000] {dagbag.py:588} INFO - Filling up the DagBag from /opt/airflow/dags/my_tasks.py
[2026-07-21T07:59:38.756+0000] {processor.py:925} INFO - DAG(s) 'my_dag' retrieved from /opt/airflow/dags/my_tasks.py
[2026-07-21T07:59:38.773+0000] {logging_mixin.py:190} INFO - [2026-07-21T07:59:38.773+0000] {dag.py:3239} INFO - Sync 1 DAGs
[2026-07-21T07:59:38.788+0000] {logging_mixin.py:190} INFO - [2026-07-21T07:59:38.788+0000] {dag.py:4180} INFO - Setting next_dagrun for my_dag to None, run_after=None
[2026-07-21T07:59:38.801+0000] {processor.py:208} INFO - Processing /opt/airflow/dags/my_tasks.py took 0.055 seconds
[2026-07-21T08:00:09.027+0000] {processor.py:186} INFO - Started process (PID=1990) to work on /opt/airflow/dags/my_tasks.py
[2026-07-21T08:00:09.028+0000] {processor.py:914} INFO - Processing file /opt/airflow/dags/my_tasks.py for tasks to queue
[2026-07-21T08:00:09.030+0000] {logging_mixin.py:190} INFO - [2026-07-21T08:00:09.029+0000] {dagbag.py:588} INFO - Filling up the DagBag from /opt/airflow/dags/my_tasks.py
[2026-07-21T08:00:09.036+0000] {processor.py:925} INFO - DAG(s) 'my_dag' retrieved from /opt/airflow/dags/my_tasks.py
[2026-07-21T08:00:09.054+0000] {logging_mixin.py:190} INFO - [2026-07-21T08:00:09.054+0000] {dag.py:3239} INFO - Sync 1 DAGs
[2026-07-21T08:00:09.070+0000] {logging_mixin.py:190} INFO - [2026-07-21T08:00:09.070+0000] {dag.py:4180} INFO - Setting next_dagrun for my_dag to None, run_after=None
[2026-07-21T08:00:09.082+0000] {processor.py:208} INFO - Processing /opt/airflow/dags/my_tasks.py took 0.058 seconds
[2026-07-21T08:00:39.318+0000] {processor.py:186} INFO - Started process (PID=2001) to work on /opt/airflow/dags/my_tasks.py
[2026-07-21T08:00:39.326+0000] {processor.py:914} INFO - Processing file /opt/airflow/dags/my_tasks.py for tasks to queue
[2026-07-21T08:00:39.330+0000] {logging_mixin.py:190} INFO - [2026-07-21T08:00:39.329+0000] {dagbag.py:588} INFO - Filling up the DagBag from /opt/airflow/dags/my_tasks.py
[2026-07-21T08:00:39.337+0000] {processor.py:925} INFO - DAG(s) 'my_dag' retrieved from /opt/airflow/dags/my_tasks.py
[2026-07-21T08:00:39.354+0000] {logging_mixin.py:190} INFO - [2026-07-21T08:00:39.354+0000] {dag.py:3239} INFO - Sync 1 DAGs
[2026-07-21T08:00:39.370+0000] {logging_mixin.py:190} INFO - [2026-07-21T08:00:39.370+0000] {dag.py:4180} INFO - Setting next_dagrun for my_dag to None, run_after=None
[2026-07-21T08:00:39.381+0000] {processor.py:208} INFO - Processing /opt/airflow/dags/my_tasks.py took 0.069 seconds
[2026-07-21T08:01:09.596+0000] {processor.py:186} INFO - Started process (PID=2012) to work on /opt/airflow/dags/my_tasks.py
[2026-07-21T08:01:09.604+0000] {processor.py:914} INFO - Processing file /opt/airflow/dags/my_tasks.py for tasks to queue
[2026-07-21T08:01:09.606+0000] {logging_mixin.py:190} INFO - [2026-07-21T08:01:09.605+0000] {dagbag.py:588} INFO - Filling up the DagBag from /opt/airflow/dags/my_tasks.py
[2026-07-21T08:01:09.614+0000] {processor.py:925} INFO - DAG(s) 'my_dag' retrieved from /opt/airflow/dags/my_tasks.py
[2026-07-21T08:01:09.631+0000] {logging_mixin.py:190} INFO - [2026-07-21T08:01:09.631+0000] {dag.py:3239} INFO - Sync 1 DAGs
[2026-07-21T08:01:09.646+0000] {logging_mixin.py:190} INFO - [2026-07-21T08:01:09.646+0000] {dag.py:4180} INFO - Setting next_dagrun for my_dag to None, run_after=None
[2026-07-21T08:01:09.659+0000] {processor.py:208} INFO - Processing /opt/airflow/dags/my_tasks.py took 0.067 seconds
[2026-07-21T08:01:39.865+0000] {processor.py:186} INFO - Started process (PID=2023) to work on /opt/airflow/dags/my_tasks.py
[2026-07-21T08:01:39.866+0000] {processor.py:914} INFO - Processing file /opt/airflow/dags/my_tasks.py for tasks to queue
[2026-07-21T08:01:39.867+0000] {logging_mixin.py:190} INFO - [2026-07-21T08:01:39.867+0000] {dagbag.py:588} INFO - Filling up the DagBag from /opt/airflow/dags/my_tasks.py
[2026-07-21T08:01:39.873+0000] {processor.py:925} INFO - DAG(s) 'my_dag' retrieved from /opt/airflow/dags/my_tasks.py
[2026-07-21T08:01:39.890+0000] {logging_mixin.py:190} INFO - [2026-07-21T08:01:39.890+0000] {dag.py:3239} INFO - Sync 1 DAGs
[2026-07-21T08:01:39.906+0000] {logging_mixin.py:190} INFO - [2026-07-21T08:01:39.906+0000] {dag.py:4180} INFO - Setting next_dagrun for my_dag to None, run_after=None
[2026-07-21T08:01:39.918+0000] {processor.py:208} INFO - Processing /opt/airflow/dags/my_tasks.py took 0.057 seconds
[2026-07-21T08:02:10.144+0000] {processor.py:186} INFO - Started process (PID=2034) to work on /opt/airflow/dags/my_tasks.py
[2026-07-21T08:02:10.152+0000] {processor.py:914} INFO - Processing file /opt/airflow/dags/my_tasks.py for tasks to queue
[2026-07-21T08:02:10.154+0000] {logging_mixin.py:190} INFO - [2026-07-21T08:02:10.153+0000] {dagbag.py:588} INFO - Filling up the DagBag from /opt/airflow/dags/my_tasks.py
[2026-07-21T08:02:10.159+0000] {processor.py:925} INFO - DAG(s) 'my_dag' retrieved from /opt/airflow/dags/my_tasks.py
[2026-07-21T08:02:10.177+0000] {logging_mixin.py:190} INFO - [2026-07-21T08:02:10.177+0000] {dag.py:3239} INFO - Sync 1 DAGs
[2026-07-21T08:02:10.192+0000] {logging_mixin.py:190} INFO - [2026-07-21T08:02:10.192+0000] {dag.py:4180} INFO - Setting next_dagrun for my_dag to None, run_after=None
[2026-07-21T08:02:10.205+0000] {processor.py:208} INFO - Processing /opt/airflow/dags/my_tasks.py took 0.064 seconds
[2026-07-21T08:02:40.394+0000] {processor.py:186} INFO - Started process (PID=2045) to work on /opt/airflow/dags/my_tasks.py
[2026-07-21T08:02:40.400+0000] {processor.py:914} INFO - Processing file /opt/airflow/dags/my_tasks.py for tasks to queue
[2026-07-21T08:02:40.403+0000] {logging_mixin.py:190} INFO - [2026-07-21T08:02:40.402+0000] {dagbag.py:588} INFO - Filling up the DagBag from /opt/airflow/dags/my_tasks.py
[2026-07-21T08:02:40.410+0000] {processor.py:925} INFO - DAG(s) 'my_dag' retrieved from /opt/airflow/dags/my_tasks.py
[2026-07-21T08:02:40.432+0000] {logging_mixin.py:190} INFO - [2026-07-21T08:02:40.432+0000] {dag.py:3239} INFO - Sync 1 DAGs
[2026-07-21T08:02:40.449+0000] {logging_mixin.py:190} INFO - [2026-07-21T08:02:40.449+0000] {dag.py:4180} INFO - Setting next_dagrun for my_dag to None, run_after=None
[2026-07-21T08:02:40.461+0000] {processor.py:208} INFO - Processing /opt/airflow/dags/my_tasks.py took 0.071 seconds
[2026-07-21T08:03:10.672+0000] {processor.py:186} INFO - Started process (PID=2056) to work on /opt/airflow/dags/my_tasks.py
[2026-07-21T08:03:10.680+0000] {processor.py:914} INFO - Processing file /opt/airflow/dags/my_tasks.py for tasks to queue
[2026-07-21T08:03:10.683+0000] {logging_mixin.py:190} INFO - [2026-07-21T08:03:10.682+0000] {dagbag.py:588} INFO - Filling up the DagBag from /opt/airflow/dags/my_tasks.py
[2026-07-21T08:03:10.689+0000] {processor.py:925} INFO - DAG(s) 'my_dag' retrieved from /opt/airflow/dags/my_tasks.py
[2026-07-21T08:03:10.706+0000] {logging_mixin.py:190} INFO - [2026-07-21T08:03:10.706+0000] {dag.py:3239} INFO - Sync 1 DAGs
[2026-07-21T08:03:10.722+0000] {logging_mixin.py:190} INFO - [2026-07-21T08:03:10.722+0000] {dag.py:4180} INFO - Setting next_dagrun for my_dag to None, run_after=None
[2026-07-21T08:03:10.733+0000] {processor.py:208} INFO - Processing /opt/airflow/dags/my_tasks.py took 0.065 seconds
[2026-07-21T08:03:40.938+0000] {processor.py:186} INFO - Started process (PID=2067) to work on /opt/airflow/dags/my_tasks.py
[2026-07-21T08:03:40.938+0000] {processor.py:914} INFO - Processing file /opt/airflow/dags/my_tasks.py for tasks to queue
[2026-07-21T08:03:40.940+0000] {logging_mixin.py:190} INFO - [2026-07-21T08:03:40.940+0000] {dagbag.py:588} INFO - Filling up the DagBag from /opt/airflow/dags/my_tasks.py
[2026-07-21T08:03:40.945+0000] {processor.py:925} INFO - DAG(s) 'my_dag' retrieved from /opt/airflow/dags/my_tasks.py
[2026-07-21T08:03:40.963+0000] {logging_mixin.py:190} INFO - [2026-07-21T08:03:40.963+0000] {dag.py:3239} INFO - Sync 1 DAGs
[2026-07-21T08:03:40.980+0000] {logging_mixin.py:190} INFO - [2026-07-21T08:03:40.980+0000] {dag.py:4180} INFO - Setting next_dagrun for my_dag to None, run_after=None
[2026-07-21T08:03:40.992+0000] {processor.py:208} INFO - Processing /opt/airflow/dags/my_tasks.py took 0.059 seconds
[2026-07-21T08:04:11.204+0000] {processor.py:186} INFO - Started process (PID=2078) to work on /opt/airflow/dags/my_tasks.py
[2026-07-21T08:04:11.205+0000] {processor.py:914} INFO - Processing file /opt/airflow/dags/my_tasks.py for tasks to queue
[2026-07-21T08:04:11.206+0000] {logging_mixin.py:190} INFO - [2026-07-21T08:04:11.206+0000] {dagbag.py:588} INFO - Filling up the DagBag from /opt/airflow/dags/my_tasks.py
[2026-07-21T08:04:11.212+0000] {processor.py:925} INFO - DAG(s) 'my_dag' retrieved from /opt/airflow/dags/my_tasks.py
[2026-07-21T08:04:11.229+0000] {logging_mixin.py:190} INFO - [2026-07-21T08:04:11.228+0000] {dag.py:3239} INFO - Sync 1 DAGs
[2026-07-21T08:04:11.244+0000] {logging_mixin.py:190} INFO - [2026-07-21T08:04:11.244+0000] {dag.py:4180} INFO - Setting next_dagrun for my_dag to None, run_after=None
[2026-07-21T08:04:11.256+0000] {processor.py:208} INFO - Processing /opt/airflow/dags/my_tasks.py took 0.056 seconds
[2026-07-21T08:04:41.480+0000] {processor.py:186} INFO - Started process (PID=2089) to work on /opt/airflow/dags/my_tasks.py
[2026-07-21T08:04:41.485+0000] {processor.py:914} INFO - Processing file /opt/airflow/dags/my_tasks.py for tasks to queue
[2026-07-21T08:04:41.487+0000] {logging_mixin.py:190} INFO - [2026-07-21T08:04:41.486+0000] {dagbag.py:588} INFO - Filling up the DagBag from /opt/airflow/dags/my_tasks.py
[2026-07-21T08:04:41.492+0000] {processor.py:925} INFO - DAG(s) 'my_dag' retrieved from /opt/airflow/dags/my_tasks.py
[2026-07-21T08:04:41.509+0000] {logging_mixin.py:190} INFO - [2026-07-21T08:04:41.509+0000] {dag.py:3239} INFO - Sync 1 DAGs
[2026-07-21T08:04:41.524+0000] {logging_mixin.py:190} INFO - [2026-07-21T08:04:41.524+0000] {dag.py:4180} INFO - Setting next_dagrun for my_dag to None, run_after=None
[2026-07-21T08:04:41.537+0000] {processor.py:208} INFO - Processing /opt/airflow/dags/my_tasks.py took 0.061 seconds
[2026-07-21T08:05:11.769+0000] {processor.py:186} INFO - Started process (PID=2100) to work on /opt/airflow/dags/my_tasks.py
[2026-07-21T08:05:11.769+0000] {processor.py:914} INFO - Processing file /opt/airflow/dags/my_tasks.py for tasks to queue
[2026-07-21T08:05:11.771+0000] {logging_mixin.py:190} INFO - [2026-07-21T08:05:11.771+0000] {dagbag.py:588} INFO - Filling up the DagBag from /opt/airflow/dags/my_tasks.py
[2026-07-21T08:05:11.776+0000] {processor.py:925} INFO - DAG(s) 'my_dag' retrieved from /opt/airflow/dags/my_tasks.py
[2026-07-21T08:05:11.792+0000] {logging_mixin.py:190} INFO - [2026-07-21T08:05:11.792+0000] {dag.py:3239} INFO - Sync 1 DAGs
[2026-07-21T08:05:11.810+0000] {logging_mixin.py:190} INFO - [2026-07-21T08:05:11.810+0000] {dag.py:4180} INFO - Setting next_dagrun for my_dag to None, run_after=None
[2026-07-21T08:05:11.825+0000] {processor.py:208} INFO - Processing /opt/airflow/dags/my_tasks.py took 0.060 seconds
[2026-07-21T08:05:42.047+0000] {processor.py:186} INFO - Started process (PID=2111) to work on /opt/airflow/dags/my_tasks.py
[2026-07-21T08:05:42.055+0000] {processor.py:914} INFO - Processing file /opt/airflow/dags/my_tasks.py for tasks to queue
[2026-07-21T08:05:42.057+0000] {logging_mixin.py:190} INFO - [2026-07-21T08:05:42.057+0000] {dagbag.py:588} INFO - Filling up the DagBag from /opt/airflow/dags/my_tasks.py
[2026-07-21T08:05:42.065+0000] {processor.py:925} INFO - DAG(s) 'my_dag' retrieved from /opt/airflow/dags/my_tasks.py
[2026-07-21T08:05:42.086+0000] {logging_mixin.py:190} INFO - [2026-07-21T08:05:42.086+0000] {dag.py:3239} INFO - Sync 1 DAGs
[2026-07-21T08:05:42.102+0000] {logging_mixin.py:190} INFO - [2026-07-21T08:05:42.101+0000] {dag.py:4180} INFO - Setting next_dagrun for my_dag to None, run_after=None
[2026-07-21T08:05:42.113+0000] {processor.py:208} INFO - Processing /opt/airflow/dags/my_tasks.py took 0.070 seconds
[2026-07-21T08:06:12.335+0000] {processor.py:186} INFO - Started process (PID=2122) to work on /opt/airflow/dags/my_tasks.py
[2026-07-21T08:06:12.335+0000] {processor.py:914} INFO - Processing file /opt/airflow/dags/my_tasks.py for tasks to queue
[2026-07-21T08:06:12.337+0000] {logging_mixin.py:190} INFO - [2026-07-21T08:06:12.337+0000] {dagbag.py:588} INFO - Filling up the DagBag from /opt/airflow/dags/my_tasks.py
[2026-07-21T08:06:12.342+0000] {processor.py:925} INFO - DAG(s) 'my_dag' retrieved from /opt/airflow/dags/my_tasks.py
[2026-07-21T08:06:12.358+0000] {logging_mixin.py:190} INFO - [2026-07-21T08:06:12.358+0000] {dag.py:3239} INFO - Sync 1 DAGs
[2026-07-21T08:06:12.373+0000] {logging_mixin.py:190} INFO - [2026-07-21T08:06:12.373+0000] {dag.py:4180} INFO - Setting next_dagrun for my_dag to None, run_after=None
[2026-07-21T08:06:12.385+0000] {processor.py:208} INFO - Processing /opt/airflow/dags/my_tasks.py took 0.055 seconds
[2026-07-21T08:06:42.633+0000] {processor.py:186} INFO - Started process (PID=2133) to work on /opt/airflow/dags/my_tasks.py
[2026-07-21T08:06:42.640+0000] {processor.py:914} INFO - Processing file /opt/airflow/dags/my_tasks.py for tasks to queue
[2026-07-21T08:06:42.643+0000] {logging_mixin.py:190} INFO - [2026-07-21T08:06:42.642+0000] {dagbag.py:588} INFO - Filling up the DagBag from /opt/airflow/dags/my_tasks.py
[2026-07-21T08:06:42.652+0000] {processor.py:925} INFO - DAG(s) 'my_dag' retrieved from /opt/airflow/dags/my_tasks.py
[2026-07-21T08:06:42.670+0000] {logging_mixin.py:190} INFO - [2026-07-21T08:06:42.670+0000] {dag.py:3239} INFO - Sync 1 DAGs
[2026-07-21T08:06:42.686+0000] {logging_mixin.py:190} INFO - [2026-07-21T08:06:42.686+0000] {dag.py:4180} INFO - Setting next_dagrun for my_dag to None, run_after=None
[2026-07-21T08:06:42.698+0000] {processor.py:208} INFO - Processing /opt/airflow/dags/my_tasks.py took 0.070 seconds
[2026-07-21T08:07:12.895+0000] {processor.py:186} INFO - Started process (PID=2144) to work on /opt/airflow/dags/my_tasks.py
[2026-07-21T08:07:12.895+0000] {processor.py:914} INFO - Processing file /opt/airflow/dags/my_tasks.py for tasks to queue
[2026-07-21T08:07:12.897+0000] {logging_mixin.py:190} INFO - [2026-07-21T08:07:12.896+0000] {dagbag.py:588} INFO - Filling up the DagBag from /opt/airflow/dags/my_tasks.py
[2026-07-21T08:07:12.902+0000] {processor.py:925} INFO - DAG(s) 'my_dag' retrieved from /opt/airflow/dags/my_tasks.py
[2026-07-21T08:07:12.919+0000] {logging_mixin.py:190} INFO - [2026-07-21T08:07:12.919+0000] {dag.py:3239} INFO - Sync 1 DAGs
[2026-07-21T08:07:12.936+0000] {logging_mixin.py:190} INFO - [2026-07-21T08:07:12.936+0000] {dag.py:4180} INFO - Setting next_dagrun for my_dag to None, run_after=None
[2026-07-21T08:07:12.949+0000] {processor.py:208} INFO - Processing /opt/airflow/dags/my_tasks.py took 0.058 seconds
[2026-07-21T08:07:43.166+0000] {processor.py:186} INFO - Started process (PID=2155) to work on /opt/airflow/dags/my_tasks.py
[2026-07-21T08:07:43.167+0000] {processor.py:914} INFO - Processing file /opt/airflow/dags/my_tasks.py for tasks to queue
[2026-07-21T08:07:43.168+0000] {logging_mixin.py:190} INFO - [2026-07-21T08:07:43.168+0000] {dagbag.py:588} INFO - Filling up the DagBag from /opt/airflow/dags/my_tasks.py
[2026-07-21T08:07:43.175+0000] {processor.py:925} INFO - DAG(s) 'my_dag' retrieved from /opt/airflow/dags/my_tasks.py
[2026-07-21T08:07:43.194+0000] {logging_mixin.py:190} INFO - [2026-07-21T08:07:43.194+0000] {dag.py:3239} INFO - Sync 1 DAGs
[2026-07-21T08:07:43.210+0000] {logging_mixin.py:190} INFO - [2026-07-21T08:07:43.209+0000] {dag.py:4180} INFO - Setting next_dagrun for my_dag to None, run_after=None
[2026-07-21T08:07:43.223+0000] {processor.py:208} INFO - Processing /opt/airflow/dags/my_tasks.py took 0.060 seconds
[2026-07-21T08:08:13.451+0000] {processor.py:186} INFO - Started process (PID=2166) to work on /opt/airflow/dags/my_tasks.py
[2026-07-21T08:08:13.459+0000] {processor.py:914} INFO - Processing file /opt/airflow/dags/my_tasks.py for tasks to queue
[2026-07-21T08:08:13.462+0000] {logging_mixin.py:190} INFO - [2026-07-21T08:08:13.461+0000] {dagbag.py:588} INFO - Filling up the DagBag from /opt/airflow/dags/my_tasks.py
[2026-07-21T08:08:13.470+0000] {processor.py:925} INFO - DAG(s) 'my_dag' retrieved from /opt/airflow/dags/my_tasks.py
[2026-07-21T08:08:13.491+0000] {logging_mixin.py:190} INFO - [2026-07-21T08:08:13.490+0000] {dag.py:3239} INFO - Sync 1 DAGs
[2026-07-21T08:08:13.506+0000] {logging_mixin.py:190} INFO - [2026-07-21T08:08:13.506+0000] {dag.py:4180} INFO - Setting next_dagrun for my_dag to None, run_after=None
[2026-07-21T08:08:13.518+0000] {processor.py:208} INFO - Processing /opt/airflow/dags/my_tasks.py took 0.071 seconds
[2026-07-21T08:08:43.736+0000] {processor.py:186} INFO - Started process (PID=2177) to work on /opt/airflow/dags/my_tasks.py
[2026-07-21T08:08:43.744+0000] {processor.py:914} INFO - Processing file /opt/airflow/dags/my_tasks.py for tasks to queue
[2026-07-21T08:08:43.746+0000] {logging_mixin.py:190} INFO - [2026-07-21T08:08:43.746+0000] {dagbag.py:588} INFO - Filling up the DagBag from /opt/airflow/dags/my_tasks.py
[2026-07-21T08:08:43.751+0000] {processor.py:925} INFO - DAG(s) 'my_dag' retrieved from /opt/airflow/dags/my_tasks.py
[2026-07-21T08:08:43.767+0000] {logging_mixin.py:190} INFO - [2026-07-21T08:08:43.767+0000] {dag.py:3239} INFO - Sync 1 DAGs
[2026-07-21T08:08:43.783+0000] {logging_mixin.py:190} INFO - [2026-07-21T08:08:43.783+0000] {dag.py:4180} INFO - Setting next_dagrun for my_dag to None, run_after=None
[2026-07-21T08:08:43.796+0000] {processor.py:208} INFO - Processing /opt/airflow/dags/my_tasks.py took 0.064 seconds
[2026-07-21T08:09:14.011+0000] {processor.py:186} INFO - Started process (PID=2188) to work on /opt/airflow/dags/my_tasks.py
[2026-07-21T08:09:14.019+0000] {processor.py:914} INFO - Processing file /opt/airflow/dags/my_tasks.py for tasks to queue
[2026-07-21T08:09:14.021+0000] {logging_mixin.py:190} INFO - [2026-07-21T08:09:14.020+0000] {dagbag.py:588} INFO - Filling up the DagBag from /opt/airflow/dags/my_tasks.py
[2026-07-21T08:09:14.029+0000] {processor.py:925} INFO - DAG(s) 'my_dag' retrieved from /opt/airflow/dags/my_tasks.py
[2026-07-21T08:09:14.047+0000] {logging_mixin.py:190} INFO - [2026-07-21T08:09:14.047+0000] {dag.py:3239} INFO - Sync 1 DAGs
[2026-07-21T08:09:14.063+0000] {logging_mixin.py:190} INFO - [2026-07-21T08:09:14.063+0000] {dag.py:4180} INFO - Setting next_dagrun for my_dag to None, run_after=None
[2026-07-21T08:09:14.075+0000] {processor.py:208} INFO - Processing /opt/airflow/dags/my_tasks.py took 0.069 seconds
[2026-07-21T08:09:44.298+0000] {processor.py:186} INFO - Started process (PID=2199) to work on /opt/airflow/dags/my_tasks.py
[2026-07-21T08:09:44.301+0000] {processor.py:914} INFO - Processing file /opt/airflow/dags/my_tasks.py for tasks to queue
[2026-07-21T08:09:44.302+0000] {logging_mixin.py:190} INFO - [2026-07-21T08:09:44.302+0000] {dagbag.py:588} INFO - Filling up the DagBag from /opt/airflow/dags/my_tasks.py
[2026-07-21T08:09:44.309+0000] {processor.py:925} INFO - DAG(s) 'my_dag' retrieved from /opt/airflow/dags/my_tasks.py
[2026-07-21T08:09:44.327+0000] {logging_mixin.py:190} INFO - [2026-07-21T08:09:44.327+0000] {dag.py:3239} INFO - Sync 1 DAGs
[2026-07-21T08:09:44.342+0000] {logging_mixin.py:190} INFO - [2026-07-21T08:09:44.342+0000] {dag.py:4180} INFO - Setting next_dagrun for my_dag to None, run_after=None
[2026-07-21T08:09:44.354+0000] {processor.py:208} INFO - Processing /opt/airflow/dags/my_tasks.py took 0.060 seconds
[2026-07-21T08:10:14.578+0000] {processor.py:186} INFO - Started process (PID=2210) to work on /opt/airflow/dags/my_tasks.py
[2026-07-21T08:10:14.586+0000] {processor.py:914} INFO - Processing file /opt/airflow/dags/my_tasks.py for tasks to queue
[2026-07-21T08:10:14.589+0000] {logging_mixin.py:190} INFO - [2026-07-21T08:10:14.589+0000] {dagbag.py:588} INFO - Filling up the DagBag from /opt/airflow/dags/my_tasks.py
[2026-07-21T08:10:14.595+0000] {processor.py:925} INFO - DAG(s) 'my_dag' retrieved from /opt/airflow/dags/my_tasks.py
[2026-07-21T08:10:14.616+0000] {logging_mixin.py:190} INFO - [2026-07-21T08:10:14.616+0000] {dag.py:3239} INFO - Sync 1 DAGs
[2026-07-21T08:10:14.632+0000] {logging_mixin.py:190} INFO - [2026-07-21T08:10:14.632+0000] {dag.py:4180} INFO - Setting next_dagrun for my_dag to None, run_after=None
[2026-07-21T08:10:14.645+0000] {processor.py:208} INFO - Processing /opt/airflow/dags/my_tasks.py took 0.071 seconds
[2026-07-21T08:10:44.861+0000] {processor.py:186} INFO - Started process (PID=2221) to work on /opt/airflow/dags/my_tasks.py
[2026-07-21T08:10:44.861+0000] {processor.py:914} INFO - Processing file /opt/airflow/dags/my_tasks.py for tasks to queue
[2026-07-21T08:10:44.863+0000] {logging_mixin.py:190} INFO - [2026-07-21T08:10:44.862+0000] {dagbag.py:588} INFO - Filling up the DagBag from /opt/airflow/dags/my_tasks.py
[2026-07-21T08:10:44.868+0000] {processor.py:925} INFO - DAG(s) 'my_dag' retrieved from /opt/airflow/dags/my_tasks.py
[2026-07-21T08:10:44.885+0000] {logging_mixin.py:190} INFO - [2026-07-21T08:10:44.885+0000] {dag.py:3239} INFO - Sync 1 DAGs
[2026-07-21T08:10:44.900+0000] {logging_mixin.py:190} INFO - [2026-07-21T08:10:44.900+0000] {dag.py:4180} INFO - Setting next_dagrun for my_dag to None, run_after=None
[2026-07-21T08:10:44.912+0000] {processor.py:208} INFO - Processing /opt/airflow/dags/my_tasks.py took 0.055 seconds
[2026-07-21T08:11:15.143+0000] {processor.py:186} INFO - Started process (PID=2232) to work on /opt/airflow/dags/my_tasks.py
[2026-07-21T08:11:15.143+0000] {processor.py:914} INFO - Processing file /opt/airflow/dags/my_tasks.py for tasks to queue
[2026-07-21T08:11:15.145+0000] {logging_mixin.py:190} INFO - [2026-07-21T08:11:15.144+0000] {dagbag.py:588} INFO - Filling up the DagBag from /opt/airflow/dags/my_tasks.py
[2026-07-21T08:11:15.151+0000] {processor.py:925} INFO - DAG(s) 'my_dag' retrieved from /opt/airflow/dags/my_tasks.py
[2026-07-21T08:11:15.167+0000] {logging_mixin.py:190} INFO - [2026-07-21T08:11:15.167+0000] {dag.py:3239} INFO - Sync 1 DAGs
[2026-07-21T08:11:15.183+0000] {logging_mixin.py:190} INFO - [2026-07-21T08:11:15.183+0000] {dag.py:4180} INFO - Setting next_dagrun for my_dag to None, run_after=None
[2026-07-21T08:11:15.195+0000] {processor.py:208} INFO - Processing /opt/airflow/dags/my_tasks.py took 0.057 seconds
[2026-07-21T08:11:45.409+0000] {processor.py:186} INFO - Started process (PID=2243) to work on /opt/airflow/dags/my_tasks.py
[2026-07-21T08:11:45.410+0000] {processor.py:914} INFO - Processing file /opt/airflow/dags/my_tasks.py for tasks to queue
[2026-07-21T08:11:45.412+0000] {logging_mixin.py:190} INFO - [2026-07-21T08:11:45.412+0000] {dagbag.py:588} INFO - Filling up the DagBag from /opt/airflow/dags/my_tasks.py
[2026-07-21T08:11:45.417+0000] {processor.py:925} INFO - DAG(s) 'my_dag' retrieved from /opt/airflow/dags/my_tasks.py
[2026-07-21T08:11:45.434+0000] {logging_mixin.py:190} INFO - [2026-07-21T08:11:45.434+0000] {dag.py:3239} INFO - Sync 1 DAGs
[2026-07-21T08:11:45.451+0000] {logging_mixin.py:190} INFO - [2026-07-21T08:11:45.451+0000] {dag.py:4180} INFO - Setting next_dagrun for my_dag to None, run_after=None
[2026-07-21T08:11:45.463+0000] {processor.py:208} INFO - Processing /opt/airflow/dags/my_tasks.py took 0.058 seconds
[2026-07-21T08:12:15.659+0000] {processor.py:186} INFO - Started process (PID=2254) to work on /opt/airflow/dags/my_tasks.py
[2026-07-21T08:12:15.666+0000] {processor.py:914} INFO - Processing file /opt/airflow/dags/my_tasks.py for tasks to queue
[2026-07-21T08:12:15.668+0000] {logging_mixin.py:190} INFO - [2026-07-21T08:12:15.668+0000] {dagbag.py:588} INFO - Filling up the DagBag from /opt/airflow/dags/my_tasks.py
[2026-07-21T08:12:15.676+0000] {processor.py:925} INFO - DAG(s) 'my_dag' retrieved from /opt/airflow/dags/my_tasks.py
[2026-07-21T08:12:15.696+0000] {logging_mixin.py:190} INFO - [2026-07-21T08:12:15.696+0000] {dag.py:3239} INFO - Sync 1 DAGs
[2026-07-21T08:12:15.712+0000] {logging_mixin.py:190} INFO - [2026-07-21T08:12:15.712+0000] {dag.py:4180} INFO - Setting next_dagrun for my_dag to None, run_after=None
[2026-07-21T08:12:15.723+0000] {processor.py:208} INFO - Processing /opt/airflow/dags/my_tasks.py took 0.069 seconds
[2026-07-21T08:12:45.933+0000] {processor.py:186} INFO - Started process (PID=2265) to work on /opt/airflow/dags/my_tasks.py
[2026-07-21T08:12:45.933+0000] {processor.py:914} INFO - Processing file /opt/airflow/dags/my_tasks.py for tasks to queue
[2026-07-21T08:12:45.935+0000] {logging_mixin.py:190} INFO - [2026-07-21T08:12:45.935+0000] {dagbag.py:588} INFO - Filling up the DagBag from /opt/airflow/dags/my_tasks.py
[2026-07-21T08:12:45.940+0000] {processor.py:925} INFO - DAG(s) 'my_dag' retrieved from /opt/airflow/dags/my_tasks.py
[2026-07-21T08:12:45.957+0000] {logging_mixin.py:190} INFO - [2026-07-21T08:12:45.957+0000] {dag.py:3239} INFO - Sync 1 DAGs
[2026-07-21T08:12:45.974+0000] {logging_mixin.py:190} INFO - [2026-07-21T08:12:45.973+0000] {dag.py:4180} INFO - Setting next_dagrun for my_dag to None, run_after=None
[2026-07-21T08:12:45.986+0000] {processor.py:208} INFO - Processing /opt/airflow/dags/my_tasks.py took 0.057 seconds
[2026-07-21T08:13:16.213+0000] {processor.py:186} INFO - Started process (PID=2276) to work on /opt/airflow/dags/my_tasks.py
[2026-07-21T08:13:16.221+0000] {processor.py:914} INFO - Processing file /opt/airflow/dags/my_tasks.py for tasks to queue
[2026-07-21T08:13:16.223+0000] {logging_mixin.py:190} INFO - [2026-07-21T08:13:16.222+0000] {dagbag.py:588} INFO - Filling up the DagBag from /opt/airflow/dags/my_tasks.py
[2026-07-21T08:13:16.231+0000] {processor.py:925} INFO - DAG(s) 'my_dag' retrieved from /opt/airflow/dags/my_tasks.py
[2026-07-21T08:13:16.249+0000] {logging_mixin.py:190} INFO - [2026-07-21T08:13:16.249+0000] {dag.py:3239} INFO - Sync 1 DAGs
[2026-07-21T08:13:16.264+0000] {logging_mixin.py:190} INFO - [2026-07-21T08:13:16.264+0000] {dag.py:4180} INFO - Setting next_dagrun for my_dag to None, run_after=None
[2026-07-21T08:13:16.276+0000] {processor.py:208} INFO - Processing /opt/airflow/dags/my_tasks.py took 0.067 seconds
[2026-07-21T08:13:46.490+0000] {processor.py:186} INFO - Started process (PID=2287) to work on /opt/airflow/dags/my_tasks.py
[2026-07-21T08:13:46.491+0000] {processor.py:914} INFO - Processing file /opt/airflow/dags/my_tasks.py for tasks to queue
[2026-07-21T08:13:46.492+0000] {logging_mixin.py:190} INFO - [2026-07-21T08:13:46.492+0000] {dagbag.py:588} INFO - Filling up the DagBag from /opt/airflow/dags/my_tasks.py
[2026-07-21T08:13:46.497+0000] {processor.py:925} INFO - DAG(s) 'my_dag' retrieved from /opt/airflow/dags/my_tasks.py
[2026-07-21T08:13:46.514+0000] {logging_mixin.py:190} INFO - [2026-07-21T08:13:46.514+0000] {dag.py:3239} INFO - Sync 1 DAGs
[2026-07-21T08:13:46.529+0000] {logging_mixin.py:190} INFO - [2026-07-21T08:13:46.529+0000] {dag.py:4180} INFO - Setting next_dagrun for my_dag to None, run_after=None
[2026-07-21T08:13:46.541+0000] {processor.py:208} INFO - Processing /opt/airflow/dags/my_tasks.py took 0.055 seconds
[2026-07-21T08:14:16.773+0000] {processor.py:186} INFO - Started process (PID=2298) to work on /opt/airflow/dags/my_tasks.py
[2026-07-21T08:14:16.781+0000] {processor.py:914} INFO - Processing file /opt/airflow/dags/my_tasks.py for tasks to queue
[2026-07-21T08:14:16.784+0000] {logging_mixin.py:190} INFO - [2026-07-21T08:14:16.784+0000] {dagbag.py:588} INFO - Filling up the DagBag from /opt/airflow/dags/my_tasks.py
[2026-07-21T08:14:16.792+0000] {processor.py:925} INFO - DAG(s) 'my_dag' retrieved from /opt/airflow/dags/my_tasks.py
[2026-07-21T08:14:16.809+0000] {logging_mixin.py:190} INFO - [2026-07-21T08:14:16.809+0000] {dag.py:3239} INFO - Sync 1 DAGs
[2026-07-21T08:14:16.824+0000] {logging_mixin.py:190} INFO - [2026-07-21T08:14:16.824+0000] {dag.py:4180} INFO - Setting next_dagrun for my_dag to None, run_after=None
[2026-07-21T08:14:16.836+0000] {processor.py:208} INFO - Processing /opt/airflow/dags/my_tasks.py took 0.067 seconds
[2026-07-21T08:14:47.047+0000] {processor.py:186} INFO - Started process (PID=2310) to work on /opt/airflow/dags/my_tasks.py
[2026-07-21T08:14:47.047+0000] {processor.py:914} INFO - Processing file /opt/airflow/dags/my_tasks.py for tasks to queue
[2026-07-21T08:14:47.049+0000] {logging_mixin.py:190} INFO - [2026-07-21T08:14:47.049+0000] {dagbag.py:588} INFO - Filling up the DagBag from /opt/airflow/dags/my_tasks.py
[2026-07-21T08:14:47.054+0000] {processor.py:925} INFO - DAG(s) 'my_dag' retrieved from /opt/airflow/dags/my_tasks.py
[2026-07-21T08:14:47.071+0000] {logging_mixin.py:190} INFO - [2026-07-21T08:14:47.071+0000] {dag.py:3239} INFO - Sync 1 DAGs
[2026-07-21T08:14:47.088+0000] {logging_mixin.py:190} INFO - [2026-07-21T08:14:47.087+0000] {dag.py:4180} INFO - Setting next_dagrun for my_dag to None, run_after=None
[2026-07-21T08:14:47.100+0000] {processor.py:208} INFO - Processing /opt/airflow/dags/my_tasks.py took 0.059 seconds
[2026-07-21T08:15:17.317+0000] {processor.py:186} INFO - Started process (PID=2321) to work on /opt/airflow/dags/my_tasks.py
[2026-07-21T08:15:17.325+0000] {processor.py:914} INFO - Processing file /opt/airflow/dags/my_tasks.py for tasks to queue
[2026-07-21T08:15:17.327+0000] {logging_mixin.py:190} INFO - [2026-07-21T08:15:17.327+0000] {dagbag.py:588} INFO - Filling up the DagBag from /opt/airflow/dags/my_tasks.py
[2026-07-21T08:15:17.333+0000] {processor.py:925} INFO - DAG(s) 'my_dag' retrieved from /opt/airflow/dags/my_tasks.py
[2026-07-21T08:15:17.350+0000] {logging_mixin.py:190} INFO - [2026-07-21T08:15:17.350+0000] {dag.py:3239} INFO - Sync 1 DAGs
[2026-07-21T08:15:17.366+0000] {logging_mixin.py:190} INFO - [2026-07-21T08:15:17.366+0000] {dag.py:4180} INFO - Setting next_dagrun for my_dag to None, run_after=None
[2026-07-21T08:15:17.394+0000] {processor.py:208} INFO - Processing /opt/airflow/dags/my_tasks.py took 0.080 seconds
[2026-07-21T08:15:47.583+0000] {processor.py:186} INFO - Started process (PID=2332) to work on /opt/airflow/dags/my_tasks.py
[2026-07-21T08:15:47.591+0000] {processor.py:914} INFO - Processing file /opt/airflow/dags/my_tasks.py for tasks to queue
[2026-07-21T08:15:47.594+0000] {logging_mixin.py:190} INFO - [2026-07-21T08:15:47.593+0000] {dagbag.py:588} INFO - Filling up the DagBag from /opt/airflow/dags/my_tasks.py
[2026-07-21T08:15:47.599+0000] {processor.py:925} INFO - DAG(s) 'my_dag' retrieved from /opt/airflow/dags/my_tasks.py
[2026-07-21T08:15:47.616+0000] {logging_mixin.py:190} INFO - [2026-07-21T08:15:47.616+0000] {dag.py:3239} INFO - Sync 1 DAGs
[2026-07-21T08:15:47.631+0000] {logging_mixin.py:190} INFO - [2026-07-21T08:15:47.631+0000] {dag.py:4180} INFO - Setting next_dagrun for my_dag to None, run_after=None
[2026-07-21T08:15:47.643+0000] {processor.py:208} INFO - Processing /opt/airflow/dags/my_tasks.py took 0.063 seconds
[2026-07-21T08:16:17.852+0000] {processor.py:186} INFO - Started process (PID=2343) to work on /opt/airflow/dags/my_tasks.py
[2026-07-21T08:16:17.860+0000] {processor.py:914} INFO - Processing file /opt/airflow/dags/my_tasks.py for tasks to queue
[2026-07-21T08:16:17.862+0000] {logging_mixin.py:190} INFO - [2026-07-21T08:16:17.861+0000] {dagbag.py:588} INFO - Filling up the DagBag from /opt/airflow/dags/my_tasks.py
[2026-07-21T08:16:17.870+0000] {processor.py:925} INFO - DAG(s) 'my_dag' retrieved from /opt/airflow/dags/my_tasks.py
[2026-07-21T08:16:17.888+0000] {logging_mixin.py:190} INFO - [2026-07-21T08:16:17.888+0000] {dag.py:3239} INFO - Sync 1 DAGs
[2026-07-21T08:16:17.904+0000] {logging_mixin.py:190} INFO - [2026-07-21T08:16:17.904+0000] {dag.py:4180} INFO - Setting next_dagrun for my_dag to None, run_after=None
[2026-07-21T08:16:17.919+0000] {processor.py:208} INFO - Processing /opt/airflow/dags/my_tasks.py took 0.071 seconds
[2026-07-21T08:16:48.135+0000] {processor.py:186} INFO - Started process (PID=2354) to work on /opt/airflow/dags/my_tasks.py
[2026-07-21T08:16:48.141+0000] {processor.py:914} INFO - Processing file /opt/airflow/dags/my_tasks.py for tasks to queue
[2026-07-21T08:16:48.142+0000] {logging_mixin.py:190} INFO - [2026-07-21T08:16:48.142+0000] {dagbag.py:588} INFO - Filling up the DagBag from /opt/airflow/dags/my_tasks.py
[2026-07-21T08:16:48.148+0000] {processor.py:925} INFO - DAG(s) 'my_dag' retrieved from /opt/airflow/dags/my_tasks.py
[2026-07-21T08:16:48.166+0000] {logging_mixin.py:190} INFO - [2026-07-21T08:16:48.166+0000] {dag.py:3239} INFO - Sync 1 DAGs
[2026-07-21T08:16:48.183+0000] {logging_mixin.py:190} INFO - [2026-07-21T08:16:48.183+0000] {dag.py:4180} INFO - Setting next_dagrun for my_dag to None, run_after=None
[2026-07-21T08:16:48.195+0000] {processor.py:208} INFO - Processing /opt/airflow/dags/my_tasks.py took 0.064 seconds
[2026-07-21T08:17:18.425+0000] {processor.py:186} INFO - Started process (PID=2365) to work on /opt/airflow/dags/my_tasks.py
[2026-07-21T08:17:18.425+0000] {processor.py:914} INFO - Processing file /opt/airflow/dags/my_tasks.py for tasks to queue
[2026-07-21T08:17:18.428+0000] {logging_mixin.py:190} INFO - [2026-07-21T08:17:18.427+0000] {dagbag.py:588} INFO - Filling up the DagBag from /opt/airflow/dags/my_tasks.py
[2026-07-21T08:17:18.433+0000] {processor.py:925} INFO - DAG(s) 'my_dag' retrieved from /opt/airflow/dags/my_tasks.py
[2026-07-21T08:17:18.449+0000] {logging_mixin.py:190} INFO - [2026-07-21T08:17:18.449+0000] {dag.py:3239} INFO - Sync 1 DAGs
[2026-07-21T08:17:18.464+0000] {logging_mixin.py:190} INFO - [2026-07-21T08:17:18.464+0000] {dag.py:4180} INFO - Setting next_dagrun for my_dag to None, run_after=None
[2026-07-21T08:17:18.476+0000] {processor.py:208} INFO - Processing /opt/airflow/dags/my_tasks.py took 0.055 seconds
[2026-07-21T08:17:48.715+0000] {processor.py:186} INFO - Started process (PID=2376) to work on /opt/airflow/dags/my_tasks.py
[2026-07-21T08:17:48.723+0000] {processor.py:914} INFO - Processing file /opt/airflow/dags/my_tasks.py for tasks to queue
[2026-07-21T08:17:48.725+0000] {logging_mixin.py:190} INFO - [2026-07-21T08:17:48.725+0000] {dagbag.py:588} INFO - Filling up the DagBag from /opt/airflow/dags/my_tasks.py
[2026-07-21T08:17:48.732+0000] {processor.py:925} INFO - DAG(s) 'my_dag' retrieved from /opt/airflow/dags/my_tasks.py
[2026-07-21T08:17:48.749+0000] {logging_mixin.py:190} INFO - [2026-07-21T08:17:48.749+0000] {dag.py:3239} INFO - Sync 1 DAGs
[2026-07-21T08:17:48.765+0000] {logging_mixin.py:190} INFO - [2026-07-21T08:17:48.765+0000] {dag.py:4180} INFO - Setting next_dagrun for my_dag to None, run_after=None
[2026-07-21T08:17:48.777+0000] {processor.py:208} INFO - Processing /opt/airflow/dags/my_tasks.py took 0.066 seconds
[2026-07-21T08:18:18.994+0000] {processor.py:186} INFO - Started process (PID=2387) to work on /opt/airflow/dags/my_tasks.py
[2026-07-21T08:18:18.995+0000] {processor.py:914} INFO - Processing file /opt/airflow/dags/my_tasks.py for tasks to queue
[2026-07-21T08:18:18.996+0000] {logging_mixin.py:190} INFO - [2026-07-21T08:18:18.996+0000] {dagbag.py:588} INFO - Filling up the DagBag from /opt/airflow/dags/my_tasks.py
[2026-07-21T08:18:19.002+0000] {processor.py:925} INFO - DAG(s) 'my_dag' retrieved from /opt/airflow/dags/my_tasks.py
[2026-07-21T08:18:19.019+0000] {logging_mixin.py:190} INFO - [2026-07-21T08:18:19.019+0000] {dag.py:3239} INFO - Sync 1 DAGs
[2026-07-21T08:18:19.036+0000] {logging_mixin.py:190} INFO - [2026-07-21T08:18:19.036+0000] {dag.py:4180} INFO - Setting next_dagrun for my_dag to None, run_after=None
[2026-07-21T08:18:19.049+0000] {processor.py:208} INFO - Processing /opt/airflow/dags/my_tasks.py took 0.059 seconds
[2026-07-21T08:18:49.281+0000] {processor.py:186} INFO - Started process (PID=2398) to work on /opt/airflow/dags/my_tasks.py
[2026-07-21T08:18:49.282+0000] {processor.py:914} INFO - Processing file /opt/airflow/dags/my_tasks.py for tasks to queue
[2026-07-21T08:18:49.284+0000] {logging_mixin.py:190} INFO - [2026-07-21T08:18:49.283+0000] {dagbag.py:588} INFO - Filling up the DagBag from /opt/airflow/dags/my_tasks.py
[2026-07-21T08:18:49.289+0000] {processor.py:925} INFO - DAG(s) 'my_dag' retrieved from /opt/airflow/dags/my_tasks.py
[2026-07-21T08:18:49.306+0000] {logging_mixin.py:190} INFO - [2026-07-21T08:18:49.306+0000] {dag.py:3239} INFO - Sync 1 DAGs
[2026-07-21T08:18:49.321+0000] {logging_mixin.py:190} INFO - [2026-07-21T08:18:49.321+0000] {dag.py:4180} INFO - Setting next_dagrun for my_dag to None, run_after=None
[2026-07-21T08:18:49.334+0000] {processor.py:208} INFO - Processing /opt/airflow/dags/my_tasks.py took 0.056 seconds
[2026-07-21T08:19:19.526+0000] {processor.py:186} INFO - Started process (PID=2409) to work on /opt/airflow/dags/my_tasks.py
[2026-07-21T08:19:19.526+0000] {processor.py:914} INFO - Processing file /opt/airflow/dags/my_tasks.py for tasks to queue
[2026-07-21T08:19:19.528+0000] {logging_mixin.py:190} INFO - [2026-07-21T08:19:19.528+0000] {dagbag.py:588} INFO - Filling up the DagBag from /opt/airflow/dags/my_tasks.py
[2026-07-21T08:19:19.533+0000] {processor.py:925} INFO - DAG(s) 'my_dag' retrieved from /opt/airflow/dags/my_tasks.py
[2026-07-21T08:19:19.550+0000] {logging_mixin.py:190} INFO - [2026-07-21T08:19:19.550+0000] {dag.py:3239} INFO - Sync 1 DAGs
[2026-07-21T08:19:19.565+0000] {logging_mixin.py:190} INFO - [2026-07-21T08:19:19.565+0000] {dag.py:4180} INFO - Setting next_dagrun for my_dag to None, run_after=None
[2026-07-21T08:19:19.578+0000] {processor.py:208} INFO - Processing /opt/airflow/dags/my_tasks.py took 0.056 seconds
[2026-07-21T08:19:49.793+0000] {processor.py:186} INFO - Started process (PID=2420) to work on /opt/airflow/dags/my_tasks.py
[2026-07-21T08:19:49.801+0000] {processor.py:914} INFO - Processing file /opt/airflow/dags/my_tasks.py for tasks to queue
[2026-07-21T08:19:49.803+0000] {logging_mixin.py:190} INFO - [2026-07-21T08:19:49.803+0000] {dagbag.py:588} INFO - Filling up the DagBag from /opt/airflow/dags/my_tasks.py
[2026-07-21T08:19:49.810+0000] {processor.py:925} INFO - DAG(s) 'my_dag' retrieved from /opt/airflow/dags/my_tasks.py
[2026-07-21T08:19:49.827+0000] {logging_mixin.py:190} INFO - [2026-07-21T08:19:49.827+0000] {dag.py:3239} INFO - Sync 1 DAGs
[2026-07-21T08:19:49.841+0000] {logging_mixin.py:190} INFO - [2026-07-21T08:19:49.841+0000] {dag.py:4180} INFO - Setting next_dagrun for my_dag to None, run_after=None
[2026-07-21T08:19:49.854+0000] {processor.py:208} INFO - Processing /opt/airflow/dags/my_tasks.py took 0.064 seconds
[2026-07-21T08:20:20.059+0000] {processor.py:186} INFO - Started process (PID=2431) to work on /opt/airflow/dags/my_tasks.py
[2026-07-21T08:20:20.064+0000] {processor.py:914} INFO - Processing file /opt/airflow/dags/my_tasks.py for tasks to queue
[2026-07-21T08:20:20.066+0000] {logging_mixin.py:190} INFO - [2026-07-21T08:20:20.066+0000] {dagbag.py:588} INFO - Filling up the DagBag from /opt/airflow/dags/my_tasks.py
[2026-07-21T08:20:20.072+0000] {processor.py:925} INFO - DAG(s) 'my_dag' retrieved from /opt/airflow/dags/my_tasks.py
[2026-07-21T08:20:20.090+0000] {logging_mixin.py:190} INFO - [2026-07-21T08:20:20.090+0000] {dag.py:3239} INFO - Sync 1 DAGs
[2026-07-21T08:20:20.106+0000] {logging_mixin.py:190} INFO - [2026-07-21T08:20:20.106+0000] {dag.py:4180} INFO - Setting next_dagrun for my_dag to None, run_after=None
[2026-07-21T08:20:20.123+0000] {processor.py:208} INFO - Processing /opt/airflow/dags/my_tasks.py took 0.068 seconds
[2026-07-21T08:20:50.335+0000] {processor.py:186} INFO - Started process (PID=2442) to work on /opt/airflow/dags/my_tasks.py
[2026-07-21T08:20:50.343+0000] {processor.py:914} INFO - Processing file /opt/airflow/dags/my_tasks.py for tasks to queue
[2026-07-21T08:20:50.345+0000] {logging_mixin.py:190} INFO - [2026-07-21T08:20:50.345+0000] {dagbag.py:588} INFO - Filling up the DagBag from /opt/airflow/dags/my_tasks.py
[2026-07-21T08:20:50.354+0000] {processor.py:925} INFO - DAG(s) 'my_dag' retrieved from /opt/airflow/dags/my_tasks.py
[2026-07-21T08:20:50.371+0000] {logging_mixin.py:190} INFO - [2026-07-21T08:20:50.371+0000] {dag.py:3239} INFO - Sync 1 DAGs
[2026-07-21T08:20:50.386+0000] {logging_mixin.py:190} INFO - [2026-07-21T08:20:50.386+0000] {dag.py:4180} INFO - Setting next_dagrun for my_dag to None, run_after=None
[2026-07-21T08:20:50.398+0000] {processor.py:208} INFO - Processing /opt/airflow/dags/my_tasks.py took 0.067 seconds
[2026-07-21T08:21:20.595+0000] {processor.py:186} INFO - Started process (PID=2453) to work on /opt/airflow/dags/my_tasks.py
[2026-07-21T08:21:20.596+0000] {processor.py:914} INFO - Processing file /opt/airflow/dags/my_tasks.py for tasks to queue
[2026-07-21T08:21:20.598+0000] {logging_mixin.py:190} INFO - [2026-07-21T08:21:20.597+0000] {dagbag.py:588} INFO - Filling up the DagBag from /opt/airflow/dags/my_tasks.py
[2026-07-21T08:21:20.603+0000] {processor.py:925} INFO - DAG(s) 'my_dag' retrieved from /opt/airflow/dags/my_tasks.py
[2026-07-21T08:21:20.624+0000] {logging_mixin.py:190} INFO - [2026-07-21T08:21:20.624+0000] {dag.py:3239} INFO - Sync 1 DAGs
[2026-07-21T08:21:20.639+0000] {logging_mixin.py:190} INFO - [2026-07-21T08:21:20.639+0000] {dag.py:4180} INFO - Setting next_dagrun for my_dag to None, run_after=None
[2026-07-21T08:21:20.651+0000] {processor.py:208} INFO - Processing /opt/airflow/dags/my_tasks.py took 0.060 seconds
[2026-07-21T08:21:50.864+0000] {processor.py:186} INFO - Started process (PID=2464) to work on /opt/airflow/dags/my_tasks.py
[2026-07-21T08:21:50.872+0000] {processor.py:914} INFO - Processing file /opt/airflow/dags/my_tasks.py for tasks to queue
[2026-07-21T08:21:50.873+0000] {logging_mixin.py:190} INFO - [2026-07-21T08:21:50.873+0000] {dagbag.py:588} INFO - Filling up the DagBag from /opt/airflow/dags/my_tasks.py
[2026-07-21T08:21:50.881+0000] {processor.py:925} INFO - DAG(s) 'my_dag' retrieved from /opt/airflow/dags/my_tasks.py
[2026-07-21T08:21:50.898+0000] {logging_mixin.py:190} INFO - [2026-07-21T08:21:50.898+0000] {dag.py:3239} INFO - Sync 1 DAGs
[2026-07-21T08:21:50.913+0000] {logging_mixin.py:190} INFO - [2026-07-21T08:21:50.913+0000] {dag.py:4180} INFO - Setting next_dagrun for my_dag to None, run_after=None
[2026-07-21T08:21:50.926+0000] {processor.py:208} INFO - Processing /opt/airflow/dags/my_tasks.py took 0.066 seconds
[2026-07-21T08:22:21.130+0000] {processor.py:186} INFO - Started process (PID=2475) to work on /opt/airflow/dags/my_tasks.py
[2026-07-21T08:22:21.138+0000] {processor.py:914} INFO - Processing file /opt/airflow/dags/my_tasks.py for tasks to queue
[2026-07-21T08:22:21.141+0000] {logging_mixin.py:190} INFO - [2026-07-21T08:22:21.140+0000] {dagbag.py:588} INFO - Filling up the DagBag from /opt/airflow/dags/my_tasks.py
[2026-07-21T08:22:21.150+0000] {processor.py:925} INFO - DAG(s) 'my_dag' retrieved from /opt/airflow/dags/my_tasks.py
[2026-07-21T08:22:21.167+0000] {logging_mixin.py:190} INFO - [2026-07-21T08:22:21.167+0000] {dag.py:3239} INFO - Sync 1 DAGs
[2026-07-21T08:22:21.183+0000] {logging_mixin.py:190} INFO - [2026-07-21T08:22:21.182+0000] {dag.py:4180} INFO - Setting next_dagrun for my_dag to None, run_after=None
[2026-07-21T08:22:21.194+0000] {processor.py:208} INFO - Processing /opt/airflow/dags/my_tasks.py took 0.068 seconds
[2026-07-21T08:22:51.408+0000] {processor.py:186} INFO - Started process (PID=2486) to work on /opt/airflow/dags/my_tasks.py
[2026-07-21T08:22:51.416+0000] {processor.py:914} INFO - Processing file /opt/airflow/dags/my_tasks.py for tasks to queue
[2026-07-21T08:22:51.420+0000] {logging_mixin.py:190} INFO - [2026-07-21T08:22:51.419+0000] {dagbag.py:588} INFO - Filling up the DagBag from /opt/airflow/dags/my_tasks.py
[2026-07-21T08:22:51.428+0000] {processor.py:925} INFO - DAG(s) 'my_dag' retrieved from /opt/airflow/dags/my_tasks.py
[2026-07-21T08:22:51.445+0000] {logging_mixin.py:190} INFO - [2026-07-21T08:22:51.445+0000] {dag.py:3239} INFO - Sync 1 DAGs
[2026-07-21T08:22:51.461+0000] {logging_mixin.py:190} INFO - [2026-07-21T08:22:51.461+0000] {dag.py:4180} INFO - Setting next_dagrun for my_dag to None, run_after=None
[2026-07-21T08:22:51.473+0000] {processor.py:208} INFO - Processing /opt/airflow/dags/my_tasks.py took 0.068 seconds
[2026-07-21T08:23:21.686+0000] {processor.py:186} INFO - Started process (PID=2497) to work on /opt/airflow/dags/my_tasks.py
[2026-07-21T08:23:21.697+0000] {processor.py:914} INFO - Processing file /opt/airflow/dags/my_tasks.py for tasks to queue
[2026-07-21T08:23:21.701+0000] {logging_mixin.py:190} INFO - [2026-07-21T08:23:21.700+0000] {dagbag.py:588} INFO - Filling up the DagBag from /opt/airflow/dags/my_tasks.py
[2026-07-21T08:23:21.710+0000] {processor.py:925} INFO - DAG(s) 'my_dag' retrieved from /opt/airflow/dags/my_tasks.py
[2026-07-21T08:23:21.727+0000] {logging_mixin.py:190} INFO - [2026-07-21T08:23:21.727+0000] {dag.py:3239} INFO - Sync 1 DAGs
[2026-07-21T08:23:21.743+0000] {logging_mixin.py:190} INFO - [2026-07-21T08:23:21.743+0000] {dag.py:4180} INFO - Setting next_dagrun for my_dag to None, run_after=None
[2026-07-21T08:23:21.755+0000] {processor.py:208} INFO - Processing /opt/airflow/dags/my_tasks.py took 0.073 seconds
[2026-07-21T08:23:51.971+0000] {processor.py:186} INFO - Started process (PID=2508) to work on /opt/airflow/dags/my_tasks.py
[2026-07-21T08:23:51.979+0000] {processor.py:914} INFO - Processing file /opt/airflow/dags/my_tasks.py for tasks to queue
[2026-07-21T08:23:51.981+0000] {logging_mixin.py:190} INFO - [2026-07-21T08:23:51.981+0000] {dagbag.py:588} INFO - Filling up the DagBag from /opt/airflow/dags/my_tasks.py
[2026-07-21T08:23:51.990+0000] {processor.py:925} INFO - DAG(s) 'my_dag' retrieved from /opt/airflow/dags/my_tasks.py
[2026-07-21T08:23:52.007+0000] {logging_mixin.py:190} INFO - [2026-07-21T08:23:52.007+0000] {dag.py:3239} INFO - Sync 1 DAGs
[2026-07-21T08:23:52.024+0000] {logging_mixin.py:190} INFO - [2026-07-21T08:23:52.023+0000] {dag.py:4180} INFO - Setting next_dagrun for my_dag to None, run_after=None
[2026-07-21T08:23:52.037+0000] {processor.py:208} INFO - Processing /opt/airflow/dags/my_tasks.py took 0.070 seconds
[2026-07-21T08:24:22.255+0000] {processor.py:186} INFO - Started process (PID=2519) to work on /opt/airflow/dags/my_tasks.py
[2026-07-21T08:24:22.263+0000] {processor.py:914} INFO - Processing file /opt/airflow/dags/my_tasks.py for tasks to queue
[2026-07-21T08:24:22.266+0000] {logging_mixin.py:190} INFO - [2026-07-21T08:24:22.265+0000] {dagbag.py:588} INFO - Filling up the DagBag from /opt/airflow/dags/my_tasks.py
[2026-07-21T08:24:22.275+0000] {processor.py:925} INFO - DAG(s) 'my_dag' retrieved from /opt/airflow/dags/my_tasks.py
[2026-07-21T08:24:22.293+0000] {logging_mixin.py:190} INFO - [2026-07-21T08:24:22.293+0000] {dag.py:3239} INFO - Sync 1 DAGs
[2026-07-21T08:24:22.308+0000] {logging_mixin.py:190} INFO - [2026-07-21T08:24:22.308+0000] {dag.py:4180} INFO - Setting next_dagrun for my_dag to None, run_after=None
[2026-07-21T08:24:22.321+0000] {processor.py:208} INFO - Processing /opt/airflow/dags/my_tasks.py took 0.070 seconds
[2026-07-21T08:24:52.549+0000] {processor.py:186} INFO - Started process (PID=2530) to work on /opt/airflow/dags/my_tasks.py
[2026-07-21T08:24:52.550+0000] {processor.py:914} INFO - Processing file /opt/airflow/dags/my_tasks.py for tasks to queue
[2026-07-21T08:24:52.552+0000] {logging_mixin.py:190} INFO - [2026-07-21T08:24:52.552+0000] {dagbag.py:588} INFO - Filling up the DagBag from /opt/airflow/dags/my_tasks.py
[2026-07-21T08:24:52.558+0000] {processor.py:925} INFO - DAG(s) 'my_dag' retrieved from /opt/airflow/dags/my_tasks.py
[2026-07-21T08:24:52.575+0000] {logging_mixin.py:190} INFO - [2026-07-21T08:24:52.574+0000] {dag.py:3239} INFO - Sync 1 DAGs
[2026-07-21T08:24:52.590+0000] {logging_mixin.py:190} INFO - [2026-07-21T08:24:52.590+0000] {dag.py:4180} INFO - Setting next_dagrun for my_dag to None, run_after=None
[2026-07-21T08:24:52.602+0000] {processor.py:208} INFO - Processing /opt/airflow/dags/my_tasks.py took 0.058 seconds
[2026-07-21T08:25:22.824+0000] {processor.py:186} INFO - Started process (PID=2541) to work on /opt/airflow/dags/my_tasks.py
[2026-07-21T08:25:22.832+0000] {processor.py:914} INFO - Processing file /opt/airflow/dags/my_tasks.py for tasks to queue
[2026-07-21T08:25:22.835+0000] {logging_mixin.py:190} INFO - [2026-07-21T08:25:22.835+0000] {dagbag.py:588} INFO - Filling up the DagBag from /opt/airflow/dags/my_tasks.py
[2026-07-21T08:25:22.843+0000] {processor.py:925} INFO - DAG(s) 'my_dag' retrieved from /opt/airflow/dags/my_tasks.py
[2026-07-21T08:25:22.862+0000] {logging_mixin.py:190} INFO - [2026-07-21T08:25:22.862+0000] {dag.py:3239} INFO - Sync 1 DAGs
[2026-07-21T08:25:22.878+0000] {logging_mixin.py:190} INFO - [2026-07-21T08:25:22.878+0000] {dag.py:4180} INFO - Setting next_dagrun for my_dag to None, run_after=None
[2026-07-21T08:25:22.894+0000] {processor.py:208} INFO - Processing /opt/airflow/dags/my_tasks.py took 0.074 seconds
[2026-07-21T08:25:53.074+0000] {processor.py:186} INFO - Started process (PID=2552) to work on /opt/airflow/dags/my_tasks.py
[2026-07-21T08:25:53.074+0000] {processor.py:914} INFO - Processing file /opt/airflow/dags/my_tasks.py for tasks to queue
[2026-07-21T08:25:53.076+0000] {logging_mixin.py:190} INFO - [2026-07-21T08:25:53.075+0000] {dagbag.py:588} INFO - Filling up the DagBag from /opt/airflow/dags/my_tasks.py
[2026-07-21T08:25:53.081+0000] {processor.py:925} INFO - DAG(s) 'my_dag' retrieved from /opt/airflow/dags/my_tasks.py
[2026-07-21T08:25:53.101+0000] {logging_mixin.py:190} INFO - [2026-07-21T08:25:53.101+0000] {dag.py:3239} INFO - Sync 1 DAGs
[2026-07-21T08:25:53.117+0000] {logging_mixin.py:190} INFO - [2026-07-21T08:25:53.117+0000] {dag.py:4180} INFO - Setting next_dagrun for my_dag to None, run_after=None
[2026-07-21T08:25:53.130+0000] {processor.py:208} INFO - Processing /opt/airflow/dags/my_tasks.py took 0.060 seconds
[2026-07-21T08:26:23.333+0000] {processor.py:186} INFO - Started process (PID=2563) to work on /opt/airflow/dags/my_tasks.py
[2026-07-21T08:26:23.341+0000] {processor.py:914} INFO - Processing file /opt/airflow/dags/my_tasks.py for tasks to queue
[2026-07-21T08:26:23.342+0000] {logging_mixin.py:190} INFO - [2026-07-21T08:26:23.342+0000] {dagbag.py:588} INFO - Filling up the DagBag from /opt/airflow/dags/my_tasks.py
[2026-07-21T08:26:23.350+0000] {processor.py:925} INFO - DAG(s) 'my_dag' retrieved from /opt/airflow/dags/my_tasks.py
[2026-07-21T08:26:23.367+0000] {logging_mixin.py:190} INFO - [2026-07-21T08:26:23.367+0000] {dag.py:3239} INFO - Sync 1 DAGs
[2026-07-21T08:26:23.382+0000] {logging_mixin.py:190} INFO - [2026-07-21T08:26:23.382+0000] {dag.py:4180} INFO - Setting next_dagrun for my_dag to None, run_after=None
[2026-07-21T08:26:23.394+0000] {processor.py:208} INFO - Processing /opt/airflow/dags/my_tasks.py took 0.065 seconds
[2026-07-21T08:26:53.609+0000] {processor.py:186} INFO - Started process (PID=2574) to work on /opt/airflow/dags/my_tasks.py
[2026-07-21T08:26:53.609+0000] {processor.py:914} INFO - Processing file /opt/airflow/dags/my_tasks.py for tasks to queue
[2026-07-21T08:26:53.611+0000] {logging_mixin.py:190} INFO - [2026-07-21T08:26:53.611+0000] {dagbag.py:588} INFO - Filling up the DagBag from /opt/airflow/dags/my_tasks.py
[2026-07-21T08:26:53.616+0000] {processor.py:925} INFO - DAG(s) 'my_dag' retrieved from /opt/airflow/dags/my_tasks.py
[2026-07-21T08:26:53.632+0000] {logging_mixin.py:190} INFO - [2026-07-21T08:26:53.632+0000] {dag.py:3239} INFO - Sync 1 DAGs
[2026-07-21T08:26:53.647+0000] {logging_mixin.py:190} INFO - [2026-07-21T08:26:53.647+0000] {dag.py:4180} INFO - Setting next_dagrun for my_dag to None, run_after=None
[2026-07-21T08:26:53.659+0000] {processor.py:208} INFO - Processing /opt/airflow/dags/my_tasks.py took 0.054 seconds
[2026-07-21T08:27:23.878+0000] {processor.py:186} INFO - Started process (PID=2585) to work on /opt/airflow/dags/my_tasks.py
[2026-07-21T08:27:23.886+0000] {processor.py:914} INFO - Processing file /opt/airflow/dags/my_tasks.py for tasks to queue
[2026-07-21T08:27:23.889+0000] {logging_mixin.py:190} INFO - [2026-07-21T08:27:23.888+0000] {dagbag.py:588} INFO - Filling up the DagBag from /opt/airflow/dags/my_tasks.py
[2026-07-21T08:27:23.896+0000] {processor.py:925} INFO - DAG(s) 'my_dag' retrieved from /opt/airflow/dags/my_tasks.py
[2026-07-21T08:27:23.913+0000] {logging_mixin.py:190} INFO - [2026-07-21T08:27:23.912+0000] {dag.py:3239} INFO - Sync 1 DAGs
[2026-07-21T08:27:23.929+0000] {logging_mixin.py:190} INFO - [2026-07-21T08:27:23.929+0000] {dag.py:4180} INFO - Setting next_dagrun for my_dag to None, run_after=None
[2026-07-21T08:27:23.942+0000] {processor.py:208} INFO - Processing /opt/airflow/dags/my_tasks.py took 0.068 seconds
[2026-07-21T08:27:54.157+0000] {processor.py:186} INFO - Started process (PID=2596) to work on /opt/airflow/dags/my_tasks.py
[2026-07-21T08:27:54.157+0000] {processor.py:914} INFO - Processing file /opt/airflow/dags/my_tasks.py for tasks to queue
[2026-07-21T08:27:54.158+0000] {logging_mixin.py:190} INFO - [2026-07-21T08:27:54.158+0000] {dagbag.py:588} INFO - Filling up the DagBag from /opt/airflow/dags/my_tasks.py
[2026-07-21T08:27:54.164+0000] {processor.py:925} INFO - DAG(s) 'my_dag' retrieved from /opt/airflow/dags/my_tasks.py
[2026-07-21T08:27:54.181+0000] {logging_mixin.py:190} INFO - [2026-07-21T08:27:54.181+0000] {dag.py:3239} INFO - Sync 1 DAGs
[2026-07-21T08:27:54.197+0000] {logging_mixin.py:190} INFO - [2026-07-21T08:27:54.197+0000] {dag.py:4180} INFO - Setting next_dagrun for my_dag to None, run_after=None
[2026-07-21T08:27:54.209+0000] {processor.py:208} INFO - Processing /opt/airflow/dags/my_tasks.py took 0.056 seconds
[2026-07-21T08:28:24.441+0000] {processor.py:186} INFO - Started process (PID=2607) to work on /opt/airflow/dags/my_tasks.py
[2026-07-21T08:28:24.441+0000] {processor.py:914} INFO - Processing file /opt/airflow/dags/my_tasks.py for tasks to queue
[2026-07-21T08:28:24.443+0000] {logging_mixin.py:190} INFO - [2026-07-21T08:28:24.443+0000] {dagbag.py:588} INFO - Filling up the DagBag from /opt/airflow/dags/my_tasks.py
[2026-07-21T08:28:24.448+0000] {processor.py:925} INFO - DAG(s) 'my_dag' retrieved from /opt/airflow/dags/my_tasks.py
[2026-07-21T08:28:24.465+0000] {logging_mixin.py:190} INFO - [2026-07-21T08:28:24.465+0000] {dag.py:3239} INFO - Sync 1 DAGs
[2026-07-21T08:28:24.480+0000] {logging_mixin.py:190} INFO - [2026-07-21T08:28:24.480+0000] {dag.py:4180} INFO - Setting next_dagrun for my_dag to None, run_after=None
[2026-07-21T08:28:24.493+0000] {processor.py:208} INFO - Processing /opt/airflow/dags/my_tasks.py took 0.056 seconds
[2026-07-21T08:28:54.701+0000] {processor.py:186} INFO - Started process (PID=2618) to work on /opt/airflow/dags/my_tasks.py
[2026-07-21T08:28:54.702+0000] {processor.py:914} INFO - Processing file /opt/airflow/dags/my_tasks.py for tasks to queue
[2026-07-21T08:28:54.703+0000] {logging_mixin.py:190} INFO - [2026-07-21T08:28:54.703+0000] {dagbag.py:588} INFO - Filling up the DagBag from /opt/airflow/dags/my_tasks.py
[2026-07-21T08:28:54.708+0000] {processor.py:925} INFO - DAG(s) 'my_dag' retrieved from /opt/airflow/dags/my_tasks.py
[2026-07-21T08:28:54.726+0000] {logging_mixin.py:190} INFO - [2026-07-21T08:28:54.725+0000] {dag.py:3239} INFO - Sync 1 DAGs
[2026-07-21T08:28:54.741+0000] {logging_mixin.py:190} INFO - [2026-07-21T08:28:54.741+0000] {dag.py:4180} INFO - Setting next_dagrun for my_dag to None, run_after=None
[2026-07-21T08:28:54.754+0000] {processor.py:208} INFO - Processing /opt/airflow/dags/my_tasks.py took 0.057 seconds
[2026-07-21T08:29:24.967+0000] {processor.py:186} INFO - Started process (PID=2629) to work on /opt/airflow/dags/my_tasks.py
[2026-07-21T08:29:24.967+0000] {processor.py:914} INFO - Processing file /opt/airflow/dags/my_tasks.py for tasks to queue
[2026-07-21T08:29:24.969+0000] {logging_mixin.py:190} INFO - [2026-07-21T08:29:24.968+0000] {dagbag.py:588} INFO - Filling up the DagBag from /opt/airflow/dags/my_tasks.py
[2026-07-21T08:29:24.974+0000] {processor.py:925} INFO - DAG(s) 'my_dag' retrieved from /opt/airflow/dags/my_tasks.py
[2026-07-21T08:29:24.991+0000] {logging_mixin.py:190} INFO - [2026-07-21T08:29:24.991+0000] {dag.py:3239} INFO - Sync 1 DAGs
[2026-07-21T08:29:25.008+0000] {logging_mixin.py:190} INFO - [2026-07-21T08:29:25.008+0000] {dag.py:4180} INFO - Setting next_dagrun for my_dag to None, run_after=None
[2026-07-21T08:29:25.021+0000] {processor.py:208} INFO - Processing /opt/airflow/dags/my_tasks.py took 0.058 seconds
[2026-07-21T08:29:55.241+0000] {processor.py:186} INFO - Started process (PID=2641) to work on /opt/airflow/dags/my_tasks.py
[2026-07-21T08:29:55.241+0000] {processor.py:914} INFO - Processing file /opt/airflow/dags/my_tasks.py for tasks to queue
[2026-07-21T08:29:55.243+0000] {logging_mixin.py:190} INFO - [2026-07-21T08:29:55.242+0000] {dagbag.py:588} INFO - Filling up the DagBag from /opt/airflow/dags/my_tasks.py
[2026-07-21T08:29:55.248+0000] {processor.py:925} INFO - DAG(s) 'my_dag' retrieved from /opt/airflow/dags/my_tasks.py
[2026-07-21T08:29:55.265+0000] {logging_mixin.py:190} INFO - [2026-07-21T08:29:55.265+0000] {dag.py:3239} INFO - Sync 1 DAGs
[2026-07-21T08:29:55.280+0000] {logging_mixin.py:190} INFO - [2026-07-21T08:29:55.280+0000] {dag.py:4180} INFO - Setting next_dagrun for my_dag to None, run_after=None
[2026-07-21T08:29:55.292+0000] {processor.py:208} INFO - Processing /opt/airflow/dags/my_tasks.py took 0.056 seconds
[2026-07-21T08:30:25.518+0000] {processor.py:186} INFO - Started process (PID=2652) to work on /opt/airflow/dags/my_tasks.py
[2026-07-21T08:30:25.526+0000] {processor.py:914} INFO - Processing file /opt/airflow/dags/my_tasks.py for tasks to queue
[2026-07-21T08:30:25.528+0000] {logging_mixin.py:190} INFO - [2026-07-21T08:30:25.528+0000] {dagbag.py:588} INFO - Filling up the DagBag from /opt/airflow/dags/my_tasks.py
[2026-07-21T08:30:25.536+0000] {processor.py:925} INFO - DAG(s) 'my_dag' retrieved from /opt/airflow/dags/my_tasks.py
[2026-07-21T08:30:25.553+0000] {logging_mixin.py:190} INFO - [2026-07-21T08:30:25.553+0000] {dag.py:3239} INFO - Sync 1 DAGs
[2026-07-21T08:30:25.568+0000] {logging_mixin.py:190} INFO - [2026-07-21T08:30:25.568+0000] {dag.py:4180} INFO - Setting next_dagrun for my_dag to None, run_after=None
[2026-07-21T08:30:25.580+0000] {processor.py:208} INFO - Processing /opt/airflow/dags/my_tasks.py took 0.066 seconds
[2026-07-21T08:30:55.811+0000] {processor.py:186} INFO - Started process (PID=2663) to work on /opt/airflow/dags/my_tasks.py
[2026-07-21T08:30:55.812+0000] {processor.py:914} INFO - Processing file /opt/airflow/dags/my_tasks.py for tasks to queue
[2026-07-21T08:30:55.814+0000] {logging_mixin.py:190} INFO - [2026-07-21T08:30:55.813+0000] {dagbag.py:588} INFO - Filling up the DagBag from /opt/airflow/dags/my_tasks.py
[2026-07-21T08:30:55.819+0000] {processor.py:925} INFO - DAG(s) 'my_dag' retrieved from /opt/airflow/dags/my_tasks.py
[2026-07-21T08:30:55.835+0000] {logging_mixin.py:190} INFO - [2026-07-21T08:30:55.835+0000] {dag.py:3239} INFO - Sync 1 DAGs
[2026-07-21T08:30:55.851+0000] {logging_mixin.py:190} INFO - [2026-07-21T08:30:55.850+0000] {dag.py:4180} INFO - Setting next_dagrun for my_dag to None, run_after=None
[2026-07-21T08:30:55.863+0000] {processor.py:208} INFO - Processing /opt/airflow/dags/my_tasks.py took 0.056 seconds
[2026-07-21T08:31:26.081+0000] {processor.py:186} INFO - Started process (PID=2674) to work on /opt/airflow/dags/my_tasks.py
[2026-07-21T08:31:26.089+0000] {processor.py:914} INFO - Processing file /opt/airflow/dags/my_tasks.py for tasks to queue
[2026-07-21T08:31:26.091+0000] {logging_mixin.py:190} INFO - [2026-07-21T08:31:26.091+0000] {dagbag.py:588} INFO - Filling up the DagBag from /opt/airflow/dags/my_tasks.py
[2026-07-21T08:31:26.099+0000] {processor.py:925} INFO - DAG(s) 'my_dag' retrieved from /opt/airflow/dags/my_tasks.py
[2026-07-21T08:31:26.116+0000] {logging_mixin.py:190} INFO - [2026-07-21T08:31:26.116+0000] {dag.py:3239} INFO - Sync 1 DAGs
[2026-07-21T08:31:26.133+0000] {logging_mixin.py:190} INFO - [2026-07-21T08:31:26.132+0000] {dag.py:4180} INFO - Setting next_dagrun for my_dag to None, run_after=None
[2026-07-21T08:31:26.144+0000] {processor.py:208} INFO - Processing /opt/airflow/dags/my_tasks.py took 0.067 seconds
[2026-07-21T08:31:56.349+0000] {processor.py:186} INFO - Started process (PID=2685) to work on /opt/airflow/dags/my_tasks.py
[2026-07-21T08:31:56.357+0000] {processor.py:914} INFO - Processing file /opt/airflow/dags/my_tasks.py for tasks to queue
[2026-07-21T08:31:56.359+0000] {logging_mixin.py:190} INFO - [2026-07-21T08:31:56.359+0000] {dagbag.py:588} INFO - Filling up the DagBag from /opt/airflow/dags/my_tasks.py
[2026-07-21T08:31:56.368+0000] {processor.py:925} INFO - DAG(s) 'my_dag' retrieved from /opt/airflow/dags/my_tasks.py
[2026-07-21T08:31:56.385+0000] {logging_mixin.py:190} INFO - [2026-07-21T08:31:56.385+0000] {dag.py:3239} INFO - Sync 1 DAGs
[2026-07-21T08:31:56.400+0000] {logging_mixin.py:190} INFO - [2026-07-21T08:31:56.400+0000] {dag.py:4180} INFO - Setting next_dagrun for my_dag to None, run_after=None
[2026-07-21T08:31:56.412+0000] {processor.py:208} INFO - Processing /opt/airflow/dags/my_tasks.py took 0.067 seconds
[2026-07-21T08:32:26.635+0000] {processor.py:186} INFO - Started process (PID=2696) to work on /opt/airflow/dags/my_tasks.py
[2026-07-21T08:32:26.636+0000] {processor.py:914} INFO - Processing file /opt/airflow/dags/my_tasks.py for tasks to queue
[2026-07-21T08:32:26.638+0000] {logging_mixin.py:190} INFO - [2026-07-21T08:32:26.637+0000] {dagbag.py:588} INFO - Filling up the DagBag from /opt/airflow/dags/my_tasks.py
[2026-07-21T08:32:26.643+0000] {processor.py:925} INFO - DAG(s) 'my_dag' retrieved from /opt/airflow/dags/my_tasks.py
[2026-07-21T08:32:26.660+0000] {logging_mixin.py:190} INFO - [2026-07-21T08:32:26.659+0000] {dag.py:3239} INFO - Sync 1 DAGs
[2026-07-21T08:32:26.675+0000] {logging_mixin.py:190} INFO - [2026-07-21T08:32:26.675+0000] {dag.py:4180} INFO - Setting next_dagrun for my_dag to None, run_after=None
[2026-07-21T08:32:26.687+0000] {processor.py:208} INFO - Processing /opt/airflow/dags/my_tasks.py took 0.056 seconds
[2026-07-21T08:32:56.918+0000] {processor.py:186} INFO - Started process (PID=2707) to work on /opt/airflow/dags/my_tasks.py
[2026-07-21T08:32:56.926+0000] {processor.py:914} INFO - Processing file /opt/airflow/dags/my_tasks.py for tasks to queue
[2026-07-21T08:32:56.928+0000] {logging_mixin.py:190} INFO - [2026-07-21T08:32:56.928+0000] {dagbag.py:588} INFO - Filling up the DagBag from /opt/airflow/dags/my_tasks.py
[2026-07-21T08:32:56.937+0000] {processor.py:925} INFO - DAG(s) 'my_dag' retrieved from /opt/airflow/dags/my_tasks.py
[2026-07-21T08:32:56.954+0000] {logging_mixin.py:190} INFO - [2026-07-21T08:32:56.954+0000] {dag.py:3239} INFO - Sync 1 DAGs
[2026-07-21T08:32:56.971+0000] {logging_mixin.py:190} INFO - [2026-07-21T08:32:56.971+0000] {dag.py:4180} INFO - Setting next_dagrun for my_dag to None, run_after=None
[2026-07-21T08:32:56.984+0000] {processor.py:208} INFO - Processing /opt/airflow/dags/my_tasks.py took 0.070 seconds
[2026-07-21T08:33:27.209+0000] {processor.py:186} INFO - Started process (PID=2718) to work on /opt/airflow/dags/my_tasks.py
[2026-07-21T08:33:27.209+0000] {processor.py:914} INFO - Processing file /opt/airflow/dags/my_tasks.py for tasks to queue
[2026-07-21T08:33:27.211+0000] {logging_mixin.py:190} INFO - [2026-07-21T08:33:27.210+0000] {dagbag.py:588} INFO - Filling up the DagBag from /opt/airflow/dags/my_tasks.py
[2026-07-21T08:33:27.217+0000] {processor.py:925} INFO - DAG(s) 'my_dag' retrieved from /opt/airflow/dags/my_tasks.py
[2026-07-21T08:33:27.233+0000] {logging_mixin.py:190} INFO - [2026-07-21T08:33:27.233+0000] {dag.py:3239} INFO - Sync 1 DAGs
[2026-07-21T08:33:27.249+0000] {logging_mixin.py:190} INFO - [2026-07-21T08:33:27.248+0000] {dag.py:4180} INFO - Setting next_dagrun for my_dag to None, run_after=None
[2026-07-21T08:33:27.263+0000] {processor.py:208} INFO - Processing /opt/airflow/dags/my_tasks.py took 0.059 seconds
[2026-07-21T08:33:57.502+0000] {processor.py:186} INFO - Started process (PID=2729) to work on /opt/airflow/dags/my_tasks.py
[2026-07-21T08:33:57.503+0000] {processor.py:914} INFO - Processing file /opt/airflow/dags/my_tasks.py for tasks to queue
[2026-07-21T08:33:57.505+0000] {logging_mixin.py:190} INFO - [2026-07-21T08:33:57.504+0000] {dagbag.py:588} INFO - Filling up the DagBag from /opt/airflow/dags/my_tasks.py
[2026-07-21T08:33:57.509+0000] {processor.py:925} INFO - DAG(s) 'my_dag' retrieved from /opt/airflow/dags/my_tasks.py
[2026-07-21T08:33:57.527+0000] {logging_mixin.py:190} INFO - [2026-07-21T08:33:57.527+0000] {dag.py:3239} INFO - Sync 1 DAGs
[2026-07-21T08:33:57.543+0000] {logging_mixin.py:190} INFO - [2026-07-21T08:33:57.543+0000] {dag.py:4180} INFO - Setting next_dagrun for my_dag to None, run_after=None
[2026-07-21T08:33:57.557+0000] {processor.py:208} INFO - Processing /opt/airflow/dags/my_tasks.py took 0.058 seconds
[2026-07-21T08:34:27.792+0000] {processor.py:186} INFO - Started process (PID=2740) to work on /opt/airflow/dags/my_tasks.py
[2026-07-21T08:34:27.800+0000] {processor.py:914} INFO - Processing file /opt/airflow/dags/my_tasks.py for tasks to queue
[2026-07-21T08:34:27.802+0000] {logging_mixin.py:190} INFO - [2026-07-21T08:34:27.802+0000] {dagbag.py:588} INFO - Filling up the DagBag from /opt/airflow/dags/my_tasks.py
[2026-07-21T08:34:27.811+0000] {processor.py:925} INFO - DAG(s) 'my_dag' retrieved from /opt/airflow/dags/my_tasks.py
[2026-07-21T08:34:27.830+0000] {logging_mixin.py:190} INFO - [2026-07-21T08:34:27.829+0000] {dag.py:3239} INFO - Sync 1 DAGs
[2026-07-21T08:34:27.846+0000] {logging_mixin.py:190} INFO - [2026-07-21T08:34:27.845+0000] {dag.py:4180} INFO - Setting next_dagrun for my_dag to None, run_after=None
[2026-07-21T08:34:27.858+0000] {processor.py:208} INFO - Processing /opt/airflow/dags/my_tasks.py took 0.070 seconds
[2026-07-21T08:34:58.061+0000] {processor.py:186} INFO - Started process (PID=2751) to work on /opt/airflow/dags/my_tasks.py
[2026-07-21T08:34:58.061+0000] {processor.py:914} INFO - Processing file /opt/airflow/dags/my_tasks.py for tasks to queue
[2026-07-21T08:34:58.063+0000] {logging_mixin.py:190} INFO - [2026-07-21T08:34:58.062+0000] {dagbag.py:588} INFO - Filling up the DagBag from /opt/airflow/dags/my_tasks.py
[2026-07-21T08:34:58.068+0000] {processor.py:925} INFO - DAG(s) 'my_dag' retrieved from /opt/airflow/dags/my_tasks.py
[2026-07-21T08:34:58.085+0000] {logging_mixin.py:190} INFO - [2026-07-21T08:34:58.085+0000] {dag.py:3239} INFO - Sync 1 DAGs
[2026-07-21T08:34:58.101+0000] {logging_mixin.py:190} INFO - [2026-07-21T08:34:58.101+0000] {dag.py:4180} INFO - Setting next_dagrun for my_dag to None, run_after=None
[2026-07-21T08:34:58.219+0000] {processor.py:208} INFO - Processing /opt/airflow/dags/my_tasks.py took 0.163 seconds
[2026-07-21T08:35:28.329+0000] {processor.py:186} INFO - Started process (PID=2762) to work on /opt/airflow/dags/my_tasks.py
[2026-07-21T08:35:28.337+0000] {processor.py:914} INFO - Processing file /opt/airflow/dags/my_tasks.py for tasks to queue
[2026-07-21T08:35:28.342+0000] {logging_mixin.py:190} INFO - [2026-07-21T08:35:28.340+0000] {dagbag.py:588} INFO - Filling up the DagBag from /opt/airflow/dags/my_tasks.py
[2026-07-21T08:35:28.350+0000] {processor.py:925} INFO - DAG(s) 'my_dag' retrieved from /opt/airflow/dags/my_tasks.py
[2026-07-21T08:35:28.368+0000] {logging_mixin.py:190} INFO - [2026-07-21T08:35:28.367+0000] {dag.py:3239} INFO - Sync 1 DAGs
[2026-07-21T08:35:28.384+0000] {logging_mixin.py:190} INFO - [2026-07-21T08:35:28.384+0000] {dag.py:4180} INFO - Setting next_dagrun for my_dag to None, run_after=None
[2026-07-21T08:35:28.397+0000] {processor.py:208} INFO - Processing /opt/airflow/dags/my_tasks.py took 0.072 seconds
[2026-07-21T08:35:58.612+0000] {processor.py:186} INFO - Started process (PID=2773) to work on /opt/airflow/dags/my_tasks.py
[2026-07-21T08:35:58.620+0000] {processor.py:914} INFO - Processing file /opt/airflow/dags/my_tasks.py for tasks to queue
[2026-07-21T08:35:58.623+0000] {logging_mixin.py:190} INFO - [2026-07-21T08:35:58.623+0000] {dagbag.py:588} INFO - Filling up the DagBag from /opt/airflow/dags/my_tasks.py
[2026-07-21T08:35:58.630+0000] {processor.py:925} INFO - DAG(s) 'my_dag' retrieved from /opt/airflow/dags/my_tasks.py
[2026-07-21T08:35:58.647+0000] {logging_mixin.py:190} INFO - [2026-07-21T08:35:58.647+0000] {dag.py:3239} INFO - Sync 1 DAGs
[2026-07-21T08:35:58.664+0000] {logging_mixin.py:190} INFO - [2026-07-21T08:35:58.664+0000] {dag.py:4180} INFO - Setting next_dagrun for my_dag to None, run_after=None
[2026-07-21T08:35:58.676+0000] {processor.py:208} INFO - Processing /opt/airflow/dags/my_tasks.py took 0.068 seconds
[2026-07-21T08:36:28.873+0000] {processor.py:186} INFO - Started process (PID=2784) to work on /opt/airflow/dags/my_tasks.py
[2026-07-21T08:36:28.881+0000] {processor.py:914} INFO - Processing file /opt/airflow/dags/my_tasks.py for tasks to queue
[2026-07-21T08:36:28.884+0000] {logging_mixin.py:190} INFO - [2026-07-21T08:36:28.883+0000] {dagbag.py:588} INFO - Filling up the DagBag from /opt/airflow/dags/my_tasks.py
[2026-07-21T08:36:28.892+0000] {processor.py:925} INFO - DAG(s) 'my_dag' retrieved from /opt/airflow/dags/my_tasks.py
[2026-07-21T08:36:28.910+0000] {logging_mixin.py:190} INFO - [2026-07-21T08:36:28.909+0000] {dag.py:3239} INFO - Sync 1 DAGs
[2026-07-21T08:36:28.925+0000] {logging_mixin.py:190} INFO - [2026-07-21T08:36:28.924+0000] {dag.py:4180} INFO - Setting next_dagrun for my_dag to None, run_after=None
[2026-07-21T08:36:28.937+0000] {processor.py:208} INFO - Processing /opt/airflow/dags/my_tasks.py took 0.068 seconds
[2026-07-21T08:36:59.155+0000] {processor.py:186} INFO - Started process (PID=2795) to work on /opt/airflow/dags/my_tasks.py
[2026-07-21T08:36:59.163+0000] {processor.py:914} INFO - Processing file /opt/airflow/dags/my_tasks.py for tasks to queue
[2026-07-21T08:36:59.166+0000] {logging_mixin.py:190} INFO - [2026-07-21T08:36:59.165+0000] {dagbag.py:588} INFO - Filling up the DagBag from /opt/airflow/dags/my_tasks.py
[2026-07-21T08:36:59.174+0000] {processor.py:925} INFO - DAG(s) 'my_dag' retrieved from /opt/airflow/dags/my_tasks.py
[2026-07-21T08:36:59.191+0000] {logging_mixin.py:190} INFO - [2026-07-21T08:36:59.191+0000] {dag.py:3239} INFO - Sync 1 DAGs
[2026-07-21T08:36:59.207+0000] {logging_mixin.py:190} INFO - [2026-07-21T08:36:59.207+0000] {dag.py:4180} INFO - Setting next_dagrun for my_dag to None, run_after=None
[2026-07-21T08:36:59.219+0000] {processor.py:208} INFO - Processing /opt/airflow/dags/my_tasks.py took 0.068 seconds
[2026-07-21T08:37:29.434+0000] {processor.py:186} INFO - Started process (PID=2806) to work on /opt/airflow/dags/my_tasks.py
[2026-07-21T08:37:29.442+0000] {processor.py:914} INFO - Processing file /opt/airflow/dags/my_tasks.py for tasks to queue
[2026-07-21T08:37:29.445+0000] {logging_mixin.py:190} INFO - [2026-07-21T08:37:29.445+0000] {dagbag.py:588} INFO - Filling up the DagBag from /opt/airflow/dags/my_tasks.py
[2026-07-21T08:37:29.454+0000] {processor.py:925} INFO - DAG(s) 'my_dag' retrieved from /opt/airflow/dags/my_tasks.py
[2026-07-21T08:37:29.471+0000] {logging_mixin.py:190} INFO - [2026-07-21T08:37:29.471+0000] {dag.py:3239} INFO - Sync 1 DAGs
[2026-07-21T08:37:29.487+0000] {logging_mixin.py:190} INFO - [2026-07-21T08:37:29.486+0000] {dag.py:4180} INFO - Setting next_dagrun for my_dag to None, run_after=None
[2026-07-21T08:37:29.499+0000] {processor.py:208} INFO - Processing /opt/airflow/dags/my_tasks.py took 0.070 seconds
[2026-07-21T08:37:59.726+0000] {processor.py:186} INFO - Started process (PID=2817) to work on /opt/airflow/dags/my_tasks.py
[2026-07-21T08:37:59.726+0000] {processor.py:914} INFO - Processing file /opt/airflow/dags/my_tasks.py for tasks to queue
[2026-07-21T08:37:59.728+0000] {logging_mixin.py:190} INFO - [2026-07-21T08:37:59.728+0000] {dagbag.py:588} INFO - Filling up the DagBag from /opt/airflow/dags/my_tasks.py
[2026-07-21T08:37:59.733+0000] {processor.py:925} INFO - DAG(s) 'my_dag' retrieved from /opt/airflow/dags/my_tasks.py
[2026-07-21T08:37:59.749+0000] {logging_mixin.py:190} INFO - [2026-07-21T08:37:59.749+0000] {dag.py:3239} INFO - Sync 1 DAGs
[2026-07-21T08:37:59.764+0000] {logging_mixin.py:190} INFO - [2026-07-21T08:37:59.764+0000] {dag.py:4180} INFO - Setting next_dagrun for my_dag to None, run_after=None
[2026-07-21T08:37:59.776+0000] {processor.py:208} INFO - Processing /opt/airflow/dags/my_tasks.py took 0.055 seconds
[2026-07-21T08:38:30.009+0000] {processor.py:186} INFO - Started process (PID=2828) to work on /opt/airflow/dags/my_tasks.py
[2026-07-21T08:38:30.017+0000] {processor.py:914} INFO - Processing file /opt/airflow/dags/my_tasks.py for tasks to queue
[2026-07-21T08:38:30.019+0000] {logging_mixin.py:190} INFO - [2026-07-21T08:38:30.019+0000] {dagbag.py:588} INFO - Filling up the DagBag from /opt/airflow/dags/my_tasks.py
[2026-07-21T08:38:30.027+0000] {processor.py:925} INFO - DAG(s) 'my_dag' retrieved from /opt/airflow/dags/my_tasks.py
[2026-07-21T08:38:30.046+0000] {logging_mixin.py:190} INFO - [2026-07-21T08:38:30.046+0000] {dag.py:3239} INFO - Sync 1 DAGs
[2026-07-21T08:38:30.064+0000] {logging_mixin.py:190} INFO - [2026-07-21T08:38:30.063+0000] {dag.py:4180} INFO - Setting next_dagrun for my_dag to None, run_after=None
[2026-07-21T08:38:30.083+0000] {processor.py:208} INFO - Processing /opt/airflow/dags/my_tasks.py took 0.078 seconds
[2026-07-21T08:39:00.290+0000] {processor.py:186} INFO - Started process (PID=2839) to work on /opt/airflow/dags/my_tasks.py
[2026-07-21T08:39:00.291+0000] {processor.py:914} INFO - Processing file /opt/airflow/dags/my_tasks.py for tasks to queue
[2026-07-21T08:39:00.292+0000] {logging_mixin.py:190} INFO - [2026-07-21T08:39:00.292+0000] {dagbag.py:588} INFO - Filling up the DagBag from /opt/airflow/dags/my_tasks.py
[2026-07-21T08:39:00.298+0000] {processor.py:925} INFO - DAG(s) 'my_dag' retrieved from /opt/airflow/dags/my_tasks.py
[2026-07-21T08:39:00.314+0000] {logging_mixin.py:190} INFO - [2026-07-21T08:39:00.314+0000] {dag.py:3239} INFO - Sync 1 DAGs
[2026-07-21T08:39:00.330+0000] {logging_mixin.py:190} INFO - [2026-07-21T08:39:00.330+0000] {dag.py:4180} INFO - Setting next_dagrun for my_dag to None, run_after=None
[2026-07-21T08:39:00.342+0000] {processor.py:208} INFO - Processing /opt/airflow/dags/my_tasks.py took 0.056 seconds
[2026-07-21T08:39:30.574+0000] {processor.py:186} INFO - Started process (PID=2850) to work on /opt/airflow/dags/my_tasks.py
[2026-07-21T08:39:30.582+0000] {processor.py:914} INFO - Processing file /opt/airflow/dags/my_tasks.py for tasks to queue
[2026-07-21T08:39:30.585+0000] {logging_mixin.py:190} INFO - [2026-07-21T08:39:30.584+0000] {dagbag.py:588} INFO - Filling up the DagBag from /opt/airflow/dags/my_tasks.py
[2026-07-21T08:39:30.591+0000] {processor.py:925} INFO - DAG(s) 'my_dag' retrieved from /opt/airflow/dags/my_tasks.py
[2026-07-21T08:39:30.611+0000] {logging_mixin.py:190} INFO - [2026-07-21T08:39:30.611+0000] {dag.py:3239} INFO - Sync 1 DAGs
[2026-07-21T08:39:30.627+0000] {logging_mixin.py:190} INFO - [2026-07-21T08:39:30.626+0000] {dag.py:4180} INFO - Setting next_dagrun for my_dag to None, run_after=None
[2026-07-21T08:39:30.638+0000] {processor.py:208} INFO - Processing /opt/airflow/dags/my_tasks.py took 0.068 seconds
[2026-07-21T08:40:00.854+0000] {processor.py:186} INFO - Started process (PID=2861) to work on /opt/airflow/dags/my_tasks.py
[2026-07-21T08:40:00.855+0000] {processor.py:914} INFO - Processing file /opt/airflow/dags/my_tasks.py for tasks to queue
[2026-07-21T08:40:00.856+0000] {logging_mixin.py:190} INFO - [2026-07-21T08:40:00.856+0000] {dagbag.py:588} INFO - Filling up the DagBag from /opt/airflow/dags/my_tasks.py
[2026-07-21T08:40:00.862+0000] {processor.py:925} INFO - DAG(s) 'my_dag' retrieved from /opt/airflow/dags/my_tasks.py
[2026-07-21T08:40:00.879+0000] {logging_mixin.py:190} INFO - [2026-07-21T08:40:00.879+0000] {dag.py:3239} INFO - Sync 1 DAGs
[2026-07-21T08:40:00.894+0000] {logging_mixin.py:190} INFO - [2026-07-21T08:40:00.894+0000] {dag.py:4180} INFO - Setting next_dagrun for my_dag to None, run_after=None
[2026-07-21T08:40:00.914+0000] {processor.py:208} INFO - Processing /opt/airflow/dags/my_tasks.py took 0.066 seconds
[2026-07-21T08:40:31.136+0000] {processor.py:186} INFO - Started process (PID=2872) to work on /opt/airflow/dags/my_tasks.py
[2026-07-21T08:40:31.144+0000] {processor.py:914} INFO - Processing file /opt/airflow/dags/my_tasks.py for tasks to queue
[2026-07-21T08:40:31.146+0000] {logging_mixin.py:190} INFO - [2026-07-21T08:40:31.146+0000] {dagbag.py:588} INFO - Filling up the DagBag from /opt/airflow/dags/my_tasks.py
[2026-07-21T08:40:31.155+0000] {processor.py:925} INFO - DAG(s) 'my_dag' retrieved from /opt/airflow/dags/my_tasks.py
[2026-07-21T08:40:31.171+0000] {logging_mixin.py:190} INFO - [2026-07-21T08:40:31.171+0000] {dag.py:3239} INFO - Sync 1 DAGs
[2026-07-21T08:40:31.187+0000] {logging_mixin.py:190} INFO - [2026-07-21T08:40:31.187+0000] {dag.py:4180} INFO - Setting next_dagrun for my_dag to None, run_after=None
[2026-07-21T08:40:31.296+0000] {processor.py:208} INFO - Processing /opt/airflow/dags/my_tasks.py took 0.163 seconds
[2026-07-21T08:41:01.424+0000] {processor.py:186} INFO - Started process (PID=2883) to work on /opt/airflow/dags/my_tasks.py
[2026-07-21T08:41:01.425+0000] {processor.py:914} INFO - Processing file /opt/airflow/dags/my_tasks.py for tasks to queue
[2026-07-21T08:41:01.428+0000] {logging_mixin.py:190} INFO - [2026-07-21T08:41:01.427+0000] {dagbag.py:588} INFO - Filling up the DagBag from /opt/airflow/dags/my_tasks.py
[2026-07-21T08:41:01.435+0000] {processor.py:925} INFO - DAG(s) 'my_dag' retrieved from /opt/airflow/dags/my_tasks.py
[2026-07-21T08:41:01.452+0000] {logging_mixin.py:190} INFO - [2026-07-21T08:41:01.452+0000] {dag.py:3239} INFO - Sync 1 DAGs
[2026-07-21T08:41:01.467+0000] {logging_mixin.py:190} INFO - [2026-07-21T08:41:01.467+0000] {dag.py:4180} INFO - Setting next_dagrun for my_dag to None, run_after=None
[2026-07-21T08:41:01.480+0000] {processor.py:208} INFO - Processing /opt/airflow/dags/my_tasks.py took 0.061 seconds
[2026-07-21T08:41:31.746+0000] {processor.py:186} INFO - Started process (PID=2894) to work on /opt/airflow/dags/my_tasks.py
[2026-07-21T08:41:31.754+0000] {processor.py:914} INFO - Processing file /opt/airflow/dags/my_tasks.py for tasks to queue
[2026-07-21T08:41:31.756+0000] {logging_mixin.py:190} INFO - [2026-07-21T08:41:31.756+0000] {dagbag.py:588} INFO - Filling up the DagBag from /opt/airflow/dags/my_tasks.py
[2026-07-21T08:41:31.763+0000] {processor.py:925} INFO - DAG(s) 'my_dag' retrieved from /opt/airflow/dags/my_tasks.py
[2026-07-21T08:41:31.780+0000] {logging_mixin.py:190} INFO - [2026-07-21T08:41:31.780+0000] {dag.py:3239} INFO - Sync 1 DAGs
[2026-07-21T08:41:31.795+0000] {logging_mixin.py:190} INFO - [2026-07-21T08:41:31.795+0000] {dag.py:4180} INFO - Setting next_dagrun for my_dag to None, run_after=None
[2026-07-21T08:41:31.807+0000] {processor.py:208} INFO - Processing /opt/airflow/dags/my_tasks.py took 0.065 seconds
[2026-07-21T08:42:02.014+0000] {processor.py:186} INFO - Started process (PID=2905) to work on /opt/airflow/dags/my_tasks.py
[2026-07-21T08:42:02.022+0000] {processor.py:914} INFO - Processing file /opt/airflow/dags/my_tasks.py for tasks to queue
[2026-07-21T08:42:02.024+0000] {logging_mixin.py:190} INFO - [2026-07-21T08:42:02.024+0000] {dagbag.py:588} INFO - Filling up the DagBag from /opt/airflow/dags/my_tasks.py
[2026-07-21T08:42:02.033+0000] {processor.py:925} INFO - DAG(s) 'my_dag' retrieved from /opt/airflow/dags/my_tasks.py
[2026-07-21T08:42:02.051+0000] {logging_mixin.py:190} INFO - [2026-07-21T08:42:02.050+0000] {dag.py:3239} INFO - Sync 1 DAGs
[2026-07-21T08:42:02.066+0000] {logging_mixin.py:190} INFO - [2026-07-21T08:42:02.066+0000] {dag.py:4180} INFO - Setting next_dagrun for my_dag to None, run_after=None
[2026-07-21T08:42:02.081+0000] {processor.py:208} INFO - Processing /opt/airflow/dags/my_tasks.py took 0.071 seconds
[2026-07-21T08:42:32.284+0000] {processor.py:186} INFO - Started process (PID=2916) to work on /opt/airflow/dags/my_tasks.py
[2026-07-21T08:42:32.285+0000] {processor.py:914} INFO - Processing file /opt/airflow/dags/my_tasks.py for tasks to queue
[2026-07-21T08:42:32.286+0000] {logging_mixin.py:190} INFO - [2026-07-21T08:42:32.286+0000] {dagbag.py:588} INFO - Filling up the DagBag from /opt/airflow/dags/my_tasks.py
[2026-07-21T08:42:32.291+0000] {processor.py:925} INFO - DAG(s) 'my_dag' retrieved from /opt/airflow/dags/my_tasks.py
[2026-07-21T08:42:32.308+0000] {logging_mixin.py:190} INFO - [2026-07-21T08:42:32.308+0000] {dag.py:3239} INFO - Sync 1 DAGs
[2026-07-21T08:42:32.323+0000] {logging_mixin.py:190} INFO - [2026-07-21T08:42:32.323+0000] {dag.py:4180} INFO - Setting next_dagrun for my_dag to None, run_after=None
[2026-07-21T08:42:32.336+0000] {processor.py:208} INFO - Processing /opt/airflow/dags/my_tasks.py took 0.056 seconds
[2026-07-21T08:43:02.567+0000] {processor.py:186} INFO - Started process (PID=2927) to work on /opt/airflow/dags/my_tasks.py
[2026-07-21T08:43:02.567+0000] {processor.py:914} INFO - Processing file /opt/airflow/dags/my_tasks.py for tasks to queue
[2026-07-21T08:43:02.569+0000] {logging_mixin.py:190} INFO - [2026-07-21T08:43:02.568+0000] {dagbag.py:588} INFO - Filling up the DagBag from /opt/airflow/dags/my_tasks.py
[2026-07-21T08:43:02.574+0000] {processor.py:925} INFO - DAG(s) 'my_dag' retrieved from /opt/airflow/dags/my_tasks.py
[2026-07-21T08:43:02.591+0000] {logging_mixin.py:190} INFO - [2026-07-21T08:43:02.591+0000] {dag.py:3239} INFO - Sync 1 DAGs
[2026-07-21T08:43:02.606+0000] {logging_mixin.py:190} INFO - [2026-07-21T08:43:02.606+0000] {dag.py:4180} INFO - Setting next_dagrun for my_dag to None, run_after=None
[2026-07-21T08:43:02.618+0000] {processor.py:208} INFO - Processing /opt/airflow/dags/my_tasks.py took 0.055 seconds
[2026-07-21T08:43:32.843+0000] {processor.py:186} INFO - Started process (PID=2938) to work on /opt/airflow/dags/my_tasks.py
[2026-07-21T08:43:32.844+0000] {processor.py:914} INFO - Processing file /opt/airflow/dags/my_tasks.py for tasks to queue
[2026-07-21T08:43:32.845+0000] {logging_mixin.py:190} INFO - [2026-07-21T08:43:32.845+0000] {dagbag.py:588} INFO - Filling up the DagBag from /opt/airflow/dags/my_tasks.py
[2026-07-21T08:43:32.851+0000] {processor.py:925} INFO - DAG(s) 'my_dag' retrieved from /opt/airflow/dags/my_tasks.py
[2026-07-21T08:43:32.868+0000] {logging_mixin.py:190} INFO - [2026-07-21T08:43:32.868+0000] {dag.py:3239} INFO - Sync 1 DAGs
[2026-07-21T08:43:32.883+0000] {logging_mixin.py:190} INFO - [2026-07-21T08:43:32.883+0000] {dag.py:4180} INFO - Setting next_dagrun for my_dag to None, run_after=None
[2026-07-21T08:43:32.896+0000] {processor.py:208} INFO - Processing /opt/airflow/dags/my_tasks.py took 0.057 seconds
[2026-07-21T08:44:03.117+0000] {processor.py:186} INFO - Started process (PID=2949) to work on /opt/airflow/dags/my_tasks.py
[2026-07-21T08:44:03.125+0000] {processor.py:914} INFO - Processing file /opt/airflow/dags/my_tasks.py for tasks to queue
[2026-07-21T08:44:03.128+0000] {logging_mixin.py:190} INFO - [2026-07-21T08:44:03.127+0000] {dagbag.py:588} INFO - Filling up the DagBag from /opt/airflow/dags/my_tasks.py
[2026-07-21T08:44:03.136+0000] {processor.py:925} INFO - DAG(s) 'my_dag' retrieved from /opt/airflow/dags/my_tasks.py
[2026-07-21T08:44:03.153+0000] {logging_mixin.py:190} INFO - [2026-07-21T08:44:03.153+0000] {dag.py:3239} INFO - Sync 1 DAGs
[2026-07-21T08:44:03.169+0000] {logging_mixin.py:190} INFO - [2026-07-21T08:44:03.168+0000] {dag.py:4180} INFO - Setting next_dagrun for my_dag to None, run_after=None
[2026-07-21T08:44:03.182+0000] {processor.py:208} INFO - Processing /opt/airflow/dags/my_tasks.py took 0.069 seconds
[2026-07-21T08:44:33.385+0000] {processor.py:186} INFO - Started process (PID=2960) to work on /opt/airflow/dags/my_tasks.py
[2026-07-21T08:44:33.386+0000] {processor.py:914} INFO - Processing file /opt/airflow/dags/my_tasks.py for tasks to queue
[2026-07-21T08:44:33.387+0000] {logging_mixin.py:190} INFO - [2026-07-21T08:44:33.387+0000] {dagbag.py:588} INFO - Filling up the DagBag from /opt/airflow/dags/my_tasks.py
[2026-07-21T08:44:33.393+0000] {processor.py:925} INFO - DAG(s) 'my_dag' retrieved from /opt/airflow/dags/my_tasks.py
[2026-07-21T08:44:33.410+0000] {logging_mixin.py:190} INFO - [2026-07-21T08:44:33.410+0000] {dag.py:3239} INFO - Sync 1 DAGs
[2026-07-21T08:44:33.426+0000] {logging_mixin.py:190} INFO - [2026-07-21T08:44:33.426+0000] {dag.py:4180} INFO - Setting next_dagrun for my_dag to None, run_after=None
[2026-07-21T08:44:33.441+0000] {processor.py:208} INFO - Processing /opt/airflow/dags/my_tasks.py took 0.060 seconds
[2026-07-21T08:45:03.671+0000] {processor.py:186} INFO - Started process (PID=2971) to work on /opt/airflow/dags/my_tasks.py
[2026-07-21T08:45:03.679+0000] {processor.py:914} INFO - Processing file /opt/airflow/dags/my_tasks.py for tasks to queue
[2026-07-21T08:45:03.683+0000] {logging_mixin.py:190} INFO - [2026-07-21T08:45:03.682+0000] {dagbag.py:588} INFO - Filling up the DagBag from /opt/airflow/dags/my_tasks.py
[2026-07-21T08:45:03.691+0000] {processor.py:925} INFO - DAG(s) 'my_dag' retrieved from /opt/airflow/dags/my_tasks.py
[2026-07-21T08:45:03.708+0000] {logging_mixin.py:190} INFO - [2026-07-21T08:45:03.708+0000] {dag.py:3239} INFO - Sync 1 DAGs
[2026-07-21T08:45:03.724+0000] {logging_mixin.py:190} INFO - [2026-07-21T08:45:03.724+0000] {dag.py:4180} INFO - Setting next_dagrun for my_dag to None, run_after=None
[2026-07-21T08:45:03.736+0000] {processor.py:208} INFO - Processing /opt/airflow/dags/my_tasks.py took 0.069 seconds
[2026-07-21T08:45:33.946+0000] {processor.py:186} INFO - Started process (PID=2982) to work on /opt/airflow/dags/my_tasks.py
[2026-07-21T08:45:33.950+0000] {processor.py:914} INFO - Processing file /opt/airflow/dags/my_tasks.py for tasks to queue
[2026-07-21T08:45:33.952+0000] {logging_mixin.py:190} INFO - [2026-07-21T08:45:33.951+0000] {dagbag.py:588} INFO - Filling up the DagBag from /opt/airflow/dags/my_tasks.py
[2026-07-21T08:45:33.957+0000] {processor.py:925} INFO - DAG(s) 'my_dag' retrieved from /opt/airflow/dags/my_tasks.py
[2026-07-21T08:45:33.976+0000] {logging_mixin.py:190} INFO - [2026-07-21T08:45:33.975+0000] {dag.py:3239} INFO - Sync 1 DAGs
[2026-07-21T08:45:33.992+0000] {logging_mixin.py:190} INFO - [2026-07-21T08:45:33.991+0000] {dag.py:4180} INFO - Setting next_dagrun for my_dag to None, run_after=None
[2026-07-21T08:45:34.004+0000] {processor.py:208} INFO - Processing /opt/airflow/dags/my_tasks.py took 0.063 seconds
[2026-07-21T08:46:04.200+0000] {processor.py:186} INFO - Started process (PID=2993) to work on /opt/airflow/dags/my_tasks.py
[2026-07-21T08:46:04.204+0000] {processor.py:914} INFO - Processing file /opt/airflow/dags/my_tasks.py for tasks to queue
[2026-07-21T08:46:04.205+0000] {logging_mixin.py:190} INFO - [2026-07-21T08:46:04.205+0000] {dagbag.py:588} INFO - Filling up the DagBag from /opt/airflow/dags/my_tasks.py
[2026-07-21T08:46:04.211+0000] {processor.py:925} INFO - DAG(s) 'my_dag' retrieved from /opt/airflow/dags/my_tasks.py
[2026-07-21T08:46:04.228+0000] {logging_mixin.py:190} INFO - [2026-07-21T08:46:04.228+0000] {dag.py:3239} INFO - Sync 1 DAGs
[2026-07-21T08:46:04.244+0000] {logging_mixin.py:190} INFO - [2026-07-21T08:46:04.244+0000] {dag.py:4180} INFO - Setting next_dagrun for my_dag to None, run_after=None
[2026-07-21T08:46:04.353+0000] {processor.py:208} INFO - Processing /opt/airflow/dags/my_tasks.py took 0.157 seconds
[2026-07-21T08:46:34.484+0000] {processor.py:186} INFO - Started process (PID=3004) to work on /opt/airflow/dags/my_tasks.py
[2026-07-21T08:46:34.492+0000] {processor.py:914} INFO - Processing file /opt/airflow/dags/my_tasks.py for tasks to queue
[2026-07-21T08:46:34.496+0000] {logging_mixin.py:190} INFO - [2026-07-21T08:46:34.495+0000] {dagbag.py:588} INFO - Filling up the DagBag from /opt/airflow/dags/my_tasks.py
[2026-07-21T08:46:34.504+0000] {processor.py:925} INFO - DAG(s) 'my_dag' retrieved from /opt/airflow/dags/my_tasks.py
[2026-07-21T08:46:34.522+0000] {logging_mixin.py:190} INFO - [2026-07-21T08:46:34.522+0000] {dag.py:3239} INFO - Sync 1 DAGs
[2026-07-21T08:46:34.538+0000] {logging_mixin.py:190} INFO - [2026-07-21T08:46:34.538+0000] {dag.py:4180} INFO - Setting next_dagrun for my_dag to None, run_after=None
[2026-07-21T08:46:34.549+0000] {processor.py:208} INFO - Processing /opt/airflow/dags/my_tasks.py took 0.070 seconds
[2026-07-21T08:47:04.826+0000] {processor.py:186} INFO - Started process (PID=3015) to work on /opt/airflow/dags/my_tasks.py
[2026-07-21T08:47:04.834+0000] {processor.py:914} INFO - Processing file /opt/airflow/dags/my_tasks.py for tasks to queue
[2026-07-21T08:47:04.836+0000] {logging_mixin.py:190} INFO - [2026-07-21T08:47:04.835+0000] {dagbag.py:588} INFO - Filling up the DagBag from /opt/airflow/dags/my_tasks.py
[2026-07-21T08:47:04.841+0000] {processor.py:925} INFO - DAG(s) 'my_dag' retrieved from /opt/airflow/dags/my_tasks.py
[2026-07-21T08:47:04.859+0000] {logging_mixin.py:190} INFO - [2026-07-21T08:47:04.859+0000] {dag.py:3239} INFO - Sync 1 DAGs
[2026-07-21T08:47:04.877+0000] {logging_mixin.py:190} INFO - [2026-07-21T08:47:04.876+0000] {dag.py:4180} INFO - Setting next_dagrun for my_dag to None, run_after=None
[2026-07-21T08:47:04.889+0000] {processor.py:208} INFO - Processing /opt/airflow/dags/my_tasks.py took 0.068 seconds
[2026-07-21T08:47:35.070+0000] {processor.py:186} INFO - Started process (PID=3026) to work on /opt/airflow/dags/my_tasks.py
[2026-07-21T08:47:35.078+0000] {processor.py:914} INFO - Processing file /opt/airflow/dags/my_tasks.py for tasks to queue
[2026-07-21T08:47:35.081+0000] {logging_mixin.py:190} INFO - [2026-07-21T08:47:35.081+0000] {dagbag.py:588} INFO - Filling up the DagBag from /opt/airflow/dags/my_tasks.py
[2026-07-21T08:47:35.087+0000] {processor.py:925} INFO - DAG(s) 'my_dag' retrieved from /opt/airflow/dags/my_tasks.py
[2026-07-21T08:47:35.104+0000] {logging_mixin.py:190} INFO - [2026-07-21T08:47:35.104+0000] {dag.py:3239} INFO - Sync 1 DAGs
[2026-07-21T08:47:35.120+0000] {logging_mixin.py:190} INFO - [2026-07-21T08:47:35.120+0000] {dag.py:4180} INFO - Setting next_dagrun for my_dag to None, run_after=None
[2026-07-21T08:47:35.132+0000] {processor.py:208} INFO - Processing /opt/airflow/dags/my_tasks.py took 0.066 seconds
[2026-07-21T08:48:05.357+0000] {processor.py:186} INFO - Started process (PID=3037) to work on /opt/airflow/dags/my_tasks.py
[2026-07-21T08:48:05.365+0000] {processor.py:914} INFO - Processing file /opt/airflow/dags/my_tasks.py for tasks to queue
[2026-07-21T08:48:05.367+0000] {logging_mixin.py:190} INFO - [2026-07-21T08:48:05.366+0000] {dagbag.py:588} INFO - Filling up the DagBag from /opt/airflow/dags/my_tasks.py
[2026-07-21T08:48:05.375+0000] {processor.py:925} INFO - DAG(s) 'my_dag' retrieved from /opt/airflow/dags/my_tasks.py
[2026-07-21T08:48:05.394+0000] {logging_mixin.py:190} INFO - [2026-07-21T08:48:05.394+0000] {dag.py:3239} INFO - Sync 1 DAGs
[2026-07-21T08:48:05.506+0000] {logging_mixin.py:190} INFO - [2026-07-21T08:48:05.506+0000] {dag.py:4180} INFO - Setting next_dagrun for my_dag to None, run_after=None
[2026-07-21T08:48:05.529+0000] {processor.py:208} INFO - Processing /opt/airflow/dags/my_tasks.py took 0.176 seconds
[2026-07-21T08:48:35.634+0000] {processor.py:186} INFO - Started process (PID=3048) to work on /opt/airflow/dags/my_tasks.py
[2026-07-21T08:48:35.635+0000] {processor.py:914} INFO - Processing file /opt/airflow/dags/my_tasks.py for tasks to queue
[2026-07-21T08:48:35.636+0000] {logging_mixin.py:190} INFO - [2026-07-21T08:48:35.636+0000] {dagbag.py:588} INFO - Filling up the DagBag from /opt/airflow/dags/my_tasks.py
[2026-07-21T08:48:35.642+0000] {processor.py:925} INFO - DAG(s) 'my_dag' retrieved from /opt/airflow/dags/my_tasks.py
[2026-07-21T08:48:35.659+0000] {logging_mixin.py:190} INFO - [2026-07-21T08:48:35.659+0000] {dag.py:3239} INFO - Sync 1 DAGs
[2026-07-21T08:48:35.674+0000] {logging_mixin.py:190} INFO - [2026-07-21T08:48:35.674+0000] {dag.py:4180} INFO - Setting next_dagrun for my_dag to None, run_after=None
[2026-07-21T08:48:35.686+0000] {processor.py:208} INFO - Processing /opt/airflow/dags/my_tasks.py took 0.057 seconds
[2026-07-21T08:49:05.897+0000] {processor.py:186} INFO - Started process (PID=3059) to work on /opt/airflow/dags/my_tasks.py
[2026-07-21T08:49:05.897+0000] {processor.py:914} INFO - Processing file /opt/airflow/dags/my_tasks.py for tasks to queue
[2026-07-21T08:49:05.899+0000] {logging_mixin.py:190} INFO - [2026-07-21T08:49:05.899+0000] {dagbag.py:588} INFO - Filling up the DagBag from /opt/airflow/dags/my_tasks.py
[2026-07-21T08:49:05.904+0000] {processor.py:925} INFO - DAG(s) 'my_dag' retrieved from /opt/airflow/dags/my_tasks.py
[2026-07-21T08:49:05.921+0000] {logging_mixin.py:190} INFO - [2026-07-21T08:49:05.921+0000] {dag.py:3239} INFO - Sync 1 DAGs
[2026-07-21T08:49:05.936+0000] {logging_mixin.py:190} INFO - [2026-07-21T08:49:05.936+0000] {dag.py:4180} INFO - Setting next_dagrun for my_dag to None, run_after=None
[2026-07-21T08:49:05.949+0000] {processor.py:208} INFO - Processing /opt/airflow/dags/my_tasks.py took 0.056 seconds
[2026-07-21T08:49:36.173+0000] {processor.py:186} INFO - Started process (PID=3070) to work on /opt/airflow/dags/my_tasks.py
[2026-07-21T08:49:36.181+0000] {processor.py:914} INFO - Processing file /opt/airflow/dags/my_tasks.py for tasks to queue
[2026-07-21T08:49:36.183+0000] {logging_mixin.py:190} INFO - [2026-07-21T08:49:36.182+0000] {dagbag.py:588} INFO - Filling up the DagBag from /opt/airflow/dags/my_tasks.py
[2026-07-21T08:49:36.192+0000] {processor.py:925} INFO - DAG(s) 'my_dag' retrieved from /opt/airflow/dags/my_tasks.py
[2026-07-21T08:49:36.209+0000] {logging_mixin.py:190} INFO - [2026-07-21T08:49:36.209+0000] {dag.py:3239} INFO - Sync 1 DAGs
[2026-07-21T08:49:36.225+0000] {logging_mixin.py:190} INFO - [2026-07-21T08:49:36.224+0000] {dag.py:4180} INFO - Setting next_dagrun for my_dag to None, run_after=None
[2026-07-21T08:49:36.238+0000] {processor.py:208} INFO - Processing /opt/airflow/dags/my_tasks.py took 0.069 seconds
[2026-07-21T08:50:06.439+0000] {processor.py:186} INFO - Started process (PID=3081) to work on /opt/airflow/dags/my_tasks.py
[2026-07-21T08:50:06.440+0000] {processor.py:914} INFO - Processing file /opt/airflow/dags/my_tasks.py for tasks to queue
[2026-07-21T08:50:06.441+0000] {logging_mixin.py:190} INFO - [2026-07-21T08:50:06.441+0000] {dagbag.py:588} INFO - Filling up the DagBag from /opt/airflow/dags/my_tasks.py
[2026-07-21T08:50:06.446+0000] {processor.py:925} INFO - DAG(s) 'my_dag' retrieved from /opt/airflow/dags/my_tasks.py
[2026-07-21T08:50:06.463+0000] {logging_mixin.py:190} INFO - [2026-07-21T08:50:06.463+0000] {dag.py:3239} INFO - Sync 1 DAGs
[2026-07-21T08:50:06.479+0000] {logging_mixin.py:190} INFO - [2026-07-21T08:50:06.479+0000] {dag.py:4180} INFO - Setting next_dagrun for my_dag to None, run_after=None
[2026-07-21T08:50:06.492+0000] {processor.py:208} INFO - Processing /opt/airflow/dags/my_tasks.py took 0.057 seconds
[2026-07-21T08:50:36.691+0000] {processor.py:186} INFO - Started process (PID=3092) to work on /opt/airflow/dags/my_tasks.py
[2026-07-21T08:50:36.699+0000] {processor.py:914} INFO - Processing file /opt/airflow/dags/my_tasks.py for tasks to queue
[2026-07-21T08:50:36.702+0000] {logging_mixin.py:190} INFO - [2026-07-21T08:50:36.701+0000] {dagbag.py:588} INFO - Filling up the DagBag from /opt/airflow/dags/my_tasks.py
[2026-07-21T08:50:36.710+0000] {processor.py:925} INFO - DAG(s) 'my_dag' retrieved from /opt/airflow/dags/my_tasks.py
[2026-07-21T08:50:36.727+0000] {logging_mixin.py:190} INFO - [2026-07-21T08:50:36.726+0000] {dag.py:3239} INFO - Sync 1 DAGs
[2026-07-21T08:50:36.742+0000] {logging_mixin.py:190} INFO - [2026-07-21T08:50:36.741+0000] {dag.py:4180} INFO - Setting next_dagrun for my_dag to None, run_after=None
[2026-07-21T08:50:36.758+0000] {processor.py:208} INFO - Processing /opt/airflow/dags/my_tasks.py took 0.070 seconds
[2026-07-21T08:51:06.941+0000] {processor.py:186} INFO - Started process (PID=3103) to work on /opt/airflow/dags/my_tasks.py
[2026-07-21T08:51:06.942+0000] {processor.py:914} INFO - Processing file /opt/airflow/dags/my_tasks.py for tasks to queue
[2026-07-21T08:51:06.944+0000] {logging_mixin.py:190} INFO - [2026-07-21T08:51:06.944+0000] {dagbag.py:588} INFO - Filling up the DagBag from /opt/airflow/dags/my_tasks.py
[2026-07-21T08:51:06.950+0000] {processor.py:925} INFO - DAG(s) 'my_dag' retrieved from /opt/airflow/dags/my_tasks.py
[2026-07-21T08:51:06.967+0000] {logging_mixin.py:190} INFO - [2026-07-21T08:51:06.967+0000] {dag.py:3239} INFO - Sync 1 DAGs
[2026-07-21T08:51:06.983+0000] {logging_mixin.py:190} INFO - [2026-07-21T08:51:06.982+0000] {dag.py:4180} INFO - Setting next_dagrun for my_dag to None, run_after=None
[2026-07-21T08:51:06.995+0000] {processor.py:208} INFO - Processing /opt/airflow/dags/my_tasks.py took 0.058 seconds
[2026-07-21T08:51:37.222+0000] {processor.py:186} INFO - Started process (PID=3114) to work on /opt/airflow/dags/my_tasks.py
[2026-07-21T08:51:37.230+0000] {processor.py:914} INFO - Processing file /opt/airflow/dags/my_tasks.py for tasks to queue
[2026-07-21T08:51:37.233+0000] {logging_mixin.py:190} INFO - [2026-07-21T08:51:37.232+0000] {dagbag.py:588} INFO - Filling up the DagBag from /opt/airflow/dags/my_tasks.py
[2026-07-21T08:51:37.241+0000] {processor.py:925} INFO - DAG(s) 'my_dag' retrieved from /opt/airflow/dags/my_tasks.py
[2026-07-21T08:51:37.258+0000] {logging_mixin.py:190} INFO - [2026-07-21T08:51:37.258+0000] {dag.py:3239} INFO - Sync 1 DAGs
[2026-07-21T08:51:37.275+0000] {logging_mixin.py:190} INFO - [2026-07-21T08:51:37.275+0000] {dag.py:4180} INFO - Setting next_dagrun for my_dag to None, run_after=None
[2026-07-21T08:51:37.383+0000] {processor.py:208} INFO - Processing /opt/airflow/dags/my_tasks.py took 0.164 seconds
[2026-07-21T08:52:07.498+0000] {processor.py:186} INFO - Started process (PID=3125) to work on /opt/airflow/dags/my_tasks.py
[2026-07-21T08:52:07.499+0000] {processor.py:914} INFO - Processing file /opt/airflow/dags/my_tasks.py for tasks to queue
[2026-07-21T08:52:07.501+0000] {logging_mixin.py:190} INFO - [2026-07-21T08:52:07.501+0000] {dagbag.py:588} INFO - Filling up the DagBag from /opt/airflow/dags/my_tasks.py
[2026-07-21T08:52:07.507+0000] {processor.py:925} INFO - DAG(s) 'my_dag' retrieved from /opt/airflow/dags/my_tasks.py
[2026-07-21T08:52:07.524+0000] {logging_mixin.py:190} INFO - [2026-07-21T08:52:07.524+0000] {dag.py:3239} INFO - Sync 1 DAGs
[2026-07-21T08:52:07.540+0000] {logging_mixin.py:190} INFO - [2026-07-21T08:52:07.539+0000] {dag.py:4180} INFO - Setting next_dagrun for my_dag to None, run_after=None
[2026-07-21T08:52:07.551+0000] {processor.py:208} INFO - Processing /opt/airflow/dags/my_tasks.py took 0.058 seconds
[2026-07-21T08:52:37.779+0000] {processor.py:186} INFO - Started process (PID=3136) to work on /opt/airflow/dags/my_tasks.py
[2026-07-21T08:52:37.779+0000] {processor.py:914} INFO - Processing file /opt/airflow/dags/my_tasks.py for tasks to queue
[2026-07-21T08:52:37.781+0000] {logging_mixin.py:190} INFO - [2026-07-21T08:52:37.781+0000] {dagbag.py:588} INFO - Filling up the DagBag from /opt/airflow/dags/my_tasks.py
[2026-07-21T08:52:37.787+0000] {processor.py:925} INFO - DAG(s) 'my_dag' retrieved from /opt/airflow/dags/my_tasks.py
[2026-07-21T08:52:37.804+0000] {logging_mixin.py:190} INFO - [2026-07-21T08:52:37.803+0000] {dag.py:3239} INFO - Sync 1 DAGs
[2026-07-21T08:52:37.819+0000] {logging_mixin.py:190} INFO - [2026-07-21T08:52:37.819+0000] {dag.py:4180} INFO - Setting next_dagrun for my_dag to None, run_after=None
[2026-07-21T08:52:37.830+0000] {processor.py:208} INFO - Processing /opt/airflow/dags/my_tasks.py took 0.056 seconds
[2026-07-21T08:53:08.041+0000] {processor.py:186} INFO - Started process (PID=3147) to work on /opt/airflow/dags/my_tasks.py
[2026-07-21T08:53:08.042+0000] {processor.py:914} INFO - Processing file /opt/airflow/dags/my_tasks.py for tasks to queue
[2026-07-21T08:53:08.043+0000] {logging_mixin.py:190} INFO - [2026-07-21T08:53:08.043+0000] {dagbag.py:588} INFO - Filling up the DagBag from /opt/airflow/dags/my_tasks.py
[2026-07-21T08:53:08.048+0000] {processor.py:925} INFO - DAG(s) 'my_dag' retrieved from /opt/airflow/dags/my_tasks.py
[2026-07-21T08:53:08.066+0000] {logging_mixin.py:190} INFO - [2026-07-21T08:53:08.065+0000] {dag.py:3239} INFO - Sync 1 DAGs
[2026-07-21T08:53:08.081+0000] {logging_mixin.py:190} INFO - [2026-07-21T08:53:08.081+0000] {dag.py:4180} INFO - Setting next_dagrun for my_dag to None, run_after=None
[2026-07-21T08:53:08.095+0000] {processor.py:208} INFO - Processing /opt/airflow/dags/my_tasks.py took 0.058 seconds
[2026-07-21T08:53:38.320+0000] {processor.py:186} INFO - Started process (PID=3158) to work on /opt/airflow/dags/my_tasks.py
[2026-07-21T08:53:38.328+0000] {processor.py:914} INFO - Processing file /opt/airflow/dags/my_tasks.py for tasks to queue
[2026-07-21T08:53:38.331+0000] {logging_mixin.py:190} INFO - [2026-07-21T08:53:38.330+0000] {dagbag.py:588} INFO - Filling up the DagBag from /opt/airflow/dags/my_tasks.py
[2026-07-21T08:53:38.340+0000] {processor.py:925} INFO - DAG(s) 'my_dag' retrieved from /opt/airflow/dags/my_tasks.py
[2026-07-21T08:53:38.357+0000] {logging_mixin.py:190} INFO - [2026-07-21T08:53:38.357+0000] {dag.py:3239} INFO - Sync 1 DAGs
[2026-07-21T08:53:38.373+0000] {logging_mixin.py:190} INFO - [2026-07-21T08:53:38.373+0000] {dag.py:4180} INFO - Setting next_dagrun for my_dag to None, run_after=None
[2026-07-21T08:53:38.483+0000] {processor.py:208} INFO - Processing /opt/airflow/dags/my_tasks.py took 0.166 seconds
[2026-07-21T08:54:08.581+0000] {processor.py:186} INFO - Started process (PID=3169) to work on /opt/airflow/dags/my_tasks.py
[2026-07-21T08:54:08.590+0000] {processor.py:914} INFO - Processing file /opt/airflow/dags/my_tasks.py for tasks to queue
[2026-07-21T08:54:08.591+0000] {logging_mixin.py:190} INFO - [2026-07-21T08:54:08.591+0000] {dagbag.py:588} INFO - Filling up the DagBag from /opt/airflow/dags/my_tasks.py
[2026-07-21T08:54:08.597+0000] {processor.py:925} INFO - DAG(s) 'my_dag' retrieved from /opt/airflow/dags/my_tasks.py
[2026-07-21T08:54:08.616+0000] {logging_mixin.py:190} INFO - [2026-07-21T08:54:08.616+0000] {dag.py:3239} INFO - Sync 1 DAGs
[2026-07-21T08:54:08.632+0000] {logging_mixin.py:190} INFO - [2026-07-21T08:54:08.632+0000] {dag.py:4180} INFO - Setting next_dagrun for my_dag to None, run_after=None
[2026-07-21T08:54:08.644+0000] {processor.py:208} INFO - Processing /opt/airflow/dags/my_tasks.py took 0.066 seconds
[2026-07-21T08:54:38.799+0000] {processor.py:186} INFO - Started process (PID=3186) to work on /opt/airflow/dags/my_tasks.py
[2026-07-21T08:54:38.807+0000] {processor.py:914} INFO - Processing file /opt/airflow/dags/my_tasks.py for tasks to queue
[2026-07-21T08:54:38.810+0000] {logging_mixin.py:190} INFO - [2026-07-21T08:54:38.810+0000] {dagbag.py:588} INFO - Filling up the DagBag from /opt/airflow/dags/my_tasks.py
[2026-07-21T08:54:38.818+0000] {processor.py:925} INFO - DAG(s) 'my_dag' retrieved from /opt/airflow/dags/my_tasks.py
[2026-07-21T08:54:38.835+0000] {logging_mixin.py:190} INFO - [2026-07-21T08:54:38.834+0000] {dag.py:3239} INFO - Sync 1 DAGs
[2026-07-21T08:54:38.850+0000] {logging_mixin.py:190} INFO - [2026-07-21T08:54:38.850+0000] {dag.py:4180} INFO - Setting next_dagrun for my_dag to None, run_after=None
[2026-07-21T08:54:38.862+0000] {processor.py:208} INFO - Processing /opt/airflow/dags/my_tasks.py took 0.068 seconds
[2026-07-21T08:55:09.096+0000] {processor.py:186} INFO - Started process (PID=3197) to work on /opt/airflow/dags/my_tasks.py
[2026-07-21T08:55:09.096+0000] {processor.py:914} INFO - Processing file /opt/airflow/dags/my_tasks.py for tasks to queue
[2026-07-21T08:55:09.098+0000] {logging_mixin.py:190} INFO - [2026-07-21T08:55:09.098+0000] {dagbag.py:588} INFO - Filling up the DagBag from /opt/airflow/dags/my_tasks.py
[2026-07-21T08:55:09.104+0000] {processor.py:925} INFO - DAG(s) 'my_dag' retrieved from /opt/airflow/dags/my_tasks.py
[2026-07-21T08:55:09.123+0000] {logging_mixin.py:190} INFO - [2026-07-21T08:55:09.123+0000] {dag.py:3239} INFO - Sync 1 DAGs
[2026-07-21T08:55:09.138+0000] {logging_mixin.py:190} INFO - [2026-07-21T08:55:09.138+0000] {dag.py:4180} INFO - Setting next_dagrun for my_dag to None, run_after=None
[2026-07-21T08:55:09.151+0000] {processor.py:208} INFO - Processing /opt/airflow/dags/my_tasks.py took 0.059 seconds
[2026-07-21T08:55:39.378+0000] {processor.py:186} INFO - Started process (PID=3208) to work on /opt/airflow/dags/my_tasks.py
[2026-07-21T08:55:39.378+0000] {processor.py:914} INFO - Processing file /opt/airflow/dags/my_tasks.py for tasks to queue
[2026-07-21T08:55:39.380+0000] {logging_mixin.py:190} INFO - [2026-07-21T08:55:39.380+0000] {dagbag.py:588} INFO - Filling up the DagBag from /opt/airflow/dags/my_tasks.py
[2026-07-21T08:55:39.386+0000] {processor.py:925} INFO - DAG(s) 'my_dag' retrieved from /opt/airflow/dags/my_tasks.py
[2026-07-21T08:55:39.403+0000] {logging_mixin.py:190} INFO - [2026-07-21T08:55:39.403+0000] {dag.py:3239} INFO - Sync 1 DAGs
[2026-07-21T08:55:39.419+0000] {logging_mixin.py:190} INFO - [2026-07-21T08:55:39.419+0000] {dag.py:4180} INFO - Setting next_dagrun for my_dag to None, run_after=None
[2026-07-21T08:55:39.431+0000] {processor.py:208} INFO - Processing /opt/airflow/dags/my_tasks.py took 0.058 seconds
[2026-07-21T08:56:09.660+0000] {processor.py:186} INFO - Started process (PID=3219) to work on /opt/airflow/dags/my_tasks.py
[2026-07-21T08:56:09.661+0000] {processor.py:914} INFO - Processing file /opt/airflow/dags/my_tasks.py for tasks to queue
[2026-07-21T08:56:09.663+0000] {logging_mixin.py:190} INFO - [2026-07-21T08:56:09.662+0000] {dagbag.py:588} INFO - Filling up the DagBag from /opt/airflow/dags/my_tasks.py
[2026-07-21T08:56:09.668+0000] {processor.py:925} INFO - DAG(s) 'my_dag' retrieved from /opt/airflow/dags/my_tasks.py
[2026-07-21T08:56:09.684+0000] {logging_mixin.py:190} INFO - [2026-07-21T08:56:09.684+0000] {dag.py:3239} INFO - Sync 1 DAGs
[2026-07-21T08:56:09.700+0000] {logging_mixin.py:190} INFO - [2026-07-21T08:56:09.699+0000] {dag.py:4180} INFO - Setting next_dagrun for my_dag to None, run_after=None
[2026-07-21T08:56:09.711+0000] {processor.py:208} INFO - Processing /opt/airflow/dags/my_tasks.py took 0.055 seconds
[2026-07-21T08:56:39.907+0000] {processor.py:186} INFO - Started process (PID=3230) to work on /opt/airflow/dags/my_tasks.py
[2026-07-21T08:56:39.915+0000] {processor.py:914} INFO - Processing file /opt/airflow/dags/my_tasks.py for tasks to queue
[2026-07-21T08:56:39.917+0000] {logging_mixin.py:190} INFO - [2026-07-21T08:56:39.917+0000] {dagbag.py:588} INFO - Filling up the DagBag from /opt/airflow/dags/my_tasks.py
[2026-07-21T08:56:39.926+0000] {processor.py:925} INFO - DAG(s) 'my_dag' retrieved from /opt/airflow/dags/my_tasks.py
[2026-07-21T08:56:39.944+0000] {logging_mixin.py:190} INFO - [2026-07-21T08:56:39.944+0000] {dag.py:3239} INFO - Sync 1 DAGs
[2026-07-21T08:56:39.960+0000] {logging_mixin.py:190} INFO - [2026-07-21T08:56:39.960+0000] {dag.py:4180} INFO - Setting next_dagrun for my_dag to None, run_after=None
[2026-07-21T08:56:39.972+0000] {processor.py:208} INFO - Processing /opt/airflow/dags/my_tasks.py took 0.069 seconds
[2026-07-21T08:57:10.172+0000] {processor.py:186} INFO - Started process (PID=3241) to work on /opt/airflow/dags/my_tasks.py
[2026-07-21T08:57:10.173+0000] {processor.py:914} INFO - Processing file /opt/airflow/dags/my_tasks.py for tasks to queue
[2026-07-21T08:57:10.175+0000] {logging_mixin.py:190} INFO - [2026-07-21T08:57:10.174+0000] {dagbag.py:588} INFO - Filling up the DagBag from /opt/airflow/dags/my_tasks.py
[2026-07-21T08:57:10.180+0000] {processor.py:925} INFO - DAG(s) 'my_dag' retrieved from /opt/airflow/dags/my_tasks.py
[2026-07-21T08:57:10.199+0000] {logging_mixin.py:190} INFO - [2026-07-21T08:57:10.198+0000] {dag.py:3239} INFO - Sync 1 DAGs
[2026-07-21T08:57:10.215+0000] {logging_mixin.py:190} INFO - [2026-07-21T08:57:10.215+0000] {dag.py:4180} INFO - Setting next_dagrun for my_dag to None, run_after=None
[2026-07-21T08:57:10.326+0000] {processor.py:208} INFO - Processing /opt/airflow/dags/my_tasks.py took 0.158 seconds
[2026-07-21T08:57:40.458+0000] {processor.py:186} INFO - Started process (PID=3252) to work on /opt/airflow/dags/my_tasks.py
[2026-07-21T08:57:40.464+0000] {processor.py:914} INFO - Processing file /opt/airflow/dags/my_tasks.py for tasks to queue
[2026-07-21T08:57:40.466+0000] {logging_mixin.py:190} INFO - [2026-07-21T08:57:40.465+0000] {dagbag.py:588} INFO - Filling up the DagBag from /opt/airflow/dags/my_tasks.py
[2026-07-21T08:57:40.471+0000] {processor.py:925} INFO - DAG(s) 'my_dag' retrieved from /opt/airflow/dags/my_tasks.py
[2026-07-21T08:57:40.490+0000] {logging_mixin.py:190} INFO - [2026-07-21T08:57:40.489+0000] {dag.py:3239} INFO - Sync 1 DAGs
[2026-07-21T08:57:40.506+0000] {logging_mixin.py:190} INFO - [2026-07-21T08:57:40.505+0000] {dag.py:4180} INFO - Setting next_dagrun for my_dag to None, run_after=None
[2026-07-21T08:57:40.524+0000] {processor.py:208} INFO - Processing /opt/airflow/dags/my_tasks.py took 0.070 seconds
[2026-07-21T08:58:10.795+0000] {processor.py:186} INFO - Started process (PID=3263) to work on /opt/airflow/dags/my_tasks.py
[2026-07-21T08:58:10.803+0000] {processor.py:914} INFO - Processing file /opt/airflow/dags/my_tasks.py for tasks to queue
[2026-07-21T08:58:10.806+0000] {logging_mixin.py:190} INFO - [2026-07-21T08:58:10.806+0000] {dagbag.py:588} INFO - Filling up the DagBag from /opt/airflow/dags/my_tasks.py
[2026-07-21T08:58:10.814+0000] {processor.py:925} INFO - DAG(s) 'my_dag' retrieved from /opt/airflow/dags/my_tasks.py
[2026-07-21T08:58:10.832+0000] {logging_mixin.py:190} INFO - [2026-07-21T08:58:10.832+0000] {dag.py:3239} INFO - Sync 1 DAGs
[2026-07-21T08:58:10.847+0000] {logging_mixin.py:190} INFO - [2026-07-21T08:58:10.847+0000] {dag.py:4180} INFO - Setting next_dagrun for my_dag to None, run_after=None
[2026-07-21T08:58:10.859+0000] {processor.py:208} INFO - Processing /opt/airflow/dags/my_tasks.py took 0.068 seconds
[2026-07-21T08:58:41.080+0000] {processor.py:186} INFO - Started process (PID=3274) to work on /opt/airflow/dags/my_tasks.py
[2026-07-21T08:58:41.080+0000] {processor.py:914} INFO - Processing file /opt/airflow/dags/my_tasks.py for tasks to queue
[2026-07-21T08:58:41.082+0000] {logging_mixin.py:190} INFO - [2026-07-21T08:58:41.082+0000] {dagbag.py:588} INFO - Filling up the DagBag from /opt/airflow/dags/my_tasks.py
[2026-07-21T08:58:41.087+0000] {processor.py:925} INFO - DAG(s) 'my_dag' retrieved from /opt/airflow/dags/my_tasks.py
[2026-07-21T08:58:41.104+0000] {logging_mixin.py:190} INFO - [2026-07-21T08:58:41.104+0000] {dag.py:3239} INFO - Sync 1 DAGs
[2026-07-21T08:58:41.120+0000] {logging_mixin.py:190} INFO - [2026-07-21T08:58:41.119+0000] {dag.py:4180} INFO - Setting next_dagrun for my_dag to None, run_after=None
[2026-07-21T08:58:41.132+0000] {processor.py:208} INFO - Processing /opt/airflow/dags/my_tasks.py took 0.057 seconds
[2026-07-21T08:59:11.353+0000] {processor.py:186} INFO - Started process (PID=3285) to work on /opt/airflow/dags/my_tasks.py
[2026-07-21T08:59:11.360+0000] {processor.py:914} INFO - Processing file /opt/airflow/dags/my_tasks.py for tasks to queue
[2026-07-21T08:59:11.363+0000] {logging_mixin.py:190} INFO - [2026-07-21T08:59:11.363+0000] {dagbag.py:588} INFO - Filling up the DagBag from /opt/airflow/dags/my_tasks.py
[2026-07-21T08:59:11.370+0000] {processor.py:925} INFO - DAG(s) 'my_dag' retrieved from /opt/airflow/dags/my_tasks.py
[2026-07-21T08:59:11.387+0000] {logging_mixin.py:190} INFO - [2026-07-21T08:59:11.387+0000] {dag.py:3239} INFO - Sync 1 DAGs
[2026-07-21T08:59:11.502+0000] {logging_mixin.py:190} INFO - [2026-07-21T08:59:11.502+0000] {dag.py:4180} INFO - Setting next_dagrun for my_dag to None, run_after=None
[2026-07-21T08:59:11.527+0000] {processor.py:208} INFO - Processing /opt/airflow/dags/my_tasks.py took 0.178 seconds
[2026-07-21T08:59:41.598+0000] {processor.py:186} INFO - Started process (PID=3296) to work on /opt/airflow/dags/my_tasks.py
[2026-07-21T08:59:41.599+0000] {processor.py:914} INFO - Processing file /opt/airflow/dags/my_tasks.py for tasks to queue
[2026-07-21T08:59:41.602+0000] {logging_mixin.py:190} INFO - [2026-07-21T08:59:41.601+0000] {dagbag.py:588} INFO - Filling up the DagBag from /opt/airflow/dags/my_tasks.py
[2026-07-21T08:59:41.609+0000] {processor.py:925} INFO - DAG(s) 'my_dag' retrieved from /opt/airflow/dags/my_tasks.py
[2026-07-21T08:59:41.627+0000] {logging_mixin.py:190} INFO - [2026-07-21T08:59:41.626+0000] {dag.py:3239} INFO - Sync 1 DAGs
[2026-07-21T08:59:41.642+0000] {logging_mixin.py:190} INFO - [2026-07-21T08:59:41.642+0000] {dag.py:4180} INFO - Setting next_dagrun for my_dag to None, run_after=None
[2026-07-21T08:59:41.654+0000] {processor.py:208} INFO - Processing /opt/airflow/dags/my_tasks.py took 0.061 seconds
[2026-07-21T09:00:11.872+0000] {processor.py:186} INFO - Started process (PID=3307) to work on /opt/airflow/dags/my_tasks.py
[2026-07-21T09:00:11.880+0000] {processor.py:914} INFO - Processing file /opt/airflow/dags/my_tasks.py for tasks to queue
[2026-07-21T09:00:11.883+0000] {logging_mixin.py:190} INFO - [2026-07-21T09:00:11.883+0000] {dagbag.py:588} INFO - Filling up the DagBag from /opt/airflow/dags/my_tasks.py
[2026-07-21T09:00:11.891+0000] {processor.py:925} INFO - DAG(s) 'my_dag' retrieved from /opt/airflow/dags/my_tasks.py
[2026-07-21T09:00:11.913+0000] {logging_mixin.py:190} INFO - [2026-07-21T09:00:11.913+0000] {dag.py:3239} INFO - Sync 1 DAGs
[2026-07-21T09:00:11.929+0000] {logging_mixin.py:190} INFO - [2026-07-21T09:00:11.929+0000] {dag.py:4180} INFO - Setting next_dagrun for my_dag to None, run_after=None
[2026-07-21T09:00:11.942+0000] {processor.py:208} INFO - Processing /opt/airflow/dags/my_tasks.py took 0.075 seconds
[2026-07-21T09:00:42.148+0000] {processor.py:186} INFO - Started process (PID=3318) to work on /opt/airflow/dags/my_tasks.py
[2026-07-21T09:00:42.148+0000] {processor.py:914} INFO - Processing file /opt/airflow/dags/my_tasks.py for tasks to queue
[2026-07-21T09:00:42.150+0000] {logging_mixin.py:190} INFO - [2026-07-21T09:00:42.149+0000] {dagbag.py:588} INFO - Filling up the DagBag from /opt/airflow/dags/my_tasks.py
[2026-07-21T09:00:42.155+0000] {processor.py:925} INFO - DAG(s) 'my_dag' retrieved from /opt/airflow/dags/my_tasks.py
[2026-07-21T09:00:42.172+0000] {logging_mixin.py:190} INFO - [2026-07-21T09:00:42.172+0000] {dag.py:3239} INFO - Sync 1 DAGs
[2026-07-21T09:00:42.188+0000] {logging_mixin.py:190} INFO - [2026-07-21T09:00:42.188+0000] {dag.py:4180} INFO - Setting next_dagrun for my_dag to None, run_after=None
[2026-07-21T09:00:42.201+0000] {processor.py:208} INFO - Processing /opt/airflow/dags/my_tasks.py took 0.057 seconds
[2026-07-21T09:01:12.425+0000] {processor.py:186} INFO - Started process (PID=3329) to work on /opt/airflow/dags/my_tasks.py
[2026-07-21T09:01:12.427+0000] {processor.py:914} INFO - Processing file /opt/airflow/dags/my_tasks.py for tasks to queue
[2026-07-21T09:01:12.428+0000] {logging_mixin.py:190} INFO - [2026-07-21T09:01:12.428+0000] {dagbag.py:588} INFO - Filling up the DagBag from /opt/airflow/dags/my_tasks.py
[2026-07-21T09:01:12.435+0000] {processor.py:925} INFO - DAG(s) 'my_dag' retrieved from /opt/airflow/dags/my_tasks.py
[2026-07-21T09:01:12.452+0000] {logging_mixin.py:190} INFO - [2026-07-21T09:01:12.451+0000] {dag.py:3239} INFO - Sync 1 DAGs
[2026-07-21T09:01:12.564+0000] {logging_mixin.py:190} INFO - [2026-07-21T09:01:12.564+0000] {dag.py:4180} INFO - Setting next_dagrun for my_dag to None, run_after=None
[2026-07-21T09:01:12.575+0000] {processor.py:208} INFO - Processing /opt/airflow/dags/my_tasks.py took 0.154 seconds
[2026-07-21T09:01:42.680+0000] {processor.py:186} INFO - Started process (PID=3340) to work on /opt/airflow/dags/my_tasks.py
[2026-07-21T09:01:42.681+0000] {processor.py:914} INFO - Processing file /opt/airflow/dags/my_tasks.py for tasks to queue
[2026-07-21T09:01:42.685+0000] {logging_mixin.py:190} INFO - [2026-07-21T09:01:42.684+0000] {dagbag.py:588} INFO - Filling up the DagBag from /opt/airflow/dags/my_tasks.py
[2026-07-21T09:01:42.691+0000] {processor.py:925} INFO - DAG(s) 'my_dag' retrieved from /opt/airflow/dags/my_tasks.py
[2026-07-21T09:01:42.708+0000] {logging_mixin.py:190} INFO - [2026-07-21T09:01:42.708+0000] {dag.py:3239} INFO - Sync 1 DAGs
[2026-07-21T09:01:42.723+0000] {logging_mixin.py:190} INFO - [2026-07-21T09:01:42.723+0000] {dag.py:4180} INFO - Setting next_dagrun for my_dag to None, run_after=None
[2026-07-21T09:01:42.737+0000] {processor.py:208} INFO - Processing /opt/airflow/dags/my_tasks.py took 0.062 seconds
[2026-07-21T09:02:12.969+0000] {processor.py:186} INFO - Started process (PID=3351) to work on /opt/airflow/dags/my_tasks.py
[2026-07-21T09:02:12.970+0000] {processor.py:914} INFO - Processing file /opt/airflow/dags/my_tasks.py for tasks to queue
[2026-07-21T09:02:12.972+0000] {logging_mixin.py:190} INFO - [2026-07-21T09:02:12.971+0000] {dagbag.py:588} INFO - Filling up the DagBag from /opt/airflow/dags/my_tasks.py
[2026-07-21T09:02:12.978+0000] {processor.py:925} INFO - DAG(s) 'my_dag' retrieved from /opt/airflow/dags/my_tasks.py
[2026-07-21T09:02:12.995+0000] {logging_mixin.py:190} INFO - [2026-07-21T09:02:12.995+0000] {dag.py:3239} INFO - Sync 1 DAGs
[2026-07-21T09:02:13.011+0000] {logging_mixin.py:190} INFO - [2026-07-21T09:02:13.011+0000] {dag.py:4180} INFO - Setting next_dagrun for my_dag to None, run_after=None
[2026-07-21T09:02:13.023+0000] {processor.py:208} INFO - Processing /opt/airflow/dags/my_tasks.py took 0.058 seconds
[2026-07-21T09:02:43.244+0000] {processor.py:186} INFO - Started process (PID=3362) to work on /opt/airflow/dags/my_tasks.py
[2026-07-21T09:02:43.245+0000] {processor.py:914} INFO - Processing file /opt/airflow/dags/my_tasks.py for tasks to queue
[2026-07-21T09:02:43.246+0000] {logging_mixin.py:190} INFO - [2026-07-21T09:02:43.246+0000] {dagbag.py:588} INFO - Filling up the DagBag from /opt/airflow/dags/my_tasks.py
[2026-07-21T09:02:43.252+0000] {processor.py:925} INFO - DAG(s) 'my_dag' retrieved from /opt/airflow/dags/my_tasks.py
[2026-07-21T09:02:43.273+0000] {logging_mixin.py:190} INFO - [2026-07-21T09:02:43.273+0000] {dag.py:3239} INFO - Sync 1 DAGs
[2026-07-21T09:02:43.289+0000] {logging_mixin.py:190} INFO - [2026-07-21T09:02:43.289+0000] {dag.py:4180} INFO - Setting next_dagrun for my_dag to None, run_after=None
[2026-07-21T09:02:43.398+0000] {processor.py:208} INFO - Processing /opt/airflow/dags/my_tasks.py took 0.157 seconds
[2026-07-21T09:03:13.517+0000] {processor.py:186} INFO - Started process (PID=3373) to work on /opt/airflow/dags/my_tasks.py
[2026-07-21T09:03:13.525+0000] {processor.py:914} INFO - Processing file /opt/airflow/dags/my_tasks.py for tasks to queue
[2026-07-21T09:03:13.528+0000] {logging_mixin.py:190} INFO - [2026-07-21T09:03:13.528+0000] {dagbag.py:588} INFO - Filling up the DagBag from /opt/airflow/dags/my_tasks.py
[2026-07-21T09:03:13.537+0000] {processor.py:925} INFO - DAG(s) 'my_dag' retrieved from /opt/airflow/dags/my_tasks.py
[2026-07-21T09:03:13.556+0000] {logging_mixin.py:190} INFO - [2026-07-21T09:03:13.555+0000] {dag.py:3239} INFO - Sync 1 DAGs
[2026-07-21T09:03:13.571+0000] {logging_mixin.py:190} INFO - [2026-07-21T09:03:13.571+0000] {dag.py:4180} INFO - Setting next_dagrun for my_dag to None, run_after=None
[2026-07-21T09:03:13.596+0000] {processor.py:208} INFO - Processing /opt/airflow/dags/my_tasks.py took 0.084 seconds
[2026-07-21T09:03:43.824+0000] {processor.py:186} INFO - Started process (PID=3384) to work on /opt/airflow/dags/my_tasks.py
[2026-07-21T09:03:43.831+0000] {processor.py:914} INFO - Processing file /opt/airflow/dags/my_tasks.py for tasks to queue
[2026-07-21T09:03:43.833+0000] {logging_mixin.py:190} INFO - [2026-07-21T09:03:43.833+0000] {dagbag.py:588} INFO - Filling up the DagBag from /opt/airflow/dags/my_tasks.py
[2026-07-21T09:03:43.838+0000] {processor.py:925} INFO - DAG(s) 'my_dag' retrieved from /opt/airflow/dags/my_tasks.py
[2026-07-21T09:03:43.855+0000] {logging_mixin.py:190} INFO - [2026-07-21T09:03:43.855+0000] {dag.py:3239} INFO - Sync 1 DAGs
[2026-07-21T09:03:43.871+0000] {logging_mixin.py:190} INFO - [2026-07-21T09:03:43.871+0000] {dag.py:4180} INFO - Setting next_dagrun for my_dag to None, run_after=None
[2026-07-21T09:03:43.883+0000] {processor.py:208} INFO - Processing /opt/airflow/dags/my_tasks.py took 0.064 seconds
[2026-07-21T09:04:14.116+0000] {processor.py:186} INFO - Started process (PID=3395) to work on /opt/airflow/dags/my_tasks.py
[2026-07-21T09:04:14.117+0000] {processor.py:914} INFO - Processing file /opt/airflow/dags/my_tasks.py for tasks to queue
[2026-07-21T09:04:14.119+0000] {logging_mixin.py:190} INFO - [2026-07-21T09:04:14.119+0000] {dagbag.py:588} INFO - Filling up the DagBag from /opt/airflow/dags/my_tasks.py
[2026-07-21T09:04:14.124+0000] {processor.py:925} INFO - DAG(s) 'my_dag' retrieved from /opt/airflow/dags/my_tasks.py
[2026-07-21T09:04:14.141+0000] {logging_mixin.py:190} INFO - [2026-07-21T09:04:14.141+0000] {dag.py:3239} INFO - Sync 1 DAGs
[2026-07-21T09:04:14.156+0000] {logging_mixin.py:190} INFO - [2026-07-21T09:04:14.156+0000] {dag.py:4180} INFO - Setting next_dagrun for my_dag to None, run_after=None
[2026-07-21T09:04:14.169+0000] {processor.py:208} INFO - Processing /opt/airflow/dags/my_tasks.py took 0.058 seconds
[2026-07-21T09:04:44.399+0000] {processor.py:186} INFO - Started process (PID=3406) to work on /opt/airflow/dags/my_tasks.py
[2026-07-21T09:04:44.400+0000] {processor.py:914} INFO - Processing file /opt/airflow/dags/my_tasks.py for tasks to queue
[2026-07-21T09:04:44.401+0000] {logging_mixin.py:190} INFO - [2026-07-21T09:04:44.401+0000] {dagbag.py:588} INFO - Filling up the DagBag from /opt/airflow/dags/my_tasks.py
[2026-07-21T09:04:44.407+0000] {processor.py:925} INFO - DAG(s) 'my_dag' retrieved from /opt/airflow/dags/my_tasks.py
[2026-07-21T09:04:44.424+0000] {logging_mixin.py:190} INFO - [2026-07-21T09:04:44.423+0000] {dag.py:3239} INFO - Sync 1 DAGs
[2026-07-21T09:04:44.536+0000] {logging_mixin.py:190} INFO - [2026-07-21T09:04:44.536+0000] {dag.py:4180} INFO - Setting next_dagrun for my_dag to None, run_after=None
[2026-07-21T09:04:44.555+0000] {processor.py:208} INFO - Processing /opt/airflow/dags/my_tasks.py took 0.160 seconds
[2026-07-21T09:05:14.680+0000] {processor.py:186} INFO - Started process (PID=3417) to work on /opt/airflow/dags/my_tasks.py
[2026-07-21T09:05:14.681+0000] {processor.py:914} INFO - Processing file /opt/airflow/dags/my_tasks.py for tasks to queue
[2026-07-21T09:05:14.683+0000] {logging_mixin.py:190} INFO - [2026-07-21T09:05:14.683+0000] {dagbag.py:588} INFO - Filling up the DagBag from /opt/airflow/dags/my_tasks.py
[2026-07-21T09:05:14.690+0000] {processor.py:925} INFO - DAG(s) 'my_dag' retrieved from /opt/airflow/dags/my_tasks.py
[2026-07-21T09:05:14.707+0000] {logging_mixin.py:190} INFO - [2026-07-21T09:05:14.707+0000] {dag.py:3239} INFO - Sync 1 DAGs
[2026-07-21T09:05:14.722+0000] {logging_mixin.py:190} INFO - [2026-07-21T09:05:14.722+0000] {dag.py:4180} INFO - Setting next_dagrun for my_dag to None, run_after=None
[2026-07-21T09:05:14.734+0000] {processor.py:208} INFO - Processing /opt/airflow/dags/my_tasks.py took 0.060 seconds
[2026-07-21T09:05:45.011+0000] {processor.py:186} INFO - Started process (PID=3428) to work on /opt/airflow/dags/my_tasks.py
[2026-07-21T09:05:45.019+0000] {processor.py:914} INFO - Processing file /opt/airflow/dags/my_tasks.py for tasks to queue
[2026-07-21T09:05:45.022+0000] {logging_mixin.py:190} INFO - [2026-07-21T09:05:45.022+0000] {dagbag.py:588} INFO - Filling up the DagBag from /opt/airflow/dags/my_tasks.py
[2026-07-21T09:05:45.030+0000] {processor.py:925} INFO - DAG(s) 'my_dag' retrieved from /opt/airflow/dags/my_tasks.py
[2026-07-21T09:05:45.048+0000] {logging_mixin.py:190} INFO - [2026-07-21T09:05:45.047+0000] {dag.py:3239} INFO - Sync 1 DAGs
[2026-07-21T09:05:45.064+0000] {logging_mixin.py:190} INFO - [2026-07-21T09:05:45.064+0000] {dag.py:4180} INFO - Setting next_dagrun for my_dag to None, run_after=None
[2026-07-21T09:05:45.077+0000] {processor.py:208} INFO - Processing /opt/airflow/dags/my_tasks.py took 0.069 seconds
[2026-07-21T09:06:15.270+0000] {processor.py:186} INFO - Started process (PID=3439) to work on /opt/airflow/dags/my_tasks.py
[2026-07-21T09:06:15.278+0000] {processor.py:914} INFO - Processing file /opt/airflow/dags/my_tasks.py for tasks to queue
[2026-07-21T09:06:15.280+0000] {logging_mixin.py:190} INFO - [2026-07-21T09:06:15.280+0000] {dagbag.py:588} INFO - Filling up the DagBag from /opt/airflow/dags/my_tasks.py
[2026-07-21T09:06:15.289+0000] {processor.py:925} INFO - DAG(s) 'my_dag' retrieved from /opt/airflow/dags/my_tasks.py
[2026-07-21T09:06:15.306+0000] {logging_mixin.py:190} INFO - [2026-07-21T09:06:15.306+0000] {dag.py:3239} INFO - Sync 1 DAGs
[2026-07-21T09:06:15.322+0000] {logging_mixin.py:190} INFO - [2026-07-21T09:06:15.322+0000] {dag.py:4180} INFO - Setting next_dagrun for my_dag to None, run_after=None
[2026-07-21T09:06:15.335+0000] {processor.py:208} INFO - Processing /opt/airflow/dags/my_tasks.py took 0.070 seconds
[2026-07-21T09:06:45.557+0000] {processor.py:186} INFO - Started process (PID=3450) to work on /opt/airflow/dags/my_tasks.py
[2026-07-21T09:06:45.565+0000] {processor.py:914} INFO - Processing file /opt/airflow/dags/my_tasks.py for tasks to queue
[2026-07-21T09:06:45.569+0000] {logging_mixin.py:190} INFO - [2026-07-21T09:06:45.568+0000] {dagbag.py:588} INFO - Filling up the DagBag from /opt/airflow/dags/my_tasks.py
[2026-07-21T09:06:45.576+0000] {processor.py:925} INFO - DAG(s) 'my_dag' retrieved from /opt/airflow/dags/my_tasks.py
[2026-07-21T09:06:45.593+0000] {logging_mixin.py:190} INFO - [2026-07-21T09:06:45.592+0000] {dag.py:3239} INFO - Sync 1 DAGs
[2026-07-21T09:06:45.708+0000] {logging_mixin.py:190} INFO - [2026-07-21T09:06:45.708+0000] {dag.py:4180} INFO - Setting next_dagrun for my_dag to None, run_after=None
[2026-07-21T09:06:45.720+0000] {processor.py:208} INFO - Processing /opt/airflow/dags/my_tasks.py took 0.166 seconds
[2026-07-21T09:07:15.839+0000] {processor.py:186} INFO - Started process (PID=3461) to work on /opt/airflow/dags/my_tasks.py
[2026-07-21T09:07:15.839+0000] {processor.py:914} INFO - Processing file /opt/airflow/dags/my_tasks.py for tasks to queue
[2026-07-21T09:07:15.841+0000] {logging_mixin.py:190} INFO - [2026-07-21T09:07:15.841+0000] {dagbag.py:588} INFO - Filling up the DagBag from /opt/airflow/dags/my_tasks.py
[2026-07-21T09:07:15.846+0000] {processor.py:925} INFO - DAG(s) 'my_dag' retrieved from /opt/airflow/dags/my_tasks.py
[2026-07-21T09:07:15.865+0000] {logging_mixin.py:190} INFO - [2026-07-21T09:07:15.864+0000] {dag.py:3239} INFO - Sync 1 DAGs
[2026-07-21T09:07:15.880+0000] {logging_mixin.py:190} INFO - [2026-07-21T09:07:15.880+0000] {dag.py:4180} INFO - Setting next_dagrun for my_dag to None, run_after=None
[2026-07-21T09:07:15.892+0000] {processor.py:208} INFO - Processing /opt/airflow/dags/my_tasks.py took 0.058 seconds
[2026-07-21T09:07:46.151+0000] {processor.py:186} INFO - Started process (PID=3472) to work on /opt/airflow/dags/my_tasks.py
[2026-07-21T09:07:46.152+0000] {processor.py:914} INFO - Processing file /opt/airflow/dags/my_tasks.py for tasks to queue
[2026-07-21T09:07:46.153+0000] {logging_mixin.py:190} INFO - [2026-07-21T09:07:46.153+0000] {dagbag.py:588} INFO - Filling up the DagBag from /opt/airflow/dags/my_tasks.py
[2026-07-21T09:07:46.159+0000] {processor.py:925} INFO - DAG(s) 'my_dag' retrieved from /opt/airflow/dags/my_tasks.py
[2026-07-21T09:07:46.176+0000] {logging_mixin.py:190} INFO - [2026-07-21T09:07:46.175+0000] {dag.py:3239} INFO - Sync 1 DAGs
[2026-07-21T09:07:46.191+0000] {logging_mixin.py:190} INFO - [2026-07-21T09:07:46.191+0000] {dag.py:4180} INFO - Setting next_dagrun for my_dag to None, run_after=None
[2026-07-21T09:07:46.203+0000] {processor.py:208} INFO - Processing /opt/airflow/dags/my_tasks.py took 0.056 seconds
[2026-07-21T09:08:16.424+0000] {processor.py:186} INFO - Started process (PID=3483) to work on /opt/airflow/dags/my_tasks.py
[2026-07-21T09:08:16.432+0000] {processor.py:914} INFO - Processing file /opt/airflow/dags/my_tasks.py for tasks to queue
[2026-07-21T09:08:16.434+0000] {logging_mixin.py:190} INFO - [2026-07-21T09:08:16.433+0000] {dagbag.py:588} INFO - Filling up the DagBag from /opt/airflow/dags/my_tasks.py
[2026-07-21T09:08:16.442+0000] {processor.py:925} INFO - DAG(s) 'my_dag' retrieved from /opt/airflow/dags/my_tasks.py
[2026-07-21T09:08:16.462+0000] {logging_mixin.py:190} INFO - [2026-07-21T09:08:16.461+0000] {dag.py:3239} INFO - Sync 1 DAGs
[2026-07-21T09:08:16.478+0000] {logging_mixin.py:190} INFO - [2026-07-21T09:08:16.478+0000] {dag.py:4180} INFO - Setting next_dagrun for my_dag to None, run_after=None
[2026-07-21T09:08:16.587+0000] {processor.py:208} INFO - Processing /opt/airflow/dags/my_tasks.py took 0.168 seconds
[2026-07-21T09:08:46.691+0000] {processor.py:186} INFO - Started process (PID=3494) to work on /opt/airflow/dags/my_tasks.py
[2026-07-21T09:08:46.691+0000] {processor.py:914} INFO - Processing file /opt/airflow/dags/my_tasks.py for tasks to queue
[2026-07-21T09:08:46.693+0000] {logging_mixin.py:190} INFO - [2026-07-21T09:08:46.692+0000] {dagbag.py:588} INFO - Filling up the DagBag from /opt/airflow/dags/my_tasks.py
[2026-07-21T09:08:46.698+0000] {processor.py:925} INFO - DAG(s) 'my_dag' retrieved from /opt/airflow/dags/my_tasks.py
[2026-07-21T09:08:46.716+0000] {logging_mixin.py:190} INFO - [2026-07-21T09:08:46.716+0000] {dag.py:3239} INFO - Sync 1 DAGs
[2026-07-21T09:08:46.731+0000] {logging_mixin.py:190} INFO - [2026-07-21T09:08:46.731+0000] {dag.py:4180} INFO - Setting next_dagrun for my_dag to None, run_after=None
[2026-07-21T09:08:46.743+0000] {processor.py:208} INFO - Processing /opt/airflow/dags/my_tasks.py took 0.057 seconds
[2026-07-21T09:09:16.981+0000] {processor.py:186} INFO - Started process (PID=3505) to work on /opt/airflow/dags/my_tasks.py
[2026-07-21T09:09:16.989+0000] {processor.py:914} INFO - Processing file /opt/airflow/dags/my_tasks.py for tasks to queue
[2026-07-21T09:09:16.991+0000] {logging_mixin.py:190} INFO - [2026-07-21T09:09:16.991+0000] {dagbag.py:588} INFO - Filling up the DagBag from /opt/airflow/dags/my_tasks.py
[2026-07-21T09:09:16.998+0000] {processor.py:925} INFO - DAG(s) 'my_dag' retrieved from /opt/airflow/dags/my_tasks.py
[2026-07-21T09:09:17.015+0000] {logging_mixin.py:190} INFO - [2026-07-21T09:09:17.015+0000] {dag.py:3239} INFO - Sync 1 DAGs
[2026-07-21T09:09:17.031+0000] {logging_mixin.py:190} INFO - [2026-07-21T09:09:17.031+0000] {dag.py:4180} INFO - Setting next_dagrun for my_dag to None, run_after=None
[2026-07-21T09:09:17.044+0000] {processor.py:208} INFO - Processing /opt/airflow/dags/my_tasks.py took 0.067 seconds
[2026-07-21T09:09:47.253+0000] {processor.py:186} INFO - Started process (PID=3516) to work on /opt/airflow/dags/my_tasks.py
[2026-07-21T09:09:47.254+0000] {processor.py:914} INFO - Processing file /opt/airflow/dags/my_tasks.py for tasks to queue
[2026-07-21T09:09:47.256+0000] {logging_mixin.py:190} INFO - [2026-07-21T09:09:47.255+0000] {dagbag.py:588} INFO - Filling up the DagBag from /opt/airflow/dags/my_tasks.py
[2026-07-21T09:09:47.261+0000] {processor.py:925} INFO - DAG(s) 'my_dag' retrieved from /opt/airflow/dags/my_tasks.py
[2026-07-21T09:09:47.278+0000] {logging_mixin.py:190} INFO - [2026-07-21T09:09:47.278+0000] {dag.py:3239} INFO - Sync 1 DAGs
[2026-07-21T09:09:47.294+0000] {logging_mixin.py:190} INFO - [2026-07-21T09:09:47.294+0000] {dag.py:4180} INFO - Setting next_dagrun for my_dag to None, run_after=None
[2026-07-21T09:09:47.305+0000] {processor.py:208} INFO - Processing /opt/airflow/dags/my_tasks.py took 0.056 seconds
[2026-07-21T09:10:17.538+0000] {processor.py:186} INFO - Started process (PID=3527) to work on /opt/airflow/dags/my_tasks.py
[2026-07-21T09:10:17.538+0000] {processor.py:914} INFO - Processing file /opt/airflow/dags/my_tasks.py for tasks to queue
[2026-07-21T09:10:17.540+0000] {logging_mixin.py:190} INFO - [2026-07-21T09:10:17.540+0000] {dagbag.py:588} INFO - Filling up the DagBag from /opt/airflow/dags/my_tasks.py
[2026-07-21T09:10:17.545+0000] {processor.py:925} INFO - DAG(s) 'my_dag' retrieved from /opt/airflow/dags/my_tasks.py
[2026-07-21T09:10:17.562+0000] {logging_mixin.py:190} INFO - [2026-07-21T09:10:17.562+0000] {dag.py:3239} INFO - Sync 1 DAGs
[2026-07-21T09:10:17.674+0000] {logging_mixin.py:190} INFO - [2026-07-21T09:10:17.674+0000] {dag.py:4180} INFO - Setting next_dagrun for my_dag to None, run_after=None
[2026-07-21T09:10:17.686+0000] {processor.py:208} INFO - Processing /opt/airflow/dags/my_tasks.py took 0.152 seconds
[2026-07-21T09:10:47.788+0000] {processor.py:186} INFO - Started process (PID=3538) to work on /opt/airflow/dags/my_tasks.py
[2026-07-21T09:10:47.789+0000] {processor.py:914} INFO - Processing file /opt/airflow/dags/my_tasks.py for tasks to queue
[2026-07-21T09:10:47.791+0000] {logging_mixin.py:190} INFO - [2026-07-21T09:10:47.791+0000] {dagbag.py:588} INFO - Filling up the DagBag from /opt/airflow/dags/my_tasks.py
[2026-07-21T09:10:47.797+0000] {processor.py:925} INFO - DAG(s) 'my_dag' retrieved from /opt/airflow/dags/my_tasks.py
[2026-07-21T09:10:47.815+0000] {logging_mixin.py:190} INFO - [2026-07-21T09:10:47.815+0000] {dag.py:3239} INFO - Sync 1 DAGs
[2026-07-21T09:10:47.830+0000] {logging_mixin.py:190} INFO - [2026-07-21T09:10:47.830+0000] {dag.py:4180} INFO - Setting next_dagrun for my_dag to None, run_after=None
[2026-07-21T09:10:47.842+0000] {processor.py:208} INFO - Processing /opt/airflow/dags/my_tasks.py took 0.060 seconds
[2026-07-21T09:11:18.043+0000] {processor.py:186} INFO - Started process (PID=3549) to work on /opt/airflow/dags/my_tasks.py
[2026-07-21T09:11:18.044+0000] {processor.py:914} INFO - Processing file /opt/airflow/dags/my_tasks.py for tasks to queue
[2026-07-21T09:11:18.046+0000] {logging_mixin.py:190} INFO - [2026-07-21T09:11:18.046+0000] {dagbag.py:588} INFO - Filling up the DagBag from /opt/airflow/dags/my_tasks.py
[2026-07-21T09:11:18.053+0000] {processor.py:925} INFO - DAG(s) 'my_dag' retrieved from /opt/airflow/dags/my_tasks.py
[2026-07-21T09:11:18.072+0000] {logging_mixin.py:190} INFO - [2026-07-21T09:11:18.072+0000] {dag.py:3239} INFO - Sync 1 DAGs
[2026-07-21T09:11:18.087+0000] {logging_mixin.py:190} INFO - [2026-07-21T09:11:18.087+0000] {dag.py:4180} INFO - Setting next_dagrun for my_dag to None, run_after=None
[2026-07-21T09:11:18.100+0000] {processor.py:208} INFO - Processing /opt/airflow/dags/my_tasks.py took 0.062 seconds
[2026-07-21T09:11:48.288+0000] {processor.py:186} INFO - Started process (PID=3560) to work on /opt/airflow/dags/my_tasks.py
[2026-07-21T09:11:48.289+0000] {processor.py:914} INFO - Processing file /opt/airflow/dags/my_tasks.py for tasks to queue
[2026-07-21T09:11:48.290+0000] {logging_mixin.py:190} INFO - [2026-07-21T09:11:48.290+0000] {dagbag.py:588} INFO - Filling up the DagBag from /opt/airflow/dags/my_tasks.py
[2026-07-21T09:11:48.295+0000] {processor.py:925} INFO - DAG(s) 'my_dag' retrieved from /opt/airflow/dags/my_tasks.py
[2026-07-21T09:11:48.312+0000] {logging_mixin.py:190} INFO - [2026-07-21T09:11:48.312+0000] {dag.py:3239} INFO - Sync 1 DAGs
[2026-07-21T09:11:48.327+0000] {logging_mixin.py:190} INFO - [2026-07-21T09:11:48.327+0000] {dag.py:4180} INFO - Setting next_dagrun for my_dag to None, run_after=None
[2026-07-21T09:11:48.340+0000] {processor.py:208} INFO - Processing /opt/airflow/dags/my_tasks.py took 0.056 seconds
[2026-07-21T09:12:18.547+0000] {processor.py:186} INFO - Started process (PID=3571) to work on /opt/airflow/dags/my_tasks.py
[2026-07-21T09:12:18.547+0000] {processor.py:914} INFO - Processing file /opt/airflow/dags/my_tasks.py for tasks to queue
[2026-07-21T09:12:18.549+0000] {logging_mixin.py:190} INFO - [2026-07-21T09:12:18.549+0000] {dagbag.py:588} INFO - Filling up the DagBag from /opt/airflow/dags/my_tasks.py
[2026-07-21T09:12:18.554+0000] {processor.py:925} INFO - DAG(s) 'my_dag' retrieved from /opt/airflow/dags/my_tasks.py
[2026-07-21T09:12:18.571+0000] {logging_mixin.py:190} INFO - [2026-07-21T09:12:18.571+0000] {dag.py:3239} INFO - Sync 1 DAGs
[2026-07-21T09:12:18.681+0000] {logging_mixin.py:190} INFO - [2026-07-21T09:12:18.681+0000] {dag.py:4180} INFO - Setting next_dagrun for my_dag to None, run_after=None
[2026-07-21T09:12:18.701+0000] {processor.py:208} INFO - Processing /opt/airflow/dags/my_tasks.py took 0.158 seconds
[2026-07-21T09:12:48.807+0000] {processor.py:186} INFO - Started process (PID=3582) to work on /opt/airflow/dags/my_tasks.py
[2026-07-21T09:12:48.807+0000] {processor.py:914} INFO - Processing file /opt/airflow/dags/my_tasks.py for tasks to queue
[2026-07-21T09:12:48.810+0000] {logging_mixin.py:190} INFO - [2026-07-21T09:12:48.809+0000] {dagbag.py:588} INFO - Filling up the DagBag from /opt/airflow/dags/my_tasks.py
[2026-07-21T09:12:48.816+0000] {processor.py:925} INFO - DAG(s) 'my_dag' retrieved from /opt/airflow/dags/my_tasks.py
[2026-07-21T09:12:48.834+0000] {logging_mixin.py:190} INFO - [2026-07-21T09:12:48.834+0000] {dag.py:3239} INFO - Sync 1 DAGs
[2026-07-21T09:12:48.849+0000] {logging_mixin.py:190} INFO - [2026-07-21T09:12:48.849+0000] {dag.py:4180} INFO - Setting next_dagrun for my_dag to None, run_after=None
[2026-07-21T09:12:48.861+0000] {processor.py:208} INFO - Processing /opt/airflow/dags/my_tasks.py took 0.058 seconds
[2026-07-21T09:13:19.062+0000] {processor.py:186} INFO - Started process (PID=3593) to work on /opt/airflow/dags/my_tasks.py
[2026-07-21T09:13:19.065+0000] {processor.py:914} INFO - Processing file /opt/airflow/dags/my_tasks.py for tasks to queue
[2026-07-21T09:13:19.067+0000] {logging_mixin.py:190} INFO - [2026-07-21T09:13:19.067+0000] {dagbag.py:588} INFO - Filling up the DagBag from /opt/airflow/dags/my_tasks.py
[2026-07-21T09:13:19.072+0000] {processor.py:925} INFO - DAG(s) 'my_dag' retrieved from /opt/airflow/dags/my_tasks.py
[2026-07-21T09:13:19.089+0000] {logging_mixin.py:190} INFO - [2026-07-21T09:13:19.089+0000] {dag.py:3239} INFO - Sync 1 DAGs
[2026-07-21T09:13:19.105+0000] {logging_mixin.py:190} INFO - [2026-07-21T09:13:19.104+0000] {dag.py:4180} INFO - Setting next_dagrun for my_dag to None, run_after=None
[2026-07-21T09:13:19.117+0000] {processor.py:208} INFO - Processing /opt/airflow/dags/my_tasks.py took 0.059 seconds
[2026-07-21T09:13:49.326+0000] {processor.py:186} INFO - Started process (PID=3604) to work on /opt/airflow/dags/my_tasks.py
[2026-07-21T09:13:49.327+0000] {processor.py:914} INFO - Processing file /opt/airflow/dags/my_tasks.py for tasks to queue
[2026-07-21T09:13:49.328+0000] {logging_mixin.py:190} INFO - [2026-07-21T09:13:49.328+0000] {dagbag.py:588} INFO - Filling up the DagBag from /opt/airflow/dags/my_tasks.py
[2026-07-21T09:13:49.333+0000] {processor.py:925} INFO - DAG(s) 'my_dag' retrieved from /opt/airflow/dags/my_tasks.py
[2026-07-21T09:13:49.351+0000] {logging_mixin.py:190} INFO - [2026-07-21T09:13:49.351+0000] {dag.py:3239} INFO - Sync 1 DAGs
[2026-07-21T09:13:49.367+0000] {logging_mixin.py:190} INFO - [2026-07-21T09:13:49.367+0000] {dag.py:4180} INFO - Setting next_dagrun for my_dag to None, run_after=None
[2026-07-21T09:13:49.476+0000] {processor.py:208} INFO - Processing /opt/airflow/dags/my_tasks.py took 0.154 seconds
[2026-07-21T09:14:19.583+0000] {processor.py:186} INFO - Started process (PID=3615) to work on /opt/airflow/dags/my_tasks.py
[2026-07-21T09:14:19.587+0000] {processor.py:914} INFO - Processing file /opt/airflow/dags/my_tasks.py for tasks to queue
[2026-07-21T09:14:19.590+0000] {logging_mixin.py:190} INFO - [2026-07-21T09:14:19.589+0000] {dagbag.py:588} INFO - Filling up the DagBag from /opt/airflow/dags/my_tasks.py
[2026-07-21T09:14:19.596+0000] {processor.py:925} INFO - DAG(s) 'my_dag' retrieved from /opt/airflow/dags/my_tasks.py
[2026-07-21T09:14:19.615+0000] {logging_mixin.py:190} INFO - [2026-07-21T09:14:19.615+0000] {dag.py:3239} INFO - Sync 1 DAGs
[2026-07-21T09:14:19.728+0000] {logging_mixin.py:190} INFO - [2026-07-21T09:14:19.728+0000] {dag.py:4180} INFO - Setting next_dagrun for my_dag to None, run_after=None
[2026-07-21T09:14:19.747+0000] {processor.py:208} INFO - Processing /opt/airflow/dags/my_tasks.py took 0.168 seconds
[2026-07-21T09:14:49.915+0000] {processor.py:186} INFO - Started process (PID=3626) to work on /opt/airflow/dags/my_tasks.py
[2026-07-21T09:14:49.916+0000] {processor.py:914} INFO - Processing file /opt/airflow/dags/my_tasks.py for tasks to queue
[2026-07-21T09:14:49.918+0000] {logging_mixin.py:190} INFO - [2026-07-21T09:14:49.918+0000] {dagbag.py:588} INFO - Filling up the DagBag from /opt/airflow/dags/my_tasks.py
[2026-07-21T09:14:49.923+0000] {processor.py:925} INFO - DAG(s) 'my_dag' retrieved from /opt/airflow/dags/my_tasks.py
[2026-07-21T09:14:49.941+0000] {logging_mixin.py:190} INFO - [2026-07-21T09:14:49.940+0000] {dag.py:3239} INFO - Sync 1 DAGs
[2026-07-21T09:14:49.956+0000] {logging_mixin.py:190} INFO - [2026-07-21T09:14:49.956+0000] {dag.py:4180} INFO - Setting next_dagrun for my_dag to None, run_after=None
[2026-07-21T09:14:49.969+0000] {processor.py:208} INFO - Processing /opt/airflow/dags/my_tasks.py took 0.058 seconds
[2026-07-21T09:15:20.195+0000] {processor.py:186} INFO - Started process (PID=3637) to work on /opt/airflow/dags/my_tasks.py
[2026-07-21T09:15:20.196+0000] {processor.py:914} INFO - Processing file /opt/airflow/dags/my_tasks.py for tasks to queue
[2026-07-21T09:15:20.197+0000] {logging_mixin.py:190} INFO - [2026-07-21T09:15:20.197+0000] {dagbag.py:588} INFO - Filling up the DagBag from /opt/airflow/dags/my_tasks.py
[2026-07-21T09:15:20.202+0000] {processor.py:925} INFO - DAG(s) 'my_dag' retrieved from /opt/airflow/dags/my_tasks.py
[2026-07-21T09:15:20.219+0000] {logging_mixin.py:190} INFO - [2026-07-21T09:15:20.219+0000] {dag.py:3239} INFO - Sync 1 DAGs
[2026-07-21T09:15:20.234+0000] {logging_mixin.py:190} INFO - [2026-07-21T09:15:20.234+0000] {dag.py:4180} INFO - Setting next_dagrun for my_dag to None, run_after=None
[2026-07-21T09:15:20.246+0000] {processor.py:208} INFO - Processing /opt/airflow/dags/my_tasks.py took 0.055 seconds
[2026-07-21T09:15:50.469+0000] {processor.py:186} INFO - Started process (PID=3648) to work on /opt/airflow/dags/my_tasks.py
[2026-07-21T09:15:50.470+0000] {processor.py:914} INFO - Processing file /opt/airflow/dags/my_tasks.py for tasks to queue
[2026-07-21T09:15:50.471+0000] {logging_mixin.py:190} INFO - [2026-07-21T09:15:50.471+0000] {dagbag.py:588} INFO - Filling up the DagBag from /opt/airflow/dags/my_tasks.py
[2026-07-21T09:15:50.476+0000] {processor.py:925} INFO - DAG(s) 'my_dag' retrieved from /opt/airflow/dags/my_tasks.py
[2026-07-21T09:15:50.495+0000] {logging_mixin.py:190} INFO - [2026-07-21T09:15:50.494+0000] {dag.py:3239} INFO - Sync 1 DAGs
[2026-07-21T09:15:50.607+0000] {logging_mixin.py:190} INFO - [2026-07-21T09:15:50.607+0000] {dag.py:4180} INFO - Setting next_dagrun for my_dag to None, run_after=None
[2026-07-21T09:15:50.626+0000] {processor.py:208} INFO - Processing /opt/airflow/dags/my_tasks.py took 0.161 seconds
[2026-07-21T09:16:20.728+0000] {processor.py:186} INFO - Started process (PID=3659) to work on /opt/airflow/dags/my_tasks.py
[2026-07-21T09:16:20.729+0000] {processor.py:914} INFO - Processing file /opt/airflow/dags/my_tasks.py for tasks to queue
[2026-07-21T09:16:20.730+0000] {logging_mixin.py:190} INFO - [2026-07-21T09:16:20.730+0000] {dagbag.py:588} INFO - Filling up the DagBag from /opt/airflow/dags/my_tasks.py
[2026-07-21T09:16:20.736+0000] {processor.py:925} INFO - DAG(s) 'my_dag' retrieved from /opt/airflow/dags/my_tasks.py
[2026-07-21T09:16:20.754+0000] {logging_mixin.py:190} INFO - [2026-07-21T09:16:20.754+0000] {dag.py:3239} INFO - Sync 1 DAGs
[2026-07-21T09:16:20.770+0000] {logging_mixin.py:190} INFO - [2026-07-21T09:16:20.769+0000] {dag.py:4180} INFO - Setting next_dagrun for my_dag to None, run_after=None
[2026-07-21T09:16:20.781+0000] {processor.py:208} INFO - Processing /opt/airflow/dags/my_tasks.py took 0.058 seconds
[2026-07-21T09:16:50.977+0000] {processor.py:186} INFO - Started process (PID=3670) to work on /opt/airflow/dags/my_tasks.py
[2026-07-21T09:16:50.978+0000] {processor.py:914} INFO - Processing file /opt/airflow/dags/my_tasks.py for tasks to queue
[2026-07-21T09:16:50.979+0000] {logging_mixin.py:190} INFO - [2026-07-21T09:16:50.979+0000] {dagbag.py:588} INFO - Filling up the DagBag from /opt/airflow/dags/my_tasks.py
[2026-07-21T09:16:50.984+0000] {processor.py:925} INFO - DAG(s) 'my_dag' retrieved from /opt/airflow/dags/my_tasks.py
[2026-07-21T09:16:51.001+0000] {logging_mixin.py:190} INFO - [2026-07-21T09:16:51.001+0000] {dag.py:3239} INFO - Sync 1 DAGs
[2026-07-21T09:16:51.017+0000] {logging_mixin.py:190} INFO - [2026-07-21T09:16:51.017+0000] {dag.py:4180} INFO - Setting next_dagrun for my_dag to None, run_after=None
[2026-07-21T09:16:51.030+0000] {processor.py:208} INFO - Processing /opt/airflow/dags/my_tasks.py took 0.057 seconds
[2026-07-21T09:17:21.253+0000] {processor.py:186} INFO - Started process (PID=3681) to work on /opt/airflow/dags/my_tasks.py
[2026-07-21T09:17:21.261+0000] {processor.py:914} INFO - Processing file /opt/airflow/dags/my_tasks.py for tasks to queue
[2026-07-21T09:17:21.263+0000] {logging_mixin.py:190} INFO - [2026-07-21T09:17:21.263+0000] {dagbag.py:588} INFO - Filling up the DagBag from /opt/airflow/dags/my_tasks.py
[2026-07-21T09:17:21.271+0000] {processor.py:925} INFO - DAG(s) 'my_dag' retrieved from /opt/airflow/dags/my_tasks.py
[2026-07-21T09:17:21.288+0000] {logging_mixin.py:190} INFO - [2026-07-21T09:17:21.288+0000] {dag.py:3239} INFO - Sync 1 DAGs
[2026-07-21T09:17:21.304+0000] {logging_mixin.py:190} INFO - [2026-07-21T09:17:21.304+0000] {dag.py:4180} INFO - Setting next_dagrun for my_dag to None, run_after=None
[2026-07-21T09:17:21.316+0000] {processor.py:208} INFO - Processing /opt/airflow/dags/my_tasks.py took 0.067 seconds
[2026-07-21T09:17:51.526+0000] {processor.py:186} INFO - Started process (PID=3692) to work on /opt/airflow/dags/my_tasks.py
[2026-07-21T09:17:51.527+0000] {processor.py:914} INFO - Processing file /opt/airflow/dags/my_tasks.py for tasks to queue
[2026-07-21T09:17:51.528+0000] {logging_mixin.py:190} INFO - [2026-07-21T09:17:51.528+0000] {dagbag.py:588} INFO - Filling up the DagBag from /opt/airflow/dags/my_tasks.py
[2026-07-21T09:17:51.534+0000] {processor.py:925} INFO - DAG(s) 'my_dag' retrieved from /opt/airflow/dags/my_tasks.py
[2026-07-21T09:17:51.551+0000] {logging_mixin.py:190} INFO - [2026-07-21T09:17:51.551+0000] {dag.py:3239} INFO - Sync 1 DAGs
[2026-07-21T09:17:51.663+0000] {logging_mixin.py:190} INFO - [2026-07-21T09:17:51.663+0000] {dag.py:4180} INFO - Setting next_dagrun for my_dag to None, run_after=None
[2026-07-21T09:17:51.683+0000] {processor.py:208} INFO - Processing /opt/airflow/dags/my_tasks.py took 0.161 seconds
[2026-07-21T09:18:21.781+0000] {processor.py:186} INFO - Started process (PID=3703) to work on /opt/airflow/dags/my_tasks.py
[2026-07-21T09:18:21.781+0000] {processor.py:914} INFO - Processing file /opt/airflow/dags/my_tasks.py for tasks to queue
[2026-07-21T09:18:21.783+0000] {logging_mixin.py:190} INFO - [2026-07-21T09:18:21.783+0000] {dagbag.py:588} INFO - Filling up the DagBag from /opt/airflow/dags/my_tasks.py
[2026-07-21T09:18:21.789+0000] {processor.py:925} INFO - DAG(s) 'my_dag' retrieved from /opt/airflow/dags/my_tasks.py
[2026-07-21T09:18:21.807+0000] {logging_mixin.py:190} INFO - [2026-07-21T09:18:21.807+0000] {dag.py:3239} INFO - Sync 1 DAGs
[2026-07-21T09:18:21.822+0000] {logging_mixin.py:190} INFO - [2026-07-21T09:18:21.822+0000] {dag.py:4180} INFO - Setting next_dagrun for my_dag to None, run_after=None
[2026-07-21T09:18:21.834+0000] {processor.py:208} INFO - Processing /opt/airflow/dags/my_tasks.py took 0.057 seconds
[2026-07-21T09:18:52.054+0000] {processor.py:186} INFO - Started process (PID=3714) to work on /opt/airflow/dags/my_tasks.py
[2026-07-21T09:18:52.058+0000] {processor.py:914} INFO - Processing file /opt/airflow/dags/my_tasks.py for tasks to queue
[2026-07-21T09:18:52.060+0000] {logging_mixin.py:190} INFO - [2026-07-21T09:18:52.060+0000] {dagbag.py:588} INFO - Filling up the DagBag from /opt/airflow/dags/my_tasks.py
[2026-07-21T09:18:52.066+0000] {processor.py:925} INFO - DAG(s) 'my_dag' retrieved from /opt/airflow/dags/my_tasks.py
[2026-07-21T09:18:52.085+0000] {logging_mixin.py:190} INFO - [2026-07-21T09:18:52.085+0000] {dag.py:3239} INFO - Sync 1 DAGs
[2026-07-21T09:18:52.101+0000] {logging_mixin.py:190} INFO - [2026-07-21T09:18:52.101+0000] {dag.py:4180} INFO - Setting next_dagrun for my_dag to None, run_after=None
[2026-07-21T09:18:52.114+0000] {processor.py:208} INFO - Processing /opt/airflow/dags/my_tasks.py took 0.064 seconds
[2026-07-21T09:19:22.341+0000] {processor.py:186} INFO - Started process (PID=3725) to work on /opt/airflow/dags/my_tasks.py
[2026-07-21T09:19:22.342+0000] {processor.py:914} INFO - Processing file /opt/airflow/dags/my_tasks.py for tasks to queue
[2026-07-21T09:19:22.344+0000] {logging_mixin.py:190} INFO - [2026-07-21T09:19:22.344+0000] {dagbag.py:588} INFO - Filling up the DagBag from /opt/airflow/dags/my_tasks.py
[2026-07-21T09:19:22.350+0000] {processor.py:925} INFO - DAG(s) 'my_dag' retrieved from /opt/airflow/dags/my_tasks.py
[2026-07-21T09:19:22.370+0000] {logging_mixin.py:190} INFO - [2026-07-21T09:19:22.370+0000] {dag.py:3239} INFO - Sync 1 DAGs
[2026-07-21T09:19:22.386+0000] {logging_mixin.py:190} INFO - [2026-07-21T09:19:22.386+0000] {dag.py:4180} INFO - Setting next_dagrun for my_dag to None, run_after=None
[2026-07-21T09:19:22.494+0000] {processor.py:208} INFO - Processing /opt/airflow/dags/my_tasks.py took 0.162 seconds
[2026-07-21T09:19:52.603+0000] {processor.py:186} INFO - Started process (PID=3736) to work on /opt/airflow/dags/my_tasks.py
[2026-07-21T09:19:52.604+0000] {processor.py:914} INFO - Processing file /opt/airflow/dags/my_tasks.py for tasks to queue
[2026-07-21T09:19:52.606+0000] {logging_mixin.py:190} INFO - [2026-07-21T09:19:52.606+0000] {dagbag.py:588} INFO - Filling up the DagBag from /opt/airflow/dags/my_tasks.py
[2026-07-21T09:19:52.613+0000] {processor.py:925} INFO - DAG(s) 'my_dag' retrieved from /opt/airflow/dags/my_tasks.py
[2026-07-21T09:19:52.631+0000] {logging_mixin.py:190} INFO - [2026-07-21T09:19:52.630+0000] {dag.py:3239} INFO - Sync 1 DAGs
[2026-07-21T09:19:52.743+0000] {logging_mixin.py:190} INFO - [2026-07-21T09:19:52.743+0000] {dag.py:4180} INFO - Setting next_dagrun for my_dag to None, run_after=None
[2026-07-21T09:19:52.754+0000] {processor.py:208} INFO - Processing /opt/airflow/dags/my_tasks.py took 0.156 seconds
[2026-07-21T09:20:22.941+0000] {processor.py:186} INFO - Started process (PID=3747) to work on /opt/airflow/dags/my_tasks.py
[2026-07-21T09:20:22.944+0000] {processor.py:914} INFO - Processing file /opt/airflow/dags/my_tasks.py for tasks to queue
[2026-07-21T09:20:22.946+0000] {logging_mixin.py:190} INFO - [2026-07-21T09:20:22.946+0000] {dagbag.py:588} INFO - Filling up the DagBag from /opt/airflow/dags/my_tasks.py
[2026-07-21T09:20:22.952+0000] {processor.py:925} INFO - DAG(s) 'my_dag' retrieved from /opt/airflow/dags/my_tasks.py
[2026-07-21T09:20:22.969+0000] {logging_mixin.py:190} INFO - [2026-07-21T09:20:22.969+0000] {dag.py:3239} INFO - Sync 1 DAGs
[2026-07-21T09:20:22.985+0000] {logging_mixin.py:190} INFO - [2026-07-21T09:20:22.985+0000] {dag.py:4180} INFO - Setting next_dagrun for my_dag to None, run_after=None
[2026-07-21T09:20:22.997+0000] {processor.py:208} INFO - Processing /opt/airflow/dags/my_tasks.py took 0.060 seconds
[2026-07-21T09:20:53.209+0000] {processor.py:186} INFO - Started process (PID=3758) to work on /opt/airflow/dags/my_tasks.py
[2026-07-21T09:20:53.210+0000] {processor.py:914} INFO - Processing file /opt/airflow/dags/my_tasks.py for tasks to queue
[2026-07-21T09:20:53.212+0000] {logging_mixin.py:190} INFO - [2026-07-21T09:20:53.212+0000] {dagbag.py:588} INFO - Filling up the DagBag from /opt/airflow/dags/my_tasks.py
[2026-07-21T09:20:53.217+0000] {processor.py:925} INFO - DAG(s) 'my_dag' retrieved from /opt/airflow/dags/my_tasks.py
[2026-07-21T09:20:53.235+0000] {logging_mixin.py:190} INFO - [2026-07-21T09:20:53.234+0000] {dag.py:3239} INFO - Sync 1 DAGs
[2026-07-21T09:20:53.250+0000] {logging_mixin.py:190} INFO - [2026-07-21T09:20:53.250+0000] {dag.py:4180} INFO - Setting next_dagrun for my_dag to None, run_after=None
[2026-07-21T09:20:53.262+0000] {processor.py:208} INFO - Processing /opt/airflow/dags/my_tasks.py took 0.057 seconds
[2026-07-21T09:21:23.479+0000] {processor.py:186} INFO - Started process (PID=3769) to work on /opt/airflow/dags/my_tasks.py
[2026-07-21T09:21:23.487+0000] {processor.py:914} INFO - Processing file /opt/airflow/dags/my_tasks.py for tasks to queue
[2026-07-21T09:21:23.490+0000] {logging_mixin.py:190} INFO - [2026-07-21T09:21:23.489+0000] {dagbag.py:588} INFO - Filling up the DagBag from /opt/airflow/dags/my_tasks.py
[2026-07-21T09:21:23.497+0000] {processor.py:925} INFO - DAG(s) 'my_dag' retrieved from /opt/airflow/dags/my_tasks.py
[2026-07-21T09:21:23.514+0000] {logging_mixin.py:190} INFO - [2026-07-21T09:21:23.514+0000] {dag.py:3239} INFO - Sync 1 DAGs
[2026-07-21T09:21:23.628+0000] {logging_mixin.py:190} INFO - [2026-07-21T09:21:23.628+0000] {dag.py:4180} INFO - Setting next_dagrun for my_dag to None, run_after=None
[2026-07-21T09:21:23.648+0000] {processor.py:208} INFO - Processing /opt/airflow/dags/my_tasks.py took 0.173 seconds
[2026-07-21T09:21:53.747+0000] {processor.py:186} INFO - Started process (PID=3780) to work on /opt/airflow/dags/my_tasks.py
[2026-07-21T09:21:53.755+0000] {processor.py:914} INFO - Processing file /opt/airflow/dags/my_tasks.py for tasks to queue
[2026-07-21T09:21:53.759+0000] {logging_mixin.py:190} INFO - [2026-07-21T09:21:53.758+0000] {dagbag.py:588} INFO - Filling up the DagBag from /opt/airflow/dags/my_tasks.py
[2026-07-21T09:21:53.768+0000] {processor.py:925} INFO - DAG(s) 'my_dag' retrieved from /opt/airflow/dags/my_tasks.py
[2026-07-21T09:21:53.786+0000] {logging_mixin.py:190} INFO - [2026-07-21T09:21:53.786+0000] {dag.py:3239} INFO - Sync 1 DAGs
[2026-07-21T09:21:53.803+0000] {logging_mixin.py:190} INFO - [2026-07-21T09:21:53.803+0000] {dag.py:4180} INFO - Setting next_dagrun for my_dag to None, run_after=None
[2026-07-21T09:21:53.815+0000] {processor.py:208} INFO - Processing /opt/airflow/dags/my_tasks.py took 0.073 seconds
[2026-07-21T09:22:24.066+0000] {processor.py:186} INFO - Started process (PID=3791) to work on /opt/airflow/dags/my_tasks.py
[2026-07-21T09:22:24.066+0000] {processor.py:914} INFO - Processing file /opt/airflow/dags/my_tasks.py for tasks to queue
[2026-07-21T09:22:24.068+0000] {logging_mixin.py:190} INFO - [2026-07-21T09:22:24.068+0000] {dagbag.py:588} INFO - Filling up the DagBag from /opt/airflow/dags/my_tasks.py
[2026-07-21T09:22:24.073+0000] {processor.py:925} INFO - DAG(s) 'my_dag' retrieved from /opt/airflow/dags/my_tasks.py
[2026-07-21T09:22:24.089+0000] {logging_mixin.py:190} INFO - [2026-07-21T09:22:24.089+0000] {dag.py:3239} INFO - Sync 1 DAGs
[2026-07-21T09:22:24.105+0000] {logging_mixin.py:190} INFO - [2026-07-21T09:22:24.104+0000] {dag.py:4180} INFO - Setting next_dagrun for my_dag to None, run_after=None
[2026-07-21T09:22:24.116+0000] {processor.py:208} INFO - Processing /opt/airflow/dags/my_tasks.py took 0.054 seconds
[2026-07-21T09:22:54.339+0000] {processor.py:186} INFO - Started process (PID=3802) to work on /opt/airflow/dags/my_tasks.py
[2026-07-21T09:22:54.347+0000] {processor.py:914} INFO - Processing file /opt/airflow/dags/my_tasks.py for tasks to queue
[2026-07-21T09:22:54.349+0000] {logging_mixin.py:190} INFO - [2026-07-21T09:22:54.349+0000] {dagbag.py:588} INFO - Filling up the DagBag from /opt/airflow/dags/my_tasks.py
[2026-07-21T09:22:54.357+0000] {processor.py:925} INFO - DAG(s) 'my_dag' retrieved from /opt/airflow/dags/my_tasks.py
[2026-07-21T09:22:54.376+0000] {logging_mixin.py:190} INFO - [2026-07-21T09:22:54.375+0000] {dag.py:3239} INFO - Sync 1 DAGs
[2026-07-21T09:22:54.391+0000] {logging_mixin.py:190} INFO - [2026-07-21T09:22:54.391+0000] {dag.py:4180} INFO - Setting next_dagrun for my_dag to None, run_after=None
[2026-07-21T09:22:54.404+0000] {processor.py:208} INFO - Processing /opt/airflow/dags/my_tasks.py took 0.069 seconds
[2026-07-21T09:23:24.617+0000] {processor.py:186} INFO - Started process (PID=3813) to work on /opt/airflow/dags/my_tasks.py
[2026-07-21T09:23:24.618+0000] {processor.py:914} INFO - Processing file /opt/airflow/dags/my_tasks.py for tasks to queue
[2026-07-21T09:23:24.619+0000] {logging_mixin.py:190} INFO - [2026-07-21T09:23:24.619+0000] {dagbag.py:588} INFO - Filling up the DagBag from /opt/airflow/dags/my_tasks.py
[2026-07-21T09:23:24.624+0000] {processor.py:925} INFO - DAG(s) 'my_dag' retrieved from /opt/airflow/dags/my_tasks.py
[2026-07-21T09:23:24.642+0000] {logging_mixin.py:190} INFO - [2026-07-21T09:23:24.642+0000] {dag.py:3239} INFO - Sync 1 DAGs
[2026-07-21T09:23:24.753+0000] {logging_mixin.py:190} INFO - [2026-07-21T09:23:24.753+0000] {dag.py:4180} INFO - Setting next_dagrun for my_dag to None, run_after=None
[2026-07-21T09:23:24.772+0000] {processor.py:208} INFO - Processing /opt/airflow/dags/my_tasks.py took 0.160 seconds
[2026-07-21T09:23:54.897+0000] {processor.py:186} INFO - Started process (PID=3824) to work on /opt/airflow/dags/my_tasks.py
[2026-07-21T09:23:54.898+0000] {processor.py:914} INFO - Processing file /opt/airflow/dags/my_tasks.py for tasks to queue
[2026-07-21T09:23:54.900+0000] {logging_mixin.py:190} INFO - [2026-07-21T09:23:54.900+0000] {dagbag.py:588} INFO - Filling up the DagBag from /opt/airflow/dags/my_tasks.py
[2026-07-21T09:23:54.905+0000] {processor.py:925} INFO - DAG(s) 'my_dag' retrieved from /opt/airflow/dags/my_tasks.py
[2026-07-21T09:23:54.923+0000] {logging_mixin.py:190} INFO - [2026-07-21T09:23:54.923+0000] {dag.py:3239} INFO - Sync 1 DAGs
[2026-07-21T09:23:54.939+0000] {logging_mixin.py:190} INFO - [2026-07-21T09:23:54.938+0000] {dag.py:4180} INFO - Setting next_dagrun for my_dag to None, run_after=None
[2026-07-21T09:23:54.952+0000] {processor.py:208} INFO - Processing /opt/airflow/dags/my_tasks.py took 0.061 seconds
[2026-07-21T09:24:25.205+0000] {processor.py:186} INFO - Started process (PID=3835) to work on /opt/airflow/dags/my_tasks.py
[2026-07-21T09:24:25.205+0000] {processor.py:914} INFO - Processing file /opt/airflow/dags/my_tasks.py for tasks to queue
[2026-07-21T09:24:25.207+0000] {logging_mixin.py:190} INFO - [2026-07-21T09:24:25.206+0000] {dagbag.py:588} INFO - Filling up the DagBag from /opt/airflow/dags/my_tasks.py
[2026-07-21T09:24:25.212+0000] {processor.py:925} INFO - DAG(s) 'my_dag' retrieved from /opt/airflow/dags/my_tasks.py
[2026-07-21T09:24:25.229+0000] {logging_mixin.py:190} INFO - [2026-07-21T09:24:25.229+0000] {dag.py:3239} INFO - Sync 1 DAGs
[2026-07-21T09:24:25.245+0000] {logging_mixin.py:190} INFO - [2026-07-21T09:24:25.244+0000] {dag.py:4180} INFO - Setting next_dagrun for my_dag to None, run_after=None
[2026-07-21T09:24:25.257+0000] {processor.py:208} INFO - Processing /opt/airflow/dags/my_tasks.py took 0.056 seconds
[2026-07-21T09:24:55.491+0000] {processor.py:186} INFO - Started process (PID=3846) to work on /opt/airflow/dags/my_tasks.py
[2026-07-21T09:24:55.492+0000] {processor.py:914} INFO - Processing file /opt/airflow/dags/my_tasks.py for tasks to queue
[2026-07-21T09:24:55.494+0000] {logging_mixin.py:190} INFO - [2026-07-21T09:24:55.493+0000] {dagbag.py:588} INFO - Filling up the DagBag from /opt/airflow/dags/my_tasks.py
[2026-07-21T09:24:55.499+0000] {processor.py:925} INFO - DAG(s) 'my_dag' retrieved from /opt/airflow/dags/my_tasks.py
[2026-07-21T09:24:55.517+0000] {logging_mixin.py:190} INFO - [2026-07-21T09:24:55.517+0000] {dag.py:3239} INFO - Sync 1 DAGs
[2026-07-21T09:24:55.534+0000] {logging_mixin.py:190} INFO - [2026-07-21T09:24:55.534+0000] {dag.py:4180} INFO - Setting next_dagrun for my_dag to None, run_after=None
[2026-07-21T09:24:55.641+0000] {processor.py:208} INFO - Processing /opt/airflow/dags/my_tasks.py took 0.155 seconds
[2026-07-21T09:25:25.772+0000] {processor.py:186} INFO - Started process (PID=3857) to work on /opt/airflow/dags/my_tasks.py
[2026-07-21T09:25:25.781+0000] {processor.py:914} INFO - Processing file /opt/airflow/dags/my_tasks.py for tasks to queue
[2026-07-21T09:25:25.785+0000] {logging_mixin.py:190} INFO - [2026-07-21T09:25:25.783+0000] {dagbag.py:588} INFO - Filling up the DagBag from /opt/airflow/dags/my_tasks.py
[2026-07-21T09:25:25.793+0000] {processor.py:925} INFO - DAG(s) 'my_dag' retrieved from /opt/airflow/dags/my_tasks.py
[2026-07-21T09:25:25.811+0000] {logging_mixin.py:190} INFO - [2026-07-21T09:25:25.811+0000] {dag.py:3239} INFO - Sync 1 DAGs
[2026-07-21T09:25:25.926+0000] {logging_mixin.py:190} INFO - [2026-07-21T09:25:25.925+0000] {dag.py:4180} INFO - Setting next_dagrun for my_dag to None, run_after=None
[2026-07-21T09:25:25.936+0000] {processor.py:208} INFO - Processing /opt/airflow/dags/my_tasks.py took 0.169 seconds
[2026-07-21T09:25:56.077+0000] {processor.py:186} INFO - Started process (PID=3868) to work on /opt/airflow/dags/my_tasks.py
[2026-07-21T09:25:56.082+0000] {processor.py:914} INFO - Processing file /opt/airflow/dags/my_tasks.py for tasks to queue
[2026-07-21T09:25:56.084+0000] {logging_mixin.py:190} INFO - [2026-07-21T09:25:56.084+0000] {dagbag.py:588} INFO - Filling up the DagBag from /opt/airflow/dags/my_tasks.py
[2026-07-21T09:25:56.091+0000] {processor.py:925} INFO - DAG(s) 'my_dag' retrieved from /opt/airflow/dags/my_tasks.py
[2026-07-21T09:25:56.108+0000] {logging_mixin.py:190} INFO - [2026-07-21T09:25:56.108+0000] {dag.py:3239} INFO - Sync 1 DAGs
[2026-07-21T09:25:56.124+0000] {logging_mixin.py:190} INFO - [2026-07-21T09:25:56.124+0000] {dag.py:4180} INFO - Setting next_dagrun for my_dag to None, run_after=None
[2026-07-21T09:25:56.136+0000] {processor.py:208} INFO - Processing /opt/airflow/dags/my_tasks.py took 0.062 seconds
[2026-07-21T09:26:26.366+0000] {processor.py:186} INFO - Started process (PID=3879) to work on /opt/airflow/dags/my_tasks.py
[2026-07-21T09:26:26.367+0000] {processor.py:914} INFO - Processing file /opt/airflow/dags/my_tasks.py for tasks to queue
[2026-07-21T09:26:26.369+0000] {logging_mixin.py:190} INFO - [2026-07-21T09:26:26.369+0000] {dagbag.py:588} INFO - Filling up the DagBag from /opt/airflow/dags/my_tasks.py
[2026-07-21T09:26:26.374+0000] {processor.py:925} INFO - DAG(s) 'my_dag' retrieved from /opt/airflow/dags/my_tasks.py
[2026-07-21T09:26:26.391+0000] {logging_mixin.py:190} INFO - [2026-07-21T09:26:26.391+0000] {dag.py:3239} INFO - Sync 1 DAGs
[2026-07-21T09:26:26.407+0000] {logging_mixin.py:190} INFO - [2026-07-21T09:26:26.406+0000] {dag.py:4180} INFO - Setting next_dagrun for my_dag to None, run_after=None
[2026-07-21T09:26:26.425+0000] {processor.py:208} INFO - Processing /opt/airflow/dags/my_tasks.py took 0.063 seconds
[2026-07-21T09:26:56.644+0000] {processor.py:186} INFO - Started process (PID=3890) to work on /opt/airflow/dags/my_tasks.py
[2026-07-21T09:26:56.648+0000] {processor.py:914} INFO - Processing file /opt/airflow/dags/my_tasks.py for tasks to queue
[2026-07-21T09:26:56.649+0000] {logging_mixin.py:190} INFO - [2026-07-21T09:26:56.649+0000] {dagbag.py:588} INFO - Filling up the DagBag from /opt/airflow/dags/my_tasks.py
[2026-07-21T09:26:56.655+0000] {processor.py:925} INFO - DAG(s) 'my_dag' retrieved from /opt/airflow/dags/my_tasks.py
[2026-07-21T09:26:56.672+0000] {logging_mixin.py:190} INFO - [2026-07-21T09:26:56.672+0000] {dag.py:3239} INFO - Sync 1 DAGs
[2026-07-21T09:26:56.784+0000] {logging_mixin.py:190} INFO - [2026-07-21T09:26:56.784+0000] {dag.py:4180} INFO - Setting next_dagrun for my_dag to None, run_after=None
[2026-07-21T09:26:56.803+0000] {processor.py:208} INFO - Processing /opt/airflow/dags/my_tasks.py took 0.164 seconds
[2026-07-21T09:27:26.920+0000] {processor.py:186} INFO - Started process (PID=3901) to work on /opt/airflow/dags/my_tasks.py
[2026-07-21T09:27:26.928+0000] {processor.py:914} INFO - Processing file /opt/airflow/dags/my_tasks.py for tasks to queue
[2026-07-21T09:27:26.930+0000] {logging_mixin.py:190} INFO - [2026-07-21T09:27:26.930+0000] {dagbag.py:588} INFO - Filling up the DagBag from /opt/airflow/dags/my_tasks.py
[2026-07-21T09:27:26.937+0000] {processor.py:925} INFO - DAG(s) 'my_dag' retrieved from /opt/airflow/dags/my_tasks.py
[2026-07-21T09:27:27.055+0000] {logging_mixin.py:190} INFO - [2026-07-21T09:27:27.055+0000] {dag.py:3239} INFO - Sync 1 DAGs
[2026-07-21T09:27:27.069+0000] {logging_mixin.py:190} INFO - [2026-07-21T09:27:27.069+0000] {dag.py:4180} INFO - Setting next_dagrun for my_dag to None, run_after=None
[2026-07-21T09:27:27.088+0000] {processor.py:208} INFO - Processing /opt/airflow/dags/my_tasks.py took 0.177 seconds
[2026-07-21T09:27:57.268+0000] {processor.py:186} INFO - Started process (PID=3912) to work on /opt/airflow/dags/my_tasks.py
[2026-07-21T09:27:57.276+0000] {processor.py:914} INFO - Processing file /opt/airflow/dags/my_tasks.py for tasks to queue
[2026-07-21T09:27:57.278+0000] {logging_mixin.py:190} INFO - [2026-07-21T09:27:57.278+0000] {dagbag.py:588} INFO - Filling up the DagBag from /opt/airflow/dags/my_tasks.py
[2026-07-21T09:27:57.284+0000] {processor.py:925} INFO - DAG(s) 'my_dag' retrieved from /opt/airflow/dags/my_tasks.py
[2026-07-21T09:27:57.302+0000] {logging_mixin.py:190} INFO - [2026-07-21T09:27:57.301+0000] {dag.py:3239} INFO - Sync 1 DAGs
[2026-07-21T09:27:57.317+0000] {logging_mixin.py:190} INFO - [2026-07-21T09:27:57.317+0000] {dag.py:4180} INFO - Setting next_dagrun for my_dag to None, run_after=None
[2026-07-21T09:27:57.329+0000] {processor.py:208} INFO - Processing /opt/airflow/dags/my_tasks.py took 0.065 seconds
[2026-07-21T09:28:27.551+0000] {processor.py:186} INFO - Started process (PID=3923) to work on /opt/airflow/dags/my_tasks.py
[2026-07-21T09:28:27.552+0000] {processor.py:914} INFO - Processing file /opt/airflow/dags/my_tasks.py for tasks to queue
[2026-07-21T09:28:27.553+0000] {logging_mixin.py:190} INFO - [2026-07-21T09:28:27.553+0000] {dagbag.py:588} INFO - Filling up the DagBag from /opt/airflow/dags/my_tasks.py
[2026-07-21T09:28:27.559+0000] {processor.py:925} INFO - DAG(s) 'my_dag' retrieved from /opt/airflow/dags/my_tasks.py
[2026-07-21T09:28:27.576+0000] {logging_mixin.py:190} INFO - [2026-07-21T09:28:27.575+0000] {dag.py:3239} INFO - Sync 1 DAGs
[2026-07-21T09:28:27.592+0000] {logging_mixin.py:190} INFO - [2026-07-21T09:28:27.592+0000] {dag.py:4180} INFO - Setting next_dagrun for my_dag to None, run_after=None
[2026-07-21T09:28:27.606+0000] {processor.py:208} INFO - Processing /opt/airflow/dags/my_tasks.py took 0.058 seconds
[2026-07-21T09:28:57.836+0000] {processor.py:186} INFO - Started process (PID=3934) to work on /opt/airflow/dags/my_tasks.py
[2026-07-21T09:28:57.844+0000] {processor.py:914} INFO - Processing file /opt/airflow/dags/my_tasks.py for tasks to queue
[2026-07-21T09:28:57.846+0000] {logging_mixin.py:190} INFO - [2026-07-21T09:28:57.846+0000] {dagbag.py:588} INFO - Filling up the DagBag from /opt/airflow/dags/my_tasks.py
[2026-07-21T09:28:57.851+0000] {processor.py:925} INFO - DAG(s) 'my_dag' retrieved from /opt/airflow/dags/my_tasks.py
[2026-07-21T09:28:57.868+0000] {logging_mixin.py:190} INFO - [2026-07-21T09:28:57.868+0000] {dag.py:3239} INFO - Sync 1 DAGs
[2026-07-21T09:28:57.992+0000] {logging_mixin.py:190} INFO - [2026-07-21T09:28:57.992+0000] {dag.py:4180} INFO - Setting next_dagrun for my_dag to None, run_after=None
[2026-07-21T09:28:58.004+0000] {processor.py:208} INFO - Processing /opt/airflow/dags/my_tasks.py took 0.172 seconds
[2026-07-21T09:29:28.109+0000] {processor.py:186} INFO - Started process (PID=3945) to work on /opt/airflow/dags/my_tasks.py
[2026-07-21T09:29:28.110+0000] {processor.py:914} INFO - Processing file /opt/airflow/dags/my_tasks.py for tasks to queue
[2026-07-21T09:29:28.112+0000] {logging_mixin.py:190} INFO - [2026-07-21T09:29:28.112+0000] {dagbag.py:588} INFO - Filling up the DagBag from /opt/airflow/dags/my_tasks.py
[2026-07-21T09:29:28.118+0000] {processor.py:925} INFO - DAG(s) 'my_dag' retrieved from /opt/airflow/dags/my_tasks.py
[2026-07-21T09:29:28.138+0000] {logging_mixin.py:190} INFO - [2026-07-21T09:29:28.138+0000] {dag.py:3239} INFO - Sync 1 DAGs
[2026-07-21T09:29:28.154+0000] {logging_mixin.py:190} INFO - [2026-07-21T09:29:28.154+0000] {dag.py:4180} INFO - Setting next_dagrun for my_dag to None, run_after=None
[2026-07-21T09:29:28.167+0000] {processor.py:208} INFO - Processing /opt/airflow/dags/my_tasks.py took 0.063 seconds
[2026-07-21T09:29:58.387+0000] {processor.py:186} INFO - Started process (PID=3956) to work on /opt/airflow/dags/my_tasks.py
[2026-07-21T09:29:58.395+0000] {processor.py:914} INFO - Processing file /opt/airflow/dags/my_tasks.py for tasks to queue
[2026-07-21T09:29:58.397+0000] {logging_mixin.py:190} INFO - [2026-07-21T09:29:58.396+0000] {dagbag.py:588} INFO - Filling up the DagBag from /opt/airflow/dags/my_tasks.py
[2026-07-21T09:29:58.403+0000] {processor.py:925} INFO - DAG(s) 'my_dag' retrieved from /opt/airflow/dags/my_tasks.py
[2026-07-21T09:29:58.420+0000] {logging_mixin.py:190} INFO - [2026-07-21T09:29:58.420+0000] {dag.py:3239} INFO - Sync 1 DAGs
[2026-07-21T09:29:58.435+0000] {logging_mixin.py:190} INFO - [2026-07-21T09:29:58.435+0000] {dag.py:4180} INFO - Setting next_dagrun for my_dag to None, run_after=None
[2026-07-21T09:29:58.447+0000] {processor.py:208} INFO - Processing /opt/airflow/dags/my_tasks.py took 0.064 seconds
[2026-07-21T09:30:28.642+0000] {processor.py:186} INFO - Started process (PID=3967) to work on /opt/airflow/dags/my_tasks.py
[2026-07-21T09:30:28.650+0000] {processor.py:914} INFO - Processing file /opt/airflow/dags/my_tasks.py for tasks to queue
[2026-07-21T09:30:28.652+0000] {logging_mixin.py:190} INFO - [2026-07-21T09:30:28.652+0000] {dagbag.py:588} INFO - Filling up the DagBag from /opt/airflow/dags/my_tasks.py
[2026-07-21T09:30:28.662+0000] {processor.py:925} INFO - DAG(s) 'my_dag' retrieved from /opt/airflow/dags/my_tasks.py
[2026-07-21T09:30:28.680+0000] {logging_mixin.py:190} INFO - [2026-07-21T09:30:28.680+0000] {dag.py:3239} INFO - Sync 1 DAGs
[2026-07-21T09:30:28.697+0000] {logging_mixin.py:190} INFO - [2026-07-21T09:30:28.696+0000] {dag.py:4180} INFO - Setting next_dagrun for my_dag to None, run_after=None
[2026-07-21T09:30:28.807+0000] {processor.py:208} INFO - Processing /opt/airflow/dags/my_tasks.py took 0.170 seconds
[2026-07-21T09:30:58.929+0000] {processor.py:186} INFO - Started process (PID=3978) to work on /opt/airflow/dags/my_tasks.py
[2026-07-21T09:30:58.939+0000] {processor.py:914} INFO - Processing file /opt/airflow/dags/my_tasks.py for tasks to queue
[2026-07-21T09:30:58.942+0000] {logging_mixin.py:190} INFO - [2026-07-21T09:30:58.942+0000] {dagbag.py:588} INFO - Filling up the DagBag from /opt/airflow/dags/my_tasks.py
[2026-07-21T09:30:58.951+0000] {processor.py:925} INFO - DAG(s) 'my_dag' retrieved from /opt/airflow/dags/my_tasks.py
[2026-07-21T09:30:58.968+0000] {logging_mixin.py:190} INFO - [2026-07-21T09:30:58.968+0000] {dag.py:3239} INFO - Sync 1 DAGs
[2026-07-21T09:30:59.084+0000] {logging_mixin.py:190} INFO - [2026-07-21T09:30:59.083+0000] {dag.py:4180} INFO - Setting next_dagrun for my_dag to None, run_after=None
[2026-07-21T09:30:59.096+0000] {processor.py:208} INFO - Processing /opt/airflow/dags/my_tasks.py took 0.172 seconds
[2026-07-21T09:31:29.261+0000] {processor.py:186} INFO - Started process (PID=3989) to work on /opt/airflow/dags/my_tasks.py
[2026-07-21T09:31:29.269+0000] {processor.py:914} INFO - Processing file /opt/airflow/dags/my_tasks.py for tasks to queue
[2026-07-21T09:31:29.271+0000] {logging_mixin.py:190} INFO - [2026-07-21T09:31:29.271+0000] {dagbag.py:588} INFO - Filling up the DagBag from /opt/airflow/dags/my_tasks.py
[2026-07-21T09:31:29.278+0000] {processor.py:925} INFO - DAG(s) 'my_dag' retrieved from /opt/airflow/dags/my_tasks.py
[2026-07-21T09:31:29.296+0000] {logging_mixin.py:190} INFO - [2026-07-21T09:31:29.295+0000] {dag.py:3239} INFO - Sync 1 DAGs
[2026-07-21T09:31:29.311+0000] {logging_mixin.py:190} INFO - [2026-07-21T09:31:29.311+0000] {dag.py:4180} INFO - Setting next_dagrun for my_dag to None, run_after=None
[2026-07-21T09:31:29.323+0000] {processor.py:208} INFO - Processing /opt/airflow/dags/my_tasks.py took 0.067 seconds
[2026-07-21T09:31:59.522+0000] {processor.py:186} INFO - Started process (PID=4000) to work on /opt/airflow/dags/my_tasks.py
[2026-07-21T09:31:59.523+0000] {processor.py:914} INFO - Processing file /opt/airflow/dags/my_tasks.py for tasks to queue
[2026-07-21T09:31:59.524+0000] {logging_mixin.py:190} INFO - [2026-07-21T09:31:59.524+0000] {dagbag.py:588} INFO - Filling up the DagBag from /opt/airflow/dags/my_tasks.py
[2026-07-21T09:31:59.529+0000] {processor.py:925} INFO - DAG(s) 'my_dag' retrieved from /opt/airflow/dags/my_tasks.py
[2026-07-21T09:31:59.545+0000] {logging_mixin.py:190} INFO - [2026-07-21T09:31:59.545+0000] {dag.py:3239} INFO - Sync 1 DAGs
[2026-07-21T09:31:59.560+0000] {logging_mixin.py:190} INFO - [2026-07-21T09:31:59.560+0000] {dag.py:4180} INFO - Setting next_dagrun for my_dag to None, run_after=None
[2026-07-21T09:31:59.573+0000] {processor.py:208} INFO - Processing /opt/airflow/dags/my_tasks.py took 0.055 seconds
[2026-07-21T09:32:29.800+0000] {processor.py:186} INFO - Started process (PID=4011) to work on /opt/airflow/dags/my_tasks.py
[2026-07-21T09:32:29.808+0000] {processor.py:914} INFO - Processing file /opt/airflow/dags/my_tasks.py for tasks to queue
[2026-07-21T09:32:29.811+0000] {logging_mixin.py:190} INFO - [2026-07-21T09:32:29.810+0000] {dagbag.py:588} INFO - Filling up the DagBag from /opt/airflow/dags/my_tasks.py
[2026-07-21T09:32:29.820+0000] {processor.py:925} INFO - DAG(s) 'my_dag' retrieved from /opt/airflow/dags/my_tasks.py
[2026-07-21T09:32:29.837+0000] {logging_mixin.py:190} INFO - [2026-07-21T09:32:29.836+0000] {dag.py:3239} INFO - Sync 1 DAGs
[2026-07-21T09:32:29.950+0000] {logging_mixin.py:190} INFO - [2026-07-21T09:32:29.950+0000] {dag.py:4180} INFO - Setting next_dagrun for my_dag to None, run_after=None
[2026-07-21T09:32:29.969+0000] {processor.py:208} INFO - Processing /opt/airflow/dags/my_tasks.py took 0.173 seconds
[2026-07-21T09:33:00.040+0000] {processor.py:186} INFO - Started process (PID=4022) to work on /opt/airflow/dags/my_tasks.py
[2026-07-21T09:33:00.041+0000] {processor.py:914} INFO - Processing file /opt/airflow/dags/my_tasks.py for tasks to queue
[2026-07-21T09:33:00.043+0000] {logging_mixin.py:190} INFO - [2026-07-21T09:33:00.042+0000] {dagbag.py:588} INFO - Filling up the DagBag from /opt/airflow/dags/my_tasks.py
[2026-07-21T09:33:00.048+0000] {processor.py:925} INFO - DAG(s) 'my_dag' retrieved from /opt/airflow/dags/my_tasks.py
[2026-07-21T09:33:00.165+0000] {logging_mixin.py:190} INFO - [2026-07-21T09:33:00.164+0000] {dag.py:3239} INFO - Sync 1 DAGs
[2026-07-21T09:33:00.178+0000] {logging_mixin.py:190} INFO - [2026-07-21T09:33:00.178+0000] {dag.py:4180} INFO - Setting next_dagrun for my_dag to None, run_after=None
[2026-07-21T09:33:00.197+0000] {processor.py:208} INFO - Processing /opt/airflow/dags/my_tasks.py took 0.161 seconds
[2026-07-21T09:33:30.425+0000] {processor.py:186} INFO - Started process (PID=4033) to work on /opt/airflow/dags/my_tasks.py
[2026-07-21T09:33:30.433+0000] {processor.py:914} INFO - Processing file /opt/airflow/dags/my_tasks.py for tasks to queue
[2026-07-21T09:33:30.436+0000] {logging_mixin.py:190} INFO - [2026-07-21T09:33:30.436+0000] {dagbag.py:588} INFO - Filling up the DagBag from /opt/airflow/dags/my_tasks.py
[2026-07-21T09:33:30.445+0000] {processor.py:925} INFO - DAG(s) 'my_dag' retrieved from /opt/airflow/dags/my_tasks.py
[2026-07-21T09:33:30.462+0000] {logging_mixin.py:190} INFO - [2026-07-21T09:33:30.462+0000] {dag.py:3239} INFO - Sync 1 DAGs
[2026-07-21T09:33:30.478+0000] {logging_mixin.py:190} INFO - [2026-07-21T09:33:30.477+0000] {dag.py:4180} INFO - Setting next_dagrun for my_dag to None, run_after=None
[2026-07-21T09:33:30.489+0000] {processor.py:208} INFO - Processing /opt/airflow/dags/my_tasks.py took 0.068 seconds
[2026-07-21T09:34:00.704+0000] {processor.py:186} INFO - Started process (PID=4044) to work on /opt/airflow/dags/my_tasks.py
[2026-07-21T09:34:00.712+0000] {processor.py:914} INFO - Processing file /opt/airflow/dags/my_tasks.py for tasks to queue
[2026-07-21T09:34:00.714+0000] {logging_mixin.py:190} INFO - [2026-07-21T09:34:00.714+0000] {dagbag.py:588} INFO - Filling up the DagBag from /opt/airflow/dags/my_tasks.py
[2026-07-21T09:34:00.723+0000] {processor.py:925} INFO - DAG(s) 'my_dag' retrieved from /opt/airflow/dags/my_tasks.py
[2026-07-21T09:34:00.740+0000] {logging_mixin.py:190} INFO - [2026-07-21T09:34:00.740+0000] {dag.py:3239} INFO - Sync 1 DAGs
[2026-07-21T09:34:00.756+0000] {logging_mixin.py:190} INFO - [2026-07-21T09:34:00.756+0000] {dag.py:4180} INFO - Setting next_dagrun for my_dag to None, run_after=None
[2026-07-21T09:34:00.769+0000] {processor.py:208} INFO - Processing /opt/airflow/dags/my_tasks.py took 0.069 seconds
[2026-07-21T09:34:30.959+0000] {processor.py:186} INFO - Started process (PID=4055) to work on /opt/airflow/dags/my_tasks.py
[2026-07-21T09:34:30.967+0000] {processor.py:914} INFO - Processing file /opt/airflow/dags/my_tasks.py for tasks to queue
[2026-07-21T09:34:30.970+0000] {logging_mixin.py:190} INFO - [2026-07-21T09:34:30.970+0000] {dagbag.py:588} INFO - Filling up the DagBag from /opt/airflow/dags/my_tasks.py
[2026-07-21T09:34:30.977+0000] {processor.py:925} INFO - DAG(s) 'my_dag' retrieved from /opt/airflow/dags/my_tasks.py
[2026-07-21T09:34:30.994+0000] {logging_mixin.py:190} INFO - [2026-07-21T09:34:30.993+0000] {dag.py:3239} INFO - Sync 1 DAGs
[2026-07-21T09:34:31.110+0000] {logging_mixin.py:190} INFO - [2026-07-21T09:34:31.110+0000] {dag.py:4180} INFO - Setting next_dagrun for my_dag to None, run_after=None
[2026-07-21T09:34:31.123+0000] {processor.py:208} INFO - Processing /opt/airflow/dags/my_tasks.py took 0.168 seconds
[2026-07-21T09:35:01.241+0000] {processor.py:186} INFO - Started process (PID=4066) to work on /opt/airflow/dags/my_tasks.py
[2026-07-21T09:35:01.242+0000] {processor.py:914} INFO - Processing file /opt/airflow/dags/my_tasks.py for tasks to queue
[2026-07-21T09:35:01.245+0000] {logging_mixin.py:190} INFO - [2026-07-21T09:35:01.245+0000] {dagbag.py:588} INFO - Filling up the DagBag from /opt/airflow/dags/my_tasks.py
[2026-07-21T09:35:01.252+0000] {processor.py:925} INFO - DAG(s) 'my_dag' retrieved from /opt/airflow/dags/my_tasks.py
[2026-07-21T09:35:01.269+0000] {logging_mixin.py:190} INFO - [2026-07-21T09:35:01.269+0000] {dag.py:3239} INFO - Sync 1 DAGs
[2026-07-21T09:35:01.284+0000] {logging_mixin.py:190} INFO - [2026-07-21T09:35:01.284+0000] {dag.py:4180} INFO - Setting next_dagrun for my_dag to None, run_after=None
[2026-07-21T09:35:01.302+0000] {processor.py:208} INFO - Processing /opt/airflow/dags/my_tasks.py took 0.066 seconds
[2026-07-21T09:35:31.586+0000] {processor.py:186} INFO - Started process (PID=4077) to work on /opt/airflow/dags/my_tasks.py
[2026-07-21T09:35:31.587+0000] {processor.py:914} INFO - Processing file /opt/airflow/dags/my_tasks.py for tasks to queue
[2026-07-21T09:35:31.588+0000] {logging_mixin.py:190} INFO - [2026-07-21T09:35:31.588+0000] {dagbag.py:588} INFO - Filling up the DagBag from /opt/airflow/dags/my_tasks.py
[2026-07-21T09:35:31.593+0000] {processor.py:925} INFO - DAG(s) 'my_dag' retrieved from /opt/airflow/dags/my_tasks.py
[2026-07-21T09:35:31.610+0000] {logging_mixin.py:190} INFO - [2026-07-21T09:35:31.610+0000] {dag.py:3239} INFO - Sync 1 DAGs
[2026-07-21T09:35:31.625+0000] {logging_mixin.py:190} INFO - [2026-07-21T09:35:31.624+0000] {dag.py:4180} INFO - Setting next_dagrun for my_dag to None, run_after=None
[2026-07-21T09:35:31.637+0000] {processor.py:208} INFO - Processing /opt/airflow/dags/my_tasks.py took 0.055 seconds
[2026-07-21T09:36:01.875+0000] {processor.py:186} INFO - Started process (PID=4088) to work on /opt/airflow/dags/my_tasks.py
[2026-07-21T09:36:01.883+0000] {processor.py:914} INFO - Processing file /opt/airflow/dags/my_tasks.py for tasks to queue
[2026-07-21T09:36:01.886+0000] {logging_mixin.py:190} INFO - [2026-07-21T09:36:01.886+0000] {dagbag.py:588} INFO - Filling up the DagBag from /opt/airflow/dags/my_tasks.py
[2026-07-21T09:36:01.895+0000] {processor.py:925} INFO - DAG(s) 'my_dag' retrieved from /opt/airflow/dags/my_tasks.py
[2026-07-21T09:36:01.912+0000] {logging_mixin.py:190} INFO - [2026-07-21T09:36:01.912+0000] {dag.py:3239} INFO - Sync 1 DAGs
[2026-07-21T09:36:01.928+0000] {logging_mixin.py:190} INFO - [2026-07-21T09:36:01.928+0000] {dag.py:4180} INFO - Setting next_dagrun for my_dag to None, run_after=None
[2026-07-21T09:36:02.039+0000] {processor.py:208} INFO - Processing /opt/airflow/dags/my_tasks.py took 0.168 seconds
[2026-07-21T09:36:32.132+0000] {processor.py:186} INFO - Started process (PID=4099) to work on /opt/airflow/dags/my_tasks.py
[2026-07-21T09:36:32.132+0000] {processor.py:914} INFO - Processing file /opt/airflow/dags/my_tasks.py for tasks to queue
[2026-07-21T09:36:32.135+0000] {logging_mixin.py:190} INFO - [2026-07-21T09:36:32.134+0000] {dagbag.py:588} INFO - Filling up the DagBag from /opt/airflow/dags/my_tasks.py
[2026-07-21T09:36:32.141+0000] {processor.py:925} INFO - DAG(s) 'my_dag' retrieved from /opt/airflow/dags/my_tasks.py
[2026-07-21T09:36:32.159+0000] {logging_mixin.py:190} INFO - [2026-07-21T09:36:32.159+0000] {dag.py:3239} INFO - Sync 1 DAGs
[2026-07-21T09:36:32.270+0000] {logging_mixin.py:190} INFO - [2026-07-21T09:36:32.270+0000] {dag.py:4180} INFO - Setting next_dagrun for my_dag to None, run_after=None
[2026-07-21T09:36:32.290+0000] {processor.py:208} INFO - Processing /opt/airflow/dags/my_tasks.py took 0.163 seconds
[2026-07-21T09:37:02.469+0000] {processor.py:186} INFO - Started process (PID=4110) to work on /opt/airflow/dags/my_tasks.py
[2026-07-21T09:37:02.477+0000] {processor.py:914} INFO - Processing file /opt/airflow/dags/my_tasks.py for tasks to queue
[2026-07-21T09:37:02.481+0000] {logging_mixin.py:190} INFO - [2026-07-21T09:37:02.480+0000] {dagbag.py:588} INFO - Filling up the DagBag from /opt/airflow/dags/my_tasks.py
[2026-07-21T09:37:02.489+0000] {processor.py:925} INFO - DAG(s) 'my_dag' retrieved from /opt/airflow/dags/my_tasks.py
[2026-07-21T09:37:02.506+0000] {logging_mixin.py:190} INFO - [2026-07-21T09:37:02.506+0000] {dag.py:3239} INFO - Sync 1 DAGs
[2026-07-21T09:37:02.522+0000] {logging_mixin.py:190} INFO - [2026-07-21T09:37:02.522+0000] {dag.py:4180} INFO - Setting next_dagrun for my_dag to None, run_after=None
[2026-07-21T09:37:02.533+0000] {processor.py:208} INFO - Processing /opt/airflow/dags/my_tasks.py took 0.068 seconds
[2026-07-21T09:37:32.735+0000] {processor.py:186} INFO - Started process (PID=4121) to work on /opt/airflow/dags/my_tasks.py
[2026-07-21T09:37:32.743+0000] {processor.py:914} INFO - Processing file /opt/airflow/dags/my_tasks.py for tasks to queue
[2026-07-21T09:37:32.746+0000] {logging_mixin.py:190} INFO - [2026-07-21T09:37:32.745+0000] {dagbag.py:588} INFO - Filling up the DagBag from /opt/airflow/dags/my_tasks.py
[2026-07-21T09:37:32.755+0000] {processor.py:925} INFO - DAG(s) 'my_dag' retrieved from /opt/airflow/dags/my_tasks.py
[2026-07-21T09:37:32.772+0000] {logging_mixin.py:190} INFO - [2026-07-21T09:37:32.772+0000] {dag.py:3239} INFO - Sync 1 DAGs
[2026-07-21T09:37:32.788+0000] {logging_mixin.py:190} INFO - [2026-07-21T09:37:32.788+0000] {dag.py:4180} INFO - Setting next_dagrun for my_dag to None, run_after=None
[2026-07-21T09:37:32.801+0000] {processor.py:208} INFO - Processing /opt/airflow/dags/my_tasks.py took 0.070 seconds
[2026-07-21T09:38:03.000+0000] {processor.py:186} INFO - Started process (PID=4132) to work on /opt/airflow/dags/my_tasks.py
[2026-07-21T09:38:03.008+0000] {processor.py:914} INFO - Processing file /opt/airflow/dags/my_tasks.py for tasks to queue
[2026-07-21T09:38:03.010+0000] {logging_mixin.py:190} INFO - [2026-07-21T09:38:03.010+0000] {dagbag.py:588} INFO - Filling up the DagBag from /opt/airflow/dags/my_tasks.py
[2026-07-21T09:38:03.019+0000] {processor.py:925} INFO - DAG(s) 'my_dag' retrieved from /opt/airflow/dags/my_tasks.py
[2026-07-21T09:38:03.037+0000] {logging_mixin.py:190} INFO - [2026-07-21T09:38:03.037+0000] {dag.py:3239} INFO - Sync 1 DAGs
[2026-07-21T09:38:03.153+0000] {logging_mixin.py:190} INFO - [2026-07-21T09:38:03.152+0000] {dag.py:4180} INFO - Setting next_dagrun for my_dag to None, run_after=None
[2026-07-21T09:38:03.165+0000] {processor.py:208} INFO - Processing /opt/airflow/dags/my_tasks.py took 0.169 seconds
[2026-07-21T09:38:33.283+0000] {processor.py:186} INFO - Started process (PID=4143) to work on /opt/airflow/dags/my_tasks.py
[2026-07-21T09:38:33.287+0000] {processor.py:914} INFO - Processing file /opt/airflow/dags/my_tasks.py for tasks to queue
[2026-07-21T09:38:33.289+0000] {logging_mixin.py:190} INFO - [2026-07-21T09:38:33.289+0000] {dagbag.py:588} INFO - Filling up the DagBag from /opt/airflow/dags/my_tasks.py
[2026-07-21T09:38:33.297+0000] {processor.py:925} INFO - DAG(s) 'my_dag' retrieved from /opt/airflow/dags/my_tasks.py
[2026-07-21T09:38:33.416+0000] {logging_mixin.py:190} INFO - [2026-07-21T09:38:33.416+0000] {dag.py:3239} INFO - Sync 1 DAGs
[2026-07-21T09:38:33.430+0000] {logging_mixin.py:190} INFO - [2026-07-21T09:38:33.430+0000] {dag.py:4180} INFO - Setting next_dagrun for my_dag to None, run_after=None
[2026-07-21T09:38:33.444+0000] {processor.py:208} INFO - Processing /opt/airflow/dags/my_tasks.py took 0.166 seconds
[2026-07-21T09:39:03.629+0000] {processor.py:186} INFO - Started process (PID=4154) to work on /opt/airflow/dags/my_tasks.py
[2026-07-21T09:39:03.629+0000] {processor.py:914} INFO - Processing file /opt/airflow/dags/my_tasks.py for tasks to queue
[2026-07-21T09:39:03.631+0000] {logging_mixin.py:190} INFO - [2026-07-21T09:39:03.631+0000] {dagbag.py:588} INFO - Filling up the DagBag from /opt/airflow/dags/my_tasks.py
[2026-07-21T09:39:03.636+0000] {processor.py:925} INFO - DAG(s) 'my_dag' retrieved from /opt/airflow/dags/my_tasks.py
[2026-07-21T09:39:03.652+0000] {logging_mixin.py:190} INFO - [2026-07-21T09:39:03.652+0000] {dag.py:3239} INFO - Sync 1 DAGs
[2026-07-21T09:39:03.669+0000] {logging_mixin.py:190} INFO - [2026-07-21T09:39:03.668+0000] {dag.py:4180} INFO - Setting next_dagrun for my_dag to None, run_after=None
[2026-07-21T09:39:03.681+0000] {processor.py:208} INFO - Processing /opt/airflow/dags/my_tasks.py took 0.057 seconds
[2026-07-21T09:39:33.924+0000] {processor.py:186} INFO - Started process (PID=4165) to work on /opt/airflow/dags/my_tasks.py
[2026-07-21T09:39:33.931+0000] {processor.py:914} INFO - Processing file /opt/airflow/dags/my_tasks.py for tasks to queue
[2026-07-21T09:39:33.934+0000] {logging_mixin.py:190} INFO - [2026-07-21T09:39:33.933+0000] {dagbag.py:588} INFO - Filling up the DagBag from /opt/airflow/dags/my_tasks.py
[2026-07-21T09:39:33.942+0000] {processor.py:925} INFO - DAG(s) 'my_dag' retrieved from /opt/airflow/dags/my_tasks.py
[2026-07-21T09:39:33.963+0000] {logging_mixin.py:190} INFO - [2026-07-21T09:39:33.963+0000] {dag.py:3239} INFO - Sync 1 DAGs
[2026-07-21T09:39:33.979+0000] {logging_mixin.py:190} INFO - [2026-07-21T09:39:33.978+0000] {dag.py:4180} INFO - Setting next_dagrun for my_dag to None, run_after=None
[2026-07-21T09:39:33.992+0000] {processor.py:208} INFO - Processing /opt/airflow/dags/my_tasks.py took 0.073 seconds
[2026-07-21T09:40:04.206+0000] {processor.py:186} INFO - Started process (PID=4176) to work on /opt/airflow/dags/my_tasks.py
[2026-07-21T09:40:04.207+0000] {processor.py:914} INFO - Processing file /opt/airflow/dags/my_tasks.py for tasks to queue
[2026-07-21T09:40:04.208+0000] {logging_mixin.py:190} INFO - [2026-07-21T09:40:04.208+0000] {dagbag.py:588} INFO - Filling up the DagBag from /opt/airflow/dags/my_tasks.py
[2026-07-21T09:40:04.213+0000] {processor.py:925} INFO - DAG(s) 'my_dag' retrieved from /opt/airflow/dags/my_tasks.py
[2026-07-21T09:40:04.230+0000] {logging_mixin.py:190} INFO - [2026-07-21T09:40:04.230+0000] {dag.py:3239} INFO - Sync 1 DAGs
[2026-07-21T09:40:04.342+0000] {logging_mixin.py:190} INFO - [2026-07-21T09:40:04.342+0000] {dag.py:4180} INFO - Setting next_dagrun for my_dag to None, run_after=None
[2026-07-21T09:40:04.363+0000] {processor.py:208} INFO - Processing /opt/airflow/dags/my_tasks.py took 0.161 seconds
[2026-07-21T09:40:34.484+0000] {processor.py:186} INFO - Started process (PID=4187) to work on /opt/airflow/dags/my_tasks.py
[2026-07-21T09:40:34.492+0000] {processor.py:914} INFO - Processing file /opt/airflow/dags/my_tasks.py for tasks to queue
[2026-07-21T09:40:34.496+0000] {logging_mixin.py:190} INFO - [2026-07-21T09:40:34.495+0000] {dagbag.py:588} INFO - Filling up the DagBag from /opt/airflow/dags/my_tasks.py
[2026-07-21T09:40:34.504+0000] {processor.py:925} INFO - DAG(s) 'my_dag' retrieved from /opt/airflow/dags/my_tasks.py
[2026-07-21T09:40:34.620+0000] {logging_mixin.py:190} INFO - [2026-07-21T09:40:34.620+0000] {dag.py:3239} INFO - Sync 1 DAGs
[2026-07-21T09:40:34.635+0000] {logging_mixin.py:190} INFO - [2026-07-21T09:40:34.635+0000] {dag.py:4180} INFO - Setting next_dagrun for my_dag to None, run_after=None
[2026-07-21T09:40:34.648+0000] {processor.py:208} INFO - Processing /opt/airflow/dags/my_tasks.py took 0.168 seconds
[2026-07-21T09:41:04.930+0000] {processor.py:186} INFO - Started process (PID=4198) to work on /opt/airflow/dags/my_tasks.py
[2026-07-21T09:41:04.931+0000] {processor.py:914} INFO - Processing file /opt/airflow/dags/my_tasks.py for tasks to queue
[2026-07-21T09:41:04.932+0000] {logging_mixin.py:190} INFO - [2026-07-21T09:41:04.932+0000] {dagbag.py:588} INFO - Filling up the DagBag from /opt/airflow/dags/my_tasks.py
[2026-07-21T09:41:04.937+0000] {processor.py:925} INFO - DAG(s) 'my_dag' retrieved from /opt/airflow/dags/my_tasks.py
[2026-07-21T09:41:04.954+0000] {logging_mixin.py:190} INFO - [2026-07-21T09:41:04.953+0000] {dag.py:3239} INFO - Sync 1 DAGs
[2026-07-21T09:41:04.969+0000] {logging_mixin.py:190} INFO - [2026-07-21T09:41:04.969+0000] {dag.py:4180} INFO - Setting next_dagrun for my_dag to None, run_after=None
[2026-07-21T09:41:04.983+0000] {processor.py:208} INFO - Processing /opt/airflow/dags/my_tasks.py took 0.058 seconds
[2026-07-21T09:41:35.196+0000] {processor.py:186} INFO - Started process (PID=4209) to work on /opt/airflow/dags/my_tasks.py
[2026-07-21T09:41:35.197+0000] {processor.py:914} INFO - Processing file /opt/airflow/dags/my_tasks.py for tasks to queue
[2026-07-21T09:41:35.198+0000] {logging_mixin.py:190} INFO - [2026-07-21T09:41:35.198+0000] {dagbag.py:588} INFO - Filling up the DagBag from /opt/airflow/dags/my_tasks.py
[2026-07-21T09:41:35.203+0000] {processor.py:925} INFO - DAG(s) 'my_dag' retrieved from /opt/airflow/dags/my_tasks.py
[2026-07-21T09:41:35.220+0000] {logging_mixin.py:190} INFO - [2026-07-21T09:41:35.219+0000] {dag.py:3239} INFO - Sync 1 DAGs
[2026-07-21T09:41:35.235+0000] {logging_mixin.py:190} INFO - [2026-07-21T09:41:35.235+0000] {dag.py:4180} INFO - Setting next_dagrun for my_dag to None, run_after=None
[2026-07-21T09:41:35.248+0000] {processor.py:208} INFO - Processing /opt/airflow/dags/my_tasks.py took 0.056 seconds
[2026-07-21T09:42:05.468+0000] {processor.py:186} INFO - Started process (PID=4220) to work on /opt/airflow/dags/my_tasks.py
[2026-07-21T09:42:05.476+0000] {processor.py:914} INFO - Processing file /opt/airflow/dags/my_tasks.py for tasks to queue
[2026-07-21T09:42:05.478+0000] {logging_mixin.py:190} INFO - [2026-07-21T09:42:05.477+0000] {dagbag.py:588} INFO - Filling up the DagBag from /opt/airflow/dags/my_tasks.py
[2026-07-21T09:42:05.486+0000] {processor.py:925} INFO - DAG(s) 'my_dag' retrieved from /opt/airflow/dags/my_tasks.py
[2026-07-21T09:42:05.502+0000] {logging_mixin.py:190} INFO - [2026-07-21T09:42:05.502+0000] {dag.py:3239} INFO - Sync 1 DAGs
[2026-07-21T09:42:05.518+0000] {logging_mixin.py:190} INFO - [2026-07-21T09:42:05.518+0000] {dag.py:4180} INFO - Setting next_dagrun for my_dag to None, run_after=None
[2026-07-21T09:42:05.530+0000] {processor.py:208} INFO - Processing /opt/airflow/dags/my_tasks.py took 0.067 seconds
[2026-07-21T09:42:35.762+0000] {processor.py:186} INFO - Started process (PID=4231) to work on /opt/airflow/dags/my_tasks.py
[2026-07-21T09:42:35.763+0000] {processor.py:914} INFO - Processing file /opt/airflow/dags/my_tasks.py for tasks to queue
[2026-07-21T09:42:35.764+0000] {logging_mixin.py:190} INFO - [2026-07-21T09:42:35.764+0000] {dagbag.py:588} INFO - Filling up the DagBag from /opt/airflow/dags/my_tasks.py
[2026-07-21T09:42:35.770+0000] {processor.py:925} INFO - DAG(s) 'my_dag' retrieved from /opt/airflow/dags/my_tasks.py
[2026-07-21T09:42:35.789+0000] {logging_mixin.py:190} INFO - [2026-07-21T09:42:35.789+0000] {dag.py:3239} INFO - Sync 1 DAGs
[2026-07-21T09:42:35.805+0000] {logging_mixin.py:190} INFO - [2026-07-21T09:42:35.805+0000] {dag.py:4180} INFO - Setting next_dagrun for my_dag to None, run_after=None
[2026-07-21T09:42:35.820+0000] {processor.py:208} INFO - Processing /opt/airflow/dags/my_tasks.py took 0.063 seconds
[2026-07-21T09:43:06.055+0000] {processor.py:186} INFO - Started process (PID=4242) to work on /opt/airflow/dags/my_tasks.py
[2026-07-21T09:43:06.063+0000] {processor.py:914} INFO - Processing file /opt/airflow/dags/my_tasks.py for tasks to queue
[2026-07-21T09:43:06.067+0000] {logging_mixin.py:190} INFO - [2026-07-21T09:43:06.067+0000] {dagbag.py:588} INFO - Filling up the DagBag from /opt/airflow/dags/my_tasks.py
[2026-07-21T09:43:06.075+0000] {processor.py:925} INFO - DAG(s) 'my_dag' retrieved from /opt/airflow/dags/my_tasks.py
[2026-07-21T09:43:06.092+0000] {logging_mixin.py:190} INFO - [2026-07-21T09:43:06.092+0000] {dag.py:3239} INFO - Sync 1 DAGs
[2026-07-21T09:43:06.108+0000] {logging_mixin.py:190} INFO - [2026-07-21T09:43:06.107+0000] {dag.py:4180} INFO - Setting next_dagrun for my_dag to None, run_after=None
[2026-07-21T09:43:06.124+0000] {processor.py:208} INFO - Processing /opt/airflow/dags/my_tasks.py took 0.076 seconds
[2026-07-21T09:43:36.318+0000] {processor.py:186} INFO - Started process (PID=4253) to work on /opt/airflow/dags/my_tasks.py
[2026-07-21T09:43:36.327+0000] {processor.py:914} INFO - Processing file /opt/airflow/dags/my_tasks.py for tasks to queue
[2026-07-21T09:43:36.331+0000] {logging_mixin.py:190} INFO - [2026-07-21T09:43:36.330+0000] {dagbag.py:588} INFO - Filling up the DagBag from /opt/airflow/dags/my_tasks.py
[2026-07-21T09:43:36.340+0000] {processor.py:925} INFO - DAG(s) 'my_dag' retrieved from /opt/airflow/dags/my_tasks.py
[2026-07-21T09:43:36.357+0000] {logging_mixin.py:190} INFO - [2026-07-21T09:43:36.356+0000] {dag.py:3239} INFO - Sync 1 DAGs
[2026-07-21T09:43:36.373+0000] {logging_mixin.py:190} INFO - [2026-07-21T09:43:36.372+0000] {dag.py:4180} INFO - Setting next_dagrun for my_dag to None, run_after=None
[2026-07-21T09:43:36.388+0000] {processor.py:208} INFO - Processing /opt/airflow/dags/my_tasks.py took 0.076 seconds
[2026-07-21T09:44:06.570+0000] {processor.py:186} INFO - Started process (PID=4264) to work on /opt/airflow/dags/my_tasks.py
[2026-07-21T09:44:06.578+0000] {processor.py:914} INFO - Processing file /opt/airflow/dags/my_tasks.py for tasks to queue
[2026-07-21T09:44:06.580+0000] {logging_mixin.py:190} INFO - [2026-07-21T09:44:06.580+0000] {dagbag.py:588} INFO - Filling up the DagBag from /opt/airflow/dags/my_tasks.py
[2026-07-21T09:44:06.589+0000] {processor.py:925} INFO - DAG(s) 'my_dag' retrieved from /opt/airflow/dags/my_tasks.py
[2026-07-21T09:44:06.606+0000] {logging_mixin.py:190} INFO - [2026-07-21T09:44:06.605+0000] {dag.py:3239} INFO - Sync 1 DAGs
[2026-07-21T09:44:06.621+0000] {logging_mixin.py:190} INFO - [2026-07-21T09:44:06.621+0000] {dag.py:4180} INFO - Setting next_dagrun for my_dag to None, run_after=None
[2026-07-21T09:44:06.633+0000] {processor.py:208} INFO - Processing /opt/airflow/dags/my_tasks.py took 0.067 seconds
[2026-07-21T09:44:36.843+0000] {processor.py:186} INFO - Started process (PID=4275) to work on /opt/airflow/dags/my_tasks.py
[2026-07-21T09:44:36.851+0000] {processor.py:914} INFO - Processing file /opt/airflow/dags/my_tasks.py for tasks to queue
[2026-07-21T09:44:36.854+0000] {logging_mixin.py:190} INFO - [2026-07-21T09:44:36.854+0000] {dagbag.py:588} INFO - Filling up the DagBag from /opt/airflow/dags/my_tasks.py
[2026-07-21T09:44:36.863+0000] {processor.py:925} INFO - DAG(s) 'my_dag' retrieved from /opt/airflow/dags/my_tasks.py
[2026-07-21T09:44:36.879+0000] {logging_mixin.py:190} INFO - [2026-07-21T09:44:36.879+0000] {dag.py:3239} INFO - Sync 1 DAGs
[2026-07-21T09:44:36.895+0000] {logging_mixin.py:190} INFO - [2026-07-21T09:44:36.895+0000] {dag.py:4180} INFO - Setting next_dagrun for my_dag to None, run_after=None
[2026-07-21T09:44:36.908+0000] {processor.py:208} INFO - Processing /opt/airflow/dags/my_tasks.py took 0.069 seconds
[2026-07-21T09:45:07.118+0000] {processor.py:186} INFO - Started process (PID=4286) to work on /opt/airflow/dags/my_tasks.py
[2026-07-21T09:45:07.126+0000] {processor.py:914} INFO - Processing file /opt/airflow/dags/my_tasks.py for tasks to queue
[2026-07-21T09:45:07.130+0000] {logging_mixin.py:190} INFO - [2026-07-21T09:45:07.129+0000] {dagbag.py:588} INFO - Filling up the DagBag from /opt/airflow/dags/my_tasks.py
[2026-07-21T09:45:07.137+0000] {processor.py:925} INFO - DAG(s) 'my_dag' retrieved from /opt/airflow/dags/my_tasks.py
[2026-07-21T09:45:07.154+0000] {logging_mixin.py:190} INFO - [2026-07-21T09:45:07.154+0000] {dag.py:3239} INFO - Sync 1 DAGs
[2026-07-21T09:45:07.171+0000] {logging_mixin.py:190} INFO - [2026-07-21T09:45:07.171+0000] {dag.py:4180} INFO - Setting next_dagrun for my_dag to None, run_after=None
[2026-07-21T09:45:07.185+0000] {processor.py:208} INFO - Processing /opt/airflow/dags/my_tasks.py took 0.071 seconds
[2026-07-21T09:45:37.374+0000] {processor.py:186} INFO - Started process (PID=4297) to work on /opt/airflow/dags/my_tasks.py
[2026-07-21T09:45:37.382+0000] {processor.py:914} INFO - Processing file /opt/airflow/dags/my_tasks.py for tasks to queue
[2026-07-21T09:45:37.384+0000] {logging_mixin.py:190} INFO - [2026-07-21T09:45:37.384+0000] {dagbag.py:588} INFO - Filling up the DagBag from /opt/airflow/dags/my_tasks.py
[2026-07-21T09:45:37.392+0000] {processor.py:925} INFO - DAG(s) 'my_dag' retrieved from /opt/airflow/dags/my_tasks.py
[2026-07-21T09:45:37.412+0000] {logging_mixin.py:190} INFO - [2026-07-21T09:45:37.412+0000] {dag.py:3239} INFO - Sync 1 DAGs
[2026-07-21T09:45:37.427+0000] {logging_mixin.py:190} INFO - [2026-07-21T09:45:37.427+0000] {dag.py:4180} INFO - Setting next_dagrun for my_dag to None, run_after=None
[2026-07-21T09:45:37.440+0000] {processor.py:208} INFO - Processing /opt/airflow/dags/my_tasks.py took 0.070 seconds
[2026-07-21T09:46:07.658+0000] {processor.py:186} INFO - Started process (PID=4308) to work on /opt/airflow/dags/my_tasks.py
[2026-07-21T09:46:07.666+0000] {processor.py:914} INFO - Processing file /opt/airflow/dags/my_tasks.py for tasks to queue
[2026-07-21T09:46:07.669+0000] {logging_mixin.py:190} INFO - [2026-07-21T09:46:07.668+0000] {dagbag.py:588} INFO - Filling up the DagBag from /opt/airflow/dags/my_tasks.py
[2026-07-21T09:46:07.677+0000] {processor.py:925} INFO - DAG(s) 'my_dag' retrieved from /opt/airflow/dags/my_tasks.py
[2026-07-21T09:46:07.693+0000] {logging_mixin.py:190} INFO - [2026-07-21T09:46:07.693+0000] {dag.py:3239} INFO - Sync 1 DAGs
[2026-07-21T09:46:07.709+0000] {logging_mixin.py:190} INFO - [2026-07-21T09:46:07.709+0000] {dag.py:4180} INFO - Setting next_dagrun for my_dag to None, run_after=None
[2026-07-21T09:46:07.724+0000] {processor.py:208} INFO - Processing /opt/airflow/dags/my_tasks.py took 0.070 seconds
[2026-07-21T09:46:37.937+0000] {processor.py:186} INFO - Started process (PID=4319) to work on /opt/airflow/dags/my_tasks.py
[2026-07-21T09:46:37.945+0000] {processor.py:914} INFO - Processing file /opt/airflow/dags/my_tasks.py for tasks to queue
[2026-07-21T09:46:37.947+0000] {logging_mixin.py:190} INFO - [2026-07-21T09:46:37.947+0000] {dagbag.py:588} INFO - Filling up the DagBag from /opt/airflow/dags/my_tasks.py
[2026-07-21T09:46:37.953+0000] {processor.py:925} INFO - DAG(s) 'my_dag' retrieved from /opt/airflow/dags/my_tasks.py
[2026-07-21T09:46:37.970+0000] {logging_mixin.py:190} INFO - [2026-07-21T09:46:37.970+0000] {dag.py:3239} INFO - Sync 1 DAGs
[2026-07-21T09:46:37.986+0000] {logging_mixin.py:190} INFO - [2026-07-21T09:46:37.985+0000] {dag.py:4180} INFO - Setting next_dagrun for my_dag to None, run_after=None
[2026-07-21T09:46:38.001+0000] {processor.py:208} INFO - Processing /opt/airflow/dags/my_tasks.py took 0.068 seconds
[2026-07-21T09:47:08.221+0000] {processor.py:186} INFO - Started process (PID=4330) to work on /opt/airflow/dags/my_tasks.py
[2026-07-21T09:47:08.221+0000] {processor.py:914} INFO - Processing file /opt/airflow/dags/my_tasks.py for tasks to queue
[2026-07-21T09:47:08.223+0000] {logging_mixin.py:190} INFO - [2026-07-21T09:47:08.223+0000] {dagbag.py:588} INFO - Filling up the DagBag from /opt/airflow/dags/my_tasks.py
[2026-07-21T09:47:08.229+0000] {processor.py:925} INFO - DAG(s) 'my_dag' retrieved from /opt/airflow/dags/my_tasks.py
[2026-07-21T09:47:08.246+0000] {logging_mixin.py:190} INFO - [2026-07-21T09:47:08.245+0000] {dag.py:3239} INFO - Sync 1 DAGs
[2026-07-21T09:47:08.261+0000] {logging_mixin.py:190} INFO - [2026-07-21T09:47:08.261+0000] {dag.py:4180} INFO - Setting next_dagrun for my_dag to None, run_after=None
[2026-07-21T09:47:08.274+0000] {processor.py:208} INFO - Processing /opt/airflow/dags/my_tasks.py took 0.057 seconds
[2026-07-21T09:47:38.478+0000] {processor.py:186} INFO - Started process (PID=4341) to work on /opt/airflow/dags/my_tasks.py
[2026-07-21T09:47:38.486+0000] {processor.py:914} INFO - Processing file /opt/airflow/dags/my_tasks.py for tasks to queue
[2026-07-21T09:47:38.488+0000] {logging_mixin.py:190} INFO - [2026-07-21T09:47:38.487+0000] {dagbag.py:588} INFO - Filling up the DagBag from /opt/airflow/dags/my_tasks.py
[2026-07-21T09:47:38.493+0000] {processor.py:925} INFO - DAG(s) 'my_dag' retrieved from /opt/airflow/dags/my_tasks.py
[2026-07-21T09:47:38.510+0000] {logging_mixin.py:190} INFO - [2026-07-21T09:47:38.509+0000] {dag.py:3239} INFO - Sync 1 DAGs
[2026-07-21T09:47:38.525+0000] {logging_mixin.py:190} INFO - [2026-07-21T09:47:38.525+0000] {dag.py:4180} INFO - Setting next_dagrun for my_dag to None, run_after=None
[2026-07-21T09:47:38.539+0000] {processor.py:208} INFO - Processing /opt/airflow/dags/my_tasks.py took 0.066 seconds
[2026-07-21T09:48:08.757+0000] {processor.py:186} INFO - Started process (PID=4352) to work on /opt/airflow/dags/my_tasks.py
[2026-07-21T09:48:08.757+0000] {processor.py:914} INFO - Processing file /opt/airflow/dags/my_tasks.py for tasks to queue
[2026-07-21T09:48:08.759+0000] {logging_mixin.py:190} INFO - [2026-07-21T09:48:08.759+0000] {dagbag.py:588} INFO - Filling up the DagBag from /opt/airflow/dags/my_tasks.py
[2026-07-21T09:48:08.764+0000] {processor.py:925} INFO - DAG(s) 'my_dag' retrieved from /opt/airflow/dags/my_tasks.py
[2026-07-21T09:48:08.781+0000] {logging_mixin.py:190} INFO - [2026-07-21T09:48:08.781+0000] {dag.py:3239} INFO - Sync 1 DAGs
[2026-07-21T09:48:08.796+0000] {logging_mixin.py:190} INFO - [2026-07-21T09:48:08.796+0000] {dag.py:4180} INFO - Setting next_dagrun for my_dag to None, run_after=None
[2026-07-21T09:48:08.810+0000] {processor.py:208} INFO - Processing /opt/airflow/dags/my_tasks.py took 0.058 seconds
[2026-07-21T09:48:39.031+0000] {processor.py:186} INFO - Started process (PID=4363) to work on /opt/airflow/dags/my_tasks.py
[2026-07-21T09:48:39.032+0000] {processor.py:914} INFO - Processing file /opt/airflow/dags/my_tasks.py for tasks to queue
[2026-07-21T09:48:39.033+0000] {logging_mixin.py:190} INFO - [2026-07-21T09:48:39.033+0000] {dagbag.py:588} INFO - Filling up the DagBag from /opt/airflow/dags/my_tasks.py
[2026-07-21T09:48:39.039+0000] {processor.py:925} INFO - DAG(s) 'my_dag' retrieved from /opt/airflow/dags/my_tasks.py
[2026-07-21T09:48:39.058+0000] {logging_mixin.py:190} INFO - [2026-07-21T09:48:39.058+0000] {dag.py:3239} INFO - Sync 1 DAGs
[2026-07-21T09:48:39.074+0000] {logging_mixin.py:190} INFO - [2026-07-21T09:48:39.073+0000] {dag.py:4180} INFO - Setting next_dagrun for my_dag to None, run_after=None
[2026-07-21T09:48:39.089+0000] {processor.py:208} INFO - Processing /opt/airflow/dags/my_tasks.py took 0.062 seconds
[2026-07-21T09:49:09.312+0000] {processor.py:186} INFO - Started process (PID=4374) to work on /opt/airflow/dags/my_tasks.py
[2026-07-21T09:49:09.313+0000] {processor.py:914} INFO - Processing file /opt/airflow/dags/my_tasks.py for tasks to queue
[2026-07-21T09:49:09.314+0000] {logging_mixin.py:190} INFO - [2026-07-21T09:49:09.314+0000] {dagbag.py:588} INFO - Filling up the DagBag from /opt/airflow/dags/my_tasks.py
[2026-07-21T09:49:09.319+0000] {processor.py:925} INFO - DAG(s) 'my_dag' retrieved from /opt/airflow/dags/my_tasks.py
[2026-07-21T09:49:09.336+0000] {logging_mixin.py:190} INFO - [2026-07-21T09:49:09.336+0000] {dag.py:3239} INFO - Sync 1 DAGs
[2026-07-21T09:49:09.352+0000] {logging_mixin.py:190} INFO - [2026-07-21T09:49:09.352+0000] {dag.py:4180} INFO - Setting next_dagrun for my_dag to None, run_after=None
[2026-07-21T09:49:09.366+0000] {processor.py:208} INFO - Processing /opt/airflow/dags/my_tasks.py took 0.058 seconds
[2026-07-21T09:49:39.588+0000] {processor.py:186} INFO - Started process (PID=4385) to work on /opt/airflow/dags/my_tasks.py
[2026-07-21T09:49:39.596+0000] {processor.py:914} INFO - Processing file /opt/airflow/dags/my_tasks.py for tasks to queue
[2026-07-21T09:49:39.599+0000] {logging_mixin.py:190} INFO - [2026-07-21T09:49:39.599+0000] {dagbag.py:588} INFO - Filling up the DagBag from /opt/airflow/dags/my_tasks.py
[2026-07-21T09:49:39.606+0000] {processor.py:925} INFO - DAG(s) 'my_dag' retrieved from /opt/airflow/dags/my_tasks.py
[2026-07-21T09:49:39.623+0000] {logging_mixin.py:190} INFO - [2026-07-21T09:49:39.623+0000] {dag.py:3239} INFO - Sync 1 DAGs
[2026-07-21T09:49:39.638+0000] {logging_mixin.py:190} INFO - [2026-07-21T09:49:39.638+0000] {dag.py:4180} INFO - Setting next_dagrun for my_dag to None, run_after=None
[2026-07-21T09:49:39.664+0000] {processor.py:208} INFO - Processing /opt/airflow/dags/my_tasks.py took 0.080 seconds
[2026-07-21T09:50:09.861+0000] {processor.py:186} INFO - Started process (PID=4396) to work on /opt/airflow/dags/my_tasks.py
[2026-07-21T09:50:09.861+0000] {processor.py:914} INFO - Processing file /opt/airflow/dags/my_tasks.py for tasks to queue
[2026-07-21T09:50:09.862+0000] {logging_mixin.py:190} INFO - [2026-07-21T09:50:09.862+0000] {dagbag.py:588} INFO - Filling up the DagBag from /opt/airflow/dags/my_tasks.py
[2026-07-21T09:50:09.867+0000] {processor.py:925} INFO - DAG(s) 'my_dag' retrieved from /opt/airflow/dags/my_tasks.py
[2026-07-21T09:50:09.884+0000] {logging_mixin.py:190} INFO - [2026-07-21T09:50:09.884+0000] {dag.py:3239} INFO - Sync 1 DAGs
[2026-07-21T09:50:09.900+0000] {logging_mixin.py:190} INFO - [2026-07-21T09:50:09.899+0000] {dag.py:4180} INFO - Setting next_dagrun for my_dag to None, run_after=None
[2026-07-21T09:50:09.913+0000] {processor.py:208} INFO - Processing /opt/airflow/dags/my_tasks.py took 0.057 seconds
[2026-07-21T09:50:40.134+0000] {processor.py:186} INFO - Started process (PID=4407) to work on /opt/airflow/dags/my_tasks.py
[2026-07-21T09:50:40.135+0000] {processor.py:914} INFO - Processing file /opt/airflow/dags/my_tasks.py for tasks to queue
[2026-07-21T09:50:40.136+0000] {logging_mixin.py:190} INFO - [2026-07-21T09:50:40.136+0000] {dagbag.py:588} INFO - Filling up the DagBag from /opt/airflow/dags/my_tasks.py
[2026-07-21T09:50:40.141+0000] {processor.py:925} INFO - DAG(s) 'my_dag' retrieved from /opt/airflow/dags/my_tasks.py
[2026-07-21T09:50:40.159+0000] {logging_mixin.py:190} INFO - [2026-07-21T09:50:40.158+0000] {dag.py:3239} INFO - Sync 1 DAGs
[2026-07-21T09:50:40.174+0000] {logging_mixin.py:190} INFO - [2026-07-21T09:50:40.174+0000] {dag.py:4180} INFO - Setting next_dagrun for my_dag to None, run_after=None
[2026-07-21T09:50:40.188+0000] {processor.py:208} INFO - Processing /opt/airflow/dags/my_tasks.py took 0.059 seconds
[2026-07-21T09:51:10.397+0000] {processor.py:186} INFO - Started process (PID=4418) to work on /opt/airflow/dags/my_tasks.py
[2026-07-21T09:51:10.398+0000] {processor.py:914} INFO - Processing file /opt/airflow/dags/my_tasks.py for tasks to queue
[2026-07-21T09:51:10.400+0000] {logging_mixin.py:190} INFO - [2026-07-21T09:51:10.400+0000] {dagbag.py:588} INFO - Filling up the DagBag from /opt/airflow/dags/my_tasks.py
[2026-07-21T09:51:10.406+0000] {processor.py:925} INFO - DAG(s) 'my_dag' retrieved from /opt/airflow/dags/my_tasks.py
[2026-07-21T09:51:10.423+0000] {logging_mixin.py:190} INFO - [2026-07-21T09:51:10.423+0000] {dag.py:3239} INFO - Sync 1 DAGs
[2026-07-21T09:51:10.438+0000] {logging_mixin.py:190} INFO - [2026-07-21T09:51:10.438+0000] {dag.py:4180} INFO - Setting next_dagrun for my_dag to None, run_after=None
[2026-07-21T09:51:10.451+0000] {processor.py:208} INFO - Processing /opt/airflow/dags/my_tasks.py took 0.058 seconds
[2026-07-21T09:51:40.674+0000] {processor.py:186} INFO - Started process (PID=4429) to work on /opt/airflow/dags/my_tasks.py
[2026-07-21T09:51:40.682+0000] {processor.py:914} INFO - Processing file /opt/airflow/dags/my_tasks.py for tasks to queue
[2026-07-21T09:51:40.686+0000] {logging_mixin.py:190} INFO - [2026-07-21T09:51:40.685+0000] {dagbag.py:588} INFO - Filling up the DagBag from /opt/airflow/dags/my_tasks.py
[2026-07-21T09:51:40.692+0000] {processor.py:925} INFO - DAG(s) 'my_dag' retrieved from /opt/airflow/dags/my_tasks.py
[2026-07-21T09:51:40.709+0000] {logging_mixin.py:190} INFO - [2026-07-21T09:51:40.709+0000] {dag.py:3239} INFO - Sync 1 DAGs
[2026-07-21T09:51:40.725+0000] {logging_mixin.py:190} INFO - [2026-07-21T09:51:40.725+0000] {dag.py:4180} INFO - Setting next_dagrun for my_dag to None, run_after=None
[2026-07-21T09:51:40.739+0000] {processor.py:208} INFO - Processing /opt/airflow/dags/my_tasks.py took 0.070 seconds
[2026-07-21T09:52:10.954+0000] {processor.py:186} INFO - Started process (PID=4440) to work on /opt/airflow/dags/my_tasks.py
[2026-07-21T09:52:10.962+0000] {processor.py:914} INFO - Processing file /opt/airflow/dags/my_tasks.py for tasks to queue
[2026-07-21T09:52:10.965+0000] {logging_mixin.py:190} INFO - [2026-07-21T09:52:10.964+0000] {dagbag.py:588} INFO - Filling up the DagBag from /opt/airflow/dags/my_tasks.py
[2026-07-21T09:52:10.972+0000] {processor.py:925} INFO - DAG(s) 'my_dag' retrieved from /opt/airflow/dags/my_tasks.py
[2026-07-21T09:52:10.989+0000] {logging_mixin.py:190} INFO - [2026-07-21T09:52:10.989+0000] {dag.py:3239} INFO - Sync 1 DAGs
[2026-07-21T09:52:11.005+0000] {logging_mixin.py:190} INFO - [2026-07-21T09:52:11.005+0000] {dag.py:4180} INFO - Setting next_dagrun for my_dag to None, run_after=None
[2026-07-21T09:52:11.020+0000] {processor.py:208} INFO - Processing /opt/airflow/dags/my_tasks.py took 0.069 seconds
[2026-07-21T09:52:41.223+0000] {processor.py:186} INFO - Started process (PID=4451) to work on /opt/airflow/dags/my_tasks.py
[2026-07-21T09:52:41.224+0000] {processor.py:914} INFO - Processing file /opt/airflow/dags/my_tasks.py for tasks to queue
[2026-07-21T09:52:41.225+0000] {logging_mixin.py:190} INFO - [2026-07-21T09:52:41.225+0000] {dagbag.py:588} INFO - Filling up the DagBag from /opt/airflow/dags/my_tasks.py
[2026-07-21T09:52:41.230+0000] {processor.py:925} INFO - DAG(s) 'my_dag' retrieved from /opt/airflow/dags/my_tasks.py
[2026-07-21T09:52:41.247+0000] {logging_mixin.py:190} INFO - [2026-07-21T09:52:41.247+0000] {dag.py:3239} INFO - Sync 1 DAGs
[2026-07-21T09:52:41.263+0000] {logging_mixin.py:190} INFO - [2026-07-21T09:52:41.263+0000] {dag.py:4180} INFO - Setting next_dagrun for my_dag to None, run_after=None
[2026-07-21T09:52:41.277+0000] {processor.py:208} INFO - Processing /opt/airflow/dags/my_tasks.py took 0.058 seconds
[2026-07-21T09:53:11.489+0000] {processor.py:186} INFO - Started process (PID=4462) to work on /opt/airflow/dags/my_tasks.py
[2026-07-21T09:53:11.489+0000] {processor.py:914} INFO - Processing file /opt/airflow/dags/my_tasks.py for tasks to queue
[2026-07-21T09:53:11.491+0000] {logging_mixin.py:190} INFO - [2026-07-21T09:53:11.491+0000] {dagbag.py:588} INFO - Filling up the DagBag from /opt/airflow/dags/my_tasks.py
[2026-07-21T09:53:11.497+0000] {processor.py:925} INFO - DAG(s) 'my_dag' retrieved from /opt/airflow/dags/my_tasks.py
[2026-07-21T09:53:11.515+0000] {logging_mixin.py:190} INFO - [2026-07-21T09:53:11.514+0000] {dag.py:3239} INFO - Sync 1 DAGs
[2026-07-21T09:53:11.530+0000] {logging_mixin.py:190} INFO - [2026-07-21T09:53:11.529+0000] {dag.py:4180} INFO - Setting next_dagrun for my_dag to None, run_after=None
[2026-07-21T09:53:11.543+0000] {processor.py:208} INFO - Processing /opt/airflow/dags/my_tasks.py took 0.059 seconds
[2026-07-21T09:53:41.761+0000] {processor.py:186} INFO - Started process (PID=4473) to work on /opt/airflow/dags/my_tasks.py
[2026-07-21T09:53:41.769+0000] {processor.py:914} INFO - Processing file /opt/airflow/dags/my_tasks.py for tasks to queue
[2026-07-21T09:53:41.772+0000] {logging_mixin.py:190} INFO - [2026-07-21T09:53:41.771+0000] {dagbag.py:588} INFO - Filling up the DagBag from /opt/airflow/dags/my_tasks.py
[2026-07-21T09:53:41.778+0000] {processor.py:925} INFO - DAG(s) 'my_dag' retrieved from /opt/airflow/dags/my_tasks.py
[2026-07-21T09:53:41.795+0000] {logging_mixin.py:190} INFO - [2026-07-21T09:53:41.795+0000] {dag.py:3239} INFO - Sync 1 DAGs
[2026-07-21T09:53:41.811+0000] {logging_mixin.py:190} INFO - [2026-07-21T09:53:41.811+0000] {dag.py:4180} INFO - Setting next_dagrun for my_dag to None, run_after=None
[2026-07-21T09:53:41.829+0000] {processor.py:208} INFO - Processing /opt/airflow/dags/my_tasks.py took 0.072 seconds
[2026-07-21T09:54:12.050+0000] {processor.py:186} INFO - Started process (PID=4484) to work on /opt/airflow/dags/my_tasks.py
[2026-07-21T09:54:12.058+0000] {processor.py:914} INFO - Processing file /opt/airflow/dags/my_tasks.py for tasks to queue
[2026-07-21T09:54:12.060+0000] {logging_mixin.py:190} INFO - [2026-07-21T09:54:12.060+0000] {dagbag.py:588} INFO - Filling up the DagBag from /opt/airflow/dags/my_tasks.py
[2026-07-21T09:54:12.070+0000] {processor.py:925} INFO - DAG(s) 'my_dag' retrieved from /opt/airflow/dags/my_tasks.py
[2026-07-21T09:54:12.088+0000] {logging_mixin.py:190} INFO - [2026-07-21T09:54:12.088+0000] {dag.py:3239} INFO - Sync 1 DAGs
[2026-07-21T09:54:12.104+0000] {logging_mixin.py:190} INFO - [2026-07-21T09:54:12.104+0000] {dag.py:4180} INFO - Setting next_dagrun for my_dag to None, run_after=None
[2026-07-21T09:54:12.119+0000] {processor.py:208} INFO - Processing /opt/airflow/dags/my_tasks.py took 0.073 seconds
[2026-07-21T09:54:42.316+0000] {processor.py:186} INFO - Started process (PID=4495) to work on /opt/airflow/dags/my_tasks.py
[2026-07-21T09:54:42.324+0000] {processor.py:914} INFO - Processing file /opt/airflow/dags/my_tasks.py for tasks to queue
[2026-07-21T09:54:42.328+0000] {logging_mixin.py:190} INFO - [2026-07-21T09:54:42.327+0000] {dagbag.py:588} INFO - Filling up the DagBag from /opt/airflow/dags/my_tasks.py
[2026-07-21T09:54:42.336+0000] {processor.py:925} INFO - DAG(s) 'my_dag' retrieved from /opt/airflow/dags/my_tasks.py
[2026-07-21T09:54:42.354+0000] {logging_mixin.py:190} INFO - [2026-07-21T09:54:42.354+0000] {dag.py:3239} INFO - Sync 1 DAGs
[2026-07-21T09:54:42.371+0000] {logging_mixin.py:190} INFO - [2026-07-21T09:54:42.370+0000] {dag.py:4180} INFO - Setting next_dagrun for my_dag to None, run_after=None
[2026-07-21T09:54:42.385+0000] {processor.py:208} INFO - Processing /opt/airflow/dags/my_tasks.py took 0.073 seconds
[2026-07-21T09:55:12.587+0000] {processor.py:186} INFO - Started process (PID=4506) to work on /opt/airflow/dags/my_tasks.py
[2026-07-21T09:55:12.588+0000] {processor.py:914} INFO - Processing file /opt/airflow/dags/my_tasks.py for tasks to queue
[2026-07-21T09:55:12.590+0000] {logging_mixin.py:190} INFO - [2026-07-21T09:55:12.590+0000] {dagbag.py:588} INFO - Filling up the DagBag from /opt/airflow/dags/my_tasks.py
[2026-07-21T09:55:12.595+0000] {processor.py:925} INFO - DAG(s) 'my_dag' retrieved from /opt/airflow/dags/my_tasks.py
[2026-07-21T09:55:12.612+0000] {logging_mixin.py:190} INFO - [2026-07-21T09:55:12.612+0000] {dag.py:3239} INFO - Sync 1 DAGs
[2026-07-21T09:55:12.628+0000] {logging_mixin.py:190} INFO - [2026-07-21T09:55:12.628+0000] {dag.py:4180} INFO - Setting next_dagrun for my_dag to None, run_after=None
[2026-07-21T09:55:12.740+0000] {processor.py:208} INFO - Processing /opt/airflow/dags/my_tasks.py took 0.157 seconds
[2026-07-21T09:55:42.879+0000] {processor.py:186} INFO - Started process (PID=4517) to work on /opt/airflow/dags/my_tasks.py
[2026-07-21T09:55:42.880+0000] {processor.py:914} INFO - Processing file /opt/airflow/dags/my_tasks.py for tasks to queue
[2026-07-21T09:55:42.881+0000] {logging_mixin.py:190} INFO - [2026-07-21T09:55:42.881+0000] {dagbag.py:588} INFO - Filling up the DagBag from /opt/airflow/dags/my_tasks.py
[2026-07-21T09:55:42.886+0000] {processor.py:925} INFO - DAG(s) 'my_dag' retrieved from /opt/airflow/dags/my_tasks.py
[2026-07-21T09:55:42.904+0000] {logging_mixin.py:190} INFO - [2026-07-21T09:55:42.903+0000] {dag.py:3239} INFO - Sync 1 DAGs
[2026-07-21T09:55:42.919+0000] {logging_mixin.py:190} INFO - [2026-07-21T09:55:42.919+0000] {dag.py:4180} INFO - Setting next_dagrun for my_dag to None, run_after=None
[2026-07-21T09:55:42.933+0000] {processor.py:208} INFO - Processing /opt/airflow/dags/my_tasks.py took 0.059 seconds
[2026-07-21T09:56:13.137+0000] {processor.py:186} INFO - Started process (PID=4528) to work on /opt/airflow/dags/my_tasks.py
[2026-07-21T09:56:13.137+0000] {processor.py:914} INFO - Processing file /opt/airflow/dags/my_tasks.py for tasks to queue
[2026-07-21T09:56:13.139+0000] {logging_mixin.py:190} INFO - [2026-07-21T09:56:13.138+0000] {dagbag.py:588} INFO - Filling up the DagBag from /opt/airflow/dags/my_tasks.py
[2026-07-21T09:56:13.144+0000] {processor.py:925} INFO - DAG(s) 'my_dag' retrieved from /opt/airflow/dags/my_tasks.py
[2026-07-21T09:56:13.161+0000] {logging_mixin.py:190} INFO - [2026-07-21T09:56:13.161+0000] {dag.py:3239} INFO - Sync 1 DAGs
[2026-07-21T09:56:13.177+0000] {logging_mixin.py:190} INFO - [2026-07-21T09:56:13.177+0000] {dag.py:4180} INFO - Setting next_dagrun for my_dag to None, run_after=None
[2026-07-21T09:56:13.198+0000] {processor.py:208} INFO - Processing /opt/airflow/dags/my_tasks.py took 0.066 seconds
[2026-07-21T09:56:43.408+0000] {processor.py:186} INFO - Started process (PID=4539) to work on /opt/airflow/dags/my_tasks.py
[2026-07-21T09:56:43.409+0000] {processor.py:914} INFO - Processing file /opt/airflow/dags/my_tasks.py for tasks to queue
[2026-07-21T09:56:43.411+0000] {logging_mixin.py:190} INFO - [2026-07-21T09:56:43.410+0000] {dagbag.py:588} INFO - Filling up the DagBag from /opt/airflow/dags/my_tasks.py
[2026-07-21T09:56:43.416+0000] {processor.py:925} INFO - DAG(s) 'my_dag' retrieved from /opt/airflow/dags/my_tasks.py
[2026-07-21T09:56:43.433+0000] {logging_mixin.py:190} INFO - [2026-07-21T09:56:43.433+0000] {dag.py:3239} INFO - Sync 1 DAGs
[2026-07-21T09:56:43.448+0000] {logging_mixin.py:190} INFO - [2026-07-21T09:56:43.448+0000] {dag.py:4180} INFO - Setting next_dagrun for my_dag to None, run_after=None
[2026-07-21T09:56:43.463+0000] {processor.py:208} INFO - Processing /opt/airflow/dags/my_tasks.py took 0.058 seconds
[2026-07-21T09:57:13.668+0000] {processor.py:186} INFO - Started process (PID=4550) to work on /opt/airflow/dags/my_tasks.py
[2026-07-21T09:57:13.675+0000] {processor.py:914} INFO - Processing file /opt/airflow/dags/my_tasks.py for tasks to queue
[2026-07-21T09:57:13.679+0000] {logging_mixin.py:190} INFO - [2026-07-21T09:57:13.678+0000] {dagbag.py:588} INFO - Filling up the DagBag from /opt/airflow/dags/my_tasks.py
[2026-07-21T09:57:13.687+0000] {processor.py:925} INFO - DAG(s) 'my_dag' retrieved from /opt/airflow/dags/my_tasks.py
[2026-07-21T09:57:13.704+0000] {logging_mixin.py:190} INFO - [2026-07-21T09:57:13.704+0000] {dag.py:3239} INFO - Sync 1 DAGs
[2026-07-21T09:57:13.720+0000] {logging_mixin.py:190} INFO - [2026-07-21T09:57:13.720+0000] {dag.py:4180} INFO - Setting next_dagrun for my_dag to None, run_after=None
[2026-07-21T09:57:13.733+0000] {processor.py:208} INFO - Processing /opt/airflow/dags/my_tasks.py took 0.070 seconds
[2026-07-21T09:57:43.952+0000] {processor.py:186} INFO - Started process (PID=4561) to work on /opt/airflow/dags/my_tasks.py
[2026-07-21T09:57:43.952+0000] {processor.py:914} INFO - Processing file /opt/airflow/dags/my_tasks.py for tasks to queue
[2026-07-21T09:57:43.953+0000] {logging_mixin.py:190} INFO - [2026-07-21T09:57:43.953+0000] {dagbag.py:588} INFO - Filling up the DagBag from /opt/airflow/dags/my_tasks.py
[2026-07-21T09:57:43.958+0000] {processor.py:925} INFO - DAG(s) 'my_dag' retrieved from /opt/airflow/dags/my_tasks.py
[2026-07-21T09:57:43.976+0000] {logging_mixin.py:190} INFO - [2026-07-21T09:57:43.976+0000] {dag.py:3239} INFO - Sync 1 DAGs
[2026-07-21T09:57:43.992+0000] {logging_mixin.py:190} INFO - [2026-07-21T09:57:43.992+0000] {dag.py:4180} INFO - Setting next_dagrun for my_dag to None, run_after=None
[2026-07-21T09:57:44.007+0000] {processor.py:208} INFO - Processing /opt/airflow/dags/my_tasks.py took 0.060 seconds
[2026-07-21T09:58:14.223+0000] {processor.py:186} INFO - Started process (PID=4572) to work on /opt/airflow/dags/my_tasks.py
[2026-07-21T09:58:14.231+0000] {processor.py:914} INFO - Processing file /opt/airflow/dags/my_tasks.py for tasks to queue
[2026-07-21T09:58:14.233+0000] {logging_mixin.py:190} INFO - [2026-07-21T09:58:14.233+0000] {dagbag.py:588} INFO - Filling up the DagBag from /opt/airflow/dags/my_tasks.py
[2026-07-21T09:58:14.242+0000] {processor.py:925} INFO - DAG(s) 'my_dag' retrieved from /opt/airflow/dags/my_tasks.py
[2026-07-21T09:58:14.259+0000] {logging_mixin.py:190} INFO - [2026-07-21T09:58:14.259+0000] {dag.py:3239} INFO - Sync 1 DAGs
[2026-07-21T09:58:14.276+0000] {logging_mixin.py:190} INFO - [2026-07-21T09:58:14.276+0000] {dag.py:4180} INFO - Setting next_dagrun for my_dag to None, run_after=None
[2026-07-21T09:58:14.290+0000] {processor.py:208} INFO - Processing /opt/airflow/dags/my_tasks.py took 0.071 seconds
[2026-07-21T09:58:44.464+0000] {processor.py:186} INFO - Started process (PID=4583) to work on /opt/airflow/dags/my_tasks.py
[2026-07-21T09:58:44.464+0000] {processor.py:914} INFO - Processing file /opt/airflow/dags/my_tasks.py for tasks to queue
[2026-07-21T09:58:44.466+0000] {logging_mixin.py:190} INFO - [2026-07-21T09:58:44.466+0000] {dagbag.py:588} INFO - Filling up the DagBag from /opt/airflow/dags/my_tasks.py
[2026-07-21T09:58:44.471+0000] {processor.py:925} INFO - DAG(s) 'my_dag' retrieved from /opt/airflow/dags/my_tasks.py
[2026-07-21T09:58:44.488+0000] {logging_mixin.py:190} INFO - [2026-07-21T09:58:44.488+0000] {dag.py:3239} INFO - Sync 1 DAGs
[2026-07-21T09:58:44.503+0000] {logging_mixin.py:190} INFO - [2026-07-21T09:58:44.503+0000] {dag.py:4180} INFO - Setting next_dagrun for my_dag to None, run_after=None
[2026-07-21T09:58:44.521+0000] {processor.py:208} INFO - Processing /opt/airflow/dags/my_tasks.py took 0.062 seconds
[2026-07-21T09:59:14.740+0000] {processor.py:186} INFO - Started process (PID=4594) to work on /opt/airflow/dags/my_tasks.py
[2026-07-21T09:59:14.748+0000] {processor.py:914} INFO - Processing file /opt/airflow/dags/my_tasks.py for tasks to queue
[2026-07-21T09:59:14.752+0000] {logging_mixin.py:190} INFO - [2026-07-21T09:59:14.752+0000] {dagbag.py:588} INFO - Filling up the DagBag from /opt/airflow/dags/my_tasks.py
[2026-07-21T09:59:14.760+0000] {processor.py:925} INFO - DAG(s) 'my_dag' retrieved from /opt/airflow/dags/my_tasks.py
[2026-07-21T09:59:14.780+0000] {logging_mixin.py:190} INFO - [2026-07-21T09:59:14.779+0000] {dag.py:3239} INFO - Sync 1 DAGs
[2026-07-21T09:59:14.797+0000] {logging_mixin.py:190} INFO - [2026-07-21T09:59:14.796+0000] {dag.py:4180} INFO - Setting next_dagrun for my_dag to None, run_after=None
[2026-07-21T09:59:14.809+0000] {processor.py:208} INFO - Processing /opt/airflow/dags/my_tasks.py took 0.073 seconds
[2026-07-21T09:59:45.028+0000] {processor.py:186} INFO - Started process (PID=4611) to work on /opt/airflow/dags/my_tasks.py
[2026-07-21T09:59:45.028+0000] {processor.py:914} INFO - Processing file /opt/airflow/dags/my_tasks.py for tasks to queue
[2026-07-21T09:59:45.030+0000] {logging_mixin.py:190} INFO - [2026-07-21T09:59:45.030+0000] {dagbag.py:588} INFO - Filling up the DagBag from /opt/airflow/dags/my_tasks.py
[2026-07-21T09:59:45.036+0000] {processor.py:925} INFO - DAG(s) 'my_dag' retrieved from /opt/airflow/dags/my_tasks.py
[2026-07-21T09:59:45.053+0000] {logging_mixin.py:190} INFO - [2026-07-21T09:59:45.053+0000] {dag.py:3239} INFO - Sync 1 DAGs
[2026-07-21T09:59:45.069+0000] {logging_mixin.py:190} INFO - [2026-07-21T09:59:45.069+0000] {dag.py:4180} INFO - Setting next_dagrun for my_dag to None, run_after=None
[2026-07-21T09:59:45.084+0000] {processor.py:208} INFO - Processing /opt/airflow/dags/my_tasks.py took 0.061 seconds
[2026-07-21T10:00:15.300+0000] {processor.py:186} INFO - Started process (PID=4622) to work on /opt/airflow/dags/my_tasks.py
[2026-07-21T10:00:15.308+0000] {processor.py:914} INFO - Processing file /opt/airflow/dags/my_tasks.py for tasks to queue
[2026-07-21T10:00:15.311+0000] {logging_mixin.py:190} INFO - [2026-07-21T10:00:15.311+0000] {dagbag.py:588} INFO - Filling up the DagBag from /opt/airflow/dags/my_tasks.py
[2026-07-21T10:00:15.319+0000] {processor.py:925} INFO - DAG(s) 'my_dag' retrieved from /opt/airflow/dags/my_tasks.py
[2026-07-21T10:00:15.337+0000] {logging_mixin.py:190} INFO - [2026-07-21T10:00:15.336+0000] {dag.py:3239} INFO - Sync 1 DAGs
[2026-07-21T10:00:15.353+0000] {logging_mixin.py:190} INFO - [2026-07-21T10:00:15.353+0000] {dag.py:4180} INFO - Setting next_dagrun for my_dag to None, run_after=None
[2026-07-21T10:00:15.366+0000] {processor.py:208} INFO - Processing /opt/airflow/dags/my_tasks.py took 0.070 seconds
[2026-07-21T10:00:45.585+0000] {processor.py:186} INFO - Started process (PID=4633) to work on /opt/airflow/dags/my_tasks.py
[2026-07-21T10:00:45.585+0000] {processor.py:914} INFO - Processing file /opt/airflow/dags/my_tasks.py for tasks to queue
[2026-07-21T10:00:45.587+0000] {logging_mixin.py:190} INFO - [2026-07-21T10:00:45.587+0000] {dagbag.py:588} INFO - Filling up the DagBag from /opt/airflow/dags/my_tasks.py
[2026-07-21T10:00:45.592+0000] {processor.py:925} INFO - DAG(s) 'my_dag' retrieved from /opt/airflow/dags/my_tasks.py
[2026-07-21T10:00:45.609+0000] {logging_mixin.py:190} INFO - [2026-07-21T10:00:45.609+0000] {dag.py:3239} INFO - Sync 1 DAGs
[2026-07-21T10:00:45.624+0000] {logging_mixin.py:190} INFO - [2026-07-21T10:00:45.624+0000] {dag.py:4180} INFO - Setting next_dagrun for my_dag to None, run_after=None
[2026-07-21T10:00:45.637+0000] {processor.py:208} INFO - Processing /opt/airflow/dags/my_tasks.py took 0.057 seconds
[2026-07-21T10:01:15.876+0000] {processor.py:186} INFO - Started process (PID=4644) to work on /opt/airflow/dags/my_tasks.py
[2026-07-21T10:01:15.884+0000] {processor.py:914} INFO - Processing file /opt/airflow/dags/my_tasks.py for tasks to queue
[2026-07-21T10:01:15.886+0000] {logging_mixin.py:190} INFO - [2026-07-21T10:01:15.886+0000] {dagbag.py:588} INFO - Filling up the DagBag from /opt/airflow/dags/my_tasks.py
[2026-07-21T10:01:15.894+0000] {processor.py:925} INFO - DAG(s) 'my_dag' retrieved from /opt/airflow/dags/my_tasks.py
[2026-07-21T10:01:15.913+0000] {logging_mixin.py:190} INFO - [2026-07-21T10:01:15.913+0000] {dag.py:3239} INFO - Sync 1 DAGs
[2026-07-21T10:01:15.929+0000] {logging_mixin.py:190} INFO - [2026-07-21T10:01:15.929+0000] {dag.py:4180} INFO - Setting next_dagrun for my_dag to None, run_after=None
[2026-07-21T10:01:15.952+0000] {processor.py:208} INFO - Processing /opt/airflow/dags/my_tasks.py took 0.080 seconds
[2026-07-21T10:01:46.131+0000] {processor.py:186} INFO - Started process (PID=4655) to work on /opt/airflow/dags/my_tasks.py
[2026-07-21T10:01:46.139+0000] {processor.py:914} INFO - Processing file /opt/airflow/dags/my_tasks.py for tasks to queue
[2026-07-21T10:01:46.141+0000] {logging_mixin.py:190} INFO - [2026-07-21T10:01:46.140+0000] {dagbag.py:588} INFO - Filling up the DagBag from /opt/airflow/dags/my_tasks.py
[2026-07-21T10:01:46.147+0000] {processor.py:925} INFO - DAG(s) 'my_dag' retrieved from /opt/airflow/dags/my_tasks.py
[2026-07-21T10:01:46.165+0000] {logging_mixin.py:190} INFO - [2026-07-21T10:01:46.165+0000] {dag.py:3239} INFO - Sync 1 DAGs
[2026-07-21T10:01:46.181+0000] {logging_mixin.py:190} INFO - [2026-07-21T10:01:46.181+0000] {dag.py:4180} INFO - Setting next_dagrun for my_dag to None, run_after=None
[2026-07-21T10:01:46.195+0000] {processor.py:208} INFO - Processing /opt/airflow/dags/my_tasks.py took 0.068 seconds
[2026-07-21T10:02:16.393+0000] {processor.py:186} INFO - Started process (PID=4666) to work on /opt/airflow/dags/my_tasks.py
[2026-07-21T10:02:16.401+0000] {processor.py:914} INFO - Processing file /opt/airflow/dags/my_tasks.py for tasks to queue
[2026-07-21T10:02:16.406+0000] {logging_mixin.py:190} INFO - [2026-07-21T10:02:16.405+0000] {dagbag.py:588} INFO - Filling up the DagBag from /opt/airflow/dags/my_tasks.py
[2026-07-21T10:02:16.414+0000] {processor.py:925} INFO - DAG(s) 'my_dag' retrieved from /opt/airflow/dags/my_tasks.py
[2026-07-21T10:02:16.435+0000] {logging_mixin.py:190} INFO - [2026-07-21T10:02:16.435+0000] {dag.py:3239} INFO - Sync 1 DAGs
[2026-07-21T10:02:16.452+0000] {logging_mixin.py:190} INFO - [2026-07-21T10:02:16.452+0000] {dag.py:4180} INFO - Setting next_dagrun for my_dag to None, run_after=None
[2026-07-21T10:02:16.466+0000] {processor.py:208} INFO - Processing /opt/airflow/dags/my_tasks.py took 0.078 seconds
[2026-07-21T10:02:46.671+0000] {processor.py:186} INFO - Started process (PID=4677) to work on /opt/airflow/dags/my_tasks.py
[2026-07-21T10:02:46.679+0000] {processor.py:914} INFO - Processing file /opt/airflow/dags/my_tasks.py for tasks to queue
[2026-07-21T10:02:46.682+0000] {logging_mixin.py:190} INFO - [2026-07-21T10:02:46.681+0000] {dagbag.py:588} INFO - Filling up the DagBag from /opt/airflow/dags/my_tasks.py
[2026-07-21T10:02:46.690+0000] {processor.py:925} INFO - DAG(s) 'my_dag' retrieved from /opt/airflow/dags/my_tasks.py
[2026-07-21T10:02:46.707+0000] {logging_mixin.py:190} INFO - [2026-07-21T10:02:46.707+0000] {dag.py:3239} INFO - Sync 1 DAGs
[2026-07-21T10:02:46.723+0000] {logging_mixin.py:190} INFO - [2026-07-21T10:02:46.723+0000] {dag.py:4180} INFO - Setting next_dagrun for my_dag to None, run_after=None
[2026-07-21T10:02:46.736+0000] {processor.py:208} INFO - Processing /opt/airflow/dags/my_tasks.py took 0.069 seconds
[2026-07-21T10:03:16.966+0000] {processor.py:186} INFO - Started process (PID=4688) to work on /opt/airflow/dags/my_tasks.py
[2026-07-21T10:03:16.967+0000] {processor.py:914} INFO - Processing file /opt/airflow/dags/my_tasks.py for tasks to queue
[2026-07-21T10:03:16.968+0000] {logging_mixin.py:190} INFO - [2026-07-21T10:03:16.968+0000] {dagbag.py:588} INFO - Filling up the DagBag from /opt/airflow/dags/my_tasks.py
[2026-07-21T10:03:16.974+0000] {processor.py:925} INFO - DAG(s) 'my_dag' retrieved from /opt/airflow/dags/my_tasks.py
[2026-07-21T10:03:16.991+0000] {logging_mixin.py:190} INFO - [2026-07-21T10:03:16.991+0000] {dag.py:3239} INFO - Sync 1 DAGs
[2026-07-21T10:03:17.006+0000] {logging_mixin.py:190} INFO - [2026-07-21T10:03:17.006+0000] {dag.py:4180} INFO - Setting next_dagrun for my_dag to None, run_after=None
[2026-07-21T10:03:17.021+0000] {processor.py:208} INFO - Processing /opt/airflow/dags/my_tasks.py took 0.059 seconds
[2026-07-21T10:03:47.229+0000] {processor.py:186} INFO - Started process (PID=4700) to work on /opt/airflow/dags/my_tasks.py
[2026-07-21T10:03:47.236+0000] {processor.py:914} INFO - Processing file /opt/airflow/dags/my_tasks.py for tasks to queue
[2026-07-21T10:03:47.238+0000] {logging_mixin.py:190} INFO - [2026-07-21T10:03:47.238+0000] {dagbag.py:588} INFO - Filling up the DagBag from /opt/airflow/dags/my_tasks.py
[2026-07-21T10:03:47.246+0000] {processor.py:925} INFO - DAG(s) 'my_dag' retrieved from /opt/airflow/dags/my_tasks.py
[2026-07-21T10:03:47.266+0000] {logging_mixin.py:190} INFO - [2026-07-21T10:03:47.266+0000] {dag.py:3239} INFO - Sync 1 DAGs
[2026-07-21T10:03:47.283+0000] {logging_mixin.py:190} INFO - [2026-07-21T10:03:47.283+0000] {dag.py:4180} INFO - Setting next_dagrun for my_dag to None, run_after=None
[2026-07-21T10:03:47.302+0000] {processor.py:208} INFO - Processing /opt/airflow/dags/my_tasks.py took 0.078 seconds
[2026-07-21T10:04:17.496+0000] {processor.py:186} INFO - Started process (PID=4711) to work on /opt/airflow/dags/my_tasks.py
[2026-07-21T10:04:17.497+0000] {processor.py:914} INFO - Processing file /opt/airflow/dags/my_tasks.py for tasks to queue
[2026-07-21T10:04:17.499+0000] {logging_mixin.py:190} INFO - [2026-07-21T10:04:17.498+0000] {dagbag.py:588} INFO - Filling up the DagBag from /opt/airflow/dags/my_tasks.py
[2026-07-21T10:04:17.505+0000] {processor.py:925} INFO - DAG(s) 'my_dag' retrieved from /opt/airflow/dags/my_tasks.py
[2026-07-21T10:04:17.522+0000] {logging_mixin.py:190} INFO - [2026-07-21T10:04:17.522+0000] {dag.py:3239} INFO - Sync 1 DAGs
[2026-07-21T10:04:17.538+0000] {logging_mixin.py:190} INFO - [2026-07-21T10:04:17.537+0000] {dag.py:4180} INFO - Setting next_dagrun for my_dag to None, run_after=None
[2026-07-21T10:04:17.551+0000] {processor.py:208} INFO - Processing /opt/airflow/dags/my_tasks.py took 0.059 seconds
[2026-07-21T10:04:47.796+0000] {processor.py:186} INFO - Started process (PID=4722) to work on /opt/airflow/dags/my_tasks.py
[2026-07-21T10:04:47.797+0000] {processor.py:914} INFO - Processing file /opt/airflow/dags/my_tasks.py for tasks to queue
[2026-07-21T10:04:47.799+0000] {logging_mixin.py:190} INFO - [2026-07-21T10:04:47.799+0000] {dagbag.py:588} INFO - Filling up the DagBag from /opt/airflow/dags/my_tasks.py
[2026-07-21T10:04:47.804+0000] {processor.py:925} INFO - DAG(s) 'my_dag' retrieved from /opt/airflow/dags/my_tasks.py
[2026-07-21T10:04:47.821+0000] {logging_mixin.py:190} INFO - [2026-07-21T10:04:47.821+0000] {dag.py:3239} INFO - Sync 1 DAGs
[2026-07-21T10:04:47.837+0000] {logging_mixin.py:190} INFO - [2026-07-21T10:04:47.837+0000] {dag.py:4180} INFO - Setting next_dagrun for my_dag to None, run_after=None
[2026-07-21T10:04:47.852+0000] {processor.py:208} INFO - Processing /opt/airflow/dags/my_tasks.py took 0.062 seconds
[2026-07-21T10:05:18.073+0000] {processor.py:186} INFO - Started process (PID=4733) to work on /opt/airflow/dags/my_tasks.py
[2026-07-21T10:05:18.073+0000] {processor.py:914} INFO - Processing file /opt/airflow/dags/my_tasks.py for tasks to queue
[2026-07-21T10:05:18.075+0000] {logging_mixin.py:190} INFO - [2026-07-21T10:05:18.074+0000] {dagbag.py:588} INFO - Filling up the DagBag from /opt/airflow/dags/my_tasks.py
[2026-07-21T10:05:18.081+0000] {processor.py:925} INFO - DAG(s) 'my_dag' retrieved from /opt/airflow/dags/my_tasks.py
[2026-07-21T10:05:18.098+0000] {logging_mixin.py:190} INFO - [2026-07-21T10:05:18.097+0000] {dag.py:3239} INFO - Sync 1 DAGs
[2026-07-21T10:05:18.113+0000] {logging_mixin.py:190} INFO - [2026-07-21T10:05:18.113+0000] {dag.py:4180} INFO - Setting next_dagrun for my_dag to None, run_after=None
[2026-07-21T10:05:18.128+0000] {processor.py:208} INFO - Processing /opt/airflow/dags/my_tasks.py took 0.059 seconds
[2026-07-21T10:05:48.330+0000] {processor.py:186} INFO - Started process (PID=4744) to work on /opt/airflow/dags/my_tasks.py
[2026-07-21T10:05:48.337+0000] {processor.py:914} INFO - Processing file /opt/airflow/dags/my_tasks.py for tasks to queue
[2026-07-21T10:05:48.340+0000] {logging_mixin.py:190} INFO - [2026-07-21T10:05:48.340+0000] {dagbag.py:588} INFO - Filling up the DagBag from /opt/airflow/dags/my_tasks.py
[2026-07-21T10:05:48.348+0000] {processor.py:925} INFO - DAG(s) 'my_dag' retrieved from /opt/airflow/dags/my_tasks.py
[2026-07-21T10:05:48.366+0000] {logging_mixin.py:190} INFO - [2026-07-21T10:05:48.366+0000] {dag.py:3239} INFO - Sync 1 DAGs
[2026-07-21T10:05:48.382+0000] {logging_mixin.py:190} INFO - [2026-07-21T10:05:48.382+0000] {dag.py:4180} INFO - Setting next_dagrun for my_dag to None, run_after=None
[2026-07-21T10:05:48.396+0000] {processor.py:208} INFO - Processing /opt/airflow/dags/my_tasks.py took 0.071 seconds
[2026-07-21T10:06:18.610+0000] {processor.py:186} INFO - Started process (PID=4755) to work on /opt/airflow/dags/my_tasks.py
[2026-07-21T10:06:18.610+0000] {processor.py:914} INFO - Processing file /opt/airflow/dags/my_tasks.py for tasks to queue
[2026-07-21T10:06:18.612+0000] {logging_mixin.py:190} INFO - [2026-07-21T10:06:18.612+0000] {dagbag.py:588} INFO - Filling up the DagBag from /opt/airflow/dags/my_tasks.py
[2026-07-21T10:06:18.617+0000] {processor.py:925} INFO - DAG(s) 'my_dag' retrieved from /opt/airflow/dags/my_tasks.py
[2026-07-21T10:06:18.634+0000] {logging_mixin.py:190} INFO - [2026-07-21T10:06:18.634+0000] {dag.py:3239} INFO - Sync 1 DAGs
[2026-07-21T10:06:18.650+0000] {logging_mixin.py:190} INFO - [2026-07-21T10:06:18.650+0000] {dag.py:4180} INFO - Setting next_dagrun for my_dag to None, run_after=None
[2026-07-21T10:06:18.663+0000] {processor.py:208} INFO - Processing /opt/airflow/dags/my_tasks.py took 0.058 seconds
[2026-07-21T10:06:48.877+0000] {processor.py:186} INFO - Started process (PID=4766) to work on /opt/airflow/dags/my_tasks.py
[2026-07-21T10:06:48.878+0000] {processor.py:914} INFO - Processing file /opt/airflow/dags/my_tasks.py for tasks to queue
[2026-07-21T10:06:48.879+0000] {logging_mixin.py:190} INFO - [2026-07-21T10:06:48.879+0000] {dagbag.py:588} INFO - Filling up the DagBag from /opt/airflow/dags/my_tasks.py
[2026-07-21T10:06:48.884+0000] {processor.py:925} INFO - DAG(s) 'my_dag' retrieved from /opt/airflow/dags/my_tasks.py
[2026-07-21T10:06:48.901+0000] {logging_mixin.py:190} INFO - [2026-07-21T10:06:48.901+0000] {dag.py:3239} INFO - Sync 1 DAGs
[2026-07-21T10:06:48.917+0000] {logging_mixin.py:190} INFO - [2026-07-21T10:06:48.916+0000] {dag.py:4180} INFO - Setting next_dagrun for my_dag to None, run_after=None
[2026-07-21T10:06:48.930+0000] {processor.py:208} INFO - Processing /opt/airflow/dags/my_tasks.py took 0.057 seconds
[2026-07-21T10:07:19.146+0000] {processor.py:186} INFO - Started process (PID=4777) to work on /opt/airflow/dags/my_tasks.py
[2026-07-21T10:07:19.154+0000] {processor.py:914} INFO - Processing file /opt/airflow/dags/my_tasks.py for tasks to queue
[2026-07-21T10:07:19.156+0000] {logging_mixin.py:190} INFO - [2026-07-21T10:07:19.156+0000] {dagbag.py:588} INFO - Filling up the DagBag from /opt/airflow/dags/my_tasks.py
[2026-07-21T10:07:19.165+0000] {processor.py:925} INFO - DAG(s) 'my_dag' retrieved from /opt/airflow/dags/my_tasks.py
[2026-07-21T10:07:19.186+0000] {logging_mixin.py:190} INFO - [2026-07-21T10:07:19.186+0000] {dag.py:3239} INFO - Sync 1 DAGs
[2026-07-21T10:07:19.202+0000] {logging_mixin.py:190} INFO - [2026-07-21T10:07:19.202+0000] {dag.py:4180} INFO - Setting next_dagrun for my_dag to None, run_after=None
[2026-07-21T10:07:19.217+0000] {processor.py:208} INFO - Processing /opt/airflow/dags/my_tasks.py took 0.075 seconds
[2026-07-21T10:07:49.433+0000] {processor.py:186} INFO - Started process (PID=4788) to work on /opt/airflow/dags/my_tasks.py
[2026-07-21T10:07:49.441+0000] {processor.py:914} INFO - Processing file /opt/airflow/dags/my_tasks.py for tasks to queue
[2026-07-21T10:07:49.443+0000] {logging_mixin.py:190} INFO - [2026-07-21T10:07:49.443+0000] {dagbag.py:588} INFO - Filling up the DagBag from /opt/airflow/dags/my_tasks.py
[2026-07-21T10:07:49.450+0000] {processor.py:925} INFO - DAG(s) 'my_dag' retrieved from /opt/airflow/dags/my_tasks.py
[2026-07-21T10:07:49.468+0000] {logging_mixin.py:190} INFO - [2026-07-21T10:07:49.468+0000] {dag.py:3239} INFO - Sync 1 DAGs
[2026-07-21T10:07:49.483+0000] {logging_mixin.py:190} INFO - [2026-07-21T10:07:49.483+0000] {dag.py:4180} INFO - Setting next_dagrun for my_dag to None, run_after=None
[2026-07-21T10:07:49.498+0000] {processor.py:208} INFO - Processing /opt/airflow/dags/my_tasks.py took 0.069 seconds
[2026-07-21T10:08:19.725+0000] {processor.py:186} INFO - Started process (PID=4799) to work on /opt/airflow/dags/my_tasks.py
[2026-07-21T10:08:19.725+0000] {processor.py:914} INFO - Processing file /opt/airflow/dags/my_tasks.py for tasks to queue
[2026-07-21T10:08:19.727+0000] {logging_mixin.py:190} INFO - [2026-07-21T10:08:19.727+0000] {dagbag.py:588} INFO - Filling up the DagBag from /opt/airflow/dags/my_tasks.py
[2026-07-21T10:08:19.733+0000] {processor.py:925} INFO - DAG(s) 'my_dag' retrieved from /opt/airflow/dags/my_tasks.py
[2026-07-21T10:08:19.750+0000] {logging_mixin.py:190} INFO - [2026-07-21T10:08:19.750+0000] {dag.py:3239} INFO - Sync 1 DAGs
[2026-07-21T10:08:19.765+0000] {logging_mixin.py:190} INFO - [2026-07-21T10:08:19.765+0000] {dag.py:4180} INFO - Setting next_dagrun for my_dag to None, run_after=None
[2026-07-21T10:08:19.780+0000] {processor.py:208} INFO - Processing /opt/airflow/dags/my_tasks.py took 0.059 seconds
[2026-07-21T10:08:50.019+0000] {processor.py:186} INFO - Started process (PID=4810) to work on /opt/airflow/dags/my_tasks.py
[2026-07-21T10:08:50.027+0000] {processor.py:914} INFO - Processing file /opt/airflow/dags/my_tasks.py for tasks to queue
[2026-07-21T10:08:50.031+0000] {logging_mixin.py:190} INFO - [2026-07-21T10:08:50.031+0000] {dagbag.py:588} INFO - Filling up the DagBag from /opt/airflow/dags/my_tasks.py
[2026-07-21T10:08:50.039+0000] {processor.py:925} INFO - DAG(s) 'my_dag' retrieved from /opt/airflow/dags/my_tasks.py
[2026-07-21T10:08:50.056+0000] {logging_mixin.py:190} INFO - [2026-07-21T10:08:50.056+0000] {dag.py:3239} INFO - Sync 1 DAGs
[2026-07-21T10:08:50.072+0000] {logging_mixin.py:190} INFO - [2026-07-21T10:08:50.072+0000] {dag.py:4180} INFO - Setting next_dagrun for my_dag to None, run_after=None
[2026-07-21T10:08:50.087+0000] {processor.py:208} INFO - Processing /opt/airflow/dags/my_tasks.py took 0.071 seconds
[2026-07-21T10:09:20.306+0000] {processor.py:186} INFO - Started process (PID=4821) to work on /opt/airflow/dags/my_tasks.py
[2026-07-21T10:09:20.314+0000] {processor.py:914} INFO - Processing file /opt/airflow/dags/my_tasks.py for tasks to queue
[2026-07-21T10:09:20.317+0000] {logging_mixin.py:190} INFO - [2026-07-21T10:09:20.316+0000] {dagbag.py:588} INFO - Filling up the DagBag from /opt/airflow/dags/my_tasks.py
[2026-07-21T10:09:20.326+0000] {processor.py:925} INFO - DAG(s) 'my_dag' retrieved from /opt/airflow/dags/my_tasks.py
[2026-07-21T10:09:20.343+0000] {logging_mixin.py:190} INFO - [2026-07-21T10:09:20.343+0000] {dag.py:3239} INFO - Sync 1 DAGs
[2026-07-21T10:09:20.359+0000] {logging_mixin.py:190} INFO - [2026-07-21T10:09:20.359+0000] {dag.py:4180} INFO - Setting next_dagrun for my_dag to None, run_after=None
[2026-07-21T10:09:20.373+0000] {processor.py:208} INFO - Processing /opt/airflow/dags/my_tasks.py took 0.071 seconds
[2026-07-21T10:09:50.544+0000] {processor.py:186} INFO - Started process (PID=4832) to work on /opt/airflow/dags/my_tasks.py
[2026-07-21T10:09:50.552+0000] {processor.py:914} INFO - Processing file /opt/airflow/dags/my_tasks.py for tasks to queue
[2026-07-21T10:09:50.555+0000] {logging_mixin.py:190} INFO - [2026-07-21T10:09:50.555+0000] {dagbag.py:588} INFO - Filling up the DagBag from /opt/airflow/dags/my_tasks.py
[2026-07-21T10:09:50.563+0000] {processor.py:925} INFO - DAG(s) 'my_dag' retrieved from /opt/airflow/dags/my_tasks.py
[2026-07-21T10:09:50.581+0000] {logging_mixin.py:190} INFO - [2026-07-21T10:09:50.581+0000] {dag.py:3239} INFO - Sync 1 DAGs
[2026-07-21T10:09:50.597+0000] {logging_mixin.py:190} INFO - [2026-07-21T10:09:50.597+0000] {dag.py:4180} INFO - Setting next_dagrun for my_dag to None, run_after=None
[2026-07-21T10:09:50.619+0000] {processor.py:208} INFO - Processing /opt/airflow/dags/my_tasks.py took 0.080 seconds
[2026-07-21T10:10:20.818+0000] {processor.py:186} INFO - Started process (PID=4843) to work on /opt/airflow/dags/my_tasks.py
[2026-07-21T10:10:20.826+0000] {processor.py:914} INFO - Processing file /opt/airflow/dags/my_tasks.py for tasks to queue
[2026-07-21T10:10:20.829+0000] {logging_mixin.py:190} INFO - [2026-07-21T10:10:20.829+0000] {dagbag.py:588} INFO - Filling up the DagBag from /opt/airflow/dags/my_tasks.py
[2026-07-21T10:10:20.835+0000] {processor.py:925} INFO - DAG(s) 'my_dag' retrieved from /opt/airflow/dags/my_tasks.py
[2026-07-21T10:10:20.852+0000] {logging_mixin.py:190} INFO - [2026-07-21T10:10:20.852+0000] {dag.py:3239} INFO - Sync 1 DAGs
[2026-07-21T10:10:20.868+0000] {logging_mixin.py:190} INFO - [2026-07-21T10:10:20.867+0000] {dag.py:4180} INFO - Setting next_dagrun for my_dag to None, run_after=None
[2026-07-21T10:10:20.881+0000] {processor.py:208} INFO - Processing /opt/airflow/dags/my_tasks.py took 0.069 seconds
[2026-07-21T10:10:51.063+0000] {processor.py:186} INFO - Started process (PID=4854) to work on /opt/airflow/dags/my_tasks.py
[2026-07-21T10:10:51.071+0000] {processor.py:914} INFO - Processing file /opt/airflow/dags/my_tasks.py for tasks to queue
[2026-07-21T10:10:51.073+0000] {logging_mixin.py:190} INFO - [2026-07-21T10:10:51.072+0000] {dagbag.py:588} INFO - Filling up the DagBag from /opt/airflow/dags/my_tasks.py
[2026-07-21T10:10:51.079+0000] {processor.py:925} INFO - DAG(s) 'my_dag' retrieved from /opt/airflow/dags/my_tasks.py
[2026-07-21T10:10:51.098+0000] {logging_mixin.py:190} INFO - [2026-07-21T10:10:51.097+0000] {dag.py:3239} INFO - Sync 1 DAGs
[2026-07-21T10:10:51.113+0000] {logging_mixin.py:190} INFO - [2026-07-21T10:10:51.113+0000] {dag.py:4180} INFO - Setting next_dagrun for my_dag to None, run_after=None
[2026-07-21T10:10:51.128+0000] {processor.py:208} INFO - Processing /opt/airflow/dags/my_tasks.py took 0.069 seconds
[2026-07-21T10:11:21.340+0000] {processor.py:186} INFO - Started process (PID=4865) to work on /opt/airflow/dags/my_tasks.py
[2026-07-21T10:11:21.348+0000] {processor.py:914} INFO - Processing file /opt/airflow/dags/my_tasks.py for tasks to queue
[2026-07-21T10:11:21.350+0000] {logging_mixin.py:190} INFO - [2026-07-21T10:11:21.350+0000] {dagbag.py:588} INFO - Filling up the DagBag from /opt/airflow/dags/my_tasks.py
[2026-07-21T10:11:21.357+0000] {processor.py:925} INFO - DAG(s) 'my_dag' retrieved from /opt/airflow/dags/my_tasks.py
[2026-07-21T10:11:21.374+0000] {logging_mixin.py:190} INFO - [2026-07-21T10:11:21.374+0000] {dag.py:3239} INFO - Sync 1 DAGs
[2026-07-21T10:11:21.391+0000] {logging_mixin.py:190} INFO - [2026-07-21T10:11:21.391+0000] {dag.py:4180} INFO - Setting next_dagrun for my_dag to None, run_after=None
[2026-07-21T10:11:21.404+0000] {processor.py:208} INFO - Processing /opt/airflow/dags/my_tasks.py took 0.068 seconds
[2026-07-21T10:11:51.610+0000] {processor.py:186} INFO - Started process (PID=4876) to work on /opt/airflow/dags/my_tasks.py
[2026-07-21T10:11:51.610+0000] {processor.py:914} INFO - Processing file /opt/airflow/dags/my_tasks.py for tasks to queue
[2026-07-21T10:11:51.612+0000] {logging_mixin.py:190} INFO - [2026-07-21T10:11:51.612+0000] {dagbag.py:588} INFO - Filling up the DagBag from /opt/airflow/dags/my_tasks.py
[2026-07-21T10:11:51.617+0000] {processor.py:925} INFO - DAG(s) 'my_dag' retrieved from /opt/airflow/dags/my_tasks.py
[2026-07-21T10:11:51.634+0000] {logging_mixin.py:190} INFO - [2026-07-21T10:11:51.634+0000] {dag.py:3239} INFO - Sync 1 DAGs
[2026-07-21T10:11:51.650+0000] {logging_mixin.py:190} INFO - [2026-07-21T10:11:51.650+0000] {dag.py:4180} INFO - Setting next_dagrun for my_dag to None, run_after=None
[2026-07-21T10:11:51.662+0000] {processor.py:208} INFO - Processing /opt/airflow/dags/my_tasks.py took 0.056 seconds
[2026-07-21T10:12:21.886+0000] {processor.py:186} INFO - Started process (PID=4887) to work on /opt/airflow/dags/my_tasks.py
[2026-07-21T10:12:21.894+0000] {processor.py:914} INFO - Processing file /opt/airflow/dags/my_tasks.py for tasks to queue
[2026-07-21T10:12:21.896+0000] {logging_mixin.py:190} INFO - [2026-07-21T10:12:21.896+0000] {dagbag.py:588} INFO - Filling up the DagBag from /opt/airflow/dags/my_tasks.py
[2026-07-21T10:12:21.905+0000] {processor.py:925} INFO - DAG(s) 'my_dag' retrieved from /opt/airflow/dags/my_tasks.py
[2026-07-21T10:12:21.925+0000] {logging_mixin.py:190} INFO - [2026-07-21T10:12:21.925+0000] {dag.py:3239} INFO - Sync 1 DAGs
[2026-07-21T10:12:21.942+0000] {logging_mixin.py:190} INFO - [2026-07-21T10:12:21.941+0000] {dag.py:4180} INFO - Setting next_dagrun for my_dag to None, run_after=None
[2026-07-21T10:12:21.955+0000] {processor.py:208} INFO - Processing /opt/airflow/dags/my_tasks.py took 0.073 seconds
[2026-07-21T10:12:52.172+0000] {processor.py:186} INFO - Started process (PID=4898) to work on /opt/airflow/dags/my_tasks.py
[2026-07-21T10:12:52.172+0000] {processor.py:914} INFO - Processing file /opt/airflow/dags/my_tasks.py for tasks to queue
[2026-07-21T10:12:52.174+0000] {logging_mixin.py:190} INFO - [2026-07-21T10:12:52.174+0000] {dagbag.py:588} INFO - Filling up the DagBag from /opt/airflow/dags/my_tasks.py
[2026-07-21T10:12:52.179+0000] {processor.py:925} INFO - DAG(s) 'my_dag' retrieved from /opt/airflow/dags/my_tasks.py
[2026-07-21T10:12:52.196+0000] {logging_mixin.py:190} INFO - [2026-07-21T10:12:52.196+0000] {dag.py:3239} INFO - Sync 1 DAGs
[2026-07-21T10:12:52.212+0000] {logging_mixin.py:190} INFO - [2026-07-21T10:12:52.212+0000] {dag.py:4180} INFO - Setting next_dagrun for my_dag to None, run_after=None
[2026-07-21T10:12:52.226+0000] {processor.py:208} INFO - Processing /opt/airflow/dags/my_tasks.py took 0.059 seconds
[2026-07-21T10:13:22.453+0000] {processor.py:186} INFO - Started process (PID=4909) to work on /opt/airflow/dags/my_tasks.py
[2026-07-21T10:13:22.461+0000] {processor.py:914} INFO - Processing file /opt/airflow/dags/my_tasks.py for tasks to queue
[2026-07-21T10:13:22.466+0000] {logging_mixin.py:190} INFO - [2026-07-21T10:13:22.465+0000] {dagbag.py:588} INFO - Filling up the DagBag from /opt/airflow/dags/my_tasks.py
[2026-07-21T10:13:22.474+0000] {processor.py:925} INFO - DAG(s) 'my_dag' retrieved from /opt/airflow/dags/my_tasks.py
[2026-07-21T10:13:22.496+0000] {logging_mixin.py:190} INFO - [2026-07-21T10:13:22.496+0000] {dag.py:3239} INFO - Sync 1 DAGs
[2026-07-21T10:13:22.513+0000] {logging_mixin.py:190} INFO - [2026-07-21T10:13:22.513+0000] {dag.py:4180} INFO - Setting next_dagrun for my_dag to None, run_after=None
[2026-07-21T10:13:22.527+0000] {processor.py:208} INFO - Processing /opt/airflow/dags/my_tasks.py took 0.078 seconds
[2026-07-21T10:13:52.741+0000] {processor.py:186} INFO - Started process (PID=4920) to work on /opt/airflow/dags/my_tasks.py
[2026-07-21T10:13:52.742+0000] {processor.py:914} INFO - Processing file /opt/airflow/dags/my_tasks.py for tasks to queue
[2026-07-21T10:13:52.744+0000] {logging_mixin.py:190} INFO - [2026-07-21T10:13:52.744+0000] {dagbag.py:588} INFO - Filling up the DagBag from /opt/airflow/dags/my_tasks.py
[2026-07-21T10:13:52.749+0000] {processor.py:925} INFO - DAG(s) 'my_dag' retrieved from /opt/airflow/dags/my_tasks.py
[2026-07-21T10:13:52.767+0000] {logging_mixin.py:190} INFO - [2026-07-21T10:13:52.767+0000] {dag.py:3239} INFO - Sync 1 DAGs
[2026-07-21T10:13:52.783+0000] {logging_mixin.py:190} INFO - [2026-07-21T10:13:52.782+0000] {dag.py:4180} INFO - Setting next_dagrun for my_dag to None, run_after=None
[2026-07-21T10:13:52.801+0000] {processor.py:208} INFO - Processing /opt/airflow/dags/my_tasks.py took 0.064 seconds
[2026-07-21T10:14:23.020+0000] {processor.py:186} INFO - Started process (PID=4931) to work on /opt/airflow/dags/my_tasks.py
[2026-07-21T10:14:23.021+0000] {processor.py:914} INFO - Processing file /opt/airflow/dags/my_tasks.py for tasks to queue
[2026-07-21T10:14:23.022+0000] {logging_mixin.py:190} INFO - [2026-07-21T10:14:23.022+0000] {dagbag.py:588} INFO - Filling up the DagBag from /opt/airflow/dags/my_tasks.py
[2026-07-21T10:14:23.028+0000] {processor.py:925} INFO - DAG(s) 'my_dag' retrieved from /opt/airflow/dags/my_tasks.py
[2026-07-21T10:14:23.046+0000] {logging_mixin.py:190} INFO - [2026-07-21T10:14:23.046+0000] {dag.py:3239} INFO - Sync 1 DAGs
[2026-07-21T10:14:23.062+0000] {logging_mixin.py:190} INFO - [2026-07-21T10:14:23.062+0000] {dag.py:4180} INFO - Setting next_dagrun for my_dag to None, run_after=None
[2026-07-21T10:14:23.078+0000] {processor.py:208} INFO - Processing /opt/airflow/dags/my_tasks.py took 0.062 seconds
[2026-07-21T10:14:53.285+0000] {processor.py:186} INFO - Started process (PID=4942) to work on /opt/airflow/dags/my_tasks.py
[2026-07-21T10:14:53.285+0000] {processor.py:914} INFO - Processing file /opt/airflow/dags/my_tasks.py for tasks to queue
[2026-07-21T10:14:53.286+0000] {logging_mixin.py:190} INFO - [2026-07-21T10:14:53.286+0000] {dagbag.py:588} INFO - Filling up the DagBag from /opt/airflow/dags/my_tasks.py
[2026-07-21T10:14:53.292+0000] {processor.py:925} INFO - DAG(s) 'my_dag' retrieved from /opt/airflow/dags/my_tasks.py
[2026-07-21T10:14:53.310+0000] {logging_mixin.py:190} INFO - [2026-07-21T10:14:53.309+0000] {dag.py:3239} INFO - Sync 1 DAGs
[2026-07-21T10:14:53.325+0000] {logging_mixin.py:190} INFO - [2026-07-21T10:14:53.325+0000] {dag.py:4180} INFO - Setting next_dagrun for my_dag to None, run_after=None
[2026-07-21T10:14:53.339+0000] {processor.py:208} INFO - Processing /opt/airflow/dags/my_tasks.py took 0.058 seconds
[2026-07-21T10:15:23.546+0000] {processor.py:186} INFO - Started process (PID=4953) to work on /opt/airflow/dags/my_tasks.py
[2026-07-21T10:15:23.548+0000] {processor.py:914} INFO - Processing file /opt/airflow/dags/my_tasks.py for tasks to queue
[2026-07-21T10:15:23.550+0000] {logging_mixin.py:190} INFO - [2026-07-21T10:15:23.550+0000] {dagbag.py:588} INFO - Filling up the DagBag from /opt/airflow/dags/my_tasks.py
[2026-07-21T10:15:23.555+0000] {processor.py:925} INFO - DAG(s) 'my_dag' retrieved from /opt/airflow/dags/my_tasks.py
[2026-07-21T10:15:23.572+0000] {logging_mixin.py:190} INFO - [2026-07-21T10:15:23.572+0000] {dag.py:3239} INFO - Sync 1 DAGs
[2026-07-21T10:15:23.588+0000] {logging_mixin.py:190} INFO - [2026-07-21T10:15:23.588+0000] {dag.py:4180} INFO - Setting next_dagrun for my_dag to None, run_after=None
[2026-07-21T10:15:23.602+0000] {processor.py:208} INFO - Processing /opt/airflow/dags/my_tasks.py took 0.060 seconds
[2026-07-21T10:15:53.809+0000] {processor.py:186} INFO - Started process (PID=4964) to work on /opt/airflow/dags/my_tasks.py
[2026-07-21T10:15:53.817+0000] {processor.py:914} INFO - Processing file /opt/airflow/dags/my_tasks.py for tasks to queue
[2026-07-21T10:15:53.819+0000] {logging_mixin.py:190} INFO - [2026-07-21T10:15:53.819+0000] {dagbag.py:588} INFO - Filling up the DagBag from /opt/airflow/dags/my_tasks.py
[2026-07-21T10:15:53.825+0000] {processor.py:925} INFO - DAG(s) 'my_dag' retrieved from /opt/airflow/dags/my_tasks.py
[2026-07-21T10:15:53.842+0000] {logging_mixin.py:190} INFO - [2026-07-21T10:15:53.842+0000] {dag.py:3239} INFO - Sync 1 DAGs
[2026-07-21T10:15:53.858+0000] {logging_mixin.py:190} INFO - [2026-07-21T10:15:53.858+0000] {dag.py:4180} INFO - Setting next_dagrun for my_dag to None, run_after=None
[2026-07-21T10:15:53.876+0000] {processor.py:208} INFO - Processing /opt/airflow/dags/my_tasks.py took 0.071 seconds
[2026-07-21T10:16:24.070+0000] {processor.py:186} INFO - Started process (PID=4975) to work on /opt/airflow/dags/my_tasks.py
[2026-07-21T10:16:24.071+0000] {processor.py:914} INFO - Processing file /opt/airflow/dags/my_tasks.py for tasks to queue
[2026-07-21T10:16:24.072+0000] {logging_mixin.py:190} INFO - [2026-07-21T10:16:24.072+0000] {dagbag.py:588} INFO - Filling up the DagBag from /opt/airflow/dags/my_tasks.py
[2026-07-21T10:16:24.078+0000] {processor.py:925} INFO - DAG(s) 'my_dag' retrieved from /opt/airflow/dags/my_tasks.py
[2026-07-21T10:16:24.095+0000] {logging_mixin.py:190} INFO - [2026-07-21T10:16:24.095+0000] {dag.py:3239} INFO - Sync 1 DAGs
[2026-07-21T10:16:24.112+0000] {logging_mixin.py:190} INFO - [2026-07-21T10:16:24.112+0000] {dag.py:4180} INFO - Setting next_dagrun for my_dag to None, run_after=None
[2026-07-21T10:16:24.126+0000] {processor.py:208} INFO - Processing /opt/airflow/dags/my_tasks.py took 0.061 seconds
[2026-07-21T10:16:54.319+0000] {processor.py:186} INFO - Started process (PID=4986) to work on /opt/airflow/dags/my_tasks.py
[2026-07-21T10:16:54.327+0000] {processor.py:914} INFO - Processing file /opt/airflow/dags/my_tasks.py for tasks to queue
[2026-07-21T10:16:54.329+0000] {logging_mixin.py:190} INFO - [2026-07-21T10:16:54.329+0000] {dagbag.py:588} INFO - Filling up the DagBag from /opt/airflow/dags/my_tasks.py
[2026-07-21T10:16:54.335+0000] {processor.py:925} INFO - DAG(s) 'my_dag' retrieved from /opt/airflow/dags/my_tasks.py
[2026-07-21T10:16:54.352+0000] {logging_mixin.py:190} INFO - [2026-07-21T10:16:54.352+0000] {dag.py:3239} INFO - Sync 1 DAGs
[2026-07-21T10:16:54.368+0000] {logging_mixin.py:190} INFO - [2026-07-21T10:16:54.368+0000] {dag.py:4180} INFO - Setting next_dagrun for my_dag to None, run_after=None
[2026-07-21T10:16:54.382+0000] {processor.py:208} INFO - Processing /opt/airflow/dags/my_tasks.py took 0.066 seconds
[2026-07-21T10:17:24.559+0000] {processor.py:186} INFO - Started process (PID=4997) to work on /opt/airflow/dags/my_tasks.py
[2026-07-21T10:17:24.559+0000] {processor.py:914} INFO - Processing file /opt/airflow/dags/my_tasks.py for tasks to queue
[2026-07-21T10:17:24.561+0000] {logging_mixin.py:190} INFO - [2026-07-21T10:17:24.561+0000] {dagbag.py:588} INFO - Filling up the DagBag from /opt/airflow/dags/my_tasks.py
[2026-07-21T10:17:24.566+0000] {processor.py:925} INFO - DAG(s) 'my_dag' retrieved from /opt/airflow/dags/my_tasks.py
[2026-07-21T10:17:24.584+0000] {logging_mixin.py:190} INFO - [2026-07-21T10:17:24.583+0000] {dag.py:3239} INFO - Sync 1 DAGs
[2026-07-21T10:17:24.599+0000] {logging_mixin.py:190} INFO - [2026-07-21T10:17:24.599+0000] {dag.py:4180} INFO - Setting next_dagrun for my_dag to None, run_after=None
[2026-07-21T10:17:24.613+0000] {processor.py:208} INFO - Processing /opt/airflow/dags/my_tasks.py took 0.058 seconds
[2026-07-21T10:17:54.824+0000] {processor.py:186} INFO - Started process (PID=5008) to work on /opt/airflow/dags/my_tasks.py
[2026-07-21T10:17:54.825+0000] {processor.py:914} INFO - Processing file /opt/airflow/dags/my_tasks.py for tasks to queue
[2026-07-21T10:17:54.826+0000] {logging_mixin.py:190} INFO - [2026-07-21T10:17:54.826+0000] {dagbag.py:588} INFO - Filling up the DagBag from /opt/airflow/dags/my_tasks.py
[2026-07-21T10:17:54.832+0000] {processor.py:925} INFO - DAG(s) 'my_dag' retrieved from /opt/airflow/dags/my_tasks.py
[2026-07-21T10:17:54.849+0000] {logging_mixin.py:190} INFO - [2026-07-21T10:17:54.849+0000] {dag.py:3239} INFO - Sync 1 DAGs
[2026-07-21T10:17:54.864+0000] {logging_mixin.py:190} INFO - [2026-07-21T10:17:54.864+0000] {dag.py:4180} INFO - Setting next_dagrun for my_dag to None, run_after=None
[2026-07-21T10:17:54.878+0000] {processor.py:208} INFO - Processing /opt/airflow/dags/my_tasks.py took 0.059 seconds
[2026-07-21T10:18:25.110+0000] {processor.py:186} INFO - Started process (PID=5019) to work on /opt/airflow/dags/my_tasks.py
[2026-07-21T10:18:25.119+0000] {processor.py:914} INFO - Processing file /opt/airflow/dags/my_tasks.py for tasks to queue
[2026-07-21T10:18:25.122+0000] {logging_mixin.py:190} INFO - [2026-07-21T10:18:25.122+0000] {dagbag.py:588} INFO - Filling up the DagBag from /opt/airflow/dags/my_tasks.py
[2026-07-21T10:18:25.131+0000] {processor.py:925} INFO - DAG(s) 'my_dag' retrieved from /opt/airflow/dags/my_tasks.py
[2026-07-21T10:18:25.148+0000] {logging_mixin.py:190} INFO - [2026-07-21T10:18:25.147+0000] {dag.py:3239} INFO - Sync 1 DAGs
[2026-07-21T10:18:25.164+0000] {logging_mixin.py:190} INFO - [2026-07-21T10:18:25.164+0000] {dag.py:4180} INFO - Setting next_dagrun for my_dag to None, run_after=None
[2026-07-21T10:18:25.178+0000] {processor.py:208} INFO - Processing /opt/airflow/dags/my_tasks.py took 0.073 seconds
[2026-07-21T10:18:55.395+0000] {processor.py:186} INFO - Started process (PID=5030) to work on /opt/airflow/dags/my_tasks.py
[2026-07-21T10:18:55.403+0000] {processor.py:914} INFO - Processing file /opt/airflow/dags/my_tasks.py for tasks to queue
[2026-07-21T10:18:55.406+0000] {logging_mixin.py:190} INFO - [2026-07-21T10:18:55.405+0000] {dagbag.py:588} INFO - Filling up the DagBag from /opt/airflow/dags/my_tasks.py
[2026-07-21T10:18:55.414+0000] {processor.py:925} INFO - DAG(s) 'my_dag' retrieved from /opt/airflow/dags/my_tasks.py
[2026-07-21T10:18:55.432+0000] {logging_mixin.py:190} INFO - [2026-07-21T10:18:55.432+0000] {dag.py:3239} INFO - Sync 1 DAGs
[2026-07-21T10:18:55.448+0000] {logging_mixin.py:190} INFO - [2026-07-21T10:18:55.448+0000] {dag.py:4180} INFO - Setting next_dagrun for my_dag to None, run_after=None
[2026-07-21T10:18:55.462+0000] {processor.py:208} INFO - Processing /opt/airflow/dags/my_tasks.py took 0.071 seconds
[2026-07-21T10:19:25.657+0000] {processor.py:186} INFO - Started process (PID=5041) to work on /opt/airflow/dags/my_tasks.py
[2026-07-21T10:19:25.665+0000] {processor.py:914} INFO - Processing file /opt/airflow/dags/my_tasks.py for tasks to queue
[2026-07-21T10:19:25.668+0000] {logging_mixin.py:190} INFO - [2026-07-21T10:19:25.668+0000] {dagbag.py:588} INFO - Filling up the DagBag from /opt/airflow/dags/my_tasks.py
[2026-07-21T10:19:25.676+0000] {processor.py:925} INFO - DAG(s) 'my_dag' retrieved from /opt/airflow/dags/my_tasks.py
[2026-07-21T10:19:25.693+0000] {logging_mixin.py:190} INFO - [2026-07-21T10:19:25.692+0000] {dag.py:3239} INFO - Sync 1 DAGs
[2026-07-21T10:19:25.708+0000] {logging_mixin.py:190} INFO - [2026-07-21T10:19:25.708+0000] {dag.py:4180} INFO - Setting next_dagrun for my_dag to None, run_after=None
[2026-07-21T10:19:25.721+0000] {processor.py:208} INFO - Processing /opt/airflow/dags/my_tasks.py took 0.069 seconds
[2026-07-21T10:19:55.936+0000] {processor.py:186} INFO - Started process (PID=5052) to work on /opt/airflow/dags/my_tasks.py
[2026-07-21T10:19:55.944+0000] {processor.py:914} INFO - Processing file /opt/airflow/dags/my_tasks.py for tasks to queue
[2026-07-21T10:19:55.947+0000] {logging_mixin.py:190} INFO - [2026-07-21T10:19:55.947+0000] {dagbag.py:588} INFO - Filling up the DagBag from /opt/airflow/dags/my_tasks.py
[2026-07-21T10:19:55.954+0000] {processor.py:925} INFO - DAG(s) 'my_dag' retrieved from /opt/airflow/dags/my_tasks.py
[2026-07-21T10:19:55.972+0000] {logging_mixin.py:190} INFO - [2026-07-21T10:19:55.972+0000] {dag.py:3239} INFO - Sync 1 DAGs
[2026-07-21T10:19:55.988+0000] {logging_mixin.py:190} INFO - [2026-07-21T10:19:55.988+0000] {dag.py:4180} INFO - Setting next_dagrun for my_dag to None, run_after=None
[2026-07-21T10:19:56.003+0000] {processor.py:208} INFO - Processing /opt/airflow/dags/my_tasks.py took 0.071 seconds
[2026-07-21T10:20:26.218+0000] {processor.py:186} INFO - Started process (PID=5063) to work on /opt/airflow/dags/my_tasks.py
[2026-07-21T10:20:26.218+0000] {processor.py:914} INFO - Processing file /opt/airflow/dags/my_tasks.py for tasks to queue
[2026-07-21T10:20:26.220+0000] {logging_mixin.py:190} INFO - [2026-07-21T10:20:26.220+0000] {dagbag.py:588} INFO - Filling up the DagBag from /opt/airflow/dags/my_tasks.py
[2026-07-21T10:20:26.225+0000] {processor.py:925} INFO - DAG(s) 'my_dag' retrieved from /opt/airflow/dags/my_tasks.py
[2026-07-21T10:20:26.242+0000] {logging_mixin.py:190} INFO - [2026-07-21T10:20:26.242+0000] {dag.py:3239} INFO - Sync 1 DAGs
[2026-07-21T10:20:26.258+0000] {logging_mixin.py:190} INFO - [2026-07-21T10:20:26.258+0000] {dag.py:4180} INFO - Setting next_dagrun for my_dag to None, run_after=None
[2026-07-21T10:20:26.273+0000] {processor.py:208} INFO - Processing /opt/airflow/dags/my_tasks.py took 0.059 seconds
[2026-07-21T10:20:56.479+0000] {processor.py:186} INFO - Started process (PID=5074) to work on /opt/airflow/dags/my_tasks.py
[2026-07-21T10:20:56.479+0000] {processor.py:914} INFO - Processing file /opt/airflow/dags/my_tasks.py for tasks to queue
[2026-07-21T10:20:56.481+0000] {logging_mixin.py:190} INFO - [2026-07-21T10:20:56.481+0000] {dagbag.py:588} INFO - Filling up the DagBag from /opt/airflow/dags/my_tasks.py
[2026-07-21T10:20:56.486+0000] {processor.py:925} INFO - DAG(s) 'my_dag' retrieved from /opt/airflow/dags/my_tasks.py
[2026-07-21T10:20:56.506+0000] {logging_mixin.py:190} INFO - [2026-07-21T10:20:56.506+0000] {dag.py:3239} INFO - Sync 1 DAGs
[2026-07-21T10:20:56.521+0000] {logging_mixin.py:190} INFO - [2026-07-21T10:20:56.521+0000] {dag.py:4180} INFO - Setting next_dagrun for my_dag to None, run_after=None
[2026-07-21T10:20:56.536+0000] {processor.py:208} INFO - Processing /opt/airflow/dags/my_tasks.py took 0.061 seconds
[2026-07-21T10:21:26.760+0000] {processor.py:186} INFO - Started process (PID=5085) to work on /opt/airflow/dags/my_tasks.py
[2026-07-21T10:21:26.760+0000] {processor.py:914} INFO - Processing file /opt/airflow/dags/my_tasks.py for tasks to queue
[2026-07-21T10:21:26.762+0000] {logging_mixin.py:190} INFO - [2026-07-21T10:21:26.762+0000] {dagbag.py:588} INFO - Filling up the DagBag from /opt/airflow/dags/my_tasks.py
[2026-07-21T10:21:26.767+0000] {processor.py:925} INFO - DAG(s) 'my_dag' retrieved from /opt/airflow/dags/my_tasks.py
[2026-07-21T10:21:26.785+0000] {logging_mixin.py:190} INFO - [2026-07-21T10:21:26.784+0000] {dag.py:3239} INFO - Sync 1 DAGs
[2026-07-21T10:21:26.801+0000] {logging_mixin.py:190} INFO - [2026-07-21T10:21:26.801+0000] {dag.py:4180} INFO - Setting next_dagrun for my_dag to None, run_after=None
[2026-07-21T10:21:26.816+0000] {processor.py:208} INFO - Processing /opt/airflow/dags/my_tasks.py took 0.060 seconds
[2026-07-21T10:21:57.041+0000] {processor.py:186} INFO - Started process (PID=5096) to work on /opt/airflow/dags/my_tasks.py
[2026-07-21T10:21:57.049+0000] {processor.py:914} INFO - Processing file /opt/airflow/dags/my_tasks.py for tasks to queue
[2026-07-21T10:21:57.051+0000] {logging_mixin.py:190} INFO - [2026-07-21T10:21:57.051+0000] {dagbag.py:588} INFO - Filling up the DagBag from /opt/airflow/dags/my_tasks.py
[2026-07-21T10:21:57.058+0000] {processor.py:925} INFO - DAG(s) 'my_dag' retrieved from /opt/airflow/dags/my_tasks.py
[2026-07-21T10:21:57.075+0000] {logging_mixin.py:190} INFO - [2026-07-21T10:21:57.075+0000] {dag.py:3239} INFO - Sync 1 DAGs
[2026-07-21T10:21:57.091+0000] {logging_mixin.py:190} INFO - [2026-07-21T10:21:57.090+0000] {dag.py:4180} INFO - Setting next_dagrun for my_dag to None, run_after=None
[2026-07-21T10:21:57.105+0000] {processor.py:208} INFO - Processing /opt/airflow/dags/my_tasks.py took 0.069 seconds
[2026-07-21T10:22:27.318+0000] {processor.py:186} INFO - Started process (PID=5107) to work on /opt/airflow/dags/my_tasks.py
[2026-07-21T10:22:27.319+0000] {processor.py:914} INFO - Processing file /opt/airflow/dags/my_tasks.py for tasks to queue
[2026-07-21T10:22:27.321+0000] {logging_mixin.py:190} INFO - [2026-07-21T10:22:27.320+0000] {dagbag.py:588} INFO - Filling up the DagBag from /opt/airflow/dags/my_tasks.py
[2026-07-21T10:22:27.326+0000] {processor.py:925} INFO - DAG(s) 'my_dag' retrieved from /opt/airflow/dags/my_tasks.py
[2026-07-21T10:22:27.343+0000] {logging_mixin.py:190} INFO - [2026-07-21T10:22:27.343+0000] {dag.py:3239} INFO - Sync 1 DAGs
[2026-07-21T10:22:27.359+0000] {logging_mixin.py:190} INFO - [2026-07-21T10:22:27.358+0000] {dag.py:4180} INFO - Setting next_dagrun for my_dag to None, run_after=None
[2026-07-21T10:22:27.373+0000] {processor.py:208} INFO - Processing /opt/airflow/dags/my_tasks.py took 0.059 seconds
[2026-07-21T10:22:57.586+0000] {processor.py:186} INFO - Started process (PID=5118) to work on /opt/airflow/dags/my_tasks.py
[2026-07-21T10:22:57.593+0000] {processor.py:914} INFO - Processing file /opt/airflow/dags/my_tasks.py for tasks to queue
[2026-07-21T10:22:57.595+0000] {logging_mixin.py:190} INFO - [2026-07-21T10:22:57.595+0000] {dagbag.py:588} INFO - Filling up the DagBag from /opt/airflow/dags/my_tasks.py
[2026-07-21T10:22:57.601+0000] {processor.py:925} INFO - DAG(s) 'my_dag' retrieved from /opt/airflow/dags/my_tasks.py
[2026-07-21T10:22:57.618+0000] {logging_mixin.py:190} INFO - [2026-07-21T10:22:57.618+0000] {dag.py:3239} INFO - Sync 1 DAGs
[2026-07-21T10:22:57.633+0000] {logging_mixin.py:190} INFO - [2026-07-21T10:22:57.633+0000] {dag.py:4180} INFO - Setting next_dagrun for my_dag to None, run_after=None
[2026-07-21T10:22:57.647+0000] {processor.py:208} INFO - Processing /opt/airflow/dags/my_tasks.py took 0.066 seconds
[2026-07-21T10:23:27.863+0000] {processor.py:186} INFO - Started process (PID=5129) to work on /opt/airflow/dags/my_tasks.py
[2026-07-21T10:23:27.866+0000] {processor.py:914} INFO - Processing file /opt/airflow/dags/my_tasks.py for tasks to queue
[2026-07-21T10:23:27.868+0000] {logging_mixin.py:190} INFO - [2026-07-21T10:23:27.867+0000] {dagbag.py:588} INFO - Filling up the DagBag from /opt/airflow/dags/my_tasks.py
[2026-07-21T10:23:27.875+0000] {processor.py:925} INFO - DAG(s) 'my_dag' retrieved from /opt/airflow/dags/my_tasks.py
[2026-07-21T10:23:27.892+0000] {logging_mixin.py:190} INFO - [2026-07-21T10:23:27.892+0000] {dag.py:3239} INFO - Sync 1 DAGs
[2026-07-21T10:23:27.908+0000] {logging_mixin.py:190} INFO - [2026-07-21T10:23:27.908+0000] {dag.py:4180} INFO - Setting next_dagrun for my_dag to None, run_after=None
[2026-07-21T10:23:27.923+0000] {processor.py:208} INFO - Processing /opt/airflow/dags/my_tasks.py took 0.065 seconds
[2026-07-21T10:23:58.142+0000] {processor.py:186} INFO - Started process (PID=5140) to work on /opt/airflow/dags/my_tasks.py
[2026-07-21T10:23:58.142+0000] {processor.py:914} INFO - Processing file /opt/airflow/dags/my_tasks.py for tasks to queue
[2026-07-21T10:23:58.144+0000] {logging_mixin.py:190} INFO - [2026-07-21T10:23:58.143+0000] {dagbag.py:588} INFO - Filling up the DagBag from /opt/airflow/dags/my_tasks.py
[2026-07-21T10:23:58.149+0000] {processor.py:925} INFO - DAG(s) 'my_dag' retrieved from /opt/airflow/dags/my_tasks.py
[2026-07-21T10:23:58.166+0000] {logging_mixin.py:190} INFO - [2026-07-21T10:23:58.166+0000] {dag.py:3239} INFO - Sync 1 DAGs
[2026-07-21T10:23:58.182+0000] {logging_mixin.py:190} INFO - [2026-07-21T10:23:58.182+0000] {dag.py:4180} INFO - Setting next_dagrun for my_dag to None, run_after=None
[2026-07-21T10:23:58.196+0000] {processor.py:208} INFO - Processing /opt/airflow/dags/my_tasks.py took 0.058 seconds
[2026-07-21T10:24:28.407+0000] {processor.py:186} INFO - Started process (PID=5151) to work on /opt/airflow/dags/my_tasks.py
[2026-07-21T10:24:28.414+0000] {processor.py:914} INFO - Processing file /opt/airflow/dags/my_tasks.py for tasks to queue
[2026-07-21T10:24:28.417+0000] {logging_mixin.py:190} INFO - [2026-07-21T10:24:28.416+0000] {dagbag.py:588} INFO - Filling up the DagBag from /opt/airflow/dags/my_tasks.py
[2026-07-21T10:24:28.422+0000] {processor.py:925} INFO - DAG(s) 'my_dag' retrieved from /opt/airflow/dags/my_tasks.py
[2026-07-21T10:24:28.440+0000] {logging_mixin.py:190} INFO - [2026-07-21T10:24:28.439+0000] {dag.py:3239} INFO - Sync 1 DAGs
[2026-07-21T10:24:28.456+0000] {logging_mixin.py:190} INFO - [2026-07-21T10:24:28.456+0000] {dag.py:4180} INFO - Setting next_dagrun for my_dag to None, run_after=None
[2026-07-21T10:24:28.469+0000] {processor.py:208} INFO - Processing /opt/airflow/dags/my_tasks.py took 0.068 seconds
[2026-07-21T10:24:58.661+0000] {processor.py:186} INFO - Started process (PID=5162) to work on /opt/airflow/dags/my_tasks.py
[2026-07-21T10:24:58.669+0000] {processor.py:914} INFO - Processing file /opt/airflow/dags/my_tasks.py for tasks to queue
[2026-07-21T10:24:58.672+0000] {logging_mixin.py:190} INFO - [2026-07-21T10:24:58.671+0000] {dagbag.py:588} INFO - Filling up the DagBag from /opt/airflow/dags/my_tasks.py
[2026-07-21T10:24:58.678+0000] {processor.py:925} INFO - DAG(s) 'my_dag' retrieved from /opt/airflow/dags/my_tasks.py
[2026-07-21T10:24:58.695+0000] {logging_mixin.py:190} INFO - [2026-07-21T10:24:58.695+0000] {dag.py:3239} INFO - Sync 1 DAGs
[2026-07-21T10:24:58.710+0000] {logging_mixin.py:190} INFO - [2026-07-21T10:24:58.710+0000] {dag.py:4180} INFO - Setting next_dagrun for my_dag to None, run_after=None
[2026-07-21T10:24:58.723+0000] {processor.py:208} INFO - Processing /opt/airflow/dags/my_tasks.py took 0.066 seconds
[2026-07-21T10:25:28.942+0000] {processor.py:186} INFO - Started process (PID=5173) to work on /opt/airflow/dags/my_tasks.py
[2026-07-21T10:25:28.950+0000] {processor.py:914} INFO - Processing file /opt/airflow/dags/my_tasks.py for tasks to queue
[2026-07-21T10:25:28.953+0000] {logging_mixin.py:190} INFO - [2026-07-21T10:25:28.952+0000] {dagbag.py:588} INFO - Filling up the DagBag from /opt/airflow/dags/my_tasks.py
[2026-07-21T10:25:28.960+0000] {processor.py:925} INFO - DAG(s) 'my_dag' retrieved from /opt/airflow/dags/my_tasks.py
[2026-07-21T10:25:28.977+0000] {logging_mixin.py:190} INFO - [2026-07-21T10:25:28.977+0000] {dag.py:3239} INFO - Sync 1 DAGs
[2026-07-21T10:25:28.993+0000] {logging_mixin.py:190} INFO - [2026-07-21T10:25:28.992+0000] {dag.py:4180} INFO - Setting next_dagrun for my_dag to None, run_after=None
[2026-07-21T10:25:29.008+0000] {processor.py:208} INFO - Processing /opt/airflow/dags/my_tasks.py took 0.070 seconds
[2026-07-21T10:25:59.230+0000] {processor.py:186} INFO - Started process (PID=5184) to work on /opt/airflow/dags/my_tasks.py
[2026-07-21T10:25:59.238+0000] {processor.py:914} INFO - Processing file /opt/airflow/dags/my_tasks.py for tasks to queue
[2026-07-21T10:25:59.240+0000] {logging_mixin.py:190} INFO - [2026-07-21T10:25:59.239+0000] {dagbag.py:588} INFO - Filling up the DagBag from /opt/airflow/dags/my_tasks.py
[2026-07-21T10:25:59.245+0000] {processor.py:925} INFO - DAG(s) 'my_dag' retrieved from /opt/airflow/dags/my_tasks.py
[2026-07-21T10:25:59.262+0000] {logging_mixin.py:190} INFO - [2026-07-21T10:25:59.262+0000] {dag.py:3239} INFO - Sync 1 DAGs
[2026-07-21T10:25:59.278+0000] {logging_mixin.py:190} INFO - [2026-07-21T10:25:59.278+0000] {dag.py:4180} INFO - Setting next_dagrun for my_dag to None, run_after=None
[2026-07-21T10:25:59.303+0000] {processor.py:208} INFO - Processing /opt/airflow/dags/my_tasks.py took 0.078 seconds
[2026-07-21T10:26:29.514+0000] {processor.py:186} INFO - Started process (PID=5195) to work on /opt/airflow/dags/my_tasks.py
[2026-07-21T10:26:29.522+0000] {processor.py:914} INFO - Processing file /opt/airflow/dags/my_tasks.py for tasks to queue
[2026-07-21T10:26:29.524+0000] {logging_mixin.py:190} INFO - [2026-07-21T10:26:29.524+0000] {dagbag.py:588} INFO - Filling up the DagBag from /opt/airflow/dags/my_tasks.py
[2026-07-21T10:26:29.530+0000] {processor.py:925} INFO - DAG(s) 'my_dag' retrieved from /opt/airflow/dags/my_tasks.py
[2026-07-21T10:26:29.548+0000] {logging_mixin.py:190} INFO - [2026-07-21T10:26:29.548+0000] {dag.py:3239} INFO - Sync 1 DAGs
[2026-07-21T10:26:29.564+0000] {logging_mixin.py:190} INFO - [2026-07-21T10:26:29.564+0000] {dag.py:4180} INFO - Setting next_dagrun for my_dag to None, run_after=None
[2026-07-21T10:26:29.581+0000] {processor.py:208} INFO - Processing /opt/airflow/dags/my_tasks.py took 0.073 seconds
[2026-07-21T10:26:59.803+0000] {processor.py:186} INFO - Started process (PID=5206) to work on /opt/airflow/dags/my_tasks.py
[2026-07-21T10:26:59.806+0000] {processor.py:914} INFO - Processing file /opt/airflow/dags/my_tasks.py for tasks to queue
[2026-07-21T10:26:59.808+0000] {logging_mixin.py:190} INFO - [2026-07-21T10:26:59.808+0000] {dagbag.py:588} INFO - Filling up the DagBag from /opt/airflow/dags/my_tasks.py
[2026-07-21T10:26:59.813+0000] {processor.py:925} INFO - DAG(s) 'my_dag' retrieved from /opt/airflow/dags/my_tasks.py
[2026-07-21T10:26:59.831+0000] {logging_mixin.py:190} INFO - [2026-07-21T10:26:59.831+0000] {dag.py:3239} INFO - Sync 1 DAGs
[2026-07-21T10:26:59.846+0000] {logging_mixin.py:190} INFO - [2026-07-21T10:26:59.846+0000] {dag.py:4180} INFO - Setting next_dagrun for my_dag to None, run_after=None
[2026-07-21T10:26:59.862+0000] {processor.py:208} INFO - Processing /opt/airflow/dags/my_tasks.py took 0.064 seconds
[2026-07-21T10:27:30.065+0000] {processor.py:186} INFO - Started process (PID=5217) to work on /opt/airflow/dags/my_tasks.py
[2026-07-21T10:27:30.073+0000] {processor.py:914} INFO - Processing file /opt/airflow/dags/my_tasks.py for tasks to queue
[2026-07-21T10:27:30.075+0000] {logging_mixin.py:190} INFO - [2026-07-21T10:27:30.075+0000] {dagbag.py:588} INFO - Filling up the DagBag from /opt/airflow/dags/my_tasks.py
[2026-07-21T10:27:30.084+0000] {processor.py:925} INFO - DAG(s) 'my_dag' retrieved from /opt/airflow/dags/my_tasks.py
[2026-07-21T10:27:30.101+0000] {logging_mixin.py:190} INFO - [2026-07-21T10:27:30.101+0000] {dag.py:3239} INFO - Sync 1 DAGs
[2026-07-21T10:27:30.116+0000] {logging_mixin.py:190} INFO - [2026-07-21T10:27:30.116+0000] {dag.py:4180} INFO - Setting next_dagrun for my_dag to None, run_after=None
[2026-07-21T10:27:30.131+0000] {processor.py:208} INFO - Processing /opt/airflow/dags/my_tasks.py took 0.070 seconds
[2026-07-21T10:28:00.346+0000] {processor.py:186} INFO - Started process (PID=5228) to work on /opt/airflow/dags/my_tasks.py
[2026-07-21T10:28:00.347+0000] {processor.py:914} INFO - Processing file /opt/airflow/dags/my_tasks.py for tasks to queue
[2026-07-21T10:28:00.348+0000] {logging_mixin.py:190} INFO - [2026-07-21T10:28:00.348+0000] {dagbag.py:588} INFO - Filling up the DagBag from /opt/airflow/dags/my_tasks.py
[2026-07-21T10:28:00.354+0000] {processor.py:925} INFO - DAG(s) 'my_dag' retrieved from /opt/airflow/dags/my_tasks.py
[2026-07-21T10:28:00.371+0000] {logging_mixin.py:190} INFO - [2026-07-21T10:28:00.371+0000] {dag.py:3239} INFO - Sync 1 DAGs
[2026-07-21T10:28:00.387+0000] {logging_mixin.py:190} INFO - [2026-07-21T10:28:00.387+0000] {dag.py:4180} INFO - Setting next_dagrun for my_dag to None, run_after=None
[2026-07-21T10:28:00.400+0000] {processor.py:208} INFO - Processing /opt/airflow/dags/my_tasks.py took 0.059 seconds
[2026-07-21T10:28:30.622+0000] {processor.py:186} INFO - Started process (PID=5239) to work on /opt/airflow/dags/my_tasks.py
[2026-07-21T10:28:30.630+0000] {processor.py:914} INFO - Processing file /opt/airflow/dags/my_tasks.py for tasks to queue
[2026-07-21T10:28:30.634+0000] {logging_mixin.py:190} INFO - [2026-07-21T10:28:30.633+0000] {dagbag.py:588} INFO - Filling up the DagBag from /opt/airflow/dags/my_tasks.py
[2026-07-21T10:28:30.642+0000] {processor.py:925} INFO - DAG(s) 'my_dag' retrieved from /opt/airflow/dags/my_tasks.py
[2026-07-21T10:28:30.659+0000] {logging_mixin.py:190} INFO - [2026-07-21T10:28:30.659+0000] {dag.py:3239} INFO - Sync 1 DAGs
[2026-07-21T10:28:30.675+0000] {logging_mixin.py:190} INFO - [2026-07-21T10:28:30.675+0000] {dag.py:4180} INFO - Setting next_dagrun for my_dag to None, run_after=None
[2026-07-21T10:28:30.688+0000] {processor.py:208} INFO - Processing /opt/airflow/dags/my_tasks.py took 0.070 seconds
[2026-07-21T10:29:00.897+0000] {processor.py:186} INFO - Started process (PID=5250) to work on /opt/airflow/dags/my_tasks.py
[2026-07-21T10:29:00.898+0000] {processor.py:914} INFO - Processing file /opt/airflow/dags/my_tasks.py for tasks to queue
[2026-07-21T10:29:00.899+0000] {logging_mixin.py:190} INFO - [2026-07-21T10:29:00.899+0000] {dagbag.py:588} INFO - Filling up the DagBag from /opt/airflow/dags/my_tasks.py
[2026-07-21T10:29:00.904+0000] {processor.py:925} INFO - DAG(s) 'my_dag' retrieved from /opt/airflow/dags/my_tasks.py
[2026-07-21T10:29:00.921+0000] {logging_mixin.py:190} INFO - [2026-07-21T10:29:00.921+0000] {dag.py:3239} INFO - Sync 1 DAGs
[2026-07-21T10:29:00.936+0000] {logging_mixin.py:190} INFO - [2026-07-21T10:29:00.936+0000] {dag.py:4180} INFO - Setting next_dagrun for my_dag to None, run_after=None
[2026-07-21T10:29:00.951+0000] {processor.py:208} INFO - Processing /opt/airflow/dags/my_tasks.py took 0.058 seconds
[2026-07-21T10:29:31.178+0000] {processor.py:186} INFO - Started process (PID=5261) to work on /opt/airflow/dags/my_tasks.py
[2026-07-21T10:29:31.186+0000] {processor.py:914} INFO - Processing file /opt/airflow/dags/my_tasks.py for tasks to queue
[2026-07-21T10:29:31.188+0000] {logging_mixin.py:190} INFO - [2026-07-21T10:29:31.188+0000] {dagbag.py:588} INFO - Filling up the DagBag from /opt/airflow/dags/my_tasks.py
[2026-07-21T10:29:31.195+0000] {processor.py:925} INFO - DAG(s) 'my_dag' retrieved from /opt/airflow/dags/my_tasks.py
[2026-07-21T10:29:31.213+0000] {logging_mixin.py:190} INFO - [2026-07-21T10:29:31.213+0000] {dag.py:3239} INFO - Sync 1 DAGs
[2026-07-21T10:29:31.230+0000] {logging_mixin.py:190} INFO - [2026-07-21T10:29:31.230+0000] {dag.py:4180} INFO - Setting next_dagrun for my_dag to None, run_after=None
[2026-07-21T10:29:31.243+0000] {processor.py:208} INFO - Processing /opt/airflow/dags/my_tasks.py took 0.070 seconds
[2026-07-21T10:30:01.463+0000] {processor.py:186} INFO - Started process (PID=5272) to work on /opt/airflow/dags/my_tasks.py
[2026-07-21T10:30:01.465+0000] {processor.py:914} INFO - Processing file /opt/airflow/dags/my_tasks.py for tasks to queue
[2026-07-21T10:30:01.467+0000] {logging_mixin.py:190} INFO - [2026-07-21T10:30:01.466+0000] {dagbag.py:588} INFO - Filling up the DagBag from /opt/airflow/dags/my_tasks.py
[2026-07-21T10:30:01.472+0000] {processor.py:925} INFO - DAG(s) 'my_dag' retrieved from /opt/airflow/dags/my_tasks.py
[2026-07-21T10:30:01.489+0000] {logging_mixin.py:190} INFO - [2026-07-21T10:30:01.489+0000] {dag.py:3239} INFO - Sync 1 DAGs
[2026-07-21T10:30:01.504+0000] {logging_mixin.py:190} INFO - [2026-07-21T10:30:01.504+0000] {dag.py:4180} INFO - Setting next_dagrun for my_dag to None, run_after=None
[2026-07-21T10:30:01.519+0000] {processor.py:208} INFO - Processing /opt/airflow/dags/my_tasks.py took 0.060 seconds
[2026-07-21T10:30:31.752+0000] {processor.py:186} INFO - Started process (PID=5283) to work on /opt/airflow/dags/my_tasks.py
[2026-07-21T10:30:31.752+0000] {processor.py:914} INFO - Processing file /opt/airflow/dags/my_tasks.py for tasks to queue
[2026-07-21T10:30:31.754+0000] {logging_mixin.py:190} INFO - [2026-07-21T10:30:31.754+0000] {dagbag.py:588} INFO - Filling up the DagBag from /opt/airflow/dags/my_tasks.py
[2026-07-21T10:30:31.760+0000] {processor.py:925} INFO - DAG(s) 'my_dag' retrieved from /opt/airflow/dags/my_tasks.py
[2026-07-21T10:30:31.776+0000] {logging_mixin.py:190} INFO - [2026-07-21T10:30:31.776+0000] {dag.py:3239} INFO - Sync 1 DAGs
[2026-07-21T10:30:31.792+0000] {logging_mixin.py:190} INFO - [2026-07-21T10:30:31.792+0000] {dag.py:4180} INFO - Setting next_dagrun for my_dag to None, run_after=None
[2026-07-21T10:30:31.806+0000] {processor.py:208} INFO - Processing /opt/airflow/dags/my_tasks.py took 0.059 seconds
[2026-07-21T10:31:02.035+0000] {processor.py:186} INFO - Started process (PID=5294) to work on /opt/airflow/dags/my_tasks.py
[2026-07-21T10:31:02.043+0000] {processor.py:914} INFO - Processing file /opt/airflow/dags/my_tasks.py for tasks to queue
[2026-07-21T10:31:02.046+0000] {logging_mixin.py:190} INFO - [2026-07-21T10:31:02.046+0000] {dagbag.py:588} INFO - Filling up the DagBag from /opt/airflow/dags/my_tasks.py
[2026-07-21T10:31:02.052+0000] {processor.py:925} INFO - DAG(s) 'my_dag' retrieved from /opt/airflow/dags/my_tasks.py
[2026-07-21T10:31:02.070+0000] {logging_mixin.py:190} INFO - [2026-07-21T10:31:02.069+0000] {dag.py:3239} INFO - Sync 1 DAGs
[2026-07-21T10:31:02.086+0000] {logging_mixin.py:190} INFO - [2026-07-21T10:31:02.086+0000] {dag.py:4180} INFO - Setting next_dagrun for my_dag to None, run_after=None
[2026-07-21T10:31:02.101+0000] {processor.py:208} INFO - Processing /opt/airflow/dags/my_tasks.py took 0.071 seconds
[2026-07-21T10:31:32.322+0000] {processor.py:186} INFO - Started process (PID=5305) to work on /opt/airflow/dags/my_tasks.py
[2026-07-21T10:31:32.330+0000] {processor.py:914} INFO - Processing file /opt/airflow/dags/my_tasks.py for tasks to queue
[2026-07-21T10:31:32.333+0000] {logging_mixin.py:190} INFO - [2026-07-21T10:31:32.332+0000] {dagbag.py:588} INFO - Filling up the DagBag from /opt/airflow/dags/my_tasks.py
[2026-07-21T10:31:32.342+0000] {processor.py:925} INFO - DAG(s) 'my_dag' retrieved from /opt/airflow/dags/my_tasks.py
[2026-07-21T10:31:32.359+0000] {logging_mixin.py:190} INFO - [2026-07-21T10:31:32.359+0000] {dag.py:3239} INFO - Sync 1 DAGs
[2026-07-21T10:31:32.375+0000] {logging_mixin.py:190} INFO - [2026-07-21T10:31:32.375+0000] {dag.py:4180} INFO - Setting next_dagrun for my_dag to None, run_after=None
[2026-07-21T10:31:32.390+0000] {processor.py:208} INFO - Processing /opt/airflow/dags/my_tasks.py took 0.072 seconds
[2026-07-21T10:32:02.611+0000] {processor.py:186} INFO - Started process (PID=5316) to work on /opt/airflow/dags/my_tasks.py
[2026-07-21T10:32:02.619+0000] {processor.py:914} INFO - Processing file /opt/airflow/dags/my_tasks.py for tasks to queue
[2026-07-21T10:32:02.622+0000] {logging_mixin.py:190} INFO - [2026-07-21T10:32:02.622+0000] {dagbag.py:588} INFO - Filling up the DagBag from /opt/airflow/dags/my_tasks.py
[2026-07-21T10:32:02.629+0000] {processor.py:925} INFO - DAG(s) 'my_dag' retrieved from /opt/airflow/dags/my_tasks.py
[2026-07-21T10:32:02.648+0000] {logging_mixin.py:190} INFO - [2026-07-21T10:32:02.648+0000] {dag.py:3239} INFO - Sync 1 DAGs
[2026-07-21T10:32:02.664+0000] {logging_mixin.py:190} INFO - [2026-07-21T10:32:02.664+0000] {dag.py:4180} INFO - Setting next_dagrun for my_dag to None, run_after=None
[2026-07-21T10:32:02.677+0000] {processor.py:208} INFO - Processing /opt/airflow/dags/my_tasks.py took 0.070 seconds
[2026-07-21T10:32:32.885+0000] {processor.py:186} INFO - Started process (PID=5327) to work on /opt/airflow/dags/my_tasks.py
[2026-07-21T10:32:32.889+0000] {processor.py:914} INFO - Processing file /opt/airflow/dags/my_tasks.py for tasks to queue
[2026-07-21T10:32:32.891+0000] {logging_mixin.py:190} INFO - [2026-07-21T10:32:32.891+0000] {dagbag.py:588} INFO - Filling up the DagBag from /opt/airflow/dags/my_tasks.py
[2026-07-21T10:32:32.897+0000] {processor.py:925} INFO - DAG(s) 'my_dag' retrieved from /opt/airflow/dags/my_tasks.py
[2026-07-21T10:32:32.914+0000] {logging_mixin.py:190} INFO - [2026-07-21T10:32:32.914+0000] {dag.py:3239} INFO - Sync 1 DAGs
[2026-07-21T10:32:32.930+0000] {logging_mixin.py:190} INFO - [2026-07-21T10:32:32.930+0000] {dag.py:4180} INFO - Setting next_dagrun for my_dag to None, run_after=None
[2026-07-21T10:32:32.949+0000] {processor.py:208} INFO - Processing /opt/airflow/dags/my_tasks.py took 0.069 seconds
[2026-07-21T10:33:03.148+0000] {processor.py:186} INFO - Started process (PID=5338) to work on /opt/airflow/dags/my_tasks.py
[2026-07-21T10:33:03.149+0000] {processor.py:914} INFO - Processing file /opt/airflow/dags/my_tasks.py for tasks to queue
[2026-07-21T10:33:03.150+0000] {logging_mixin.py:190} INFO - [2026-07-21T10:33:03.150+0000] {dagbag.py:588} INFO - Filling up the DagBag from /opt/airflow/dags/my_tasks.py
[2026-07-21T10:33:03.156+0000] {processor.py:925} INFO - DAG(s) 'my_dag' retrieved from /opt/airflow/dags/my_tasks.py
[2026-07-21T10:33:03.172+0000] {logging_mixin.py:190} INFO - [2026-07-21T10:33:03.172+0000] {dag.py:3239} INFO - Sync 1 DAGs
[2026-07-21T10:33:03.188+0000] {logging_mixin.py:190} INFO - [2026-07-21T10:33:03.188+0000] {dag.py:4180} INFO - Setting next_dagrun for my_dag to None, run_after=None
[2026-07-21T10:33:03.203+0000] {processor.py:208} INFO - Processing /opt/airflow/dags/my_tasks.py took 0.059 seconds
[2026-07-21T10:33:33.419+0000] {processor.py:186} INFO - Started process (PID=5349) to work on /opt/airflow/dags/my_tasks.py
[2026-07-21T10:33:33.420+0000] {processor.py:914} INFO - Processing file /opt/airflow/dags/my_tasks.py for tasks to queue
[2026-07-21T10:33:33.421+0000] {logging_mixin.py:190} INFO - [2026-07-21T10:33:33.421+0000] {dagbag.py:588} INFO - Filling up the DagBag from /opt/airflow/dags/my_tasks.py
[2026-07-21T10:33:33.427+0000] {processor.py:925} INFO - DAG(s) 'my_dag' retrieved from /opt/airflow/dags/my_tasks.py
[2026-07-21T10:33:33.444+0000] {logging_mixin.py:190} INFO - [2026-07-21T10:33:33.444+0000] {dag.py:3239} INFO - Sync 1 DAGs
[2026-07-21T10:33:33.459+0000] {logging_mixin.py:190} INFO - [2026-07-21T10:33:33.459+0000] {dag.py:4180} INFO - Setting next_dagrun for my_dag to None, run_after=None
[2026-07-21T10:33:33.474+0000] {processor.py:208} INFO - Processing /opt/airflow/dags/my_tasks.py took 0.059 seconds
[2026-07-21T10:34:03.685+0000] {processor.py:186} INFO - Started process (PID=5360) to work on /opt/airflow/dags/my_tasks.py
[2026-07-21T10:34:03.693+0000] {processor.py:914} INFO - Processing file /opt/airflow/dags/my_tasks.py for tasks to queue
[2026-07-21T10:34:03.696+0000] {logging_mixin.py:190} INFO - [2026-07-21T10:34:03.696+0000] {dagbag.py:588} INFO - Filling up the DagBag from /opt/airflow/dags/my_tasks.py
[2026-07-21T10:34:03.703+0000] {processor.py:925} INFO - DAG(s) 'my_dag' retrieved from /opt/airflow/dags/my_tasks.py
[2026-07-21T10:34:03.720+0000] {logging_mixin.py:190} INFO - [2026-07-21T10:34:03.720+0000] {dag.py:3239} INFO - Sync 1 DAGs
[2026-07-21T10:34:03.735+0000] {logging_mixin.py:190} INFO - [2026-07-21T10:34:03.735+0000] {dag.py:4180} INFO - Setting next_dagrun for my_dag to None, run_after=None
[2026-07-21T10:34:03.750+0000] {processor.py:208} INFO - Processing /opt/airflow/dags/my_tasks.py took 0.068 seconds
[2026-07-21T10:34:33.961+0000] {processor.py:186} INFO - Started process (PID=5371) to work on /opt/airflow/dags/my_tasks.py
[2026-07-21T10:34:33.962+0000] {processor.py:914} INFO - Processing file /opt/airflow/dags/my_tasks.py for tasks to queue
[2026-07-21T10:34:33.963+0000] {logging_mixin.py:190} INFO - [2026-07-21T10:34:33.963+0000] {dagbag.py:588} INFO - Filling up the DagBag from /opt/airflow/dags/my_tasks.py
[2026-07-21T10:34:33.968+0000] {processor.py:925} INFO - DAG(s) 'my_dag' retrieved from /opt/airflow/dags/my_tasks.py
[2026-07-21T10:34:33.985+0000] {logging_mixin.py:190} INFO - [2026-07-21T10:34:33.985+0000] {dag.py:3239} INFO - Sync 1 DAGs
[2026-07-21T10:34:34.001+0000] {logging_mixin.py:190} INFO - [2026-07-21T10:34:34.001+0000] {dag.py:4180} INFO - Setting next_dagrun for my_dag to None, run_after=None
[2026-07-21T10:34:34.015+0000] {processor.py:208} INFO - Processing /opt/airflow/dags/my_tasks.py took 0.058 seconds
[2026-07-21T10:35:04.246+0000] {processor.py:186} INFO - Started process (PID=5382) to work on /opt/airflow/dags/my_tasks.py
[2026-07-21T10:35:04.254+0000] {processor.py:914} INFO - Processing file /opt/airflow/dags/my_tasks.py for tasks to queue
[2026-07-21T10:35:04.256+0000] {logging_mixin.py:190} INFO - [2026-07-21T10:35:04.256+0000] {dagbag.py:588} INFO - Filling up the DagBag from /opt/airflow/dags/my_tasks.py
[2026-07-21T10:35:04.264+0000] {processor.py:925} INFO - DAG(s) 'my_dag' retrieved from /opt/airflow/dags/my_tasks.py
[2026-07-21T10:35:04.284+0000] {logging_mixin.py:190} INFO - [2026-07-21T10:35:04.284+0000] {dag.py:3239} INFO - Sync 1 DAGs
[2026-07-21T10:35:04.300+0000] {logging_mixin.py:190} INFO - [2026-07-21T10:35:04.300+0000] {dag.py:4180} INFO - Setting next_dagrun for my_dag to None, run_after=None
[2026-07-21T10:35:04.316+0000] {processor.py:208} INFO - Processing /opt/airflow/dags/my_tasks.py took 0.074 seconds
[2026-07-21T10:35:34.524+0000] {processor.py:186} INFO - Started process (PID=5393) to work on /opt/airflow/dags/my_tasks.py
[2026-07-21T10:35:34.524+0000] {processor.py:914} INFO - Processing file /opt/airflow/dags/my_tasks.py for tasks to queue
[2026-07-21T10:35:34.526+0000] {logging_mixin.py:190} INFO - [2026-07-21T10:35:34.526+0000] {dagbag.py:588} INFO - Filling up the DagBag from /opt/airflow/dags/my_tasks.py
[2026-07-21T10:35:34.531+0000] {processor.py:925} INFO - DAG(s) 'my_dag' retrieved from /opt/airflow/dags/my_tasks.py
[2026-07-21T10:35:34.548+0000] {logging_mixin.py:190} INFO - [2026-07-21T10:35:34.548+0000] {dag.py:3239} INFO - Sync 1 DAGs
[2026-07-21T10:35:34.563+0000] {logging_mixin.py:190} INFO - [2026-07-21T10:35:34.563+0000] {dag.py:4180} INFO - Setting next_dagrun for my_dag to None, run_after=None
[2026-07-21T10:35:34.576+0000] {processor.py:208} INFO - Processing /opt/airflow/dags/my_tasks.py took 0.057 seconds
[2026-07-21T10:36:04.781+0000] {processor.py:186} INFO - Started process (PID=5404) to work on /opt/airflow/dags/my_tasks.py
[2026-07-21T10:36:04.789+0000] {processor.py:914} INFO - Processing file /opt/airflow/dags/my_tasks.py for tasks to queue
[2026-07-21T10:36:04.791+0000] {logging_mixin.py:190} INFO - [2026-07-21T10:36:04.791+0000] {dagbag.py:588} INFO - Filling up the DagBag from /opt/airflow/dags/my_tasks.py
[2026-07-21T10:36:04.798+0000] {processor.py:925} INFO - DAG(s) 'my_dag' retrieved from /opt/airflow/dags/my_tasks.py
[2026-07-21T10:36:04.815+0000] {logging_mixin.py:190} INFO - [2026-07-21T10:36:04.815+0000] {dag.py:3239} INFO - Sync 1 DAGs
[2026-07-21T10:36:04.830+0000] {logging_mixin.py:190} INFO - [2026-07-21T10:36:04.830+0000] {dag.py:4180} INFO - Setting next_dagrun for my_dag to None, run_after=None
[2026-07-21T10:36:04.845+0000] {processor.py:208} INFO - Processing /opt/airflow/dags/my_tasks.py took 0.068 seconds
[2026-07-21T10:36:35.057+0000] {processor.py:186} INFO - Started process (PID=5415) to work on /opt/airflow/dags/my_tasks.py
[2026-07-21T10:36:35.060+0000] {processor.py:914} INFO - Processing file /opt/airflow/dags/my_tasks.py for tasks to queue
[2026-07-21T10:36:35.063+0000] {logging_mixin.py:190} INFO - [2026-07-21T10:36:35.062+0000] {dagbag.py:588} INFO - Filling up the DagBag from /opt/airflow/dags/my_tasks.py
[2026-07-21T10:36:35.068+0000] {processor.py:925} INFO - DAG(s) 'my_dag' retrieved from /opt/airflow/dags/my_tasks.py
[2026-07-21T10:36:35.086+0000] {logging_mixin.py:190} INFO - [2026-07-21T10:36:35.086+0000] {dag.py:3239} INFO - Sync 1 DAGs
[2026-07-21T10:36:35.101+0000] {logging_mixin.py:190} INFO - [2026-07-21T10:36:35.101+0000] {dag.py:4180} INFO - Setting next_dagrun for my_dag to None, run_after=None
[2026-07-21T10:36:35.116+0000] {processor.py:208} INFO - Processing /opt/airflow/dags/my_tasks.py took 0.063 seconds
[2026-07-21T10:37:05.339+0000] {processor.py:186} INFO - Started process (PID=5426) to work on /opt/airflow/dags/my_tasks.py
[2026-07-21T10:37:05.347+0000] {processor.py:914} INFO - Processing file /opt/airflow/dags/my_tasks.py for tasks to queue
[2026-07-21T10:37:05.349+0000] {logging_mixin.py:190} INFO - [2026-07-21T10:37:05.349+0000] {dagbag.py:588} INFO - Filling up the DagBag from /opt/airflow/dags/my_tasks.py
[2026-07-21T10:37:05.357+0000] {processor.py:925} INFO - DAG(s) 'my_dag' retrieved from /opt/airflow/dags/my_tasks.py
[2026-07-21T10:37:05.375+0000] {logging_mixin.py:190} INFO - [2026-07-21T10:37:05.375+0000] {dag.py:3239} INFO - Sync 1 DAGs
[2026-07-21T10:37:05.391+0000] {logging_mixin.py:190} INFO - [2026-07-21T10:37:05.391+0000] {dag.py:4180} INFO - Setting next_dagrun for my_dag to None, run_after=None
[2026-07-21T10:37:05.405+0000] {processor.py:208} INFO - Processing /opt/airflow/dags/my_tasks.py took 0.069 seconds
[2026-07-21T10:37:35.606+0000] {processor.py:186} INFO - Started process (PID=5437) to work on /opt/airflow/dags/my_tasks.py
[2026-07-21T10:37:35.614+0000] {processor.py:914} INFO - Processing file /opt/airflow/dags/my_tasks.py for tasks to queue
[2026-07-21T10:37:35.618+0000] {logging_mixin.py:190} INFO - [2026-07-21T10:37:35.617+0000] {dagbag.py:588} INFO - Filling up the DagBag from /opt/airflow/dags/my_tasks.py
[2026-07-21T10:37:35.625+0000] {processor.py:925} INFO - DAG(s) 'my_dag' retrieved from /opt/airflow/dags/my_tasks.py
[2026-07-21T10:37:35.643+0000] {logging_mixin.py:190} INFO - [2026-07-21T10:37:35.643+0000] {dag.py:3239} INFO - Sync 1 DAGs
[2026-07-21T10:37:35.661+0000] {logging_mixin.py:190} INFO - [2026-07-21T10:37:35.661+0000] {dag.py:4180} INFO - Setting next_dagrun for my_dag to None, run_after=None
[2026-07-21T10:37:35.675+0000] {processor.py:208} INFO - Processing /opt/airflow/dags/my_tasks.py took 0.075 seconds
[2026-07-21T10:38:05.893+0000] {processor.py:186} INFO - Started process (PID=5448) to work on /opt/airflow/dags/my_tasks.py
[2026-07-21T10:38:05.902+0000] {processor.py:914} INFO - Processing file /opt/airflow/dags/my_tasks.py for tasks to queue
[2026-07-21T10:38:05.905+0000] {logging_mixin.py:190} INFO - [2026-07-21T10:38:05.904+0000] {dagbag.py:588} INFO - Filling up the DagBag from /opt/airflow/dags/my_tasks.py
[2026-07-21T10:38:05.911+0000] {processor.py:925} INFO - DAG(s) 'my_dag' retrieved from /opt/airflow/dags/my_tasks.py
[2026-07-21T10:38:05.928+0000] {logging_mixin.py:190} INFO - [2026-07-21T10:38:05.928+0000] {dag.py:3239} INFO - Sync 1 DAGs
[2026-07-21T10:38:05.945+0000] {logging_mixin.py:190} INFO - [2026-07-21T10:38:05.945+0000] {dag.py:4180} INFO - Setting next_dagrun for my_dag to None, run_after=None
[2026-07-21T10:38:05.960+0000] {processor.py:208} INFO - Processing /opt/airflow/dags/my_tasks.py took 0.071 seconds
[2026-07-21T10:38:36.141+0000] {processor.py:186} INFO - Started process (PID=5459) to work on /opt/airflow/dags/my_tasks.py
[2026-07-21T10:38:36.149+0000] {processor.py:914} INFO - Processing file /opt/airflow/dags/my_tasks.py for tasks to queue
[2026-07-21T10:38:36.150+0000] {logging_mixin.py:190} INFO - [2026-07-21T10:38:36.150+0000] {dagbag.py:588} INFO - Filling up the DagBag from /opt/airflow/dags/my_tasks.py
[2026-07-21T10:38:36.156+0000] {processor.py:925} INFO - DAG(s) 'my_dag' retrieved from /opt/airflow/dags/my_tasks.py
[2026-07-21T10:38:36.174+0000] {logging_mixin.py:190} INFO - [2026-07-21T10:38:36.174+0000] {dag.py:3239} INFO - Sync 1 DAGs
[2026-07-21T10:38:36.190+0000] {logging_mixin.py:190} INFO - [2026-07-21T10:38:36.190+0000] {dag.py:4180} INFO - Setting next_dagrun for my_dag to None, run_after=None
[2026-07-21T10:38:36.204+0000] {processor.py:208} INFO - Processing /opt/airflow/dags/my_tasks.py took 0.068 seconds
[2026-07-21T10:39:06.389+0000] {processor.py:186} INFO - Started process (PID=5470) to work on /opt/airflow/dags/my_tasks.py
[2026-07-21T10:39:06.397+0000] {processor.py:914} INFO - Processing file /opt/airflow/dags/my_tasks.py for tasks to queue
[2026-07-21T10:39:06.400+0000] {logging_mixin.py:190} INFO - [2026-07-21T10:39:06.400+0000] {dagbag.py:588} INFO - Filling up the DagBag from /opt/airflow/dags/my_tasks.py
[2026-07-21T10:39:06.407+0000] {processor.py:925} INFO - DAG(s) 'my_dag' retrieved from /opt/airflow/dags/my_tasks.py
[2026-07-21T10:39:06.425+0000] {logging_mixin.py:190} INFO - [2026-07-21T10:39:06.424+0000] {dag.py:3239} INFO - Sync 1 DAGs
[2026-07-21T10:39:06.440+0000] {logging_mixin.py:190} INFO - [2026-07-21T10:39:06.440+0000] {dag.py:4180} INFO - Setting next_dagrun for my_dag to None, run_after=None
[2026-07-21T10:39:06.454+0000] {processor.py:208} INFO - Processing /opt/airflow/dags/my_tasks.py took 0.069 seconds
[2026-07-21T10:39:36.677+0000] {processor.py:186} INFO - Started process (PID=5481) to work on /opt/airflow/dags/my_tasks.py
[2026-07-21T10:39:36.685+0000] {processor.py:914} INFO - Processing file /opt/airflow/dags/my_tasks.py for tasks to queue
[2026-07-21T10:39:36.689+0000] {logging_mixin.py:190} INFO - [2026-07-21T10:39:36.688+0000] {dagbag.py:588} INFO - Filling up the DagBag from /opt/airflow/dags/my_tasks.py
[2026-07-21T10:39:36.697+0000] {processor.py:925} INFO - DAG(s) 'my_dag' retrieved from /opt/airflow/dags/my_tasks.py
[2026-07-21T10:39:36.715+0000] {logging_mixin.py:190} INFO - [2026-07-21T10:39:36.715+0000] {dag.py:3239} INFO - Sync 1 DAGs
[2026-07-21T10:39:36.731+0000] {logging_mixin.py:190} INFO - [2026-07-21T10:39:36.730+0000] {dag.py:4180} INFO - Setting next_dagrun for my_dag to None, run_after=None
[2026-07-21T10:39:36.745+0000] {processor.py:208} INFO - Processing /opt/airflow/dags/my_tasks.py took 0.073 seconds
[2026-07-21T10:40:06.918+0000] {processor.py:186} INFO - Started process (PID=5492) to work on /opt/airflow/dags/my_tasks.py
[2026-07-21T10:40:06.919+0000] {processor.py:914} INFO - Processing file /opt/airflow/dags/my_tasks.py for tasks to queue
[2026-07-21T10:40:06.920+0000] {logging_mixin.py:190} INFO - [2026-07-21T10:40:06.920+0000] {dagbag.py:588} INFO - Filling up the DagBag from /opt/airflow/dags/my_tasks.py
[2026-07-21T10:40:06.926+0000] {processor.py:925} INFO - DAG(s) 'my_dag' retrieved from /opt/airflow/dags/my_tasks.py
[2026-07-21T10:40:06.943+0000] {logging_mixin.py:190} INFO - [2026-07-21T10:40:06.943+0000] {dag.py:3239} INFO - Sync 1 DAGs
[2026-07-21T10:40:06.959+0000] {logging_mixin.py:190} INFO - [2026-07-21T10:40:06.958+0000] {dag.py:4180} INFO - Setting next_dagrun for my_dag to None, run_after=None
[2026-07-21T10:40:06.973+0000] {processor.py:208} INFO - Processing /opt/airflow/dags/my_tasks.py took 0.060 seconds
[2026-07-21T10:40:37.189+0000] {processor.py:186} INFO - Started process (PID=5503) to work on /opt/airflow/dags/my_tasks.py
[2026-07-21T10:40:37.189+0000] {processor.py:914} INFO - Processing file /opt/airflow/dags/my_tasks.py for tasks to queue
[2026-07-21T10:40:37.191+0000] {logging_mixin.py:190} INFO - [2026-07-21T10:40:37.190+0000] {dagbag.py:588} INFO - Filling up the DagBag from /opt/airflow/dags/my_tasks.py
[2026-07-21T10:40:37.196+0000] {processor.py:925} INFO - DAG(s) 'my_dag' retrieved from /opt/airflow/dags/my_tasks.py
[2026-07-21T10:40:37.213+0000] {logging_mixin.py:190} INFO - [2026-07-21T10:40:37.213+0000] {dag.py:3239} INFO - Sync 1 DAGs
[2026-07-21T10:40:37.229+0000] {logging_mixin.py:190} INFO - [2026-07-21T10:40:37.229+0000] {dag.py:4180} INFO - Setting next_dagrun for my_dag to None, run_after=None
[2026-07-21T10:40:37.243+0000] {processor.py:208} INFO - Processing /opt/airflow/dags/my_tasks.py took 0.058 seconds
[2026-07-21T10:41:07.454+0000] {processor.py:186} INFO - Started process (PID=5514) to work on /opt/airflow/dags/my_tasks.py
[2026-07-21T10:41:07.462+0000] {processor.py:914} INFO - Processing file /opt/airflow/dags/my_tasks.py for tasks to queue
[2026-07-21T10:41:07.465+0000] {logging_mixin.py:190} INFO - [2026-07-21T10:41:07.465+0000] {dagbag.py:588} INFO - Filling up the DagBag from /opt/airflow/dags/my_tasks.py
[2026-07-21T10:41:07.473+0000] {processor.py:925} INFO - DAG(s) 'my_dag' retrieved from /opt/airflow/dags/my_tasks.py
[2026-07-21T10:41:07.490+0000] {logging_mixin.py:190} INFO - [2026-07-21T10:41:07.490+0000] {dag.py:3239} INFO - Sync 1 DAGs
[2026-07-21T10:41:07.506+0000] {logging_mixin.py:190} INFO - [2026-07-21T10:41:07.506+0000] {dag.py:4180} INFO - Setting next_dagrun for my_dag to None, run_after=None
[2026-07-21T10:41:07.543+0000] {processor.py:208} INFO - Processing /opt/airflow/dags/my_tasks.py took 0.093 seconds
[2026-07-21T10:41:37.732+0000] {processor.py:186} INFO - Started process (PID=5526) to work on /opt/airflow/dags/my_tasks.py
[2026-07-21T10:41:37.742+0000] {processor.py:914} INFO - Processing file /opt/airflow/dags/my_tasks.py for tasks to queue
[2026-07-21T10:41:37.744+0000] {logging_mixin.py:190} INFO - [2026-07-21T10:41:37.744+0000] {dagbag.py:588} INFO - Filling up the DagBag from /opt/airflow/dags/my_tasks.py
[2026-07-21T10:41:37.753+0000] {processor.py:925} INFO - DAG(s) 'my_dag' retrieved from /opt/airflow/dags/my_tasks.py
[2026-07-21T10:41:37.771+0000] {logging_mixin.py:190} INFO - [2026-07-21T10:41:37.771+0000] {dag.py:3239} INFO - Sync 1 DAGs
[2026-07-21T10:41:37.787+0000] {logging_mixin.py:190} INFO - [2026-07-21T10:41:37.787+0000] {dag.py:4180} INFO - Setting next_dagrun for my_dag to None, run_after=None
[2026-07-21T10:41:37.801+0000] {processor.py:208} INFO - Processing /opt/airflow/dags/my_tasks.py took 0.073 seconds
[2026-07-21T10:42:08.016+0000] {processor.py:186} INFO - Started process (PID=5537) to work on /opt/airflow/dags/my_tasks.py
[2026-07-21T10:42:08.024+0000] {processor.py:914} INFO - Processing file /opt/airflow/dags/my_tasks.py for tasks to queue
[2026-07-21T10:42:08.028+0000] {logging_mixin.py:190} INFO - [2026-07-21T10:42:08.028+0000] {dagbag.py:588} INFO - Filling up the DagBag from /opt/airflow/dags/my_tasks.py
[2026-07-21T10:42:08.040+0000] {processor.py:925} INFO - DAG(s) 'my_dag' retrieved from /opt/airflow/dags/my_tasks.py
[2026-07-21T10:42:08.059+0000] {logging_mixin.py:190} INFO - [2026-07-21T10:42:08.059+0000] {dag.py:3239} INFO - Sync 1 DAGs
[2026-07-21T10:42:08.074+0000] {logging_mixin.py:190} INFO - [2026-07-21T10:42:08.074+0000] {dag.py:4180} INFO - Setting next_dagrun for my_dag to None, run_after=None
[2026-07-21T10:42:08.096+0000] {processor.py:208} INFO - Processing /opt/airflow/dags/my_tasks.py took 0.085 seconds
[2026-07-21T10:42:38.296+0000] {processor.py:186} INFO - Started process (PID=5548) to work on /opt/airflow/dags/my_tasks.py
[2026-07-21T10:42:38.302+0000] {processor.py:914} INFO - Processing file /opt/airflow/dags/my_tasks.py for tasks to queue
[2026-07-21T10:42:38.305+0000] {logging_mixin.py:190} INFO - [2026-07-21T10:42:38.304+0000] {dagbag.py:588} INFO - Filling up the DagBag from /opt/airflow/dags/my_tasks.py
[2026-07-21T10:42:38.313+0000] {processor.py:925} INFO - DAG(s) 'my_dag' retrieved from /opt/airflow/dags/my_tasks.py
[2026-07-21T10:42:38.330+0000] {logging_mixin.py:190} INFO - [2026-07-21T10:42:38.330+0000] {dag.py:3239} INFO - Sync 1 DAGs
[2026-07-21T10:42:38.346+0000] {logging_mixin.py:190} INFO - [2026-07-21T10:42:38.346+0000] {dag.py:4180} INFO - Setting next_dagrun for my_dag to None, run_after=None
[2026-07-21T10:42:38.362+0000] {processor.py:208} INFO - Processing /opt/airflow/dags/my_tasks.py took 0.071 seconds
[2026-07-21T10:43:08.587+0000] {processor.py:186} INFO - Started process (PID=5559) to work on /opt/airflow/dags/my_tasks.py
[2026-07-21T10:43:08.590+0000] {processor.py:914} INFO - Processing file /opt/airflow/dags/my_tasks.py for tasks to queue
[2026-07-21T10:43:08.592+0000] {logging_mixin.py:190} INFO - [2026-07-21T10:43:08.591+0000] {dagbag.py:588} INFO - Filling up the DagBag from /opt/airflow/dags/my_tasks.py
[2026-07-21T10:43:08.598+0000] {processor.py:925} INFO - DAG(s) 'my_dag' retrieved from /opt/airflow/dags/my_tasks.py
[2026-07-21T10:43:08.615+0000] {logging_mixin.py:190} INFO - [2026-07-21T10:43:08.615+0000] {dag.py:3239} INFO - Sync 1 DAGs
[2026-07-21T10:43:08.630+0000] {logging_mixin.py:190} INFO - [2026-07-21T10:43:08.630+0000] {dag.py:4180} INFO - Setting next_dagrun for my_dag to None, run_after=None
[2026-07-21T10:43:08.643+0000] {processor.py:208} INFO - Processing /opt/airflow/dags/my_tasks.py took 0.061 seconds
[2026-07-21T10:43:38.855+0000] {processor.py:186} INFO - Started process (PID=5570) to work on /opt/airflow/dags/my_tasks.py
[2026-07-21T10:43:38.863+0000] {processor.py:914} INFO - Processing file /opt/airflow/dags/my_tasks.py for tasks to queue
[2026-07-21T10:43:38.866+0000] {logging_mixin.py:190} INFO - [2026-07-21T10:43:38.865+0000] {dagbag.py:588} INFO - Filling up the DagBag from /opt/airflow/dags/my_tasks.py
[2026-07-21T10:43:38.873+0000] {processor.py:925} INFO - DAG(s) 'my_dag' retrieved from /opt/airflow/dags/my_tasks.py
[2026-07-21T10:43:38.891+0000] {logging_mixin.py:190} INFO - [2026-07-21T10:43:38.891+0000] {dag.py:3239} INFO - Sync 1 DAGs
[2026-07-21T10:43:38.906+0000] {logging_mixin.py:190} INFO - [2026-07-21T10:43:38.906+0000] {dag.py:4180} INFO - Setting next_dagrun for my_dag to None, run_after=None
[2026-07-21T10:43:38.920+0000] {processor.py:208} INFO - Processing /opt/airflow/dags/my_tasks.py took 0.069 seconds
[2026-07-21T10:44:09.126+0000] {processor.py:186} INFO - Started process (PID=5581) to work on /opt/airflow/dags/my_tasks.py
[2026-07-21T10:44:09.127+0000] {processor.py:914} INFO - Processing file /opt/airflow/dags/my_tasks.py for tasks to queue
[2026-07-21T10:44:09.128+0000] {logging_mixin.py:190} INFO - [2026-07-21T10:44:09.128+0000] {dagbag.py:588} INFO - Filling up the DagBag from /opt/airflow/dags/my_tasks.py
[2026-07-21T10:44:09.134+0000] {processor.py:925} INFO - DAG(s) 'my_dag' retrieved from /opt/airflow/dags/my_tasks.py
[2026-07-21T10:44:09.151+0000] {logging_mixin.py:190} INFO - [2026-07-21T10:44:09.151+0000] {dag.py:3239} INFO - Sync 1 DAGs
[2026-07-21T10:44:09.166+0000] {logging_mixin.py:190} INFO - [2026-07-21T10:44:09.166+0000] {dag.py:4180} INFO - Setting next_dagrun for my_dag to None, run_after=None
[2026-07-21T10:44:09.181+0000] {processor.py:208} INFO - Processing /opt/airflow/dags/my_tasks.py took 0.059 seconds
[2026-07-21T10:44:39.395+0000] {processor.py:186} INFO - Started process (PID=5592) to work on /opt/airflow/dags/my_tasks.py
[2026-07-21T10:44:39.398+0000] {processor.py:914} INFO - Processing file /opt/airflow/dags/my_tasks.py for tasks to queue
[2026-07-21T10:44:39.400+0000] {logging_mixin.py:190} INFO - [2026-07-21T10:44:39.400+0000] {dagbag.py:588} INFO - Filling up the DagBag from /opt/airflow/dags/my_tasks.py
[2026-07-21T10:44:39.406+0000] {processor.py:925} INFO - DAG(s) 'my_dag' retrieved from /opt/airflow/dags/my_tasks.py
[2026-07-21T10:44:39.423+0000] {logging_mixin.py:190} INFO - [2026-07-21T10:44:39.423+0000] {dag.py:3239} INFO - Sync 1 DAGs
[2026-07-21T10:44:39.439+0000] {logging_mixin.py:190} INFO - [2026-07-21T10:44:39.438+0000] {dag.py:4180} INFO - Setting next_dagrun for my_dag to None, run_after=None
[2026-07-21T10:44:39.452+0000] {processor.py:208} INFO - Processing /opt/airflow/dags/my_tasks.py took 0.062 seconds
[2026-07-21T10:45:09.668+0000] {processor.py:186} INFO - Started process (PID=5603) to work on /opt/airflow/dags/my_tasks.py
[2026-07-21T10:45:09.669+0000] {processor.py:914} INFO - Processing file /opt/airflow/dags/my_tasks.py for tasks to queue
[2026-07-21T10:45:09.671+0000] {logging_mixin.py:190} INFO - [2026-07-21T10:45:09.671+0000] {dagbag.py:588} INFO - Filling up the DagBag from /opt/airflow/dags/my_tasks.py
[2026-07-21T10:45:09.677+0000] {processor.py:925} INFO - DAG(s) 'my_dag' retrieved from /opt/airflow/dags/my_tasks.py
[2026-07-21T10:45:09.694+0000] {logging_mixin.py:190} INFO - [2026-07-21T10:45:09.694+0000] {dag.py:3239} INFO - Sync 1 DAGs
[2026-07-21T10:45:09.710+0000] {logging_mixin.py:190} INFO - [2026-07-21T10:45:09.710+0000] {dag.py:4180} INFO - Setting next_dagrun for my_dag to None, run_after=None
[2026-07-21T10:45:09.724+0000] {processor.py:208} INFO - Processing /opt/airflow/dags/my_tasks.py took 0.059 seconds
[2026-07-21T10:45:39.944+0000] {processor.py:186} INFO - Started process (PID=5614) to work on /opt/airflow/dags/my_tasks.py
[2026-07-21T10:45:39.952+0000] {processor.py:914} INFO - Processing file /opt/airflow/dags/my_tasks.py for tasks to queue
[2026-07-21T10:45:39.954+0000] {logging_mixin.py:190} INFO - [2026-07-21T10:45:39.954+0000] {dagbag.py:588} INFO - Filling up the DagBag from /opt/airflow/dags/my_tasks.py
[2026-07-21T10:45:39.962+0000] {processor.py:925} INFO - DAG(s) 'my_dag' retrieved from /opt/airflow/dags/my_tasks.py
[2026-07-21T10:45:39.979+0000] {logging_mixin.py:190} INFO - [2026-07-21T10:45:39.979+0000] {dag.py:3239} INFO - Sync 1 DAGs
[2026-07-21T10:45:39.995+0000] {logging_mixin.py:190} INFO - [2026-07-21T10:45:39.995+0000] {dag.py:4180} INFO - Setting next_dagrun for my_dag to None, run_after=None
[2026-07-21T10:45:40.008+0000] {processor.py:208} INFO - Processing /opt/airflow/dags/my_tasks.py took 0.068 seconds
[2026-07-21T10:46:10.196+0000] {processor.py:186} INFO - Started process (PID=5625) to work on /opt/airflow/dags/my_tasks.py
[2026-07-21T10:46:10.198+0000] {processor.py:914} INFO - Processing file /opt/airflow/dags/my_tasks.py for tasks to queue
[2026-07-21T10:46:10.200+0000] {logging_mixin.py:190} INFO - [2026-07-21T10:46:10.199+0000] {dagbag.py:588} INFO - Filling up the DagBag from /opt/airflow/dags/my_tasks.py
[2026-07-21T10:46:10.206+0000] {processor.py:925} INFO - DAG(s) 'my_dag' retrieved from /opt/airflow/dags/my_tasks.py
[2026-07-21T10:46:10.223+0000] {logging_mixin.py:190} INFO - [2026-07-21T10:46:10.222+0000] {dag.py:3239} INFO - Sync 1 DAGs
[2026-07-21T10:46:10.238+0000] {logging_mixin.py:190} INFO - [2026-07-21T10:46:10.238+0000] {dag.py:4180} INFO - Setting next_dagrun for my_dag to None, run_after=None
[2026-07-21T10:46:10.253+0000] {processor.py:208} INFO - Processing /opt/airflow/dags/my_tasks.py took 0.061 seconds
[2026-07-21T10:46:40.492+0000] {processor.py:186} INFO - Started process (PID=5636) to work on /opt/airflow/dags/my_tasks.py
[2026-07-21T10:46:40.492+0000] {processor.py:914} INFO - Processing file /opt/airflow/dags/my_tasks.py for tasks to queue
[2026-07-21T10:46:40.494+0000] {logging_mixin.py:190} INFO - [2026-07-21T10:46:40.494+0000] {dagbag.py:588} INFO - Filling up the DagBag from /opt/airflow/dags/my_tasks.py
[2026-07-21T10:46:40.500+0000] {processor.py:925} INFO - DAG(s) 'my_dag' retrieved from /opt/airflow/dags/my_tasks.py
[2026-07-21T10:46:40.518+0000] {logging_mixin.py:190} INFO - [2026-07-21T10:46:40.518+0000] {dag.py:3239} INFO - Sync 1 DAGs
[2026-07-21T10:46:40.533+0000] {logging_mixin.py:190} INFO - [2026-07-21T10:46:40.533+0000] {dag.py:4180} INFO - Setting next_dagrun for my_dag to None, run_after=None
[2026-07-21T10:46:40.546+0000] {processor.py:208} INFO - Processing /opt/airflow/dags/my_tasks.py took 0.058 seconds
[2026-07-21T10:47:10.760+0000] {processor.py:186} INFO - Started process (PID=5647) to work on /opt/airflow/dags/my_tasks.py
[2026-07-21T10:47:10.773+0000] {processor.py:914} INFO - Processing file /opt/airflow/dags/my_tasks.py for tasks to queue
[2026-07-21T10:47:10.775+0000] {logging_mixin.py:190} INFO - [2026-07-21T10:47:10.775+0000] {dagbag.py:588} INFO - Filling up the DagBag from /opt/airflow/dags/my_tasks.py
[2026-07-21T10:47:10.784+0000] {processor.py:925} INFO - DAG(s) 'my_dag' retrieved from /opt/airflow/dags/my_tasks.py
[2026-07-21T10:47:10.801+0000] {logging_mixin.py:190} INFO - [2026-07-21T10:47:10.801+0000] {dag.py:3239} INFO - Sync 1 DAGs
[2026-07-21T10:47:10.816+0000] {logging_mixin.py:190} INFO - [2026-07-21T10:47:10.816+0000] {dag.py:4180} INFO - Setting next_dagrun for my_dag to None, run_after=None
[2026-07-21T10:47:10.830+0000] {processor.py:208} INFO - Processing /opt/airflow/dags/my_tasks.py took 0.075 seconds
[2026-07-21T10:47:41.045+0000] {processor.py:186} INFO - Started process (PID=5658) to work on /opt/airflow/dags/my_tasks.py
[2026-07-21T10:47:41.046+0000] {processor.py:914} INFO - Processing file /opt/airflow/dags/my_tasks.py for tasks to queue
[2026-07-21T10:47:41.048+0000] {logging_mixin.py:190} INFO - [2026-07-21T10:47:41.048+0000] {dagbag.py:588} INFO - Filling up the DagBag from /opt/airflow/dags/my_tasks.py
[2026-07-21T10:47:41.052+0000] {processor.py:925} INFO - DAG(s) 'my_dag' retrieved from /opt/airflow/dags/my_tasks.py
[2026-07-21T10:47:41.069+0000] {logging_mixin.py:190} INFO - [2026-07-21T10:47:41.069+0000] {dag.py:3239} INFO - Sync 1 DAGs
[2026-07-21T10:47:41.085+0000] {logging_mixin.py:190} INFO - [2026-07-21T10:47:41.084+0000] {dag.py:4180} INFO - Setting next_dagrun for my_dag to None, run_after=None
[2026-07-21T10:47:41.099+0000] {processor.py:208} INFO - Processing /opt/airflow/dags/my_tasks.py took 0.058 seconds
[2026-07-21T10:48:11.320+0000] {processor.py:186} INFO - Started process (PID=5669) to work on /opt/airflow/dags/my_tasks.py
[2026-07-21T10:48:11.328+0000] {processor.py:914} INFO - Processing file /opt/airflow/dags/my_tasks.py for tasks to queue
[2026-07-21T10:48:11.330+0000] {logging_mixin.py:190} INFO - [2026-07-21T10:48:11.330+0000] {dagbag.py:588} INFO - Filling up the DagBag from /opt/airflow/dags/my_tasks.py
[2026-07-21T10:48:11.337+0000] {processor.py:925} INFO - DAG(s) 'my_dag' retrieved from /opt/airflow/dags/my_tasks.py
[2026-07-21T10:48:11.354+0000] {logging_mixin.py:190} INFO - [2026-07-21T10:48:11.354+0000] {dag.py:3239} INFO - Sync 1 DAGs
[2026-07-21T10:48:11.369+0000] {logging_mixin.py:190} INFO - [2026-07-21T10:48:11.369+0000] {dag.py:4180} INFO - Setting next_dagrun for my_dag to None, run_after=None
[2026-07-21T10:48:11.383+0000] {processor.py:208} INFO - Processing /opt/airflow/dags/my_tasks.py took 0.067 seconds
[2026-07-21T10:48:41.567+0000] {processor.py:186} INFO - Started process (PID=5680) to work on /opt/airflow/dags/my_tasks.py
[2026-07-21T10:48:41.575+0000] {processor.py:914} INFO - Processing file /opt/airflow/dags/my_tasks.py for tasks to queue
[2026-07-21T10:48:41.577+0000] {logging_mixin.py:190} INFO - [2026-07-21T10:48:41.577+0000] {dagbag.py:588} INFO - Filling up the DagBag from /opt/airflow/dags/my_tasks.py
[2026-07-21T10:48:41.584+0000] {processor.py:925} INFO - DAG(s) 'my_dag' retrieved from /opt/airflow/dags/my_tasks.py
[2026-07-21T10:48:41.606+0000] {logging_mixin.py:190} INFO - [2026-07-21T10:48:41.606+0000] {dag.py:3239} INFO - Sync 1 DAGs
[2026-07-21T10:48:41.622+0000] {logging_mixin.py:190} INFO - [2026-07-21T10:48:41.622+0000] {dag.py:4180} INFO - Setting next_dagrun for my_dag to None, run_after=None
[2026-07-21T10:48:41.636+0000] {processor.py:208} INFO - Processing /opt/airflow/dags/my_tasks.py took 0.073 seconds
[2026-07-21T10:49:11.839+0000] {processor.py:186} INFO - Started process (PID=5691) to work on /opt/airflow/dags/my_tasks.py
[2026-07-21T10:49:11.847+0000] {processor.py:914} INFO - Processing file /opt/airflow/dags/my_tasks.py for tasks to queue
[2026-07-21T10:49:11.850+0000] {logging_mixin.py:190} INFO - [2026-07-21T10:49:11.849+0000] {dagbag.py:588} INFO - Filling up the DagBag from /opt/airflow/dags/my_tasks.py
[2026-07-21T10:49:11.857+0000] {processor.py:925} INFO - DAG(s) 'my_dag' retrieved from /opt/airflow/dags/my_tasks.py
[2026-07-21T10:49:11.875+0000] {logging_mixin.py:190} INFO - [2026-07-21T10:49:11.874+0000] {dag.py:3239} INFO - Sync 1 DAGs
[2026-07-21T10:49:11.890+0000] {logging_mixin.py:190} INFO - [2026-07-21T10:49:11.890+0000] {dag.py:4180} INFO - Setting next_dagrun for my_dag to None, run_after=None
[2026-07-21T10:49:11.905+0000] {processor.py:208} INFO - Processing /opt/airflow/dags/my_tasks.py took 0.070 seconds
[2026-07-21T10:49:42.101+0000] {processor.py:186} INFO - Started process (PID=5702) to work on /opt/airflow/dags/my_tasks.py
[2026-07-21T10:49:42.102+0000] {processor.py:914} INFO - Processing file /opt/airflow/dags/my_tasks.py for tasks to queue
[2026-07-21T10:49:42.103+0000] {logging_mixin.py:190} INFO - [2026-07-21T10:49:42.103+0000] {dagbag.py:588} INFO - Filling up the DagBag from /opt/airflow/dags/my_tasks.py
[2026-07-21T10:49:42.108+0000] {processor.py:925} INFO - DAG(s) 'my_dag' retrieved from /opt/airflow/dags/my_tasks.py
[2026-07-21T10:49:42.125+0000] {logging_mixin.py:190} INFO - [2026-07-21T10:49:42.125+0000] {dag.py:3239} INFO - Sync 1 DAGs
[2026-07-21T10:49:42.141+0000] {logging_mixin.py:190} INFO - [2026-07-21T10:49:42.141+0000] {dag.py:4180} INFO - Setting next_dagrun for my_dag to None, run_after=None
[2026-07-21T10:49:42.155+0000] {processor.py:208} INFO - Processing /opt/airflow/dags/my_tasks.py took 0.058 seconds
[2026-07-21T10:50:12.335+0000] {processor.py:186} INFO - Started process (PID=5713) to work on /opt/airflow/dags/my_tasks.py
[2026-07-21T10:50:12.343+0000] {processor.py:914} INFO - Processing file /opt/airflow/dags/my_tasks.py for tasks to queue
[2026-07-21T10:50:12.345+0000] {logging_mixin.py:190} INFO - [2026-07-21T10:50:12.345+0000] {dagbag.py:588} INFO - Filling up the DagBag from /opt/airflow/dags/my_tasks.py
[2026-07-21T10:50:12.353+0000] {processor.py:925} INFO - DAG(s) 'my_dag' retrieved from /opt/airflow/dags/my_tasks.py
[2026-07-21T10:50:12.370+0000] {logging_mixin.py:190} INFO - [2026-07-21T10:50:12.370+0000] {dag.py:3239} INFO - Sync 1 DAGs
[2026-07-21T10:50:12.385+0000] {logging_mixin.py:190} INFO - [2026-07-21T10:50:12.385+0000] {dag.py:4180} INFO - Setting next_dagrun for my_dag to None, run_after=None
[2026-07-21T10:50:12.400+0000] {processor.py:208} INFO - Processing /opt/airflow/dags/my_tasks.py took 0.069 seconds
[2026-07-21T10:50:42.615+0000] {processor.py:186} INFO - Started process (PID=5724) to work on /opt/airflow/dags/my_tasks.py
[2026-07-21T10:50:42.623+0000] {processor.py:914} INFO - Processing file /opt/airflow/dags/my_tasks.py for tasks to queue
[2026-07-21T10:50:42.627+0000] {logging_mixin.py:190} INFO - [2026-07-21T10:50:42.626+0000] {dagbag.py:588} INFO - Filling up the DagBag from /opt/airflow/dags/my_tasks.py
[2026-07-21T10:50:42.634+0000] {processor.py:925} INFO - DAG(s) 'my_dag' retrieved from /opt/airflow/dags/my_tasks.py
[2026-07-21T10:50:42.651+0000] {logging_mixin.py:190} INFO - [2026-07-21T10:50:42.651+0000] {dag.py:3239} INFO - Sync 1 DAGs
[2026-07-21T10:50:42.667+0000] {logging_mixin.py:190} INFO - [2026-07-21T10:50:42.667+0000] {dag.py:4180} INFO - Setting next_dagrun for my_dag to None, run_after=None
[2026-07-21T10:50:42.680+0000] {processor.py:208} INFO - Processing /opt/airflow/dags/my_tasks.py took 0.069 seconds
[2026-07-21T10:51:12.896+0000] {processor.py:186} INFO - Started process (PID=5735) to work on /opt/airflow/dags/my_tasks.py
[2026-07-21T10:51:12.899+0000] {processor.py:914} INFO - Processing file /opt/airflow/dags/my_tasks.py for tasks to queue
[2026-07-21T10:51:12.900+0000] {logging_mixin.py:190} INFO - [2026-07-21T10:51:12.900+0000] {dagbag.py:588} INFO - Filling up the DagBag from /opt/airflow/dags/my_tasks.py
[2026-07-21T10:51:12.907+0000] {processor.py:925} INFO - DAG(s) 'my_dag' retrieved from /opt/airflow/dags/my_tasks.py
[2026-07-21T10:51:12.924+0000] {logging_mixin.py:190} INFO - [2026-07-21T10:51:12.924+0000] {dag.py:3239} INFO - Sync 1 DAGs
[2026-07-21T10:51:12.939+0000] {logging_mixin.py:190} INFO - [2026-07-21T10:51:12.939+0000] {dag.py:4180} INFO - Setting next_dagrun for my_dag to None, run_after=None
[2026-07-21T10:51:12.953+0000] {processor.py:208} INFO - Processing /opt/airflow/dags/my_tasks.py took 0.061 seconds
[2026-07-21T10:51:43.174+0000] {processor.py:186} INFO - Started process (PID=5746) to work on /opt/airflow/dags/my_tasks.py
[2026-07-21T10:51:43.175+0000] {processor.py:914} INFO - Processing file /opt/airflow/dags/my_tasks.py for tasks to queue
[2026-07-21T10:51:43.177+0000] {logging_mixin.py:190} INFO - [2026-07-21T10:51:43.176+0000] {dagbag.py:588} INFO - Filling up the DagBag from /opt/airflow/dags/my_tasks.py
[2026-07-21T10:51:43.182+0000] {processor.py:925} INFO - DAG(s) 'my_dag' retrieved from /opt/airflow/dags/my_tasks.py
[2026-07-21T10:51:43.199+0000] {logging_mixin.py:190} INFO - [2026-07-21T10:51:43.199+0000] {dag.py:3239} INFO - Sync 1 DAGs
[2026-07-21T10:51:43.216+0000] {logging_mixin.py:190} INFO - [2026-07-21T10:51:43.216+0000] {dag.py:4180} INFO - Setting next_dagrun for my_dag to None, run_after=None
[2026-07-21T10:51:43.230+0000] {processor.py:208} INFO - Processing /opt/airflow/dags/my_tasks.py took 0.060 seconds
[2026-07-21T10:52:13.443+0000] {processor.py:186} INFO - Started process (PID=5757) to work on /opt/airflow/dags/my_tasks.py
[2026-07-21T10:52:13.444+0000] {processor.py:914} INFO - Processing file /opt/airflow/dags/my_tasks.py for tasks to queue
[2026-07-21T10:52:13.445+0000] {logging_mixin.py:190} INFO - [2026-07-21T10:52:13.445+0000] {dagbag.py:588} INFO - Filling up the DagBag from /opt/airflow/dags/my_tasks.py
[2026-07-21T10:52:13.451+0000] {processor.py:925} INFO - DAG(s) 'my_dag' retrieved from /opt/airflow/dags/my_tasks.py
[2026-07-21T10:52:13.468+0000] {logging_mixin.py:190} INFO - [2026-07-21T10:52:13.468+0000] {dag.py:3239} INFO - Sync 1 DAGs
[2026-07-21T10:52:13.484+0000] {logging_mixin.py:190} INFO - [2026-07-21T10:52:13.483+0000] {dag.py:4180} INFO - Setting next_dagrun for my_dag to None, run_after=None
[2026-07-21T10:52:13.497+0000] {processor.py:208} INFO - Processing /opt/airflow/dags/my_tasks.py took 0.058 seconds
[2026-07-21T10:52:43.701+0000] {processor.py:186} INFO - Started process (PID=5768) to work on /opt/airflow/dags/my_tasks.py
[2026-07-21T10:52:43.702+0000] {processor.py:914} INFO - Processing file /opt/airflow/dags/my_tasks.py for tasks to queue
[2026-07-21T10:52:43.703+0000] {logging_mixin.py:190} INFO - [2026-07-21T10:52:43.703+0000] {dagbag.py:588} INFO - Filling up the DagBag from /opt/airflow/dags/my_tasks.py
[2026-07-21T10:52:43.708+0000] {processor.py:925} INFO - DAG(s) 'my_dag' retrieved from /opt/airflow/dags/my_tasks.py
[2026-07-21T10:52:43.727+0000] {logging_mixin.py:190} INFO - [2026-07-21T10:52:43.727+0000] {dag.py:3239} INFO - Sync 1 DAGs
[2026-07-21T10:52:43.743+0000] {logging_mixin.py:190} INFO - [2026-07-21T10:52:43.743+0000] {dag.py:4180} INFO - Setting next_dagrun for my_dag to None, run_after=None
[2026-07-21T10:52:43.757+0000] {processor.py:208} INFO - Processing /opt/airflow/dags/my_tasks.py took 0.060 seconds
[2026-07-21T10:53:13.947+0000] {processor.py:186} INFO - Started process (PID=5779) to work on /opt/airflow/dags/my_tasks.py
[2026-07-21T10:53:13.955+0000] {processor.py:914} INFO - Processing file /opt/airflow/dags/my_tasks.py for tasks to queue
[2026-07-21T10:53:13.958+0000] {logging_mixin.py:190} INFO - [2026-07-21T10:53:13.958+0000] {dagbag.py:588} INFO - Filling up the DagBag from /opt/airflow/dags/my_tasks.py
[2026-07-21T10:53:13.967+0000] {processor.py:925} INFO - DAG(s) 'my_dag' retrieved from /opt/airflow/dags/my_tasks.py
[2026-07-21T10:53:13.986+0000] {logging_mixin.py:190} INFO - [2026-07-21T10:53:13.985+0000] {dag.py:3239} INFO - Sync 1 DAGs
[2026-07-21T10:53:14.002+0000] {logging_mixin.py:190} INFO - [2026-07-21T10:53:14.002+0000] {dag.py:4180} INFO - Setting next_dagrun for my_dag to None, run_after=None
[2026-07-21T10:53:14.018+0000] {processor.py:208} INFO - Processing /opt/airflow/dags/my_tasks.py took 0.075 seconds
[2026-07-21T10:53:44.195+0000] {processor.py:186} INFO - Started process (PID=5790) to work on /opt/airflow/dags/my_tasks.py
[2026-07-21T10:53:44.197+0000] {processor.py:914} INFO - Processing file /opt/airflow/dags/my_tasks.py for tasks to queue
[2026-07-21T10:53:44.198+0000] {logging_mixin.py:190} INFO - [2026-07-21T10:53:44.198+0000] {dagbag.py:588} INFO - Filling up the DagBag from /opt/airflow/dags/my_tasks.py
[2026-07-21T10:53:44.204+0000] {processor.py:925} INFO - DAG(s) 'my_dag' retrieved from /opt/airflow/dags/my_tasks.py
[2026-07-21T10:53:44.222+0000] {logging_mixin.py:190} INFO - [2026-07-21T10:53:44.221+0000] {dag.py:3239} INFO - Sync 1 DAGs
[2026-07-21T10:53:44.237+0000] {logging_mixin.py:190} INFO - [2026-07-21T10:53:44.237+0000] {dag.py:4180} INFO - Setting next_dagrun for my_dag to None, run_after=None
[2026-07-21T10:53:44.251+0000] {processor.py:208} INFO - Processing /opt/airflow/dags/my_tasks.py took 0.061 seconds
[2026-07-21T10:54:14.484+0000] {processor.py:186} INFO - Started process (PID=5801) to work on /opt/airflow/dags/my_tasks.py
[2026-07-21T10:54:14.493+0000] {processor.py:914} INFO - Processing file /opt/airflow/dags/my_tasks.py for tasks to queue
[2026-07-21T10:54:14.496+0000] {logging_mixin.py:190} INFO - [2026-07-21T10:54:14.495+0000] {dagbag.py:588} INFO - Filling up the DagBag from /opt/airflow/dags/my_tasks.py
[2026-07-21T10:54:14.504+0000] {processor.py:925} INFO - DAG(s) 'my_dag' retrieved from /opt/airflow/dags/my_tasks.py
[2026-07-21T10:54:14.521+0000] {logging_mixin.py:190} INFO - [2026-07-21T10:54:14.521+0000] {dag.py:3239} INFO - Sync 1 DAGs
[2026-07-21T10:54:14.537+0000] {logging_mixin.py:190} INFO - [2026-07-21T10:54:14.536+0000] {dag.py:4180} INFO - Setting next_dagrun for my_dag to None, run_after=None
[2026-07-21T10:54:14.550+0000] {processor.py:208} INFO - Processing /opt/airflow/dags/my_tasks.py took 0.070 seconds
[2026-07-21T10:54:44.775+0000] {processor.py:186} INFO - Started process (PID=5812) to work on /opt/airflow/dags/my_tasks.py
[2026-07-21T10:54:44.775+0000] {processor.py:914} INFO - Processing file /opt/airflow/dags/my_tasks.py for tasks to queue
[2026-07-21T10:54:44.777+0000] {logging_mixin.py:190} INFO - [2026-07-21T10:54:44.777+0000] {dagbag.py:588} INFO - Filling up the DagBag from /opt/airflow/dags/my_tasks.py
[2026-07-21T10:54:44.782+0000] {processor.py:925} INFO - DAG(s) 'my_dag' retrieved from /opt/airflow/dags/my_tasks.py
[2026-07-21T10:54:44.801+0000] {logging_mixin.py:190} INFO - [2026-07-21T10:54:44.801+0000] {dag.py:3239} INFO - Sync 1 DAGs
[2026-07-21T10:54:44.817+0000] {logging_mixin.py:190} INFO - [2026-07-21T10:54:44.817+0000] {dag.py:4180} INFO - Setting next_dagrun for my_dag to None, run_after=None
[2026-07-21T10:54:44.831+0000] {processor.py:208} INFO - Processing /opt/airflow/dags/my_tasks.py took 0.061 seconds
[2026-07-21T10:55:15.048+0000] {processor.py:186} INFO - Started process (PID=5823) to work on /opt/airflow/dags/my_tasks.py
[2026-07-21T10:55:15.056+0000] {processor.py:914} INFO - Processing file /opt/airflow/dags/my_tasks.py for tasks to queue
[2026-07-21T10:55:15.059+0000] {logging_mixin.py:190} INFO - [2026-07-21T10:55:15.059+0000] {dagbag.py:588} INFO - Filling up the DagBag from /opt/airflow/dags/my_tasks.py
[2026-07-21T10:55:15.067+0000] {processor.py:925} INFO - DAG(s) 'my_dag' retrieved from /opt/airflow/dags/my_tasks.py
[2026-07-21T10:55:15.088+0000] {logging_mixin.py:190} INFO - [2026-07-21T10:55:15.087+0000] {dag.py:3239} INFO - Sync 1 DAGs
[2026-07-21T10:55:15.103+0000] {logging_mixin.py:190} INFO - [2026-07-21T10:55:15.103+0000] {dag.py:4180} INFO - Setting next_dagrun for my_dag to None, run_after=None
[2026-07-21T10:55:15.118+0000] {processor.py:208} INFO - Processing /opt/airflow/dags/my_tasks.py took 0.074 seconds
[2026-07-21T10:55:45.341+0000] {processor.py:186} INFO - Started process (PID=5834) to work on /opt/airflow/dags/my_tasks.py
[2026-07-21T10:55:45.342+0000] {processor.py:914} INFO - Processing file /opt/airflow/dags/my_tasks.py for tasks to queue
[2026-07-21T10:55:45.343+0000] {logging_mixin.py:190} INFO - [2026-07-21T10:55:45.343+0000] {dagbag.py:588} INFO - Filling up the DagBag from /opt/airflow/dags/my_tasks.py
[2026-07-21T10:55:45.349+0000] {processor.py:925} INFO - DAG(s) 'my_dag' retrieved from /opt/airflow/dags/my_tasks.py
[2026-07-21T10:55:45.369+0000] {logging_mixin.py:190} INFO - [2026-07-21T10:55:45.368+0000] {dag.py:3239} INFO - Sync 1 DAGs
[2026-07-21T10:55:45.385+0000] {logging_mixin.py:190} INFO - [2026-07-21T10:55:45.385+0000] {dag.py:4180} INFO - Setting next_dagrun for my_dag to None, run_after=None
[2026-07-21T10:55:45.399+0000] {processor.py:208} INFO - Processing /opt/airflow/dags/my_tasks.py took 0.062 seconds
[2026-07-21T10:56:15.637+0000] {processor.py:186} INFO - Started process (PID=5845) to work on /opt/airflow/dags/my_tasks.py
[2026-07-21T10:56:15.645+0000] {processor.py:914} INFO - Processing file /opt/airflow/dags/my_tasks.py for tasks to queue
[2026-07-21T10:56:15.648+0000] {logging_mixin.py:190} INFO - [2026-07-21T10:56:15.648+0000] {dagbag.py:588} INFO - Filling up the DagBag from /opt/airflow/dags/my_tasks.py
[2026-07-21T10:56:15.656+0000] {processor.py:925} INFO - DAG(s) 'my_dag' retrieved from /opt/airflow/dags/my_tasks.py
[2026-07-21T10:56:15.673+0000] {logging_mixin.py:190} INFO - [2026-07-21T10:56:15.673+0000] {dag.py:3239} INFO - Sync 1 DAGs
[2026-07-21T10:56:15.689+0000] {logging_mixin.py:190} INFO - [2026-07-21T10:56:15.689+0000] {dag.py:4180} INFO - Setting next_dagrun for my_dag to None, run_after=None
[2026-07-21T10:56:15.702+0000] {processor.py:208} INFO - Processing /opt/airflow/dags/my_tasks.py took 0.069 seconds
[2026-07-21T10:56:45.908+0000] {processor.py:186} INFO - Started process (PID=5856) to work on /opt/airflow/dags/my_tasks.py
[2026-07-21T10:56:45.909+0000] {processor.py:914} INFO - Processing file /opt/airflow/dags/my_tasks.py for tasks to queue
[2026-07-21T10:56:45.910+0000] {logging_mixin.py:190} INFO - [2026-07-21T10:56:45.910+0000] {dagbag.py:588} INFO - Filling up the DagBag from /opt/airflow/dags/my_tasks.py
[2026-07-21T10:56:45.915+0000] {processor.py:925} INFO - DAG(s) 'my_dag' retrieved from /opt/airflow/dags/my_tasks.py
[2026-07-21T10:56:45.932+0000] {logging_mixin.py:190} INFO - [2026-07-21T10:56:45.932+0000] {dag.py:3239} INFO - Sync 1 DAGs
[2026-07-21T10:56:45.948+0000] {logging_mixin.py:190} INFO - [2026-07-21T10:56:45.947+0000] {dag.py:4180} INFO - Setting next_dagrun for my_dag to None, run_after=None
[2026-07-21T10:56:45.962+0000] {processor.py:208} INFO - Processing /opt/airflow/dags/my_tasks.py took 0.058 seconds
[2026-07-21T10:57:16.173+0000] {processor.py:186} INFO - Started process (PID=5867) to work on /opt/airflow/dags/my_tasks.py
[2026-07-21T10:57:16.181+0000] {processor.py:914} INFO - Processing file /opt/airflow/dags/my_tasks.py for tasks to queue
[2026-07-21T10:57:16.184+0000] {logging_mixin.py:190} INFO - [2026-07-21T10:57:16.183+0000] {dagbag.py:588} INFO - Filling up the DagBag from /opt/airflow/dags/my_tasks.py
[2026-07-21T10:57:16.193+0000] {processor.py:925} INFO - DAG(s) 'my_dag' retrieved from /opt/airflow/dags/my_tasks.py
[2026-07-21T10:57:16.210+0000] {logging_mixin.py:190} INFO - [2026-07-21T10:57:16.210+0000] {dag.py:3239} INFO - Sync 1 DAGs
[2026-07-21T10:57:16.226+0000] {logging_mixin.py:190} INFO - [2026-07-21T10:57:16.226+0000] {dag.py:4180} INFO - Setting next_dagrun for my_dag to None, run_after=None
[2026-07-21T10:57:16.240+0000] {processor.py:208} INFO - Processing /opt/airflow/dags/my_tasks.py took 0.071 seconds
[2026-07-21T10:57:46.439+0000] {processor.py:186} INFO - Started process (PID=5878) to work on /opt/airflow/dags/my_tasks.py
[2026-07-21T10:57:46.447+0000] {processor.py:914} INFO - Processing file /opt/airflow/dags/my_tasks.py for tasks to queue
[2026-07-21T10:57:46.450+0000] {logging_mixin.py:190} INFO - [2026-07-21T10:57:46.450+0000] {dagbag.py:588} INFO - Filling up the DagBag from /opt/airflow/dags/my_tasks.py
[2026-07-21T10:57:46.457+0000] {processor.py:925} INFO - DAG(s) 'my_dag' retrieved from /opt/airflow/dags/my_tasks.py
[2026-07-21T10:57:46.477+0000] {logging_mixin.py:190} INFO - [2026-07-21T10:57:46.477+0000] {dag.py:3239} INFO - Sync 1 DAGs
[2026-07-21T10:57:46.493+0000] {logging_mixin.py:190} INFO - [2026-07-21T10:57:46.493+0000] {dag.py:4180} INFO - Setting next_dagrun for my_dag to None, run_after=None
[2026-07-21T10:57:46.507+0000] {processor.py:208} INFO - Processing /opt/airflow/dags/my_tasks.py took 0.074 seconds
[2026-07-21T10:58:16.724+0000] {processor.py:186} INFO - Started process (PID=5889) to work on /opt/airflow/dags/my_tasks.py
[2026-07-21T10:58:16.732+0000] {processor.py:914} INFO - Processing file /opt/airflow/dags/my_tasks.py for tasks to queue
[2026-07-21T10:58:16.735+0000] {logging_mixin.py:190} INFO - [2026-07-21T10:58:16.735+0000] {dagbag.py:588} INFO - Filling up the DagBag from /opt/airflow/dags/my_tasks.py
[2026-07-21T10:58:16.744+0000] {processor.py:925} INFO - DAG(s) 'my_dag' retrieved from /opt/airflow/dags/my_tasks.py
[2026-07-21T10:58:16.761+0000] {logging_mixin.py:190} INFO - [2026-07-21T10:58:16.761+0000] {dag.py:3239} INFO - Sync 1 DAGs
[2026-07-21T10:58:16.777+0000] {logging_mixin.py:190} INFO - [2026-07-21T10:58:16.777+0000] {dag.py:4180} INFO - Setting next_dagrun for my_dag to None, run_after=None
[2026-07-21T10:58:16.790+0000] {processor.py:208} INFO - Processing /opt/airflow/dags/my_tasks.py took 0.070 seconds
[2026-07-21T10:58:47.018+0000] {processor.py:186} INFO - Started process (PID=5900) to work on /opt/airflow/dags/my_tasks.py
[2026-07-21T10:58:47.026+0000] {processor.py:914} INFO - Processing file /opt/airflow/dags/my_tasks.py for tasks to queue
[2026-07-21T10:58:47.029+0000] {logging_mixin.py:190} INFO - [2026-07-21T10:58:47.028+0000] {dagbag.py:588} INFO - Filling up the DagBag from /opt/airflow/dags/my_tasks.py
[2026-07-21T10:58:47.036+0000] {processor.py:925} INFO - DAG(s) 'my_dag' retrieved from /opt/airflow/dags/my_tasks.py
[2026-07-21T10:58:47.054+0000] {logging_mixin.py:190} INFO - [2026-07-21T10:58:47.054+0000] {dag.py:3239} INFO - Sync 1 DAGs
[2026-07-21T10:58:47.070+0000] {logging_mixin.py:190} INFO - [2026-07-21T10:58:47.069+0000] {dag.py:4180} INFO - Setting next_dagrun for my_dag to None, run_after=None
[2026-07-21T10:58:47.084+0000] {processor.py:208} INFO - Processing /opt/airflow/dags/my_tasks.py took 0.070 seconds
[2026-07-21T10:59:17.302+0000] {processor.py:186} INFO - Started process (PID=5911) to work on /opt/airflow/dags/my_tasks.py
[2026-07-21T10:59:17.303+0000] {processor.py:914} INFO - Processing file /opt/airflow/dags/my_tasks.py for tasks to queue
[2026-07-21T10:59:17.304+0000] {logging_mixin.py:190} INFO - [2026-07-21T10:59:17.304+0000] {dagbag.py:588} INFO - Filling up the DagBag from /opt/airflow/dags/my_tasks.py
[2026-07-21T10:59:17.310+0000] {processor.py:925} INFO - DAG(s) 'my_dag' retrieved from /opt/airflow/dags/my_tasks.py
[2026-07-21T10:59:17.327+0000] {logging_mixin.py:190} INFO - [2026-07-21T10:59:17.327+0000] {dag.py:3239} INFO - Sync 1 DAGs
[2026-07-21T10:59:17.343+0000] {logging_mixin.py:190} INFO - [2026-07-21T10:59:17.343+0000] {dag.py:4180} INFO - Setting next_dagrun for my_dag to None, run_after=None
[2026-07-21T10:59:17.357+0000] {processor.py:208} INFO - Processing /opt/airflow/dags/my_tasks.py took 0.059 seconds
[2026-07-21T10:59:47.587+0000] {processor.py:186} INFO - Started process (PID=5922) to work on /opt/airflow/dags/my_tasks.py
[2026-07-21T10:59:47.595+0000] {processor.py:914} INFO - Processing file /opt/airflow/dags/my_tasks.py for tasks to queue
[2026-07-21T10:59:47.599+0000] {logging_mixin.py:190} INFO - [2026-07-21T10:59:47.598+0000] {dagbag.py:588} INFO - Filling up the DagBag from /opt/airflow/dags/my_tasks.py
[2026-07-21T10:59:47.607+0000] {processor.py:925} INFO - DAG(s) 'my_dag' retrieved from /opt/airflow/dags/my_tasks.py
[2026-07-21T10:59:47.625+0000] {logging_mixin.py:190} INFO - [2026-07-21T10:59:47.625+0000] {dag.py:3239} INFO - Sync 1 DAGs
[2026-07-21T10:59:47.641+0000] {logging_mixin.py:190} INFO - [2026-07-21T10:59:47.641+0000] {dag.py:4180} INFO - Setting next_dagrun for my_dag to None, run_after=None
[2026-07-21T10:59:47.656+0000] {processor.py:208} INFO - Processing /opt/airflow/dags/my_tasks.py took 0.073 seconds
[2026-07-21T11:00:17.874+0000] {processor.py:186} INFO - Started process (PID=5933) to work on /opt/airflow/dags/my_tasks.py
[2026-07-21T11:00:17.874+0000] {processor.py:914} INFO - Processing file /opt/airflow/dags/my_tasks.py for tasks to queue
[2026-07-21T11:00:17.876+0000] {logging_mixin.py:190} INFO - [2026-07-21T11:00:17.876+0000] {dagbag.py:588} INFO - Filling up the DagBag from /opt/airflow/dags/my_tasks.py
[2026-07-21T11:00:17.881+0000] {processor.py:925} INFO - DAG(s) 'my_dag' retrieved from /opt/airflow/dags/my_tasks.py
[2026-07-21T11:00:17.898+0000] {logging_mixin.py:190} INFO - [2026-07-21T11:00:17.898+0000] {dag.py:3239} INFO - Sync 1 DAGs
[2026-07-21T11:00:17.913+0000] {logging_mixin.py:190} INFO - [2026-07-21T11:00:17.913+0000] {dag.py:4180} INFO - Setting next_dagrun for my_dag to None, run_after=None
[2026-07-21T11:00:17.927+0000] {processor.py:208} INFO - Processing /opt/airflow/dags/my_tasks.py took 0.057 seconds
[2026-07-21T11:00:48.154+0000] {processor.py:186} INFO - Started process (PID=5944) to work on /opt/airflow/dags/my_tasks.py
[2026-07-21T11:00:48.154+0000] {processor.py:914} INFO - Processing file /opt/airflow/dags/my_tasks.py for tasks to queue
[2026-07-21T11:00:48.156+0000] {logging_mixin.py:190} INFO - [2026-07-21T11:00:48.156+0000] {dagbag.py:588} INFO - Filling up the DagBag from /opt/airflow/dags/my_tasks.py
[2026-07-21T11:00:48.162+0000] {processor.py:925} INFO - DAG(s) 'my_dag' retrieved from /opt/airflow/dags/my_tasks.py
[2026-07-21T11:00:48.179+0000] {logging_mixin.py:190} INFO - [2026-07-21T11:00:48.179+0000] {dag.py:3239} INFO - Sync 1 DAGs
[2026-07-21T11:00:48.194+0000] {logging_mixin.py:190} INFO - [2026-07-21T11:00:48.194+0000] {dag.py:4180} INFO - Setting next_dagrun for my_dag to None, run_after=None
[2026-07-21T11:00:48.209+0000] {processor.py:208} INFO - Processing /opt/airflow/dags/my_tasks.py took 0.060 seconds
[2026-07-21T11:01:18.418+0000] {processor.py:186} INFO - Started process (PID=5955) to work on /opt/airflow/dags/my_tasks.py
[2026-07-21T11:01:18.421+0000] {processor.py:914} INFO - Processing file /opt/airflow/dags/my_tasks.py for tasks to queue
[2026-07-21T11:01:18.423+0000] {logging_mixin.py:190} INFO - [2026-07-21T11:01:18.423+0000] {dagbag.py:588} INFO - Filling up the DagBag from /opt/airflow/dags/my_tasks.py
[2026-07-21T11:01:18.428+0000] {processor.py:925} INFO - DAG(s) 'my_dag' retrieved from /opt/airflow/dags/my_tasks.py
[2026-07-21T11:01:18.445+0000] {logging_mixin.py:190} INFO - [2026-07-21T11:01:18.445+0000] {dag.py:3239} INFO - Sync 1 DAGs
[2026-07-21T11:01:18.461+0000] {logging_mixin.py:190} INFO - [2026-07-21T11:01:18.460+0000] {dag.py:4180} INFO - Setting next_dagrun for my_dag to None, run_after=None
[2026-07-21T11:01:18.475+0000] {processor.py:208} INFO - Processing /opt/airflow/dags/my_tasks.py took 0.061 seconds
[2026-07-21T11:01:48.689+0000] {processor.py:186} INFO - Started process (PID=5966) to work on /opt/airflow/dags/my_tasks.py
[2026-07-21T11:01:48.697+0000] {processor.py:914} INFO - Processing file /opt/airflow/dags/my_tasks.py for tasks to queue
[2026-07-21T11:01:48.699+0000] {logging_mixin.py:190} INFO - [2026-07-21T11:01:48.699+0000] {dagbag.py:588} INFO - Filling up the DagBag from /opt/airflow/dags/my_tasks.py
[2026-07-21T11:01:48.707+0000] {processor.py:925} INFO - DAG(s) 'my_dag' retrieved from /opt/airflow/dags/my_tasks.py
[2026-07-21T11:01:48.724+0000] {logging_mixin.py:190} INFO - [2026-07-21T11:01:48.724+0000] {dag.py:3239} INFO - Sync 1 DAGs
[2026-07-21T11:01:48.741+0000] {logging_mixin.py:190} INFO - [2026-07-21T11:01:48.741+0000] {dag.py:4180} INFO - Setting next_dagrun for my_dag to None, run_after=None
[2026-07-21T11:01:48.756+0000] {processor.py:208} INFO - Processing /opt/airflow/dags/my_tasks.py took 0.071 seconds
[2026-07-21T11:02:18.940+0000] {processor.py:186} INFO - Started process (PID=5977) to work on /opt/airflow/dags/my_tasks.py
[2026-07-21T11:02:18.944+0000] {processor.py:914} INFO - Processing file /opt/airflow/dags/my_tasks.py for tasks to queue
[2026-07-21T11:02:18.945+0000] {logging_mixin.py:190} INFO - [2026-07-21T11:02:18.945+0000] {dagbag.py:588} INFO - Filling up the DagBag from /opt/airflow/dags/my_tasks.py
[2026-07-21T11:02:18.951+0000] {processor.py:925} INFO - DAG(s) 'my_dag' retrieved from /opt/airflow/dags/my_tasks.py
[2026-07-21T11:02:18.968+0000] {logging_mixin.py:190} INFO - [2026-07-21T11:02:18.968+0000] {dag.py:3239} INFO - Sync 1 DAGs
[2026-07-21T11:02:18.984+0000] {logging_mixin.py:190} INFO - [2026-07-21T11:02:18.984+0000] {dag.py:4180} INFO - Setting next_dagrun for my_dag to None, run_after=None
[2026-07-21T11:02:18.999+0000] {processor.py:208} INFO - Processing /opt/airflow/dags/my_tasks.py took 0.063 seconds
[2026-07-21T11:02:49.193+0000] {processor.py:186} INFO - Started process (PID=5988) to work on /opt/airflow/dags/my_tasks.py
[2026-07-21T11:02:49.201+0000] {processor.py:914} INFO - Processing file /opt/airflow/dags/my_tasks.py for tasks to queue
[2026-07-21T11:02:49.204+0000] {logging_mixin.py:190} INFO - [2026-07-21T11:02:49.203+0000] {dagbag.py:588} INFO - Filling up the DagBag from /opt/airflow/dags/my_tasks.py
[2026-07-21T11:02:49.212+0000] {processor.py:925} INFO - DAG(s) 'my_dag' retrieved from /opt/airflow/dags/my_tasks.py
[2026-07-21T11:02:49.229+0000] {logging_mixin.py:190} INFO - [2026-07-21T11:02:49.229+0000] {dag.py:3239} INFO - Sync 1 DAGs
[2026-07-21T11:02:49.245+0000] {logging_mixin.py:190} INFO - [2026-07-21T11:02:49.245+0000] {dag.py:4180} INFO - Setting next_dagrun for my_dag to None, run_after=None
[2026-07-21T11:02:49.259+0000] {processor.py:208} INFO - Processing /opt/airflow/dags/my_tasks.py took 0.069 seconds
[2026-07-21T11:03:19.474+0000] {processor.py:186} INFO - Started process (PID=5999) to work on /opt/airflow/dags/my_tasks.py
[2026-07-21T11:03:19.474+0000] {processor.py:914} INFO - Processing file /opt/airflow/dags/my_tasks.py for tasks to queue
[2026-07-21T11:03:19.476+0000] {logging_mixin.py:190} INFO - [2026-07-21T11:03:19.476+0000] {dagbag.py:588} INFO - Filling up the DagBag from /opt/airflow/dags/my_tasks.py
[2026-07-21T11:03:19.481+0000] {processor.py:925} INFO - DAG(s) 'my_dag' retrieved from /opt/airflow/dags/my_tasks.py
[2026-07-21T11:03:19.498+0000] {logging_mixin.py:190} INFO - [2026-07-21T11:03:19.498+0000] {dag.py:3239} INFO - Sync 1 DAGs
[2026-07-21T11:03:19.514+0000] {logging_mixin.py:190} INFO - [2026-07-21T11:03:19.514+0000] {dag.py:4180} INFO - Setting next_dagrun for my_dag to None, run_after=None
[2026-07-21T11:03:19.529+0000] {processor.py:208} INFO - Processing /opt/airflow/dags/my_tasks.py took 0.059 seconds
[2026-07-21T11:03:49.748+0000] {processor.py:186} INFO - Started process (PID=6010) to work on /opt/airflow/dags/my_tasks.py
[2026-07-21T11:03:49.749+0000] {processor.py:914} INFO - Processing file /opt/airflow/dags/my_tasks.py for tasks to queue
[2026-07-21T11:03:49.750+0000] {logging_mixin.py:190} INFO - [2026-07-21T11:03:49.750+0000] {dagbag.py:588} INFO - Filling up the DagBag from /opt/airflow/dags/my_tasks.py
[2026-07-21T11:03:49.755+0000] {processor.py:925} INFO - DAG(s) 'my_dag' retrieved from /opt/airflow/dags/my_tasks.py
[2026-07-21T11:03:49.773+0000] {logging_mixin.py:190} INFO - [2026-07-21T11:03:49.772+0000] {dag.py:3239} INFO - Sync 1 DAGs
[2026-07-21T11:03:49.788+0000] {logging_mixin.py:190} INFO - [2026-07-21T11:03:49.788+0000] {dag.py:4180} INFO - Setting next_dagrun for my_dag to None, run_after=None
[2026-07-21T11:03:49.801+0000] {processor.py:208} INFO - Processing /opt/airflow/dags/my_tasks.py took 0.057 seconds
[2026-07-21T11:04:20.038+0000] {processor.py:186} INFO - Started process (PID=6021) to work on /opt/airflow/dags/my_tasks.py
[2026-07-21T11:04:20.046+0000] {processor.py:914} INFO - Processing file /opt/airflow/dags/my_tasks.py for tasks to queue
[2026-07-21T11:04:20.050+0000] {logging_mixin.py:190} INFO - [2026-07-21T11:04:20.049+0000] {dagbag.py:588} INFO - Filling up the DagBag from /opt/airflow/dags/my_tasks.py
[2026-07-21T11:04:20.057+0000] {processor.py:925} INFO - DAG(s) 'my_dag' retrieved from /opt/airflow/dags/my_tasks.py
[2026-07-21T11:04:20.077+0000] {logging_mixin.py:190} INFO - [2026-07-21T11:04:20.077+0000] {dag.py:3239} INFO - Sync 1 DAGs
[2026-07-21T11:04:20.093+0000] {logging_mixin.py:190} INFO - [2026-07-21T11:04:20.092+0000] {dag.py:4180} INFO - Setting next_dagrun for my_dag to None, run_after=None
[2026-07-21T11:04:20.107+0000] {processor.py:208} INFO - Processing /opt/airflow/dags/my_tasks.py took 0.074 seconds
[2026-07-21T11:04:50.311+0000] {processor.py:186} INFO - Started process (PID=6032) to work on /opt/airflow/dags/my_tasks.py
[2026-07-21T11:04:50.319+0000] {processor.py:914} INFO - Processing file /opt/airflow/dags/my_tasks.py for tasks to queue
[2026-07-21T11:04:50.321+0000] {logging_mixin.py:190} INFO - [2026-07-21T11:04:50.320+0000] {dagbag.py:588} INFO - Filling up the DagBag from /opt/airflow/dags/my_tasks.py
[2026-07-21T11:04:50.330+0000] {processor.py:925} INFO - DAG(s) 'my_dag' retrieved from /opt/airflow/dags/my_tasks.py
[2026-07-21T11:04:50.352+0000] {logging_mixin.py:190} INFO - [2026-07-21T11:04:50.352+0000] {dag.py:3239} INFO - Sync 1 DAGs
[2026-07-21T11:04:50.369+0000] {logging_mixin.py:190} INFO - [2026-07-21T11:04:50.369+0000] {dag.py:4180} INFO - Setting next_dagrun for my_dag to None, run_after=None
[2026-07-21T11:04:50.382+0000] {processor.py:208} INFO - Processing /opt/airflow/dags/my_tasks.py took 0.076 seconds
[2026-07-21T11:05:20.581+0000] {processor.py:186} INFO - Started process (PID=6043) to work on /opt/airflow/dags/my_tasks.py
[2026-07-21T11:05:20.589+0000] {processor.py:914} INFO - Processing file /opt/airflow/dags/my_tasks.py for tasks to queue
[2026-07-21T11:05:20.591+0000] {logging_mixin.py:190} INFO - [2026-07-21T11:05:20.591+0000] {dagbag.py:588} INFO - Filling up the DagBag from /opt/airflow/dags/my_tasks.py
[2026-07-21T11:05:20.597+0000] {processor.py:925} INFO - DAG(s) 'my_dag' retrieved from /opt/airflow/dags/my_tasks.py
[2026-07-21T11:05:20.615+0000] {logging_mixin.py:190} INFO - [2026-07-21T11:05:20.614+0000] {dag.py:3239} INFO - Sync 1 DAGs
[2026-07-21T11:05:20.630+0000] {logging_mixin.py:190} INFO - [2026-07-21T11:05:20.630+0000] {dag.py:4180} INFO - Setting next_dagrun for my_dag to None, run_after=None
[2026-07-21T11:05:20.644+0000] {processor.py:208} INFO - Processing /opt/airflow/dags/my_tasks.py took 0.067 seconds
[2026-07-21T11:05:50.852+0000] {processor.py:186} INFO - Started process (PID=6055) to work on /opt/airflow/dags/my_tasks.py
[2026-07-21T11:05:50.860+0000] {processor.py:914} INFO - Processing file /opt/airflow/dags/my_tasks.py for tasks to queue
[2026-07-21T11:05:50.862+0000] {logging_mixin.py:190} INFO - [2026-07-21T11:05:50.862+0000] {dagbag.py:588} INFO - Filling up the DagBag from /opt/airflow/dags/my_tasks.py
[2026-07-21T11:05:50.869+0000] {processor.py:925} INFO - DAG(s) 'my_dag' retrieved from /opt/airflow/dags/my_tasks.py
[2026-07-21T11:05:50.886+0000] {logging_mixin.py:190} INFO - [2026-07-21T11:05:50.886+0000] {dag.py:3239} INFO - Sync 1 DAGs
[2026-07-21T11:05:50.902+0000] {logging_mixin.py:190} INFO - [2026-07-21T11:05:50.902+0000] {dag.py:4180} INFO - Setting next_dagrun for my_dag to None, run_after=None
[2026-07-21T11:05:50.915+0000] {processor.py:208} INFO - Processing /opt/airflow/dags/my_tasks.py took 0.067 seconds
[2026-07-21T11:06:21.117+0000] {processor.py:186} INFO - Started process (PID=6066) to work on /opt/airflow/dags/my_tasks.py
[2026-07-21T11:06:21.117+0000] {processor.py:914} INFO - Processing file /opt/airflow/dags/my_tasks.py for tasks to queue
[2026-07-21T11:06:21.119+0000] {logging_mixin.py:190} INFO - [2026-07-21T11:06:21.119+0000] {dagbag.py:588} INFO - Filling up the DagBag from /opt/airflow/dags/my_tasks.py
[2026-07-21T11:06:21.124+0000] {processor.py:925} INFO - DAG(s) 'my_dag' retrieved from /opt/airflow/dags/my_tasks.py
[2026-07-21T11:06:21.141+0000] {logging_mixin.py:190} INFO - [2026-07-21T11:06:21.141+0000] {dag.py:3239} INFO - Sync 1 DAGs
[2026-07-21T11:06:21.158+0000] {logging_mixin.py:190} INFO - [2026-07-21T11:06:21.158+0000] {dag.py:4180} INFO - Setting next_dagrun for my_dag to None, run_after=None
[2026-07-21T11:06:21.172+0000] {processor.py:208} INFO - Processing /opt/airflow/dags/my_tasks.py took 0.060 seconds
[2026-07-21T11:06:51.391+0000] {processor.py:186} INFO - Started process (PID=6083) to work on /opt/airflow/dags/my_tasks.py
[2026-07-21T11:06:51.392+0000] {processor.py:914} INFO - Processing file /opt/airflow/dags/my_tasks.py for tasks to queue
[2026-07-21T11:06:51.393+0000] {logging_mixin.py:190} INFO - [2026-07-21T11:06:51.393+0000] {dagbag.py:588} INFO - Filling up the DagBag from /opt/airflow/dags/my_tasks.py
[2026-07-21T11:06:51.399+0000] {processor.py:925} INFO - DAG(s) 'my_dag' retrieved from /opt/airflow/dags/my_tasks.py
[2026-07-21T11:06:51.416+0000] {logging_mixin.py:190} INFO - [2026-07-21T11:06:51.416+0000] {dag.py:3239} INFO - Sync 1 DAGs
[2026-07-21T11:06:51.432+0000] {logging_mixin.py:190} INFO - [2026-07-21T11:06:51.432+0000] {dag.py:4180} INFO - Setting next_dagrun for my_dag to None, run_after=None
[2026-07-21T11:06:51.446+0000] {processor.py:208} INFO - Processing /opt/airflow/dags/my_tasks.py took 0.059 seconds
[2026-07-21T11:07:21.672+0000] {processor.py:186} INFO - Started process (PID=6094) to work on /opt/airflow/dags/my_tasks.py
[2026-07-21T11:07:21.680+0000] {processor.py:914} INFO - Processing file /opt/airflow/dags/my_tasks.py for tasks to queue
[2026-07-21T11:07:21.683+0000] {logging_mixin.py:190} INFO - [2026-07-21T11:07:21.683+0000] {dagbag.py:588} INFO - Filling up the DagBag from /opt/airflow/dags/my_tasks.py
[2026-07-21T11:07:21.691+0000] {processor.py:925} INFO - DAG(s) 'my_dag' retrieved from /opt/airflow/dags/my_tasks.py
[2026-07-21T11:07:21.708+0000] {logging_mixin.py:190} INFO - [2026-07-21T11:07:21.708+0000] {dag.py:3239} INFO - Sync 1 DAGs
[2026-07-21T11:07:21.724+0000] {logging_mixin.py:190} INFO - [2026-07-21T11:07:21.723+0000] {dag.py:4180} INFO - Setting next_dagrun for my_dag to None, run_after=None
[2026-07-21T11:07:21.738+0000] {processor.py:208} INFO - Processing /opt/airflow/dags/my_tasks.py took 0.070 seconds
[2026-07-21T11:07:51.951+0000] {processor.py:186} INFO - Started process (PID=6105) to work on /opt/airflow/dags/my_tasks.py
[2026-07-21T11:07:51.952+0000] {processor.py:914} INFO - Processing file /opt/airflow/dags/my_tasks.py for tasks to queue
[2026-07-21T11:07:51.953+0000] {logging_mixin.py:190} INFO - [2026-07-21T11:07:51.953+0000] {dagbag.py:588} INFO - Filling up the DagBag from /opt/airflow/dags/my_tasks.py
[2026-07-21T11:07:51.959+0000] {processor.py:925} INFO - DAG(s) 'my_dag' retrieved from /opt/airflow/dags/my_tasks.py
[2026-07-21T11:07:51.976+0000] {logging_mixin.py:190} INFO - [2026-07-21T11:07:51.975+0000] {dag.py:3239} INFO - Sync 1 DAGs
[2026-07-21T11:07:51.991+0000] {logging_mixin.py:190} INFO - [2026-07-21T11:07:51.991+0000] {dag.py:4180} INFO - Setting next_dagrun for my_dag to None, run_after=None
[2026-07-21T11:07:52.005+0000] {processor.py:208} INFO - Processing /opt/airflow/dags/my_tasks.py took 0.057 seconds
[2026-07-21T11:08:22.223+0000] {processor.py:186} INFO - Started process (PID=6116) to work on /opt/airflow/dags/my_tasks.py
[2026-07-21T11:08:22.224+0000] {processor.py:914} INFO - Processing file /opt/airflow/dags/my_tasks.py for tasks to queue
[2026-07-21T11:08:22.225+0000] {logging_mixin.py:190} INFO - [2026-07-21T11:08:22.225+0000] {dagbag.py:588} INFO - Filling up the DagBag from /opt/airflow/dags/my_tasks.py
[2026-07-21T11:08:22.230+0000] {processor.py:925} INFO - DAG(s) 'my_dag' retrieved from /opt/airflow/dags/my_tasks.py
[2026-07-21T11:08:22.249+0000] {logging_mixin.py:190} INFO - [2026-07-21T11:08:22.249+0000] {dag.py:3239} INFO - Sync 1 DAGs
[2026-07-21T11:08:22.266+0000] {logging_mixin.py:190} INFO - [2026-07-21T11:08:22.266+0000] {dag.py:4180} INFO - Setting next_dagrun for my_dag to None, run_after=None
[2026-07-21T11:08:22.282+0000] {processor.py:208} INFO - Processing /opt/airflow/dags/my_tasks.py took 0.063 seconds
[2026-07-21T11:08:52.472+0000] {processor.py:186} INFO - Started process (PID=6127) to work on /opt/airflow/dags/my_tasks.py
[2026-07-21T11:08:52.476+0000] {processor.py:914} INFO - Processing file /opt/airflow/dags/my_tasks.py for tasks to queue
[2026-07-21T11:08:52.478+0000] {logging_mixin.py:190} INFO - [2026-07-21T11:08:52.478+0000] {dagbag.py:588} INFO - Filling up the DagBag from /opt/airflow/dags/my_tasks.py
[2026-07-21T11:08:52.485+0000] {processor.py:925} INFO - DAG(s) 'my_dag' retrieved from /opt/airflow/dags/my_tasks.py
[2026-07-21T11:08:52.502+0000] {logging_mixin.py:190} INFO - [2026-07-21T11:08:52.502+0000] {dag.py:3239} INFO - Sync 1 DAGs
[2026-07-21T11:08:52.518+0000] {logging_mixin.py:190} INFO - [2026-07-21T11:08:52.517+0000] {dag.py:4180} INFO - Setting next_dagrun for my_dag to None, run_after=None
[2026-07-21T11:08:52.532+0000] {processor.py:208} INFO - Processing /opt/airflow/dags/my_tasks.py took 0.064 seconds
[2026-07-21T11:09:22.734+0000] {processor.py:186} INFO - Started process (PID=6138) to work on /opt/airflow/dags/my_tasks.py
[2026-07-21T11:09:22.742+0000] {processor.py:914} INFO - Processing file /opt/airflow/dags/my_tasks.py for tasks to queue
[2026-07-21T11:09:22.744+0000] {logging_mixin.py:190} INFO - [2026-07-21T11:09:22.744+0000] {dagbag.py:588} INFO - Filling up the DagBag from /opt/airflow/dags/my_tasks.py
[2026-07-21T11:09:22.751+0000] {processor.py:925} INFO - DAG(s) 'my_dag' retrieved from /opt/airflow/dags/my_tasks.py
[2026-07-21T11:09:22.769+0000] {logging_mixin.py:190} INFO - [2026-07-21T11:09:22.769+0000] {dag.py:3239} INFO - Sync 1 DAGs
[2026-07-21T11:09:22.784+0000] {logging_mixin.py:190} INFO - [2026-07-21T11:09:22.784+0000] {dag.py:4180} INFO - Setting next_dagrun for my_dag to None, run_after=None
[2026-07-21T11:09:22.799+0000] {processor.py:208} INFO - Processing /opt/airflow/dags/my_tasks.py took 0.069 seconds
[2026-07-21T11:09:52.999+0000] {processor.py:186} INFO - Started process (PID=6149) to work on /opt/airflow/dags/my_tasks.py
[2026-07-21T11:09:53.000+0000] {processor.py:914} INFO - Processing file /opt/airflow/dags/my_tasks.py for tasks to queue
[2026-07-21T11:09:53.001+0000] {logging_mixin.py:190} INFO - [2026-07-21T11:09:53.001+0000] {dagbag.py:588} INFO - Filling up the DagBag from /opt/airflow/dags/my_tasks.py
[2026-07-21T11:09:53.006+0000] {processor.py:925} INFO - DAG(s) 'my_dag' retrieved from /opt/airflow/dags/my_tasks.py
[2026-07-21T11:09:53.023+0000] {logging_mixin.py:190} INFO - [2026-07-21T11:09:53.023+0000] {dag.py:3239} INFO - Sync 1 DAGs
[2026-07-21T11:09:53.038+0000] {logging_mixin.py:190} INFO - [2026-07-21T11:09:53.038+0000] {dag.py:4180} INFO - Setting next_dagrun for my_dag to None, run_after=None
[2026-07-21T11:09:53.053+0000] {processor.py:208} INFO - Processing /opt/airflow/dags/my_tasks.py took 0.058 seconds
[2026-07-21T11:10:23.253+0000] {processor.py:186} INFO - Started process (PID=6160) to work on /opt/airflow/dags/my_tasks.py
[2026-07-21T11:10:23.254+0000] {processor.py:914} INFO - Processing file /opt/airflow/dags/my_tasks.py for tasks to queue
[2026-07-21T11:10:23.255+0000] {logging_mixin.py:190} INFO - [2026-07-21T11:10:23.255+0000] {dagbag.py:588} INFO - Filling up the DagBag from /opt/airflow/dags/my_tasks.py
[2026-07-21T11:10:23.262+0000] {processor.py:925} INFO - DAG(s) 'my_dag' retrieved from /opt/airflow/dags/my_tasks.py
[2026-07-21T11:10:23.281+0000] {logging_mixin.py:190} INFO - [2026-07-21T11:10:23.281+0000] {dag.py:3239} INFO - Sync 1 DAGs
[2026-07-21T11:10:23.297+0000] {logging_mixin.py:190} INFO - [2026-07-21T11:10:23.297+0000] {dag.py:4180} INFO - Setting next_dagrun for my_dag to None, run_after=None
[2026-07-21T11:10:23.311+0000] {processor.py:208} INFO - Processing /opt/airflow/dags/my_tasks.py took 0.063 seconds
[2026-07-21T11:10:53.534+0000] {processor.py:186} INFO - Started process (PID=6171) to work on /opt/airflow/dags/my_tasks.py
[2026-07-21T11:10:53.535+0000] {processor.py:914} INFO - Processing file /opt/airflow/dags/my_tasks.py for tasks to queue
[2026-07-21T11:10:53.537+0000] {logging_mixin.py:190} INFO - [2026-07-21T11:10:53.536+0000] {dagbag.py:588} INFO - Filling up the DagBag from /opt/airflow/dags/my_tasks.py
[2026-07-21T11:10:53.542+0000] {processor.py:925} INFO - DAG(s) 'my_dag' retrieved from /opt/airflow/dags/my_tasks.py
[2026-07-21T11:10:53.562+0000] {logging_mixin.py:190} INFO - [2026-07-21T11:10:53.562+0000] {dag.py:3239} INFO - Sync 1 DAGs
[2026-07-21T11:10:53.578+0000] {logging_mixin.py:190} INFO - [2026-07-21T11:10:53.578+0000] {dag.py:4180} INFO - Setting next_dagrun for my_dag to None, run_after=None
[2026-07-21T11:10:53.592+0000] {processor.py:208} INFO - Processing /opt/airflow/dags/my_tasks.py took 0.062 seconds
[2026-07-21T11:11:23.811+0000] {processor.py:186} INFO - Started process (PID=6182) to work on /opt/airflow/dags/my_tasks.py
[2026-07-21T11:11:23.819+0000] {processor.py:914} INFO - Processing file /opt/airflow/dags/my_tasks.py for tasks to queue
[2026-07-21T11:11:23.822+0000] {logging_mixin.py:190} INFO - [2026-07-21T11:11:23.821+0000] {dagbag.py:588} INFO - Filling up the DagBag from /opt/airflow/dags/my_tasks.py
[2026-07-21T11:11:23.828+0000] {processor.py:925} INFO - DAG(s) 'my_dag' retrieved from /opt/airflow/dags/my_tasks.py
[2026-07-21T11:11:23.846+0000] {logging_mixin.py:190} INFO - [2026-07-21T11:11:23.846+0000] {dag.py:3239} INFO - Sync 1 DAGs
[2026-07-21T11:11:23.862+0000] {logging_mixin.py:190} INFO - [2026-07-21T11:11:23.862+0000] {dag.py:4180} INFO - Setting next_dagrun for my_dag to None, run_after=None
[2026-07-21T11:11:23.876+0000] {processor.py:208} INFO - Processing /opt/airflow/dags/my_tasks.py took 0.069 seconds
[2026-07-21T11:11:54.082+0000] {processor.py:186} INFO - Started process (PID=6193) to work on /opt/airflow/dags/my_tasks.py
[2026-07-21T11:11:54.085+0000] {processor.py:914} INFO - Processing file /opt/airflow/dags/my_tasks.py for tasks to queue
[2026-07-21T11:11:54.086+0000] {logging_mixin.py:190} INFO - [2026-07-21T11:11:54.086+0000] {dagbag.py:588} INFO - Filling up the DagBag from /opt/airflow/dags/my_tasks.py
[2026-07-21T11:11:54.093+0000] {processor.py:925} INFO - DAG(s) 'my_dag' retrieved from /opt/airflow/dags/my_tasks.py
[2026-07-21T11:11:54.111+0000] {logging_mixin.py:190} INFO - [2026-07-21T11:11:54.111+0000] {dag.py:3239} INFO - Sync 1 DAGs
[2026-07-21T11:11:54.127+0000] {logging_mixin.py:190} INFO - [2026-07-21T11:11:54.126+0000] {dag.py:4180} INFO - Setting next_dagrun for my_dag to None, run_after=None
[2026-07-21T11:11:54.142+0000] {processor.py:208} INFO - Processing /opt/airflow/dags/my_tasks.py took 0.064 seconds
[2026-07-21T11:12:24.356+0000] {processor.py:186} INFO - Started process (PID=6204) to work on /opt/airflow/dags/my_tasks.py
[2026-07-21T11:12:24.357+0000] {processor.py:914} INFO - Processing file /opt/airflow/dags/my_tasks.py for tasks to queue
[2026-07-21T11:12:24.358+0000] {logging_mixin.py:190} INFO - [2026-07-21T11:12:24.358+0000] {dagbag.py:588} INFO - Filling up the DagBag from /opt/airflow/dags/my_tasks.py
[2026-07-21T11:12:24.363+0000] {processor.py:925} INFO - DAG(s) 'my_dag' retrieved from /opt/airflow/dags/my_tasks.py
[2026-07-21T11:12:24.380+0000] {logging_mixin.py:190} INFO - [2026-07-21T11:12:24.380+0000] {dag.py:3239} INFO - Sync 1 DAGs
[2026-07-21T11:12:24.395+0000] {logging_mixin.py:190} INFO - [2026-07-21T11:12:24.395+0000] {dag.py:4180} INFO - Setting next_dagrun for my_dag to None, run_after=None
[2026-07-21T11:12:24.409+0000] {processor.py:208} INFO - Processing /opt/airflow/dags/my_tasks.py took 0.058 seconds
[2026-07-21T11:12:54.634+0000] {processor.py:186} INFO - Started process (PID=6215) to work on /opt/airflow/dags/my_tasks.py
[2026-07-21T11:12:54.642+0000] {processor.py:914} INFO - Processing file /opt/airflow/dags/my_tasks.py for tasks to queue
[2026-07-21T11:12:54.645+0000] {logging_mixin.py:190} INFO - [2026-07-21T11:12:54.645+0000] {dagbag.py:588} INFO - Filling up the DagBag from /opt/airflow/dags/my_tasks.py
[2026-07-21T11:12:54.651+0000] {processor.py:925} INFO - DAG(s) 'my_dag' retrieved from /opt/airflow/dags/my_tasks.py
[2026-07-21T11:12:54.669+0000] {logging_mixin.py:190} INFO - [2026-07-21T11:12:54.668+0000] {dag.py:3239} INFO - Sync 1 DAGs
[2026-07-21T11:12:54.685+0000] {logging_mixin.py:190} INFO - [2026-07-21T11:12:54.684+0000] {dag.py:4180} INFO - Setting next_dagrun for my_dag to None, run_after=None
[2026-07-21T11:12:54.698+0000] {processor.py:208} INFO - Processing /opt/airflow/dags/my_tasks.py took 0.068 seconds
[2026-07-21T11:13:24.900+0000] {processor.py:186} INFO - Started process (PID=6226) to work on /opt/airflow/dags/my_tasks.py
[2026-07-21T11:13:24.908+0000] {processor.py:914} INFO - Processing file /opt/airflow/dags/my_tasks.py for tasks to queue
[2026-07-21T11:13:24.909+0000] {logging_mixin.py:190} INFO - [2026-07-21T11:13:24.909+0000] {dagbag.py:588} INFO - Filling up the DagBag from /opt/airflow/dags/my_tasks.py
[2026-07-21T11:13:24.916+0000] {processor.py:925} INFO - DAG(s) 'my_dag' retrieved from /opt/airflow/dags/my_tasks.py
[2026-07-21T11:13:24.936+0000] {logging_mixin.py:190} INFO - [2026-07-21T11:13:24.936+0000] {dag.py:3239} INFO - Sync 1 DAGs
[2026-07-21T11:13:24.952+0000] {logging_mixin.py:190} INFO - [2026-07-21T11:13:24.952+0000] {dag.py:4180} INFO - Setting next_dagrun for my_dag to None, run_after=None
[2026-07-21T11:13:24.966+0000] {processor.py:208} INFO - Processing /opt/airflow/dags/my_tasks.py took 0.070 seconds
[2026-07-21T11:13:55.168+0000] {processor.py:186} INFO - Started process (PID=6237) to work on /opt/airflow/dags/my_tasks.py
[2026-07-21T11:13:55.176+0000] {processor.py:914} INFO - Processing file /opt/airflow/dags/my_tasks.py for tasks to queue
[2026-07-21T11:13:55.179+0000] {logging_mixin.py:190} INFO - [2026-07-21T11:13:55.178+0000] {dagbag.py:588} INFO - Filling up the DagBag from /opt/airflow/dags/my_tasks.py
[2026-07-21T11:13:55.187+0000] {processor.py:925} INFO - DAG(s) 'my_dag' retrieved from /opt/airflow/dags/my_tasks.py
[2026-07-21T11:13:55.204+0000] {logging_mixin.py:190} INFO - [2026-07-21T11:13:55.204+0000] {dag.py:3239} INFO - Sync 1 DAGs
[2026-07-21T11:13:55.222+0000] {logging_mixin.py:190} INFO - [2026-07-21T11:13:55.221+0000] {dag.py:4180} INFO - Setting next_dagrun for my_dag to None, run_after=None
[2026-07-21T11:13:55.235+0000] {processor.py:208} INFO - Processing /opt/airflow/dags/my_tasks.py took 0.071 seconds
[2026-07-21T11:16:34.223+0000] {processor.py:186} INFO - Started process (PID=191) to work on /opt/airflow/dags/my_tasks.py
[2026-07-21T11:16:34.224+0000] {processor.py:914} INFO - Processing file /opt/airflow/dags/my_tasks.py for tasks to queue
[2026-07-21T11:16:34.226+0000] {logging_mixin.py:190} INFO - [2026-07-21T11:16:34.226+0000] {dagbag.py:588} INFO - Filling up the DagBag from /opt/airflow/dags/my_tasks.py
[2026-07-21T11:16:34.252+0000] {processor.py:925} INFO - DAG(s) 'my_dag' retrieved from /opt/airflow/dags/my_tasks.py
[2026-07-21T11:16:34.549+0000] {logging_mixin.py:190} INFO - [2026-07-21T11:16:34.549+0000] {override.py:1912} INFO - Created Permission View: can edit on DAG:my_dag
[2026-07-21T11:16:34.559+0000] {logging_mixin.py:190} INFO - [2026-07-21T11:16:34.558+0000] {override.py:1912} INFO - Created Permission View: can delete on DAG:my_dag
[2026-07-21T11:16:34.565+0000] {logging_mixin.py:190} INFO - [2026-07-21T11:16:34.564+0000] {override.py:1912} INFO - Created Permission View: can read on DAG:my_dag
[2026-07-21T11:16:34.574+0000] {logging_mixin.py:190} INFO - [2026-07-21T11:16:34.574+0000] {override.py:1912} INFO - Created Permission View: menu access on DAG Run:my_dag
[2026-07-21T11:16:34.580+0000] {logging_mixin.py:190} INFO - [2026-07-21T11:16:34.580+0000] {override.py:1912} INFO - Created Permission View: can create on DAG Run:my_dag
[2026-07-21T11:16:34.587+0000] {logging_mixin.py:190} INFO - [2026-07-21T11:16:34.586+0000] {override.py:1912} INFO - Created Permission View: can delete on DAG Run:my_dag
[2026-07-21T11:16:34.596+0000] {logging_mixin.py:190} INFO - [2026-07-21T11:16:34.595+0000] {override.py:1912} INFO - Created Permission View: can read on DAG Run:my_dag
[2026-07-21T11:16:34.596+0000] {logging_mixin.py:190} INFO - [2026-07-21T11:16:34.596+0000] {dag.py:3239} INFO - Sync 1 DAGs
[2026-07-21T11:16:34.607+0000] {logging_mixin.py:190} INFO - [2026-07-21T11:16:34.607+0000] {dag.py:3262} INFO - Creating ORM DAG for my_dag
[2026-07-21T11:16:34.615+0000] {logging_mixin.py:190} INFO - [2026-07-21T11:16:34.615+0000] {dag.py:4180} INFO - Setting next_dagrun for my_dag to 2026-03-02 00:00:00+00:00, run_after=2026-03-02 00:00:00+00:00
[2026-07-21T11:16:34.629+0000] {processor.py:208} INFO - Processing /opt/airflow/dags/my_tasks.py took 0.411 seconds
[2026-07-21T11:17:04.784+0000] {processor.py:186} INFO - Started process (PID=215) to work on /opt/airflow/dags/my_tasks.py
[2026-07-21T11:17:04.787+0000] {processor.py:914} INFO - Processing file /opt/airflow/dags/my_tasks.py for tasks to queue
[2026-07-21T11:17:04.789+0000] {logging_mixin.py:190} INFO - [2026-07-21T11:17:04.789+0000] {dagbag.py:588} INFO - Filling up the DagBag from /opt/airflow/dags/my_tasks.py
[2026-07-21T11:17:04.796+0000] {processor.py:925} INFO - DAG(s) 'my_dag' retrieved from /opt/airflow/dags/my_tasks.py
[2026-07-21T11:17:04.816+0000] {logging_mixin.py:190} INFO - [2026-07-21T11:17:04.815+0000] {dag.py:3239} INFO - Sync 1 DAGs
[2026-07-21T11:17:04.833+0000] {logging_mixin.py:190} INFO - [2026-07-21T11:17:04.833+0000] {dag.py:4180} INFO - Setting next_dagrun for my_dag to None, run_after=None
[2026-07-21T11:17:04.847+0000] {processor.py:208} INFO - Processing /opt/airflow/dags/my_tasks.py took 0.072 seconds
[2026-07-21T11:17:35.021+0000] {processor.py:186} INFO - Started process (PID=226) to work on /opt/airflow/dags/my_tasks.py
[2026-07-21T11:17:35.022+0000] {processor.py:914} INFO - Processing file /opt/airflow/dags/my_tasks.py for tasks to queue
[2026-07-21T11:17:35.023+0000] {logging_mixin.py:190} INFO - [2026-07-21T11:17:35.023+0000] {dagbag.py:588} INFO - Filling up the DagBag from /opt/airflow/dags/my_tasks.py
[2026-07-21T11:17:35.029+0000] {processor.py:925} INFO - DAG(s) 'my_dag' retrieved from /opt/airflow/dags/my_tasks.py
[2026-07-21T11:17:35.046+0000] {logging_mixin.py:190} INFO - [2026-07-21T11:17:35.046+0000] {dag.py:3239} INFO - Sync 1 DAGs
[2026-07-21T11:17:35.060+0000] {logging_mixin.py:190} INFO - [2026-07-21T11:17:35.060+0000] {dag.py:4180} INFO - Setting next_dagrun for my_dag to None, run_after=None
[2026-07-21T11:17:35.075+0000] {processor.py:208} INFO - Processing /opt/airflow/dags/my_tasks.py took 0.057 seconds
[2026-07-21T11:18:05.292+0000] {processor.py:186} INFO - Started process (PID=237) to work on /opt/airflow/dags/my_tasks.py
[2026-07-21T11:18:05.303+0000] {processor.py:914} INFO - Processing file /opt/airflow/dags/my_tasks.py for tasks to queue
[2026-07-21T11:18:05.306+0000] {logging_mixin.py:190} INFO - [2026-07-21T11:18:05.306+0000] {dagbag.py:588} INFO - Filling up the DagBag from /opt/airflow/dags/my_tasks.py
[2026-07-21T11:18:05.313+0000] {processor.py:925} INFO - DAG(s) 'my_dag' retrieved from /opt/airflow/dags/my_tasks.py
[2026-07-21T11:18:05.330+0000] {logging_mixin.py:190} INFO - [2026-07-21T11:18:05.329+0000] {dag.py:3239} INFO - Sync 1 DAGs
[2026-07-21T11:18:05.345+0000] {logging_mixin.py:190} INFO - [2026-07-21T11:18:05.345+0000] {dag.py:4180} INFO - Setting next_dagrun for my_dag to None, run_after=None
[2026-07-21T11:18:05.359+0000] {processor.py:208} INFO - Processing /opt/airflow/dags/my_tasks.py took 0.070 seconds
[2026-07-21T11:18:35.583+0000] {processor.py:186} INFO - Started process (PID=248) to work on /opt/airflow/dags/my_tasks.py
[2026-07-21T11:18:35.583+0000] {processor.py:914} INFO - Processing file /opt/airflow/dags/my_tasks.py for tasks to queue
[2026-07-21T11:18:35.585+0000] {logging_mixin.py:190} INFO - [2026-07-21T11:18:35.584+0000] {dagbag.py:588} INFO - Filling up the DagBag from /opt/airflow/dags/my_tasks.py
[2026-07-21T11:18:35.591+0000] {processor.py:925} INFO - DAG(s) 'my_dag' retrieved from /opt/airflow/dags/my_tasks.py
[2026-07-21T11:18:35.609+0000] {logging_mixin.py:190} INFO - [2026-07-21T11:18:35.609+0000] {dag.py:3239} INFO - Sync 1 DAGs
[2026-07-21T11:18:35.634+0000] {logging_mixin.py:190} INFO - [2026-07-21T11:18:35.634+0000] {dag.py:4180} INFO - Setting next_dagrun for my_dag to None, run_after=None
[2026-07-21T11:18:35.651+0000] {processor.py:208} INFO - Processing /opt/airflow/dags/my_tasks.py took 0.073 seconds
[2026-07-21T11:19:05.860+0000] {processor.py:186} INFO - Started process (PID=259) to work on /opt/airflow/dags/my_tasks.py
[2026-07-21T11:19:05.868+0000] {processor.py:914} INFO - Processing file /opt/airflow/dags/my_tasks.py for tasks to queue
[2026-07-21T11:19:05.870+0000] {logging_mixin.py:190} INFO - [2026-07-21T11:19:05.870+0000] {dagbag.py:588} INFO - Filling up the DagBag from /opt/airflow/dags/my_tasks.py
[2026-07-21T11:19:05.879+0000] {processor.py:925} INFO - DAG(s) 'my_dag' retrieved from /opt/airflow/dags/my_tasks.py
[2026-07-21T11:19:05.897+0000] {logging_mixin.py:190} INFO - [2026-07-21T11:19:05.897+0000] {dag.py:3239} INFO - Sync 1 DAGs
[2026-07-21T11:19:05.913+0000] {logging_mixin.py:190} INFO - [2026-07-21T11:19:05.913+0000] {dag.py:4180} INFO - Setting next_dagrun for my_dag to None, run_after=None
[2026-07-21T11:19:05.927+0000] {processor.py:208} INFO - Processing /opt/airflow/dags/my_tasks.py took 0.071 seconds
[2026-07-21T11:19:36.144+0000] {processor.py:186} INFO - Started process (PID=270) to work on /opt/airflow/dags/my_tasks.py
[2026-07-21T11:19:36.151+0000] {processor.py:914} INFO - Processing file /opt/airflow/dags/my_tasks.py for tasks to queue
[2026-07-21T11:19:36.153+0000] {logging_mixin.py:190} INFO - [2026-07-21T11:19:36.153+0000] {dagbag.py:588} INFO - Filling up the DagBag from /opt/airflow/dags/my_tasks.py
[2026-07-21T11:19:36.159+0000] {processor.py:925} INFO - DAG(s) 'my_dag' retrieved from /opt/airflow/dags/my_tasks.py
[2026-07-21T11:19:36.177+0000] {logging_mixin.py:190} INFO - [2026-07-21T11:19:36.177+0000] {dag.py:3239} INFO - Sync 1 DAGs
[2026-07-21T11:19:36.193+0000] {logging_mixin.py:190} INFO - [2026-07-21T11:19:36.193+0000] {dag.py:4180} INFO - Setting next_dagrun for my_dag to None, run_after=None
[2026-07-21T11:19:36.207+0000] {processor.py:208} INFO - Processing /opt/airflow/dags/my_tasks.py took 0.068 seconds
[2026-07-21T11:20:06.401+0000] {processor.py:186} INFO - Started process (PID=281) to work on /opt/airflow/dags/my_tasks.py
[2026-07-21T11:20:06.402+0000] {processor.py:914} INFO - Processing file /opt/airflow/dags/my_tasks.py for tasks to queue
[2026-07-21T11:20:06.403+0000] {logging_mixin.py:190} INFO - [2026-07-21T11:20:06.403+0000] {dagbag.py:588} INFO - Filling up the DagBag from /opt/airflow/dags/my_tasks.py
[2026-07-21T11:20:06.409+0000] {processor.py:925} INFO - DAG(s) 'my_dag' retrieved from /opt/airflow/dags/my_tasks.py
[2026-07-21T11:20:06.430+0000] {logging_mixin.py:190} INFO - [2026-07-21T11:20:06.429+0000] {dag.py:3239} INFO - Sync 1 DAGs
[2026-07-21T11:20:06.448+0000] {logging_mixin.py:190} INFO - [2026-07-21T11:20:06.448+0000] {dag.py:4180} INFO - Setting next_dagrun for my_dag to None, run_after=None
[2026-07-21T11:20:06.465+0000] {processor.py:208} INFO - Processing /opt/airflow/dags/my_tasks.py took 0.069 seconds
[2026-07-21T11:22:13.864+0000] {processor.py:186} INFO - Started process (PID=192) to work on /opt/airflow/dags/my_tasks.py
[2026-07-21T11:22:13.866+0000] {processor.py:914} INFO - Processing file /opt/airflow/dags/my_tasks.py for tasks to queue
[2026-07-21T11:22:13.868+0000] {logging_mixin.py:190} INFO - [2026-07-21T11:22:13.867+0000] {dagbag.py:588} INFO - Filling up the DagBag from /opt/airflow/dags/my_tasks.py
[2026-07-21T11:22:13.892+0000] {processor.py:925} INFO - DAG(s) 'my_dag' retrieved from /opt/airflow/dags/my_tasks.py
[2026-07-21T11:22:13.920+0000] {logging_mixin.py:190} INFO - [2026-07-21T11:22:13.920+0000] {dag.py:3239} INFO - Sync 1 DAGs
[2026-07-21T11:22:13.936+0000] {logging_mixin.py:190} INFO - [2026-07-21T11:22:13.936+0000] {dag.py:4180} INFO - Setting next_dagrun for my_dag to None, run_after=None
[2026-07-21T11:22:13.950+0000] {processor.py:208} INFO - Processing /opt/airflow/dags/my_tasks.py took 0.091 seconds
[2026-07-21T11:22:44.082+0000] {processor.py:186} INFO - Started process (PID=203) to work on /opt/airflow/dags/my_tasks.py
[2026-07-21T11:22:44.090+0000] {processor.py:914} INFO - Processing file /opt/airflow/dags/my_tasks.py for tasks to queue
[2026-07-21T11:22:44.092+0000] {logging_mixin.py:190} INFO - [2026-07-21T11:22:44.092+0000] {dagbag.py:588} INFO - Filling up the DagBag from /opt/airflow/dags/my_tasks.py
[2026-07-21T11:22:44.099+0000] {processor.py:925} INFO - DAG(s) 'my_dag' retrieved from /opt/airflow/dags/my_tasks.py
[2026-07-21T11:22:44.116+0000] {logging_mixin.py:190} INFO - [2026-07-21T11:22:44.116+0000] {dag.py:3239} INFO - Sync 1 DAGs
[2026-07-21T11:22:44.132+0000] {logging_mixin.py:190} INFO - [2026-07-21T11:22:44.132+0000] {dag.py:4180} INFO - Setting next_dagrun for my_dag to None, run_after=None
[2026-07-21T11:22:44.146+0000] {processor.py:208} INFO - Processing /opt/airflow/dags/my_tasks.py took 0.069 seconds
[2026-07-21T11:23:14.364+0000] {processor.py:186} INFO - Started process (PID=214) to work on /opt/airflow/dags/my_tasks.py
[2026-07-21T11:23:14.372+0000] {processor.py:914} INFO - Processing file /opt/airflow/dags/my_tasks.py for tasks to queue
[2026-07-21T11:23:14.374+0000] {logging_mixin.py:190} INFO - [2026-07-21T11:23:14.374+0000] {dagbag.py:588} INFO - Filling up the DagBag from /opt/airflow/dags/my_tasks.py
[2026-07-21T11:23:14.381+0000] {processor.py:925} INFO - DAG(s) 'my_dag' retrieved from /opt/airflow/dags/my_tasks.py
[2026-07-21T11:23:14.401+0000] {logging_mixin.py:190} INFO - [2026-07-21T11:23:14.401+0000] {dag.py:3239} INFO - Sync 1 DAGs
[2026-07-21T11:23:14.420+0000] {logging_mixin.py:190} INFO - [2026-07-21T11:23:14.420+0000] {dag.py:4180} INFO - Setting next_dagrun for my_dag to None, run_after=None
[2026-07-21T11:23:14.437+0000] {processor.py:208} INFO - Processing /opt/airflow/dags/my_tasks.py took 0.077 seconds
[2026-07-21T11:23:44.633+0000] {processor.py:186} INFO - Started process (PID=225) to work on /opt/airflow/dags/my_tasks.py
[2026-07-21T11:23:44.634+0000] {processor.py:914} INFO - Processing file /opt/airflow/dags/my_tasks.py for tasks to queue
[2026-07-21T11:23:44.636+0000] {logging_mixin.py:190} INFO - [2026-07-21T11:23:44.635+0000] {dagbag.py:588} INFO - Filling up the DagBag from /opt/airflow/dags/my_tasks.py
[2026-07-21T11:23:44.640+0000] {processor.py:925} INFO - DAG(s) 'my_dag' retrieved from /opt/airflow/dags/my_tasks.py
[2026-07-21T11:23:44.659+0000] {logging_mixin.py:190} INFO - [2026-07-21T11:23:44.658+0000] {dag.py:3239} INFO - Sync 1 DAGs
[2026-07-21T11:23:44.674+0000] {logging_mixin.py:190} INFO - [2026-07-21T11:23:44.674+0000] {dag.py:4180} INFO - Setting next_dagrun for my_dag to None, run_after=None
[2026-07-21T11:23:44.688+0000] {processor.py:208} INFO - Processing /opt/airflow/dags/my_tasks.py took 0.058 seconds
[2026-07-21T11:24:14.915+0000] {processor.py:186} INFO - Started process (PID=236) to work on /opt/airflow/dags/my_tasks.py
[2026-07-21T11:24:14.916+0000] {processor.py:914} INFO - Processing file /opt/airflow/dags/my_tasks.py for tasks to queue
[2026-07-21T11:24:14.917+0000] {logging_mixin.py:190} INFO - [2026-07-21T11:24:14.917+0000] {dagbag.py:588} INFO - Filling up the DagBag from /opt/airflow/dags/my_tasks.py
[2026-07-21T11:24:14.922+0000] {processor.py:925} INFO - DAG(s) 'my_dag' retrieved from /opt/airflow/dags/my_tasks.py
[2026-07-21T11:24:14.938+0000] {logging_mixin.py:190} INFO - [2026-07-21T11:24:14.938+0000] {dag.py:3239} INFO - Sync 1 DAGs
[2026-07-21T11:24:14.954+0000] {logging_mixin.py:190} INFO - [2026-07-21T11:24:14.954+0000] {dag.py:4180} INFO - Setting next_dagrun for my_dag to None, run_after=None
[2026-07-21T11:24:14.969+0000] {processor.py:208} INFO - Processing /opt/airflow/dags/my_tasks.py took 0.057 seconds
[2026-07-21T11:24:45.170+0000] {processor.py:186} INFO - Started process (PID=247) to work on /opt/airflow/dags/my_tasks.py
[2026-07-21T11:24:45.170+0000] {processor.py:914} INFO - Processing file /opt/airflow/dags/my_tasks.py for tasks to queue
[2026-07-21T11:24:45.172+0000] {logging_mixin.py:190} INFO - [2026-07-21T11:24:45.171+0000] {dagbag.py:588} INFO - Filling up the DagBag from /opt/airflow/dags/my_tasks.py
[2026-07-21T11:24:45.177+0000] {processor.py:925} INFO - DAG(s) 'my_dag' retrieved from /opt/airflow/dags/my_tasks.py
[2026-07-21T11:24:45.194+0000] {logging_mixin.py:190} INFO - [2026-07-21T11:24:45.194+0000] {dag.py:3239} INFO - Sync 1 DAGs
[2026-07-21T11:24:45.210+0000] {logging_mixin.py:190} INFO - [2026-07-21T11:24:45.210+0000] {dag.py:4180} INFO - Setting next_dagrun for my_dag to None, run_after=None
[2026-07-21T11:24:45.225+0000] {processor.py:208} INFO - Processing /opt/airflow/dags/my_tasks.py took 0.059 seconds
[2026-07-21T11:25:15.437+0000] {processor.py:186} INFO - Started process (PID=258) to work on /opt/airflow/dags/my_tasks.py
[2026-07-21T11:25:15.438+0000] {processor.py:914} INFO - Processing file /opt/airflow/dags/my_tasks.py for tasks to queue
[2026-07-21T11:25:15.440+0000] {logging_mixin.py:190} INFO - [2026-07-21T11:25:15.439+0000] {dagbag.py:588} INFO - Filling up the DagBag from /opt/airflow/dags/my_tasks.py
[2026-07-21T11:25:15.447+0000] {processor.py:925} INFO - DAG(s) 'my_dag' retrieved from /opt/airflow/dags/my_tasks.py
[2026-07-21T11:25:15.471+0000] {logging_mixin.py:190} INFO - [2026-07-21T11:25:15.471+0000] {dag.py:3239} INFO - Sync 1 DAGs
[2026-07-21T11:25:15.492+0000] {logging_mixin.py:190} INFO - [2026-07-21T11:25:15.492+0000] {dag.py:4180} INFO - Setting next_dagrun for my_dag to None, run_after=None
[2026-07-21T11:25:15.507+0000] {processor.py:208} INFO - Processing /opt/airflow/dags/my_tasks.py took 0.076 seconds
[2026-07-21T11:25:45.694+0000] {processor.py:186} INFO - Started process (PID=269) to work on /opt/airflow/dags/my_tasks.py
[2026-07-21T11:25:45.702+0000] {processor.py:914} INFO - Processing file /opt/airflow/dags/my_tasks.py for tasks to queue
[2026-07-21T11:25:45.705+0000] {logging_mixin.py:190} INFO - [2026-07-21T11:25:45.705+0000] {dagbag.py:588} INFO - Filling up the DagBag from /opt/airflow/dags/my_tasks.py
[2026-07-21T11:25:45.713+0000] {processor.py:925} INFO - DAG(s) 'my_dag' retrieved from /opt/airflow/dags/my_tasks.py
[2026-07-21T11:25:45.731+0000] {logging_mixin.py:190} INFO - [2026-07-21T11:25:45.730+0000] {dag.py:3239} INFO - Sync 1 DAGs
[2026-07-21T11:25:45.746+0000] {logging_mixin.py:190} INFO - [2026-07-21T11:25:45.746+0000] {dag.py:4180} INFO - Setting next_dagrun for my_dag to None, run_after=None
[2026-07-21T11:25:45.760+0000] {processor.py:208} INFO - Processing /opt/airflow/dags/my_tasks.py took 0.070 seconds
[2026-07-21T11:26:15.943+0000] {processor.py:186} INFO - Started process (PID=280) to work on /opt/airflow/dags/my_tasks.py
[2026-07-21T11:26:15.951+0000] {processor.py:914} INFO - Processing file /opt/airflow/dags/my_tasks.py for tasks to queue
[2026-07-21T11:26:15.953+0000] {logging_mixin.py:190} INFO - [2026-07-21T11:26:15.952+0000] {dagbag.py:588} INFO - Filling up the DagBag from /opt/airflow/dags/my_tasks.py
[2026-07-21T11:26:15.959+0000] {processor.py:925} INFO - DAG(s) 'my_dag' retrieved from /opt/airflow/dags/my_tasks.py
[2026-07-21T11:26:15.977+0000] {logging_mixin.py:190} INFO - [2026-07-21T11:26:15.977+0000] {dag.py:3239} INFO - Sync 1 DAGs
[2026-07-21T11:26:15.994+0000] {logging_mixin.py:190} INFO - [2026-07-21T11:26:15.994+0000] {dag.py:4180} INFO - Setting next_dagrun for my_dag to None, run_after=None
[2026-07-21T11:26:16.009+0000] {processor.py:208} INFO - Processing /opt/airflow/dags/my_tasks.py took 0.069 seconds
[2026-07-21T11:26:46.219+0000] {processor.py:186} INFO - Started process (PID=291) to work on /opt/airflow/dags/my_tasks.py
[2026-07-21T11:26:46.226+0000] {processor.py:914} INFO - Processing file /opt/airflow/dags/my_tasks.py for tasks to queue
[2026-07-21T11:26:46.228+0000] {logging_mixin.py:190} INFO - [2026-07-21T11:26:46.228+0000] {dagbag.py:588} INFO - Filling up the DagBag from /opt/airflow/dags/my_tasks.py
[2026-07-21T11:26:46.235+0000] {processor.py:925} INFO - DAG(s) 'my_dag' retrieved from /opt/airflow/dags/my_tasks.py
[2026-07-21T11:26:46.252+0000] {logging_mixin.py:190} INFO - [2026-07-21T11:26:46.252+0000] {dag.py:3239} INFO - Sync 1 DAGs
[2026-07-21T11:26:46.278+0000] {logging_mixin.py:190} INFO - [2026-07-21T11:26:46.278+0000] {dag.py:4180} INFO - Setting next_dagrun for my_dag to None, run_after=None
[2026-07-21T11:26:46.301+0000] {processor.py:208} INFO - Processing /opt/airflow/dags/my_tasks.py took 0.086 seconds
[2026-07-21T11:27:16.492+0000] {processor.py:186} INFO - Started process (PID=302) to work on /opt/airflow/dags/my_tasks.py
[2026-07-21T11:27:16.500+0000] {processor.py:914} INFO - Processing file /opt/airflow/dags/my_tasks.py for tasks to queue
[2026-07-21T11:27:16.503+0000] {logging_mixin.py:190} INFO - [2026-07-21T11:27:16.502+0000] {dagbag.py:588} INFO - Filling up the DagBag from /opt/airflow/dags/my_tasks.py
[2026-07-21T11:27:16.510+0000] {processor.py:925} INFO - DAG(s) 'my_dag' retrieved from /opt/airflow/dags/my_tasks.py
[2026-07-21T11:27:16.527+0000] {logging_mixin.py:190} INFO - [2026-07-21T11:27:16.527+0000] {dag.py:3239} INFO - Sync 1 DAGs
[2026-07-21T11:27:16.543+0000] {logging_mixin.py:190} INFO - [2026-07-21T11:27:16.542+0000] {dag.py:4180} INFO - Setting next_dagrun for my_dag to None, run_after=None
[2026-07-21T11:27:16.556+0000] {processor.py:208} INFO - Processing /opt/airflow/dags/my_tasks.py took 0.068 seconds
[2026-07-21T11:27:46.753+0000] {processor.py:186} INFO - Started process (PID=313) to work on /opt/airflow/dags/my_tasks.py
[2026-07-21T11:27:46.753+0000] {processor.py:914} INFO - Processing file /opt/airflow/dags/my_tasks.py for tasks to queue
[2026-07-21T11:27:46.755+0000] {logging_mixin.py:190} INFO - [2026-07-21T11:27:46.754+0000] {dagbag.py:588} INFO - Filling up the DagBag from /opt/airflow/dags/my_tasks.py
[2026-07-21T11:27:46.760+0000] {processor.py:925} INFO - DAG(s) 'my_dag' retrieved from /opt/airflow/dags/my_tasks.py
[2026-07-21T11:27:46.779+0000] {logging_mixin.py:190} INFO - [2026-07-21T11:27:46.778+0000] {dag.py:3239} INFO - Sync 1 DAGs
[2026-07-21T11:27:46.800+0000] {logging_mixin.py:190} INFO - [2026-07-21T11:27:46.799+0000] {dag.py:4180} INFO - Setting next_dagrun for my_dag to None, run_after=None
[2026-07-21T11:27:46.817+0000] {processor.py:208} INFO - Processing /opt/airflow/dags/my_tasks.py took 0.069 seconds
[2026-07-21T11:28:16.962+0000] {processor.py:186} INFO - Started process (PID=324) to work on /opt/airflow/dags/my_tasks.py
[2026-07-21T11:28:16.970+0000] {processor.py:914} INFO - Processing file /opt/airflow/dags/my_tasks.py for tasks to queue
[2026-07-21T11:28:16.972+0000] {logging_mixin.py:190} INFO - [2026-07-21T11:28:16.971+0000] {dagbag.py:588} INFO - Filling up the DagBag from /opt/airflow/dags/my_tasks.py
[2026-07-21T11:28:16.980+0000] {processor.py:925} INFO - DAG(s) 'my_dag' retrieved from /opt/airflow/dags/my_tasks.py
[2026-07-21T11:28:17.000+0000] {logging_mixin.py:190} INFO - [2026-07-21T11:28:16.999+0000] {dag.py:3239} INFO - Sync 1 DAGs
[2026-07-21T11:28:17.016+0000] {logging_mixin.py:190} INFO - [2026-07-21T11:28:17.016+0000] {dag.py:4180} INFO - Setting next_dagrun for my_dag to None, run_after=None
[2026-07-21T11:28:17.030+0000] {processor.py:208} INFO - Processing /opt/airflow/dags/my_tasks.py took 0.072 seconds
[2026-07-21T11:31:03.552+0000] {processor.py:186} INFO - Started process (PID=191) to work on /opt/airflow/dags/my_tasks.py
[2026-07-21T11:31:03.553+0000] {processor.py:914} INFO - Processing file /opt/airflow/dags/my_tasks.py for tasks to queue
[2026-07-21T11:31:03.554+0000] {logging_mixin.py:190} INFO - [2026-07-21T11:31:03.554+0000] {dagbag.py:588} INFO - Filling up the DagBag from /opt/airflow/dags/my_tasks.py
[2026-07-21T11:31:03.577+0000] {processor.py:925} INFO - DAG(s) 'my_dag' retrieved from /opt/airflow/dags/my_tasks.py
[2026-07-21T11:31:03.601+0000] {logging_mixin.py:190} INFO - [2026-07-21T11:31:03.601+0000] {dag.py:3239} INFO - Sync 1 DAGs
[2026-07-21T11:31:03.617+0000] {logging_mixin.py:190} INFO - [2026-07-21T11:31:03.617+0000] {dag.py:4180} INFO - Setting next_dagrun for my_dag to None, run_after=None
[2026-07-21T11:31:03.631+0000] {processor.py:208} INFO - Processing /opt/airflow/dags/my_tasks.py took 0.083 seconds
[2026-07-21T11:31:33.767+0000] {processor.py:186} INFO - Started process (PID=202) to work on /opt/airflow/dags/my_tasks.py
[2026-07-21T11:31:33.767+0000] {processor.py:914} INFO - Processing file /opt/airflow/dags/my_tasks.py for tasks to queue
[2026-07-21T11:31:33.768+0000] {logging_mixin.py:190} INFO - [2026-07-21T11:31:33.768+0000] {dagbag.py:588} INFO - Filling up the DagBag from /opt/airflow/dags/my_tasks.py
[2026-07-21T11:31:33.773+0000] {processor.py:925} INFO - DAG(s) 'my_dag' retrieved from /opt/airflow/dags/my_tasks.py
[2026-07-21T11:31:33.790+0000] {logging_mixin.py:190} INFO - [2026-07-21T11:31:33.790+0000] {dag.py:3239} INFO - Sync 1 DAGs
[2026-07-21T11:31:33.810+0000] {logging_mixin.py:190} INFO - [2026-07-21T11:31:33.810+0000] {dag.py:4180} INFO - Setting next_dagrun for my_dag to None, run_after=None
[2026-07-21T11:31:33.827+0000] {processor.py:208} INFO - Processing /opt/airflow/dags/my_tasks.py took 0.065 seconds
[2026-07-21T11:32:04.032+0000] {processor.py:186} INFO - Started process (PID=213) to work on /opt/airflow/dags/my_tasks.py
[2026-07-21T11:32:04.040+0000] {processor.py:914} INFO - Processing file /opt/airflow/dags/my_tasks.py for tasks to queue
[2026-07-21T11:32:04.041+0000] {logging_mixin.py:190} INFO - [2026-07-21T11:32:04.041+0000] {dagbag.py:588} INFO - Filling up the DagBag from /opt/airflow/dags/my_tasks.py
[2026-07-21T11:32:04.047+0000] {processor.py:925} INFO - DAG(s) 'my_dag' retrieved from /opt/airflow/dags/my_tasks.py
[2026-07-21T11:32:04.066+0000] {logging_mixin.py:190} INFO - [2026-07-21T11:32:04.066+0000] {dag.py:3239} INFO - Sync 1 DAGs
[2026-07-21T11:32:04.082+0000] {logging_mixin.py:190} INFO - [2026-07-21T11:32:04.082+0000] {dag.py:4180} INFO - Setting next_dagrun for my_dag to None, run_after=None
[2026-07-21T11:32:04.098+0000] {processor.py:208} INFO - Processing /opt/airflow/dags/my_tasks.py took 0.071 seconds
[2026-07-21T11:32:34.288+0000] {processor.py:186} INFO - Started process (PID=224) to work on /opt/airflow/dags/my_tasks.py
[2026-07-21T11:32:34.289+0000] {processor.py:914} INFO - Processing file /opt/airflow/dags/my_tasks.py for tasks to queue
[2026-07-21T11:32:34.291+0000] {logging_mixin.py:190} INFO - [2026-07-21T11:32:34.291+0000] {dagbag.py:588} INFO - Filling up the DagBag from /opt/airflow/dags/my_tasks.py
[2026-07-21T11:32:34.297+0000] {processor.py:925} INFO - DAG(s) 'my_dag' retrieved from /opt/airflow/dags/my_tasks.py
[2026-07-21T11:32:34.315+0000] {logging_mixin.py:190} INFO - [2026-07-21T11:32:34.315+0000] {dag.py:3239} INFO - Sync 1 DAGs
[2026-07-21T11:32:34.330+0000] {logging_mixin.py:190} INFO - [2026-07-21T11:32:34.330+0000] {dag.py:4180} INFO - Setting next_dagrun for my_dag to None, run_after=None
[2026-07-21T11:32:34.344+0000] {processor.py:208} INFO - Processing /opt/airflow/dags/my_tasks.py took 0.061 seconds
[2026-07-21T11:33:04.546+0000] {processor.py:186} INFO - Started process (PID=248) to work on /opt/airflow/dags/my_tasks.py
[2026-07-21T11:33:04.546+0000] {processor.py:914} INFO - Processing file /opt/airflow/dags/my_tasks.py for tasks to queue
[2026-07-21T11:33:04.548+0000] {logging_mixin.py:190} INFO - [2026-07-21T11:33:04.547+0000] {dagbag.py:588} INFO - Filling up the DagBag from /opt/airflow/dags/my_tasks.py
[2026-07-21T11:33:04.553+0000] {processor.py:925} INFO - DAG(s) 'my_dag' retrieved from /opt/airflow/dags/my_tasks.py
[2026-07-21T11:33:04.569+0000] {logging_mixin.py:190} INFO - [2026-07-21T11:33:04.569+0000] {dag.py:3239} INFO - Sync 1 DAGs
[2026-07-21T11:33:04.585+0000] {logging_mixin.py:190} INFO - [2026-07-21T11:33:04.585+0000] {dag.py:4180} INFO - Setting next_dagrun for my_dag to None, run_after=None
[2026-07-21T11:33:04.598+0000] {processor.py:208} INFO - Processing /opt/airflow/dags/my_tasks.py took 0.057 seconds
[2026-07-21T11:33:34.817+0000] {processor.py:186} INFO - Started process (PID=259) to work on /opt/airflow/dags/my_tasks.py
[2026-07-21T11:33:34.817+0000] {processor.py:914} INFO - Processing file /opt/airflow/dags/my_tasks.py for tasks to queue
[2026-07-21T11:33:34.819+0000] {logging_mixin.py:190} INFO - [2026-07-21T11:33:34.818+0000] {dagbag.py:588} INFO - Filling up the DagBag from /opt/airflow/dags/my_tasks.py
[2026-07-21T11:33:34.824+0000] {processor.py:925} INFO - DAG(s) 'my_dag' retrieved from /opt/airflow/dags/my_tasks.py
[2026-07-21T11:33:34.842+0000] {logging_mixin.py:190} INFO - [2026-07-21T11:33:34.842+0000] {dag.py:3239} INFO - Sync 1 DAGs
[2026-07-21T11:33:34.859+0000] {logging_mixin.py:190} INFO - [2026-07-21T11:33:34.859+0000] {dag.py:4180} INFO - Setting next_dagrun for my_dag to None, run_after=None
[2026-07-21T11:33:34.873+0000] {processor.py:208} INFO - Processing /opt/airflow/dags/my_tasks.py took 0.060 seconds
[2026-07-21T11:34:05.092+0000] {processor.py:186} INFO - Started process (PID=270) to work on /opt/airflow/dags/my_tasks.py
[2026-07-21T11:34:05.093+0000] {processor.py:914} INFO - Processing file /opt/airflow/dags/my_tasks.py for tasks to queue
[2026-07-21T11:34:05.094+0000] {logging_mixin.py:190} INFO - [2026-07-21T11:34:05.094+0000] {dagbag.py:588} INFO - Filling up the DagBag from /opt/airflow/dags/my_tasks.py
[2026-07-21T11:34:05.100+0000] {processor.py:925} INFO - DAG(s) 'my_dag' retrieved from /opt/airflow/dags/my_tasks.py
[2026-07-21T11:34:05.117+0000] {logging_mixin.py:190} INFO - [2026-07-21T11:34:05.117+0000] {dag.py:3239} INFO - Sync 1 DAGs
[2026-07-21T11:34:05.132+0000] {logging_mixin.py:190} INFO - [2026-07-21T11:34:05.132+0000] {dag.py:4180} INFO - Setting next_dagrun for my_dag to None, run_after=None
[2026-07-21T11:34:05.147+0000] {processor.py:208} INFO - Processing /opt/airflow/dags/my_tasks.py took 0.059 seconds
[2026-07-21T11:36:22.198+0000] {processor.py:186} INFO - Started process (PID=190) to work on /opt/airflow/dags/my_tasks.py
[2026-07-21T11:36:22.199+0000] {processor.py:914} INFO - Processing file /opt/airflow/dags/my_tasks.py for tasks to queue
[2026-07-21T11:36:22.201+0000] {logging_mixin.py:190} INFO - [2026-07-21T11:36:22.200+0000] {dagbag.py:588} INFO - Filling up the DagBag from /opt/airflow/dags/my_tasks.py
[2026-07-21T11:36:22.226+0000] {processor.py:925} INFO - DAG(s) 'my_dag' retrieved from /opt/airflow/dags/my_tasks.py
[2026-07-21T11:36:22.512+0000] {logging_mixin.py:190} INFO - [2026-07-21T11:36:22.512+0000] {override.py:1912} INFO - Created Permission View: can edit on DAG:my_dag
[2026-07-21T11:36:22.523+0000] {logging_mixin.py:190} INFO - [2026-07-21T11:36:22.523+0000] {override.py:1912} INFO - Created Permission View: can delete on DAG:my_dag
[2026-07-21T11:36:22.529+0000] {logging_mixin.py:190} INFO - [2026-07-21T11:36:22.529+0000] {override.py:1912} INFO - Created Permission View: can read on DAG:my_dag
[2026-07-21T11:36:22.541+0000] {logging_mixin.py:190} INFO - [2026-07-21T11:36:22.541+0000] {override.py:1912} INFO - Created Permission View: can create on DAG Run:my_dag
[2026-07-21T11:36:22.547+0000] {logging_mixin.py:190} INFO - [2026-07-21T11:36:22.547+0000] {override.py:1912} INFO - Created Permission View: can delete on DAG Run:my_dag
[2026-07-21T11:36:22.554+0000] {logging_mixin.py:190} INFO - [2026-07-21T11:36:22.554+0000] {override.py:1912} INFO - Created Permission View: menu access on DAG Run:my_dag
[2026-07-21T11:36:22.560+0000] {logging_mixin.py:190} INFO - [2026-07-21T11:36:22.560+0000] {override.py:1912} INFO - Created Permission View: can read on DAG Run:my_dag
[2026-07-21T11:36:22.560+0000] {logging_mixin.py:190} INFO - [2026-07-21T11:36:22.560+0000] {dag.py:3239} INFO - Sync 1 DAGs
[2026-07-21T11:36:22.569+0000] {logging_mixin.py:190} INFO - [2026-07-21T11:36:22.568+0000] {dag.py:3262} INFO - Creating ORM DAG for my_dag
[2026-07-21T11:36:22.575+0000] {logging_mixin.py:190} INFO - [2026-07-21T11:36:22.575+0000] {dag.py:4180} INFO - Setting next_dagrun for my_dag to 2026-03-02 00:00:00+00:00, run_after=2026-03-02 00:00:00+00:00
[2026-07-21T11:36:22.588+0000] {processor.py:208} INFO - Processing /opt/airflow/dags/my_tasks.py took 0.395 seconds
[2026-07-21T11:36:52.741+0000] {processor.py:186} INFO - Started process (PID=214) to work on /opt/airflow/dags/my_tasks.py
[2026-07-21T11:36:52.744+0000] {processor.py:914} INFO - Processing file /opt/airflow/dags/my_tasks.py for tasks to queue
[2026-07-21T11:36:52.746+0000] {logging_mixin.py:190} INFO - [2026-07-21T11:36:52.746+0000] {dagbag.py:588} INFO - Filling up the DagBag from /opt/airflow/dags/my_tasks.py
[2026-07-21T11:36:52.754+0000] {processor.py:925} INFO - DAG(s) 'my_dag' retrieved from /opt/airflow/dags/my_tasks.py
[2026-07-21T11:36:52.772+0000] {logging_mixin.py:190} INFO - [2026-07-21T11:36:52.772+0000] {dag.py:3239} INFO - Sync 1 DAGs
[2026-07-21T11:36:52.793+0000] {logging_mixin.py:190} INFO - [2026-07-21T11:36:52.793+0000] {dag.py:4180} INFO - Setting next_dagrun for my_dag to None, run_after=None
[2026-07-21T11:36:52.813+0000] {processor.py:208} INFO - Processing /opt/airflow/dags/my_tasks.py took 0.080 seconds
[2026-07-21T11:37:22.984+0000] {processor.py:186} INFO - Started process (PID=225) to work on /opt/airflow/dags/my_tasks.py
[2026-07-21T11:37:22.985+0000] {processor.py:914} INFO - Processing file /opt/airflow/dags/my_tasks.py for tasks to queue
[2026-07-21T11:37:22.986+0000] {logging_mixin.py:190} INFO - [2026-07-21T11:37:22.986+0000] {dagbag.py:588} INFO - Filling up the DagBag from /opt/airflow/dags/my_tasks.py
[2026-07-21T11:37:22.993+0000] {processor.py:925} INFO - DAG(s) 'my_dag' retrieved from /opt/airflow/dags/my_tasks.py
[2026-07-21T11:37:23.010+0000] {logging_mixin.py:190} INFO - [2026-07-21T11:37:23.010+0000] {dag.py:3239} INFO - Sync 1 DAGs
[2026-07-21T11:37:23.028+0000] {logging_mixin.py:190} INFO - [2026-07-21T11:37:23.028+0000] {dag.py:4180} INFO - Setting next_dagrun for my_dag to None, run_after=None
[2026-07-21T11:37:23.043+0000] {processor.py:208} INFO - Processing /opt/airflow/dags/my_tasks.py took 0.063 seconds
[2026-07-21T11:37:53.230+0000] {processor.py:186} INFO - Started process (PID=236) to work on /opt/airflow/dags/my_tasks.py
[2026-07-21T11:37:53.231+0000] {processor.py:914} INFO - Processing file /opt/airflow/dags/my_tasks.py for tasks to queue
[2026-07-21T11:37:53.233+0000] {logging_mixin.py:190} INFO - [2026-07-21T11:37:53.232+0000] {dagbag.py:588} INFO - Filling up the DagBag from /opt/airflow/dags/my_tasks.py
[2026-07-21T11:37:53.238+0000] {processor.py:925} INFO - DAG(s) 'my_dag' retrieved from /opt/airflow/dags/my_tasks.py
[2026-07-21T11:37:53.255+0000] {logging_mixin.py:190} INFO - [2026-07-21T11:37:53.255+0000] {dag.py:3239} INFO - Sync 1 DAGs
[2026-07-21T11:37:53.271+0000] {logging_mixin.py:190} INFO - [2026-07-21T11:37:53.271+0000] {dag.py:4180} INFO - Setting next_dagrun for my_dag to None, run_after=None
[2026-07-21T11:37:53.284+0000] {processor.py:208} INFO - Processing /opt/airflow/dags/my_tasks.py took 0.058 seconds
[2026-07-21T11:38:23.509+0000] {processor.py:186} INFO - Started process (PID=247) to work on /opt/airflow/dags/my_tasks.py
[2026-07-21T11:38:23.517+0000] {processor.py:914} INFO - Processing file /opt/airflow/dags/my_tasks.py for tasks to queue
[2026-07-21T11:38:23.518+0000] {logging_mixin.py:190} INFO - [2026-07-21T11:38:23.518+0000] {dagbag.py:588} INFO - Filling up the DagBag from /opt/airflow/dags/my_tasks.py
[2026-07-21T11:38:23.524+0000] {processor.py:925} INFO - DAG(s) 'my_dag' retrieved from /opt/airflow/dags/my_tasks.py
[2026-07-21T11:38:23.544+0000] {logging_mixin.py:190} INFO - [2026-07-21T11:38:23.544+0000] {dag.py:3239} INFO - Sync 1 DAGs
[2026-07-21T11:38:23.569+0000] {logging_mixin.py:190} INFO - [2026-07-21T11:38:23.568+0000] {dag.py:4180} INFO - Setting next_dagrun for my_dag to None, run_after=None
[2026-07-21T11:38:23.588+0000] {processor.py:208} INFO - Processing /opt/airflow/dags/my_tasks.py took 0.084 seconds
[2026-07-21T11:38:53.775+0000] {processor.py:186} INFO - Started process (PID=258) to work on /opt/airflow/dags/my_tasks.py
[2026-07-21T11:38:53.783+0000] {processor.py:914} INFO - Processing file /opt/airflow/dags/my_tasks.py for tasks to queue
[2026-07-21T11:38:53.784+0000] {logging_mixin.py:190} INFO - [2026-07-21T11:38:53.784+0000] {dagbag.py:588} INFO - Filling up the DagBag from /opt/airflow/dags/my_tasks.py
[2026-07-21T11:38:53.789+0000] {processor.py:925} INFO - DAG(s) 'my_dag' retrieved from /opt/airflow/dags/my_tasks.py
[2026-07-21T11:38:53.807+0000] {logging_mixin.py:190} INFO - [2026-07-21T11:38:53.807+0000] {dag.py:3239} INFO - Sync 1 DAGs
[2026-07-21T11:38:53.824+0000] {logging_mixin.py:190} INFO - [2026-07-21T11:38:53.824+0000] {dag.py:4180} INFO - Setting next_dagrun for my_dag to None, run_after=None
[2026-07-21T11:38:53.838+0000] {processor.py:208} INFO - Processing /opt/airflow/dags/my_tasks.py took 0.067 seconds
[2026-07-21T11:39:24.025+0000] {processor.py:186} INFO - Started process (PID=269) to work on /opt/airflow/dags/my_tasks.py
[2026-07-21T11:39:24.033+0000] {processor.py:914} INFO - Processing file /opt/airflow/dags/my_tasks.py for tasks to queue
[2026-07-21T11:39:24.035+0000] {logging_mixin.py:190} INFO - [2026-07-21T11:39:24.034+0000] {dagbag.py:588} INFO - Filling up the DagBag from /opt/airflow/dags/my_tasks.py
[2026-07-21T11:39:24.041+0000] {processor.py:925} INFO - DAG(s) 'my_dag' retrieved from /opt/airflow/dags/my_tasks.py
[2026-07-21T11:39:24.067+0000] {logging_mixin.py:190} INFO - [2026-07-21T11:39:24.066+0000] {dag.py:3239} INFO - Sync 1 DAGs
[2026-07-21T11:39:24.091+0000] {logging_mixin.py:190} INFO - [2026-07-21T11:39:24.091+0000] {dag.py:4180} INFO - Setting next_dagrun for my_dag to None, run_after=None
[2026-07-21T11:39:24.104+0000] {processor.py:208} INFO - Processing /opt/airflow/dags/my_tasks.py took 0.083 seconds
[2026-07-21T11:39:54.287+0000] {processor.py:186} INFO - Started process (PID=280) to work on /opt/airflow/dags/my_tasks.py
[2026-07-21T11:39:54.295+0000] {processor.py:914} INFO - Processing file /opt/airflow/dags/my_tasks.py for tasks to queue
[2026-07-21T11:39:54.297+0000] {logging_mixin.py:190} INFO - [2026-07-21T11:39:54.297+0000] {dagbag.py:588} INFO - Filling up the DagBag from /opt/airflow/dags/my_tasks.py
[2026-07-21T11:39:54.305+0000] {processor.py:925} INFO - DAG(s) 'my_dag' retrieved from /opt/airflow/dags/my_tasks.py
[2026-07-21T11:39:54.325+0000] {logging_mixin.py:190} INFO - [2026-07-21T11:39:54.325+0000] {dag.py:3239} INFO - Sync 1 DAGs
[2026-07-21T11:39:54.341+0000] {logging_mixin.py:190} INFO - [2026-07-21T11:39:54.341+0000] {dag.py:4180} INFO - Setting next_dagrun for my_dag to None, run_after=None
[2026-07-21T11:39:54.356+0000] {processor.py:208} INFO - Processing /opt/airflow/dags/my_tasks.py took 0.073 seconds
[2026-07-21T11:40:24.563+0000] {processor.py:186} INFO - Started process (PID=291) to work on /opt/airflow/dags/my_tasks.py
[2026-07-21T11:40:24.564+0000] {processor.py:914} INFO - Processing file /opt/airflow/dags/my_tasks.py for tasks to queue
[2026-07-21T11:40:24.565+0000] {logging_mixin.py:190} INFO - [2026-07-21T11:40:24.565+0000] {dagbag.py:588} INFO - Filling up the DagBag from /opt/airflow/dags/my_tasks.py
[2026-07-21T11:40:24.570+0000] {processor.py:925} INFO - DAG(s) 'my_dag' retrieved from /opt/airflow/dags/my_tasks.py
[2026-07-21T11:40:24.588+0000] {logging_mixin.py:190} INFO - [2026-07-21T11:40:24.588+0000] {dag.py:3239} INFO - Sync 1 DAGs
[2026-07-21T11:40:24.603+0000] {logging_mixin.py:190} INFO - [2026-07-21T11:40:24.603+0000] {dag.py:4180} INFO - Setting next_dagrun for my_dag to None, run_after=None
[2026-07-21T11:40:24.617+0000] {processor.py:208} INFO - Processing /opt/airflow/dags/my_tasks.py took 0.059 seconds
[2026-07-21T11:40:54.818+0000] {processor.py:186} INFO - Started process (PID=302) to work on /opt/airflow/dags/my_tasks.py
[2026-07-21T11:40:54.822+0000] {processor.py:914} INFO - Processing file /opt/airflow/dags/my_tasks.py for tasks to queue
[2026-07-21T11:40:54.823+0000] {logging_mixin.py:190} INFO - [2026-07-21T11:40:54.823+0000] {dagbag.py:588} INFO - Filling up the DagBag from /opt/airflow/dags/my_tasks.py
[2026-07-21T11:40:54.828+0000] {processor.py:925} INFO - DAG(s) 'my_dag' retrieved from /opt/airflow/dags/my_tasks.py
[2026-07-21T11:40:54.846+0000] {logging_mixin.py:190} INFO - [2026-07-21T11:40:54.846+0000] {dag.py:3239} INFO - Sync 1 DAGs
[2026-07-21T11:40:54.861+0000] {logging_mixin.py:190} INFO - [2026-07-21T11:40:54.861+0000] {dag.py:4180} INFO - Setting next_dagrun for my_dag to None, run_after=None
[2026-07-21T11:40:54.875+0000] {processor.py:208} INFO - Processing /opt/airflow/dags/my_tasks.py took 0.062 seconds
[2026-07-21T11:41:25.089+0000] {processor.py:186} INFO - Started process (PID=313) to work on /opt/airflow/dags/my_tasks.py
[2026-07-21T11:41:25.097+0000] {processor.py:914} INFO - Processing file /opt/airflow/dags/my_tasks.py for tasks to queue
[2026-07-21T11:41:25.101+0000] {logging_mixin.py:190} INFO - [2026-07-21T11:41:25.101+0000] {dagbag.py:588} INFO - Filling up the DagBag from /opt/airflow/dags/my_tasks.py
[2026-07-21T11:41:25.109+0000] {processor.py:925} INFO - DAG(s) 'my_dag' retrieved from /opt/airflow/dags/my_tasks.py
[2026-07-21T11:41:25.129+0000] {logging_mixin.py:190} INFO - [2026-07-21T11:41:25.128+0000] {dag.py:3239} INFO - Sync 1 DAGs
[2026-07-21T11:41:25.146+0000] {logging_mixin.py:190} INFO - [2026-07-21T11:41:25.146+0000] {dag.py:4180} INFO - Setting next_dagrun for my_dag to None, run_after=None
[2026-07-21T11:41:25.160+0000] {processor.py:208} INFO - Processing /opt/airflow/dags/my_tasks.py took 0.076 seconds
[2026-07-21T11:41:55.355+0000] {processor.py:186} INFO - Started process (PID=324) to work on /opt/airflow/dags/my_tasks.py
[2026-07-21T11:41:55.363+0000] {processor.py:914} INFO - Processing file /opt/airflow/dags/my_tasks.py for tasks to queue
[2026-07-21T11:41:55.366+0000] {logging_mixin.py:190} INFO - [2026-07-21T11:41:55.365+0000] {dagbag.py:588} INFO - Filling up the DagBag from /opt/airflow/dags/my_tasks.py
[2026-07-21T11:41:55.376+0000] {processor.py:925} INFO - DAG(s) 'my_dag' retrieved from /opt/airflow/dags/my_tasks.py
[2026-07-21T11:41:55.394+0000] {logging_mixin.py:190} INFO - [2026-07-21T11:41:55.394+0000] {dag.py:3239} INFO - Sync 1 DAGs
[2026-07-21T11:41:55.410+0000] {logging_mixin.py:190} INFO - [2026-07-21T11:41:55.410+0000] {dag.py:4180} INFO - Setting next_dagrun for my_dag to None, run_after=None
[2026-07-21T11:41:55.424+0000] {processor.py:208} INFO - Processing /opt/airflow/dags/my_tasks.py took 0.073 seconds
[2026-07-21T11:42:25.634+0000] {processor.py:186} INFO - Started process (PID=335) to work on /opt/airflow/dags/my_tasks.py
[2026-07-21T11:42:25.642+0000] {processor.py:914} INFO - Processing file /opt/airflow/dags/my_tasks.py for tasks to queue
[2026-07-21T11:42:25.644+0000] {logging_mixin.py:190} INFO - [2026-07-21T11:42:25.644+0000] {dagbag.py:588} INFO - Filling up the DagBag from /opt/airflow/dags/my_tasks.py
[2026-07-21T11:42:25.650+0000] {processor.py:925} INFO - DAG(s) 'my_dag' retrieved from /opt/airflow/dags/my_tasks.py
[2026-07-21T11:42:25.670+0000] {logging_mixin.py:190} INFO - [2026-07-21T11:42:25.670+0000] {dag.py:3239} INFO - Sync 1 DAGs
[2026-07-21T11:42:25.696+0000] {logging_mixin.py:190} INFO - [2026-07-21T11:42:25.695+0000] {dag.py:4180} INFO - Setting next_dagrun for my_dag to None, run_after=None
[2026-07-21T11:42:25.713+0000] {processor.py:208} INFO - Processing /opt/airflow/dags/my_tasks.py took 0.083 seconds
[2026-07-21T11:42:55.903+0000] {processor.py:186} INFO - Started process (PID=346) to work on /opt/airflow/dags/my_tasks.py
[2026-07-21T11:42:55.904+0000] {processor.py:914} INFO - Processing file /opt/airflow/dags/my_tasks.py for tasks to queue
[2026-07-21T11:42:55.905+0000] {logging_mixin.py:190} INFO - [2026-07-21T11:42:55.905+0000] {dagbag.py:588} INFO - Filling up the DagBag from /opt/airflow/dags/my_tasks.py
[2026-07-21T11:42:55.911+0000] {processor.py:925} INFO - DAG(s) 'my_dag' retrieved from /opt/airflow/dags/my_tasks.py
[2026-07-21T11:42:55.931+0000] {logging_mixin.py:190} INFO - [2026-07-21T11:42:55.931+0000] {dag.py:3239} INFO - Sync 1 DAGs
[2026-07-21T11:42:55.952+0000] {logging_mixin.py:190} INFO - [2026-07-21T11:42:55.951+0000] {dag.py:4180} INFO - Setting next_dagrun for my_dag to None, run_after=None
[2026-07-21T11:42:56.027+0000] {processor.py:208} INFO - Processing /opt/airflow/dags/my_tasks.py took 0.130 seconds
[2026-07-21T11:43:26.140+0000] {processor.py:186} INFO - Started process (PID=357) to work on /opt/airflow/dags/my_tasks.py
[2026-07-21T11:43:26.141+0000] {processor.py:914} INFO - Processing file /opt/airflow/dags/my_tasks.py for tasks to queue
[2026-07-21T11:43:26.143+0000] {logging_mixin.py:190} INFO - [2026-07-21T11:43:26.142+0000] {dagbag.py:588} INFO - Filling up the DagBag from /opt/airflow/dags/my_tasks.py
[2026-07-21T11:43:26.148+0000] {processor.py:925} INFO - DAG(s) 'my_dag' retrieved from /opt/airflow/dags/my_tasks.py
[2026-07-21T11:43:26.166+0000] {logging_mixin.py:190} INFO - [2026-07-21T11:43:26.166+0000] {dag.py:3239} INFO - Sync 1 DAGs
[2026-07-21T11:43:26.181+0000] {logging_mixin.py:190} INFO - [2026-07-21T11:43:26.181+0000] {dag.py:4180} INFO - Setting next_dagrun for my_dag to None, run_after=None
[2026-07-21T11:43:26.195+0000] {processor.py:208} INFO - Processing /opt/airflow/dags/my_tasks.py took 0.059 seconds
[2026-07-21T11:45:35.743+0000] {processor.py:186} INFO - Started process (PID=192) to work on /opt/airflow/dags/my_tasks.py
[2026-07-21T11:45:35.744+0000] {processor.py:914} INFO - Processing file /opt/airflow/dags/my_tasks.py for tasks to queue
[2026-07-21T11:45:35.746+0000] {logging_mixin.py:190} INFO - [2026-07-21T11:45:35.745+0000] {dagbag.py:588} INFO - Filling up the DagBag from /opt/airflow/dags/my_tasks.py
[2026-07-21T11:45:35.769+0000] {processor.py:925} INFO - DAG(s) 'my_dag' retrieved from /opt/airflow/dags/my_tasks.py
[2026-07-21T11:45:35.796+0000] {logging_mixin.py:190} INFO - [2026-07-21T11:45:35.795+0000] {dag.py:3239} INFO - Sync 1 DAGs
[2026-07-21T11:45:35.812+0000] {logging_mixin.py:190} INFO - [2026-07-21T11:45:35.812+0000] {dag.py:4180} INFO - Setting next_dagrun for my_dag to None, run_after=None
[2026-07-21T11:45:35.827+0000] {processor.py:208} INFO - Processing /opt/airflow/dags/my_tasks.py took 0.089 seconds
[2026-07-21T11:46:05.958+0000] {processor.py:186} INFO - Started process (PID=203) to work on /opt/airflow/dags/my_tasks.py
[2026-07-21T11:46:05.958+0000] {processor.py:914} INFO - Processing file /opt/airflow/dags/my_tasks.py for tasks to queue
[2026-07-21T11:46:05.960+0000] {logging_mixin.py:190} INFO - [2026-07-21T11:46:05.959+0000] {dagbag.py:588} INFO - Filling up the DagBag from /opt/airflow/dags/my_tasks.py
[2026-07-21T11:46:05.965+0000] {processor.py:925} INFO - DAG(s) 'my_dag' retrieved from /opt/airflow/dags/my_tasks.py
[2026-07-21T11:46:05.982+0000] {logging_mixin.py:190} INFO - [2026-07-21T11:46:05.982+0000] {dag.py:3239} INFO - Sync 1 DAGs
[2026-07-21T11:46:05.999+0000] {logging_mixin.py:190} INFO - [2026-07-21T11:46:05.999+0000] {dag.py:4180} INFO - Setting next_dagrun for my_dag to None, run_after=None
[2026-07-21T11:46:06.013+0000] {processor.py:208} INFO - Processing /opt/airflow/dags/my_tasks.py took 0.059 seconds
[2026-07-21T11:46:36.229+0000] {processor.py:186} INFO - Started process (PID=214) to work on /opt/airflow/dags/my_tasks.py
[2026-07-21T11:46:36.236+0000] {processor.py:914} INFO - Processing file /opt/airflow/dags/my_tasks.py for tasks to queue
[2026-07-21T11:46:36.239+0000] {logging_mixin.py:190} INFO - [2026-07-21T11:46:36.238+0000] {dagbag.py:588} INFO - Filling up the DagBag from /opt/airflow/dags/my_tasks.py
[2026-07-21T11:46:36.247+0000] {processor.py:925} INFO - DAG(s) 'my_dag' retrieved from /opt/airflow/dags/my_tasks.py
[2026-07-21T11:46:36.264+0000] {logging_mixin.py:190} INFO - [2026-07-21T11:46:36.264+0000] {dag.py:3239} INFO - Sync 1 DAGs
[2026-07-21T11:46:36.280+0000] {logging_mixin.py:190} INFO - [2026-07-21T11:46:36.280+0000] {dag.py:4180} INFO - Setting next_dagrun for my_dag to None, run_after=None
[2026-07-21T11:46:36.294+0000] {processor.py:208} INFO - Processing /opt/airflow/dags/my_tasks.py took 0.069 seconds
[2026-07-21T11:47:06.493+0000] {processor.py:186} INFO - Started process (PID=225) to work on /opt/airflow/dags/my_tasks.py
[2026-07-21T11:47:06.494+0000] {processor.py:914} INFO - Processing file /opt/airflow/dags/my_tasks.py for tasks to queue
[2026-07-21T11:47:06.496+0000] {logging_mixin.py:190} INFO - [2026-07-21T11:47:06.496+0000] {dagbag.py:588} INFO - Filling up the DagBag from /opt/airflow/dags/my_tasks.py
[2026-07-21T11:47:06.501+0000] {processor.py:925} INFO - DAG(s) 'my_dag' retrieved from /opt/airflow/dags/my_tasks.py
[2026-07-21T11:47:06.518+0000] {logging_mixin.py:190} INFO - [2026-07-21T11:47:06.517+0000] {dag.py:3239} INFO - Sync 1 DAGs
[2026-07-21T11:47:06.533+0000] {logging_mixin.py:190} INFO - [2026-07-21T11:47:06.533+0000] {dag.py:4180} INFO - Setting next_dagrun for my_dag to None, run_after=None
[2026-07-21T11:47:06.548+0000] {processor.py:208} INFO - Processing /opt/airflow/dags/my_tasks.py took 0.059 seconds
[2026-07-21T11:47:36.731+0000] {processor.py:186} INFO - Started process (PID=249) to work on /opt/airflow/dags/my_tasks.py
[2026-07-21T11:47:36.731+0000] {processor.py:914} INFO - Processing file /opt/airflow/dags/my_tasks.py for tasks to queue
[2026-07-21T11:47:36.733+0000] {logging_mixin.py:190} INFO - [2026-07-21T11:47:36.732+0000] {dagbag.py:588} INFO - Filling up the DagBag from /opt/airflow/dags/my_tasks.py
[2026-07-21T11:47:36.738+0000] {processor.py:925} INFO - DAG(s) 'my_dag' retrieved from /opt/airflow/dags/my_tasks.py
[2026-07-21T11:47:36.754+0000] {logging_mixin.py:190} INFO - [2026-07-21T11:47:36.754+0000] {dag.py:3239} INFO - Sync 1 DAGs
[2026-07-21T11:47:36.769+0000] {logging_mixin.py:190} INFO - [2026-07-21T11:47:36.769+0000] {dag.py:4180} INFO - Setting next_dagrun for my_dag to None, run_after=None
[2026-07-21T11:47:36.784+0000] {processor.py:208} INFO - Processing /opt/airflow/dags/my_tasks.py took 0.057 seconds
[2026-07-21T11:48:06.965+0000] {processor.py:186} INFO - Started process (PID=260) to work on /opt/airflow/dags/my_tasks.py
[2026-07-21T11:48:06.967+0000] {processor.py:914} INFO - Processing file /opt/airflow/dags/my_tasks.py for tasks to queue
[2026-07-21T11:48:06.970+0000] {logging_mixin.py:190} INFO - [2026-07-21T11:48:06.970+0000] {dagbag.py:588} INFO - Filling up the DagBag from /opt/airflow/dags/my_tasks.py
[2026-07-21T11:48:06.977+0000] {processor.py:925} INFO - DAG(s) 'my_dag' retrieved from /opt/airflow/dags/my_tasks.py
[2026-07-21T11:48:06.998+0000] {logging_mixin.py:190} INFO - [2026-07-21T11:48:06.998+0000] {dag.py:3239} INFO - Sync 1 DAGs
[2026-07-21T11:48:07.018+0000] {logging_mixin.py:190} INFO - [2026-07-21T11:48:07.017+0000] {dag.py:4180} INFO - Setting next_dagrun for my_dag to None, run_after=None
[2026-07-21T11:48:07.036+0000] {processor.py:208} INFO - Processing /opt/airflow/dags/my_tasks.py took 0.075 seconds
[2026-07-21T11:48:37.191+0000] {processor.py:186} INFO - Started process (PID=271) to work on /opt/airflow/dags/my_tasks.py
[2026-07-21T11:48:37.199+0000] {processor.py:914} INFO - Processing file /opt/airflow/dags/my_tasks.py for tasks to queue
[2026-07-21T11:48:37.201+0000] {logging_mixin.py:190} INFO - [2026-07-21T11:48:37.201+0000] {dagbag.py:588} INFO - Filling up the DagBag from /opt/airflow/dags/my_tasks.py
[2026-07-21T11:48:37.209+0000] {processor.py:925} INFO - DAG(s) 'my_dag' retrieved from /opt/airflow/dags/my_tasks.py
[2026-07-21T11:48:37.231+0000] {logging_mixin.py:190} INFO - [2026-07-21T11:48:37.231+0000] {dag.py:3239} INFO - Sync 1 DAGs
[2026-07-21T11:48:37.250+0000] {logging_mixin.py:190} INFO - [2026-07-21T11:48:37.250+0000] {dag.py:4180} INFO - Setting next_dagrun for my_dag to None, run_after=None
[2026-07-21T11:48:37.267+0000] {processor.py:208} INFO - Processing /opt/airflow/dags/my_tasks.py took 0.081 seconds
[2026-07-21T11:49:07.474+0000] {processor.py:186} INFO - Started process (PID=282) to work on /opt/airflow/dags/my_tasks.py
[2026-07-21T11:49:07.475+0000] {processor.py:914} INFO - Processing file /opt/airflow/dags/my_tasks.py for tasks to queue
[2026-07-21T11:49:07.476+0000] {logging_mixin.py:190} INFO - [2026-07-21T11:49:07.476+0000] {dagbag.py:588} INFO - Filling up the DagBag from /opt/airflow/dags/my_tasks.py
[2026-07-21T11:49:07.481+0000] {processor.py:925} INFO - DAG(s) 'my_dag' retrieved from /opt/airflow/dags/my_tasks.py
[2026-07-21T11:49:07.499+0000] {logging_mixin.py:190} INFO - [2026-07-21T11:49:07.499+0000] {dag.py:3239} INFO - Sync 1 DAGs
[2026-07-21T11:49:07.515+0000] {logging_mixin.py:190} INFO - [2026-07-21T11:49:07.515+0000] {dag.py:4180} INFO - Setting next_dagrun for my_dag to None, run_after=None
[2026-07-21T11:49:07.529+0000] {processor.py:208} INFO - Processing /opt/airflow/dags/my_tasks.py took 0.059 seconds
[2026-07-21T11:49:37.726+0000] {processor.py:186} INFO - Started process (PID=293) to work on /opt/airflow/dags/my_tasks.py
[2026-07-21T11:49:37.727+0000] {processor.py:914} INFO - Processing file /opt/airflow/dags/my_tasks.py for tasks to queue
[2026-07-21T11:49:37.728+0000] {logging_mixin.py:190} INFO - [2026-07-21T11:49:37.728+0000] {dagbag.py:588} INFO - Filling up the DagBag from /opt/airflow/dags/my_tasks.py
[2026-07-21T11:49:37.733+0000] {processor.py:925} INFO - DAG(s) 'my_dag' retrieved from /opt/airflow/dags/my_tasks.py
[2026-07-21T11:49:37.754+0000] {logging_mixin.py:190} INFO - [2026-07-21T11:49:37.754+0000] {dag.py:3239} INFO - Sync 1 DAGs
[2026-07-21T11:49:37.773+0000] {logging_mixin.py:190} INFO - [2026-07-21T11:49:37.772+0000] {dag.py:4180} INFO - Setting next_dagrun for my_dag to None, run_after=None
[2026-07-21T11:49:37.791+0000] {processor.py:208} INFO - Processing /opt/airflow/dags/my_tasks.py took 0.071 seconds
[2026-07-21T11:50:07.991+0000] {processor.py:186} INFO - Started process (PID=304) to work on /opt/airflow/dags/my_tasks.py
[2026-07-21T11:50:07.999+0000] {processor.py:914} INFO - Processing file /opt/airflow/dags/my_tasks.py for tasks to queue
[2026-07-21T11:50:08.001+0000] {logging_mixin.py:190} INFO - [2026-07-21T11:50:08.000+0000] {dagbag.py:588} INFO - Filling up the DagBag from /opt/airflow/dags/my_tasks.py
[2026-07-21T11:50:08.009+0000] {processor.py:925} INFO - DAG(s) 'my_dag' retrieved from /opt/airflow/dags/my_tasks.py
[2026-07-21T11:50:08.029+0000] {logging_mixin.py:190} INFO - [2026-07-21T11:50:08.029+0000] {dag.py:3239} INFO - Sync 1 DAGs
[2026-07-21T11:50:08.046+0000] {logging_mixin.py:190} INFO - [2026-07-21T11:50:08.046+0000] {dag.py:4180} INFO - Setting next_dagrun for my_dag to None, run_after=None
[2026-07-21T11:50:08.060+0000] {processor.py:208} INFO - Processing /opt/airflow/dags/my_tasks.py took 0.076 seconds
[2026-07-21T11:50:38.267+0000] {processor.py:186} INFO - Started process (PID=315) to work on /opt/airflow/dags/my_tasks.py
[2026-07-21T11:50:38.275+0000] {processor.py:914} INFO - Processing file /opt/airflow/dags/my_tasks.py for tasks to queue
[2026-07-21T11:50:38.278+0000] {logging_mixin.py:190} INFO - [2026-07-21T11:50:38.278+0000] {dagbag.py:588} INFO - Filling up the DagBag from /opt/airflow/dags/my_tasks.py
[2026-07-21T11:50:38.285+0000] {processor.py:925} INFO - DAG(s) 'my_dag' retrieved from /opt/airflow/dags/my_tasks.py
[2026-07-21T11:50:38.302+0000] {logging_mixin.py:190} INFO - [2026-07-21T11:50:38.302+0000] {dag.py:3239} INFO - Sync 1 DAGs
[2026-07-21T11:50:38.318+0000] {logging_mixin.py:190} INFO - [2026-07-21T11:50:38.318+0000] {dag.py:4180} INFO - Setting next_dagrun for my_dag to None, run_after=None
[2026-07-21T11:50:38.332+0000] {processor.py:208} INFO - Processing /opt/airflow/dags/my_tasks.py took 0.068 seconds
[2026-07-21T11:51:08.520+0000] {processor.py:186} INFO - Started process (PID=326) to work on /opt/airflow/dags/my_tasks.py
[2026-07-21T11:51:08.528+0000] {processor.py:914} INFO - Processing file /opt/airflow/dags/my_tasks.py for tasks to queue
[2026-07-21T11:51:08.530+0000] {logging_mixin.py:190} INFO - [2026-07-21T11:51:08.529+0000] {dagbag.py:588} INFO - Filling up the DagBag from /opt/airflow/dags/my_tasks.py
[2026-07-21T11:51:08.536+0000] {processor.py:925} INFO - DAG(s) 'my_dag' retrieved from /opt/airflow/dags/my_tasks.py
[2026-07-21T11:51:08.557+0000] {logging_mixin.py:190} INFO - [2026-07-21T11:51:08.557+0000] {dag.py:3239} INFO - Sync 1 DAGs
[2026-07-21T11:51:08.578+0000] {logging_mixin.py:190} INFO - [2026-07-21T11:51:08.577+0000] {dag.py:4180} INFO - Setting next_dagrun for my_dag to None, run_after=None
[2026-07-21T11:51:08.595+0000] {processor.py:208} INFO - Processing /opt/airflow/dags/my_tasks.py took 0.080 seconds
[2026-07-21T11:51:38.800+0000] {processor.py:186} INFO - Started process (PID=337) to work on /opt/airflow/dags/my_tasks.py
[2026-07-21T11:51:38.808+0000] {processor.py:914} INFO - Processing file /opt/airflow/dags/my_tasks.py for tasks to queue
[2026-07-21T11:51:38.810+0000] {logging_mixin.py:190} INFO - [2026-07-21T11:51:38.809+0000] {dagbag.py:588} INFO - Filling up the DagBag from /opt/airflow/dags/my_tasks.py
[2026-07-21T11:51:38.815+0000] {processor.py:925} INFO - DAG(s) 'my_dag' retrieved from /opt/airflow/dags/my_tasks.py
[2026-07-21T11:51:38.835+0000] {logging_mixin.py:190} INFO - [2026-07-21T11:51:38.835+0000] {dag.py:3239} INFO - Sync 1 DAGs
[2026-07-21T11:51:38.855+0000] {logging_mixin.py:190} INFO - [2026-07-21T11:51:38.855+0000] {dag.py:4180} INFO - Setting next_dagrun for my_dag to None, run_after=None
[2026-07-21T11:51:38.871+0000] {processor.py:208} INFO - Processing /opt/airflow/dags/my_tasks.py took 0.074 seconds
[2026-07-21T11:52:09.042+0000] {processor.py:186} INFO - Started process (PID=348) to work on /opt/airflow/dags/my_tasks.py
[2026-07-21T11:52:09.047+0000] {processor.py:914} INFO - Processing file /opt/airflow/dags/my_tasks.py for tasks to queue
[2026-07-21T11:52:09.048+0000] {logging_mixin.py:190} INFO - [2026-07-21T11:52:09.048+0000] {dagbag.py:588} INFO - Filling up the DagBag from /opt/airflow/dags/my_tasks.py
[2026-07-21T11:52:09.054+0000] {processor.py:925} INFO - DAG(s) 'my_dag' retrieved from /opt/airflow/dags/my_tasks.py
[2026-07-21T11:52:09.078+0000] {logging_mixin.py:190} INFO - [2026-07-21T11:52:09.078+0000] {dag.py:3239} INFO - Sync 1 DAGs
[2026-07-21T11:52:09.096+0000] {logging_mixin.py:190} INFO - [2026-07-21T11:52:09.096+0000] {dag.py:4180} INFO - Setting next_dagrun for my_dag to None, run_after=None
[2026-07-21T11:52:09.114+0000] {processor.py:208} INFO - Processing /opt/airflow/dags/my_tasks.py took 0.075 seconds
[2026-07-21T11:52:39.309+0000] {processor.py:186} INFO - Started process (PID=359) to work on /opt/airflow/dags/my_tasks.py
[2026-07-21T11:52:39.317+0000] {processor.py:914} INFO - Processing file /opt/airflow/dags/my_tasks.py for tasks to queue
[2026-07-21T11:52:39.320+0000] {logging_mixin.py:190} INFO - [2026-07-21T11:52:39.319+0000] {dagbag.py:588} INFO - Filling up the DagBag from /opt/airflow/dags/my_tasks.py
[2026-07-21T11:52:39.326+0000] {processor.py:925} INFO - DAG(s) 'my_dag' retrieved from /opt/airflow/dags/my_tasks.py
[2026-07-21T11:52:39.343+0000] {logging_mixin.py:190} INFO - [2026-07-21T11:52:39.343+0000] {dag.py:3239} INFO - Sync 1 DAGs
[2026-07-21T11:52:39.358+0000] {logging_mixin.py:190} INFO - [2026-07-21T11:52:39.358+0000] {dag.py:4180} INFO - Setting next_dagrun for my_dag to None, run_after=None
[2026-07-21T11:52:39.372+0000] {processor.py:208} INFO - Processing /opt/airflow/dags/my_tasks.py took 0.068 seconds
[2026-07-21T11:53:09.573+0000] {processor.py:186} INFO - Started process (PID=370) to work on /opt/airflow/dags/my_tasks.py
[2026-07-21T11:53:09.574+0000] {processor.py:914} INFO - Processing file /opt/airflow/dags/my_tasks.py for tasks to queue
[2026-07-21T11:53:09.576+0000] {logging_mixin.py:190} INFO - [2026-07-21T11:53:09.575+0000] {dagbag.py:588} INFO - Filling up the DagBag from /opt/airflow/dags/my_tasks.py
[2026-07-21T11:53:09.582+0000] {processor.py:925} INFO - DAG(s) 'my_dag' retrieved from /opt/airflow/dags/my_tasks.py
[2026-07-21T11:53:09.602+0000] {logging_mixin.py:190} INFO - [2026-07-21T11:53:09.602+0000] {dag.py:3239} INFO - Sync 1 DAGs
[2026-07-21T11:53:09.617+0000] {logging_mixin.py:190} INFO - [2026-07-21T11:53:09.617+0000] {dag.py:4180} INFO - Setting next_dagrun for my_dag to None, run_after=None
[2026-07-21T11:53:09.631+0000] {processor.py:208} INFO - Processing /opt/airflow/dags/my_tasks.py took 0.062 seconds
[2026-07-21T11:53:39.841+0000] {processor.py:186} INFO - Started process (PID=381) to work on /opt/airflow/dags/my_tasks.py
[2026-07-21T11:53:39.842+0000] {processor.py:914} INFO - Processing file /opt/airflow/dags/my_tasks.py for tasks to queue
[2026-07-21T11:53:39.844+0000] {logging_mixin.py:190} INFO - [2026-07-21T11:53:39.843+0000] {dagbag.py:588} INFO - Filling up the DagBag from /opt/airflow/dags/my_tasks.py
[2026-07-21T11:53:39.849+0000] {processor.py:925} INFO - DAG(s) 'my_dag' retrieved from /opt/airflow/dags/my_tasks.py
[2026-07-21T11:53:39.867+0000] {logging_mixin.py:190} INFO - [2026-07-21T11:53:39.866+0000] {dag.py:3239} INFO - Sync 1 DAGs
[2026-07-21T11:53:39.883+0000] {logging_mixin.py:190} INFO - [2026-07-21T11:53:39.883+0000] {dag.py:4180} INFO - Setting next_dagrun for my_dag to None, run_after=None
[2026-07-21T11:53:39.897+0000] {processor.py:208} INFO - Processing /opt/airflow/dags/my_tasks.py took 0.060 seconds
[2026-07-21T11:54:10.081+0000] {processor.py:186} INFO - Started process (PID=392) to work on /opt/airflow/dags/my_tasks.py
[2026-07-21T11:54:10.086+0000] {processor.py:914} INFO - Processing file /opt/airflow/dags/my_tasks.py for tasks to queue
[2026-07-21T11:54:10.088+0000] {logging_mixin.py:190} INFO - [2026-07-21T11:54:10.088+0000] {dagbag.py:588} INFO - Filling up the DagBag from /opt/airflow/dags/my_tasks.py
[2026-07-21T11:54:10.094+0000] {processor.py:925} INFO - DAG(s) 'my_dag' retrieved from /opt/airflow/dags/my_tasks.py
[2026-07-21T11:54:10.111+0000] {logging_mixin.py:190} INFO - [2026-07-21T11:54:10.111+0000] {dag.py:3239} INFO - Sync 1 DAGs
[2026-07-21T11:54:10.127+0000] {logging_mixin.py:190} INFO - [2026-07-21T11:54:10.127+0000] {dag.py:4180} INFO - Setting next_dagrun for my_dag to None, run_after=None
[2026-07-21T11:54:10.140+0000] {processor.py:208} INFO - Processing /opt/airflow/dags/my_tasks.py took 0.064 seconds
[2026-07-21T11:54:40.345+0000] {processor.py:186} INFO - Started process (PID=403) to work on /opt/airflow/dags/my_tasks.py
[2026-07-21T11:54:40.353+0000] {processor.py:914} INFO - Processing file /opt/airflow/dags/my_tasks.py for tasks to queue
[2026-07-21T11:54:40.355+0000] {logging_mixin.py:190} INFO - [2026-07-21T11:54:40.355+0000] {dagbag.py:588} INFO - Filling up the DagBag from /opt/airflow/dags/my_tasks.py
[2026-07-21T11:54:40.362+0000] {processor.py:925} INFO - DAG(s) 'my_dag' retrieved from /opt/airflow/dags/my_tasks.py
[2026-07-21T11:54:40.380+0000] {logging_mixin.py:190} INFO - [2026-07-21T11:54:40.380+0000] {dag.py:3239} INFO - Sync 1 DAGs
[2026-07-21T11:54:40.397+0000] {logging_mixin.py:190} INFO - [2026-07-21T11:54:40.396+0000] {dag.py:4180} INFO - Setting next_dagrun for my_dag to None, run_after=None
[2026-07-21T11:54:40.412+0000] {processor.py:208} INFO - Processing /opt/airflow/dags/my_tasks.py took 0.070 seconds
[2026-07-21T11:55:10.611+0000] {processor.py:186} INFO - Started process (PID=414) to work on /opt/airflow/dags/my_tasks.py
[2026-07-21T11:55:10.612+0000] {processor.py:914} INFO - Processing file /opt/airflow/dags/my_tasks.py for tasks to queue
[2026-07-21T11:55:10.613+0000] {logging_mixin.py:190} INFO - [2026-07-21T11:55:10.613+0000] {dagbag.py:588} INFO - Filling up the DagBag from /opt/airflow/dags/my_tasks.py
[2026-07-21T11:55:10.619+0000] {processor.py:925} INFO - DAG(s) 'my_dag' retrieved from /opt/airflow/dags/my_tasks.py
[2026-07-21T11:55:10.636+0000] {logging_mixin.py:190} INFO - [2026-07-21T11:55:10.636+0000] {dag.py:3239} INFO - Sync 1 DAGs
[2026-07-21T11:55:10.651+0000] {logging_mixin.py:190} INFO - [2026-07-21T11:55:10.651+0000] {dag.py:4180} INFO - Setting next_dagrun for my_dag to None, run_after=None
[2026-07-21T11:55:10.666+0000] {processor.py:208} INFO - Processing /opt/airflow/dags/my_tasks.py took 0.059 seconds
[2026-07-21T11:55:40.881+0000] {processor.py:186} INFO - Started process (PID=425) to work on /opt/airflow/dags/my_tasks.py
[2026-07-21T11:55:40.889+0000] {processor.py:914} INFO - Processing file /opt/airflow/dags/my_tasks.py for tasks to queue
[2026-07-21T11:55:40.890+0000] {logging_mixin.py:190} INFO - [2026-07-21T11:55:40.890+0000] {dagbag.py:588} INFO - Filling up the DagBag from /opt/airflow/dags/my_tasks.py
[2026-07-21T11:55:40.897+0000] {processor.py:925} INFO - DAG(s) 'my_dag' retrieved from /opt/airflow/dags/my_tasks.py
[2026-07-21T11:55:40.914+0000] {logging_mixin.py:190} INFO - [2026-07-21T11:55:40.914+0000] {dag.py:3239} INFO - Sync 1 DAGs
[2026-07-21T11:55:40.930+0000] {logging_mixin.py:190} INFO - [2026-07-21T11:55:40.930+0000] {dag.py:4180} INFO - Setting next_dagrun for my_dag to None, run_after=None
[2026-07-21T11:55:40.945+0000] {processor.py:208} INFO - Processing /opt/airflow/dags/my_tasks.py took 0.069 seconds
[2026-07-21T11:56:11.149+0000] {processor.py:186} INFO - Started process (PID=436) to work on /opt/airflow/dags/my_tasks.py
[2026-07-21T11:56:11.149+0000] {processor.py:914} INFO - Processing file /opt/airflow/dags/my_tasks.py for tasks to queue
[2026-07-21T11:56:11.151+0000] {logging_mixin.py:190} INFO - [2026-07-21T11:56:11.151+0000] {dagbag.py:588} INFO - Filling up the DagBag from /opt/airflow/dags/my_tasks.py
[2026-07-21T11:56:11.156+0000] {processor.py:925} INFO - DAG(s) 'my_dag' retrieved from /opt/airflow/dags/my_tasks.py
[2026-07-21T11:56:11.175+0000] {logging_mixin.py:190} INFO - [2026-07-21T11:56:11.174+0000] {dag.py:3239} INFO - Sync 1 DAGs
[2026-07-21T11:56:11.191+0000] {logging_mixin.py:190} INFO - [2026-07-21T11:56:11.191+0000] {dag.py:4180} INFO - Setting next_dagrun for my_dag to None, run_after=None
[2026-07-21T11:56:11.206+0000] {processor.py:208} INFO - Processing /opt/airflow/dags/my_tasks.py took 0.063 seconds
[2026-07-21T11:56:41.401+0000] {processor.py:186} INFO - Started process (PID=453) to work on /opt/airflow/dags/my_tasks.py
[2026-07-21T11:56:41.401+0000] {processor.py:914} INFO - Processing file /opt/airflow/dags/my_tasks.py for tasks to queue
[2026-07-21T11:56:41.403+0000] {logging_mixin.py:190} INFO - [2026-07-21T11:56:41.402+0000] {dagbag.py:588} INFO - Filling up the DagBag from /opt/airflow/dags/my_tasks.py
[2026-07-21T11:56:41.408+0000] {processor.py:925} INFO - DAG(s) 'my_dag' retrieved from /opt/airflow/dags/my_tasks.py
[2026-07-21T11:56:41.425+0000] {logging_mixin.py:190} INFO - [2026-07-21T11:56:41.425+0000] {dag.py:3239} INFO - Sync 1 DAGs
[2026-07-21T11:56:41.441+0000] {logging_mixin.py:190} INFO - [2026-07-21T11:56:41.440+0000] {dag.py:4180} INFO - Setting next_dagrun for my_dag to None, run_after=None
[2026-07-21T11:56:41.455+0000] {processor.py:208} INFO - Processing /opt/airflow/dags/my_tasks.py took 0.058 seconds
[2026-07-21T11:57:11.666+0000] {processor.py:186} INFO - Started process (PID=464) to work on /opt/airflow/dags/my_tasks.py
[2026-07-21T11:57:11.667+0000] {processor.py:914} INFO - Processing file /opt/airflow/dags/my_tasks.py for tasks to queue
[2026-07-21T11:57:11.669+0000] {logging_mixin.py:190} INFO - [2026-07-21T11:57:11.668+0000] {dagbag.py:588} INFO - Filling up the DagBag from /opt/airflow/dags/my_tasks.py
[2026-07-21T11:57:11.674+0000] {processor.py:925} INFO - DAG(s) 'my_dag' retrieved from /opt/airflow/dags/my_tasks.py
[2026-07-21T11:57:11.696+0000] {logging_mixin.py:190} INFO - [2026-07-21T11:57:11.696+0000] {dag.py:3239} INFO - Sync 1 DAGs
[2026-07-21T11:57:11.716+0000] {logging_mixin.py:190} INFO - [2026-07-21T11:57:11.715+0000] {dag.py:4180} INFO - Setting next_dagrun for my_dag to None, run_after=None
[2026-07-21T11:57:11.734+0000] {processor.py:208} INFO - Processing /opt/airflow/dags/my_tasks.py took 0.074 seconds
[2026-07-21T11:57:41.911+0000] {processor.py:186} INFO - Started process (PID=475) to work on /opt/airflow/dags/my_tasks.py
[2026-07-21T11:57:41.919+0000] {processor.py:914} INFO - Processing file /opt/airflow/dags/my_tasks.py for tasks to queue
[2026-07-21T11:57:41.921+0000] {logging_mixin.py:190} INFO - [2026-07-21T11:57:41.921+0000] {dagbag.py:588} INFO - Filling up the DagBag from /opt/airflow/dags/my_tasks.py
[2026-07-21T11:57:41.928+0000] {processor.py:925} INFO - DAG(s) 'my_dag' retrieved from /opt/airflow/dags/my_tasks.py
[2026-07-21T11:57:41.952+0000] {logging_mixin.py:190} INFO - [2026-07-21T11:57:41.951+0000] {dag.py:3239} INFO - Sync 1 DAGs
[2026-07-21T11:57:41.971+0000] {logging_mixin.py:190} INFO - [2026-07-21T11:57:41.971+0000] {dag.py:4180} INFO - Setting next_dagrun for my_dag to None, run_after=None
[2026-07-21T11:57:41.988+0000] {processor.py:208} INFO - Processing /opt/airflow/dags/my_tasks.py took 0.081 seconds
[2026-07-21T11:58:12.169+0000] {processor.py:186} INFO - Started process (PID=486) to work on /opt/airflow/dags/my_tasks.py
[2026-07-21T11:58:12.170+0000] {processor.py:914} INFO - Processing file /opt/airflow/dags/my_tasks.py for tasks to queue
[2026-07-21T11:58:12.171+0000] {logging_mixin.py:190} INFO - [2026-07-21T11:58:12.171+0000] {dagbag.py:588} INFO - Filling up the DagBag from /opt/airflow/dags/my_tasks.py
[2026-07-21T11:58:12.176+0000] {processor.py:925} INFO - DAG(s) 'my_dag' retrieved from /opt/airflow/dags/my_tasks.py
[2026-07-21T11:58:12.197+0000] {logging_mixin.py:190} INFO - [2026-07-21T11:58:12.196+0000] {dag.py:3239} INFO - Sync 1 DAGs
[2026-07-21T11:58:12.213+0000] {logging_mixin.py:190} INFO - [2026-07-21T11:58:12.213+0000] {dag.py:4180} INFO - Setting next_dagrun for my_dag to None, run_after=None
[2026-07-21T11:58:12.227+0000] {processor.py:208} INFO - Processing /opt/airflow/dags/my_tasks.py took 0.062 seconds
[2026-07-21T11:58:42.442+0000] {processor.py:186} INFO - Started process (PID=497) to work on /opt/airflow/dags/my_tasks.py
[2026-07-21T11:58:42.443+0000] {processor.py:914} INFO - Processing file /opt/airflow/dags/my_tasks.py for tasks to queue
[2026-07-21T11:58:42.444+0000] {logging_mixin.py:190} INFO - [2026-07-21T11:58:42.444+0000] {dagbag.py:588} INFO - Filling up the DagBag from /opt/airflow/dags/my_tasks.py
[2026-07-21T11:58:42.451+0000] {processor.py:925} INFO - DAG(s) 'my_dag' retrieved from /opt/airflow/dags/my_tasks.py
[2026-07-21T11:58:42.473+0000] {logging_mixin.py:190} INFO - [2026-07-21T11:58:42.472+0000] {dag.py:3239} INFO - Sync 1 DAGs
[2026-07-21T11:58:42.488+0000] {logging_mixin.py:190} INFO - [2026-07-21T11:58:42.488+0000] {dag.py:4180} INFO - Setting next_dagrun for my_dag to None, run_after=None
[2026-07-21T11:58:42.503+0000] {processor.py:208} INFO - Processing /opt/airflow/dags/my_tasks.py took 0.065 seconds
[2026-07-21T11:59:12.691+0000] {processor.py:186} INFO - Started process (PID=508) to work on /opt/airflow/dags/my_tasks.py
[2026-07-21T11:59:12.691+0000] {processor.py:914} INFO - Processing file /opt/airflow/dags/my_tasks.py for tasks to queue
[2026-07-21T11:59:12.692+0000] {logging_mixin.py:190} INFO - [2026-07-21T11:59:12.692+0000] {dagbag.py:588} INFO - Filling up the DagBag from /opt/airflow/dags/my_tasks.py
[2026-07-21T11:59:12.702+0000] {processor.py:925} INFO - DAG(s) 'my_dag' retrieved from /opt/airflow/dags/my_tasks.py
[2026-07-21T11:59:12.721+0000] {logging_mixin.py:190} INFO - [2026-07-21T11:59:12.721+0000] {dag.py:3239} INFO - Sync 1 DAGs
[2026-07-21T11:59:12.739+0000] {logging_mixin.py:190} INFO - [2026-07-21T11:59:12.739+0000] {dag.py:4180} INFO - Setting next_dagrun for my_dag to None, run_after=None
[2026-07-21T11:59:12.755+0000] {processor.py:208} INFO - Processing /opt/airflow/dags/my_tasks.py took 0.068 seconds
[2026-07-21T11:59:42.978+0000] {processor.py:186} INFO - Started process (PID=519) to work on /opt/airflow/dags/my_tasks.py
[2026-07-21T11:59:42.986+0000] {processor.py:914} INFO - Processing file /opt/airflow/dags/my_tasks.py for tasks to queue
[2026-07-21T11:59:42.988+0000] {logging_mixin.py:190} INFO - [2026-07-21T11:59:42.988+0000] {dagbag.py:588} INFO - Filling up the DagBag from /opt/airflow/dags/my_tasks.py
[2026-07-21T11:59:42.997+0000] {processor.py:925} INFO - DAG(s) 'my_dag' retrieved from /opt/airflow/dags/my_tasks.py
[2026-07-21T11:59:43.021+0000] {logging_mixin.py:190} INFO - [2026-07-21T11:59:43.020+0000] {dag.py:3239} INFO - Sync 1 DAGs
[2026-07-21T11:59:43.038+0000] {logging_mixin.py:190} INFO - [2026-07-21T11:59:43.037+0000] {dag.py:4180} INFO - Setting next_dagrun for my_dag to None, run_after=None
[2026-07-21T11:59:43.051+0000] {processor.py:208} INFO - Processing /opt/airflow/dags/my_tasks.py took 0.077 seconds
[2026-07-21T12:00:13.242+0000] {processor.py:186} INFO - Started process (PID=530) to work on /opt/airflow/dags/my_tasks.py
[2026-07-21T12:00:13.243+0000] {processor.py:914} INFO - Processing file /opt/airflow/dags/my_tasks.py for tasks to queue
[2026-07-21T12:00:13.244+0000] {logging_mixin.py:190} INFO - [2026-07-21T12:00:13.244+0000] {dagbag.py:588} INFO - Filling up the DagBag from /opt/airflow/dags/my_tasks.py
[2026-07-21T12:00:13.250+0000] {processor.py:925} INFO - DAG(s) 'my_dag' retrieved from /opt/airflow/dags/my_tasks.py
[2026-07-21T12:00:13.268+0000] {logging_mixin.py:190} INFO - [2026-07-21T12:00:13.268+0000] {dag.py:3239} INFO - Sync 1 DAGs
[2026-07-21T12:00:13.283+0000] {logging_mixin.py:190} INFO - [2026-07-21T12:00:13.283+0000] {dag.py:4180} INFO - Setting next_dagrun for my_dag to None, run_after=None
[2026-07-21T12:00:13.297+0000] {processor.py:208} INFO - Processing /opt/airflow/dags/my_tasks.py took 0.059 seconds
[2026-07-21T12:00:43.502+0000] {processor.py:186} INFO - Started process (PID=541) to work on /opt/airflow/dags/my_tasks.py
[2026-07-21T12:00:43.510+0000] {processor.py:914} INFO - Processing file /opt/airflow/dags/my_tasks.py for tasks to queue
[2026-07-21T12:00:43.512+0000] {logging_mixin.py:190} INFO - [2026-07-21T12:00:43.511+0000] {dagbag.py:588} INFO - Filling up the DagBag from /opt/airflow/dags/my_tasks.py
[2026-07-21T12:00:43.520+0000] {processor.py:925} INFO - DAG(s) 'my_dag' retrieved from /opt/airflow/dags/my_tasks.py
[2026-07-21T12:00:43.538+0000] {logging_mixin.py:190} INFO - [2026-07-21T12:00:43.538+0000] {dag.py:3239} INFO - Sync 1 DAGs
[2026-07-21T12:00:43.553+0000] {logging_mixin.py:190} INFO - [2026-07-21T12:00:43.553+0000] {dag.py:4180} INFO - Setting next_dagrun for my_dag to None, run_after=None
[2026-07-21T12:00:43.568+0000] {processor.py:208} INFO - Processing /opt/airflow/dags/my_tasks.py took 0.070 seconds
[2026-07-21T12:01:13.749+0000] {processor.py:186} INFO - Started process (PID=552) to work on /opt/airflow/dags/my_tasks.py
[2026-07-21T12:01:13.749+0000] {processor.py:914} INFO - Processing file /opt/airflow/dags/my_tasks.py for tasks to queue
[2026-07-21T12:01:13.751+0000] {logging_mixin.py:190} INFO - [2026-07-21T12:01:13.750+0000] {dagbag.py:588} INFO - Filling up the DagBag from /opt/airflow/dags/my_tasks.py
[2026-07-21T12:01:13.756+0000] {processor.py:925} INFO - DAG(s) 'my_dag' retrieved from /opt/airflow/dags/my_tasks.py
[2026-07-21T12:01:13.773+0000] {logging_mixin.py:190} INFO - [2026-07-21T12:01:13.773+0000] {dag.py:3239} INFO - Sync 1 DAGs
[2026-07-21T12:01:13.790+0000] {logging_mixin.py:190} INFO - [2026-07-21T12:01:13.790+0000] {dag.py:4180} INFO - Setting next_dagrun for my_dag to None, run_after=None
[2026-07-21T12:01:13.804+0000] {processor.py:208} INFO - Processing /opt/airflow/dags/my_tasks.py took 0.059 seconds
[2026-07-21T12:01:44.025+0000] {processor.py:186} INFO - Started process (PID=563) to work on /opt/airflow/dags/my_tasks.py
[2026-07-21T12:01:44.033+0000] {processor.py:914} INFO - Processing file /opt/airflow/dags/my_tasks.py for tasks to queue
[2026-07-21T12:01:44.036+0000] {logging_mixin.py:190} INFO - [2026-07-21T12:01:44.036+0000] {dagbag.py:588} INFO - Filling up the DagBag from /opt/airflow/dags/my_tasks.py
[2026-07-21T12:01:44.044+0000] {processor.py:925} INFO - DAG(s) 'my_dag' retrieved from /opt/airflow/dags/my_tasks.py
[2026-07-21T12:01:44.062+0000] {logging_mixin.py:190} INFO - [2026-07-21T12:01:44.061+0000] {dag.py:3239} INFO - Sync 1 DAGs
[2026-07-21T12:01:44.078+0000] {logging_mixin.py:190} INFO - [2026-07-21T12:01:44.078+0000] {dag.py:4180} INFO - Setting next_dagrun for my_dag to None, run_after=None
[2026-07-21T12:01:44.091+0000] {processor.py:208} INFO - Processing /opt/airflow/dags/my_tasks.py took 0.070 seconds
[2026-07-21T12:02:14.279+0000] {processor.py:186} INFO - Started process (PID=574) to work on /opt/airflow/dags/my_tasks.py
[2026-07-21T12:02:14.279+0000] {processor.py:914} INFO - Processing file /opt/airflow/dags/my_tasks.py for tasks to queue
[2026-07-21T12:02:14.281+0000] {logging_mixin.py:190} INFO - [2026-07-21T12:02:14.280+0000] {dagbag.py:588} INFO - Filling up the DagBag from /opt/airflow/dags/my_tasks.py
[2026-07-21T12:02:14.286+0000] {processor.py:925} INFO - DAG(s) 'my_dag' retrieved from /opt/airflow/dags/my_tasks.py
[2026-07-21T12:02:14.303+0000] {logging_mixin.py:190} INFO - [2026-07-21T12:02:14.303+0000] {dag.py:3239} INFO - Sync 1 DAGs
[2026-07-21T12:02:14.318+0000] {logging_mixin.py:190} INFO - [2026-07-21T12:02:14.318+0000] {dag.py:4180} INFO - Setting next_dagrun for my_dag to None, run_after=None
[2026-07-21T12:02:14.332+0000] {processor.py:208} INFO - Processing /opt/airflow/dags/my_tasks.py took 0.056 seconds
[2026-07-21T12:02:44.547+0000] {processor.py:186} INFO - Started process (PID=585) to work on /opt/airflow/dags/my_tasks.py
[2026-07-21T12:02:44.555+0000] {processor.py:914} INFO - Processing file /opt/airflow/dags/my_tasks.py for tasks to queue
[2026-07-21T12:02:44.556+0000] {logging_mixin.py:190} INFO - [2026-07-21T12:02:44.556+0000] {dagbag.py:588} INFO - Filling up the DagBag from /opt/airflow/dags/my_tasks.py
[2026-07-21T12:02:44.561+0000] {processor.py:925} INFO - DAG(s) 'my_dag' retrieved from /opt/airflow/dags/my_tasks.py
[2026-07-21T12:02:44.578+0000] {logging_mixin.py:190} INFO - [2026-07-21T12:02:44.578+0000] {dag.py:3239} INFO - Sync 1 DAGs
[2026-07-21T12:02:44.594+0000] {logging_mixin.py:190} INFO - [2026-07-21T12:02:44.594+0000] {dag.py:4180} INFO - Setting next_dagrun for my_dag to None, run_after=None
[2026-07-21T12:02:44.608+0000] {processor.py:208} INFO - Processing /opt/airflow/dags/my_tasks.py took 0.066 seconds
[2026-07-21T12:03:14.814+0000] {processor.py:186} INFO - Started process (PID=596) to work on /opt/airflow/dags/my_tasks.py
[2026-07-21T12:03:14.815+0000] {processor.py:914} INFO - Processing file /opt/airflow/dags/my_tasks.py for tasks to queue
[2026-07-21T12:03:14.816+0000] {logging_mixin.py:190} INFO - [2026-07-21T12:03:14.816+0000] {dagbag.py:588} INFO - Filling up the DagBag from /opt/airflow/dags/my_tasks.py
[2026-07-21T12:03:14.822+0000] {processor.py:925} INFO - DAG(s) 'my_dag' retrieved from /opt/airflow/dags/my_tasks.py
[2026-07-21T12:03:14.839+0000] {logging_mixin.py:190} INFO - [2026-07-21T12:03:14.839+0000] {dag.py:3239} INFO - Sync 1 DAGs
[2026-07-21T12:03:14.854+0000] {logging_mixin.py:190} INFO - [2026-07-21T12:03:14.854+0000] {dag.py:4180} INFO - Setting next_dagrun for my_dag to None, run_after=None
[2026-07-21T12:03:14.868+0000] {processor.py:208} INFO - Processing /opt/airflow/dags/my_tasks.py took 0.058 seconds
[2026-07-21T12:03:45.090+0000] {processor.py:186} INFO - Started process (PID=607) to work on /opt/airflow/dags/my_tasks.py
[2026-07-21T12:03:45.090+0000] {processor.py:914} INFO - Processing file /opt/airflow/dags/my_tasks.py for tasks to queue
[2026-07-21T12:03:45.092+0000] {logging_mixin.py:190} INFO - [2026-07-21T12:03:45.092+0000] {dagbag.py:588} INFO - Filling up the DagBag from /opt/airflow/dags/my_tasks.py
[2026-07-21T12:03:45.097+0000] {processor.py:925} INFO - DAG(s) 'my_dag' retrieved from /opt/airflow/dags/my_tasks.py
[2026-07-21T12:03:45.114+0000] {logging_mixin.py:190} INFO - [2026-07-21T12:03:45.114+0000] {dag.py:3239} INFO - Sync 1 DAGs
[2026-07-21T12:03:45.129+0000] {logging_mixin.py:190} INFO - [2026-07-21T12:03:45.129+0000] {dag.py:4180} INFO - Setting next_dagrun for my_dag to None, run_after=None
[2026-07-21T12:03:45.143+0000] {processor.py:208} INFO - Processing /opt/airflow/dags/my_tasks.py took 0.058 seconds
[2026-07-21T12:04:15.342+0000] {processor.py:186} INFO - Started process (PID=618) to work on /opt/airflow/dags/my_tasks.py
[2026-07-21T12:04:15.343+0000] {processor.py:914} INFO - Processing file /opt/airflow/dags/my_tasks.py for tasks to queue
[2026-07-21T12:04:15.344+0000] {logging_mixin.py:190} INFO - [2026-07-21T12:04:15.344+0000] {dagbag.py:588} INFO - Filling up the DagBag from /opt/airflow/dags/my_tasks.py
[2026-07-21T12:04:15.349+0000] {processor.py:925} INFO - DAG(s) 'my_dag' retrieved from /opt/airflow/dags/my_tasks.py
[2026-07-21T12:04:15.366+0000] {logging_mixin.py:190} INFO - [2026-07-21T12:04:15.366+0000] {dag.py:3239} INFO - Sync 1 DAGs
[2026-07-21T12:04:15.381+0000] {logging_mixin.py:190} INFO - [2026-07-21T12:04:15.381+0000] {dag.py:4180} INFO - Setting next_dagrun for my_dag to None, run_after=None
[2026-07-21T12:04:15.396+0000] {processor.py:208} INFO - Processing /opt/airflow/dags/my_tasks.py took 0.057 seconds
[2026-07-21T12:04:45.597+0000] {processor.py:186} INFO - Started process (PID=629) to work on /opt/airflow/dags/my_tasks.py
[2026-07-21T12:04:45.597+0000] {processor.py:914} INFO - Processing file /opt/airflow/dags/my_tasks.py for tasks to queue
[2026-07-21T12:04:45.598+0000] {logging_mixin.py:190} INFO - [2026-07-21T12:04:45.598+0000] {dagbag.py:588} INFO - Filling up the DagBag from /opt/airflow/dags/my_tasks.py
[2026-07-21T12:04:45.604+0000] {processor.py:925} INFO - DAG(s) 'my_dag' retrieved from /opt/airflow/dags/my_tasks.py
[2026-07-21T12:04:45.621+0000] {logging_mixin.py:190} INFO - [2026-07-21T12:04:45.620+0000] {dag.py:3239} INFO - Sync 1 DAGs
[2026-07-21T12:04:45.636+0000] {logging_mixin.py:190} INFO - [2026-07-21T12:04:45.636+0000] {dag.py:4180} INFO - Setting next_dagrun for my_dag to None, run_after=None
[2026-07-21T12:04:45.650+0000] {processor.py:208} INFO - Processing /opt/airflow/dags/my_tasks.py took 0.057 seconds
[2026-07-21T12:05:15.861+0000] {processor.py:186} INFO - Started process (PID=640) to work on /opt/airflow/dags/my_tasks.py
[2026-07-21T12:05:15.862+0000] {processor.py:914} INFO - Processing file /opt/airflow/dags/my_tasks.py for tasks to queue
[2026-07-21T12:05:15.863+0000] {logging_mixin.py:190} INFO - [2026-07-21T12:05:15.863+0000] {dagbag.py:588} INFO - Filling up the DagBag from /opt/airflow/dags/my_tasks.py
[2026-07-21T12:05:15.869+0000] {processor.py:925} INFO - DAG(s) 'my_dag' retrieved from /opt/airflow/dags/my_tasks.py
[2026-07-21T12:05:15.887+0000] {logging_mixin.py:190} INFO - [2026-07-21T12:05:15.886+0000] {dag.py:3239} INFO - Sync 1 DAGs
[2026-07-21T12:05:15.902+0000] {logging_mixin.py:190} INFO - [2026-07-21T12:05:15.902+0000] {dag.py:4180} INFO - Setting next_dagrun for my_dag to None, run_after=None
[2026-07-21T12:05:15.916+0000] {processor.py:208} INFO - Processing /opt/airflow/dags/my_tasks.py took 0.058 seconds
[2026-07-21T12:05:46.103+0000] {processor.py:186} INFO - Started process (PID=651) to work on /opt/airflow/dags/my_tasks.py
[2026-07-21T12:05:46.111+0000] {processor.py:914} INFO - Processing file /opt/airflow/dags/my_tasks.py for tasks to queue
[2026-07-21T12:05:46.114+0000] {logging_mixin.py:190} INFO - [2026-07-21T12:05:46.113+0000] {dagbag.py:588} INFO - Filling up the DagBag from /opt/airflow/dags/my_tasks.py
[2026-07-21T12:05:46.119+0000] {processor.py:925} INFO - DAG(s) 'my_dag' retrieved from /opt/airflow/dags/my_tasks.py
[2026-07-21T12:05:46.136+0000] {logging_mixin.py:190} INFO - [2026-07-21T12:05:46.136+0000] {dag.py:3239} INFO - Sync 1 DAGs
[2026-07-21T12:05:46.158+0000] {logging_mixin.py:190} INFO - [2026-07-21T12:05:46.158+0000] {dag.py:4180} INFO - Setting next_dagrun for my_dag to None, run_after=None
[2026-07-21T12:05:46.174+0000] {processor.py:208} INFO - Processing /opt/airflow/dags/my_tasks.py took 0.075 seconds
[2026-07-21T12:06:02.241+0000] {processor.py:186} INFO - Started process (PID=656) to work on /opt/airflow/dags/my_tasks.py
[2026-07-21T12:06:02.245+0000] {processor.py:914} INFO - Processing file /opt/airflow/dags/my_tasks.py for tasks to queue
[2026-07-21T12:06:02.247+0000] {logging_mixin.py:190} INFO - [2026-07-21T12:06:02.246+0000] {dagbag.py:588} INFO - Filling up the DagBag from /opt/airflow/dags/my_tasks.py
[2026-07-21T12:06:02.255+0000] {processor.py:925} INFO - DAG(s) 'my_dag' retrieved from /opt/airflow/dags/my_tasks.py
[2026-07-21T12:06:02.538+0000] {logging_mixin.py:190} INFO - [2026-07-21T12:06:02.537+0000] {dag.py:3239} INFO - Sync 1 DAGs
[2026-07-21T12:06:02.551+0000] {logging_mixin.py:190} INFO - [2026-07-21T12:06:02.551+0000] {dag.py:4180} INFO - Setting next_dagrun for my_dag to None, run_after=None
[2026-07-21T12:06:02.565+0000] {processor.py:208} INFO - Processing /opt/airflow/dags/my_tasks.py took 0.329 seconds
[2026-07-21T12:06:03.601+0000] {processor.py:186} INFO - Started process (PID=661) to work on /opt/airflow/dags/my_tasks.py
[2026-07-21T12:06:03.602+0000] {processor.py:914} INFO - Processing file /opt/airflow/dags/my_tasks.py for tasks to queue
[2026-07-21T12:06:03.604+0000] {logging_mixin.py:190} INFO - [2026-07-21T12:06:03.604+0000] {dagbag.py:588} INFO - Filling up the DagBag from /opt/airflow/dags/my_tasks.py
[2026-07-21T12:06:03.610+0000] {processor.py:925} INFO - DAG(s) 'my_dag' retrieved from /opt/airflow/dags/my_tasks.py
[2026-07-21T12:06:03.618+0000] {logging_mixin.py:190} INFO - [2026-07-21T12:06:03.618+0000] {dag.py:3239} INFO - Sync 1 DAGs
[2026-07-21T12:06:03.634+0000] {logging_mixin.py:190} INFO - [2026-07-21T12:06:03.634+0000] {dag.py:4180} INFO - Setting next_dagrun for my_dag to None, run_after=None
[2026-07-21T12:06:03.651+0000] {processor.py:208} INFO - Processing /opt/airflow/dags/my_tasks.py took 0.055 seconds
[2026-07-21T12:06:13.696+0000] {processor.py:186} INFO - Started process (PID=672) to work on /opt/airflow/dags/my_tasks.py
[2026-07-21T12:06:13.704+0000] {processor.py:914} INFO - Processing file /opt/airflow/dags/my_tasks.py for tasks to queue
[2026-07-21T12:06:13.706+0000] {logging_mixin.py:190} INFO - [2026-07-21T12:06:13.706+0000] {dagbag.py:588} INFO - Filling up the DagBag from /opt/airflow/dags/my_tasks.py
[2026-07-21T12:06:13.712+0000] {processor.py:925} INFO - DAG(s) 'my_dag' retrieved from /opt/airflow/dags/my_tasks.py
[2026-07-21T12:06:13.721+0000] {logging_mixin.py:190} INFO - [2026-07-21T12:06:13.721+0000] {dag.py:3239} INFO - Sync 1 DAGs
[2026-07-21T12:06:13.739+0000] {logging_mixin.py:190} INFO - [2026-07-21T12:06:13.739+0000] {dag.py:4180} INFO - Setting next_dagrun for my_dag to None, run_after=None
[2026-07-21T12:06:13.755+0000] {processor.py:208} INFO - Processing /opt/airflow/dags/my_tasks.py took 0.064 seconds
[2026-07-21T12:06:40.955+0000] {processor.py:186} INFO - Started process (PID=677) to work on /opt/airflow/dags/my_tasks.py
[2026-07-21T12:06:40.963+0000] {processor.py:914} INFO - Processing file /opt/airflow/dags/my_tasks.py for tasks to queue
[2026-07-21T12:06:40.966+0000] {logging_mixin.py:190} INFO - [2026-07-21T12:06:40.966+0000] {dagbag.py:588} INFO - Filling up the DagBag from /opt/airflow/dags/my_tasks.py
[2026-07-21T12:06:40.978+0000] {logging_mixin.py:190} INFO - [2026-07-21T12:06:40.973+0000] {dagbag.py:387} ERROR - Failed to import: /opt/airflow/dags/my_tasks.py
Traceback (most recent call last):
  File "/home/airflow/.local/lib/python3.12/site-packages/airflow/models/dagbag.py", line 383, in parse
    loader.exec_module(new_module)
  File "<frozen importlib._bootstrap_external>", line 999, in exec_module
  File "<frozen importlib._bootstrap>", line 488, in _call_with_frames_removed
  File "/opt/airflow/dags/my_tasks.py", line 48, in <module>
    db_crud_task = PythonOperator(
                   ^^^^^^^^^^^^^^
NameError: name 'PythonOperator' is not defined
[2026-07-21T12:06:40.982+0000] {processor.py:927} WARNING - No viable dags retrieved from /opt/airflow/dags/my_tasks.py
[2026-07-21T12:06:41.005+0000] {processor.py:208} INFO - Processing /opt/airflow/dags/my_tasks.py took 0.056 seconds
[2026-07-21T12:06:46.005+0000] {processor.py:186} INFO - Started process (PID=688) to work on /opt/airflow/dags/my_tasks.py
[2026-07-21T12:06:46.014+0000] {processor.py:914} INFO - Processing file /opt/airflow/dags/my_tasks.py for tasks to queue
[2026-07-21T12:06:46.016+0000] {logging_mixin.py:190} INFO - [2026-07-21T12:06:46.016+0000] {dagbag.py:588} INFO - Filling up the DagBag from /opt/airflow/dags/my_tasks.py
[2026-07-21T12:06:46.029+0000] {logging_mixin.py:190} INFO - [2026-07-21T12:06:46.020+0000] {dagbag.py:387} ERROR - Failed to import: /opt/airflow/dags/my_tasks.py
Traceback (most recent call last):
  File "/home/airflow/.local/lib/python3.12/site-packages/airflow/models/dagbag.py", line 383, in parse
    loader.exec_module(new_module)
  File "<frozen importlib._bootstrap_external>", line 999, in exec_module
  File "<frozen importlib._bootstrap>", line 488, in _call_with_frames_removed
  File "/opt/airflow/dags/my_tasks.py", line 48, in <module>
    db_crud_task = PythonOperator(
                   ^^^^^^^^^^^^^^
NameError: name 'PythonOperator' is not defined
[2026-07-21T12:06:46.034+0000] {processor.py:927} WARNING - No viable dags retrieved from /opt/airflow/dags/my_tasks.py
[2026-07-21T12:06:46.053+0000] {processor.py:208} INFO - Processing /opt/airflow/dags/my_tasks.py took 0.052 seconds
[2026-07-21T12:06:49.089+0000] {processor.py:186} INFO - Started process (PID=693) to work on /opt/airflow/dags/my_tasks.py
[2026-07-21T12:06:49.097+0000] {processor.py:914} INFO - Processing file /opt/airflow/dags/my_tasks.py for tasks to queue
[2026-07-21T12:06:49.099+0000] {logging_mixin.py:190} INFO - [2026-07-21T12:06:49.099+0000] {dagbag.py:588} INFO - Filling up the DagBag from /opt/airflow/dags/my_tasks.py
[2026-07-21T12:06:49.113+0000] {logging_mixin.py:190} INFO - [2026-07-21T12:06:49.104+0000] {dagbag.py:387} ERROR - Failed to import: /opt/airflow/dags/my_tasks.py
Traceback (most recent call last):
  File "/home/airflow/.local/lib/python3.12/site-packages/airflow/models/dagbag.py", line 383, in parse
    loader.exec_module(new_module)
  File "<frozen importlib._bootstrap_external>", line 999, in exec_module
  File "<frozen importlib._bootstrap>", line 488, in _call_with_frames_removed
  File "/opt/airflow/dags/my_tasks.py", line 48, in <module>
    db_crud_task = PythonOperator(
                   ^^^^^^^^^^^^^^
NameError: name 'PythonOperator' is not defined
[2026-07-21T12:06:49.117+0000] {processor.py:927} WARNING - No viable dags retrieved from /opt/airflow/dags/my_tasks.py
[2026-07-21T12:06:49.138+0000] {processor.py:208} INFO - Processing /opt/airflow/dags/my_tasks.py took 0.054 seconds
[2026-07-21T12:06:56.166+0000] {processor.py:186} INFO - Started process (PID=698) to work on /opt/airflow/dags/my_tasks.py
[2026-07-21T12:06:56.167+0000] {processor.py:914} INFO - Processing file /opt/airflow/dags/my_tasks.py for tasks to queue
[2026-07-21T12:06:56.170+0000] {logging_mixin.py:190} INFO - [2026-07-21T12:06:56.169+0000] {dagbag.py:588} INFO - Filling up the DagBag from /opt/airflow/dags/my_tasks.py
[2026-07-21T12:06:56.173+0000] {logging_mixin.py:190} INFO - [2026-07-21T12:06:56.172+0000] {dagbag.py:387} ERROR - Failed to import: /opt/airflow/dags/my_tasks.py
Traceback (most recent call last):
  File "/home/airflow/.local/lib/python3.12/site-packages/airflow/models/dagbag.py", line 383, in parse
    loader.exec_module(new_module)
  File "<frozen importlib._bootstrap_external>", line 999, in exec_module
  File "<frozen importlib._bootstrap>", line 488, in _call_with_frames_removed
  File "/opt/airflow/dags/my_tasks.py", line 3, in <module>
    from airflow.operators.bash import BashOperator,P
ImportError: cannot import name 'P' from 'airflow.operators.bash' (/home/airflow/.local/lib/python3.12/site-packages/airflow/operators/bash.py)
[2026-07-21T12:06:56.174+0000] {processor.py:927} WARNING - No viable dags retrieved from /opt/airflow/dags/my_tasks.py
[2026-07-21T12:06:56.190+0000] {processor.py:208} INFO - Processing /opt/airflow/dags/my_tasks.py took 0.033 seconds
[2026-07-21T12:07:25.451+0000] {processor.py:186} INFO - Started process (PID=709) to work on /opt/airflow/dags/my_tasks.py
[2026-07-21T12:07:25.459+0000] {processor.py:914} INFO - Processing file /opt/airflow/dags/my_tasks.py for tasks to queue
[2026-07-21T12:07:25.462+0000] {logging_mixin.py:190} INFO - [2026-07-21T12:07:25.461+0000] {dagbag.py:588} INFO - Filling up the DagBag from /opt/airflow/dags/my_tasks.py
[2026-07-21T12:07:25.470+0000] {logging_mixin.py:190} INFO - [2026-07-21T12:07:25.465+0000] {dagbag.py:387} ERROR - Failed to import: /opt/airflow/dags/my_tasks.py
Traceback (most recent call last):
  File "/home/airflow/.local/lib/python3.12/site-packages/airflow/models/dagbag.py", line 383, in parse
    loader.exec_module(new_module)
  File "<frozen importlib._bootstrap_external>", line 999, in exec_module
  File "<frozen importlib._bootstrap>", line 488, in _call_with_frames_removed
  File "/opt/airflow/dags/my_tasks.py", line 3, in <module>
    from airflow.operators import BashOperator,P
ImportError: cannot import name 'BashOperator' from 'airflow.operators' (/home/airflow/.local/lib/python3.12/site-packages/airflow/operators/__init__.py)
[2026-07-21T12:07:25.473+0000] {processor.py:927} WARNING - No viable dags retrieved from /opt/airflow/dags/my_tasks.py
[2026-07-21T12:07:25.490+0000] {processor.py:208} INFO - Processing /opt/airflow/dags/my_tasks.py took 0.043 seconds
[2026-07-21T12:07:29.513+0000] {processor.py:186} INFO - Started process (PID=714) to work on /opt/airflow/dags/my_tasks.py
[2026-07-21T12:07:29.521+0000] {processor.py:914} INFO - Processing file /opt/airflow/dags/my_tasks.py for tasks to queue
[2026-07-21T12:07:29.526+0000] {logging_mixin.py:190} INFO - [2026-07-21T12:07:29.525+0000] {dagbag.py:588} INFO - Filling up the DagBag from /opt/airflow/dags/my_tasks.py
[2026-07-21T12:07:29.529+0000] {logging_mixin.py:190} INFO - [2026-07-21T12:07:29.528+0000] {dagbag.py:387} ERROR - Failed to import: /opt/airflow/dags/my_tasks.py
Traceback (most recent call last):
  File "/home/airflow/.local/lib/python3.12/site-packages/airflow/models/dagbag.py", line 383, in parse
    loader.exec_module(new_module)
  File "<frozen importlib._bootstrap_external>", line 995, in exec_module
  File "<frozen importlib._bootstrap_external>", line 1133, in get_code
  File "<frozen importlib._bootstrap_external>", line 1063, in source_to_code
  File "<frozen importlib._bootstrap>", line 488, in _call_with_frames_removed
  File "/opt/airflow/dags/my_tasks.py", line 3
    from airflow.operators import BashOperator, 
                                                ^
SyntaxError: trailing comma not allowed without surrounding parentheses
[2026-07-21T12:07:29.530+0000] {processor.py:927} WARNING - No viable dags retrieved from /opt/airflow/dags/my_tasks.py
[2026-07-21T12:07:29.547+0000] {processor.py:208} INFO - Processing /opt/airflow/dags/my_tasks.py took 0.045 seconds
[2026-07-21T12:07:30.546+0000] {processor.py:186} INFO - Started process (PID=719) to work on /opt/airflow/dags/my_tasks.py
[2026-07-21T12:07:30.546+0000] {processor.py:914} INFO - Processing file /opt/airflow/dags/my_tasks.py for tasks to queue
[2026-07-21T12:07:30.548+0000] {logging_mixin.py:190} INFO - [2026-07-21T12:07:30.548+0000] {dagbag.py:588} INFO - Filling up the DagBag from /opt/airflow/dags/my_tasks.py
[2026-07-21T12:07:30.552+0000] {logging_mixin.py:190} INFO - [2026-07-21T12:07:30.550+0000] {dagbag.py:387} ERROR - Failed to import: /opt/airflow/dags/my_tasks.py
Traceback (most recent call last):
  File "/home/airflow/.local/lib/python3.12/site-packages/airflow/models/dagbag.py", line 383, in parse
    loader.exec_module(new_module)
  File "<frozen importlib._bootstrap_external>", line 999, in exec_module
  File "<frozen importlib._bootstrap>", line 488, in _call_with_frames_removed
  File "/opt/airflow/dags/my_tasks.py", line 3, in <module>
    from airflow.operators import BashOperator, PythonOperator
ImportError: cannot import name 'BashOperator' from 'airflow.operators' (/home/airflow/.local/lib/python3.12/site-packages/airflow/operators/__init__.py)
[2026-07-21T12:07:30.553+0000] {processor.py:927} WARNING - No viable dags retrieved from /opt/airflow/dags/my_tasks.py
[2026-07-21T12:07:30.578+0000] {processor.py:208} INFO - Processing /opt/airflow/dags/my_tasks.py took 0.037 seconds
[2026-07-21T12:07:53.791+0000] {processor.py:186} INFO - Started process (PID=730) to work on /opt/airflow/dags/my_tasks.py
[2026-07-21T12:07:53.799+0000] {processor.py:914} INFO - Processing file /opt/airflow/dags/my_tasks.py for tasks to queue
[2026-07-21T12:07:53.800+0000] {logging_mixin.py:190} INFO - [2026-07-21T12:07:53.800+0000] {dagbag.py:588} INFO - Filling up the DagBag from /opt/airflow/dags/my_tasks.py
[2026-07-21T12:07:53.804+0000] {logging_mixin.py:190} INFO - [2026-07-21T12:07:53.802+0000] {dagbag.py:387} ERROR - Failed to import: /opt/airflow/dags/my_tasks.py
Traceback (most recent call last):
  File "/home/airflow/.local/lib/python3.12/site-packages/airflow/models/dagbag.py", line 383, in parse
    loader.exec_module(new_module)
  File "<frozen importlib._bootstrap_external>", line 999, in exec_module
  File "<frozen importlib._bootstrap>", line 488, in _call_with_frames_removed
  File "/opt/airflow/dags/my_tasks.py", line 3, in <module>
    from airflow.operators import BashOperator, PythonOperator
ImportError: cannot import name 'BashOperator' from 'airflow.operators' (/home/airflow/.local/lib/python3.12/site-packages/airflow/operators/__init__.py)
[2026-07-21T12:07:53.806+0000] {processor.py:927} WARNING - No viable dags retrieved from /opt/airflow/dags/my_tasks.py
[2026-07-21T12:07:53.824+0000] {processor.py:208} INFO - Processing /opt/airflow/dags/my_tasks.py took 0.041 seconds
[2026-07-21T12:07:56.816+0000] {processor.py:186} INFO - Started process (PID=735) to work on /opt/airflow/dags/my_tasks.py
[2026-07-21T12:07:56.816+0000] {processor.py:914} INFO - Processing file /opt/airflow/dags/my_tasks.py for tasks to queue
[2026-07-21T12:07:56.817+0000] {logging_mixin.py:190} INFO - [2026-07-21T12:07:56.817+0000] {dagbag.py:588} INFO - Filling up the DagBag from /opt/airflow/dags/my_tasks.py
[2026-07-21T12:07:56.819+0000] {logging_mixin.py:190} INFO - [2026-07-21T12:07:56.819+0000] {dagbag.py:387} ERROR - Failed to import: /opt/airflow/dags/my_tasks.py
Traceback (most recent call last):
  File "/home/airflow/.local/lib/python3.12/site-packages/airflow/models/dagbag.py", line 383, in parse
    loader.exec_module(new_module)
  File "<frozen importlib._bootstrap_external>", line 995, in exec_module
  File "<frozen importlib._bootstrap_external>", line 1133, in get_code
  File "<frozen importlib._bootstrap_external>", line 1063, in source_to_code
  File "<frozen importlib._bootstrap>", line 488, in _call_with_frames_removed
  File "/opt/airflow/dags/my_tasks.py", line 6
    from he
           ^
SyntaxError: invalid syntax
[2026-07-21T12:07:56.820+0000] {processor.py:927} WARNING - No viable dags retrieved from /opt/airflow/dags/my_tasks.py
[2026-07-21T12:07:56.835+0000] {processor.py:208} INFO - Processing /opt/airflow/dags/my_tasks.py took 0.024 seconds
[2026-07-21T12:08:04.893+0000] {processor.py:186} INFO - Started process (PID=740) to work on /opt/airflow/dags/my_tasks.py
[2026-07-21T12:08:04.893+0000] {processor.py:914} INFO - Processing file /opt/airflow/dags/my_tasks.py for tasks to queue
[2026-07-21T12:08:04.894+0000] {logging_mixin.py:190} INFO - [2026-07-21T12:08:04.894+0000] {dagbag.py:588} INFO - Filling up the DagBag from /opt/airflow/dags/my_tasks.py
[2026-07-21T12:08:04.897+0000] {logging_mixin.py:190} INFO - [2026-07-21T12:08:04.896+0000] {dagbag.py:387} ERROR - Failed to import: /opt/airflow/dags/my_tasks.py
Traceback (most recent call last):
  File "/home/airflow/.local/lib/python3.12/site-packages/airflow/models/dagbag.py", line 383, in parse
    loader.exec_module(new_module)
  File "<frozen importlib._bootstrap_external>", line 995, in exec_module
  File "<frozen importlib._bootstrap_external>", line 1133, in get_code
  File "<frozen importlib._bootstrap_external>", line 1063, in source_to_code
  File "<frozen importlib._bootstrap>", line 488, in _call_with_frames_removed
  File "/opt/airflow/dags/my_tasks.py", line 6
    from helper import 
                       ^
SyntaxError: invalid syntax
[2026-07-21T12:08:04.897+0000] {processor.py:927} WARNING - No viable dags retrieved from /opt/airflow/dags/my_tasks.py
[2026-07-21T12:08:04.912+0000] {processor.py:208} INFO - Processing /opt/airflow/dags/my_tasks.py took 0.024 seconds
[2026-07-21T12:08:08.950+0000] {processor.py:186} INFO - Started process (PID=745) to work on /opt/airflow/dags/my_tasks.py
[2026-07-21T12:08:08.958+0000] {processor.py:914} INFO - Processing file /opt/airflow/dags/my_tasks.py for tasks to queue
[2026-07-21T12:08:08.960+0000] {logging_mixin.py:190} INFO - [2026-07-21T12:08:08.960+0000] {dagbag.py:588} INFO - Filling up the DagBag from /opt/airflow/dags/my_tasks.py
[2026-07-21T12:08:08.968+0000] {logging_mixin.py:190} INFO - [2026-07-21T12:08:08.965+0000] {dagbag.py:387} ERROR - Failed to import: /opt/airflow/dags/my_tasks.py
Traceback (most recent call last):
  File "/home/airflow/.local/lib/python3.12/site-packages/airflow/models/dagbag.py", line 383, in parse
    loader.exec_module(new_module)
  File "<frozen importlib._bootstrap_external>", line 999, in exec_module
  File "<frozen importlib._bootstrap>", line 488, in _call_with_frames_removed
  File "/opt/airflow/dags/my_tasks.py", line 3, in <module>
    from airflow.operators import BashOperator, PythonOperator
ImportError: cannot import name 'BashOperator' from 'airflow.operators' (/home/airflow/.local/lib/python3.12/site-packages/airflow/operators/__init__.py)
[2026-07-21T12:08:08.969+0000] {processor.py:927} WARNING - No viable dags retrieved from /opt/airflow/dags/my_tasks.py
[2026-07-21T12:08:08.984+0000] {processor.py:208} INFO - Processing /opt/airflow/dags/my_tasks.py took 0.043 seconds
[2026-07-21T12:08:13.002+0000] {processor.py:186} INFO - Started process (PID=756) to work on /opt/airflow/dags/my_tasks.py
[2026-07-21T12:08:13.002+0000] {processor.py:914} INFO - Processing file /opt/airflow/dags/my_tasks.py for tasks to queue
[2026-07-21T12:08:13.003+0000] {logging_mixin.py:190} INFO - [2026-07-21T12:08:13.003+0000] {dagbag.py:588} INFO - Filling up the DagBag from /opt/airflow/dags/my_tasks.py
[2026-07-21T12:08:13.007+0000] {logging_mixin.py:190} INFO - [2026-07-21T12:08:13.005+0000] {dagbag.py:387} ERROR - Failed to import: /opt/airflow/dags/my_tasks.py
Traceback (most recent call last):
  File "/home/airflow/.local/lib/python3.12/site-packages/airflow/models/dagbag.py", line 383, in parse
    loader.exec_module(new_module)
  File "<frozen importlib._bootstrap_external>", line 999, in exec_module
  File "<frozen importlib._bootstrap>", line 488, in _call_with_frames_removed
  File "/opt/airflow/dags/my_tasks.py", line 3, in <module>
    from airflow.operators import BashOperator, PythonOperator
ImportError: cannot import name 'BashOperator' from 'airflow.operators' (/home/airflow/.local/lib/python3.12/site-packages/airflow/operators/__init__.py)
[2026-07-21T12:08:13.008+0000] {processor.py:927} WARNING - No viable dags retrieved from /opt/airflow/dags/my_tasks.py
[2026-07-21T12:08:13.027+0000] {processor.py:208} INFO - Processing /opt/airflow/dags/my_tasks.py took 0.030 seconds
[2026-07-21T12:08:18.074+0000] {processor.py:186} INFO - Started process (PID=761) to work on /opt/airflow/dags/my_tasks.py
[2026-07-21T12:08:18.082+0000] {processor.py:914} INFO - Processing file /opt/airflow/dags/my_tasks.py for tasks to queue
[2026-07-21T12:08:18.085+0000] {logging_mixin.py:190} INFO - [2026-07-21T12:08:18.084+0000] {dagbag.py:588} INFO - Filling up the DagBag from /opt/airflow/dags/my_tasks.py
[2026-07-21T12:08:18.091+0000] {logging_mixin.py:190} INFO - [2026-07-21T12:08:18.089+0000] {dagbag.py:387} ERROR - Failed to import: /opt/airflow/dags/my_tasks.py
Traceback (most recent call last):
  File "/home/airflow/.local/lib/python3.12/site-packages/airflow/models/dagbag.py", line 383, in parse
    loader.exec_module(new_module)
  File "<frozen importlib._bootstrap_external>", line 999, in exec_module
  File "<frozen importlib._bootstrap>", line 488, in _call_with_frames_removed
  File "/opt/airflow/dags/my_tasks.py", line 3, in <module>
    from airflow.operators import BashOperator, PythonOperator
ImportError: cannot import name 'BashOperator' from 'airflow.operators' (/home/airflow/.local/lib/python3.12/site-packages/airflow/operators/__init__.py)
[2026-07-21T12:08:18.093+0000] {processor.py:927} WARNING - No viable dags retrieved from /opt/airflow/dags/my_tasks.py
[2026-07-21T12:08:18.110+0000] {processor.py:208} INFO - Processing /opt/airflow/dags/my_tasks.py took 0.040 seconds
[2026-07-21T12:08:26.139+0000] {processor.py:186} INFO - Started process (PID=766) to work on /opt/airflow/dags/my_tasks.py
[2026-07-21T12:08:26.141+0000] {processor.py:914} INFO - Processing file /opt/airflow/dags/my_tasks.py for tasks to queue
[2026-07-21T12:08:26.142+0000] {logging_mixin.py:190} INFO - [2026-07-21T12:08:26.141+0000] {dagbag.py:588} INFO - Filling up the DagBag from /opt/airflow/dags/my_tasks.py
[2026-07-21T12:08:26.147+0000] {logging_mixin.py:190} INFO - [2026-07-21T12:08:26.145+0000] {dagbag.py:387} ERROR - Failed to import: /opt/airflow/dags/my_tasks.py
Traceback (most recent call last):
  File "/home/airflow/.local/lib/python3.12/site-packages/airflow/models/dagbag.py", line 383, in parse
    loader.exec_module(new_module)
  File "<frozen importlib._bootstrap_external>", line 999, in exec_module
  File "<frozen importlib._bootstrap>", line 488, in _call_with_frames_removed
  File "/opt/airflow/dags/my_tasks.py", line 3, in <module>
    from airflow.operators import BashOperator, PythonOperator
ImportError: cannot import name 'BashOperator' from 'airflow.operators' (/home/airflow/.local/lib/python3.12/site-packages/airflow/operators/__init__.py)
[2026-07-21T12:08:26.149+0000] {processor.py:927} WARNING - No viable dags retrieved from /opt/airflow/dags/my_tasks.py
[2026-07-21T12:08:26.168+0000] {processor.py:208} INFO - Processing /opt/airflow/dags/my_tasks.py took 0.034 seconds
[2026-07-21T12:08:33.238+0000] {processor.py:186} INFO - Started process (PID=771) to work on /opt/airflow/dags/my_tasks.py
[2026-07-21T12:08:33.239+0000] {processor.py:914} INFO - Processing file /opt/airflow/dags/my_tasks.py for tasks to queue
[2026-07-21T12:08:33.240+0000] {logging_mixin.py:190} INFO - [2026-07-21T12:08:33.240+0000] {dagbag.py:588} INFO - Filling up the DagBag from /opt/airflow/dags/my_tasks.py
[2026-07-21T12:08:33.242+0000] {logging_mixin.py:190} INFO - [2026-07-21T12:08:33.241+0000] {dagbag.py:387} ERROR - Failed to import: /opt/airflow/dags/my_tasks.py
Traceback (most recent call last):
  File "/home/airflow/.local/lib/python3.12/site-packages/airflow/models/dagbag.py", line 383, in parse
    loader.exec_module(new_module)
  File "<frozen importlib._bootstrap_external>", line 995, in exec_module
  File "<frozen importlib._bootstrap_external>", line 1133, in get_code
  File "<frozen importlib._bootstrap_external>", line 1063, in source_to_code
  File "<frozen importlib._bootstrap>", line 488, in _call_with_frames_removed
  File "/opt/airflow/dags/my_tasks.py", line 54
    [debezium_sensor, postgres_sensor] >> debezium_curl >> 
                                                           ^
SyntaxError: invalid syntax
[2026-07-21T12:08:33.242+0000] {processor.py:927} WARNING - No viable dags retrieved from /opt/airflow/dags/my_tasks.py
[2026-07-21T12:08:33.257+0000] {processor.py:208} INFO - Processing /opt/airflow/dags/my_tasks.py took 0.023 seconds
[2026-07-21T12:08:38.290+0000] {processor.py:186} INFO - Started process (PID=776) to work on /opt/airflow/dags/my_tasks.py
[2026-07-21T12:08:38.291+0000] {processor.py:914} INFO - Processing file /opt/airflow/dags/my_tasks.py for tasks to queue
[2026-07-21T12:08:38.292+0000] {logging_mixin.py:190} INFO - [2026-07-21T12:08:38.291+0000] {dagbag.py:588} INFO - Filling up the DagBag from /opt/airflow/dags/my_tasks.py
[2026-07-21T12:08:38.296+0000] {logging_mixin.py:190} INFO - [2026-07-21T12:08:38.294+0000] {dagbag.py:387} ERROR - Failed to import: /opt/airflow/dags/my_tasks.py
Traceback (most recent call last):
  File "/home/airflow/.local/lib/python3.12/site-packages/airflow/models/dagbag.py", line 383, in parse
    loader.exec_module(new_module)
  File "<frozen importlib._bootstrap_external>", line 999, in exec_module
  File "<frozen importlib._bootstrap>", line 488, in _call_with_frames_removed
  File "/opt/airflow/dags/my_tasks.py", line 3, in <module>
    from airflow.operators import BashOperator, PythonOperator
ImportError: cannot import name 'BashOperator' from 'airflow.operators' (/home/airflow/.local/lib/python3.12/site-packages/airflow/operators/__init__.py)
[2026-07-21T12:08:38.298+0000] {processor.py:927} WARNING - No viable dags retrieved from /opt/airflow/dags/my_tasks.py
[2026-07-21T12:08:38.317+0000] {processor.py:208} INFO - Processing /opt/airflow/dags/my_tasks.py took 0.033 seconds
[2026-07-21T12:11:31.905+0000] {processor.py:186} INFO - Started process (PID=193) to work on /opt/airflow/dags/my_tasks.py
[2026-07-21T12:11:31.906+0000] {processor.py:914} INFO - Processing file /opt/airflow/dags/my_tasks.py for tasks to queue
[2026-07-21T12:11:31.907+0000] {logging_mixin.py:190} INFO - [2026-07-21T12:11:31.907+0000] {dagbag.py:588} INFO - Filling up the DagBag from /opt/airflow/dags/my_tasks.py
[2026-07-21T12:11:31.911+0000] {logging_mixin.py:190} INFO - [2026-07-21T12:11:31.909+0000] {dagbag.py:387} ERROR - Failed to import: /opt/airflow/dags/my_tasks.py
Traceback (most recent call last):
  File "/home/airflow/.local/lib/python3.12/site-packages/airflow/models/dagbag.py", line 383, in parse
    loader.exec_module(new_module)
  File "<frozen importlib._bootstrap_external>", line 999, in exec_module
  File "<frozen importlib._bootstrap>", line 488, in _call_with_frames_removed
  File "/opt/airflow/dags/my_tasks.py", line 3, in <module>
    from airflow.operators import BashOperator, PythonOperator
ImportError: cannot import name 'BashOperator' from 'airflow.operators' (/home/airflow/.local/lib/python3.12/site-packages/airflow/operators/__init__.py)
[2026-07-21T12:11:31.913+0000] {processor.py:927} WARNING - No viable dags retrieved from /opt/airflow/dags/my_tasks.py
[2026-07-21T12:11:31.929+0000] {processor.py:208} INFO - Processing /opt/airflow/dags/my_tasks.py took 0.028 seconds
[2026-07-21T12:12:02.085+0000] {processor.py:186} INFO - Started process (PID=204) to work on /opt/airflow/dags/my_tasks.py
[2026-07-21T12:12:02.093+0000] {processor.py:914} INFO - Processing file /opt/airflow/dags/my_tasks.py for tasks to queue
[2026-07-21T12:12:02.095+0000] {logging_mixin.py:190} INFO - [2026-07-21T12:12:02.095+0000] {dagbag.py:588} INFO - Filling up the DagBag from /opt/airflow/dags/my_tasks.py
[2026-07-21T12:12:02.098+0000] {logging_mixin.py:190} INFO - [2026-07-21T12:12:02.096+0000] {dagbag.py:387} ERROR - Failed to import: /opt/airflow/dags/my_tasks.py
Traceback (most recent call last):
  File "/home/airflow/.local/lib/python3.12/site-packages/airflow/models/dagbag.py", line 383, in parse
    loader.exec_module(new_module)
  File "<frozen importlib._bootstrap_external>", line 999, in exec_module
  File "<frozen importlib._bootstrap>", line 488, in _call_with_frames_removed
  File "/opt/airflow/dags/my_tasks.py", line 3, in <module>
    from airflow.operators import BashOperator, PythonOperator
ImportError: cannot import name 'BashOperator' from 'airflow.operators' (/home/airflow/.local/lib/python3.12/site-packages/airflow/operators/__init__.py)
[2026-07-21T12:12:02.100+0000] {processor.py:927} WARNING - No viable dags retrieved from /opt/airflow/dags/my_tasks.py
[2026-07-21T12:12:02.116+0000] {processor.py:208} INFO - Processing /opt/airflow/dags/my_tasks.py took 0.035 seconds
[2026-07-21T12:12:32.324+0000] {processor.py:186} INFO - Started process (PID=215) to work on /opt/airflow/dags/my_tasks.py
[2026-07-21T12:12:32.324+0000] {processor.py:914} INFO - Processing file /opt/airflow/dags/my_tasks.py for tasks to queue
[2026-07-21T12:12:32.326+0000] {logging_mixin.py:190} INFO - [2026-07-21T12:12:32.325+0000] {dagbag.py:588} INFO - Filling up the DagBag from /opt/airflow/dags/my_tasks.py
[2026-07-21T12:12:32.329+0000] {logging_mixin.py:190} INFO - [2026-07-21T12:12:32.327+0000] {dagbag.py:387} ERROR - Failed to import: /opt/airflow/dags/my_tasks.py
Traceback (most recent call last):
  File "/home/airflow/.local/lib/python3.12/site-packages/airflow/models/dagbag.py", line 383, in parse
    loader.exec_module(new_module)
  File "<frozen importlib._bootstrap_external>", line 999, in exec_module
  File "<frozen importlib._bootstrap>", line 488, in _call_with_frames_removed
  File "/opt/airflow/dags/my_tasks.py", line 3, in <module>
    from airflow.operators import BashOperator, PythonOperator
ImportError: cannot import name 'BashOperator' from 'airflow.operators' (/home/airflow/.local/lib/python3.12/site-packages/airflow/operators/__init__.py)
[2026-07-21T12:12:32.331+0000] {processor.py:927} WARNING - No viable dags retrieved from /opt/airflow/dags/my_tasks.py
[2026-07-21T12:12:32.346+0000] {processor.py:208} INFO - Processing /opt/airflow/dags/my_tasks.py took 0.026 seconds
[2026-07-21T12:13:02.587+0000] {processor.py:186} INFO - Started process (PID=226) to work on /opt/airflow/dags/my_tasks.py
[2026-07-21T12:13:02.595+0000] {processor.py:914} INFO - Processing file /opt/airflow/dags/my_tasks.py for tasks to queue
[2026-07-21T12:13:02.598+0000] {logging_mixin.py:190} INFO - [2026-07-21T12:13:02.598+0000] {dagbag.py:588} INFO - Filling up the DagBag from /opt/airflow/dags/my_tasks.py
[2026-07-21T12:13:02.605+0000] {logging_mixin.py:190} INFO - [2026-07-21T12:13:02.602+0000] {dagbag.py:387} ERROR - Failed to import: /opt/airflow/dags/my_tasks.py
Traceback (most recent call last):
  File "/home/airflow/.local/lib/python3.12/site-packages/airflow/models/dagbag.py", line 383, in parse
    loader.exec_module(new_module)
  File "<frozen importlib._bootstrap_external>", line 999, in exec_module
  File "<frozen importlib._bootstrap>", line 488, in _call_with_frames_removed
  File "/opt/airflow/dags/my_tasks.py", line 3, in <module>
    from airflow.operators import BashOperator, PythonOperator
ImportError: cannot import name 'BashOperator' from 'airflow.operators' (/home/airflow/.local/lib/python3.12/site-packages/airflow/operators/__init__.py)
[2026-07-21T12:13:02.607+0000] {processor.py:927} WARNING - No viable dags retrieved from /opt/airflow/dags/my_tasks.py
[2026-07-21T12:13:02.622+0000] {processor.py:208} INFO - Processing /opt/airflow/dags/my_tasks.py took 0.039 seconds
[2026-07-21T12:13:32.841+0000] {processor.py:186} INFO - Started process (PID=237) to work on /opt/airflow/dags/my_tasks.py
[2026-07-21T12:13:32.842+0000] {processor.py:914} INFO - Processing file /opt/airflow/dags/my_tasks.py for tasks to queue
[2026-07-21T12:13:32.844+0000] {logging_mixin.py:190} INFO - [2026-07-21T12:13:32.843+0000] {dagbag.py:588} INFO - Filling up the DagBag from /opt/airflow/dags/my_tasks.py
[2026-07-21T12:13:32.847+0000] {logging_mixin.py:190} INFO - [2026-07-21T12:13:32.845+0000] {dagbag.py:387} ERROR - Failed to import: /opt/airflow/dags/my_tasks.py
Traceback (most recent call last):
  File "/home/airflow/.local/lib/python3.12/site-packages/airflow/models/dagbag.py", line 383, in parse
    loader.exec_module(new_module)
  File "<frozen importlib._bootstrap_external>", line 999, in exec_module
  File "<frozen importlib._bootstrap>", line 488, in _call_with_frames_removed
  File "/opt/airflow/dags/my_tasks.py", line 3, in <module>
    from airflow.operators import BashOperator, PythonOperator
ImportError: cannot import name 'BashOperator' from 'airflow.operators' (/home/airflow/.local/lib/python3.12/site-packages/airflow/operators/__init__.py)
[2026-07-21T12:13:32.848+0000] {processor.py:927} WARNING - No viable dags retrieved from /opt/airflow/dags/my_tasks.py
[2026-07-21T12:13:32.864+0000] {processor.py:208} INFO - Processing /opt/airflow/dags/my_tasks.py took 0.027 seconds
[2026-07-21T12:14:03.106+0000] {processor.py:186} INFO - Started process (PID=248) to work on /opt/airflow/dags/my_tasks.py
[2026-07-21T12:14:03.106+0000] {processor.py:914} INFO - Processing file /opt/airflow/dags/my_tasks.py for tasks to queue
[2026-07-21T12:14:03.107+0000] {logging_mixin.py:190} INFO - [2026-07-21T12:14:03.107+0000] {dagbag.py:588} INFO - Filling up the DagBag from /opt/airflow/dags/my_tasks.py
[2026-07-21T12:14:03.111+0000] {logging_mixin.py:190} INFO - [2026-07-21T12:14:03.109+0000] {dagbag.py:387} ERROR - Failed to import: /opt/airflow/dags/my_tasks.py
Traceback (most recent call last):
  File "/home/airflow/.local/lib/python3.12/site-packages/airflow/models/dagbag.py", line 383, in parse
    loader.exec_module(new_module)
  File "<frozen importlib._bootstrap_external>", line 999, in exec_module
  File "<frozen importlib._bootstrap>", line 488, in _call_with_frames_removed
  File "/opt/airflow/dags/my_tasks.py", line 3, in <module>
    from airflow.operators import BashOperator, PythonOperator
ImportError: cannot import name 'BashOperator' from 'airflow.operators' (/home/airflow/.local/lib/python3.12/site-packages/airflow/operators/__init__.py)
[2026-07-21T12:14:03.112+0000] {processor.py:927} WARNING - No viable dags retrieved from /opt/airflow/dags/my_tasks.py
[2026-07-21T12:14:03.128+0000] {processor.py:208} INFO - Processing /opt/airflow/dags/my_tasks.py took 0.026 seconds
[2026-07-21T12:14:32.337+0000] {processor.py:186} INFO - Started process (PID=259) to work on /opt/airflow/dags/my_tasks.py
[2026-07-21T12:14:32.338+0000] {processor.py:914} INFO - Processing file /opt/airflow/dags/my_tasks.py for tasks to queue
[2026-07-21T12:14:32.339+0000] {logging_mixin.py:190} INFO - [2026-07-21T12:14:32.339+0000] {dagbag.py:588} INFO - Filling up the DagBag from /opt/airflow/dags/my_tasks.py
[2026-07-21T12:14:32.344+0000] {logging_mixin.py:190} INFO - [2026-07-21T12:14:32.341+0000] {dagbag.py:387} ERROR - Failed to import: /opt/airflow/dags/my_tasks.py
Traceback (most recent call last):
  File "/home/airflow/.local/lib/python3.12/site-packages/airflow/models/dagbag.py", line 383, in parse
    loader.exec_module(new_module)
  File "<frozen importlib._bootstrap_external>", line 999, in exec_module
  File "<frozen importlib._bootstrap>", line 488, in _call_with_frames_removed
  File "/opt/airflow/dags/my_tasks.py", line 3, in <module>
    from airflow.operators.bash import BashOperator, PythonOperator
ImportError: cannot import name 'PythonOperator' from 'airflow.operators.bash' (/home/airflow/.local/lib/python3.12/site-packages/airflow/operators/bash.py)
[2026-07-21T12:14:32.346+0000] {processor.py:927} WARNING - No viable dags retrieved from /opt/airflow/dags/my_tasks.py
[2026-07-21T12:14:32.365+0000] {processor.py:208} INFO - Processing /opt/airflow/dags/my_tasks.py took 0.032 seconds
[2026-07-21T12:14:42.427+0000] {processor.py:186} INFO - Started process (PID=270) to work on /opt/airflow/dags/my_tasks.py
[2026-07-21T12:14:42.428+0000] {processor.py:914} INFO - Processing file /opt/airflow/dags/my_tasks.py for tasks to queue
[2026-07-21T12:14:42.429+0000] {logging_mixin.py:190} INFO - [2026-07-21T12:14:42.429+0000] {dagbag.py:588} INFO - Filling up the DagBag from /opt/airflow/dags/my_tasks.py
[2026-07-21T12:14:42.452+0000] {logging_mixin.py:190} INFO - [2026-07-21T12:14:42.446+0000] {dagbag.py:387} ERROR - Failed to import: /opt/airflow/dags/my_tasks.py
Traceback (most recent call last):
  File "/home/airflow/.local/lib/python3.12/site-packages/airflow/models/dagbag.py", line 383, in parse
    loader.exec_module(new_module)
  File "<frozen importlib._bootstrap_external>", line 999, in exec_module
  File "<frozen importlib._bootstrap>", line 488, in _call_with_frames_removed
  File "/opt/airflow/dags/my_tasks.py", line 50, in <module>
    db_crud_task = PythonOperator(
                   ^^^^^^^^^^^^^^
NameError: name 'PythonOperator' is not defined
[2026-07-21T12:14:42.456+0000] {processor.py:927} WARNING - No viable dags retrieved from /opt/airflow/dags/my_tasks.py
[2026-07-21T12:14:42.472+0000] {processor.py:208} INFO - Processing /opt/airflow/dags/my_tasks.py took 0.050 seconds
[2026-07-21T12:14:46.484+0000] {processor.py:186} INFO - Started process (PID=275) to work on /opt/airflow/dags/my_tasks.py
[2026-07-21T12:14:46.493+0000] {processor.py:914} INFO - Processing file /opt/airflow/dags/my_tasks.py for tasks to queue
[2026-07-21T12:14:46.495+0000] {logging_mixin.py:190} INFO - [2026-07-21T12:14:46.495+0000] {dagbag.py:588} INFO - Filling up the DagBag from /opt/airflow/dags/my_tasks.py
[2026-07-21T12:14:46.500+0000] {logging_mixin.py:190} INFO - [2026-07-21T12:14:46.498+0000] {dagbag.py:387} ERROR - Failed to import: /opt/airflow/dags/my_tasks.py
Traceback (most recent call last):
  File "/home/airflow/.local/lib/python3.12/site-packages/airflow/models/dagbag.py", line 383, in parse
    loader.exec_module(new_module)
  File "<frozen importlib._bootstrap_external>", line 999, in exec_module
  File "<frozen importlib._bootstrap>", line 488, in _call_with_frames_removed
  File "/opt/airflow/dags/my_tasks.py", line 4, in <module>
    from airflow.operators.python import BashOperator
ImportError: cannot import name 'BashOperator' from 'airflow.operators.python' (/home/airflow/.local/lib/python3.12/site-packages/airflow/operators/python.py)
[2026-07-21T12:14:46.502+0000] {processor.py:927} WARNING - No viable dags retrieved from /opt/airflow/dags/my_tasks.py
[2026-07-21T12:14:46.522+0000] {processor.py:208} INFO - Processing /opt/airflow/dags/my_tasks.py took 0.042 seconds
[2026-07-21T12:14:50.547+0000] {processor.py:186} INFO - Started process (PID=280) to work on /opt/airflow/dags/my_tasks.py
[2026-07-21T12:14:50.547+0000] {processor.py:914} INFO - Processing file /opt/airflow/dags/my_tasks.py for tasks to queue
[2026-07-21T12:14:50.549+0000] {logging_mixin.py:190} INFO - [2026-07-21T12:14:50.549+0000] {dagbag.py:588} INFO - Filling up the DagBag from /opt/airflow/dags/my_tasks.py
[2026-07-21T12:14:50.552+0000] {logging_mixin.py:190} INFO - [2026-07-21T12:14:50.552+0000] {dagbag.py:387} ERROR - Failed to import: /opt/airflow/dags/my_tasks.py
Traceback (most recent call last):
  File "/home/airflow/.local/lib/python3.12/site-packages/airflow/models/dagbag.py", line 383, in parse
    loader.exec_module(new_module)
  File "<frozen importlib._bootstrap_external>", line 999, in exec_module
  File "<frozen importlib._bootstrap>", line 488, in _call_with_frames_removed
  File "/opt/airflow/dags/my_tasks.py", line 4, in <module>
    from airflow.operators.python import P
ImportError: cannot import name 'P' from 'airflow.operators.python' (/home/airflow/.local/lib/python3.12/site-packages/airflow/operators/python.py)
[2026-07-21T12:14:50.553+0000] {processor.py:927} WARNING - No viable dags retrieved from /opt/airflow/dags/my_tasks.py
[2026-07-21T12:14:50.569+0000] {processor.py:208} INFO - Processing /opt/airflow/dags/my_tasks.py took 0.028 seconds
[2026-07-21T12:14:53.587+0000] {processor.py:186} INFO - Started process (PID=285) to work on /opt/airflow/dags/my_tasks.py
[2026-07-21T12:14:53.588+0000] {processor.py:914} INFO - Processing file /opt/airflow/dags/my_tasks.py for tasks to queue
[2026-07-21T12:14:53.589+0000] {logging_mixin.py:190} INFO - [2026-07-21T12:14:53.589+0000] {dagbag.py:588} INFO - Filling up the DagBag from /opt/airflow/dags/my_tasks.py
[2026-07-21T12:14:53.596+0000] {logging_mixin.py:190} INFO - [2026-07-21T12:14:53.593+0000] {dagbag.py:387} ERROR - Failed to import: /opt/airflow/dags/my_tasks.py
Traceback (most recent call last):
  File "/home/airflow/.local/lib/python3.12/site-packages/airflow/models/dagbag.py", line 383, in parse
    loader.exec_module(new_module)
  File "<frozen importlib._bootstrap_external>", line 999, in exec_module
  File "<frozen importlib._bootstrap>", line 488, in _call_with_frames_removed
  File "/opt/airflow/dags/my_tasks.py", line 4, in <module>
    from airflow.operators.python import Python
ImportError: cannot import name 'Python' from 'airflow.operators.python' (/home/airflow/.local/lib/python3.12/site-packages/airflow/operators/python.py)
[2026-07-21T12:14:53.598+0000] {processor.py:927} WARNING - No viable dags retrieved from /opt/airflow/dags/my_tasks.py
[2026-07-21T12:14:53.616+0000] {processor.py:208} INFO - Processing /opt/airflow/dags/my_tasks.py took 0.033 seconds
[2026-07-21T12:15:04.716+0000] {processor.py:186} INFO - Started process (PID=290) to work on /opt/airflow/dags/my_tasks.py
[2026-07-21T12:15:04.724+0000] {processor.py:914} INFO - Processing file /opt/airflow/dags/my_tasks.py for tasks to queue
[2026-07-21T12:15:04.725+0000] {logging_mixin.py:190} INFO - [2026-07-21T12:15:04.725+0000] {dagbag.py:588} INFO - Filling up the DagBag from /opt/airflow/dags/my_tasks.py
[2026-07-21T12:15:04.768+0000] {processor.py:925} INFO - DAG(s) 'my_dag' retrieved from /opt/airflow/dags/my_tasks.py
[2026-07-21T12:15:05.106+0000] {logging_mixin.py:190} INFO - [2026-07-21T12:15:05.106+0000] {override.py:1912} INFO - Created Permission View: can read on DAG:my_dag
[2026-07-21T12:15:05.114+0000] {logging_mixin.py:190} INFO - [2026-07-21T12:15:05.114+0000] {override.py:1912} INFO - Created Permission View: can delete on DAG:my_dag
[2026-07-21T12:15:05.120+0000] {logging_mixin.py:190} INFO - [2026-07-21T12:15:05.119+0000] {override.py:1912} INFO - Created Permission View: can edit on DAG:my_dag
[2026-07-21T12:15:05.128+0000] {logging_mixin.py:190} INFO - [2026-07-21T12:15:05.128+0000] {override.py:1912} INFO - Created Permission View: can read on DAG Run:my_dag
[2026-07-21T12:15:05.134+0000] {logging_mixin.py:190} INFO - [2026-07-21T12:15:05.134+0000] {override.py:1912} INFO - Created Permission View: menu access on DAG Run:my_dag
[2026-07-21T12:15:05.139+0000] {logging_mixin.py:190} INFO - [2026-07-21T12:15:05.139+0000] {override.py:1912} INFO - Created Permission View: can delete on DAG Run:my_dag
[2026-07-21T12:15:05.145+0000] {logging_mixin.py:190} INFO - [2026-07-21T12:15:05.145+0000] {override.py:1912} INFO - Created Permission View: can create on DAG Run:my_dag
[2026-07-21T12:15:05.145+0000] {logging_mixin.py:190} INFO - [2026-07-21T12:15:05.145+0000] {dag.py:3239} INFO - Sync 1 DAGs
[2026-07-21T12:15:05.155+0000] {logging_mixin.py:190} INFO - [2026-07-21T12:15:05.154+0000] {dag.py:3262} INFO - Creating ORM DAG for my_dag
[2026-07-21T12:15:05.162+0000] {logging_mixin.py:190} INFO - [2026-07-21T12:15:05.162+0000] {dag.py:4180} INFO - Setting next_dagrun for my_dag to 2026-03-02 00:00:00+00:00, run_after=2026-03-02 00:00:00+00:00
[2026-07-21T12:15:05.176+0000] {processor.py:208} INFO - Processing /opt/airflow/dags/my_tasks.py took 0.469 seconds
[2026-07-21T12:20:43.154+0000] {processor.py:186} INFO - Started process (PID=191) to work on /opt/airflow/dags/my_tasks.py
[2026-07-21T12:20:43.156+0000] {processor.py:914} INFO - Processing file /opt/airflow/dags/my_tasks.py for tasks to queue
[2026-07-21T12:20:43.157+0000] {logging_mixin.py:190} INFO - [2026-07-21T12:20:43.157+0000] {dagbag.py:588} INFO - Filling up the DagBag from /opt/airflow/dags/my_tasks.py
[2026-07-21T12:20:43.191+0000] {processor.py:925} INFO - DAG(s) 'my_dag' retrieved from /opt/airflow/dags/my_tasks.py
[2026-07-21T12:20:43.485+0000] {logging_mixin.py:190} INFO - [2026-07-21T12:20:43.485+0000] {override.py:1912} INFO - Created Permission View: can edit on DAG:my_dag
[2026-07-21T12:20:43.499+0000] {logging_mixin.py:190} INFO - [2026-07-21T12:20:43.499+0000] {override.py:1912} INFO - Created Permission View: can read on DAG:my_dag
[2026-07-21T12:20:43.506+0000] {logging_mixin.py:190} INFO - [2026-07-21T12:20:43.505+0000] {override.py:1912} INFO - Created Permission View: can delete on DAG:my_dag
[2026-07-21T12:20:43.519+0000] {logging_mixin.py:190} INFO - [2026-07-21T12:20:43.519+0000] {override.py:1912} INFO - Created Permission View: menu access on DAG Run:my_dag
[2026-07-21T12:20:43.526+0000] {logging_mixin.py:190} INFO - [2026-07-21T12:20:43.525+0000] {override.py:1912} INFO - Created Permission View: can read on DAG Run:my_dag
[2026-07-21T12:20:43.532+0000] {logging_mixin.py:190} INFO - [2026-07-21T12:20:43.532+0000] {override.py:1912} INFO - Created Permission View: can create on DAG Run:my_dag
[2026-07-21T12:20:43.542+0000] {logging_mixin.py:190} INFO - [2026-07-21T12:20:43.542+0000] {override.py:1912} INFO - Created Permission View: can delete on DAG Run:my_dag
[2026-07-21T12:20:43.543+0000] {logging_mixin.py:190} INFO - [2026-07-21T12:20:43.543+0000] {dag.py:3239} INFO - Sync 1 DAGs
[2026-07-21T12:20:43.552+0000] {logging_mixin.py:190} INFO - [2026-07-21T12:20:43.552+0000] {dag.py:3262} INFO - Creating ORM DAG for my_dag
[2026-07-21T12:20:43.559+0000] {logging_mixin.py:190} INFO - [2026-07-21T12:20:43.558+0000] {dag.py:4180} INFO - Setting next_dagrun for my_dag to 2026-03-02 00:00:00+00:00, run_after=2026-03-02 00:00:00+00:00
[2026-07-21T12:20:43.573+0000] {processor.py:208} INFO - Processing /opt/airflow/dags/my_tasks.py took 0.422 seconds
[2026-07-21T12:21:13.741+0000] {processor.py:186} INFO - Started process (PID=218) to work on /opt/airflow/dags/my_tasks.py
[2026-07-21T12:21:13.751+0000] {processor.py:914} INFO - Processing file /opt/airflow/dags/my_tasks.py for tasks to queue
[2026-07-21T12:21:13.754+0000] {logging_mixin.py:190} INFO - [2026-07-21T12:21:13.754+0000] {dagbag.py:588} INFO - Filling up the DagBag from /opt/airflow/dags/my_tasks.py
[2026-07-21T12:21:13.764+0000] {processor.py:925} INFO - DAG(s) 'my_dag' retrieved from /opt/airflow/dags/my_tasks.py
[2026-07-21T12:21:13.783+0000] {logging_mixin.py:190} INFO - [2026-07-21T12:21:13.783+0000] {dag.py:3239} INFO - Sync 1 DAGs
[2026-07-21T12:21:13.802+0000] {logging_mixin.py:190} INFO - [2026-07-21T12:21:13.802+0000] {dag.py:4180} INFO - Setting next_dagrun for my_dag to None, run_after=None
[2026-07-21T12:21:13.816+0000] {processor.py:208} INFO - Processing /opt/airflow/dags/my_tasks.py took 0.086 seconds
[2026-07-21T12:21:43.971+0000] {processor.py:186} INFO - Started process (PID=229) to work on /opt/airflow/dags/my_tasks.py
[2026-07-21T12:21:43.972+0000] {processor.py:914} INFO - Processing file /opt/airflow/dags/my_tasks.py for tasks to queue
[2026-07-21T12:21:43.973+0000] {logging_mixin.py:190} INFO - [2026-07-21T12:21:43.973+0000] {dagbag.py:588} INFO - Filling up the DagBag from /opt/airflow/dags/my_tasks.py
[2026-07-21T12:21:43.981+0000] {processor.py:925} INFO - DAG(s) 'my_dag' retrieved from /opt/airflow/dags/my_tasks.py
[2026-07-21T12:21:43.999+0000] {logging_mixin.py:190} INFO - [2026-07-21T12:21:43.999+0000] {dag.py:3239} INFO - Sync 1 DAGs
[2026-07-21T12:21:44.015+0000] {logging_mixin.py:190} INFO - [2026-07-21T12:21:44.014+0000] {dag.py:4180} INFO - Setting next_dagrun for my_dag to None, run_after=None
[2026-07-21T12:21:44.031+0000] {processor.py:208} INFO - Processing /opt/airflow/dags/my_tasks.py took 0.064 seconds
[2026-07-21T12:22:14.257+0000] {processor.py:186} INFO - Started process (PID=240) to work on /opt/airflow/dags/my_tasks.py
[2026-07-21T12:22:14.265+0000] {processor.py:914} INFO - Processing file /opt/airflow/dags/my_tasks.py for tasks to queue
[2026-07-21T12:22:14.267+0000] {logging_mixin.py:190} INFO - [2026-07-21T12:22:14.267+0000] {dagbag.py:588} INFO - Filling up the DagBag from /opt/airflow/dags/my_tasks.py
[2026-07-21T12:22:14.277+0000] {processor.py:925} INFO - DAG(s) 'my_dag' retrieved from /opt/airflow/dags/my_tasks.py
[2026-07-21T12:22:14.297+0000] {logging_mixin.py:190} INFO - [2026-07-21T12:22:14.297+0000] {dag.py:3239} INFO - Sync 1 DAGs
[2026-07-21T12:22:14.315+0000] {logging_mixin.py:190} INFO - [2026-07-21T12:22:14.315+0000] {dag.py:4180} INFO - Setting next_dagrun for my_dag to None, run_after=None
[2026-07-21T12:22:14.331+0000] {processor.py:208} INFO - Processing /opt/airflow/dags/my_tasks.py took 0.078 seconds
[2026-07-21T12:22:44.522+0000] {processor.py:186} INFO - Started process (PID=251) to work on /opt/airflow/dags/my_tasks.py
[2026-07-21T12:22:44.530+0000] {processor.py:914} INFO - Processing file /opt/airflow/dags/my_tasks.py for tasks to queue
[2026-07-21T12:22:44.532+0000] {logging_mixin.py:190} INFO - [2026-07-21T12:22:44.531+0000] {dagbag.py:588} INFO - Filling up the DagBag from /opt/airflow/dags/my_tasks.py
[2026-07-21T12:22:44.539+0000] {processor.py:925} INFO - DAG(s) 'my_dag' retrieved from /opt/airflow/dags/my_tasks.py
[2026-07-21T12:22:44.559+0000] {logging_mixin.py:190} INFO - [2026-07-21T12:22:44.559+0000] {dag.py:3239} INFO - Sync 1 DAGs
[2026-07-21T12:22:44.578+0000] {logging_mixin.py:190} INFO - [2026-07-21T12:22:44.578+0000] {dag.py:4180} INFO - Setting next_dagrun for my_dag to None, run_after=None
[2026-07-21T12:22:44.596+0000] {processor.py:208} INFO - Processing /opt/airflow/dags/my_tasks.py took 0.079 seconds
[2026-07-21T12:23:14.793+0000] {processor.py:186} INFO - Started process (PID=262) to work on /opt/airflow/dags/my_tasks.py
[2026-07-21T12:23:14.801+0000] {processor.py:914} INFO - Processing file /opt/airflow/dags/my_tasks.py for tasks to queue
[2026-07-21T12:23:14.803+0000] {logging_mixin.py:190} INFO - [2026-07-21T12:23:14.803+0000] {dagbag.py:588} INFO - Filling up the DagBag from /opt/airflow/dags/my_tasks.py
[2026-07-21T12:23:14.811+0000] {processor.py:925} INFO - DAG(s) 'my_dag' retrieved from /opt/airflow/dags/my_tasks.py
[2026-07-21T12:23:14.829+0000] {logging_mixin.py:190} INFO - [2026-07-21T12:23:14.829+0000] {dag.py:3239} INFO - Sync 1 DAGs
[2026-07-21T12:23:14.846+0000] {logging_mixin.py:190} INFO - [2026-07-21T12:23:14.845+0000] {dag.py:4180} INFO - Setting next_dagrun for my_dag to None, run_after=None
[2026-07-21T12:23:14.860+0000] {processor.py:208} INFO - Processing /opt/airflow/dags/my_tasks.py took 0.072 seconds
[2026-07-21T12:23:45.046+0000] {processor.py:186} INFO - Started process (PID=273) to work on /opt/airflow/dags/my_tasks.py
[2026-07-21T12:23:45.047+0000] {processor.py:914} INFO - Processing file /opt/airflow/dags/my_tasks.py for tasks to queue
[2026-07-21T12:23:45.049+0000] {logging_mixin.py:190} INFO - [2026-07-21T12:23:45.048+0000] {dagbag.py:588} INFO - Filling up the DagBag from /opt/airflow/dags/my_tasks.py
[2026-07-21T12:23:45.055+0000] {processor.py:925} INFO - DAG(s) 'my_dag' retrieved from /opt/airflow/dags/my_tasks.py
[2026-07-21T12:23:45.074+0000] {logging_mixin.py:190} INFO - [2026-07-21T12:23:45.074+0000] {dag.py:3239} INFO - Sync 1 DAGs
[2026-07-21T12:23:45.091+0000] {logging_mixin.py:190} INFO - [2026-07-21T12:23:45.091+0000] {dag.py:4180} INFO - Setting next_dagrun for my_dag to None, run_after=None
[2026-07-21T12:23:45.108+0000] {processor.py:208} INFO - Processing /opt/airflow/dags/my_tasks.py took 0.066 seconds
[2026-07-21T12:24:15.334+0000] {processor.py:186} INFO - Started process (PID=284) to work on /opt/airflow/dags/my_tasks.py
[2026-07-21T12:24:15.342+0000] {processor.py:914} INFO - Processing file /opt/airflow/dags/my_tasks.py for tasks to queue
[2026-07-21T12:24:15.344+0000] {logging_mixin.py:190} INFO - [2026-07-21T12:24:15.343+0000] {dagbag.py:588} INFO - Filling up the DagBag from /opt/airflow/dags/my_tasks.py
[2026-07-21T12:24:15.351+0000] {processor.py:925} INFO - DAG(s) 'my_dag' retrieved from /opt/airflow/dags/my_tasks.py
[2026-07-21T12:24:15.369+0000] {logging_mixin.py:190} INFO - [2026-07-21T12:24:15.369+0000] {dag.py:3239} INFO - Sync 1 DAGs
[2026-07-21T12:24:15.386+0000] {logging_mixin.py:190} INFO - [2026-07-21T12:24:15.386+0000] {dag.py:4180} INFO - Setting next_dagrun for my_dag to None, run_after=None
[2026-07-21T12:24:15.400+0000] {processor.py:208} INFO - Processing /opt/airflow/dags/my_tasks.py took 0.071 seconds
[2026-07-21T12:24:45.603+0000] {processor.py:186} INFO - Started process (PID=295) to work on /opt/airflow/dags/my_tasks.py
[2026-07-21T12:24:45.604+0000] {processor.py:914} INFO - Processing file /opt/airflow/dags/my_tasks.py for tasks to queue
[2026-07-21T12:24:45.605+0000] {logging_mixin.py:190} INFO - [2026-07-21T12:24:45.605+0000] {dagbag.py:588} INFO - Filling up the DagBag from /opt/airflow/dags/my_tasks.py
[2026-07-21T12:24:45.612+0000] {processor.py:925} INFO - DAG(s) 'my_dag' retrieved from /opt/airflow/dags/my_tasks.py
[2026-07-21T12:24:45.631+0000] {logging_mixin.py:190} INFO - [2026-07-21T12:24:45.630+0000] {dag.py:3239} INFO - Sync 1 DAGs
[2026-07-21T12:24:45.648+0000] {logging_mixin.py:190} INFO - [2026-07-21T12:24:45.648+0000] {dag.py:4180} INFO - Setting next_dagrun for my_dag to None, run_after=None
[2026-07-21T12:24:45.663+0000] {processor.py:208} INFO - Processing /opt/airflow/dags/my_tasks.py took 0.065 seconds
[2026-07-21T12:25:15.872+0000] {processor.py:186} INFO - Started process (PID=306) to work on /opt/airflow/dags/my_tasks.py
[2026-07-21T12:25:15.877+0000] {processor.py:914} INFO - Processing file /opt/airflow/dags/my_tasks.py for tasks to queue
[2026-07-21T12:25:15.880+0000] {logging_mixin.py:190} INFO - [2026-07-21T12:25:15.879+0000] {dagbag.py:588} INFO - Filling up the DagBag from /opt/airflow/dags/my_tasks.py
[2026-07-21T12:25:15.888+0000] {processor.py:925} INFO - DAG(s) 'my_dag' retrieved from /opt/airflow/dags/my_tasks.py
[2026-07-21T12:25:15.908+0000] {logging_mixin.py:190} INFO - [2026-07-21T12:25:15.908+0000] {dag.py:3239} INFO - Sync 1 DAGs
[2026-07-21T12:25:15.930+0000] {logging_mixin.py:190} INFO - [2026-07-21T12:25:15.929+0000] {dag.py:4180} INFO - Setting next_dagrun for my_dag to None, run_after=None
[2026-07-21T12:25:15.948+0000] {processor.py:208} INFO - Processing /opt/airflow/dags/my_tasks.py took 0.081 seconds
[2026-07-21T12:25:46.147+0000] {processor.py:186} INFO - Started process (PID=317) to work on /opt/airflow/dags/my_tasks.py
[2026-07-21T12:25:46.148+0000] {processor.py:914} INFO - Processing file /opt/airflow/dags/my_tasks.py for tasks to queue
[2026-07-21T12:25:46.150+0000] {logging_mixin.py:190} INFO - [2026-07-21T12:25:46.149+0000] {dagbag.py:588} INFO - Filling up the DagBag from /opt/airflow/dags/my_tasks.py
[2026-07-21T12:25:46.157+0000] {processor.py:925} INFO - DAG(s) 'my_dag' retrieved from /opt/airflow/dags/my_tasks.py
[2026-07-21T12:25:46.177+0000] {logging_mixin.py:190} INFO - [2026-07-21T12:25:46.177+0000] {dag.py:3239} INFO - Sync 1 DAGs
[2026-07-21T12:25:46.193+0000] {logging_mixin.py:190} INFO - [2026-07-21T12:25:46.193+0000] {dag.py:4180} INFO - Setting next_dagrun for my_dag to None, run_after=None
[2026-07-21T12:25:46.207+0000] {processor.py:208} INFO - Processing /opt/airflow/dags/my_tasks.py took 0.065 seconds
[2026-07-21T12:26:16.413+0000] {processor.py:186} INFO - Started process (PID=334) to work on /opt/airflow/dags/my_tasks.py
[2026-07-21T12:26:16.413+0000] {processor.py:914} INFO - Processing file /opt/airflow/dags/my_tasks.py for tasks to queue
[2026-07-21T12:26:16.415+0000] {logging_mixin.py:190} INFO - [2026-07-21T12:26:16.415+0000] {dagbag.py:588} INFO - Filling up the DagBag from /opt/airflow/dags/my_tasks.py
[2026-07-21T12:26:16.422+0000] {processor.py:925} INFO - DAG(s) 'my_dag' retrieved from /opt/airflow/dags/my_tasks.py
[2026-07-21T12:26:16.440+0000] {logging_mixin.py:190} INFO - [2026-07-21T12:26:16.440+0000] {dag.py:3239} INFO - Sync 1 DAGs
[2026-07-21T12:26:16.456+0000] {logging_mixin.py:190} INFO - [2026-07-21T12:26:16.456+0000] {dag.py:4180} INFO - Setting next_dagrun for my_dag to None, run_after=None
[2026-07-21T12:26:16.471+0000] {processor.py:208} INFO - Processing /opt/airflow/dags/my_tasks.py took 0.064 seconds
[2026-07-21T12:26:46.665+0000] {processor.py:186} INFO - Started process (PID=345) to work on /opt/airflow/dags/my_tasks.py
[2026-07-21T12:26:46.666+0000] {processor.py:914} INFO - Processing file /opt/airflow/dags/my_tasks.py for tasks to queue
[2026-07-21T12:26:46.667+0000] {logging_mixin.py:190} INFO - [2026-07-21T12:26:46.667+0000] {dagbag.py:588} INFO - Filling up the DagBag from /opt/airflow/dags/my_tasks.py
[2026-07-21T12:26:46.673+0000] {processor.py:925} INFO - DAG(s) 'my_dag' retrieved from /opt/airflow/dags/my_tasks.py
[2026-07-21T12:26:46.692+0000] {logging_mixin.py:190} INFO - [2026-07-21T12:26:46.692+0000] {dag.py:3239} INFO - Sync 1 DAGs
[2026-07-21T12:26:46.709+0000] {logging_mixin.py:190} INFO - [2026-07-21T12:26:46.709+0000] {dag.py:4180} INFO - Setting next_dagrun for my_dag to None, run_after=None
[2026-07-21T12:26:46.723+0000] {processor.py:208} INFO - Processing /opt/airflow/dags/my_tasks.py took 0.062 seconds
[2026-07-21T12:27:16.930+0000] {processor.py:186} INFO - Started process (PID=356) to work on /opt/airflow/dags/my_tasks.py
[2026-07-21T12:27:16.933+0000] {processor.py:914} INFO - Processing file /opt/airflow/dags/my_tasks.py for tasks to queue
[2026-07-21T12:27:16.935+0000] {logging_mixin.py:190} INFO - [2026-07-21T12:27:16.934+0000] {dagbag.py:588} INFO - Filling up the DagBag from /opt/airflow/dags/my_tasks.py
[2026-07-21T12:27:16.942+0000] {processor.py:925} INFO - DAG(s) 'my_dag' retrieved from /opt/airflow/dags/my_tasks.py
[2026-07-21T12:27:16.961+0000] {logging_mixin.py:190} INFO - [2026-07-21T12:27:16.961+0000] {dag.py:3239} INFO - Sync 1 DAGs
[2026-07-21T12:27:16.978+0000] {logging_mixin.py:190} INFO - [2026-07-21T12:27:16.978+0000] {dag.py:4180} INFO - Setting next_dagrun for my_dag to None, run_after=None
[2026-07-21T12:27:16.997+0000] {processor.py:208} INFO - Processing /opt/airflow/dags/my_tasks.py took 0.071 seconds
[2026-07-21T12:27:47.196+0000] {processor.py:186} INFO - Started process (PID=367) to work on /opt/airflow/dags/my_tasks.py
[2026-07-21T12:27:47.204+0000] {processor.py:914} INFO - Processing file /opt/airflow/dags/my_tasks.py for tasks to queue
[2026-07-21T12:27:47.206+0000] {logging_mixin.py:190} INFO - [2026-07-21T12:27:47.206+0000] {dagbag.py:588} INFO - Filling up the DagBag from /opt/airflow/dags/my_tasks.py
[2026-07-21T12:27:47.213+0000] {processor.py:925} INFO - DAG(s) 'my_dag' retrieved from /opt/airflow/dags/my_tasks.py
[2026-07-21T12:27:47.232+0000] {logging_mixin.py:190} INFO - [2026-07-21T12:27:47.232+0000] {dag.py:3239} INFO - Sync 1 DAGs
[2026-07-21T12:27:47.247+0000] {logging_mixin.py:190} INFO - [2026-07-21T12:27:47.247+0000] {dag.py:4180} INFO - Setting next_dagrun for my_dag to None, run_after=None
[2026-07-21T12:27:47.261+0000] {processor.py:208} INFO - Processing /opt/airflow/dags/my_tasks.py took 0.070 seconds
[2026-07-21T12:28:17.473+0000] {processor.py:186} INFO - Started process (PID=378) to work on /opt/airflow/dags/my_tasks.py
[2026-07-21T12:28:17.481+0000] {processor.py:914} INFO - Processing file /opt/airflow/dags/my_tasks.py for tasks to queue
[2026-07-21T12:28:17.483+0000] {logging_mixin.py:190} INFO - [2026-07-21T12:28:17.483+0000] {dagbag.py:588} INFO - Filling up the DagBag from /opt/airflow/dags/my_tasks.py
[2026-07-21T12:28:17.493+0000] {processor.py:925} INFO - DAG(s) 'my_dag' retrieved from /opt/airflow/dags/my_tasks.py
[2026-07-21T12:28:17.513+0000] {logging_mixin.py:190} INFO - [2026-07-21T12:28:17.513+0000] {dag.py:3239} INFO - Sync 1 DAGs
[2026-07-21T12:28:17.530+0000] {logging_mixin.py:190} INFO - [2026-07-21T12:28:17.529+0000] {dag.py:4180} INFO - Setting next_dagrun for my_dag to None, run_after=None
[2026-07-21T12:28:17.544+0000] {processor.py:208} INFO - Processing /opt/airflow/dags/my_tasks.py took 0.075 seconds
[2026-07-21T12:28:47.727+0000] {processor.py:186} INFO - Started process (PID=389) to work on /opt/airflow/dags/my_tasks.py
[2026-07-21T12:28:47.729+0000] {processor.py:914} INFO - Processing file /opt/airflow/dags/my_tasks.py for tasks to queue
[2026-07-21T12:28:47.731+0000] {logging_mixin.py:190} INFO - [2026-07-21T12:28:47.731+0000] {dagbag.py:588} INFO - Filling up the DagBag from /opt/airflow/dags/my_tasks.py
[2026-07-21T12:28:47.738+0000] {processor.py:925} INFO - DAG(s) 'my_dag' retrieved from /opt/airflow/dags/my_tasks.py
[2026-07-21T12:28:47.757+0000] {logging_mixin.py:190} INFO - [2026-07-21T12:28:47.757+0000] {dag.py:3239} INFO - Sync 1 DAGs
[2026-07-21T12:28:47.773+0000] {logging_mixin.py:190} INFO - [2026-07-21T12:28:47.773+0000] {dag.py:4180} INFO - Setting next_dagrun for my_dag to None, run_after=None
[2026-07-21T12:28:47.787+0000] {processor.py:208} INFO - Processing /opt/airflow/dags/my_tasks.py took 0.064 seconds
[2026-07-21T12:29:17.985+0000] {processor.py:186} INFO - Started process (PID=400) to work on /opt/airflow/dags/my_tasks.py
[2026-07-21T12:29:17.986+0000] {processor.py:914} INFO - Processing file /opt/airflow/dags/my_tasks.py for tasks to queue
[2026-07-21T12:29:17.988+0000] {logging_mixin.py:190} INFO - [2026-07-21T12:29:17.987+0000] {dagbag.py:588} INFO - Filling up the DagBag from /opt/airflow/dags/my_tasks.py
[2026-07-21T12:29:17.999+0000] {processor.py:925} INFO - DAG(s) 'my_dag' retrieved from /opt/airflow/dags/my_tasks.py
[2026-07-21T12:29:18.017+0000] {logging_mixin.py:190} INFO - [2026-07-21T12:29:18.017+0000] {dag.py:3239} INFO - Sync 1 DAGs
[2026-07-21T12:29:18.033+0000] {logging_mixin.py:190} INFO - [2026-07-21T12:29:18.033+0000] {dag.py:4180} INFO - Setting next_dagrun for my_dag to None, run_after=None
[2026-07-21T12:29:18.048+0000] {processor.py:208} INFO - Processing /opt/airflow/dags/my_tasks.py took 0.067 seconds
[2026-07-21T12:29:48.226+0000] {processor.py:186} INFO - Started process (PID=410) to work on /opt/airflow/dags/my_tasks.py
[2026-07-21T12:29:48.233+0000] {processor.py:914} INFO - Processing file /opt/airflow/dags/my_tasks.py for tasks to queue
[2026-07-21T12:29:48.235+0000] {logging_mixin.py:190} INFO - [2026-07-21T12:29:48.235+0000] {dagbag.py:588} INFO - Filling up the DagBag from /opt/airflow/dags/my_tasks.py
[2026-07-21T12:29:48.244+0000] {processor.py:925} INFO - DAG(s) 'my_dag' retrieved from /opt/airflow/dags/my_tasks.py
[2026-07-21T12:29:48.265+0000] {logging_mixin.py:190} INFO - [2026-07-21T12:29:48.265+0000] {dag.py:3239} INFO - Sync 1 DAGs
[2026-07-21T12:29:48.281+0000] {logging_mixin.py:190} INFO - [2026-07-21T12:29:48.281+0000] {dag.py:4180} INFO - Setting next_dagrun for my_dag to None, run_after=None
[2026-07-21T12:29:48.296+0000] {processor.py:208} INFO - Processing /opt/airflow/dags/my_tasks.py took 0.074 seconds
[2026-07-21T12:30:18.512+0000] {processor.py:186} INFO - Started process (PID=421) to work on /opt/airflow/dags/my_tasks.py
[2026-07-21T12:30:18.520+0000] {processor.py:914} INFO - Processing file /opt/airflow/dags/my_tasks.py for tasks to queue
[2026-07-21T12:30:18.522+0000] {logging_mixin.py:190} INFO - [2026-07-21T12:30:18.522+0000] {dagbag.py:588} INFO - Filling up the DagBag from /opt/airflow/dags/my_tasks.py
[2026-07-21T12:30:18.529+0000] {processor.py:925} INFO - DAG(s) 'my_dag' retrieved from /opt/airflow/dags/my_tasks.py
[2026-07-21T12:30:18.547+0000] {logging_mixin.py:190} INFO - [2026-07-21T12:30:18.547+0000] {dag.py:3239} INFO - Sync 1 DAGs
[2026-07-21T12:30:18.565+0000] {logging_mixin.py:190} INFO - [2026-07-21T12:30:18.565+0000] {dag.py:4180} INFO - Setting next_dagrun for my_dag to None, run_after=None
[2026-07-21T12:30:18.579+0000] {processor.py:208} INFO - Processing /opt/airflow/dags/my_tasks.py took 0.071 seconds
[2026-07-21T12:30:48.775+0000] {processor.py:186} INFO - Started process (PID=432) to work on /opt/airflow/dags/my_tasks.py
[2026-07-21T12:30:48.783+0000] {processor.py:914} INFO - Processing file /opt/airflow/dags/my_tasks.py for tasks to queue
[2026-07-21T12:30:48.785+0000] {logging_mixin.py:190} INFO - [2026-07-21T12:30:48.785+0000] {dagbag.py:588} INFO - Filling up the DagBag from /opt/airflow/dags/my_tasks.py
[2026-07-21T12:30:48.793+0000] {processor.py:925} INFO - DAG(s) 'my_dag' retrieved from /opt/airflow/dags/my_tasks.py
[2026-07-21T12:30:48.812+0000] {logging_mixin.py:190} INFO - [2026-07-21T12:30:48.812+0000] {dag.py:3239} INFO - Sync 1 DAGs
[2026-07-21T12:30:48.830+0000] {logging_mixin.py:190} INFO - [2026-07-21T12:30:48.830+0000] {dag.py:4180} INFO - Setting next_dagrun for my_dag to None, run_after=None
[2026-07-21T12:30:48.854+0000] {processor.py:208} INFO - Processing /opt/airflow/dags/my_tasks.py took 0.083 seconds
[2026-07-21T12:31:19.018+0000] {processor.py:186} INFO - Started process (PID=443) to work on /opt/airflow/dags/my_tasks.py
[2026-07-21T12:31:19.018+0000] {processor.py:914} INFO - Processing file /opt/airflow/dags/my_tasks.py for tasks to queue
[2026-07-21T12:31:19.020+0000] {logging_mixin.py:190} INFO - [2026-07-21T12:31:19.020+0000] {dagbag.py:588} INFO - Filling up the DagBag from /opt/airflow/dags/my_tasks.py
[2026-07-21T12:31:19.027+0000] {processor.py:925} INFO - DAG(s) 'my_dag' retrieved from /opt/airflow/dags/my_tasks.py
[2026-07-21T12:31:19.046+0000] {logging_mixin.py:190} INFO - [2026-07-21T12:31:19.046+0000] {dag.py:3239} INFO - Sync 1 DAGs
[2026-07-21T12:31:19.064+0000] {logging_mixin.py:190} INFO - [2026-07-21T12:31:19.063+0000] {dag.py:4180} INFO - Setting next_dagrun for my_dag to None, run_after=None
[2026-07-21T12:31:19.077+0000] {processor.py:208} INFO - Processing /opt/airflow/dags/my_tasks.py took 0.063 seconds
[2026-07-21T12:31:49.308+0000] {processor.py:186} INFO - Started process (PID=454) to work on /opt/airflow/dags/my_tasks.py
[2026-07-21T12:31:49.316+0000] {processor.py:914} INFO - Processing file /opt/airflow/dags/my_tasks.py for tasks to queue
[2026-07-21T12:31:49.318+0000] {logging_mixin.py:190} INFO - [2026-07-21T12:31:49.318+0000] {dagbag.py:588} INFO - Filling up the DagBag from /opt/airflow/dags/my_tasks.py
[2026-07-21T12:31:49.325+0000] {processor.py:925} INFO - DAG(s) 'my_dag' retrieved from /opt/airflow/dags/my_tasks.py
[2026-07-21T12:31:49.343+0000] {logging_mixin.py:190} INFO - [2026-07-21T12:31:49.342+0000] {dag.py:3239} INFO - Sync 1 DAGs
[2026-07-21T12:31:49.359+0000] {logging_mixin.py:190} INFO - [2026-07-21T12:31:49.359+0000] {dag.py:4180} INFO - Setting next_dagrun for my_dag to None, run_after=None
[2026-07-21T12:31:49.375+0000] {processor.py:208} INFO - Processing /opt/airflow/dags/my_tasks.py took 0.071 seconds
[2026-07-21T12:32:19.571+0000] {processor.py:186} INFO - Started process (PID=465) to work on /opt/airflow/dags/my_tasks.py
[2026-07-21T12:32:19.575+0000] {processor.py:914} INFO - Processing file /opt/airflow/dags/my_tasks.py for tasks to queue
[2026-07-21T12:32:19.576+0000] {logging_mixin.py:190} INFO - [2026-07-21T12:32:19.576+0000] {dagbag.py:588} INFO - Filling up the DagBag from /opt/airflow/dags/my_tasks.py
[2026-07-21T12:32:19.583+0000] {processor.py:925} INFO - DAG(s) 'my_dag' retrieved from /opt/airflow/dags/my_tasks.py
[2026-07-21T12:32:19.602+0000] {logging_mixin.py:190} INFO - [2026-07-21T12:32:19.602+0000] {dag.py:3239} INFO - Sync 1 DAGs
[2026-07-21T12:32:19.620+0000] {logging_mixin.py:190} INFO - [2026-07-21T12:32:19.620+0000] {dag.py:4180} INFO - Setting next_dagrun for my_dag to None, run_after=None
[2026-07-21T12:32:19.635+0000] {processor.py:208} INFO - Processing /opt/airflow/dags/my_tasks.py took 0.068 seconds
[2026-07-21T12:32:49.844+0000] {processor.py:186} INFO - Started process (PID=476) to work on /opt/airflow/dags/my_tasks.py
[2026-07-21T12:32:49.852+0000] {processor.py:914} INFO - Processing file /opt/airflow/dags/my_tasks.py for tasks to queue
[2026-07-21T12:32:49.854+0000] {logging_mixin.py:190} INFO - [2026-07-21T12:32:49.853+0000] {dagbag.py:588} INFO - Filling up the DagBag from /opt/airflow/dags/my_tasks.py
[2026-07-21T12:32:49.862+0000] {processor.py:925} INFO - DAG(s) 'my_dag' retrieved from /opt/airflow/dags/my_tasks.py
[2026-07-21T12:32:49.880+0000] {logging_mixin.py:190} INFO - [2026-07-21T12:32:49.880+0000] {dag.py:3239} INFO - Sync 1 DAGs
[2026-07-21T12:32:49.896+0000] {logging_mixin.py:190} INFO - [2026-07-21T12:32:49.896+0000] {dag.py:4180} INFO - Setting next_dagrun for my_dag to None, run_after=None
[2026-07-21T12:32:49.910+0000] {processor.py:208} INFO - Processing /opt/airflow/dags/my_tasks.py took 0.071 seconds
[2026-07-21T12:33:20.126+0000] {processor.py:186} INFO - Started process (PID=487) to work on /opt/airflow/dags/my_tasks.py
[2026-07-21T12:33:20.126+0000] {processor.py:914} INFO - Processing file /opt/airflow/dags/my_tasks.py for tasks to queue
[2026-07-21T12:33:20.128+0000] {logging_mixin.py:190} INFO - [2026-07-21T12:33:20.128+0000] {dagbag.py:588} INFO - Filling up the DagBag from /opt/airflow/dags/my_tasks.py
[2026-07-21T12:33:20.134+0000] {processor.py:925} INFO - DAG(s) 'my_dag' retrieved from /opt/airflow/dags/my_tasks.py
[2026-07-21T12:33:20.151+0000] {logging_mixin.py:190} INFO - [2026-07-21T12:33:20.151+0000] {dag.py:3239} INFO - Sync 1 DAGs
[2026-07-21T12:33:20.166+0000] {logging_mixin.py:190} INFO - [2026-07-21T12:33:20.166+0000] {dag.py:4180} INFO - Setting next_dagrun for my_dag to None, run_after=None
[2026-07-21T12:33:20.180+0000] {processor.py:208} INFO - Processing /opt/airflow/dags/my_tasks.py took 0.059 seconds
[2026-07-21T12:33:50.392+0000] {processor.py:186} INFO - Started process (PID=498) to work on /opt/airflow/dags/my_tasks.py
[2026-07-21T12:33:50.392+0000] {processor.py:914} INFO - Processing file /opt/airflow/dags/my_tasks.py for tasks to queue
[2026-07-21T12:33:50.394+0000] {logging_mixin.py:190} INFO - [2026-07-21T12:33:50.394+0000] {dagbag.py:588} INFO - Filling up the DagBag from /opt/airflow/dags/my_tasks.py
[2026-07-21T12:33:50.400+0000] {processor.py:925} INFO - DAG(s) 'my_dag' retrieved from /opt/airflow/dags/my_tasks.py
[2026-07-21T12:33:50.418+0000] {logging_mixin.py:190} INFO - [2026-07-21T12:33:50.417+0000] {dag.py:3239} INFO - Sync 1 DAGs
[2026-07-21T12:33:50.432+0000] {logging_mixin.py:190} INFO - [2026-07-21T12:33:50.432+0000] {dag.py:4180} INFO - Setting next_dagrun for my_dag to None, run_after=None
[2026-07-21T12:33:50.448+0000] {processor.py:208} INFO - Processing /opt/airflow/dags/my_tasks.py took 0.060 seconds
[2026-07-21T12:34:20.654+0000] {processor.py:186} INFO - Started process (PID=509) to work on /opt/airflow/dags/my_tasks.py
[2026-07-21T12:34:20.654+0000] {processor.py:914} INFO - Processing file /opt/airflow/dags/my_tasks.py for tasks to queue
[2026-07-21T12:34:20.656+0000] {logging_mixin.py:190} INFO - [2026-07-21T12:34:20.655+0000] {dagbag.py:588} INFO - Filling up the DagBag from /opt/airflow/dags/my_tasks.py
[2026-07-21T12:34:20.662+0000] {processor.py:925} INFO - DAG(s) 'my_dag' retrieved from /opt/airflow/dags/my_tasks.py
[2026-07-21T12:34:20.680+0000] {logging_mixin.py:190} INFO - [2026-07-21T12:34:20.680+0000] {dag.py:3239} INFO - Sync 1 DAGs
[2026-07-21T12:34:20.697+0000] {logging_mixin.py:190} INFO - [2026-07-21T12:34:20.697+0000] {dag.py:4180} INFO - Setting next_dagrun for my_dag to None, run_after=None
[2026-07-21T12:34:20.711+0000] {processor.py:208} INFO - Processing /opt/airflow/dags/my_tasks.py took 0.061 seconds
[2026-07-21T12:34:50.932+0000] {processor.py:186} INFO - Started process (PID=520) to work on /opt/airflow/dags/my_tasks.py
[2026-07-21T12:34:50.940+0000] {processor.py:914} INFO - Processing file /opt/airflow/dags/my_tasks.py for tasks to queue
[2026-07-21T12:34:50.943+0000] {logging_mixin.py:190} INFO - [2026-07-21T12:34:50.943+0000] {dagbag.py:588} INFO - Filling up the DagBag from /opt/airflow/dags/my_tasks.py
[2026-07-21T12:34:50.951+0000] {processor.py:925} INFO - DAG(s) 'my_dag' retrieved from /opt/airflow/dags/my_tasks.py
[2026-07-21T12:34:50.971+0000] {logging_mixin.py:190} INFO - [2026-07-21T12:34:50.971+0000] {dag.py:3239} INFO - Sync 1 DAGs
[2026-07-21T12:34:50.988+0000] {logging_mixin.py:190} INFO - [2026-07-21T12:34:50.987+0000] {dag.py:4180} INFO - Setting next_dagrun for my_dag to None, run_after=None
[2026-07-21T12:34:51.003+0000] {processor.py:208} INFO - Processing /opt/airflow/dags/my_tasks.py took 0.075 seconds
[2026-07-21T12:35:21.197+0000] {processor.py:186} INFO - Started process (PID=531) to work on /opt/airflow/dags/my_tasks.py
[2026-07-21T12:35:21.198+0000] {processor.py:914} INFO - Processing file /opt/airflow/dags/my_tasks.py for tasks to queue
[2026-07-21T12:35:21.199+0000] {logging_mixin.py:190} INFO - [2026-07-21T12:35:21.199+0000] {dagbag.py:588} INFO - Filling up the DagBag from /opt/airflow/dags/my_tasks.py
[2026-07-21T12:35:21.205+0000] {processor.py:925} INFO - DAG(s) 'my_dag' retrieved from /opt/airflow/dags/my_tasks.py
[2026-07-21T12:35:21.223+0000] {logging_mixin.py:190} INFO - [2026-07-21T12:35:21.223+0000] {dag.py:3239} INFO - Sync 1 DAGs
[2026-07-21T12:35:21.238+0000] {logging_mixin.py:190} INFO - [2026-07-21T12:35:21.238+0000] {dag.py:4180} INFO - Setting next_dagrun for my_dag to None, run_after=None
[2026-07-21T12:35:21.252+0000] {processor.py:208} INFO - Processing /opt/airflow/dags/my_tasks.py took 0.059 seconds
[2026-07-21T12:35:51.458+0000] {processor.py:186} INFO - Started process (PID=542) to work on /opt/airflow/dags/my_tasks.py
[2026-07-21T12:35:51.466+0000] {processor.py:914} INFO - Processing file /opt/airflow/dags/my_tasks.py for tasks to queue
[2026-07-21T12:35:51.467+0000] {logging_mixin.py:190} INFO - [2026-07-21T12:35:51.467+0000] {dagbag.py:588} INFO - Filling up the DagBag from /opt/airflow/dags/my_tasks.py
[2026-07-21T12:35:51.477+0000] {processor.py:925} INFO - DAG(s) 'my_dag' retrieved from /opt/airflow/dags/my_tasks.py
[2026-07-21T12:35:51.494+0000] {logging_mixin.py:190} INFO - [2026-07-21T12:35:51.494+0000] {dag.py:3239} INFO - Sync 1 DAGs
[2026-07-21T12:35:51.512+0000] {logging_mixin.py:190} INFO - [2026-07-21T12:35:51.512+0000] {dag.py:4180} INFO - Setting next_dagrun for my_dag to None, run_after=None
[2026-07-21T12:35:51.526+0000] {processor.py:208} INFO - Processing /opt/airflow/dags/my_tasks.py took 0.072 seconds
[2026-07-21T12:36:21.722+0000] {processor.py:186} INFO - Started process (PID=553) to work on /opt/airflow/dags/my_tasks.py
[2026-07-21T12:36:21.722+0000] {processor.py:914} INFO - Processing file /opt/airflow/dags/my_tasks.py for tasks to queue
[2026-07-21T12:36:21.724+0000] {logging_mixin.py:190} INFO - [2026-07-21T12:36:21.723+0000] {dagbag.py:588} INFO - Filling up the DagBag from /opt/airflow/dags/my_tasks.py
[2026-07-21T12:36:21.730+0000] {processor.py:925} INFO - DAG(s) 'my_dag' retrieved from /opt/airflow/dags/my_tasks.py
[2026-07-21T12:36:21.749+0000] {logging_mixin.py:190} INFO - [2026-07-21T12:36:21.749+0000] {dag.py:3239} INFO - Sync 1 DAGs
[2026-07-21T12:36:21.765+0000] {logging_mixin.py:190} INFO - [2026-07-21T12:36:21.765+0000] {dag.py:4180} INFO - Setting next_dagrun for my_dag to None, run_after=None
[2026-07-21T12:36:21.779+0000] {processor.py:208} INFO - Processing /opt/airflow/dags/my_tasks.py took 0.061 seconds
[2026-07-21T12:36:51.998+0000] {processor.py:186} INFO - Started process (PID=564) to work on /opt/airflow/dags/my_tasks.py
[2026-07-21T12:36:52.006+0000] {processor.py:914} INFO - Processing file /opt/airflow/dags/my_tasks.py for tasks to queue
[2026-07-21T12:36:52.008+0000] {logging_mixin.py:190} INFO - [2026-07-21T12:36:52.007+0000] {dagbag.py:588} INFO - Filling up the DagBag from /opt/airflow/dags/my_tasks.py
[2026-07-21T12:36:52.015+0000] {processor.py:925} INFO - DAG(s) 'my_dag' retrieved from /opt/airflow/dags/my_tasks.py
[2026-07-21T12:36:52.033+0000] {logging_mixin.py:190} INFO - [2026-07-21T12:36:52.033+0000] {dag.py:3239} INFO - Sync 1 DAGs
[2026-07-21T12:36:52.049+0000] {logging_mixin.py:190} INFO - [2026-07-21T12:36:52.048+0000] {dag.py:4180} INFO - Setting next_dagrun for my_dag to None, run_after=None
[2026-07-21T12:36:52.062+0000] {processor.py:208} INFO - Processing /opt/airflow/dags/my_tasks.py took 0.069 seconds
[2026-07-21T12:37:22.269+0000] {processor.py:186} INFO - Started process (PID=575) to work on /opt/airflow/dags/my_tasks.py
[2026-07-21T12:37:22.275+0000] {processor.py:914} INFO - Processing file /opt/airflow/dags/my_tasks.py for tasks to queue
[2026-07-21T12:37:22.277+0000] {logging_mixin.py:190} INFO - [2026-07-21T12:37:22.277+0000] {dagbag.py:588} INFO - Filling up the DagBag from /opt/airflow/dags/my_tasks.py
[2026-07-21T12:37:22.286+0000] {processor.py:925} INFO - DAG(s) 'my_dag' retrieved from /opt/airflow/dags/my_tasks.py
[2026-07-21T12:37:22.303+0000] {logging_mixin.py:190} INFO - [2026-07-21T12:37:22.303+0000] {dag.py:3239} INFO - Sync 1 DAGs
[2026-07-21T12:37:22.320+0000] {logging_mixin.py:190} INFO - [2026-07-21T12:37:22.320+0000] {dag.py:4180} INFO - Setting next_dagrun for my_dag to None, run_after=None
[2026-07-21T12:37:22.334+0000] {processor.py:208} INFO - Processing /opt/airflow/dags/my_tasks.py took 0.069 seconds
[2026-07-21T12:37:52.542+0000] {processor.py:186} INFO - Started process (PID=586) to work on /opt/airflow/dags/my_tasks.py
[2026-07-21T12:37:52.543+0000] {processor.py:914} INFO - Processing file /opt/airflow/dags/my_tasks.py for tasks to queue
[2026-07-21T12:37:52.544+0000] {logging_mixin.py:190} INFO - [2026-07-21T12:37:52.544+0000] {dagbag.py:588} INFO - Filling up the DagBag from /opt/airflow/dags/my_tasks.py
[2026-07-21T12:37:52.551+0000] {processor.py:925} INFO - DAG(s) 'my_dag' retrieved from /opt/airflow/dags/my_tasks.py
[2026-07-21T12:37:52.569+0000] {logging_mixin.py:190} INFO - [2026-07-21T12:37:52.569+0000] {dag.py:3239} INFO - Sync 1 DAGs
[2026-07-21T12:37:52.585+0000] {logging_mixin.py:190} INFO - [2026-07-21T12:37:52.585+0000] {dag.py:4180} INFO - Setting next_dagrun for my_dag to None, run_after=None
[2026-07-21T12:37:52.600+0000] {processor.py:208} INFO - Processing /opt/airflow/dags/my_tasks.py took 0.062 seconds
[2026-07-21T12:38:22.796+0000] {processor.py:186} INFO - Started process (PID=597) to work on /opt/airflow/dags/my_tasks.py
[2026-07-21T12:38:22.797+0000] {processor.py:914} INFO - Processing file /opt/airflow/dags/my_tasks.py for tasks to queue
[2026-07-21T12:38:22.798+0000] {logging_mixin.py:190} INFO - [2026-07-21T12:38:22.798+0000] {dagbag.py:588} INFO - Filling up the DagBag from /opt/airflow/dags/my_tasks.py
[2026-07-21T12:38:22.806+0000] {processor.py:925} INFO - DAG(s) 'my_dag' retrieved from /opt/airflow/dags/my_tasks.py
[2026-07-21T12:38:22.826+0000] {logging_mixin.py:190} INFO - [2026-07-21T12:38:22.825+0000] {dag.py:3239} INFO - Sync 1 DAGs
[2026-07-21T12:38:22.844+0000] {logging_mixin.py:190} INFO - [2026-07-21T12:38:22.844+0000] {dag.py:4180} INFO - Setting next_dagrun for my_dag to None, run_after=None
[2026-07-21T12:38:22.857+0000] {processor.py:208} INFO - Processing /opt/airflow/dags/my_tasks.py took 0.065 seconds
[2026-07-21T12:38:53.083+0000] {processor.py:186} INFO - Started process (PID=608) to work on /opt/airflow/dags/my_tasks.py
[2026-07-21T12:38:53.091+0000] {processor.py:914} INFO - Processing file /opt/airflow/dags/my_tasks.py for tasks to queue
[2026-07-21T12:38:53.094+0000] {logging_mixin.py:190} INFO - [2026-07-21T12:38:53.094+0000] {dagbag.py:588} INFO - Filling up the DagBag from /opt/airflow/dags/my_tasks.py
[2026-07-21T12:38:53.102+0000] {processor.py:925} INFO - DAG(s) 'my_dag' retrieved from /opt/airflow/dags/my_tasks.py
[2026-07-21T12:38:53.122+0000] {logging_mixin.py:190} INFO - [2026-07-21T12:38:53.122+0000] {dag.py:3239} INFO - Sync 1 DAGs
[2026-07-21T12:38:53.138+0000] {logging_mixin.py:190} INFO - [2026-07-21T12:38:53.137+0000] {dag.py:4180} INFO - Setting next_dagrun for my_dag to None, run_after=None
[2026-07-21T12:38:53.151+0000] {processor.py:208} INFO - Processing /opt/airflow/dags/my_tasks.py took 0.071 seconds
[2026-07-21T12:39:23.353+0000] {processor.py:186} INFO - Started process (PID=619) to work on /opt/airflow/dags/my_tasks.py
[2026-07-21T12:39:23.361+0000] {processor.py:914} INFO - Processing file /opt/airflow/dags/my_tasks.py for tasks to queue
[2026-07-21T12:39:23.363+0000] {logging_mixin.py:190} INFO - [2026-07-21T12:39:23.363+0000] {dagbag.py:588} INFO - Filling up the DagBag from /opt/airflow/dags/my_tasks.py
[2026-07-21T12:39:23.374+0000] {processor.py:925} INFO - DAG(s) 'my_dag' retrieved from /opt/airflow/dags/my_tasks.py
[2026-07-21T12:39:23.392+0000] {logging_mixin.py:190} INFO - [2026-07-21T12:39:23.391+0000] {dag.py:3239} INFO - Sync 1 DAGs
[2026-07-21T12:39:23.408+0000] {logging_mixin.py:190} INFO - [2026-07-21T12:39:23.407+0000] {dag.py:4180} INFO - Setting next_dagrun for my_dag to None, run_after=None
[2026-07-21T12:39:23.427+0000] {processor.py:208} INFO - Processing /opt/airflow/dags/my_tasks.py took 0.078 seconds
[2026-07-21T12:39:53.609+0000] {processor.py:186} INFO - Started process (PID=630) to work on /opt/airflow/dags/my_tasks.py
[2026-07-21T12:39:53.617+0000] {processor.py:914} INFO - Processing file /opt/airflow/dags/my_tasks.py for tasks to queue
[2026-07-21T12:39:53.618+0000] {logging_mixin.py:190} INFO - [2026-07-21T12:39:53.618+0000] {dagbag.py:588} INFO - Filling up the DagBag from /opt/airflow/dags/my_tasks.py
[2026-07-21T12:39:53.627+0000] {processor.py:925} INFO - DAG(s) 'my_dag' retrieved from /opt/airflow/dags/my_tasks.py
[2026-07-21T12:39:53.644+0000] {logging_mixin.py:190} INFO - [2026-07-21T12:39:53.644+0000] {dag.py:3239} INFO - Sync 1 DAGs
[2026-07-21T12:39:53.660+0000] {logging_mixin.py:190} INFO - [2026-07-21T12:39:53.659+0000] {dag.py:4180} INFO - Setting next_dagrun for my_dag to None, run_after=None
[2026-07-21T12:39:53.675+0000] {processor.py:208} INFO - Processing /opt/airflow/dags/my_tasks.py took 0.069 seconds
[2026-07-21T12:40:23.882+0000] {processor.py:186} INFO - Started process (PID=641) to work on /opt/airflow/dags/my_tasks.py
[2026-07-21T12:40:23.890+0000] {processor.py:914} INFO - Processing file /opt/airflow/dags/my_tasks.py for tasks to queue
[2026-07-21T12:40:23.892+0000] {logging_mixin.py:190} INFO - [2026-07-21T12:40:23.892+0000] {dagbag.py:588} INFO - Filling up the DagBag from /opt/airflow/dags/my_tasks.py
[2026-07-21T12:40:23.902+0000] {processor.py:925} INFO - DAG(s) 'my_dag' retrieved from /opt/airflow/dags/my_tasks.py
[2026-07-21T12:40:23.920+0000] {logging_mixin.py:190} INFO - [2026-07-21T12:40:23.919+0000] {dag.py:3239} INFO - Sync 1 DAGs
[2026-07-21T12:40:23.937+0000] {logging_mixin.py:190} INFO - [2026-07-21T12:40:23.937+0000] {dag.py:4180} INFO - Setting next_dagrun for my_dag to None, run_after=None
[2026-07-21T12:40:23.952+0000] {processor.py:208} INFO - Processing /opt/airflow/dags/my_tasks.py took 0.075 seconds
[2026-07-21T12:40:54.155+0000] {processor.py:186} INFO - Started process (PID=652) to work on /opt/airflow/dags/my_tasks.py
[2026-07-21T12:40:54.163+0000] {processor.py:914} INFO - Processing file /opt/airflow/dags/my_tasks.py for tasks to queue
[2026-07-21T12:40:54.164+0000] {logging_mixin.py:190} INFO - [2026-07-21T12:40:54.164+0000] {dagbag.py:588} INFO - Filling up the DagBag from /opt/airflow/dags/my_tasks.py
[2026-07-21T12:40:54.173+0000] {processor.py:925} INFO - DAG(s) 'my_dag' retrieved from /opt/airflow/dags/my_tasks.py
[2026-07-21T12:40:54.193+0000] {logging_mixin.py:190} INFO - [2026-07-21T12:40:54.192+0000] {dag.py:3239} INFO - Sync 1 DAGs
[2026-07-21T12:40:54.210+0000] {logging_mixin.py:190} INFO - [2026-07-21T12:40:54.210+0000] {dag.py:4180} INFO - Setting next_dagrun for my_dag to None, run_after=None
[2026-07-21T12:40:54.225+0000] {processor.py:208} INFO - Processing /opt/airflow/dags/my_tasks.py took 0.074 seconds
[2026-07-21T12:41:24.441+0000] {processor.py:186} INFO - Started process (PID=663) to work on /opt/airflow/dags/my_tasks.py
[2026-07-21T12:41:24.441+0000] {processor.py:914} INFO - Processing file /opt/airflow/dags/my_tasks.py for tasks to queue
[2026-07-21T12:41:24.443+0000] {logging_mixin.py:190} INFO - [2026-07-21T12:41:24.442+0000] {dagbag.py:588} INFO - Filling up the DagBag from /opt/airflow/dags/my_tasks.py
[2026-07-21T12:41:24.450+0000] {processor.py:925} INFO - DAG(s) 'my_dag' retrieved from /opt/airflow/dags/my_tasks.py
[2026-07-21T12:41:24.468+0000] {logging_mixin.py:190} INFO - [2026-07-21T12:41:24.468+0000] {dag.py:3239} INFO - Sync 1 DAGs
[2026-07-21T12:41:24.484+0000] {logging_mixin.py:190} INFO - [2026-07-21T12:41:24.484+0000] {dag.py:4180} INFO - Setting next_dagrun for my_dag to None, run_after=None
[2026-07-21T12:41:24.498+0000] {processor.py:208} INFO - Processing /opt/airflow/dags/my_tasks.py took 0.061 seconds
[2026-07-21T12:41:54.701+0000] {processor.py:186} INFO - Started process (PID=674) to work on /opt/airflow/dags/my_tasks.py
[2026-07-21T12:41:54.704+0000] {processor.py:914} INFO - Processing file /opt/airflow/dags/my_tasks.py for tasks to queue
[2026-07-21T12:41:54.705+0000] {logging_mixin.py:190} INFO - [2026-07-21T12:41:54.705+0000] {dagbag.py:588} INFO - Filling up the DagBag from /opt/airflow/dags/my_tasks.py
[2026-07-21T12:41:54.712+0000] {processor.py:925} INFO - DAG(s) 'my_dag' retrieved from /opt/airflow/dags/my_tasks.py
[2026-07-21T12:41:54.730+0000] {logging_mixin.py:190} INFO - [2026-07-21T12:41:54.729+0000] {dag.py:3239} INFO - Sync 1 DAGs
[2026-07-21T12:41:54.746+0000] {logging_mixin.py:190} INFO - [2026-07-21T12:41:54.745+0000] {dag.py:4180} INFO - Setting next_dagrun for my_dag to None, run_after=None
[2026-07-21T12:41:54.760+0000] {processor.py:208} INFO - Processing /opt/airflow/dags/my_tasks.py took 0.063 seconds
[2026-07-21T12:42:24.964+0000] {processor.py:186} INFO - Started process (PID=685) to work on /opt/airflow/dags/my_tasks.py
[2026-07-21T12:42:24.972+0000] {processor.py:914} INFO - Processing file /opt/airflow/dags/my_tasks.py for tasks to queue
[2026-07-21T12:42:24.974+0000] {logging_mixin.py:190} INFO - [2026-07-21T12:42:24.974+0000] {dagbag.py:588} INFO - Filling up the DagBag from /opt/airflow/dags/my_tasks.py
[2026-07-21T12:42:24.983+0000] {processor.py:925} INFO - DAG(s) 'my_dag' retrieved from /opt/airflow/dags/my_tasks.py
[2026-07-21T12:42:25.003+0000] {logging_mixin.py:190} INFO - [2026-07-21T12:42:25.003+0000] {dag.py:3239} INFO - Sync 1 DAGs
[2026-07-21T12:42:25.019+0000] {logging_mixin.py:190} INFO - [2026-07-21T12:42:25.018+0000] {dag.py:4180} INFO - Setting next_dagrun for my_dag to None, run_after=None
[2026-07-21T12:42:25.034+0000] {processor.py:208} INFO - Processing /opt/airflow/dags/my_tasks.py took 0.074 seconds
[2026-07-21T12:42:55.233+0000] {processor.py:186} INFO - Started process (PID=696) to work on /opt/airflow/dags/my_tasks.py
[2026-07-21T12:42:55.242+0000] {processor.py:914} INFO - Processing file /opt/airflow/dags/my_tasks.py for tasks to queue
[2026-07-21T12:42:55.244+0000] {logging_mixin.py:190} INFO - [2026-07-21T12:42:55.244+0000] {dagbag.py:588} INFO - Filling up the DagBag from /opt/airflow/dags/my_tasks.py
[2026-07-21T12:42:55.253+0000] {processor.py:925} INFO - DAG(s) 'my_dag' retrieved from /opt/airflow/dags/my_tasks.py
[2026-07-21T12:42:55.273+0000] {logging_mixin.py:190} INFO - [2026-07-21T12:42:55.273+0000] {dag.py:3239} INFO - Sync 1 DAGs
[2026-07-21T12:42:55.291+0000] {logging_mixin.py:190} INFO - [2026-07-21T12:42:55.291+0000] {dag.py:4180} INFO - Setting next_dagrun for my_dag to None, run_after=None
[2026-07-21T12:42:55.304+0000] {processor.py:208} INFO - Processing /opt/airflow/dags/my_tasks.py took 0.074 seconds
[2026-07-21T12:43:25.509+0000] {processor.py:186} INFO - Started process (PID=707) to work on /opt/airflow/dags/my_tasks.py
[2026-07-21T12:43:25.517+0000] {processor.py:914} INFO - Processing file /opt/airflow/dags/my_tasks.py for tasks to queue
[2026-07-21T12:43:25.518+0000] {logging_mixin.py:190} INFO - [2026-07-21T12:43:25.518+0000] {dagbag.py:588} INFO - Filling up the DagBag from /opt/airflow/dags/my_tasks.py
[2026-07-21T12:43:25.527+0000] {processor.py:925} INFO - DAG(s) 'my_dag' retrieved from /opt/airflow/dags/my_tasks.py
[2026-07-21T12:43:25.544+0000] {logging_mixin.py:190} INFO - [2026-07-21T12:43:25.544+0000] {dag.py:3239} INFO - Sync 1 DAGs
[2026-07-21T12:43:25.560+0000] {logging_mixin.py:190} INFO - [2026-07-21T12:43:25.560+0000] {dag.py:4180} INFO - Setting next_dagrun for my_dag to None, run_after=None
[2026-07-21T12:43:25.573+0000] {processor.py:208} INFO - Processing /opt/airflow/dags/my_tasks.py took 0.069 seconds
[2026-07-21T12:43:55.794+0000] {processor.py:186} INFO - Started process (PID=718) to work on /opt/airflow/dags/my_tasks.py
[2026-07-21T12:43:55.795+0000] {processor.py:914} INFO - Processing file /opt/airflow/dags/my_tasks.py for tasks to queue
[2026-07-21T12:43:55.796+0000] {logging_mixin.py:190} INFO - [2026-07-21T12:43:55.796+0000] {dagbag.py:588} INFO - Filling up the DagBag from /opt/airflow/dags/my_tasks.py
[2026-07-21T12:43:55.802+0000] {processor.py:925} INFO - DAG(s) 'my_dag' retrieved from /opt/airflow/dags/my_tasks.py
[2026-07-21T12:43:55.820+0000] {logging_mixin.py:190} INFO - [2026-07-21T12:43:55.820+0000] {dag.py:3239} INFO - Sync 1 DAGs
[2026-07-21T12:43:55.835+0000] {logging_mixin.py:190} INFO - [2026-07-21T12:43:55.835+0000] {dag.py:4180} INFO - Setting next_dagrun for my_dag to None, run_after=None
[2026-07-21T12:43:55.849+0000] {processor.py:208} INFO - Processing /opt/airflow/dags/my_tasks.py took 0.060 seconds
[2026-07-21T12:44:26.054+0000] {processor.py:186} INFO - Started process (PID=729) to work on /opt/airflow/dags/my_tasks.py
[2026-07-21T12:44:26.054+0000] {processor.py:914} INFO - Processing file /opt/airflow/dags/my_tasks.py for tasks to queue
[2026-07-21T12:44:26.056+0000] {logging_mixin.py:190} INFO - [2026-07-21T12:44:26.056+0000] {dagbag.py:588} INFO - Filling up the DagBag from /opt/airflow/dags/my_tasks.py
[2026-07-21T12:44:26.062+0000] {processor.py:925} INFO - DAG(s) 'my_dag' retrieved from /opt/airflow/dags/my_tasks.py
[2026-07-21T12:44:26.080+0000] {logging_mixin.py:190} INFO - [2026-07-21T12:44:26.080+0000] {dag.py:3239} INFO - Sync 1 DAGs
[2026-07-21T12:44:26.096+0000] {logging_mixin.py:190} INFO - [2026-07-21T12:44:26.095+0000] {dag.py:4180} INFO - Setting next_dagrun for my_dag to None, run_after=None
[2026-07-21T12:44:26.111+0000] {processor.py:208} INFO - Processing /opt/airflow/dags/my_tasks.py took 0.062 seconds
[2026-07-21T12:44:56.334+0000] {processor.py:186} INFO - Started process (PID=740) to work on /opt/airflow/dags/my_tasks.py
[2026-07-21T12:44:56.334+0000] {processor.py:914} INFO - Processing file /opt/airflow/dags/my_tasks.py for tasks to queue
[2026-07-21T12:44:56.335+0000] {logging_mixin.py:190} INFO - [2026-07-21T12:44:56.335+0000] {dagbag.py:588} INFO - Filling up the DagBag from /opt/airflow/dags/my_tasks.py
[2026-07-21T12:44:56.342+0000] {processor.py:925} INFO - DAG(s) 'my_dag' retrieved from /opt/airflow/dags/my_tasks.py
[2026-07-21T12:44:56.361+0000] {logging_mixin.py:190} INFO - [2026-07-21T12:44:56.360+0000] {dag.py:3239} INFO - Sync 1 DAGs
[2026-07-21T12:44:56.377+0000] {logging_mixin.py:190} INFO - [2026-07-21T12:44:56.376+0000] {dag.py:4180} INFO - Setting next_dagrun for my_dag to None, run_after=None
[2026-07-21T12:44:56.391+0000] {processor.py:208} INFO - Processing /opt/airflow/dags/my_tasks.py took 0.062 seconds
[2026-07-21T12:45:26.611+0000] {processor.py:186} INFO - Started process (PID=751) to work on /opt/airflow/dags/my_tasks.py
[2026-07-21T12:45:26.619+0000] {processor.py:914} INFO - Processing file /opt/airflow/dags/my_tasks.py for tasks to queue
[2026-07-21T12:45:26.621+0000] {logging_mixin.py:190} INFO - [2026-07-21T12:45:26.620+0000] {dagbag.py:588} INFO - Filling up the DagBag from /opt/airflow/dags/my_tasks.py
[2026-07-21T12:45:26.628+0000] {processor.py:925} INFO - DAG(s) 'my_dag' retrieved from /opt/airflow/dags/my_tasks.py
[2026-07-21T12:45:26.646+0000] {logging_mixin.py:190} INFO - [2026-07-21T12:45:26.646+0000] {dag.py:3239} INFO - Sync 1 DAGs
[2026-07-21T12:45:26.662+0000] {logging_mixin.py:190} INFO - [2026-07-21T12:45:26.662+0000] {dag.py:4180} INFO - Setting next_dagrun for my_dag to None, run_after=None
[2026-07-21T12:45:26.676+0000] {processor.py:208} INFO - Processing /opt/airflow/dags/my_tasks.py took 0.068 seconds
[2026-07-21T12:45:56.875+0000] {processor.py:186} INFO - Started process (PID=762) to work on /opt/airflow/dags/my_tasks.py
[2026-07-21T12:45:56.875+0000] {processor.py:914} INFO - Processing file /opt/airflow/dags/my_tasks.py for tasks to queue
[2026-07-21T12:45:56.877+0000] {logging_mixin.py:190} INFO - [2026-07-21T12:45:56.877+0000] {dagbag.py:588} INFO - Filling up the DagBag from /opt/airflow/dags/my_tasks.py
[2026-07-21T12:45:56.883+0000] {processor.py:925} INFO - DAG(s) 'my_dag' retrieved from /opt/airflow/dags/my_tasks.py
[2026-07-21T12:45:56.901+0000] {logging_mixin.py:190} INFO - [2026-07-21T12:45:56.901+0000] {dag.py:3239} INFO - Sync 1 DAGs
[2026-07-21T12:45:56.917+0000] {logging_mixin.py:190} INFO - [2026-07-21T12:45:56.917+0000] {dag.py:4180} INFO - Setting next_dagrun for my_dag to None, run_after=None
[2026-07-21T12:45:56.932+0000] {processor.py:208} INFO - Processing /opt/airflow/dags/my_tasks.py took 0.061 seconds
[2026-07-21T12:46:27.128+0000] {processor.py:186} INFO - Started process (PID=773) to work on /opt/airflow/dags/my_tasks.py
[2026-07-21T12:46:27.129+0000] {processor.py:914} INFO - Processing file /opt/airflow/dags/my_tasks.py for tasks to queue
[2026-07-21T12:46:27.130+0000] {logging_mixin.py:190} INFO - [2026-07-21T12:46:27.130+0000] {dagbag.py:588} INFO - Filling up the DagBag from /opt/airflow/dags/my_tasks.py
[2026-07-21T12:46:27.137+0000] {processor.py:925} INFO - DAG(s) 'my_dag' retrieved from /opt/airflow/dags/my_tasks.py
[2026-07-21T12:46:27.155+0000] {logging_mixin.py:190} INFO - [2026-07-21T12:46:27.155+0000] {dag.py:3239} INFO - Sync 1 DAGs
[2026-07-21T12:46:27.170+0000] {logging_mixin.py:190} INFO - [2026-07-21T12:46:27.170+0000] {dag.py:4180} INFO - Setting next_dagrun for my_dag to None, run_after=None
[2026-07-21T12:46:27.184+0000] {processor.py:208} INFO - Processing /opt/airflow/dags/my_tasks.py took 0.061 seconds
[2026-07-21T12:46:57.402+0000] {processor.py:186} INFO - Started process (PID=784) to work on /opt/airflow/dags/my_tasks.py
[2026-07-21T12:46:57.403+0000] {processor.py:914} INFO - Processing file /opt/airflow/dags/my_tasks.py for tasks to queue
[2026-07-21T12:46:57.404+0000] {logging_mixin.py:190} INFO - [2026-07-21T12:46:57.404+0000] {dagbag.py:588} INFO - Filling up the DagBag from /opt/airflow/dags/my_tasks.py
[2026-07-21T12:46:57.411+0000] {processor.py:925} INFO - DAG(s) 'my_dag' retrieved from /opt/airflow/dags/my_tasks.py
[2026-07-21T12:46:57.428+0000] {logging_mixin.py:190} INFO - [2026-07-21T12:46:57.428+0000] {dag.py:3239} INFO - Sync 1 DAGs
[2026-07-21T12:46:57.447+0000] {logging_mixin.py:190} INFO - [2026-07-21T12:46:57.447+0000] {dag.py:4180} INFO - Setting next_dagrun for my_dag to None, run_after=None
[2026-07-21T12:46:57.465+0000] {processor.py:208} INFO - Processing /opt/airflow/dags/my_tasks.py took 0.067 seconds
[2026-07-21T12:47:27.688+0000] {processor.py:186} INFO - Started process (PID=795) to work on /opt/airflow/dags/my_tasks.py
[2026-07-21T12:47:27.696+0000] {processor.py:914} INFO - Processing file /opt/airflow/dags/my_tasks.py for tasks to queue
[2026-07-21T12:47:27.698+0000] {logging_mixin.py:190} INFO - [2026-07-21T12:47:27.698+0000] {dagbag.py:588} INFO - Filling up the DagBag from /opt/airflow/dags/my_tasks.py
[2026-07-21T12:47:27.705+0000] {processor.py:925} INFO - DAG(s) 'my_dag' retrieved from /opt/airflow/dags/my_tasks.py
[2026-07-21T12:47:27.723+0000] {logging_mixin.py:190} INFO - [2026-07-21T12:47:27.723+0000] {dag.py:3239} INFO - Sync 1 DAGs
[2026-07-21T12:47:27.738+0000] {logging_mixin.py:190} INFO - [2026-07-21T12:47:27.738+0000] {dag.py:4180} INFO - Setting next_dagrun for my_dag to None, run_after=None
[2026-07-21T12:47:27.758+0000] {processor.py:208} INFO - Processing /opt/airflow/dags/my_tasks.py took 0.076 seconds
[2026-07-21T12:47:57.936+0000] {processor.py:186} INFO - Started process (PID=806) to work on /opt/airflow/dags/my_tasks.py
[2026-07-21T12:47:57.937+0000] {processor.py:914} INFO - Processing file /opt/airflow/dags/my_tasks.py for tasks to queue
[2026-07-21T12:47:57.939+0000] {logging_mixin.py:190} INFO - [2026-07-21T12:47:57.939+0000] {dagbag.py:588} INFO - Filling up the DagBag from /opt/airflow/dags/my_tasks.py
[2026-07-21T12:47:57.946+0000] {processor.py:925} INFO - DAG(s) 'my_dag' retrieved from /opt/airflow/dags/my_tasks.py
[2026-07-21T12:47:57.964+0000] {logging_mixin.py:190} INFO - [2026-07-21T12:47:57.964+0000] {dag.py:3239} INFO - Sync 1 DAGs
[2026-07-21T12:47:57.980+0000] {logging_mixin.py:190} INFO - [2026-07-21T12:47:57.979+0000] {dag.py:4180} INFO - Setting next_dagrun for my_dag to None, run_after=None
[2026-07-21T12:47:57.996+0000] {processor.py:208} INFO - Processing /opt/airflow/dags/my_tasks.py took 0.064 seconds
[2026-07-21T12:48:28.204+0000] {processor.py:186} INFO - Started process (PID=817) to work on /opt/airflow/dags/my_tasks.py
[2026-07-21T12:48:28.211+0000] {processor.py:914} INFO - Processing file /opt/airflow/dags/my_tasks.py for tasks to queue
[2026-07-21T12:48:28.214+0000] {logging_mixin.py:190} INFO - [2026-07-21T12:48:28.214+0000] {dagbag.py:588} INFO - Filling up the DagBag from /opt/airflow/dags/my_tasks.py
[2026-07-21T12:48:28.224+0000] {processor.py:925} INFO - DAG(s) 'my_dag' retrieved from /opt/airflow/dags/my_tasks.py
[2026-07-21T12:48:28.245+0000] {logging_mixin.py:190} INFO - [2026-07-21T12:48:28.245+0000] {dag.py:3239} INFO - Sync 1 DAGs
[2026-07-21T12:48:28.260+0000] {logging_mixin.py:190} INFO - [2026-07-21T12:48:28.260+0000] {dag.py:4180} INFO - Setting next_dagrun for my_dag to None, run_after=None
[2026-07-21T12:48:28.273+0000] {processor.py:208} INFO - Processing /opt/airflow/dags/my_tasks.py took 0.074 seconds
[2026-07-21T12:48:58.471+0000] {processor.py:186} INFO - Started process (PID=828) to work on /opt/airflow/dags/my_tasks.py
[2026-07-21T12:48:58.482+0000] {processor.py:914} INFO - Processing file /opt/airflow/dags/my_tasks.py for tasks to queue
[2026-07-21T12:48:58.484+0000] {logging_mixin.py:190} INFO - [2026-07-21T12:48:58.484+0000] {dagbag.py:588} INFO - Filling up the DagBag from /opt/airflow/dags/my_tasks.py
[2026-07-21T12:48:58.495+0000] {processor.py:925} INFO - DAG(s) 'my_dag' retrieved from /opt/airflow/dags/my_tasks.py
[2026-07-21T12:48:58.512+0000] {logging_mixin.py:190} INFO - [2026-07-21T12:48:58.512+0000] {dag.py:3239} INFO - Sync 1 DAGs
[2026-07-21T12:48:58.529+0000] {logging_mixin.py:190} INFO - [2026-07-21T12:48:58.528+0000] {dag.py:4180} INFO - Setting next_dagrun for my_dag to None, run_after=None
[2026-07-21T12:48:58.544+0000] {processor.py:208} INFO - Processing /opt/airflow/dags/my_tasks.py took 0.077 seconds
[2026-07-21T12:49:28.737+0000] {processor.py:186} INFO - Started process (PID=839) to work on /opt/airflow/dags/my_tasks.py
[2026-07-21T12:49:28.738+0000] {processor.py:914} INFO - Processing file /opt/airflow/dags/my_tasks.py for tasks to queue
[2026-07-21T12:49:28.740+0000] {logging_mixin.py:190} INFO - [2026-07-21T12:49:28.740+0000] {dagbag.py:588} INFO - Filling up the DagBag from /opt/airflow/dags/my_tasks.py
[2026-07-21T12:49:28.747+0000] {processor.py:925} INFO - DAG(s) 'my_dag' retrieved from /opt/airflow/dags/my_tasks.py
[2026-07-21T12:49:28.764+0000] {logging_mixin.py:190} INFO - [2026-07-21T12:49:28.764+0000] {dag.py:3239} INFO - Sync 1 DAGs
[2026-07-21T12:49:28.781+0000] {logging_mixin.py:190} INFO - [2026-07-21T12:49:28.781+0000] {dag.py:4180} INFO - Setting next_dagrun for my_dag to None, run_after=None
[2026-07-21T12:49:28.796+0000] {processor.py:208} INFO - Processing /opt/airflow/dags/my_tasks.py took 0.065 seconds
[2026-07-21T12:49:59.001+0000] {processor.py:186} INFO - Started process (PID=850) to work on /opt/airflow/dags/my_tasks.py
[2026-07-21T12:49:59.003+0000] {processor.py:914} INFO - Processing file /opt/airflow/dags/my_tasks.py for tasks to queue
[2026-07-21T12:49:59.005+0000] {logging_mixin.py:190} INFO - [2026-07-21T12:49:59.005+0000] {dagbag.py:588} INFO - Filling up the DagBag from /opt/airflow/dags/my_tasks.py
[2026-07-21T12:49:59.011+0000] {processor.py:925} INFO - DAG(s) 'my_dag' retrieved from /opt/airflow/dags/my_tasks.py
[2026-07-21T12:49:59.031+0000] {logging_mixin.py:190} INFO - [2026-07-21T12:49:59.031+0000] {dag.py:3239} INFO - Sync 1 DAGs
[2026-07-21T12:49:59.048+0000] {logging_mixin.py:190} INFO - [2026-07-21T12:49:59.047+0000] {dag.py:4180} INFO - Setting next_dagrun for my_dag to None, run_after=None
[2026-07-21T12:49:59.062+0000] {processor.py:208} INFO - Processing /opt/airflow/dags/my_tasks.py took 0.066 seconds
[2026-07-21T12:50:29.282+0000] {processor.py:186} INFO - Started process (PID=861) to work on /opt/airflow/dags/my_tasks.py
[2026-07-21T12:50:29.283+0000] {processor.py:914} INFO - Processing file /opt/airflow/dags/my_tasks.py for tasks to queue
[2026-07-21T12:50:29.284+0000] {logging_mixin.py:190} INFO - [2026-07-21T12:50:29.284+0000] {dagbag.py:588} INFO - Filling up the DagBag from /opt/airflow/dags/my_tasks.py
[2026-07-21T12:50:29.291+0000] {processor.py:925} INFO - DAG(s) 'my_dag' retrieved from /opt/airflow/dags/my_tasks.py
[2026-07-21T12:50:29.308+0000] {logging_mixin.py:190} INFO - [2026-07-21T12:50:29.308+0000] {dag.py:3239} INFO - Sync 1 DAGs
[2026-07-21T12:50:29.323+0000] {logging_mixin.py:190} INFO - [2026-07-21T12:50:29.323+0000] {dag.py:4180} INFO - Setting next_dagrun for my_dag to None, run_after=None
[2026-07-21T12:50:29.337+0000] {processor.py:208} INFO - Processing /opt/airflow/dags/my_tasks.py took 0.059 seconds
[2026-07-21T12:50:59.558+0000] {processor.py:186} INFO - Started process (PID=872) to work on /opt/airflow/dags/my_tasks.py
[2026-07-21T12:50:59.563+0000] {processor.py:914} INFO - Processing file /opt/airflow/dags/my_tasks.py for tasks to queue
[2026-07-21T12:50:59.565+0000] {logging_mixin.py:190} INFO - [2026-07-21T12:50:59.565+0000] {dagbag.py:588} INFO - Filling up the DagBag from /opt/airflow/dags/my_tasks.py
[2026-07-21T12:50:59.573+0000] {processor.py:925} INFO - DAG(s) 'my_dag' retrieved from /opt/airflow/dags/my_tasks.py
[2026-07-21T12:50:59.591+0000] {logging_mixin.py:190} INFO - [2026-07-21T12:50:59.591+0000] {dag.py:3239} INFO - Sync 1 DAGs
[2026-07-21T12:50:59.609+0000] {logging_mixin.py:190} INFO - [2026-07-21T12:50:59.608+0000] {dag.py:4180} INFO - Setting next_dagrun for my_dag to None, run_after=None
[2026-07-21T12:50:59.624+0000] {processor.py:208} INFO - Processing /opt/airflow/dags/my_tasks.py took 0.070 seconds
[2026-07-21T12:51:29.828+0000] {processor.py:186} INFO - Started process (PID=883) to work on /opt/airflow/dags/my_tasks.py
[2026-07-21T12:51:29.837+0000] {processor.py:914} INFO - Processing file /opt/airflow/dags/my_tasks.py for tasks to queue
[2026-07-21T12:51:29.839+0000] {logging_mixin.py:190} INFO - [2026-07-21T12:51:29.838+0000] {dagbag.py:588} INFO - Filling up the DagBag from /opt/airflow/dags/my_tasks.py
[2026-07-21T12:51:29.848+0000] {processor.py:925} INFO - DAG(s) 'my_dag' retrieved from /opt/airflow/dags/my_tasks.py
[2026-07-21T12:51:29.867+0000] {logging_mixin.py:190} INFO - [2026-07-21T12:51:29.867+0000] {dag.py:3239} INFO - Sync 1 DAGs
[2026-07-21T12:51:29.883+0000] {logging_mixin.py:190} INFO - [2026-07-21T12:51:29.883+0000] {dag.py:4180} INFO - Setting next_dagrun for my_dag to None, run_after=None
[2026-07-21T12:51:29.897+0000] {processor.py:208} INFO - Processing /opt/airflow/dags/my_tasks.py took 0.072 seconds
[2026-07-21T12:52:00.098+0000] {processor.py:186} INFO - Started process (PID=894) to work on /opt/airflow/dags/my_tasks.py
[2026-07-21T12:52:00.106+0000] {processor.py:914} INFO - Processing file /opt/airflow/dags/my_tasks.py for tasks to queue
[2026-07-21T12:52:00.108+0000] {logging_mixin.py:190} INFO - [2026-07-21T12:52:00.108+0000] {dagbag.py:588} INFO - Filling up the DagBag from /opt/airflow/dags/my_tasks.py
[2026-07-21T12:52:00.116+0000] {processor.py:925} INFO - DAG(s) 'my_dag' retrieved from /opt/airflow/dags/my_tasks.py
[2026-07-21T12:52:00.135+0000] {logging_mixin.py:190} INFO - [2026-07-21T12:52:00.135+0000] {dag.py:3239} INFO - Sync 1 DAGs
[2026-07-21T12:52:00.150+0000] {logging_mixin.py:190} INFO - [2026-07-21T12:52:00.150+0000] {dag.py:4180} INFO - Setting next_dagrun for my_dag to None, run_after=None
[2026-07-21T12:52:00.164+0000] {processor.py:208} INFO - Processing /opt/airflow/dags/my_tasks.py took 0.070 seconds
[2026-07-21T12:52:30.380+0000] {processor.py:186} INFO - Started process (PID=905) to work on /opt/airflow/dags/my_tasks.py
[2026-07-21T12:52:30.387+0000] {processor.py:914} INFO - Processing file /opt/airflow/dags/my_tasks.py for tasks to queue
[2026-07-21T12:52:30.389+0000] {logging_mixin.py:190} INFO - [2026-07-21T12:52:30.389+0000] {dagbag.py:588} INFO - Filling up the DagBag from /opt/airflow/dags/my_tasks.py
[2026-07-21T12:52:30.396+0000] {processor.py:925} INFO - DAG(s) 'my_dag' retrieved from /opt/airflow/dags/my_tasks.py
[2026-07-21T12:52:30.413+0000] {logging_mixin.py:190} INFO - [2026-07-21T12:52:30.413+0000] {dag.py:3239} INFO - Sync 1 DAGs
[2026-07-21T12:52:30.430+0000] {logging_mixin.py:190} INFO - [2026-07-21T12:52:30.430+0000] {dag.py:4180} INFO - Setting next_dagrun for my_dag to None, run_after=None
[2026-07-21T12:52:30.443+0000] {processor.py:208} INFO - Processing /opt/airflow/dags/my_tasks.py took 0.069 seconds
[2026-07-21T12:53:00.646+0000] {processor.py:186} INFO - Started process (PID=916) to work on /opt/airflow/dags/my_tasks.py
[2026-07-21T12:53:00.654+0000] {processor.py:914} INFO - Processing file /opt/airflow/dags/my_tasks.py for tasks to queue
[2026-07-21T12:53:00.656+0000] {logging_mixin.py:190} INFO - [2026-07-21T12:53:00.655+0000] {dagbag.py:588} INFO - Filling up the DagBag from /opt/airflow/dags/my_tasks.py
[2026-07-21T12:53:00.662+0000] {processor.py:925} INFO - DAG(s) 'my_dag' retrieved from /opt/airflow/dags/my_tasks.py
[2026-07-21T12:53:00.680+0000] {logging_mixin.py:190} INFO - [2026-07-21T12:53:00.680+0000] {dag.py:3239} INFO - Sync 1 DAGs
[2026-07-21T12:53:00.696+0000] {logging_mixin.py:190} INFO - [2026-07-21T12:53:00.696+0000] {dag.py:4180} INFO - Setting next_dagrun for my_dag to None, run_after=None
[2026-07-21T12:53:00.709+0000] {processor.py:208} INFO - Processing /opt/airflow/dags/my_tasks.py took 0.067 seconds
