[2026-07-25T14:28:54.004+0000] {processor.py:186} INFO - Started process (PID=192) to work on /opt/airflow/dags/my_tasks.py
[2026-07-25T14:28:54.004+0000] {processor.py:914} INFO - Processing file /opt/airflow/dags/my_tasks.py for tasks to queue
[2026-07-25T14:28:54.006+0000] {logging_mixin.py:190} INFO - [2026-07-25T14:28:54.006+0000] {dagbag.py:588} INFO - Filling up the DagBag from /opt/airflow/dags/my_tasks.py
[2026-07-25T14:28:54.061+0000] {processor.py:925} INFO - DAG(s) 'my_dag' retrieved from /opt/airflow/dags/my_tasks.py
[2026-07-25T14:28:54.370+0000] {logging_mixin.py:190} INFO - [2026-07-25T14:28:54.370+0000] {override.py:1912} INFO - Created Permission View: can edit on DAG:my_dag
[2026-07-25T14:28:54.379+0000] {logging_mixin.py:190} INFO - [2026-07-25T14:28:54.379+0000] {override.py:1912} INFO - Created Permission View: can delete on DAG:my_dag
[2026-07-25T14:28:54.388+0000] {logging_mixin.py:190} INFO - [2026-07-25T14:28:54.388+0000] {override.py:1912} INFO - Created Permission View: can read on DAG:my_dag
[2026-07-25T14:28:54.398+0000] {logging_mixin.py:190} INFO - [2026-07-25T14:28:54.397+0000] {override.py:1912} INFO - Created Permission View: menu access on DAG Run:my_dag
[2026-07-25T14:28:54.404+0000] {logging_mixin.py:190} INFO - [2026-07-25T14:28:54.404+0000] {override.py:1912} INFO - Created Permission View: can delete on DAG Run:my_dag
[2026-07-25T14:28:54.410+0000] {logging_mixin.py:190} INFO - [2026-07-25T14:28:54.410+0000] {override.py:1912} INFO - Created Permission View: can create on DAG Run:my_dag
[2026-07-25T14:28:54.416+0000] {logging_mixin.py:190} INFO - [2026-07-25T14:28:54.416+0000] {override.py:1912} INFO - Created Permission View: can read on DAG Run:my_dag
[2026-07-25T14:28:54.416+0000] {logging_mixin.py:190} INFO - [2026-07-25T14:28:54.416+0000] {dag.py:3239} INFO - Sync 1 DAGs
[2026-07-25T14:28:54.425+0000] {logging_mixin.py:190} INFO - [2026-07-25T14:28:54.425+0000] {dag.py:3262} INFO - Creating ORM DAG for my_dag
[2026-07-25T14:28:54.432+0000] {logging_mixin.py:190} INFO - [2026-07-25T14:28:54.432+0000] {dag.py:4180} INFO - Setting next_dagrun for my_dag to 2026-03-02 00:00:00+00:00, run_after=2026-03-02 00:00:00+00:00
[2026-07-25T14:28:54.445+0000] {processor.py:208} INFO - Processing /opt/airflow/dags/my_tasks.py took 0.446 seconds
[2026-07-25T14:29:24.587+0000] {processor.py:186} INFO - Started process (PID=219) to work on /opt/airflow/dags/my_tasks.py
[2026-07-25T14:29:24.595+0000] {processor.py:914} INFO - Processing file /opt/airflow/dags/my_tasks.py for tasks to queue
[2026-07-25T14:29:24.596+0000] {logging_mixin.py:190} INFO - [2026-07-25T14:29:24.596+0000] {dagbag.py:588} INFO - Filling up the DagBag from /opt/airflow/dags/my_tasks.py
[2026-07-25T14:29:24.603+0000] {processor.py:925} INFO - DAG(s) 'my_dag' retrieved from /opt/airflow/dags/my_tasks.py
[2026-07-25T14:29:24.622+0000] {logging_mixin.py:190} INFO - [2026-07-25T14:29:24.621+0000] {dag.py:3239} INFO - Sync 1 DAGs
[2026-07-25T14:29:24.638+0000] {logging_mixin.py:190} INFO - [2026-07-25T14:29:24.637+0000] {dag.py:4180} INFO - Setting next_dagrun for my_dag to None, run_after=None
[2026-07-25T14:29:24.651+0000] {processor.py:208} INFO - Processing /opt/airflow/dags/my_tasks.py took 0.069 seconds
[2026-07-25T14:29:54.816+0000] {processor.py:186} INFO - Started process (PID=230) to work on /opt/airflow/dags/my_tasks.py
[2026-07-25T14:29:54.817+0000] {processor.py:914} INFO - Processing file /opt/airflow/dags/my_tasks.py for tasks to queue
[2026-07-25T14:29:54.819+0000] {logging_mixin.py:190} INFO - [2026-07-25T14:29:54.818+0000] {dagbag.py:588} INFO - Filling up the DagBag from /opt/airflow/dags/my_tasks.py
[2026-07-25T14:29:54.829+0000] {processor.py:925} INFO - DAG(s) 'my_dag' retrieved from /opt/airflow/dags/my_tasks.py
[2026-07-25T14:29:54.857+0000] {logging_mixin.py:190} INFO - [2026-07-25T14:29:54.856+0000] {dag.py:3239} INFO - Sync 1 DAGs
[2026-07-25T14:29:54.882+0000] {logging_mixin.py:190} INFO - [2026-07-25T14:29:54.881+0000] {dag.py:4180} INFO - Setting next_dagrun for my_dag to None, run_after=None
[2026-07-25T14:29:54.903+0000] {processor.py:208} INFO - Processing /opt/airflow/dags/my_tasks.py took 0.093 seconds
[2026-07-25T14:30:25.032+0000] {processor.py:186} INFO - Started process (PID=241) to work on /opt/airflow/dags/my_tasks.py
[2026-07-25T14:30:25.040+0000] {processor.py:914} INFO - Processing file /opt/airflow/dags/my_tasks.py for tasks to queue
[2026-07-25T14:30:25.041+0000] {logging_mixin.py:190} INFO - [2026-07-25T14:30:25.041+0000] {dagbag.py:588} INFO - Filling up the DagBag from /opt/airflow/dags/my_tasks.py
[2026-07-25T14:30:25.051+0000] {processor.py:925} INFO - DAG(s) 'my_dag' retrieved from /opt/airflow/dags/my_tasks.py
[2026-07-25T14:30:25.075+0000] {logging_mixin.py:190} INFO - [2026-07-25T14:30:25.074+0000] {dag.py:3239} INFO - Sync 1 DAGs
[2026-07-25T14:30:25.094+0000] {logging_mixin.py:190} INFO - [2026-07-25T14:30:25.094+0000] {dag.py:4180} INFO - Setting next_dagrun for my_dag to None, run_after=None
[2026-07-25T14:30:25.111+0000] {processor.py:208} INFO - Processing /opt/airflow/dags/my_tasks.py took 0.085 seconds
[2026-07-25T14:30:55.333+0000] {processor.py:186} INFO - Started process (PID=252) to work on /opt/airflow/dags/my_tasks.py
[2026-07-25T14:30:55.333+0000] {processor.py:914} INFO - Processing file /opt/airflow/dags/my_tasks.py for tasks to queue
[2026-07-25T14:30:55.335+0000] {logging_mixin.py:190} INFO - [2026-07-25T14:30:55.335+0000] {dagbag.py:588} INFO - Filling up the DagBag from /opt/airflow/dags/my_tasks.py
[2026-07-25T14:30:55.341+0000] {processor.py:925} INFO - DAG(s) 'my_dag' retrieved from /opt/airflow/dags/my_tasks.py
[2026-07-25T14:30:55.359+0000] {logging_mixin.py:190} INFO - [2026-07-25T14:30:55.359+0000] {dag.py:3239} INFO - Sync 1 DAGs
[2026-07-25T14:30:55.374+0000] {logging_mixin.py:190} INFO - [2026-07-25T14:30:55.374+0000] {dag.py:4180} INFO - Setting next_dagrun for my_dag to None, run_after=None
[2026-07-25T14:30:55.390+0000] {processor.py:208} INFO - Processing /opt/airflow/dags/my_tasks.py took 0.061 seconds
[2026-07-25T14:31:25.606+0000] {processor.py:186} INFO - Started process (PID=263) to work on /opt/airflow/dags/my_tasks.py
[2026-07-25T14:31:25.614+0000] {processor.py:914} INFO - Processing file /opt/airflow/dags/my_tasks.py for tasks to queue
[2026-07-25T14:31:25.615+0000] {logging_mixin.py:190} INFO - [2026-07-25T14:31:25.615+0000] {dagbag.py:588} INFO - Filling up the DagBag from /opt/airflow/dags/my_tasks.py
[2026-07-25T14:31:25.624+0000] {processor.py:925} INFO - DAG(s) 'my_dag' retrieved from /opt/airflow/dags/my_tasks.py
[2026-07-25T14:31:25.642+0000] {logging_mixin.py:190} INFO - [2026-07-25T14:31:25.642+0000] {dag.py:3239} INFO - Sync 1 DAGs
[2026-07-25T14:31:25.658+0000] {logging_mixin.py:190} INFO - [2026-07-25T14:31:25.657+0000] {dag.py:4180} INFO - Setting next_dagrun for my_dag to None, run_after=None
[2026-07-25T14:31:25.672+0000] {processor.py:208} INFO - Processing /opt/airflow/dags/my_tasks.py took 0.070 seconds
[2026-07-25T14:31:55.869+0000] {processor.py:186} INFO - Started process (PID=274) to work on /opt/airflow/dags/my_tasks.py
[2026-07-25T14:31:55.877+0000] {processor.py:914} INFO - Processing file /opt/airflow/dags/my_tasks.py for tasks to queue
[2026-07-25T14:31:55.879+0000] {logging_mixin.py:190} INFO - [2026-07-25T14:31:55.879+0000] {dagbag.py:588} INFO - Filling up the DagBag from /opt/airflow/dags/my_tasks.py
[2026-07-25T14:31:55.890+0000] {processor.py:925} INFO - DAG(s) 'my_dag' retrieved from /opt/airflow/dags/my_tasks.py
[2026-07-25T14:31:55.909+0000] {logging_mixin.py:190} INFO - [2026-07-25T14:31:55.908+0000] {dag.py:3239} INFO - Sync 1 DAGs
[2026-07-25T14:31:55.925+0000] {logging_mixin.py:190} INFO - [2026-07-25T14:31:55.925+0000] {dag.py:4180} INFO - Setting next_dagrun for my_dag to None, run_after=None
[2026-07-25T14:31:55.940+0000] {processor.py:208} INFO - Processing /opt/airflow/dags/my_tasks.py took 0.075 seconds
[2026-07-25T14:32:26.087+0000] {processor.py:186} INFO - Started process (PID=285) to work on /opt/airflow/dags/my_tasks.py
[2026-07-25T14:32:26.087+0000] {processor.py:914} INFO - Processing file /opt/airflow/dags/my_tasks.py for tasks to queue
[2026-07-25T14:32:26.089+0000] {logging_mixin.py:190} INFO - [2026-07-25T14:32:26.089+0000] {dagbag.py:588} INFO - Filling up the DagBag from /opt/airflow/dags/my_tasks.py
[2026-07-25T14:32:26.095+0000] {processor.py:925} INFO - DAG(s) 'my_dag' retrieved from /opt/airflow/dags/my_tasks.py
[2026-07-25T14:32:26.121+0000] {logging_mixin.py:190} INFO - [2026-07-25T14:32:26.121+0000] {dag.py:3239} INFO - Sync 1 DAGs
[2026-07-25T14:32:26.142+0000] {logging_mixin.py:190} INFO - [2026-07-25T14:32:26.142+0000] {dag.py:4180} INFO - Setting next_dagrun for my_dag to None, run_after=None
[2026-07-25T14:32:26.158+0000] {processor.py:208} INFO - Processing /opt/airflow/dags/my_tasks.py took 0.075 seconds
[2026-07-25T14:32:56.316+0000] {processor.py:186} INFO - Started process (PID=296) to work on /opt/airflow/dags/my_tasks.py
[2026-07-25T14:32:56.317+0000] {processor.py:914} INFO - Processing file /opt/airflow/dags/my_tasks.py for tasks to queue
[2026-07-25T14:32:56.318+0000] {logging_mixin.py:190} INFO - [2026-07-25T14:32:56.318+0000] {dagbag.py:588} INFO - Filling up the DagBag from /opt/airflow/dags/my_tasks.py
[2026-07-25T14:32:56.325+0000] {processor.py:925} INFO - DAG(s) 'my_dag' retrieved from /opt/airflow/dags/my_tasks.py
[2026-07-25T14:32:56.342+0000] {logging_mixin.py:190} INFO - [2026-07-25T14:32:56.342+0000] {dag.py:3239} INFO - Sync 1 DAGs
[2026-07-25T14:32:56.358+0000] {logging_mixin.py:190} INFO - [2026-07-25T14:32:56.358+0000] {dag.py:4180} INFO - Setting next_dagrun for my_dag to None, run_after=None
[2026-07-25T14:32:56.371+0000] {processor.py:208} INFO - Processing /opt/airflow/dags/my_tasks.py took 0.059 seconds
[2026-07-25T14:33:26.571+0000] {processor.py:186} INFO - Started process (PID=307) to work on /opt/airflow/dags/my_tasks.py
[2026-07-25T14:33:26.579+0000] {processor.py:914} INFO - Processing file /opt/airflow/dags/my_tasks.py for tasks to queue
[2026-07-25T14:33:26.580+0000] {logging_mixin.py:190} INFO - [2026-07-25T14:33:26.580+0000] {dagbag.py:588} INFO - Filling up the DagBag from /opt/airflow/dags/my_tasks.py
[2026-07-25T14:33:26.587+0000] {processor.py:925} INFO - DAG(s) 'my_dag' retrieved from /opt/airflow/dags/my_tasks.py
[2026-07-25T14:33:26.604+0000] {logging_mixin.py:190} INFO - [2026-07-25T14:33:26.604+0000] {dag.py:3239} INFO - Sync 1 DAGs
[2026-07-25T14:33:26.620+0000] {logging_mixin.py:190} INFO - [2026-07-25T14:33:26.620+0000] {dag.py:4180} INFO - Setting next_dagrun for my_dag to None, run_after=None
[2026-07-25T14:33:26.634+0000] {processor.py:208} INFO - Processing /opt/airflow/dags/my_tasks.py took 0.068 seconds
[2026-07-25T14:33:56.820+0000] {processor.py:186} INFO - Started process (PID=318) to work on /opt/airflow/dags/my_tasks.py
[2026-07-25T14:33:56.821+0000] {processor.py:914} INFO - Processing file /opt/airflow/dags/my_tasks.py for tasks to queue
[2026-07-25T14:33:56.822+0000] {logging_mixin.py:190} INFO - [2026-07-25T14:33:56.822+0000] {dagbag.py:588} INFO - Filling up the DagBag from /opt/airflow/dags/my_tasks.py
[2026-07-25T14:33:56.829+0000] {processor.py:925} INFO - DAG(s) 'my_dag' retrieved from /opt/airflow/dags/my_tasks.py
[2026-07-25T14:33:56.846+0000] {logging_mixin.py:190} INFO - [2026-07-25T14:33:56.846+0000] {dag.py:3239} INFO - Sync 1 DAGs
[2026-07-25T14:33:56.861+0000] {logging_mixin.py:190} INFO - [2026-07-25T14:33:56.861+0000] {dag.py:4180} INFO - Setting next_dagrun for my_dag to None, run_after=None
[2026-07-25T14:33:56.875+0000] {processor.py:208} INFO - Processing /opt/airflow/dags/my_tasks.py took 0.059 seconds
[2026-07-25T14:34:27.066+0000] {processor.py:186} INFO - Started process (PID=329) to work on /opt/airflow/dags/my_tasks.py
[2026-07-25T14:34:27.074+0000] {processor.py:914} INFO - Processing file /opt/airflow/dags/my_tasks.py for tasks to queue
[2026-07-25T14:34:27.076+0000] {logging_mixin.py:190} INFO - [2026-07-25T14:34:27.076+0000] {dagbag.py:588} INFO - Filling up the DagBag from /opt/airflow/dags/my_tasks.py
[2026-07-25T14:34:27.084+0000] {processor.py:925} INFO - DAG(s) 'my_dag' retrieved from /opt/airflow/dags/my_tasks.py
[2026-07-25T14:34:27.102+0000] {logging_mixin.py:190} INFO - [2026-07-25T14:34:27.102+0000] {dag.py:3239} INFO - Sync 1 DAGs
[2026-07-25T14:34:27.118+0000] {logging_mixin.py:190} INFO - [2026-07-25T14:34:27.118+0000] {dag.py:4180} INFO - Setting next_dagrun for my_dag to None, run_after=None
[2026-07-25T14:34:27.132+0000] {processor.py:208} INFO - Processing /opt/airflow/dags/my_tasks.py took 0.071 seconds
[2026-07-25T14:34:57.292+0000] {processor.py:186} INFO - Started process (PID=340) to work on /opt/airflow/dags/my_tasks.py
[2026-07-25T14:34:57.300+0000] {processor.py:914} INFO - Processing file /opt/airflow/dags/my_tasks.py for tasks to queue
[2026-07-25T14:34:57.302+0000] {logging_mixin.py:190} INFO - [2026-07-25T14:34:57.302+0000] {dagbag.py:588} INFO - Filling up the DagBag from /opt/airflow/dags/my_tasks.py
[2026-07-25T14:34:57.309+0000] {processor.py:925} INFO - DAG(s) 'my_dag' retrieved from /opt/airflow/dags/my_tasks.py
[2026-07-25T14:34:57.331+0000] {logging_mixin.py:190} INFO - [2026-07-25T14:34:57.331+0000] {dag.py:3239} INFO - Sync 1 DAGs
[2026-07-25T14:34:57.347+0000] {logging_mixin.py:190} INFO - [2026-07-25T14:34:57.347+0000] {dag.py:4180} INFO - Setting next_dagrun for my_dag to None, run_after=None
[2026-07-25T14:34:57.362+0000] {processor.py:208} INFO - Processing /opt/airflow/dags/my_tasks.py took 0.074 seconds
[2026-07-25T14:35:27.516+0000] {processor.py:186} INFO - Started process (PID=351) to work on /opt/airflow/dags/my_tasks.py
[2026-07-25T14:35:27.517+0000] {processor.py:914} INFO - Processing file /opt/airflow/dags/my_tasks.py for tasks to queue
[2026-07-25T14:35:27.518+0000] {logging_mixin.py:190} INFO - [2026-07-25T14:35:27.518+0000] {dagbag.py:588} INFO - Filling up the DagBag from /opt/airflow/dags/my_tasks.py
[2026-07-25T14:35:27.525+0000] {processor.py:925} INFO - DAG(s) 'my_dag' retrieved from /opt/airflow/dags/my_tasks.py
[2026-07-25T14:35:27.544+0000] {logging_mixin.py:190} INFO - [2026-07-25T14:35:27.544+0000] {dag.py:3239} INFO - Sync 1 DAGs
[2026-07-25T14:35:27.560+0000] {logging_mixin.py:190} INFO - [2026-07-25T14:35:27.559+0000] {dag.py:4180} INFO - Setting next_dagrun for my_dag to None, run_after=None
[2026-07-25T14:35:27.574+0000] {processor.py:208} INFO - Processing /opt/airflow/dags/my_tasks.py took 0.063 seconds
[2026-07-25T14:35:57.766+0000] {processor.py:186} INFO - Started process (PID=362) to work on /opt/airflow/dags/my_tasks.py
[2026-07-25T14:35:57.767+0000] {processor.py:914} INFO - Processing file /opt/airflow/dags/my_tasks.py for tasks to queue
[2026-07-25T14:35:57.769+0000] {logging_mixin.py:190} INFO - [2026-07-25T14:35:57.768+0000] {dagbag.py:588} INFO - Filling up the DagBag from /opt/airflow/dags/my_tasks.py
[2026-07-25T14:35:57.776+0000] {processor.py:925} INFO - DAG(s) 'my_dag' retrieved from /opt/airflow/dags/my_tasks.py
[2026-07-25T14:35:57.793+0000] {logging_mixin.py:190} INFO - [2026-07-25T14:35:57.793+0000] {dag.py:3239} INFO - Sync 1 DAGs
[2026-07-25T14:35:57.810+0000] {logging_mixin.py:190} INFO - [2026-07-25T14:35:57.809+0000] {dag.py:4180} INFO - Setting next_dagrun for my_dag to None, run_after=None
[2026-07-25T14:35:57.824+0000] {processor.py:208} INFO - Processing /opt/airflow/dags/my_tasks.py took 0.062 seconds
[2026-07-25T14:36:28.017+0000] {processor.py:186} INFO - Started process (PID=373) to work on /opt/airflow/dags/my_tasks.py
[2026-07-25T14:36:28.023+0000] {processor.py:914} INFO - Processing file /opt/airflow/dags/my_tasks.py for tasks to queue
[2026-07-25T14:36:28.026+0000] {logging_mixin.py:190} INFO - [2026-07-25T14:36:28.025+0000] {dagbag.py:588} INFO - Filling up the DagBag from /opt/airflow/dags/my_tasks.py
[2026-07-25T14:36:28.034+0000] {processor.py:925} INFO - DAG(s) 'my_dag' retrieved from /opt/airflow/dags/my_tasks.py
[2026-07-25T14:36:28.057+0000] {logging_mixin.py:190} INFO - [2026-07-25T14:36:28.057+0000] {dag.py:3239} INFO - Sync 1 DAGs
[2026-07-25T14:36:28.080+0000] {logging_mixin.py:190} INFO - [2026-07-25T14:36:28.079+0000] {dag.py:4180} INFO - Setting next_dagrun for my_dag to None, run_after=None
[2026-07-25T14:36:28.101+0000] {processor.py:208} INFO - Processing /opt/airflow/dags/my_tasks.py took 0.092 seconds
[2026-07-25T14:36:58.246+0000] {processor.py:186} INFO - Started process (PID=384) to work on /opt/airflow/dags/my_tasks.py
[2026-07-25T14:36:58.248+0000] {processor.py:914} INFO - Processing file /opt/airflow/dags/my_tasks.py for tasks to queue
[2026-07-25T14:36:58.250+0000] {logging_mixin.py:190} INFO - [2026-07-25T14:36:58.250+0000] {dagbag.py:588} INFO - Filling up the DagBag from /opt/airflow/dags/my_tasks.py
[2026-07-25T14:36:58.257+0000] {processor.py:925} INFO - DAG(s) 'my_dag' retrieved from /opt/airflow/dags/my_tasks.py
[2026-07-25T14:36:58.275+0000] {logging_mixin.py:190} INFO - [2026-07-25T14:36:58.275+0000] {dag.py:3239} INFO - Sync 1 DAGs
[2026-07-25T14:36:58.292+0000] {logging_mixin.py:190} INFO - [2026-07-25T14:36:58.291+0000] {dag.py:4180} INFO - Setting next_dagrun for my_dag to None, run_after=None
[2026-07-25T14:36:58.307+0000] {processor.py:208} INFO - Processing /opt/airflow/dags/my_tasks.py took 0.064 seconds
[2026-07-25T14:37:28.502+0000] {processor.py:186} INFO - Started process (PID=395) to work on /opt/airflow/dags/my_tasks.py
[2026-07-25T14:37:28.510+0000] {processor.py:914} INFO - Processing file /opt/airflow/dags/my_tasks.py for tasks to queue
[2026-07-25T14:37:28.512+0000] {logging_mixin.py:190} INFO - [2026-07-25T14:37:28.512+0000] {dagbag.py:588} INFO - Filling up the DagBag from /opt/airflow/dags/my_tasks.py
[2026-07-25T14:37:28.526+0000] {processor.py:925} INFO - DAG(s) 'my_dag' retrieved from /opt/airflow/dags/my_tasks.py
[2026-07-25T14:37:28.548+0000] {logging_mixin.py:190} INFO - [2026-07-25T14:37:28.548+0000] {dag.py:3239} INFO - Sync 1 DAGs
[2026-07-25T14:37:28.567+0000] {logging_mixin.py:190} INFO - [2026-07-25T14:37:28.566+0000] {dag.py:4180} INFO - Setting next_dagrun for my_dag to None, run_after=None
[2026-07-25T14:37:28.585+0000] {processor.py:208} INFO - Processing /opt/airflow/dags/my_tasks.py took 0.087 seconds
[2026-07-25T14:37:58.755+0000] {processor.py:186} INFO - Started process (PID=406) to work on /opt/airflow/dags/my_tasks.py
[2026-07-25T14:37:58.756+0000] {processor.py:914} INFO - Processing file /opt/airflow/dags/my_tasks.py for tasks to queue
[2026-07-25T14:37:58.757+0000] {logging_mixin.py:190} INFO - [2026-07-25T14:37:58.757+0000] {dagbag.py:588} INFO - Filling up the DagBag from /opt/airflow/dags/my_tasks.py
[2026-07-25T14:37:58.764+0000] {processor.py:925} INFO - DAG(s) 'my_dag' retrieved from /opt/airflow/dags/my_tasks.py
[2026-07-25T14:37:58.782+0000] {logging_mixin.py:190} INFO - [2026-07-25T14:37:58.782+0000] {dag.py:3239} INFO - Sync 1 DAGs
[2026-07-25T14:37:58.799+0000] {logging_mixin.py:190} INFO - [2026-07-25T14:37:58.799+0000] {dag.py:4180} INFO - Setting next_dagrun for my_dag to None, run_after=None
[2026-07-25T14:37:58.813+0000] {processor.py:208} INFO - Processing /opt/airflow/dags/my_tasks.py took 0.063 seconds
[2026-07-25T14:38:28.957+0000] {processor.py:186} INFO - Started process (PID=423) to work on /opt/airflow/dags/my_tasks.py
[2026-07-25T14:38:28.958+0000] {processor.py:914} INFO - Processing file /opt/airflow/dags/my_tasks.py for tasks to queue
[2026-07-25T14:38:28.959+0000] {logging_mixin.py:190} INFO - [2026-07-25T14:38:28.959+0000] {dagbag.py:588} INFO - Filling up the DagBag from /opt/airflow/dags/my_tasks.py
[2026-07-25T14:38:28.970+0000] {processor.py:925} INFO - DAG(s) 'my_dag' retrieved from /opt/airflow/dags/my_tasks.py
[2026-07-25T14:38:28.992+0000] {logging_mixin.py:190} INFO - [2026-07-25T14:38:28.991+0000] {dag.py:3239} INFO - Sync 1 DAGs
[2026-07-25T14:38:29.010+0000] {logging_mixin.py:190} INFO - [2026-07-25T14:38:29.010+0000] {dag.py:4180} INFO - Setting next_dagrun for my_dag to None, run_after=None
[2026-07-25T14:38:29.028+0000] {processor.py:208} INFO - Processing /opt/airflow/dags/my_tasks.py took 0.078 seconds
[2026-07-25T14:38:59.177+0000] {processor.py:186} INFO - Started process (PID=435) to work on /opt/airflow/dags/my_tasks.py
[2026-07-25T14:38:59.179+0000] {processor.py:914} INFO - Processing file /opt/airflow/dags/my_tasks.py for tasks to queue
[2026-07-25T14:38:59.181+0000] {logging_mixin.py:190} INFO - [2026-07-25T14:38:59.181+0000] {dagbag.py:588} INFO - Filling up the DagBag from /opt/airflow/dags/my_tasks.py
[2026-07-25T14:38:59.190+0000] {processor.py:925} INFO - DAG(s) 'my_dag' retrieved from /opt/airflow/dags/my_tasks.py
[2026-07-25T14:38:59.210+0000] {logging_mixin.py:190} INFO - [2026-07-25T14:38:59.210+0000] {dag.py:3239} INFO - Sync 1 DAGs
[2026-07-25T14:38:59.227+0000] {logging_mixin.py:190} INFO - [2026-07-25T14:38:59.227+0000] {dag.py:4180} INFO - Setting next_dagrun for my_dag to None, run_after=None
[2026-07-25T14:38:59.244+0000] {processor.py:208} INFO - Processing /opt/airflow/dags/my_tasks.py took 0.071 seconds
[2026-07-25T14:39:29.420+0000] {processor.py:186} INFO - Started process (PID=446) to work on /opt/airflow/dags/my_tasks.py
[2026-07-25T14:39:29.421+0000] {processor.py:914} INFO - Processing file /opt/airflow/dags/my_tasks.py for tasks to queue
[2026-07-25T14:39:29.423+0000] {logging_mixin.py:190} INFO - [2026-07-25T14:39:29.422+0000] {dagbag.py:588} INFO - Filling up the DagBag from /opt/airflow/dags/my_tasks.py
[2026-07-25T14:39:29.430+0000] {processor.py:925} INFO - DAG(s) 'my_dag' retrieved from /opt/airflow/dags/my_tasks.py
[2026-07-25T14:39:29.450+0000] {logging_mixin.py:190} INFO - [2026-07-25T14:39:29.450+0000] {dag.py:3239} INFO - Sync 1 DAGs
[2026-07-25T14:39:29.468+0000] {logging_mixin.py:190} INFO - [2026-07-25T14:39:29.468+0000] {dag.py:4180} INFO - Setting next_dagrun for my_dag to None, run_after=None
[2026-07-25T14:39:29.486+0000] {processor.py:208} INFO - Processing /opt/airflow/dags/my_tasks.py took 0.070 seconds
[2026-07-25T14:39:59.634+0000] {processor.py:186} INFO - Started process (PID=457) to work on /opt/airflow/dags/my_tasks.py
[2026-07-25T14:39:59.642+0000] {processor.py:914} INFO - Processing file /opt/airflow/dags/my_tasks.py for tasks to queue
[2026-07-25T14:39:59.644+0000] {logging_mixin.py:190} INFO - [2026-07-25T14:39:59.644+0000] {dagbag.py:588} INFO - Filling up the DagBag from /opt/airflow/dags/my_tasks.py
[2026-07-25T14:39:59.652+0000] {processor.py:925} INFO - DAG(s) 'my_dag' retrieved from /opt/airflow/dags/my_tasks.py
[2026-07-25T14:39:59.672+0000] {logging_mixin.py:190} INFO - [2026-07-25T14:39:59.672+0000] {dag.py:3239} INFO - Sync 1 DAGs
[2026-07-25T14:39:59.690+0000] {logging_mixin.py:190} INFO - [2026-07-25T14:39:59.690+0000] {dag.py:4180} INFO - Setting next_dagrun for my_dag to None, run_after=None
[2026-07-25T14:39:59.720+0000] {processor.py:208} INFO - Processing /opt/airflow/dags/my_tasks.py took 0.093 seconds
[2026-07-25T14:40:29.802+0000] {processor.py:186} INFO - Started process (PID=468) to work on /opt/airflow/dags/my_tasks.py
[2026-07-25T14:40:29.803+0000] {processor.py:914} INFO - Processing file /opt/airflow/dags/my_tasks.py for tasks to queue
[2026-07-25T14:40:29.804+0000] {logging_mixin.py:190} INFO - [2026-07-25T14:40:29.804+0000] {dagbag.py:588} INFO - Filling up the DagBag from /opt/airflow/dags/my_tasks.py
[2026-07-25T14:40:29.813+0000] {processor.py:925} INFO - DAG(s) 'my_dag' retrieved from /opt/airflow/dags/my_tasks.py
[2026-07-25T14:40:29.839+0000] {logging_mixin.py:190} INFO - [2026-07-25T14:40:29.838+0000] {dag.py:3239} INFO - Sync 1 DAGs
[2026-07-25T14:40:29.860+0000] {logging_mixin.py:190} INFO - [2026-07-25T14:40:29.860+0000] {dag.py:4180} INFO - Setting next_dagrun for my_dag to None, run_after=None
[2026-07-25T14:40:29.882+0000] {processor.py:208} INFO - Processing /opt/airflow/dags/my_tasks.py took 0.083 seconds
[2026-07-25T14:41:00.016+0000] {processor.py:186} INFO - Started process (PID=479) to work on /opt/airflow/dags/my_tasks.py
[2026-07-25T14:41:00.017+0000] {processor.py:914} INFO - Processing file /opt/airflow/dags/my_tasks.py for tasks to queue
[2026-07-25T14:41:00.018+0000] {logging_mixin.py:190} INFO - [2026-07-25T14:41:00.018+0000] {dagbag.py:588} INFO - Filling up the DagBag from /opt/airflow/dags/my_tasks.py
[2026-07-25T14:41:00.024+0000] {processor.py:925} INFO - DAG(s) 'my_dag' retrieved from /opt/airflow/dags/my_tasks.py
[2026-07-25T14:41:00.042+0000] {logging_mixin.py:190} INFO - [2026-07-25T14:41:00.042+0000] {dag.py:3239} INFO - Sync 1 DAGs
[2026-07-25T14:41:00.057+0000] {logging_mixin.py:190} INFO - [2026-07-25T14:41:00.057+0000] {dag.py:4180} INFO - Setting next_dagrun for my_dag to None, run_after=None
[2026-07-25T14:41:00.071+0000] {processor.py:208} INFO - Processing /opt/airflow/dags/my_tasks.py took 0.059 seconds
[2026-07-25T14:41:30.192+0000] {processor.py:186} INFO - Started process (PID=490) to work on /opt/airflow/dags/my_tasks.py
[2026-07-25T14:41:30.193+0000] {processor.py:914} INFO - Processing file /opt/airflow/dags/my_tasks.py for tasks to queue
[2026-07-25T14:41:30.194+0000] {logging_mixin.py:190} INFO - [2026-07-25T14:41:30.194+0000] {dagbag.py:588} INFO - Filling up the DagBag from /opt/airflow/dags/my_tasks.py
[2026-07-25T14:41:30.201+0000] {processor.py:925} INFO - DAG(s) 'my_dag' retrieved from /opt/airflow/dags/my_tasks.py
[2026-07-25T14:41:30.218+0000] {logging_mixin.py:190} INFO - [2026-07-25T14:41:30.218+0000] {dag.py:3239} INFO - Sync 1 DAGs
[2026-07-25T14:41:30.233+0000] {logging_mixin.py:190} INFO - [2026-07-25T14:41:30.233+0000] {dag.py:4180} INFO - Setting next_dagrun for my_dag to None, run_after=None
[2026-07-25T14:41:30.247+0000] {processor.py:208} INFO - Processing /opt/airflow/dags/my_tasks.py took 0.059 seconds
[2026-07-25T14:42:00.473+0000] {processor.py:186} INFO - Started process (PID=501) to work on /opt/airflow/dags/my_tasks.py
[2026-07-25T14:42:00.481+0000] {processor.py:914} INFO - Processing file /opt/airflow/dags/my_tasks.py for tasks to queue
[2026-07-25T14:42:00.484+0000] {logging_mixin.py:190} INFO - [2026-07-25T14:42:00.483+0000] {dagbag.py:588} INFO - Filling up the DagBag from /opt/airflow/dags/my_tasks.py
[2026-07-25T14:42:00.494+0000] {processor.py:925} INFO - DAG(s) 'my_dag' retrieved from /opt/airflow/dags/my_tasks.py
[2026-07-25T14:42:00.512+0000] {logging_mixin.py:190} INFO - [2026-07-25T14:42:00.512+0000] {dag.py:3239} INFO - Sync 1 DAGs
[2026-07-25T14:42:00.529+0000] {logging_mixin.py:190} INFO - [2026-07-25T14:42:00.529+0000] {dag.py:4180} INFO - Setting next_dagrun for my_dag to None, run_after=None
[2026-07-25T14:42:00.543+0000] {processor.py:208} INFO - Processing /opt/airflow/dags/my_tasks.py took 0.075 seconds
[2026-07-25T14:42:30.768+0000] {processor.py:186} INFO - Started process (PID=512) to work on /opt/airflow/dags/my_tasks.py
[2026-07-25T14:42:30.769+0000] {processor.py:914} INFO - Processing file /opt/airflow/dags/my_tasks.py for tasks to queue
[2026-07-25T14:42:30.770+0000] {logging_mixin.py:190} INFO - [2026-07-25T14:42:30.770+0000] {dagbag.py:588} INFO - Filling up the DagBag from /opt/airflow/dags/my_tasks.py
[2026-07-25T14:42:30.777+0000] {processor.py:925} INFO - DAG(s) 'my_dag' retrieved from /opt/airflow/dags/my_tasks.py
[2026-07-25T14:42:30.794+0000] {logging_mixin.py:190} INFO - [2026-07-25T14:42:30.794+0000] {dag.py:3239} INFO - Sync 1 DAGs
[2026-07-25T14:42:30.811+0000] {logging_mixin.py:190} INFO - [2026-07-25T14:42:30.810+0000] {dag.py:4180} INFO - Setting next_dagrun for my_dag to None, run_after=None
[2026-07-25T14:42:30.824+0000] {processor.py:208} INFO - Processing /opt/airflow/dags/my_tasks.py took 0.062 seconds
[2026-07-25T14:43:01.030+0000] {processor.py:186} INFO - Started process (PID=523) to work on /opt/airflow/dags/my_tasks.py
[2026-07-25T14:43:01.038+0000] {processor.py:914} INFO - Processing file /opt/airflow/dags/my_tasks.py for tasks to queue
[2026-07-25T14:43:01.041+0000] {logging_mixin.py:190} INFO - [2026-07-25T14:43:01.040+0000] {dagbag.py:588} INFO - Filling up the DagBag from /opt/airflow/dags/my_tasks.py
[2026-07-25T14:43:01.050+0000] {processor.py:925} INFO - DAG(s) 'my_dag' retrieved from /opt/airflow/dags/my_tasks.py
[2026-07-25T14:43:01.069+0000] {logging_mixin.py:190} INFO - [2026-07-25T14:43:01.069+0000] {dag.py:3239} INFO - Sync 1 DAGs
[2026-07-25T14:43:01.085+0000] {logging_mixin.py:190} INFO - [2026-07-25T14:43:01.085+0000] {dag.py:4180} INFO - Setting next_dagrun for my_dag to None, run_after=None
[2026-07-25T14:43:01.099+0000] {processor.py:208} INFO - Processing /opt/airflow/dags/my_tasks.py took 0.073 seconds
[2026-07-25T14:43:31.297+0000] {processor.py:186} INFO - Started process (PID=534) to work on /opt/airflow/dags/my_tasks.py
[2026-07-25T14:43:31.298+0000] {processor.py:914} INFO - Processing file /opt/airflow/dags/my_tasks.py for tasks to queue
[2026-07-25T14:43:31.299+0000] {logging_mixin.py:190} INFO - [2026-07-25T14:43:31.299+0000] {dagbag.py:588} INFO - Filling up the DagBag from /opt/airflow/dags/my_tasks.py
[2026-07-25T14:43:31.306+0000] {processor.py:925} INFO - DAG(s) 'my_dag' retrieved from /opt/airflow/dags/my_tasks.py
[2026-07-25T14:43:31.324+0000] {logging_mixin.py:190} INFO - [2026-07-25T14:43:31.324+0000] {dag.py:3239} INFO - Sync 1 DAGs
[2026-07-25T14:43:31.340+0000] {logging_mixin.py:190} INFO - [2026-07-25T14:43:31.340+0000] {dag.py:4180} INFO - Setting next_dagrun for my_dag to None, run_after=None
[2026-07-25T14:43:31.354+0000] {processor.py:208} INFO - Processing /opt/airflow/dags/my_tasks.py took 0.062 seconds
[2026-07-25T14:44:01.579+0000] {processor.py:186} INFO - Started process (PID=545) to work on /opt/airflow/dags/my_tasks.py
[2026-07-25T14:44:01.580+0000] {processor.py:914} INFO - Processing file /opt/airflow/dags/my_tasks.py for tasks to queue
[2026-07-25T14:44:01.581+0000] {logging_mixin.py:190} INFO - [2026-07-25T14:44:01.581+0000] {dagbag.py:588} INFO - Filling up the DagBag from /opt/airflow/dags/my_tasks.py
[2026-07-25T14:44:01.588+0000] {processor.py:925} INFO - DAG(s) 'my_dag' retrieved from /opt/airflow/dags/my_tasks.py
[2026-07-25T14:44:01.609+0000] {logging_mixin.py:190} INFO - [2026-07-25T14:44:01.608+0000] {dag.py:3239} INFO - Sync 1 DAGs
[2026-07-25T14:44:01.630+0000] {logging_mixin.py:190} INFO - [2026-07-25T14:44:01.630+0000] {dag.py:4180} INFO - Setting next_dagrun for my_dag to None, run_after=None
[2026-07-25T14:44:01.647+0000] {processor.py:208} INFO - Processing /opt/airflow/dags/my_tasks.py took 0.073 seconds
[2026-07-25T14:44:31.837+0000] {processor.py:186} INFO - Started process (PID=556) to work on /opt/airflow/dags/my_tasks.py
[2026-07-25T14:44:31.845+0000] {processor.py:914} INFO - Processing file /opt/airflow/dags/my_tasks.py for tasks to queue
[2026-07-25T14:44:31.847+0000] {logging_mixin.py:190} INFO - [2026-07-25T14:44:31.846+0000] {dagbag.py:588} INFO - Filling up the DagBag from /opt/airflow/dags/my_tasks.py
[2026-07-25T14:44:31.854+0000] {processor.py:925} INFO - DAG(s) 'my_dag' retrieved from /opt/airflow/dags/my_tasks.py
[2026-07-25T14:44:31.877+0000] {logging_mixin.py:190} INFO - [2026-07-25T14:44:31.877+0000] {dag.py:3239} INFO - Sync 1 DAGs
[2026-07-25T14:44:31.895+0000] {logging_mixin.py:190} INFO - [2026-07-25T14:44:31.895+0000] {dag.py:4180} INFO - Setting next_dagrun for my_dag to None, run_after=None
[2026-07-25T14:44:31.911+0000] {processor.py:208} INFO - Processing /opt/airflow/dags/my_tasks.py took 0.078 seconds
[2026-07-25T14:45:02.083+0000] {processor.py:186} INFO - Started process (PID=567) to work on /opt/airflow/dags/my_tasks.py
[2026-07-25T14:45:02.091+0000] {processor.py:914} INFO - Processing file /opt/airflow/dags/my_tasks.py for tasks to queue
[2026-07-25T14:45:02.094+0000] {logging_mixin.py:190} INFO - [2026-07-25T14:45:02.094+0000] {dagbag.py:588} INFO - Filling up the DagBag from /opt/airflow/dags/my_tasks.py
[2026-07-25T14:45:02.103+0000] {processor.py:925} INFO - DAG(s) 'my_dag' retrieved from /opt/airflow/dags/my_tasks.py
[2026-07-25T14:45:02.120+0000] {logging_mixin.py:190} INFO - [2026-07-25T14:45:02.120+0000] {dag.py:3239} INFO - Sync 1 DAGs
[2026-07-25T14:45:02.136+0000] {logging_mixin.py:190} INFO - [2026-07-25T14:45:02.136+0000] {dag.py:4180} INFO - Setting next_dagrun for my_dag to None, run_after=None
[2026-07-25T14:45:02.150+0000] {processor.py:208} INFO - Processing /opt/airflow/dags/my_tasks.py took 0.071 seconds
[2026-07-25T14:45:32.351+0000] {processor.py:186} INFO - Started process (PID=578) to work on /opt/airflow/dags/my_tasks.py
[2026-07-25T14:45:32.358+0000] {processor.py:914} INFO - Processing file /opt/airflow/dags/my_tasks.py for tasks to queue
[2026-07-25T14:45:32.360+0000] {logging_mixin.py:190} INFO - [2026-07-25T14:45:32.360+0000] {dagbag.py:588} INFO - Filling up the DagBag from /opt/airflow/dags/my_tasks.py
[2026-07-25T14:45:32.369+0000] {processor.py:925} INFO - DAG(s) 'my_dag' retrieved from /opt/airflow/dags/my_tasks.py
[2026-07-25T14:45:32.386+0000] {logging_mixin.py:190} INFO - [2026-07-25T14:45:32.386+0000] {dag.py:3239} INFO - Sync 1 DAGs
[2026-07-25T14:45:32.404+0000] {logging_mixin.py:190} INFO - [2026-07-25T14:45:32.404+0000] {dag.py:4180} INFO - Setting next_dagrun for my_dag to None, run_after=None
[2026-07-25T14:45:32.419+0000] {processor.py:208} INFO - Processing /opt/airflow/dags/my_tasks.py took 0.071 seconds
[2026-07-25T14:46:02.617+0000] {processor.py:186} INFO - Started process (PID=589) to work on /opt/airflow/dags/my_tasks.py
[2026-07-25T14:46:02.618+0000] {processor.py:914} INFO - Processing file /opt/airflow/dags/my_tasks.py for tasks to queue
[2026-07-25T14:46:02.619+0000] {logging_mixin.py:190} INFO - [2026-07-25T14:46:02.619+0000] {dagbag.py:588} INFO - Filling up the DagBag from /opt/airflow/dags/my_tasks.py
[2026-07-25T14:46:02.626+0000] {processor.py:925} INFO - DAG(s) 'my_dag' retrieved from /opt/airflow/dags/my_tasks.py
[2026-07-25T14:46:02.644+0000] {logging_mixin.py:190} INFO - [2026-07-25T14:46:02.644+0000] {dag.py:3239} INFO - Sync 1 DAGs
[2026-07-25T14:46:02.660+0000] {logging_mixin.py:190} INFO - [2026-07-25T14:46:02.660+0000] {dag.py:4180} INFO - Setting next_dagrun for my_dag to None, run_after=None
[2026-07-25T14:46:02.674+0000] {processor.py:208} INFO - Processing /opt/airflow/dags/my_tasks.py took 0.060 seconds
[2026-07-25T14:46:32.868+0000] {processor.py:186} INFO - Started process (PID=600) to work on /opt/airflow/dags/my_tasks.py
[2026-07-25T14:46:32.871+0000] {processor.py:914} INFO - Processing file /opt/airflow/dags/my_tasks.py for tasks to queue
[2026-07-25T14:46:32.872+0000] {logging_mixin.py:190} INFO - [2026-07-25T14:46:32.872+0000] {dagbag.py:588} INFO - Filling up the DagBag from /opt/airflow/dags/my_tasks.py
[2026-07-25T14:46:32.880+0000] {processor.py:925} INFO - DAG(s) 'my_dag' retrieved from /opt/airflow/dags/my_tasks.py
[2026-07-25T14:46:32.899+0000] {logging_mixin.py:190} INFO - [2026-07-25T14:46:32.899+0000] {dag.py:3239} INFO - Sync 1 DAGs
[2026-07-25T14:46:32.915+0000] {logging_mixin.py:190} INFO - [2026-07-25T14:46:32.914+0000] {dag.py:4180} INFO - Setting next_dagrun for my_dag to None, run_after=None
[2026-07-25T14:46:32.930+0000] {processor.py:208} INFO - Processing /opt/airflow/dags/my_tasks.py took 0.066 seconds
[2026-07-25T14:47:03.128+0000] {processor.py:186} INFO - Started process (PID=611) to work on /opt/airflow/dags/my_tasks.py
[2026-07-25T14:47:03.136+0000] {processor.py:914} INFO - Processing file /opt/airflow/dags/my_tasks.py for tasks to queue
[2026-07-25T14:47:03.139+0000] {logging_mixin.py:190} INFO - [2026-07-25T14:47:03.139+0000] {dagbag.py:588} INFO - Filling up the DagBag from /opt/airflow/dags/my_tasks.py
[2026-07-25T14:47:03.149+0000] {processor.py:925} INFO - DAG(s) 'my_dag' retrieved from /opt/airflow/dags/my_tasks.py
[2026-07-25T14:47:03.167+0000] {logging_mixin.py:190} INFO - [2026-07-25T14:47:03.167+0000] {dag.py:3239} INFO - Sync 1 DAGs
[2026-07-25T14:47:03.183+0000] {logging_mixin.py:190} INFO - [2026-07-25T14:47:03.183+0000] {dag.py:4180} INFO - Setting next_dagrun for my_dag to None, run_after=None
[2026-07-25T14:47:03.197+0000] {processor.py:208} INFO - Processing /opt/airflow/dags/my_tasks.py took 0.074 seconds
[2026-07-25T14:47:33.401+0000] {processor.py:186} INFO - Started process (PID=622) to work on /opt/airflow/dags/my_tasks.py
[2026-07-25T14:47:33.409+0000] {processor.py:914} INFO - Processing file /opt/airflow/dags/my_tasks.py for tasks to queue
[2026-07-25T14:47:33.411+0000] {logging_mixin.py:190} INFO - [2026-07-25T14:47:33.411+0000] {dagbag.py:588} INFO - Filling up the DagBag from /opt/airflow/dags/my_tasks.py
[2026-07-25T14:47:33.421+0000] {processor.py:925} INFO - DAG(s) 'my_dag' retrieved from /opt/airflow/dags/my_tasks.py
[2026-07-25T14:47:33.438+0000] {logging_mixin.py:190} INFO - [2026-07-25T14:47:33.438+0000] {dag.py:3239} INFO - Sync 1 DAGs
[2026-07-25T14:47:33.453+0000] {logging_mixin.py:190} INFO - [2026-07-25T14:47:33.453+0000] {dag.py:4180} INFO - Setting next_dagrun for my_dag to None, run_after=None
[2026-07-25T14:47:33.468+0000] {processor.py:208} INFO - Processing /opt/airflow/dags/my_tasks.py took 0.071 seconds
[2026-07-25T14:48:03.651+0000] {processor.py:186} INFO - Started process (PID=633) to work on /opt/airflow/dags/my_tasks.py
[2026-07-25T14:48:03.658+0000] {processor.py:914} INFO - Processing file /opt/airflow/dags/my_tasks.py for tasks to queue
[2026-07-25T14:48:03.660+0000] {logging_mixin.py:190} INFO - [2026-07-25T14:48:03.660+0000] {dagbag.py:588} INFO - Filling up the DagBag from /opt/airflow/dags/my_tasks.py
[2026-07-25T14:48:03.668+0000] {processor.py:925} INFO - DAG(s) 'my_dag' retrieved from /opt/airflow/dags/my_tasks.py
[2026-07-25T14:48:03.685+0000] {logging_mixin.py:190} INFO - [2026-07-25T14:48:03.685+0000] {dag.py:3239} INFO - Sync 1 DAGs
[2026-07-25T14:48:03.701+0000] {logging_mixin.py:190} INFO - [2026-07-25T14:48:03.700+0000] {dag.py:4180} INFO - Setting next_dagrun for my_dag to None, run_after=None
[2026-07-25T14:48:03.715+0000] {processor.py:208} INFO - Processing /opt/airflow/dags/my_tasks.py took 0.068 seconds
[2026-07-25T14:48:33.912+0000] {processor.py:186} INFO - Started process (PID=644) to work on /opt/airflow/dags/my_tasks.py
[2026-07-25T14:48:33.920+0000] {processor.py:914} INFO - Processing file /opt/airflow/dags/my_tasks.py for tasks to queue
[2026-07-25T14:48:33.922+0000] {logging_mixin.py:190} INFO - [2026-07-25T14:48:33.922+0000] {dagbag.py:588} INFO - Filling up the DagBag from /opt/airflow/dags/my_tasks.py
[2026-07-25T14:48:33.931+0000] {processor.py:925} INFO - DAG(s) 'my_dag' retrieved from /opt/airflow/dags/my_tasks.py
[2026-07-25T14:48:33.951+0000] {logging_mixin.py:190} INFO - [2026-07-25T14:48:33.951+0000] {dag.py:3239} INFO - Sync 1 DAGs
[2026-07-25T14:48:33.968+0000] {logging_mixin.py:190} INFO - [2026-07-25T14:48:33.968+0000] {dag.py:4180} INFO - Setting next_dagrun for my_dag to None, run_after=None
[2026-07-25T14:48:33.984+0000] {processor.py:208} INFO - Processing /opt/airflow/dags/my_tasks.py took 0.078 seconds
[2026-07-25T14:49:04.178+0000] {processor.py:186} INFO - Started process (PID=655) to work on /opt/airflow/dags/my_tasks.py
[2026-07-25T14:49:04.186+0000] {processor.py:914} INFO - Processing file /opt/airflow/dags/my_tasks.py for tasks to queue
[2026-07-25T14:49:04.188+0000] {logging_mixin.py:190} INFO - [2026-07-25T14:49:04.188+0000] {dagbag.py:588} INFO - Filling up the DagBag from /opt/airflow/dags/my_tasks.py
[2026-07-25T14:49:04.197+0000] {processor.py:925} INFO - DAG(s) 'my_dag' retrieved from /opt/airflow/dags/my_tasks.py
[2026-07-25T14:49:04.215+0000] {logging_mixin.py:190} INFO - [2026-07-25T14:49:04.215+0000] {dag.py:3239} INFO - Sync 1 DAGs
[2026-07-25T14:49:04.230+0000] {logging_mixin.py:190} INFO - [2026-07-25T14:49:04.230+0000] {dag.py:4180} INFO - Setting next_dagrun for my_dag to None, run_after=None
[2026-07-25T14:49:04.244+0000] {processor.py:208} INFO - Processing /opt/airflow/dags/my_tasks.py took 0.070 seconds
[2026-07-25T14:49:34.442+0000] {processor.py:186} INFO - Started process (PID=666) to work on /opt/airflow/dags/my_tasks.py
[2026-07-25T14:49:34.443+0000] {processor.py:914} INFO - Processing file /opt/airflow/dags/my_tasks.py for tasks to queue
[2026-07-25T14:49:34.444+0000] {logging_mixin.py:190} INFO - [2026-07-25T14:49:34.444+0000] {dagbag.py:588} INFO - Filling up the DagBag from /opt/airflow/dags/my_tasks.py
[2026-07-25T14:49:34.451+0000] {processor.py:925} INFO - DAG(s) 'my_dag' retrieved from /opt/airflow/dags/my_tasks.py
[2026-07-25T14:49:34.473+0000] {logging_mixin.py:190} INFO - [2026-07-25T14:49:34.473+0000] {dag.py:3239} INFO - Sync 1 DAGs
[2026-07-25T14:49:34.491+0000] {logging_mixin.py:190} INFO - [2026-07-25T14:49:34.491+0000] {dag.py:4180} INFO - Setting next_dagrun for my_dag to None, run_after=None
[2026-07-25T14:49:34.508+0000] {processor.py:208} INFO - Processing /opt/airflow/dags/my_tasks.py took 0.072 seconds
[2026-07-25T14:50:04.716+0000] {processor.py:186} INFO - Started process (PID=677) to work on /opt/airflow/dags/my_tasks.py
[2026-07-25T14:50:04.724+0000] {processor.py:914} INFO - Processing file /opt/airflow/dags/my_tasks.py for tasks to queue
[2026-07-25T14:50:04.725+0000] {logging_mixin.py:190} INFO - [2026-07-25T14:50:04.725+0000] {dagbag.py:588} INFO - Filling up the DagBag from /opt/airflow/dags/my_tasks.py
[2026-07-25T14:50:04.732+0000] {processor.py:925} INFO - DAG(s) 'my_dag' retrieved from /opt/airflow/dags/my_tasks.py
[2026-07-25T14:50:04.752+0000] {logging_mixin.py:190} INFO - [2026-07-25T14:50:04.751+0000] {dag.py:3239} INFO - Sync 1 DAGs
[2026-07-25T14:50:04.771+0000] {logging_mixin.py:190} INFO - [2026-07-25T14:50:04.770+0000] {dag.py:4180} INFO - Setting next_dagrun for my_dag to None, run_after=None
[2026-07-25T14:50:04.788+0000] {processor.py:208} INFO - Processing /opt/airflow/dags/my_tasks.py took 0.076 seconds
[2026-07-25T14:50:34.982+0000] {processor.py:186} INFO - Started process (PID=688) to work on /opt/airflow/dags/my_tasks.py
[2026-07-25T14:50:34.991+0000] {processor.py:914} INFO - Processing file /opt/airflow/dags/my_tasks.py for tasks to queue
[2026-07-25T14:50:34.993+0000] {logging_mixin.py:190} INFO - [2026-07-25T14:50:34.993+0000] {dagbag.py:588} INFO - Filling up the DagBag from /opt/airflow/dags/my_tasks.py
[2026-07-25T14:50:35.000+0000] {processor.py:925} INFO - DAG(s) 'my_dag' retrieved from /opt/airflow/dags/my_tasks.py
[2026-07-25T14:50:35.019+0000] {logging_mixin.py:190} INFO - [2026-07-25T14:50:35.019+0000] {dag.py:3239} INFO - Sync 1 DAGs
[2026-07-25T14:50:35.035+0000] {logging_mixin.py:190} INFO - [2026-07-25T14:50:35.035+0000] {dag.py:4180} INFO - Setting next_dagrun for my_dag to None, run_after=None
[2026-07-25T14:50:35.049+0000] {processor.py:208} INFO - Processing /opt/airflow/dags/my_tasks.py took 0.071 seconds
[2026-07-25T14:51:05.236+0000] {processor.py:186} INFO - Started process (PID=699) to work on /opt/airflow/dags/my_tasks.py
[2026-07-25T14:51:05.244+0000] {processor.py:914} INFO - Processing file /opt/airflow/dags/my_tasks.py for tasks to queue
[2026-07-25T14:51:05.246+0000] {logging_mixin.py:190} INFO - [2026-07-25T14:51:05.246+0000] {dagbag.py:588} INFO - Filling up the DagBag from /opt/airflow/dags/my_tasks.py
[2026-07-25T14:51:05.255+0000] {processor.py:925} INFO - DAG(s) 'my_dag' retrieved from /opt/airflow/dags/my_tasks.py
[2026-07-25T14:51:05.275+0000] {logging_mixin.py:190} INFO - [2026-07-25T14:51:05.274+0000] {dag.py:3239} INFO - Sync 1 DAGs
[2026-07-25T14:51:05.292+0000] {logging_mixin.py:190} INFO - [2026-07-25T14:51:05.292+0000] {dag.py:4180} INFO - Setting next_dagrun for my_dag to None, run_after=None
[2026-07-25T14:51:05.308+0000] {processor.py:208} INFO - Processing /opt/airflow/dags/my_tasks.py took 0.077 seconds
[2026-07-25T14:51:35.455+0000] {processor.py:186} INFO - Started process (PID=710) to work on /opt/airflow/dags/my_tasks.py
[2026-07-25T14:51:35.456+0000] {processor.py:914} INFO - Processing file /opt/airflow/dags/my_tasks.py for tasks to queue
[2026-07-25T14:51:35.458+0000] {logging_mixin.py:190} INFO - [2026-07-25T14:51:35.457+0000] {dagbag.py:588} INFO - Filling up the DagBag from /opt/airflow/dags/my_tasks.py
[2026-07-25T14:51:35.467+0000] {processor.py:925} INFO - DAG(s) 'my_dag' retrieved from /opt/airflow/dags/my_tasks.py
[2026-07-25T14:51:35.485+0000] {logging_mixin.py:190} INFO - [2026-07-25T14:51:35.485+0000] {dag.py:3239} INFO - Sync 1 DAGs
[2026-07-25T14:51:35.501+0000] {logging_mixin.py:190} INFO - [2026-07-25T14:51:35.500+0000] {dag.py:4180} INFO - Setting next_dagrun for my_dag to None, run_after=None
[2026-07-25T14:51:35.515+0000] {processor.py:208} INFO - Processing /opt/airflow/dags/my_tasks.py took 0.064 seconds
[2026-07-25T14:52:05.753+0000] {processor.py:186} INFO - Started process (PID=721) to work on /opt/airflow/dags/my_tasks.py
[2026-07-25T14:52:05.761+0000] {processor.py:914} INFO - Processing file /opt/airflow/dags/my_tasks.py for tasks to queue
[2026-07-25T14:52:05.763+0000] {logging_mixin.py:190} INFO - [2026-07-25T14:52:05.763+0000] {dagbag.py:588} INFO - Filling up the DagBag from /opt/airflow/dags/my_tasks.py
[2026-07-25T14:52:05.772+0000] {processor.py:925} INFO - DAG(s) 'my_dag' retrieved from /opt/airflow/dags/my_tasks.py
[2026-07-25T14:52:05.789+0000] {logging_mixin.py:190} INFO - [2026-07-25T14:52:05.789+0000] {dag.py:3239} INFO - Sync 1 DAGs
[2026-07-25T14:52:05.805+0000] {logging_mixin.py:190} INFO - [2026-07-25T14:52:05.805+0000] {dag.py:4180} INFO - Setting next_dagrun for my_dag to None, run_after=None
[2026-07-25T14:52:05.819+0000] {processor.py:208} INFO - Processing /opt/airflow/dags/my_tasks.py took 0.070 seconds
[2026-07-25T14:52:36.029+0000] {processor.py:186} INFO - Started process (PID=732) to work on /opt/airflow/dags/my_tasks.py
[2026-07-25T14:52:36.030+0000] {processor.py:914} INFO - Processing file /opt/airflow/dags/my_tasks.py for tasks to queue
[2026-07-25T14:52:36.031+0000] {logging_mixin.py:190} INFO - [2026-07-25T14:52:36.031+0000] {dagbag.py:588} INFO - Filling up the DagBag from /opt/airflow/dags/my_tasks.py
[2026-07-25T14:52:36.038+0000] {processor.py:925} INFO - DAG(s) 'my_dag' retrieved from /opt/airflow/dags/my_tasks.py
[2026-07-25T14:52:36.056+0000] {logging_mixin.py:190} INFO - [2026-07-25T14:52:36.056+0000] {dag.py:3239} INFO - Sync 1 DAGs
[2026-07-25T14:52:36.073+0000] {logging_mixin.py:190} INFO - [2026-07-25T14:52:36.072+0000] {dag.py:4180} INFO - Setting next_dagrun for my_dag to None, run_after=None
[2026-07-25T14:52:36.090+0000] {processor.py:208} INFO - Processing /opt/airflow/dags/my_tasks.py took 0.066 seconds
[2026-07-25T14:53:06.298+0000] {processor.py:186} INFO - Started process (PID=743) to work on /opt/airflow/dags/my_tasks.py
[2026-07-25T14:53:06.306+0000] {processor.py:914} INFO - Processing file /opt/airflow/dags/my_tasks.py for tasks to queue
[2026-07-25T14:53:06.308+0000] {logging_mixin.py:190} INFO - [2026-07-25T14:53:06.308+0000] {dagbag.py:588} INFO - Filling up the DagBag from /opt/airflow/dags/my_tasks.py
[2026-07-25T14:53:06.318+0000] {processor.py:925} INFO - DAG(s) 'my_dag' retrieved from /opt/airflow/dags/my_tasks.py
[2026-07-25T14:53:06.336+0000] {logging_mixin.py:190} INFO - [2026-07-25T14:53:06.336+0000] {dag.py:3239} INFO - Sync 1 DAGs
[2026-07-25T14:53:06.352+0000] {logging_mixin.py:190} INFO - [2026-07-25T14:53:06.352+0000] {dag.py:4180} INFO - Setting next_dagrun for my_dag to None, run_after=None
[2026-07-25T14:53:06.368+0000] {processor.py:208} INFO - Processing /opt/airflow/dags/my_tasks.py took 0.074 seconds
[2026-07-25T14:53:36.555+0000] {processor.py:186} INFO - Started process (PID=754) to work on /opt/airflow/dags/my_tasks.py
[2026-07-25T14:53:36.556+0000] {processor.py:914} INFO - Processing file /opt/airflow/dags/my_tasks.py for tasks to queue
[2026-07-25T14:53:36.557+0000] {logging_mixin.py:190} INFO - [2026-07-25T14:53:36.557+0000] {dagbag.py:588} INFO - Filling up the DagBag from /opt/airflow/dags/my_tasks.py
[2026-07-25T14:53:36.564+0000] {processor.py:925} INFO - DAG(s) 'my_dag' retrieved from /opt/airflow/dags/my_tasks.py
[2026-07-25T14:53:36.582+0000] {logging_mixin.py:190} INFO - [2026-07-25T14:53:36.581+0000] {dag.py:3239} INFO - Sync 1 DAGs
[2026-07-25T14:53:36.597+0000] {logging_mixin.py:190} INFO - [2026-07-25T14:53:36.597+0000] {dag.py:4180} INFO - Setting next_dagrun for my_dag to None, run_after=None
[2026-07-25T14:53:36.611+0000] {processor.py:208} INFO - Processing /opt/airflow/dags/my_tasks.py took 0.059 seconds
[2026-07-25T14:54:06.812+0000] {processor.py:186} INFO - Started process (PID=765) to work on /opt/airflow/dags/my_tasks.py
[2026-07-25T14:54:06.820+0000] {processor.py:914} INFO - Processing file /opt/airflow/dags/my_tasks.py for tasks to queue
[2026-07-25T14:54:06.822+0000] {logging_mixin.py:190} INFO - [2026-07-25T14:54:06.822+0000] {dagbag.py:588} INFO - Filling up the DagBag from /opt/airflow/dags/my_tasks.py
[2026-07-25T14:54:06.831+0000] {processor.py:925} INFO - DAG(s) 'my_dag' retrieved from /opt/airflow/dags/my_tasks.py
[2026-07-25T14:54:06.850+0000] {logging_mixin.py:190} INFO - [2026-07-25T14:54:06.850+0000] {dag.py:3239} INFO - Sync 1 DAGs
[2026-07-25T14:54:06.866+0000] {logging_mixin.py:190} INFO - [2026-07-25T14:54:06.866+0000] {dag.py:4180} INFO - Setting next_dagrun for my_dag to None, run_after=None
[2026-07-25T14:54:06.889+0000] {processor.py:208} INFO - Processing /opt/airflow/dags/my_tasks.py took 0.082 seconds
[2026-07-25T14:54:37.079+0000] {processor.py:186} INFO - Started process (PID=776) to work on /opt/airflow/dags/my_tasks.py
[2026-07-25T14:54:37.086+0000] {processor.py:914} INFO - Processing file /opt/airflow/dags/my_tasks.py for tasks to queue
[2026-07-25T14:54:37.089+0000] {logging_mixin.py:190} INFO - [2026-07-25T14:54:37.089+0000] {dagbag.py:588} INFO - Filling up the DagBag from /opt/airflow/dags/my_tasks.py
[2026-07-25T14:54:37.099+0000] {processor.py:925} INFO - DAG(s) 'my_dag' retrieved from /opt/airflow/dags/my_tasks.py
[2026-07-25T14:54:37.117+0000] {logging_mixin.py:190} INFO - [2026-07-25T14:54:37.117+0000] {dag.py:3239} INFO - Sync 1 DAGs
[2026-07-25T14:54:37.132+0000] {logging_mixin.py:190} INFO - [2026-07-25T14:54:37.132+0000] {dag.py:4180} INFO - Setting next_dagrun for my_dag to None, run_after=None
[2026-07-25T14:54:37.146+0000] {processor.py:208} INFO - Processing /opt/airflow/dags/my_tasks.py took 0.072 seconds
[2026-07-25T14:55:07.363+0000] {processor.py:186} INFO - Started process (PID=787) to work on /opt/airflow/dags/my_tasks.py
[2026-07-25T14:55:07.364+0000] {processor.py:914} INFO - Processing file /opt/airflow/dags/my_tasks.py for tasks to queue
[2026-07-25T14:55:07.365+0000] {logging_mixin.py:190} INFO - [2026-07-25T14:55:07.365+0000] {dagbag.py:588} INFO - Filling up the DagBag from /opt/airflow/dags/my_tasks.py
[2026-07-25T14:55:07.372+0000] {processor.py:925} INFO - DAG(s) 'my_dag' retrieved from /opt/airflow/dags/my_tasks.py
[2026-07-25T14:55:07.389+0000] {logging_mixin.py:190} INFO - [2026-07-25T14:55:07.389+0000] {dag.py:3239} INFO - Sync 1 DAGs
[2026-07-25T14:55:07.406+0000] {logging_mixin.py:190} INFO - [2026-07-25T14:55:07.406+0000] {dag.py:4180} INFO - Setting next_dagrun for my_dag to None, run_after=None
[2026-07-25T14:55:07.419+0000] {processor.py:208} INFO - Processing /opt/airflow/dags/my_tasks.py took 0.060 seconds
[2026-07-25T14:55:37.631+0000] {processor.py:186} INFO - Started process (PID=798) to work on /opt/airflow/dags/my_tasks.py
[2026-07-25T14:55:37.639+0000] {processor.py:914} INFO - Processing file /opt/airflow/dags/my_tasks.py for tasks to queue
[2026-07-25T14:55:37.642+0000] {logging_mixin.py:190} INFO - [2026-07-25T14:55:37.641+0000] {dagbag.py:588} INFO - Filling up the DagBag from /opt/airflow/dags/my_tasks.py
[2026-07-25T14:55:37.648+0000] {processor.py:925} INFO - DAG(s) 'my_dag' retrieved from /opt/airflow/dags/my_tasks.py
[2026-07-25T14:55:37.666+0000] {logging_mixin.py:190} INFO - [2026-07-25T14:55:37.666+0000] {dag.py:3239} INFO - Sync 1 DAGs
[2026-07-25T14:55:37.681+0000] {logging_mixin.py:190} INFO - [2026-07-25T14:55:37.681+0000] {dag.py:4180} INFO - Setting next_dagrun for my_dag to None, run_after=None
[2026-07-25T14:55:37.696+0000] {processor.py:208} INFO - Processing /opt/airflow/dags/my_tasks.py took 0.068 seconds
[2026-07-25T14:56:07.900+0000] {processor.py:186} INFO - Started process (PID=809) to work on /opt/airflow/dags/my_tasks.py
[2026-07-25T14:56:07.905+0000] {processor.py:914} INFO - Processing file /opt/airflow/dags/my_tasks.py for tasks to queue
[2026-07-25T14:56:07.907+0000] {logging_mixin.py:190} INFO - [2026-07-25T14:56:07.907+0000] {dagbag.py:588} INFO - Filling up the DagBag from /opt/airflow/dags/my_tasks.py
[2026-07-25T14:56:07.916+0000] {processor.py:925} INFO - DAG(s) 'my_dag' retrieved from /opt/airflow/dags/my_tasks.py
[2026-07-25T14:56:07.933+0000] {logging_mixin.py:190} INFO - [2026-07-25T14:56:07.933+0000] {dag.py:3239} INFO - Sync 1 DAGs
[2026-07-25T14:56:07.949+0000] {logging_mixin.py:190} INFO - [2026-07-25T14:56:07.948+0000] {dag.py:4180} INFO - Setting next_dagrun for my_dag to None, run_after=None
[2026-07-25T14:56:07.978+0000] {processor.py:208} INFO - Processing /opt/airflow/dags/my_tasks.py took 0.082 seconds
[2026-07-25T14:56:38.169+0000] {processor.py:186} INFO - Started process (PID=820) to work on /opt/airflow/dags/my_tasks.py
[2026-07-25T14:56:38.177+0000] {processor.py:914} INFO - Processing file /opt/airflow/dags/my_tasks.py for tasks to queue
[2026-07-25T14:56:38.179+0000] {logging_mixin.py:190} INFO - [2026-07-25T14:56:38.179+0000] {dagbag.py:588} INFO - Filling up the DagBag from /opt/airflow/dags/my_tasks.py
[2026-07-25T14:56:38.188+0000] {processor.py:925} INFO - DAG(s) 'my_dag' retrieved from /opt/airflow/dags/my_tasks.py
[2026-07-25T14:56:38.211+0000] {logging_mixin.py:190} INFO - [2026-07-25T14:56:38.210+0000] {dag.py:3239} INFO - Sync 1 DAGs
[2026-07-25T14:56:38.227+0000] {logging_mixin.py:190} INFO - [2026-07-25T14:56:38.227+0000] {dag.py:4180} INFO - Setting next_dagrun for my_dag to None, run_after=None
[2026-07-25T14:56:38.255+0000] {processor.py:208} INFO - Processing /opt/airflow/dags/my_tasks.py took 0.091 seconds
[2026-07-25T14:57:08.447+0000] {processor.py:186} INFO - Started process (PID=831) to work on /opt/airflow/dags/my_tasks.py
[2026-07-25T14:57:08.447+0000] {processor.py:914} INFO - Processing file /opt/airflow/dags/my_tasks.py for tasks to queue
[2026-07-25T14:57:08.449+0000] {logging_mixin.py:190} INFO - [2026-07-25T14:57:08.449+0000] {dagbag.py:588} INFO - Filling up the DagBag from /opt/airflow/dags/my_tasks.py
[2026-07-25T14:57:08.455+0000] {processor.py:925} INFO - DAG(s) 'my_dag' retrieved from /opt/airflow/dags/my_tasks.py
[2026-07-25T14:57:08.473+0000] {logging_mixin.py:190} INFO - [2026-07-25T14:57:08.472+0000] {dag.py:3239} INFO - Sync 1 DAGs
[2026-07-25T14:57:08.488+0000] {logging_mixin.py:190} INFO - [2026-07-25T14:57:08.488+0000] {dag.py:4180} INFO - Setting next_dagrun for my_dag to None, run_after=None
[2026-07-25T14:57:08.502+0000] {processor.py:208} INFO - Processing /opt/airflow/dags/my_tasks.py took 0.061 seconds
[2026-07-25T14:57:38.723+0000] {processor.py:186} INFO - Started process (PID=842) to work on /opt/airflow/dags/my_tasks.py
[2026-07-25T14:57:38.724+0000] {processor.py:914} INFO - Processing file /opt/airflow/dags/my_tasks.py for tasks to queue
[2026-07-25T14:57:38.725+0000] {logging_mixin.py:190} INFO - [2026-07-25T14:57:38.725+0000] {dagbag.py:588} INFO - Filling up the DagBag from /opt/airflow/dags/my_tasks.py
[2026-07-25T14:57:38.732+0000] {processor.py:925} INFO - DAG(s) 'my_dag' retrieved from /opt/airflow/dags/my_tasks.py
[2026-07-25T14:57:38.750+0000] {logging_mixin.py:190} INFO - [2026-07-25T14:57:38.750+0000] {dag.py:3239} INFO - Sync 1 DAGs
[2026-07-25T14:57:38.767+0000] {logging_mixin.py:190} INFO - [2026-07-25T14:57:38.767+0000] {dag.py:4180} INFO - Setting next_dagrun for my_dag to None, run_after=None
[2026-07-25T14:57:38.781+0000] {processor.py:208} INFO - Processing /opt/airflow/dags/my_tasks.py took 0.062 seconds
[2026-07-25T14:58:08.987+0000] {processor.py:186} INFO - Started process (PID=853) to work on /opt/airflow/dags/my_tasks.py
[2026-07-25T14:58:08.988+0000] {processor.py:914} INFO - Processing file /opt/airflow/dags/my_tasks.py for tasks to queue
[2026-07-25T14:58:08.990+0000] {logging_mixin.py:190} INFO - [2026-07-25T14:58:08.990+0000] {dagbag.py:588} INFO - Filling up the DagBag from /opt/airflow/dags/my_tasks.py
[2026-07-25T14:58:08.997+0000] {processor.py:925} INFO - DAG(s) 'my_dag' retrieved from /opt/airflow/dags/my_tasks.py
[2026-07-25T14:58:09.015+0000] {logging_mixin.py:190} INFO - [2026-07-25T14:58:09.014+0000] {dag.py:3239} INFO - Sync 1 DAGs
[2026-07-25T14:58:09.030+0000] {logging_mixin.py:190} INFO - [2026-07-25T14:58:09.029+0000] {dag.py:4180} INFO - Setting next_dagrun for my_dag to None, run_after=None
[2026-07-25T14:58:09.044+0000] {processor.py:208} INFO - Processing /opt/airflow/dags/my_tasks.py took 0.061 seconds
[2026-07-25T14:58:39.254+0000] {processor.py:186} INFO - Started process (PID=864) to work on /opt/airflow/dags/my_tasks.py
[2026-07-25T14:58:39.262+0000] {processor.py:914} INFO - Processing file /opt/airflow/dags/my_tasks.py for tasks to queue
[2026-07-25T14:58:39.263+0000] {logging_mixin.py:190} INFO - [2026-07-25T14:58:39.263+0000] {dagbag.py:588} INFO - Filling up the DagBag from /opt/airflow/dags/my_tasks.py
[2026-07-25T14:58:39.272+0000] {processor.py:925} INFO - DAG(s) 'my_dag' retrieved from /opt/airflow/dags/my_tasks.py
[2026-07-25T14:58:39.290+0000] {logging_mixin.py:190} INFO - [2026-07-25T14:58:39.290+0000] {dag.py:3239} INFO - Sync 1 DAGs
[2026-07-25T14:58:39.306+0000] {logging_mixin.py:190} INFO - [2026-07-25T14:58:39.306+0000] {dag.py:4180} INFO - Setting next_dagrun for my_dag to None, run_after=None
[2026-07-25T14:58:39.321+0000] {processor.py:208} INFO - Processing /opt/airflow/dags/my_tasks.py took 0.071 seconds
[2026-07-25T14:59:09.546+0000] {processor.py:186} INFO - Started process (PID=875) to work on /opt/airflow/dags/my_tasks.py
[2026-07-25T14:59:09.547+0000] {processor.py:914} INFO - Processing file /opt/airflow/dags/my_tasks.py for tasks to queue
[2026-07-25T14:59:09.548+0000] {logging_mixin.py:190} INFO - [2026-07-25T14:59:09.548+0000] {dagbag.py:588} INFO - Filling up the DagBag from /opt/airflow/dags/my_tasks.py
[2026-07-25T14:59:09.555+0000] {processor.py:925} INFO - DAG(s) 'my_dag' retrieved from /opt/airflow/dags/my_tasks.py
[2026-07-25T14:59:09.572+0000] {logging_mixin.py:190} INFO - [2026-07-25T14:59:09.572+0000] {dag.py:3239} INFO - Sync 1 DAGs
[2026-07-25T14:59:09.587+0000] {logging_mixin.py:190} INFO - [2026-07-25T14:59:09.587+0000] {dag.py:4180} INFO - Setting next_dagrun for my_dag to None, run_after=None
[2026-07-25T14:59:09.602+0000] {processor.py:208} INFO - Processing /opt/airflow/dags/my_tasks.py took 0.060 seconds
[2026-07-25T14:59:39.821+0000] {processor.py:186} INFO - Started process (PID=886) to work on /opt/airflow/dags/my_tasks.py
[2026-07-25T14:59:39.829+0000] {processor.py:914} INFO - Processing file /opt/airflow/dags/my_tasks.py for tasks to queue
[2026-07-25T14:59:39.832+0000] {logging_mixin.py:190} INFO - [2026-07-25T14:59:39.832+0000] {dagbag.py:588} INFO - Filling up the DagBag from /opt/airflow/dags/my_tasks.py
[2026-07-25T14:59:39.841+0000] {processor.py:925} INFO - DAG(s) 'my_dag' retrieved from /opt/airflow/dags/my_tasks.py
[2026-07-25T14:59:39.860+0000] {logging_mixin.py:190} INFO - [2026-07-25T14:59:39.860+0000] {dag.py:3239} INFO - Sync 1 DAGs
[2026-07-25T14:59:39.875+0000] {logging_mixin.py:190} INFO - [2026-07-25T14:59:39.875+0000] {dag.py:4180} INFO - Setting next_dagrun for my_dag to None, run_after=None
[2026-07-25T14:59:39.889+0000] {processor.py:208} INFO - Processing /opt/airflow/dags/my_tasks.py took 0.073 seconds
[2026-07-25T15:00:10.074+0000] {processor.py:186} INFO - Started process (PID=897) to work on /opt/airflow/dags/my_tasks.py
[2026-07-25T15:00:10.075+0000] {processor.py:914} INFO - Processing file /opt/airflow/dags/my_tasks.py for tasks to queue
[2026-07-25T15:00:10.076+0000] {logging_mixin.py:190} INFO - [2026-07-25T15:00:10.076+0000] {dagbag.py:588} INFO - Filling up the DagBag from /opt/airflow/dags/my_tasks.py
[2026-07-25T15:00:10.083+0000] {processor.py:925} INFO - DAG(s) 'my_dag' retrieved from /opt/airflow/dags/my_tasks.py
[2026-07-25T15:00:10.101+0000] {logging_mixin.py:190} INFO - [2026-07-25T15:00:10.100+0000] {dag.py:3239} INFO - Sync 1 DAGs
[2026-07-25T15:00:10.117+0000] {logging_mixin.py:190} INFO - [2026-07-25T15:00:10.117+0000] {dag.py:4180} INFO - Setting next_dagrun for my_dag to None, run_after=None
[2026-07-25T15:00:10.131+0000] {processor.py:208} INFO - Processing /opt/airflow/dags/my_tasks.py took 0.061 seconds
[2026-07-25T15:00:40.349+0000] {processor.py:186} INFO - Started process (PID=908) to work on /opt/airflow/dags/my_tasks.py
[2026-07-25T15:00:40.357+0000] {processor.py:914} INFO - Processing file /opt/airflow/dags/my_tasks.py for tasks to queue
[2026-07-25T15:00:40.359+0000] {logging_mixin.py:190} INFO - [2026-07-25T15:00:40.358+0000] {dagbag.py:588} INFO - Filling up the DagBag from /opt/airflow/dags/my_tasks.py
[2026-07-25T15:00:40.368+0000] {processor.py:925} INFO - DAG(s) 'my_dag' retrieved from /opt/airflow/dags/my_tasks.py
[2026-07-25T15:00:40.386+0000] {logging_mixin.py:190} INFO - [2026-07-25T15:00:40.386+0000] {dag.py:3239} INFO - Sync 1 DAGs
[2026-07-25T15:00:40.404+0000] {logging_mixin.py:190} INFO - [2026-07-25T15:00:40.404+0000] {dag.py:4180} INFO - Setting next_dagrun for my_dag to None, run_after=None
[2026-07-25T15:00:40.420+0000] {processor.py:208} INFO - Processing /opt/airflow/dags/my_tasks.py took 0.075 seconds
[2026-07-25T15:01:10.597+0000] {processor.py:186} INFO - Started process (PID=919) to work on /opt/airflow/dags/my_tasks.py
[2026-07-25T15:01:10.602+0000] {processor.py:914} INFO - Processing file /opt/airflow/dags/my_tasks.py for tasks to queue
[2026-07-25T15:01:10.605+0000] {logging_mixin.py:190} INFO - [2026-07-25T15:01:10.604+0000] {dagbag.py:588} INFO - Filling up the DagBag from /opt/airflow/dags/my_tasks.py
[2026-07-25T15:01:10.614+0000] {processor.py:925} INFO - DAG(s) 'my_dag' retrieved from /opt/airflow/dags/my_tasks.py
[2026-07-25T15:01:10.635+0000] {logging_mixin.py:190} INFO - [2026-07-25T15:01:10.635+0000] {dag.py:3239} INFO - Sync 1 DAGs
[2026-07-25T15:01:10.653+0000] {logging_mixin.py:190} INFO - [2026-07-25T15:01:10.653+0000] {dag.py:4180} INFO - Setting next_dagrun for my_dag to None, run_after=None
[2026-07-25T15:01:10.673+0000] {processor.py:208} INFO - Processing /opt/airflow/dags/my_tasks.py took 0.079 seconds
[2026-07-25T15:01:40.863+0000] {processor.py:186} INFO - Started process (PID=930) to work on /opt/airflow/dags/my_tasks.py
[2026-07-25T15:01:40.863+0000] {processor.py:914} INFO - Processing file /opt/airflow/dags/my_tasks.py for tasks to queue
[2026-07-25T15:01:40.865+0000] {logging_mixin.py:190} INFO - [2026-07-25T15:01:40.865+0000] {dagbag.py:588} INFO - Filling up the DagBag from /opt/airflow/dags/my_tasks.py
[2026-07-25T15:01:40.871+0000] {processor.py:925} INFO - DAG(s) 'my_dag' retrieved from /opt/airflow/dags/my_tasks.py
[2026-07-25T15:01:40.890+0000] {logging_mixin.py:190} INFO - [2026-07-25T15:01:40.890+0000] {dag.py:3239} INFO - Sync 1 DAGs
[2026-07-25T15:01:40.911+0000] {logging_mixin.py:190} INFO - [2026-07-25T15:01:40.910+0000] {dag.py:4180} INFO - Setting next_dagrun for my_dag to None, run_after=None
[2026-07-25T15:01:40.929+0000] {processor.py:208} INFO - Processing /opt/airflow/dags/my_tasks.py took 0.072 seconds
[2026-07-25T15:02:11.121+0000] {processor.py:186} INFO - Started process (PID=941) to work on /opt/airflow/dags/my_tasks.py
[2026-07-25T15:02:11.129+0000] {processor.py:914} INFO - Processing file /opt/airflow/dags/my_tasks.py for tasks to queue
[2026-07-25T15:02:11.131+0000] {logging_mixin.py:190} INFO - [2026-07-25T15:02:11.131+0000] {dagbag.py:588} INFO - Filling up the DagBag from /opt/airflow/dags/my_tasks.py
[2026-07-25T15:02:11.138+0000] {processor.py:925} INFO - DAG(s) 'my_dag' retrieved from /opt/airflow/dags/my_tasks.py
[2026-07-25T15:02:11.156+0000] {logging_mixin.py:190} INFO - [2026-07-25T15:02:11.155+0000] {dag.py:3239} INFO - Sync 1 DAGs
[2026-07-25T15:02:11.170+0000] {logging_mixin.py:190} INFO - [2026-07-25T15:02:11.170+0000] {dag.py:4180} INFO - Setting next_dagrun for my_dag to None, run_after=None
[2026-07-25T15:02:11.187+0000] {processor.py:208} INFO - Processing /opt/airflow/dags/my_tasks.py took 0.070 seconds
[2026-07-25T15:02:41.399+0000] {processor.py:186} INFO - Started process (PID=952) to work on /opt/airflow/dags/my_tasks.py
[2026-07-25T15:02:41.406+0000] {processor.py:914} INFO - Processing file /opt/airflow/dags/my_tasks.py for tasks to queue
[2026-07-25T15:02:41.408+0000] {logging_mixin.py:190} INFO - [2026-07-25T15:02:41.408+0000] {dagbag.py:588} INFO - Filling up the DagBag from /opt/airflow/dags/my_tasks.py
[2026-07-25T15:02:41.416+0000] {processor.py:925} INFO - DAG(s) 'my_dag' retrieved from /opt/airflow/dags/my_tasks.py
[2026-07-25T15:02:41.434+0000] {logging_mixin.py:190} INFO - [2026-07-25T15:02:41.433+0000] {dag.py:3239} INFO - Sync 1 DAGs
[2026-07-25T15:02:41.450+0000] {logging_mixin.py:190} INFO - [2026-07-25T15:02:41.450+0000] {dag.py:4180} INFO - Setting next_dagrun for my_dag to None, run_after=None
[2026-07-25T15:02:41.464+0000] {processor.py:208} INFO - Processing /opt/airflow/dags/my_tasks.py took 0.069 seconds
[2026-07-25T15:03:11.670+0000] {processor.py:186} INFO - Started process (PID=963) to work on /opt/airflow/dags/my_tasks.py
[2026-07-25T15:03:11.678+0000] {processor.py:914} INFO - Processing file /opt/airflow/dags/my_tasks.py for tasks to queue
[2026-07-25T15:03:11.680+0000] {logging_mixin.py:190} INFO - [2026-07-25T15:03:11.680+0000] {dagbag.py:588} INFO - Filling up the DagBag from /opt/airflow/dags/my_tasks.py
[2026-07-25T15:03:11.689+0000] {processor.py:925} INFO - DAG(s) 'my_dag' retrieved from /opt/airflow/dags/my_tasks.py
[2026-07-25T15:03:11.708+0000] {logging_mixin.py:190} INFO - [2026-07-25T15:03:11.708+0000] {dag.py:3239} INFO - Sync 1 DAGs
[2026-07-25T15:03:11.724+0000] {logging_mixin.py:190} INFO - [2026-07-25T15:03:11.724+0000] {dag.py:4180} INFO - Setting next_dagrun for my_dag to None, run_after=None
[2026-07-25T15:03:11.738+0000] {processor.py:208} INFO - Processing /opt/airflow/dags/my_tasks.py took 0.072 seconds
[2026-07-25T15:03:41.910+0000] {processor.py:186} INFO - Started process (PID=974) to work on /opt/airflow/dags/my_tasks.py
[2026-07-25T15:03:41.918+0000] {processor.py:914} INFO - Processing file /opt/airflow/dags/my_tasks.py for tasks to queue
[2026-07-25T15:03:41.921+0000] {logging_mixin.py:190} INFO - [2026-07-25T15:03:41.920+0000] {dagbag.py:588} INFO - Filling up the DagBag from /opt/airflow/dags/my_tasks.py
[2026-07-25T15:03:41.930+0000] {processor.py:925} INFO - DAG(s) 'my_dag' retrieved from /opt/airflow/dags/my_tasks.py
[2026-07-25T15:03:41.948+0000] {logging_mixin.py:190} INFO - [2026-07-25T15:03:41.948+0000] {dag.py:3239} INFO - Sync 1 DAGs
[2026-07-25T15:03:41.963+0000] {logging_mixin.py:190} INFO - [2026-07-25T15:03:41.963+0000] {dag.py:4180} INFO - Setting next_dagrun for my_dag to None, run_after=None
[2026-07-25T15:03:41.977+0000] {processor.py:208} INFO - Processing /opt/airflow/dags/my_tasks.py took 0.072 seconds
[2026-07-25T15:04:12.170+0000] {processor.py:186} INFO - Started process (PID=985) to work on /opt/airflow/dags/my_tasks.py
[2026-07-25T15:04:12.171+0000] {processor.py:914} INFO - Processing file /opt/airflow/dags/my_tasks.py for tasks to queue
[2026-07-25T15:04:12.172+0000] {logging_mixin.py:190} INFO - [2026-07-25T15:04:12.172+0000] {dagbag.py:588} INFO - Filling up the DagBag from /opt/airflow/dags/my_tasks.py
[2026-07-25T15:04:12.179+0000] {processor.py:925} INFO - DAG(s) 'my_dag' retrieved from /opt/airflow/dags/my_tasks.py
[2026-07-25T15:04:12.197+0000] {logging_mixin.py:190} INFO - [2026-07-25T15:04:12.197+0000] {dag.py:3239} INFO - Sync 1 DAGs
[2026-07-25T15:04:12.213+0000] {logging_mixin.py:190} INFO - [2026-07-25T15:04:12.212+0000] {dag.py:4180} INFO - Setting next_dagrun for my_dag to None, run_after=None
[2026-07-25T15:04:12.227+0000] {processor.py:208} INFO - Processing /opt/airflow/dags/my_tasks.py took 0.062 seconds
[2026-07-25T15:04:42.449+0000] {processor.py:186} INFO - Started process (PID=996) to work on /opt/airflow/dags/my_tasks.py
[2026-07-25T15:04:42.457+0000] {processor.py:914} INFO - Processing file /opt/airflow/dags/my_tasks.py for tasks to queue
[2026-07-25T15:04:42.459+0000] {logging_mixin.py:190} INFO - [2026-07-25T15:04:42.458+0000] {dagbag.py:588} INFO - Filling up the DagBag from /opt/airflow/dags/my_tasks.py
[2026-07-25T15:04:42.469+0000] {processor.py:925} INFO - DAG(s) 'my_dag' retrieved from /opt/airflow/dags/my_tasks.py
[2026-07-25T15:04:42.486+0000] {logging_mixin.py:190} INFO - [2026-07-25T15:04:42.486+0000] {dag.py:3239} INFO - Sync 1 DAGs
[2026-07-25T15:04:42.502+0000] {logging_mixin.py:190} INFO - [2026-07-25T15:04:42.502+0000] {dag.py:4180} INFO - Setting next_dagrun for my_dag to None, run_after=None
[2026-07-25T15:04:42.518+0000] {processor.py:208} INFO - Processing /opt/airflow/dags/my_tasks.py took 0.074 seconds
[2026-07-25T15:05:12.717+0000] {processor.py:186} INFO - Started process (PID=1007) to work on /opt/airflow/dags/my_tasks.py
[2026-07-25T15:05:12.725+0000] {processor.py:914} INFO - Processing file /opt/airflow/dags/my_tasks.py for tasks to queue
[2026-07-25T15:05:12.728+0000] {logging_mixin.py:190} INFO - [2026-07-25T15:05:12.727+0000] {dagbag.py:588} INFO - Filling up the DagBag from /opt/airflow/dags/my_tasks.py
[2026-07-25T15:05:12.734+0000] {processor.py:925} INFO - DAG(s) 'my_dag' retrieved from /opt/airflow/dags/my_tasks.py
[2026-07-25T15:05:12.753+0000] {logging_mixin.py:190} INFO - [2026-07-25T15:05:12.753+0000] {dag.py:3239} INFO - Sync 1 DAGs
[2026-07-25T15:05:12.771+0000] {logging_mixin.py:190} INFO - [2026-07-25T15:05:12.771+0000] {dag.py:4180} INFO - Setting next_dagrun for my_dag to None, run_after=None
[2026-07-25T15:05:12.789+0000] {processor.py:208} INFO - Processing /opt/airflow/dags/my_tasks.py took 0.075 seconds
[2026-07-25T15:05:42.978+0000] {processor.py:186} INFO - Started process (PID=1019) to work on /opt/airflow/dags/my_tasks.py
[2026-07-25T15:05:42.986+0000] {processor.py:914} INFO - Processing file /opt/airflow/dags/my_tasks.py for tasks to queue
[2026-07-25T15:05:42.987+0000] {logging_mixin.py:190} INFO - [2026-07-25T15:05:42.987+0000] {dagbag.py:588} INFO - Filling up the DagBag from /opt/airflow/dags/my_tasks.py
[2026-07-25T15:05:42.994+0000] {processor.py:925} INFO - DAG(s) 'my_dag' retrieved from /opt/airflow/dags/my_tasks.py
[2026-07-25T15:05:43.014+0000] {logging_mixin.py:190} INFO - [2026-07-25T15:05:43.013+0000] {dag.py:3239} INFO - Sync 1 DAGs
[2026-07-25T15:05:43.030+0000] {logging_mixin.py:190} INFO - [2026-07-25T15:05:43.030+0000] {dag.py:4180} INFO - Setting next_dagrun for my_dag to None, run_after=None
[2026-07-25T15:05:43.044+0000] {processor.py:208} INFO - Processing /opt/airflow/dags/my_tasks.py took 0.070 seconds
[2026-07-25T15:06:13.233+0000] {processor.py:186} INFO - Started process (PID=1030) to work on /opt/airflow/dags/my_tasks.py
[2026-07-25T15:06:13.241+0000] {processor.py:914} INFO - Processing file /opt/airflow/dags/my_tasks.py for tasks to queue
[2026-07-25T15:06:13.243+0000] {logging_mixin.py:190} INFO - [2026-07-25T15:06:13.242+0000] {dagbag.py:588} INFO - Filling up the DagBag from /opt/airflow/dags/my_tasks.py
[2026-07-25T15:06:13.249+0000] {processor.py:925} INFO - DAG(s) 'my_dag' retrieved from /opt/airflow/dags/my_tasks.py
[2026-07-25T15:06:13.270+0000] {logging_mixin.py:190} INFO - [2026-07-25T15:06:13.269+0000] {dag.py:3239} INFO - Sync 1 DAGs
[2026-07-25T15:06:13.291+0000] {logging_mixin.py:190} INFO - [2026-07-25T15:06:13.290+0000] {dag.py:4180} INFO - Setting next_dagrun for my_dag to None, run_after=None
[2026-07-25T15:06:13.307+0000] {processor.py:208} INFO - Processing /opt/airflow/dags/my_tasks.py took 0.078 seconds
[2026-07-25T15:06:43.485+0000] {processor.py:186} INFO - Started process (PID=1041) to work on /opt/airflow/dags/my_tasks.py
[2026-07-25T15:06:43.493+0000] {processor.py:914} INFO - Processing file /opt/airflow/dags/my_tasks.py for tasks to queue
[2026-07-25T15:06:43.496+0000] {logging_mixin.py:190} INFO - [2026-07-25T15:06:43.495+0000] {dagbag.py:588} INFO - Filling up the DagBag from /opt/airflow/dags/my_tasks.py
[2026-07-25T15:06:43.505+0000] {processor.py:925} INFO - DAG(s) 'my_dag' retrieved from /opt/airflow/dags/my_tasks.py
[2026-07-25T15:06:43.528+0000] {logging_mixin.py:190} INFO - [2026-07-25T15:06:43.528+0000] {dag.py:3239} INFO - Sync 1 DAGs
[2026-07-25T15:06:43.546+0000] {logging_mixin.py:190} INFO - [2026-07-25T15:06:43.546+0000] {dag.py:4180} INFO - Setting next_dagrun for my_dag to None, run_after=None
[2026-07-25T15:06:43.563+0000] {processor.py:208} INFO - Processing /opt/airflow/dags/my_tasks.py took 0.083 seconds
[2026-07-25T15:07:13.729+0000] {processor.py:186} INFO - Started process (PID=1052) to work on /opt/airflow/dags/my_tasks.py
[2026-07-25T15:07:13.738+0000] {processor.py:914} INFO - Processing file /opt/airflow/dags/my_tasks.py for tasks to queue
[2026-07-25T15:07:13.740+0000] {logging_mixin.py:190} INFO - [2026-07-25T15:07:13.739+0000] {dagbag.py:588} INFO - Filling up the DagBag from /opt/airflow/dags/my_tasks.py
[2026-07-25T15:07:13.746+0000] {processor.py:925} INFO - DAG(s) 'my_dag' retrieved from /opt/airflow/dags/my_tasks.py
[2026-07-25T15:07:13.766+0000] {logging_mixin.py:190} INFO - [2026-07-25T15:07:13.765+0000] {dag.py:3239} INFO - Sync 1 DAGs
[2026-07-25T15:07:13.782+0000] {logging_mixin.py:190} INFO - [2026-07-25T15:07:13.782+0000] {dag.py:4180} INFO - Setting next_dagrun for my_dag to None, run_after=None
[2026-07-25T15:07:13.799+0000] {processor.py:208} INFO - Processing /opt/airflow/dags/my_tasks.py took 0.074 seconds
[2026-07-25T15:07:43.987+0000] {processor.py:186} INFO - Started process (PID=1063) to work on /opt/airflow/dags/my_tasks.py
[2026-07-25T15:07:43.988+0000] {processor.py:914} INFO - Processing file /opt/airflow/dags/my_tasks.py for tasks to queue
[2026-07-25T15:07:43.990+0000] {logging_mixin.py:190} INFO - [2026-07-25T15:07:43.990+0000] {dagbag.py:588} INFO - Filling up the DagBag from /opt/airflow/dags/my_tasks.py
[2026-07-25T15:07:43.996+0000] {processor.py:925} INFO - DAG(s) 'my_dag' retrieved from /opt/airflow/dags/my_tasks.py
[2026-07-25T15:07:44.014+0000] {logging_mixin.py:190} INFO - [2026-07-25T15:07:44.014+0000] {dag.py:3239} INFO - Sync 1 DAGs
[2026-07-25T15:07:44.030+0000] {logging_mixin.py:190} INFO - [2026-07-25T15:07:44.030+0000] {dag.py:4180} INFO - Setting next_dagrun for my_dag to None, run_after=None
[2026-07-25T15:07:44.045+0000] {processor.py:208} INFO - Processing /opt/airflow/dags/my_tasks.py took 0.062 seconds
[2026-07-25T15:08:14.251+0000] {processor.py:186} INFO - Started process (PID=1074) to work on /opt/airflow/dags/my_tasks.py
[2026-07-25T15:08:14.259+0000] {processor.py:914} INFO - Processing file /opt/airflow/dags/my_tasks.py for tasks to queue
[2026-07-25T15:08:14.261+0000] {logging_mixin.py:190} INFO - [2026-07-25T15:08:14.261+0000] {dagbag.py:588} INFO - Filling up the DagBag from /opt/airflow/dags/my_tasks.py
[2026-07-25T15:08:14.272+0000] {processor.py:925} INFO - DAG(s) 'my_dag' retrieved from /opt/airflow/dags/my_tasks.py
[2026-07-25T15:08:14.290+0000] {logging_mixin.py:190} INFO - [2026-07-25T15:08:14.290+0000] {dag.py:3239} INFO - Sync 1 DAGs
[2026-07-25T15:08:14.308+0000] {logging_mixin.py:190} INFO - [2026-07-25T15:08:14.308+0000] {dag.py:4180} INFO - Setting next_dagrun for my_dag to None, run_after=None
[2026-07-25T15:08:14.322+0000] {processor.py:208} INFO - Processing /opt/airflow/dags/my_tasks.py took 0.075 seconds
[2026-07-25T15:08:44.524+0000] {processor.py:186} INFO - Started process (PID=1085) to work on /opt/airflow/dags/my_tasks.py
[2026-07-25T15:08:44.527+0000] {processor.py:914} INFO - Processing file /opt/airflow/dags/my_tasks.py for tasks to queue
[2026-07-25T15:08:44.530+0000] {logging_mixin.py:190} INFO - [2026-07-25T15:08:44.530+0000] {dagbag.py:588} INFO - Filling up the DagBag from /opt/airflow/dags/my_tasks.py
[2026-07-25T15:08:44.537+0000] {processor.py:925} INFO - DAG(s) 'my_dag' retrieved from /opt/airflow/dags/my_tasks.py
[2026-07-25T15:08:44.555+0000] {logging_mixin.py:190} INFO - [2026-07-25T15:08:44.555+0000] {dag.py:3239} INFO - Sync 1 DAGs
[2026-07-25T15:08:44.571+0000] {logging_mixin.py:190} INFO - [2026-07-25T15:08:44.571+0000] {dag.py:4180} INFO - Setting next_dagrun for my_dag to None, run_after=None
[2026-07-25T15:08:44.585+0000] {processor.py:208} INFO - Processing /opt/airflow/dags/my_tasks.py took 0.067 seconds
[2026-07-25T15:09:14.803+0000] {processor.py:186} INFO - Started process (PID=1096) to work on /opt/airflow/dags/my_tasks.py
[2026-07-25T15:09:14.804+0000] {processor.py:914} INFO - Processing file /opt/airflow/dags/my_tasks.py for tasks to queue
[2026-07-25T15:09:14.805+0000] {logging_mixin.py:190} INFO - [2026-07-25T15:09:14.805+0000] {dagbag.py:588} INFO - Filling up the DagBag from /opt/airflow/dags/my_tasks.py
[2026-07-25T15:09:14.812+0000] {processor.py:925} INFO - DAG(s) 'my_dag' retrieved from /opt/airflow/dags/my_tasks.py
[2026-07-25T15:09:14.830+0000] {logging_mixin.py:190} INFO - [2026-07-25T15:09:14.830+0000] {dag.py:3239} INFO - Sync 1 DAGs
[2026-07-25T15:09:14.846+0000] {logging_mixin.py:190} INFO - [2026-07-25T15:09:14.845+0000] {dag.py:4180} INFO - Setting next_dagrun for my_dag to None, run_after=None
[2026-07-25T15:09:14.863+0000] {processor.py:208} INFO - Processing /opt/airflow/dags/my_tasks.py took 0.063 seconds
[2026-07-25T15:09:45.079+0000] {processor.py:186} INFO - Started process (PID=1107) to work on /opt/airflow/dags/my_tasks.py
[2026-07-25T15:09:45.085+0000] {processor.py:914} INFO - Processing file /opt/airflow/dags/my_tasks.py for tasks to queue
[2026-07-25T15:09:45.087+0000] {logging_mixin.py:190} INFO - [2026-07-25T15:09:45.086+0000] {dagbag.py:588} INFO - Filling up the DagBag from /opt/airflow/dags/my_tasks.py
[2026-07-25T15:09:45.095+0000] {processor.py:925} INFO - DAG(s) 'my_dag' retrieved from /opt/airflow/dags/my_tasks.py
[2026-07-25T15:09:45.114+0000] {logging_mixin.py:190} INFO - [2026-07-25T15:09:45.114+0000] {dag.py:3239} INFO - Sync 1 DAGs
[2026-07-25T15:09:45.130+0000] {logging_mixin.py:190} INFO - [2026-07-25T15:09:45.129+0000] {dag.py:4180} INFO - Setting next_dagrun for my_dag to None, run_after=None
[2026-07-25T15:09:45.144+0000] {processor.py:208} INFO - Processing /opt/airflow/dags/my_tasks.py took 0.070 seconds
[2026-07-25T15:10:15.318+0000] {processor.py:186} INFO - Started process (PID=1118) to work on /opt/airflow/dags/my_tasks.py
[2026-07-25T15:10:15.326+0000] {processor.py:914} INFO - Processing file /opt/airflow/dags/my_tasks.py for tasks to queue
[2026-07-25T15:10:15.328+0000] {logging_mixin.py:190} INFO - [2026-07-25T15:10:15.327+0000] {dagbag.py:588} INFO - Filling up the DagBag from /opt/airflow/dags/my_tasks.py
[2026-07-25T15:10:15.336+0000] {processor.py:925} INFO - DAG(s) 'my_dag' retrieved from /opt/airflow/dags/my_tasks.py
[2026-07-25T15:10:15.355+0000] {logging_mixin.py:190} INFO - [2026-07-25T15:10:15.354+0000] {dag.py:3239} INFO - Sync 1 DAGs
[2026-07-25T15:10:15.370+0000] {logging_mixin.py:190} INFO - [2026-07-25T15:10:15.370+0000] {dag.py:4180} INFO - Setting next_dagrun for my_dag to None, run_after=None
[2026-07-25T15:10:15.391+0000] {processor.py:208} INFO - Processing /opt/airflow/dags/my_tasks.py took 0.077 seconds
[2026-07-25T15:10:45.578+0000] {processor.py:186} INFO - Started process (PID=1129) to work on /opt/airflow/dags/my_tasks.py
[2026-07-25T15:10:45.586+0000] {processor.py:914} INFO - Processing file /opt/airflow/dags/my_tasks.py for tasks to queue
[2026-07-25T15:10:45.589+0000] {logging_mixin.py:190} INFO - [2026-07-25T15:10:45.589+0000] {dagbag.py:588} INFO - Filling up the DagBag from /opt/airflow/dags/my_tasks.py
[2026-07-25T15:10:45.599+0000] {processor.py:925} INFO - DAG(s) 'my_dag' retrieved from /opt/airflow/dags/my_tasks.py
[2026-07-25T15:10:45.616+0000] {logging_mixin.py:190} INFO - [2026-07-25T15:10:45.615+0000] {dag.py:3239} INFO - Sync 1 DAGs
[2026-07-25T15:10:45.631+0000] {logging_mixin.py:190} INFO - [2026-07-25T15:10:45.631+0000] {dag.py:4180} INFO - Setting next_dagrun for my_dag to None, run_after=None
[2026-07-25T15:10:45.645+0000] {processor.py:208} INFO - Processing /opt/airflow/dags/my_tasks.py took 0.072 seconds
[2026-07-25T15:11:15.859+0000] {processor.py:186} INFO - Started process (PID=1140) to work on /opt/airflow/dags/my_tasks.py
[2026-07-25T15:11:15.867+0000] {processor.py:914} INFO - Processing file /opt/airflow/dags/my_tasks.py for tasks to queue
[2026-07-25T15:11:15.869+0000] {logging_mixin.py:190} INFO - [2026-07-25T15:11:15.869+0000] {dagbag.py:588} INFO - Filling up the DagBag from /opt/airflow/dags/my_tasks.py
[2026-07-25T15:11:15.879+0000] {processor.py:925} INFO - DAG(s) 'my_dag' retrieved from /opt/airflow/dags/my_tasks.py
[2026-07-25T15:11:15.898+0000] {logging_mixin.py:190} INFO - [2026-07-25T15:11:15.898+0000] {dag.py:3239} INFO - Sync 1 DAGs
[2026-07-25T15:11:15.914+0000] {logging_mixin.py:190} INFO - [2026-07-25T15:11:15.914+0000] {dag.py:4180} INFO - Setting next_dagrun for my_dag to None, run_after=None
[2026-07-25T15:11:15.928+0000] {processor.py:208} INFO - Processing /opt/airflow/dags/my_tasks.py took 0.073 seconds
[2026-07-25T15:11:46.129+0000] {processor.py:186} INFO - Started process (PID=1151) to work on /opt/airflow/dags/my_tasks.py
[2026-07-25T15:11:46.133+0000] {processor.py:914} INFO - Processing file /opt/airflow/dags/my_tasks.py for tasks to queue
[2026-07-25T15:11:46.135+0000] {logging_mixin.py:190} INFO - [2026-07-25T15:11:46.135+0000] {dagbag.py:588} INFO - Filling up the DagBag from /opt/airflow/dags/my_tasks.py
[2026-07-25T15:11:46.142+0000] {processor.py:925} INFO - DAG(s) 'my_dag' retrieved from /opt/airflow/dags/my_tasks.py
[2026-07-25T15:11:46.160+0000] {logging_mixin.py:190} INFO - [2026-07-25T15:11:46.159+0000] {dag.py:3239} INFO - Sync 1 DAGs
[2026-07-25T15:11:46.176+0000] {logging_mixin.py:190} INFO - [2026-07-25T15:11:46.176+0000] {dag.py:4180} INFO - Setting next_dagrun for my_dag to None, run_after=None
[2026-07-25T15:11:46.191+0000] {processor.py:208} INFO - Processing /opt/airflow/dags/my_tasks.py took 0.066 seconds
[2026-07-25T15:12:16.386+0000] {processor.py:186} INFO - Started process (PID=1162) to work on /opt/airflow/dags/my_tasks.py
[2026-07-25T15:12:16.386+0000] {processor.py:914} INFO - Processing file /opt/airflow/dags/my_tasks.py for tasks to queue
[2026-07-25T15:12:16.388+0000] {logging_mixin.py:190} INFO - [2026-07-25T15:12:16.387+0000] {dagbag.py:588} INFO - Filling up the DagBag from /opt/airflow/dags/my_tasks.py
[2026-07-25T15:12:16.394+0000] {processor.py:925} INFO - DAG(s) 'my_dag' retrieved from /opt/airflow/dags/my_tasks.py
[2026-07-25T15:12:16.412+0000] {logging_mixin.py:190} INFO - [2026-07-25T15:12:16.412+0000] {dag.py:3239} INFO - Sync 1 DAGs
[2026-07-25T15:12:16.427+0000] {logging_mixin.py:190} INFO - [2026-07-25T15:12:16.427+0000] {dag.py:4180} INFO - Setting next_dagrun for my_dag to None, run_after=None
[2026-07-25T15:12:16.441+0000] {processor.py:208} INFO - Processing /opt/airflow/dags/my_tasks.py took 0.060 seconds
[2026-07-25T15:12:46.667+0000] {processor.py:186} INFO - Started process (PID=1173) to work on /opt/airflow/dags/my_tasks.py
[2026-07-25T15:12:46.675+0000] {processor.py:914} INFO - Processing file /opt/airflow/dags/my_tasks.py for tasks to queue
[2026-07-25T15:12:46.679+0000] {logging_mixin.py:190} INFO - [2026-07-25T15:12:46.678+0000] {dagbag.py:588} INFO - Filling up the DagBag from /opt/airflow/dags/my_tasks.py
[2026-07-25T15:12:46.689+0000] {processor.py:925} INFO - DAG(s) 'my_dag' retrieved from /opt/airflow/dags/my_tasks.py
[2026-07-25T15:12:46.707+0000] {logging_mixin.py:190} INFO - [2026-07-25T15:12:46.707+0000] {dag.py:3239} INFO - Sync 1 DAGs
[2026-07-25T15:12:46.723+0000] {logging_mixin.py:190} INFO - [2026-07-25T15:12:46.722+0000] {dag.py:4180} INFO - Setting next_dagrun for my_dag to None, run_after=None
[2026-07-25T15:12:46.739+0000] {processor.py:208} INFO - Processing /opt/airflow/dags/my_tasks.py took 0.076 seconds
[2026-07-25T15:13:16.945+0000] {processor.py:186} INFO - Started process (PID=1184) to work on /opt/airflow/dags/my_tasks.py
[2026-07-25T15:13:16.953+0000] {processor.py:914} INFO - Processing file /opt/airflow/dags/my_tasks.py for tasks to queue
[2026-07-25T15:13:16.955+0000] {logging_mixin.py:190} INFO - [2026-07-25T15:13:16.955+0000] {dagbag.py:588} INFO - Filling up the DagBag from /opt/airflow/dags/my_tasks.py
[2026-07-25T15:13:16.964+0000] {processor.py:925} INFO - DAG(s) 'my_dag' retrieved from /opt/airflow/dags/my_tasks.py
[2026-07-25T15:13:16.984+0000] {logging_mixin.py:190} INFO - [2026-07-25T15:13:16.984+0000] {dag.py:3239} INFO - Sync 1 DAGs
[2026-07-25T15:13:17.000+0000] {logging_mixin.py:190} INFO - [2026-07-25T15:13:16.999+0000] {dag.py:4180} INFO - Setting next_dagrun for my_dag to None, run_after=None
[2026-07-25T15:13:17.014+0000] {processor.py:208} INFO - Processing /opt/airflow/dags/my_tasks.py took 0.073 seconds
[2026-07-25T15:13:47.211+0000] {processor.py:186} INFO - Started process (PID=1195) to work on /opt/airflow/dags/my_tasks.py
[2026-07-25T15:13:47.211+0000] {processor.py:914} INFO - Processing file /opt/airflow/dags/my_tasks.py for tasks to queue
[2026-07-25T15:13:47.212+0000] {logging_mixin.py:190} INFO - [2026-07-25T15:13:47.212+0000] {dagbag.py:588} INFO - Filling up the DagBag from /opt/airflow/dags/my_tasks.py
[2026-07-25T15:13:47.219+0000] {processor.py:925} INFO - DAG(s) 'my_dag' retrieved from /opt/airflow/dags/my_tasks.py
[2026-07-25T15:13:47.236+0000] {logging_mixin.py:190} INFO - [2026-07-25T15:13:47.236+0000] {dag.py:3239} INFO - Sync 1 DAGs
[2026-07-25T15:13:47.252+0000] {logging_mixin.py:190} INFO - [2026-07-25T15:13:47.252+0000] {dag.py:4180} INFO - Setting next_dagrun for my_dag to None, run_after=None
[2026-07-25T15:13:47.266+0000] {processor.py:208} INFO - Processing /opt/airflow/dags/my_tasks.py took 0.060 seconds
[2026-07-25T15:14:17.450+0000] {processor.py:186} INFO - Started process (PID=1206) to work on /opt/airflow/dags/my_tasks.py
[2026-07-25T15:14:17.458+0000] {processor.py:914} INFO - Processing file /opt/airflow/dags/my_tasks.py for tasks to queue
[2026-07-25T15:14:17.461+0000] {logging_mixin.py:190} INFO - [2026-07-25T15:14:17.460+0000] {dagbag.py:588} INFO - Filling up the DagBag from /opt/airflow/dags/my_tasks.py
[2026-07-25T15:14:17.471+0000] {processor.py:925} INFO - DAG(s) 'my_dag' retrieved from /opt/airflow/dags/my_tasks.py
[2026-07-25T15:14:17.489+0000] {logging_mixin.py:190} INFO - [2026-07-25T15:14:17.488+0000] {dag.py:3239} INFO - Sync 1 DAGs
[2026-07-25T15:14:17.505+0000] {logging_mixin.py:190} INFO - [2026-07-25T15:14:17.505+0000] {dag.py:4180} INFO - Setting next_dagrun for my_dag to None, run_after=None
[2026-07-25T15:14:17.520+0000] {processor.py:208} INFO - Processing /opt/airflow/dags/my_tasks.py took 0.074 seconds
[2026-07-25T15:14:47.716+0000] {processor.py:186} INFO - Started process (PID=1217) to work on /opt/airflow/dags/my_tasks.py
[2026-07-25T15:14:47.717+0000] {processor.py:914} INFO - Processing file /opt/airflow/dags/my_tasks.py for tasks to queue
[2026-07-25T15:14:47.718+0000] {logging_mixin.py:190} INFO - [2026-07-25T15:14:47.718+0000] {dagbag.py:588} INFO - Filling up the DagBag from /opt/airflow/dags/my_tasks.py
[2026-07-25T15:14:47.725+0000] {processor.py:925} INFO - DAG(s) 'my_dag' retrieved from /opt/airflow/dags/my_tasks.py
[2026-07-25T15:14:47.743+0000] {logging_mixin.py:190} INFO - [2026-07-25T15:14:47.743+0000] {dag.py:3239} INFO - Sync 1 DAGs
[2026-07-25T15:14:47.758+0000] {logging_mixin.py:190} INFO - [2026-07-25T15:14:47.758+0000] {dag.py:4180} INFO - Setting next_dagrun for my_dag to None, run_after=None
[2026-07-25T15:14:47.785+0000] {processor.py:208} INFO - Processing /opt/airflow/dags/my_tasks.py took 0.073 seconds
[2026-07-25T15:15:17.984+0000] {processor.py:186} INFO - Started process (PID=1228) to work on /opt/airflow/dags/my_tasks.py
[2026-07-25T15:15:17.992+0000] {processor.py:914} INFO - Processing file /opt/airflow/dags/my_tasks.py for tasks to queue
[2026-07-25T15:15:17.994+0000] {logging_mixin.py:190} INFO - [2026-07-25T15:15:17.994+0000] {dagbag.py:588} INFO - Filling up the DagBag from /opt/airflow/dags/my_tasks.py
[2026-07-25T15:15:18.001+0000] {processor.py:925} INFO - DAG(s) 'my_dag' retrieved from /opt/airflow/dags/my_tasks.py
[2026-07-25T15:15:18.022+0000] {logging_mixin.py:190} INFO - [2026-07-25T15:15:18.021+0000] {dag.py:3239} INFO - Sync 1 DAGs
[2026-07-25T15:15:18.045+0000] {logging_mixin.py:190} INFO - [2026-07-25T15:15:18.045+0000] {dag.py:4180} INFO - Setting next_dagrun for my_dag to None, run_after=None
[2026-07-25T15:15:18.070+0000] {processor.py:208} INFO - Processing /opt/airflow/dags/my_tasks.py took 0.089 seconds
[2026-07-25T15:15:48.252+0000] {processor.py:186} INFO - Started process (PID=1239) to work on /opt/airflow/dags/my_tasks.py
[2026-07-25T15:15:48.253+0000] {processor.py:914} INFO - Processing file /opt/airflow/dags/my_tasks.py for tasks to queue
[2026-07-25T15:15:48.254+0000] {logging_mixin.py:190} INFO - [2026-07-25T15:15:48.254+0000] {dagbag.py:588} INFO - Filling up the DagBag from /opt/airflow/dags/my_tasks.py
[2026-07-25T15:15:48.263+0000] {processor.py:925} INFO - DAG(s) 'my_dag' retrieved from /opt/airflow/dags/my_tasks.py
[2026-07-25T15:15:48.285+0000] {logging_mixin.py:190} INFO - [2026-07-25T15:15:48.284+0000] {dag.py:3239} INFO - Sync 1 DAGs
[2026-07-25T15:15:48.307+0000] {logging_mixin.py:190} INFO - [2026-07-25T15:15:48.306+0000] {dag.py:4180} INFO - Setting next_dagrun for my_dag to None, run_after=None
[2026-07-25T15:15:48.324+0000] {processor.py:208} INFO - Processing /opt/airflow/dags/my_tasks.py took 0.078 seconds
[2026-07-25T15:16:18.521+0000] {processor.py:186} INFO - Started process (PID=1250) to work on /opt/airflow/dags/my_tasks.py
[2026-07-25T15:16:18.521+0000] {processor.py:914} INFO - Processing file /opt/airflow/dags/my_tasks.py for tasks to queue
[2026-07-25T15:16:18.523+0000] {logging_mixin.py:190} INFO - [2026-07-25T15:16:18.523+0000] {dagbag.py:588} INFO - Filling up the DagBag from /opt/airflow/dags/my_tasks.py
[2026-07-25T15:16:18.529+0000] {processor.py:925} INFO - DAG(s) 'my_dag' retrieved from /opt/airflow/dags/my_tasks.py
[2026-07-25T15:16:18.547+0000] {logging_mixin.py:190} INFO - [2026-07-25T15:16:18.547+0000] {dag.py:3239} INFO - Sync 1 DAGs
[2026-07-25T15:16:18.563+0000] {logging_mixin.py:190} INFO - [2026-07-25T15:16:18.563+0000] {dag.py:4180} INFO - Setting next_dagrun for my_dag to None, run_after=None
[2026-07-25T15:16:18.577+0000] {processor.py:208} INFO - Processing /opt/airflow/dags/my_tasks.py took 0.060 seconds
[2026-07-25T15:16:48.770+0000] {processor.py:186} INFO - Started process (PID=1261) to work on /opt/airflow/dags/my_tasks.py
[2026-07-25T15:16:48.771+0000] {processor.py:914} INFO - Processing file /opt/airflow/dags/my_tasks.py for tasks to queue
[2026-07-25T15:16:48.773+0000] {logging_mixin.py:190} INFO - [2026-07-25T15:16:48.772+0000] {dagbag.py:588} INFO - Filling up the DagBag from /opt/airflow/dags/my_tasks.py
[2026-07-25T15:16:48.780+0000] {processor.py:925} INFO - DAG(s) 'my_dag' retrieved from /opt/airflow/dags/my_tasks.py
[2026-07-25T15:16:48.799+0000] {logging_mixin.py:190} INFO - [2026-07-25T15:16:48.799+0000] {dag.py:3239} INFO - Sync 1 DAGs
[2026-07-25T15:16:48.814+0000] {logging_mixin.py:190} INFO - [2026-07-25T15:16:48.814+0000] {dag.py:4180} INFO - Setting next_dagrun for my_dag to None, run_after=None
[2026-07-25T15:16:48.829+0000] {processor.py:208} INFO - Processing /opt/airflow/dags/my_tasks.py took 0.064 seconds
[2026-07-25T15:17:19.005+0000] {processor.py:186} INFO - Started process (PID=1272) to work on /opt/airflow/dags/my_tasks.py
[2026-07-25T15:17:19.006+0000] {processor.py:914} INFO - Processing file /opt/airflow/dags/my_tasks.py for tasks to queue
[2026-07-25T15:17:19.007+0000] {logging_mixin.py:190} INFO - [2026-07-25T15:17:19.007+0000] {dagbag.py:588} INFO - Filling up the DagBag from /opt/airflow/dags/my_tasks.py
[2026-07-25T15:17:19.013+0000] {processor.py:925} INFO - DAG(s) 'my_dag' retrieved from /opt/airflow/dags/my_tasks.py
[2026-07-25T15:17:19.030+0000] {logging_mixin.py:190} INFO - [2026-07-25T15:17:19.030+0000] {dag.py:3239} INFO - Sync 1 DAGs
[2026-07-25T15:17:19.046+0000] {logging_mixin.py:190} INFO - [2026-07-25T15:17:19.046+0000] {dag.py:4180} INFO - Setting next_dagrun for my_dag to None, run_after=None
[2026-07-25T15:17:19.060+0000] {processor.py:208} INFO - Processing /opt/airflow/dags/my_tasks.py took 0.059 seconds
[2026-07-25T15:17:49.261+0000] {processor.py:186} INFO - Started process (PID=1283) to work on /opt/airflow/dags/my_tasks.py
[2026-07-25T15:17:49.264+0000] {processor.py:914} INFO - Processing file /opt/airflow/dags/my_tasks.py for tasks to queue
[2026-07-25T15:17:49.267+0000] {logging_mixin.py:190} INFO - [2026-07-25T15:17:49.266+0000] {dagbag.py:588} INFO - Filling up the DagBag from /opt/airflow/dags/my_tasks.py
[2026-07-25T15:17:49.275+0000] {processor.py:925} INFO - DAG(s) 'my_dag' retrieved from /opt/airflow/dags/my_tasks.py
[2026-07-25T15:17:49.292+0000] {logging_mixin.py:190} INFO - [2026-07-25T15:17:49.292+0000] {dag.py:3239} INFO - Sync 1 DAGs
[2026-07-25T15:17:49.307+0000] {logging_mixin.py:190} INFO - [2026-07-25T15:17:49.307+0000] {dag.py:4180} INFO - Setting next_dagrun for my_dag to None, run_after=None
[2026-07-25T15:17:49.321+0000] {processor.py:208} INFO - Processing /opt/airflow/dags/my_tasks.py took 0.065 seconds
[2026-07-25T15:18:19.540+0000] {processor.py:186} INFO - Started process (PID=1294) to work on /opt/airflow/dags/my_tasks.py
[2026-07-25T15:18:19.548+0000] {processor.py:914} INFO - Processing file /opt/airflow/dags/my_tasks.py for tasks to queue
[2026-07-25T15:18:19.550+0000] {logging_mixin.py:190} INFO - [2026-07-25T15:18:19.550+0000] {dagbag.py:588} INFO - Filling up the DagBag from /opt/airflow/dags/my_tasks.py
[2026-07-25T15:18:19.557+0000] {processor.py:925} INFO - DAG(s) 'my_dag' retrieved from /opt/airflow/dags/my_tasks.py
[2026-07-25T15:18:19.574+0000] {logging_mixin.py:190} INFO - [2026-07-25T15:18:19.574+0000] {dag.py:3239} INFO - Sync 1 DAGs
[2026-07-25T15:18:19.591+0000] {logging_mixin.py:190} INFO - [2026-07-25T15:18:19.590+0000] {dag.py:4180} INFO - Setting next_dagrun for my_dag to None, run_after=None
[2026-07-25T15:18:19.605+0000] {processor.py:208} INFO - Processing /opt/airflow/dags/my_tasks.py took 0.069 seconds
[2026-07-25T15:18:49.795+0000] {processor.py:186} INFO - Started process (PID=1305) to work on /opt/airflow/dags/my_tasks.py
[2026-07-25T15:18:49.795+0000] {processor.py:914} INFO - Processing file /opt/airflow/dags/my_tasks.py for tasks to queue
[2026-07-25T15:18:49.797+0000] {logging_mixin.py:190} INFO - [2026-07-25T15:18:49.797+0000] {dagbag.py:588} INFO - Filling up the DagBag from /opt/airflow/dags/my_tasks.py
[2026-07-25T15:18:49.804+0000] {processor.py:925} INFO - DAG(s) 'my_dag' retrieved from /opt/airflow/dags/my_tasks.py
[2026-07-25T15:18:49.822+0000] {logging_mixin.py:190} INFO - [2026-07-25T15:18:49.821+0000] {dag.py:3239} INFO - Sync 1 DAGs
[2026-07-25T15:18:49.843+0000] {logging_mixin.py:190} INFO - [2026-07-25T15:18:49.843+0000] {dag.py:4180} INFO - Setting next_dagrun for my_dag to None, run_after=None
[2026-07-25T15:18:49.859+0000] {processor.py:208} INFO - Processing /opt/airflow/dags/my_tasks.py took 0.069 seconds
[2026-07-25T15:19:20.060+0000] {processor.py:186} INFO - Started process (PID=1316) to work on /opt/airflow/dags/my_tasks.py
[2026-07-25T15:19:20.068+0000] {processor.py:914} INFO - Processing file /opt/airflow/dags/my_tasks.py for tasks to queue
[2026-07-25T15:19:20.071+0000] {logging_mixin.py:190} INFO - [2026-07-25T15:19:20.069+0000] {dagbag.py:588} INFO - Filling up the DagBag from /opt/airflow/dags/my_tasks.py
[2026-07-25T15:19:20.080+0000] {processor.py:925} INFO - DAG(s) 'my_dag' retrieved from /opt/airflow/dags/my_tasks.py
[2026-07-25T15:19:20.102+0000] {logging_mixin.py:190} INFO - [2026-07-25T15:19:20.102+0000] {dag.py:3239} INFO - Sync 1 DAGs
[2026-07-25T15:19:20.126+0000] {logging_mixin.py:190} INFO - [2026-07-25T15:19:20.126+0000] {dag.py:4180} INFO - Setting next_dagrun for my_dag to None, run_after=None
[2026-07-25T15:19:20.144+0000] {processor.py:208} INFO - Processing /opt/airflow/dags/my_tasks.py took 0.091 seconds
[2026-07-25T15:19:50.335+0000] {processor.py:186} INFO - Started process (PID=1327) to work on /opt/airflow/dags/my_tasks.py
[2026-07-25T15:19:50.335+0000] {processor.py:914} INFO - Processing file /opt/airflow/dags/my_tasks.py for tasks to queue
[2026-07-25T15:19:50.336+0000] {logging_mixin.py:190} INFO - [2026-07-25T15:19:50.336+0000] {dagbag.py:588} INFO - Filling up the DagBag from /opt/airflow/dags/my_tasks.py
[2026-07-25T15:19:50.344+0000] {processor.py:925} INFO - DAG(s) 'my_dag' retrieved from /opt/airflow/dags/my_tasks.py
[2026-07-25T15:19:50.362+0000] {logging_mixin.py:190} INFO - [2026-07-25T15:19:50.362+0000] {dag.py:3239} INFO - Sync 1 DAGs
[2026-07-25T15:19:50.378+0000] {logging_mixin.py:190} INFO - [2026-07-25T15:19:50.378+0000] {dag.py:4180} INFO - Setting next_dagrun for my_dag to None, run_after=None
[2026-07-25T15:19:50.393+0000] {processor.py:208} INFO - Processing /opt/airflow/dags/my_tasks.py took 0.062 seconds
[2026-07-25T15:20:20.622+0000] {processor.py:186} INFO - Started process (PID=1339) to work on /opt/airflow/dags/my_tasks.py
[2026-07-25T15:20:20.630+0000] {processor.py:914} INFO - Processing file /opt/airflow/dags/my_tasks.py for tasks to queue
[2026-07-25T15:20:20.632+0000] {logging_mixin.py:190} INFO - [2026-07-25T15:20:20.632+0000] {dagbag.py:588} INFO - Filling up the DagBag from /opt/airflow/dags/my_tasks.py
[2026-07-25T15:20:20.642+0000] {processor.py:925} INFO - DAG(s) 'my_dag' retrieved from /opt/airflow/dags/my_tasks.py
[2026-07-25T15:20:20.661+0000] {logging_mixin.py:190} INFO - [2026-07-25T15:20:20.661+0000] {dag.py:3239} INFO - Sync 1 DAGs
[2026-07-25T15:20:20.677+0000] {logging_mixin.py:190} INFO - [2026-07-25T15:20:20.677+0000] {dag.py:4180} INFO - Setting next_dagrun for my_dag to None, run_after=None
[2026-07-25T15:20:20.692+0000] {processor.py:208} INFO - Processing /opt/airflow/dags/my_tasks.py took 0.074 seconds
[2026-07-25T15:20:50.870+0000] {processor.py:186} INFO - Started process (PID=1350) to work on /opt/airflow/dags/my_tasks.py
[2026-07-25T15:20:50.871+0000] {processor.py:914} INFO - Processing file /opt/airflow/dags/my_tasks.py for tasks to queue
[2026-07-25T15:20:50.872+0000] {logging_mixin.py:190} INFO - [2026-07-25T15:20:50.872+0000] {dagbag.py:588} INFO - Filling up the DagBag from /opt/airflow/dags/my_tasks.py
[2026-07-25T15:20:50.879+0000] {processor.py:925} INFO - DAG(s) 'my_dag' retrieved from /opt/airflow/dags/my_tasks.py
[2026-07-25T15:20:50.896+0000] {logging_mixin.py:190} INFO - [2026-07-25T15:20:50.896+0000] {dag.py:3239} INFO - Sync 1 DAGs
[2026-07-25T15:20:50.911+0000] {logging_mixin.py:190} INFO - [2026-07-25T15:20:50.911+0000] {dag.py:4180} INFO - Setting next_dagrun for my_dag to None, run_after=None
[2026-07-25T15:20:50.927+0000] {processor.py:208} INFO - Processing /opt/airflow/dags/my_tasks.py took 0.060 seconds
[2026-07-25T15:21:21.140+0000] {processor.py:186} INFO - Started process (PID=1361) to work on /opt/airflow/dags/my_tasks.py
[2026-07-25T15:21:21.148+0000] {processor.py:914} INFO - Processing file /opt/airflow/dags/my_tasks.py for tasks to queue
[2026-07-25T15:21:21.151+0000] {logging_mixin.py:190} INFO - [2026-07-25T15:21:21.151+0000] {dagbag.py:588} INFO - Filling up the DagBag from /opt/airflow/dags/my_tasks.py
[2026-07-25T15:21:21.159+0000] {processor.py:925} INFO - DAG(s) 'my_dag' retrieved from /opt/airflow/dags/my_tasks.py
[2026-07-25T15:21:21.176+0000] {logging_mixin.py:190} INFO - [2026-07-25T15:21:21.176+0000] {dag.py:3239} INFO - Sync 1 DAGs
[2026-07-25T15:21:21.192+0000] {logging_mixin.py:190} INFO - [2026-07-25T15:21:21.191+0000] {dag.py:4180} INFO - Setting next_dagrun for my_dag to None, run_after=None
[2026-07-25T15:21:21.205+0000] {processor.py:208} INFO - Processing /opt/airflow/dags/my_tasks.py took 0.069 seconds
[2026-07-25T15:21:51.401+0000] {processor.py:186} INFO - Started process (PID=1372) to work on /opt/airflow/dags/my_tasks.py
[2026-07-25T15:21:51.402+0000] {processor.py:914} INFO - Processing file /opt/airflow/dags/my_tasks.py for tasks to queue
[2026-07-25T15:21:51.404+0000] {logging_mixin.py:190} INFO - [2026-07-25T15:21:51.404+0000] {dagbag.py:588} INFO - Filling up the DagBag from /opt/airflow/dags/my_tasks.py
[2026-07-25T15:21:51.411+0000] {processor.py:925} INFO - DAG(s) 'my_dag' retrieved from /opt/airflow/dags/my_tasks.py
[2026-07-25T15:21:51.431+0000] {logging_mixin.py:190} INFO - [2026-07-25T15:21:51.431+0000] {dag.py:3239} INFO - Sync 1 DAGs
[2026-07-25T15:21:51.449+0000] {logging_mixin.py:190} INFO - [2026-07-25T15:21:51.448+0000] {dag.py:4180} INFO - Setting next_dagrun for my_dag to None, run_after=None
[2026-07-25T15:21:51.464+0000] {processor.py:208} INFO - Processing /opt/airflow/dags/my_tasks.py took 0.068 seconds
[2026-07-25T15:22:21.656+0000] {processor.py:186} INFO - Started process (PID=1383) to work on /opt/airflow/dags/my_tasks.py
[2026-07-25T15:22:21.664+0000] {processor.py:914} INFO - Processing file /opt/airflow/dags/my_tasks.py for tasks to queue
[2026-07-25T15:22:21.666+0000] {logging_mixin.py:190} INFO - [2026-07-25T15:22:21.665+0000] {dagbag.py:588} INFO - Filling up the DagBag from /opt/airflow/dags/my_tasks.py
[2026-07-25T15:22:21.673+0000] {processor.py:925} INFO - DAG(s) 'my_dag' retrieved from /opt/airflow/dags/my_tasks.py
[2026-07-25T15:22:21.693+0000] {logging_mixin.py:190} INFO - [2026-07-25T15:22:21.693+0000] {dag.py:3239} INFO - Sync 1 DAGs
[2026-07-25T15:22:21.712+0000] {logging_mixin.py:190} INFO - [2026-07-25T15:22:21.712+0000] {dag.py:4180} INFO - Setting next_dagrun for my_dag to None, run_after=None
[2026-07-25T15:22:21.730+0000] {processor.py:208} INFO - Processing /opt/airflow/dags/my_tasks.py took 0.077 seconds
[2026-07-25T15:22:51.812+0000] {processor.py:186} INFO - Started process (PID=1394) to work on /opt/airflow/dags/my_tasks.py
[2026-07-25T15:22:51.831+0000] {processor.py:914} INFO - Processing file /opt/airflow/dags/my_tasks.py for tasks to queue
[2026-07-25T15:22:51.832+0000] {logging_mixin.py:190} INFO - [2026-07-25T15:22:51.832+0000] {dagbag.py:588} INFO - Filling up the DagBag from /opt/airflow/dags/my_tasks.py
[2026-07-25T15:22:51.840+0000] {processor.py:925} INFO - DAG(s) 'my_dag' retrieved from /opt/airflow/dags/my_tasks.py
[2026-07-25T15:22:51.863+0000] {logging_mixin.py:190} INFO - [2026-07-25T15:22:51.863+0000] {dag.py:3239} INFO - Sync 1 DAGs
[2026-07-25T15:22:51.884+0000] {logging_mixin.py:190} INFO - [2026-07-25T15:22:51.884+0000] {dag.py:4180} INFO - Setting next_dagrun for my_dag to None, run_after=None
[2026-07-25T15:22:51.904+0000] {processor.py:208} INFO - Processing /opt/airflow/dags/my_tasks.py took 0.097 seconds
[2026-07-25T15:23:22.040+0000] {processor.py:186} INFO - Started process (PID=1405) to work on /opt/airflow/dags/my_tasks.py
[2026-07-25T15:23:22.048+0000] {processor.py:914} INFO - Processing file /opt/airflow/dags/my_tasks.py for tasks to queue
[2026-07-25T15:23:22.050+0000] {logging_mixin.py:190} INFO - [2026-07-25T15:23:22.049+0000] {dagbag.py:588} INFO - Filling up the DagBag from /opt/airflow/dags/my_tasks.py
[2026-07-25T15:23:22.058+0000] {processor.py:925} INFO - DAG(s) 'my_dag' retrieved from /opt/airflow/dags/my_tasks.py
[2026-07-25T15:23:22.075+0000] {logging_mixin.py:190} INFO - [2026-07-25T15:23:22.075+0000] {dag.py:3239} INFO - Sync 1 DAGs
[2026-07-25T15:23:22.091+0000] {logging_mixin.py:190} INFO - [2026-07-25T15:23:22.090+0000] {dag.py:4180} INFO - Setting next_dagrun for my_dag to None, run_after=None
[2026-07-25T15:23:22.105+0000] {processor.py:208} INFO - Processing /opt/airflow/dags/my_tasks.py took 0.068 seconds
[2026-07-25T15:23:52.290+0000] {processor.py:186} INFO - Started process (PID=1416) to work on /opt/airflow/dags/my_tasks.py
[2026-07-25T15:23:52.298+0000] {processor.py:914} INFO - Processing file /opt/airflow/dags/my_tasks.py for tasks to queue
[2026-07-25T15:23:52.302+0000] {logging_mixin.py:190} INFO - [2026-07-25T15:23:52.301+0000] {dagbag.py:588} INFO - Filling up the DagBag from /opt/airflow/dags/my_tasks.py
[2026-07-25T15:23:52.310+0000] {processor.py:925} INFO - DAG(s) 'my_dag' retrieved from /opt/airflow/dags/my_tasks.py
[2026-07-25T15:23:52.328+0000] {logging_mixin.py:190} INFO - [2026-07-25T15:23:52.327+0000] {dag.py:3239} INFO - Sync 1 DAGs
[2026-07-25T15:23:52.343+0000] {logging_mixin.py:190} INFO - [2026-07-25T15:23:52.343+0000] {dag.py:4180} INFO - Setting next_dagrun for my_dag to None, run_after=None
[2026-07-25T15:23:52.357+0000] {processor.py:208} INFO - Processing /opt/airflow/dags/my_tasks.py took 0.072 seconds
[2026-07-25T15:24:22.518+0000] {processor.py:186} INFO - Started process (PID=1427) to work on /opt/airflow/dags/my_tasks.py
[2026-07-25T15:24:22.526+0000] {processor.py:914} INFO - Processing file /opt/airflow/dags/my_tasks.py for tasks to queue
[2026-07-25T15:24:22.528+0000] {logging_mixin.py:190} INFO - [2026-07-25T15:24:22.528+0000] {dagbag.py:588} INFO - Filling up the DagBag from /opt/airflow/dags/my_tasks.py
[2026-07-25T15:24:22.538+0000] {processor.py:925} INFO - DAG(s) 'my_dag' retrieved from /opt/airflow/dags/my_tasks.py
[2026-07-25T15:24:22.560+0000] {logging_mixin.py:190} INFO - [2026-07-25T15:24:22.559+0000] {dag.py:3239} INFO - Sync 1 DAGs
[2026-07-25T15:24:22.575+0000] {logging_mixin.py:190} INFO - [2026-07-25T15:24:22.575+0000] {dag.py:4180} INFO - Setting next_dagrun for my_dag to None, run_after=None
[2026-07-25T15:24:22.593+0000] {processor.py:208} INFO - Processing /opt/airflow/dags/my_tasks.py took 0.080 seconds
[2026-07-25T15:24:52.777+0000] {processor.py:186} INFO - Started process (PID=1438) to work on /opt/airflow/dags/my_tasks.py
[2026-07-25T15:24:52.778+0000] {processor.py:914} INFO - Processing file /opt/airflow/dags/my_tasks.py for tasks to queue
[2026-07-25T15:24:52.779+0000] {logging_mixin.py:190} INFO - [2026-07-25T15:24:52.779+0000] {dagbag.py:588} INFO - Filling up the DagBag from /opt/airflow/dags/my_tasks.py
[2026-07-25T15:24:52.786+0000] {processor.py:925} INFO - DAG(s) 'my_dag' retrieved from /opt/airflow/dags/my_tasks.py
[2026-07-25T15:24:52.803+0000] {logging_mixin.py:190} INFO - [2026-07-25T15:24:52.803+0000] {dag.py:3239} INFO - Sync 1 DAGs
[2026-07-25T15:24:52.819+0000] {logging_mixin.py:190} INFO - [2026-07-25T15:24:52.818+0000] {dag.py:4180} INFO - Setting next_dagrun for my_dag to None, run_after=None
[2026-07-25T15:24:52.833+0000] {processor.py:208} INFO - Processing /opt/airflow/dags/my_tasks.py took 0.059 seconds
[2026-07-25T15:25:23.045+0000] {processor.py:186} INFO - Started process (PID=1449) to work on /opt/airflow/dags/my_tasks.py
[2026-07-25T15:25:23.053+0000] {processor.py:914} INFO - Processing file /opt/airflow/dags/my_tasks.py for tasks to queue
[2026-07-25T15:25:23.054+0000] {logging_mixin.py:190} INFO - [2026-07-25T15:25:23.054+0000] {dagbag.py:588} INFO - Filling up the DagBag from /opt/airflow/dags/my_tasks.py
[2026-07-25T15:25:23.061+0000] {processor.py:925} INFO - DAG(s) 'my_dag' retrieved from /opt/airflow/dags/my_tasks.py
[2026-07-25T15:25:23.078+0000] {logging_mixin.py:190} INFO - [2026-07-25T15:25:23.078+0000] {dag.py:3239} INFO - Sync 1 DAGs
[2026-07-25T15:25:23.094+0000] {logging_mixin.py:190} INFO - [2026-07-25T15:25:23.094+0000] {dag.py:4180} INFO - Setting next_dagrun for my_dag to None, run_after=None
[2026-07-25T15:25:23.108+0000] {processor.py:208} INFO - Processing /opt/airflow/dags/my_tasks.py took 0.068 seconds
[2026-07-25T15:25:53.308+0000] {processor.py:186} INFO - Started process (PID=1460) to work on /opt/airflow/dags/my_tasks.py
[2026-07-25T15:25:53.316+0000] {processor.py:914} INFO - Processing file /opt/airflow/dags/my_tasks.py for tasks to queue
[2026-07-25T15:25:53.320+0000] {logging_mixin.py:190} INFO - [2026-07-25T15:25:53.320+0000] {dagbag.py:588} INFO - Filling up the DagBag from /opt/airflow/dags/my_tasks.py
[2026-07-25T15:25:53.328+0000] {processor.py:925} INFO - DAG(s) 'my_dag' retrieved from /opt/airflow/dags/my_tasks.py
[2026-07-25T15:25:53.347+0000] {logging_mixin.py:190} INFO - [2026-07-25T15:25:53.347+0000] {dag.py:3239} INFO - Sync 1 DAGs
[2026-07-25T15:25:53.364+0000] {logging_mixin.py:190} INFO - [2026-07-25T15:25:53.363+0000] {dag.py:4180} INFO - Setting next_dagrun for my_dag to None, run_after=None
[2026-07-25T15:25:53.377+0000] {processor.py:208} INFO - Processing /opt/airflow/dags/my_tasks.py took 0.073 seconds
[2026-07-25T15:26:23.554+0000] {processor.py:186} INFO - Started process (PID=1471) to work on /opt/airflow/dags/my_tasks.py
[2026-07-25T15:26:23.562+0000] {processor.py:914} INFO - Processing file /opt/airflow/dags/my_tasks.py for tasks to queue
[2026-07-25T15:26:23.564+0000] {logging_mixin.py:190} INFO - [2026-07-25T15:26:23.564+0000] {dagbag.py:588} INFO - Filling up the DagBag from /opt/airflow/dags/my_tasks.py
[2026-07-25T15:26:23.574+0000] {processor.py:925} INFO - DAG(s) 'my_dag' retrieved from /opt/airflow/dags/my_tasks.py
[2026-07-25T15:26:23.592+0000] {logging_mixin.py:190} INFO - [2026-07-25T15:26:23.592+0000] {dag.py:3239} INFO - Sync 1 DAGs
[2026-07-25T15:26:23.608+0000] {logging_mixin.py:190} INFO - [2026-07-25T15:26:23.607+0000] {dag.py:4180} INFO - Setting next_dagrun for my_dag to None, run_after=None
[2026-07-25T15:26:23.622+0000] {processor.py:208} INFO - Processing /opt/airflow/dags/my_tasks.py took 0.072 seconds
[2026-07-25T15:26:53.808+0000] {processor.py:186} INFO - Started process (PID=1482) to work on /opt/airflow/dags/my_tasks.py
[2026-07-25T15:26:53.816+0000] {processor.py:914} INFO - Processing file /opt/airflow/dags/my_tasks.py for tasks to queue
[2026-07-25T15:26:53.818+0000] {logging_mixin.py:190} INFO - [2026-07-25T15:26:53.818+0000] {dagbag.py:588} INFO - Filling up the DagBag from /opt/airflow/dags/my_tasks.py
[2026-07-25T15:26:53.827+0000] {processor.py:925} INFO - DAG(s) 'my_dag' retrieved from /opt/airflow/dags/my_tasks.py
[2026-07-25T15:26:53.845+0000] {logging_mixin.py:190} INFO - [2026-07-25T15:26:53.844+0000] {dag.py:3239} INFO - Sync 1 DAGs
[2026-07-25T15:26:53.863+0000] {logging_mixin.py:190} INFO - [2026-07-25T15:26:53.862+0000] {dag.py:4180} INFO - Setting next_dagrun for my_dag to None, run_after=None
[2026-07-25T15:26:53.876+0000] {processor.py:208} INFO - Processing /opt/airflow/dags/my_tasks.py took 0.072 seconds
[2026-07-25T15:27:24.050+0000] {processor.py:186} INFO - Started process (PID=1493) to work on /opt/airflow/dags/my_tasks.py
[2026-07-25T15:27:24.050+0000] {processor.py:914} INFO - Processing file /opt/airflow/dags/my_tasks.py for tasks to queue
[2026-07-25T15:27:24.052+0000] {logging_mixin.py:190} INFO - [2026-07-25T15:27:24.052+0000] {dagbag.py:588} INFO - Filling up the DagBag from /opt/airflow/dags/my_tasks.py
[2026-07-25T15:27:24.058+0000] {processor.py:925} INFO - DAG(s) 'my_dag' retrieved from /opt/airflow/dags/my_tasks.py
[2026-07-25T15:27:24.076+0000] {logging_mixin.py:190} INFO - [2026-07-25T15:27:24.075+0000] {dag.py:3239} INFO - Sync 1 DAGs
[2026-07-25T15:27:24.090+0000] {logging_mixin.py:190} INFO - [2026-07-25T15:27:24.090+0000] {dag.py:4180} INFO - Setting next_dagrun for my_dag to None, run_after=None
[2026-07-25T15:27:24.106+0000] {processor.py:208} INFO - Processing /opt/airflow/dags/my_tasks.py took 0.060 seconds
[2026-07-25T15:27:54.285+0000] {processor.py:186} INFO - Started process (PID=1504) to work on /opt/airflow/dags/my_tasks.py
[2026-07-25T15:27:54.285+0000] {processor.py:914} INFO - Processing file /opt/airflow/dags/my_tasks.py for tasks to queue
[2026-07-25T15:27:54.287+0000] {logging_mixin.py:190} INFO - [2026-07-25T15:27:54.287+0000] {dagbag.py:588} INFO - Filling up the DagBag from /opt/airflow/dags/my_tasks.py
[2026-07-25T15:27:54.296+0000] {processor.py:925} INFO - DAG(s) 'my_dag' retrieved from /opt/airflow/dags/my_tasks.py
[2026-07-25T15:27:54.314+0000] {logging_mixin.py:190} INFO - [2026-07-25T15:27:54.314+0000] {dag.py:3239} INFO - Sync 1 DAGs
[2026-07-25T15:27:54.329+0000] {logging_mixin.py:190} INFO - [2026-07-25T15:27:54.329+0000] {dag.py:4180} INFO - Setting next_dagrun for my_dag to None, run_after=None
[2026-07-25T15:27:54.344+0000] {processor.py:208} INFO - Processing /opt/airflow/dags/my_tasks.py took 0.064 seconds
[2026-07-25T15:28:24.524+0000] {processor.py:186} INFO - Started process (PID=1515) to work on /opt/airflow/dags/my_tasks.py
[2026-07-25T15:28:24.524+0000] {processor.py:914} INFO - Processing file /opt/airflow/dags/my_tasks.py for tasks to queue
[2026-07-25T15:28:24.526+0000] {logging_mixin.py:190} INFO - [2026-07-25T15:28:24.526+0000] {dagbag.py:588} INFO - Filling up the DagBag from /opt/airflow/dags/my_tasks.py
[2026-07-25T15:28:24.534+0000] {processor.py:925} INFO - DAG(s) 'my_dag' retrieved from /opt/airflow/dags/my_tasks.py
[2026-07-25T15:28:24.553+0000] {logging_mixin.py:190} INFO - [2026-07-25T15:28:24.552+0000] {dag.py:3239} INFO - Sync 1 DAGs
[2026-07-25T15:28:24.569+0000] {logging_mixin.py:190} INFO - [2026-07-25T15:28:24.569+0000] {dag.py:4180} INFO - Setting next_dagrun for my_dag to None, run_after=None
[2026-07-25T15:28:24.583+0000] {processor.py:208} INFO - Processing /opt/airflow/dags/my_tasks.py took 0.064 seconds
[2026-07-25T15:28:54.806+0000] {processor.py:186} INFO - Started process (PID=1526) to work on /opt/airflow/dags/my_tasks.py
[2026-07-25T15:28:54.807+0000] {processor.py:914} INFO - Processing file /opt/airflow/dags/my_tasks.py for tasks to queue
[2026-07-25T15:28:54.809+0000] {logging_mixin.py:190} INFO - [2026-07-25T15:28:54.808+0000] {dagbag.py:588} INFO - Filling up the DagBag from /opt/airflow/dags/my_tasks.py
[2026-07-25T15:28:54.815+0000] {processor.py:925} INFO - DAG(s) 'my_dag' retrieved from /opt/airflow/dags/my_tasks.py
[2026-07-25T15:28:54.833+0000] {logging_mixin.py:190} INFO - [2026-07-25T15:28:54.832+0000] {dag.py:3239} INFO - Sync 1 DAGs
[2026-07-25T15:28:54.848+0000] {logging_mixin.py:190} INFO - [2026-07-25T15:28:54.848+0000] {dag.py:4180} INFO - Setting next_dagrun for my_dag to None, run_after=None
[2026-07-25T15:28:54.862+0000] {processor.py:208} INFO - Processing /opt/airflow/dags/my_tasks.py took 0.060 seconds
[2026-07-25T15:29:25.044+0000] {processor.py:186} INFO - Started process (PID=1537) to work on /opt/airflow/dags/my_tasks.py
[2026-07-25T15:29:25.045+0000] {processor.py:914} INFO - Processing file /opt/airflow/dags/my_tasks.py for tasks to queue
[2026-07-25T15:29:25.047+0000] {logging_mixin.py:190} INFO - [2026-07-25T15:29:25.047+0000] {dagbag.py:588} INFO - Filling up the DagBag from /opt/airflow/dags/my_tasks.py
[2026-07-25T15:29:25.055+0000] {processor.py:925} INFO - DAG(s) 'my_dag' retrieved from /opt/airflow/dags/my_tasks.py
[2026-07-25T15:29:25.073+0000] {logging_mixin.py:190} INFO - [2026-07-25T15:29:25.073+0000] {dag.py:3239} INFO - Sync 1 DAGs
[2026-07-25T15:29:25.088+0000] {logging_mixin.py:190} INFO - [2026-07-25T15:29:25.088+0000] {dag.py:4180} INFO - Setting next_dagrun for my_dag to None, run_after=None
[2026-07-25T15:29:25.102+0000] {processor.py:208} INFO - Processing /opt/airflow/dags/my_tasks.py took 0.063 seconds
[2026-07-25T15:29:55.301+0000] {processor.py:186} INFO - Started process (PID=1548) to work on /opt/airflow/dags/my_tasks.py
[2026-07-25T15:29:55.309+0000] {processor.py:914} INFO - Processing file /opt/airflow/dags/my_tasks.py for tasks to queue
[2026-07-25T15:29:55.312+0000] {logging_mixin.py:190} INFO - [2026-07-25T15:29:55.312+0000] {dagbag.py:588} INFO - Filling up the DagBag from /opt/airflow/dags/my_tasks.py
[2026-07-25T15:29:55.319+0000] {processor.py:925} INFO - DAG(s) 'my_dag' retrieved from /opt/airflow/dags/my_tasks.py
[2026-07-25T15:29:55.337+0000] {logging_mixin.py:190} INFO - [2026-07-25T15:29:55.337+0000] {dag.py:3239} INFO - Sync 1 DAGs
[2026-07-25T15:29:55.352+0000] {logging_mixin.py:190} INFO - [2026-07-25T15:29:55.352+0000] {dag.py:4180} INFO - Setting next_dagrun for my_dag to None, run_after=None
[2026-07-25T15:29:55.367+0000] {processor.py:208} INFO - Processing /opt/airflow/dags/my_tasks.py took 0.069 seconds
[2026-07-25T15:30:25.543+0000] {processor.py:186} INFO - Started process (PID=1559) to work on /opt/airflow/dags/my_tasks.py
[2026-07-25T15:30:25.544+0000] {processor.py:914} INFO - Processing file /opt/airflow/dags/my_tasks.py for tasks to queue
[2026-07-25T15:30:25.545+0000] {logging_mixin.py:190} INFO - [2026-07-25T15:30:25.545+0000] {dagbag.py:588} INFO - Filling up the DagBag from /opt/airflow/dags/my_tasks.py
[2026-07-25T15:30:25.552+0000] {processor.py:925} INFO - DAG(s) 'my_dag' retrieved from /opt/airflow/dags/my_tasks.py
[2026-07-25T15:30:25.570+0000] {logging_mixin.py:190} INFO - [2026-07-25T15:30:25.570+0000] {dag.py:3239} INFO - Sync 1 DAGs
[2026-07-25T15:30:25.585+0000] {logging_mixin.py:190} INFO - [2026-07-25T15:30:25.585+0000] {dag.py:4180} INFO - Setting next_dagrun for my_dag to None, run_after=None
[2026-07-25T15:30:25.600+0000] {processor.py:208} INFO - Processing /opt/airflow/dags/my_tasks.py took 0.061 seconds
[2026-07-25T15:30:55.784+0000] {processor.py:186} INFO - Started process (PID=1570) to work on /opt/airflow/dags/my_tasks.py
[2026-07-25T15:30:55.785+0000] {processor.py:914} INFO - Processing file /opt/airflow/dags/my_tasks.py for tasks to queue
[2026-07-25T15:30:55.786+0000] {logging_mixin.py:190} INFO - [2026-07-25T15:30:55.786+0000] {dagbag.py:588} INFO - Filling up the DagBag from /opt/airflow/dags/my_tasks.py
[2026-07-25T15:30:55.793+0000] {processor.py:925} INFO - DAG(s) 'my_dag' retrieved from /opt/airflow/dags/my_tasks.py
[2026-07-25T15:30:55.813+0000] {logging_mixin.py:190} INFO - [2026-07-25T15:30:55.813+0000] {dag.py:3239} INFO - Sync 1 DAGs
[2026-07-25T15:30:55.828+0000] {logging_mixin.py:190} INFO - [2026-07-25T15:30:55.828+0000] {dag.py:4180} INFO - Setting next_dagrun for my_dag to None, run_after=None
[2026-07-25T15:30:55.842+0000] {processor.py:208} INFO - Processing /opt/airflow/dags/my_tasks.py took 0.062 seconds
[2026-07-25T15:31:26.065+0000] {processor.py:186} INFO - Started process (PID=1581) to work on /opt/airflow/dags/my_tasks.py
[2026-07-25T15:31:26.066+0000] {processor.py:914} INFO - Processing file /opt/airflow/dags/my_tasks.py for tasks to queue
[2026-07-25T15:31:26.068+0000] {logging_mixin.py:190} INFO - [2026-07-25T15:31:26.067+0000] {dagbag.py:588} INFO - Filling up the DagBag from /opt/airflow/dags/my_tasks.py
[2026-07-25T15:31:26.074+0000] {processor.py:925} INFO - DAG(s) 'my_dag' retrieved from /opt/airflow/dags/my_tasks.py
[2026-07-25T15:31:26.092+0000] {logging_mixin.py:190} INFO - [2026-07-25T15:31:26.092+0000] {dag.py:3239} INFO - Sync 1 DAGs
[2026-07-25T15:31:26.108+0000] {logging_mixin.py:190} INFO - [2026-07-25T15:31:26.108+0000] {dag.py:4180} INFO - Setting next_dagrun for my_dag to None, run_after=None
[2026-07-25T15:31:26.124+0000] {processor.py:208} INFO - Processing /opt/airflow/dags/my_tasks.py took 0.064 seconds
[2026-07-25T15:31:56.334+0000] {processor.py:186} INFO - Started process (PID=1592) to work on /opt/airflow/dags/my_tasks.py
[2026-07-25T15:31:56.342+0000] {processor.py:914} INFO - Processing file /opt/airflow/dags/my_tasks.py for tasks to queue
[2026-07-25T15:31:56.345+0000] {logging_mixin.py:190} INFO - [2026-07-25T15:31:56.345+0000] {dagbag.py:588} INFO - Filling up the DagBag from /opt/airflow/dags/my_tasks.py
[2026-07-25T15:31:56.357+0000] {processor.py:925} INFO - DAG(s) 'my_dag' retrieved from /opt/airflow/dags/my_tasks.py
[2026-07-25T15:31:56.376+0000] {logging_mixin.py:190} INFO - [2026-07-25T15:31:56.376+0000] {dag.py:3239} INFO - Sync 1 DAGs
[2026-07-25T15:31:56.393+0000] {logging_mixin.py:190} INFO - [2026-07-25T15:31:56.393+0000] {dag.py:4180} INFO - Setting next_dagrun for my_dag to None, run_after=None
[2026-07-25T15:31:56.407+0000] {processor.py:208} INFO - Processing /opt/airflow/dags/my_tasks.py took 0.077 seconds
[2026-07-25T15:32:26.620+0000] {processor.py:186} INFO - Started process (PID=1603) to work on /opt/airflow/dags/my_tasks.py
[2026-07-25T15:32:26.627+0000] {processor.py:914} INFO - Processing file /opt/airflow/dags/my_tasks.py for tasks to queue
[2026-07-25T15:32:26.628+0000] {logging_mixin.py:190} INFO - [2026-07-25T15:32:26.628+0000] {dagbag.py:588} INFO - Filling up the DagBag from /opt/airflow/dags/my_tasks.py
[2026-07-25T15:32:26.635+0000] {processor.py:925} INFO - DAG(s) 'my_dag' retrieved from /opt/airflow/dags/my_tasks.py
[2026-07-25T15:32:26.656+0000] {logging_mixin.py:190} INFO - [2026-07-25T15:32:26.655+0000] {dag.py:3239} INFO - Sync 1 DAGs
[2026-07-25T15:32:26.673+0000] {logging_mixin.py:190} INFO - [2026-07-25T15:32:26.673+0000] {dag.py:4180} INFO - Setting next_dagrun for my_dag to None, run_after=None
[2026-07-25T15:32:26.687+0000] {processor.py:208} INFO - Processing /opt/airflow/dags/my_tasks.py took 0.070 seconds
[2026-07-25T15:32:56.903+0000] {processor.py:186} INFO - Started process (PID=1614) to work on /opt/airflow/dags/my_tasks.py
[2026-07-25T15:32:56.903+0000] {processor.py:914} INFO - Processing file /opt/airflow/dags/my_tasks.py for tasks to queue
[2026-07-25T15:32:56.905+0000] {logging_mixin.py:190} INFO - [2026-07-25T15:32:56.905+0000] {dagbag.py:588} INFO - Filling up the DagBag from /opt/airflow/dags/my_tasks.py
[2026-07-25T15:32:56.911+0000] {processor.py:925} INFO - DAG(s) 'my_dag' retrieved from /opt/airflow/dags/my_tasks.py
[2026-07-25T15:32:56.929+0000] {logging_mixin.py:190} INFO - [2026-07-25T15:32:56.929+0000] {dag.py:3239} INFO - Sync 1 DAGs
[2026-07-25T15:32:56.945+0000] {logging_mixin.py:190} INFO - [2026-07-25T15:32:56.945+0000] {dag.py:4180} INFO - Setting next_dagrun for my_dag to None, run_after=None
[2026-07-25T15:32:56.959+0000] {processor.py:208} INFO - Processing /opt/airflow/dags/my_tasks.py took 0.060 seconds
[2026-07-25T15:33:27.145+0000] {processor.py:186} INFO - Started process (PID=1625) to work on /opt/airflow/dags/my_tasks.py
[2026-07-25T15:33:27.146+0000] {processor.py:914} INFO - Processing file /opt/airflow/dags/my_tasks.py for tasks to queue
[2026-07-25T15:33:27.147+0000] {logging_mixin.py:190} INFO - [2026-07-25T15:33:27.147+0000] {dagbag.py:588} INFO - Filling up the DagBag from /opt/airflow/dags/my_tasks.py
[2026-07-25T15:33:27.154+0000] {processor.py:925} INFO - DAG(s) 'my_dag' retrieved from /opt/airflow/dags/my_tasks.py
[2026-07-25T15:33:27.174+0000] {logging_mixin.py:190} INFO - [2026-07-25T15:33:27.173+0000] {dag.py:3239} INFO - Sync 1 DAGs
[2026-07-25T15:33:27.190+0000] {logging_mixin.py:190} INFO - [2026-07-25T15:33:27.190+0000] {dag.py:4180} INFO - Setting next_dagrun for my_dag to None, run_after=None
[2026-07-25T15:33:27.205+0000] {processor.py:208} INFO - Processing /opt/airflow/dags/my_tasks.py took 0.064 seconds
[2026-07-25T15:33:57.398+0000] {processor.py:186} INFO - Started process (PID=1636) to work on /opt/airflow/dags/my_tasks.py
[2026-07-25T15:33:57.406+0000] {processor.py:914} INFO - Processing file /opt/airflow/dags/my_tasks.py for tasks to queue
[2026-07-25T15:33:57.408+0000] {logging_mixin.py:190} INFO - [2026-07-25T15:33:57.408+0000] {dagbag.py:588} INFO - Filling up the DagBag from /opt/airflow/dags/my_tasks.py
[2026-07-25T15:33:57.417+0000] {processor.py:925} INFO - DAG(s) 'my_dag' retrieved from /opt/airflow/dags/my_tasks.py
[2026-07-25T15:33:57.435+0000] {logging_mixin.py:190} INFO - [2026-07-25T15:33:57.435+0000] {dag.py:3239} INFO - Sync 1 DAGs
[2026-07-25T15:33:57.453+0000] {logging_mixin.py:190} INFO - [2026-07-25T15:33:57.452+0000] {dag.py:4180} INFO - Setting next_dagrun for my_dag to None, run_after=None
[2026-07-25T15:33:57.467+0000] {processor.py:208} INFO - Processing /opt/airflow/dags/my_tasks.py took 0.073 seconds
[2026-07-25T15:34:27.669+0000] {processor.py:186} INFO - Started process (PID=1647) to work on /opt/airflow/dags/my_tasks.py
[2026-07-25T15:34:27.669+0000] {processor.py:914} INFO - Processing file /opt/airflow/dags/my_tasks.py for tasks to queue
[2026-07-25T15:34:27.671+0000] {logging_mixin.py:190} INFO - [2026-07-25T15:34:27.671+0000] {dagbag.py:588} INFO - Filling up the DagBag from /opt/airflow/dags/my_tasks.py
[2026-07-25T15:34:27.677+0000] {processor.py:925} INFO - DAG(s) 'my_dag' retrieved from /opt/airflow/dags/my_tasks.py
[2026-07-25T15:34:27.695+0000] {logging_mixin.py:190} INFO - [2026-07-25T15:34:27.695+0000] {dag.py:3239} INFO - Sync 1 DAGs
[2026-07-25T15:34:27.711+0000] {logging_mixin.py:190} INFO - [2026-07-25T15:34:27.710+0000] {dag.py:4180} INFO - Setting next_dagrun for my_dag to None, run_after=None
[2026-07-25T15:34:27.724+0000] {processor.py:208} INFO - Processing /opt/airflow/dags/my_tasks.py took 0.059 seconds
[2026-07-25T15:34:57.927+0000] {processor.py:186} INFO - Started process (PID=1658) to work on /opt/airflow/dags/my_tasks.py
[2026-07-25T15:34:57.935+0000] {processor.py:914} INFO - Processing file /opt/airflow/dags/my_tasks.py for tasks to queue
[2026-07-25T15:34:57.938+0000] {logging_mixin.py:190} INFO - [2026-07-25T15:34:57.938+0000] {dagbag.py:588} INFO - Filling up the DagBag from /opt/airflow/dags/my_tasks.py
[2026-07-25T15:34:57.947+0000] {processor.py:925} INFO - DAG(s) 'my_dag' retrieved from /opt/airflow/dags/my_tasks.py
[2026-07-25T15:34:57.964+0000] {logging_mixin.py:190} INFO - [2026-07-25T15:34:57.964+0000] {dag.py:3239} INFO - Sync 1 DAGs
[2026-07-25T15:34:57.980+0000] {logging_mixin.py:190} INFO - [2026-07-25T15:34:57.980+0000] {dag.py:4180} INFO - Setting next_dagrun for my_dag to None, run_after=None
[2026-07-25T15:34:57.994+0000] {processor.py:208} INFO - Processing /opt/airflow/dags/my_tasks.py took 0.070 seconds
[2026-07-25T15:35:28.185+0000] {processor.py:186} INFO - Started process (PID=1669) to work on /opt/airflow/dags/my_tasks.py
[2026-07-25T15:35:28.194+0000] {processor.py:914} INFO - Processing file /opt/airflow/dags/my_tasks.py for tasks to queue
[2026-07-25T15:35:28.198+0000] {logging_mixin.py:190} INFO - [2026-07-25T15:35:28.197+0000] {dagbag.py:588} INFO - Filling up the DagBag from /opt/airflow/dags/my_tasks.py
[2026-07-25T15:35:28.208+0000] {processor.py:925} INFO - DAG(s) 'my_dag' retrieved from /opt/airflow/dags/my_tasks.py
[2026-07-25T15:35:28.232+0000] {logging_mixin.py:190} INFO - [2026-07-25T15:35:28.232+0000] {dag.py:3239} INFO - Sync 1 DAGs
[2026-07-25T15:35:28.249+0000] {logging_mixin.py:190} INFO - [2026-07-25T15:35:28.249+0000] {dag.py:4180} INFO - Setting next_dagrun for my_dag to None, run_after=None
[2026-07-25T15:35:28.263+0000] {processor.py:208} INFO - Processing /opt/airflow/dags/my_tasks.py took 0.083 seconds
[2026-07-25T15:35:58.444+0000] {processor.py:186} INFO - Started process (PID=1680) to work on /opt/airflow/dags/my_tasks.py
[2026-07-25T15:35:58.451+0000] {processor.py:914} INFO - Processing file /opt/airflow/dags/my_tasks.py for tasks to queue
[2026-07-25T15:35:58.453+0000] {logging_mixin.py:190} INFO - [2026-07-25T15:35:58.453+0000] {dagbag.py:588} INFO - Filling up the DagBag from /opt/airflow/dags/my_tasks.py
[2026-07-25T15:35:58.462+0000] {processor.py:925} INFO - DAG(s) 'my_dag' retrieved from /opt/airflow/dags/my_tasks.py
[2026-07-25T15:35:58.479+0000] {logging_mixin.py:190} INFO - [2026-07-25T15:35:58.479+0000] {dag.py:3239} INFO - Sync 1 DAGs
[2026-07-25T15:35:58.495+0000] {logging_mixin.py:190} INFO - [2026-07-25T15:35:58.495+0000] {dag.py:4180} INFO - Setting next_dagrun for my_dag to None, run_after=None
[2026-07-25T15:35:58.508+0000] {processor.py:208} INFO - Processing /opt/airflow/dags/my_tasks.py took 0.069 seconds
[2026-07-25T15:36:28.711+0000] {processor.py:186} INFO - Started process (PID=1691) to work on /opt/airflow/dags/my_tasks.py
[2026-07-25T15:36:28.719+0000] {processor.py:914} INFO - Processing file /opt/airflow/dags/my_tasks.py for tasks to queue
[2026-07-25T15:36:28.721+0000] {logging_mixin.py:190} INFO - [2026-07-25T15:36:28.721+0000] {dagbag.py:588} INFO - Filling up the DagBag from /opt/airflow/dags/my_tasks.py
[2026-07-25T15:36:28.732+0000] {processor.py:925} INFO - DAG(s) 'my_dag' retrieved from /opt/airflow/dags/my_tasks.py
[2026-07-25T15:36:28.750+0000] {logging_mixin.py:190} INFO - [2026-07-25T15:36:28.750+0000] {dag.py:3239} INFO - Sync 1 DAGs
[2026-07-25T15:36:28.766+0000] {logging_mixin.py:190} INFO - [2026-07-25T15:36:28.766+0000] {dag.py:4180} INFO - Setting next_dagrun for my_dag to None, run_after=None
[2026-07-25T15:36:28.780+0000] {processor.py:208} INFO - Processing /opt/airflow/dags/my_tasks.py took 0.073 seconds
[2026-07-25T15:36:58.974+0000] {processor.py:186} INFO - Started process (PID=1702) to work on /opt/airflow/dags/my_tasks.py
[2026-07-25T15:36:58.975+0000] {processor.py:914} INFO - Processing file /opt/airflow/dags/my_tasks.py for tasks to queue
[2026-07-25T15:36:58.976+0000] {logging_mixin.py:190} INFO - [2026-07-25T15:36:58.976+0000] {dagbag.py:588} INFO - Filling up the DagBag from /opt/airflow/dags/my_tasks.py
[2026-07-25T15:36:58.983+0000] {processor.py:925} INFO - DAG(s) 'my_dag' retrieved from /opt/airflow/dags/my_tasks.py
[2026-07-25T15:36:59.001+0000] {logging_mixin.py:190} INFO - [2026-07-25T15:36:59.000+0000] {dag.py:3239} INFO - Sync 1 DAGs
[2026-07-25T15:36:59.016+0000] {logging_mixin.py:190} INFO - [2026-07-25T15:36:59.016+0000] {dag.py:4180} INFO - Setting next_dagrun for my_dag to None, run_after=None
[2026-07-25T15:36:59.030+0000] {processor.py:208} INFO - Processing /opt/airflow/dags/my_tasks.py took 0.060 seconds
[2026-07-25T15:37:29.233+0000] {processor.py:186} INFO - Started process (PID=1713) to work on /opt/airflow/dags/my_tasks.py
[2026-07-25T15:37:29.234+0000] {processor.py:914} INFO - Processing file /opt/airflow/dags/my_tasks.py for tasks to queue
[2026-07-25T15:37:29.235+0000] {logging_mixin.py:190} INFO - [2026-07-25T15:37:29.235+0000] {dagbag.py:588} INFO - Filling up the DagBag from /opt/airflow/dags/my_tasks.py
[2026-07-25T15:37:29.242+0000] {processor.py:925} INFO - DAG(s) 'my_dag' retrieved from /opt/airflow/dags/my_tasks.py
[2026-07-25T15:37:29.259+0000] {logging_mixin.py:190} INFO - [2026-07-25T15:37:29.259+0000] {dag.py:3239} INFO - Sync 1 DAGs
[2026-07-25T15:37:29.274+0000] {logging_mixin.py:190} INFO - [2026-07-25T15:37:29.274+0000] {dag.py:4180} INFO - Setting next_dagrun for my_dag to None, run_after=None
[2026-07-25T15:37:29.289+0000] {processor.py:208} INFO - Processing /opt/airflow/dags/my_tasks.py took 0.060 seconds
[2026-07-25T15:37:59.501+0000] {processor.py:186} INFO - Started process (PID=1724) to work on /opt/airflow/dags/my_tasks.py
[2026-07-25T15:37:59.509+0000] {processor.py:914} INFO - Processing file /opt/airflow/dags/my_tasks.py for tasks to queue
[2026-07-25T15:37:59.512+0000] {logging_mixin.py:190} INFO - [2026-07-25T15:37:59.511+0000] {dagbag.py:588} INFO - Filling up the DagBag from /opt/airflow/dags/my_tasks.py
[2026-07-25T15:37:59.522+0000] {processor.py:925} INFO - DAG(s) 'my_dag' retrieved from /opt/airflow/dags/my_tasks.py
[2026-07-25T15:37:59.541+0000] {logging_mixin.py:190} INFO - [2026-07-25T15:37:59.541+0000] {dag.py:3239} INFO - Sync 1 DAGs
[2026-07-25T15:37:59.558+0000] {logging_mixin.py:190} INFO - [2026-07-25T15:37:59.557+0000] {dag.py:4180} INFO - Setting next_dagrun for my_dag to None, run_after=None
[2026-07-25T15:37:59.574+0000] {processor.py:208} INFO - Processing /opt/airflow/dags/my_tasks.py took 0.077 seconds
[2026-07-25T15:38:29.771+0000] {processor.py:186} INFO - Started process (PID=1735) to work on /opt/airflow/dags/my_tasks.py
[2026-07-25T15:38:29.779+0000] {processor.py:914} INFO - Processing file /opt/airflow/dags/my_tasks.py for tasks to queue
[2026-07-25T15:38:29.782+0000] {logging_mixin.py:190} INFO - [2026-07-25T15:38:29.781+0000] {dagbag.py:588} INFO - Filling up the DagBag from /opt/airflow/dags/my_tasks.py
[2026-07-25T15:38:29.791+0000] {processor.py:925} INFO - DAG(s) 'my_dag' retrieved from /opt/airflow/dags/my_tasks.py
[2026-07-25T15:38:29.810+0000] {logging_mixin.py:190} INFO - [2026-07-25T15:38:29.809+0000] {dag.py:3239} INFO - Sync 1 DAGs
[2026-07-25T15:38:29.825+0000] {logging_mixin.py:190} INFO - [2026-07-25T15:38:29.825+0000] {dag.py:4180} INFO - Setting next_dagrun for my_dag to None, run_after=None
[2026-07-25T15:38:29.839+0000] {processor.py:208} INFO - Processing /opt/airflow/dags/my_tasks.py took 0.072 seconds
[2026-07-25T15:39:00.036+0000] {processor.py:186} INFO - Started process (PID=1746) to work on /opt/airflow/dags/my_tasks.py
[2026-07-25T15:39:00.044+0000] {processor.py:914} INFO - Processing file /opt/airflow/dags/my_tasks.py for tasks to queue
[2026-07-25T15:39:00.046+0000] {logging_mixin.py:190} INFO - [2026-07-25T15:39:00.045+0000] {dagbag.py:588} INFO - Filling up the DagBag from /opt/airflow/dags/my_tasks.py
[2026-07-25T15:39:00.055+0000] {processor.py:925} INFO - DAG(s) 'my_dag' retrieved from /opt/airflow/dags/my_tasks.py
[2026-07-25T15:39:00.075+0000] {logging_mixin.py:190} INFO - [2026-07-25T15:39:00.075+0000] {dag.py:3239} INFO - Sync 1 DAGs
[2026-07-25T15:39:00.091+0000] {logging_mixin.py:190} INFO - [2026-07-25T15:39:00.091+0000] {dag.py:4180} INFO - Setting next_dagrun for my_dag to None, run_after=None
[2026-07-25T15:39:00.105+0000] {processor.py:208} INFO - Processing /opt/airflow/dags/my_tasks.py took 0.072 seconds
[2026-07-25T15:39:30.283+0000] {processor.py:186} INFO - Started process (PID=1757) to work on /opt/airflow/dags/my_tasks.py
[2026-07-25T15:39:30.283+0000] {processor.py:914} INFO - Processing file /opt/airflow/dags/my_tasks.py for tasks to queue
[2026-07-25T15:39:30.285+0000] {logging_mixin.py:190} INFO - [2026-07-25T15:39:30.284+0000] {dagbag.py:588} INFO - Filling up the DagBag from /opt/airflow/dags/my_tasks.py
[2026-07-25T15:39:30.291+0000] {processor.py:925} INFO - DAG(s) 'my_dag' retrieved from /opt/airflow/dags/my_tasks.py
[2026-07-25T15:39:30.309+0000] {logging_mixin.py:190} INFO - [2026-07-25T15:39:30.309+0000] {dag.py:3239} INFO - Sync 1 DAGs
[2026-07-25T15:39:30.324+0000] {logging_mixin.py:190} INFO - [2026-07-25T15:39:30.324+0000] {dag.py:4180} INFO - Setting next_dagrun for my_dag to None, run_after=None
[2026-07-25T15:39:30.339+0000] {processor.py:208} INFO - Processing /opt/airflow/dags/my_tasks.py took 0.061 seconds
[2026-07-25T15:40:00.537+0000] {processor.py:186} INFO - Started process (PID=1768) to work on /opt/airflow/dags/my_tasks.py
[2026-07-25T15:40:00.545+0000] {processor.py:914} INFO - Processing file /opt/airflow/dags/my_tasks.py for tasks to queue
[2026-07-25T15:40:00.546+0000] {logging_mixin.py:190} INFO - [2026-07-25T15:40:00.546+0000] {dagbag.py:588} INFO - Filling up the DagBag from /opt/airflow/dags/my_tasks.py
[2026-07-25T15:40:00.554+0000] {processor.py:925} INFO - DAG(s) 'my_dag' retrieved from /opt/airflow/dags/my_tasks.py
[2026-07-25T15:40:00.572+0000] {logging_mixin.py:190} INFO - [2026-07-25T15:40:00.572+0000] {dag.py:3239} INFO - Sync 1 DAGs
[2026-07-25T15:40:00.588+0000] {logging_mixin.py:190} INFO - [2026-07-25T15:40:00.587+0000] {dag.py:4180} INFO - Setting next_dagrun for my_dag to None, run_after=None
[2026-07-25T15:40:00.601+0000] {processor.py:208} INFO - Processing /opt/airflow/dags/my_tasks.py took 0.069 seconds
[2026-07-25T15:40:30.801+0000] {processor.py:186} INFO - Started process (PID=1779) to work on /opt/airflow/dags/my_tasks.py
[2026-07-25T15:40:30.809+0000] {processor.py:914} INFO - Processing file /opt/airflow/dags/my_tasks.py for tasks to queue
[2026-07-25T15:40:30.812+0000] {logging_mixin.py:190} INFO - [2026-07-25T15:40:30.812+0000] {dagbag.py:588} INFO - Filling up the DagBag from /opt/airflow/dags/my_tasks.py
[2026-07-25T15:40:30.821+0000] {processor.py:925} INFO - DAG(s) 'my_dag' retrieved from /opt/airflow/dags/my_tasks.py
[2026-07-25T15:40:30.841+0000] {logging_mixin.py:190} INFO - [2026-07-25T15:40:30.841+0000] {dag.py:3239} INFO - Sync 1 DAGs
[2026-07-25T15:40:30.857+0000] {logging_mixin.py:190} INFO - [2026-07-25T15:40:30.857+0000] {dag.py:4180} INFO - Setting next_dagrun for my_dag to None, run_after=None
[2026-07-25T15:40:30.871+0000] {processor.py:208} INFO - Processing /opt/airflow/dags/my_tasks.py took 0.073 seconds
[2026-07-25T15:41:01.076+0000] {processor.py:186} INFO - Started process (PID=1789) to work on /opt/airflow/dags/my_tasks.py
[2026-07-25T15:41:01.085+0000] {processor.py:914} INFO - Processing file /opt/airflow/dags/my_tasks.py for tasks to queue
[2026-07-25T15:41:01.090+0000] {logging_mixin.py:190} INFO - [2026-07-25T15:41:01.089+0000] {dagbag.py:588} INFO - Filling up the DagBag from /opt/airflow/dags/my_tasks.py
[2026-07-25T15:41:01.098+0000] {processor.py:925} INFO - DAG(s) 'my_dag' retrieved from /opt/airflow/dags/my_tasks.py
[2026-07-25T15:41:01.116+0000] {logging_mixin.py:190} INFO - [2026-07-25T15:41:01.115+0000] {dag.py:3239} INFO - Sync 1 DAGs
[2026-07-25T15:41:01.132+0000] {logging_mixin.py:190} INFO - [2026-07-25T15:41:01.132+0000] {dag.py:4180} INFO - Setting next_dagrun for my_dag to None, run_after=None
[2026-07-25T15:41:01.145+0000] {processor.py:208} INFO - Processing /opt/airflow/dags/my_tasks.py took 0.073 seconds
[2026-07-25T15:41:31.339+0000] {processor.py:186} INFO - Started process (PID=1800) to work on /opt/airflow/dags/my_tasks.py
[2026-07-25T15:41:31.347+0000] {processor.py:914} INFO - Processing file /opt/airflow/dags/my_tasks.py for tasks to queue
[2026-07-25T15:41:31.351+0000] {logging_mixin.py:190} INFO - [2026-07-25T15:41:31.350+0000] {dagbag.py:588} INFO - Filling up the DagBag from /opt/airflow/dags/my_tasks.py
[2026-07-25T15:41:31.360+0000] {processor.py:925} INFO - DAG(s) 'my_dag' retrieved from /opt/airflow/dags/my_tasks.py
[2026-07-25T15:41:31.380+0000] {logging_mixin.py:190} INFO - [2026-07-25T15:41:31.379+0000] {dag.py:3239} INFO - Sync 1 DAGs
[2026-07-25T15:41:31.396+0000] {logging_mixin.py:190} INFO - [2026-07-25T15:41:31.395+0000] {dag.py:4180} INFO - Setting next_dagrun for my_dag to None, run_after=None
[2026-07-25T15:41:31.409+0000] {processor.py:208} INFO - Processing /opt/airflow/dags/my_tasks.py took 0.077 seconds
[2026-07-25T15:42:01.614+0000] {processor.py:186} INFO - Started process (PID=1811) to work on /opt/airflow/dags/my_tasks.py
[2026-07-25T15:42:01.622+0000] {processor.py:914} INFO - Processing file /opt/airflow/dags/my_tasks.py for tasks to queue
[2026-07-25T15:42:01.625+0000] {logging_mixin.py:190} INFO - [2026-07-25T15:42:01.624+0000] {dagbag.py:588} INFO - Filling up the DagBag from /opt/airflow/dags/my_tasks.py
[2026-07-25T15:42:01.635+0000] {processor.py:925} INFO - DAG(s) 'my_dag' retrieved from /opt/airflow/dags/my_tasks.py
[2026-07-25T15:42:01.657+0000] {logging_mixin.py:190} INFO - [2026-07-25T15:42:01.657+0000] {dag.py:3239} INFO - Sync 1 DAGs
[2026-07-25T15:42:01.672+0000] {logging_mixin.py:190} INFO - [2026-07-25T15:42:01.672+0000] {dag.py:4180} INFO - Setting next_dagrun for my_dag to None, run_after=None
[2026-07-25T15:42:01.685+0000] {processor.py:208} INFO - Processing /opt/airflow/dags/my_tasks.py took 0.076 seconds
[2026-07-25T15:42:31.874+0000] {processor.py:186} INFO - Started process (PID=1822) to work on /opt/airflow/dags/my_tasks.py
[2026-07-25T15:42:31.882+0000] {processor.py:914} INFO - Processing file /opt/airflow/dags/my_tasks.py for tasks to queue
[2026-07-25T15:42:31.884+0000] {logging_mixin.py:190} INFO - [2026-07-25T15:42:31.883+0000] {dagbag.py:588} INFO - Filling up the DagBag from /opt/airflow/dags/my_tasks.py
[2026-07-25T15:42:31.892+0000] {processor.py:925} INFO - DAG(s) 'my_dag' retrieved from /opt/airflow/dags/my_tasks.py
[2026-07-25T15:42:31.911+0000] {logging_mixin.py:190} INFO - [2026-07-25T15:42:31.911+0000] {dag.py:3239} INFO - Sync 1 DAGs
[2026-07-25T15:42:31.926+0000] {logging_mixin.py:190} INFO - [2026-07-25T15:42:31.926+0000] {dag.py:4180} INFO - Setting next_dagrun for my_dag to None, run_after=None
[2026-07-25T15:42:31.941+0000] {processor.py:208} INFO - Processing /opt/airflow/dags/my_tasks.py took 0.072 seconds
[2026-07-25T15:43:02.126+0000] {processor.py:186} INFO - Started process (PID=1833) to work on /opt/airflow/dags/my_tasks.py
[2026-07-25T15:43:02.128+0000] {processor.py:914} INFO - Processing file /opt/airflow/dags/my_tasks.py for tasks to queue
[2026-07-25T15:43:02.130+0000] {logging_mixin.py:190} INFO - [2026-07-25T15:43:02.130+0000] {dagbag.py:588} INFO - Filling up the DagBag from /opt/airflow/dags/my_tasks.py
[2026-07-25T15:43:02.137+0000] {processor.py:925} INFO - DAG(s) 'my_dag' retrieved from /opt/airflow/dags/my_tasks.py
[2026-07-25T15:43:02.154+0000] {logging_mixin.py:190} INFO - [2026-07-25T15:43:02.154+0000] {dag.py:3239} INFO - Sync 1 DAGs
[2026-07-25T15:43:02.170+0000] {logging_mixin.py:190} INFO - [2026-07-25T15:43:02.170+0000] {dag.py:4180} INFO - Setting next_dagrun for my_dag to None, run_after=None
[2026-07-25T15:43:02.185+0000] {processor.py:208} INFO - Processing /opt/airflow/dags/my_tasks.py took 0.062 seconds
[2026-07-25T15:43:32.387+0000] {processor.py:186} INFO - Started process (PID=1844) to work on /opt/airflow/dags/my_tasks.py
[2026-07-25T15:43:32.395+0000] {processor.py:914} INFO - Processing file /opt/airflow/dags/my_tasks.py for tasks to queue
[2026-07-25T15:43:32.397+0000] {logging_mixin.py:190} INFO - [2026-07-25T15:43:32.397+0000] {dagbag.py:588} INFO - Filling up the DagBag from /opt/airflow/dags/my_tasks.py
[2026-07-25T15:43:32.408+0000] {processor.py:925} INFO - DAG(s) 'my_dag' retrieved from /opt/airflow/dags/my_tasks.py
[2026-07-25T15:43:32.429+0000] {logging_mixin.py:190} INFO - [2026-07-25T15:43:32.429+0000] {dag.py:3239} INFO - Sync 1 DAGs
[2026-07-25T15:43:32.445+0000] {logging_mixin.py:190} INFO - [2026-07-25T15:43:32.445+0000] {dag.py:4180} INFO - Setting next_dagrun for my_dag to None, run_after=None
[2026-07-25T15:43:32.459+0000] {processor.py:208} INFO - Processing /opt/airflow/dags/my_tasks.py took 0.076 seconds
[2026-07-25T15:44:02.644+0000] {processor.py:186} INFO - Started process (PID=1855) to work on /opt/airflow/dags/my_tasks.py
[2026-07-25T15:44:02.652+0000] {processor.py:914} INFO - Processing file /opt/airflow/dags/my_tasks.py for tasks to queue
[2026-07-25T15:44:02.654+0000] {logging_mixin.py:190} INFO - [2026-07-25T15:44:02.653+0000] {dagbag.py:588} INFO - Filling up the DagBag from /opt/airflow/dags/my_tasks.py
[2026-07-25T15:44:02.660+0000] {processor.py:925} INFO - DAG(s) 'my_dag' retrieved from /opt/airflow/dags/my_tasks.py
[2026-07-25T15:44:02.678+0000] {logging_mixin.py:190} INFO - [2026-07-25T15:44:02.678+0000] {dag.py:3239} INFO - Sync 1 DAGs
[2026-07-25T15:44:02.694+0000] {logging_mixin.py:190} INFO - [2026-07-25T15:44:02.694+0000] {dag.py:4180} INFO - Setting next_dagrun for my_dag to None, run_after=None
[2026-07-25T15:44:02.708+0000] {processor.py:208} INFO - Processing /opt/airflow/dags/my_tasks.py took 0.069 seconds
[2026-07-25T15:44:32.922+0000] {processor.py:186} INFO - Started process (PID=1866) to work on /opt/airflow/dags/my_tasks.py
[2026-07-25T15:44:32.930+0000] {processor.py:914} INFO - Processing file /opt/airflow/dags/my_tasks.py for tasks to queue
[2026-07-25T15:44:32.932+0000] {logging_mixin.py:190} INFO - [2026-07-25T15:44:32.932+0000] {dagbag.py:588} INFO - Filling up the DagBag from /opt/airflow/dags/my_tasks.py
[2026-07-25T15:44:32.945+0000] {processor.py:925} INFO - DAG(s) 'my_dag' retrieved from /opt/airflow/dags/my_tasks.py
[2026-07-25T15:44:32.964+0000] {logging_mixin.py:190} INFO - [2026-07-25T15:44:32.964+0000] {dag.py:3239} INFO - Sync 1 DAGs
[2026-07-25T15:44:32.980+0000] {logging_mixin.py:190} INFO - [2026-07-25T15:44:32.979+0000] {dag.py:4180} INFO - Setting next_dagrun for my_dag to None, run_after=None
[2026-07-25T15:44:32.994+0000] {processor.py:208} INFO - Processing /opt/airflow/dags/my_tasks.py took 0.075 seconds
[2026-07-25T15:45:03.191+0000] {processor.py:186} INFO - Started process (PID=1877) to work on /opt/airflow/dags/my_tasks.py
[2026-07-25T15:45:03.191+0000] {processor.py:914} INFO - Processing file /opt/airflow/dags/my_tasks.py for tasks to queue
[2026-07-25T15:45:03.193+0000] {logging_mixin.py:190} INFO - [2026-07-25T15:45:03.192+0000] {dagbag.py:588} INFO - Filling up the DagBag from /opt/airflow/dags/my_tasks.py
[2026-07-25T15:45:03.200+0000] {processor.py:925} INFO - DAG(s) 'my_dag' retrieved from /opt/airflow/dags/my_tasks.py
[2026-07-25T15:45:03.217+0000] {logging_mixin.py:190} INFO - [2026-07-25T15:45:03.217+0000] {dag.py:3239} INFO - Sync 1 DAGs
[2026-07-25T15:45:03.234+0000] {logging_mixin.py:190} INFO - [2026-07-25T15:45:03.233+0000] {dag.py:4180} INFO - Setting next_dagrun for my_dag to None, run_after=None
[2026-07-25T15:45:03.247+0000] {processor.py:208} INFO - Processing /opt/airflow/dags/my_tasks.py took 0.060 seconds
[2026-07-25T15:45:33.467+0000] {processor.py:186} INFO - Started process (PID=1888) to work on /opt/airflow/dags/my_tasks.py
[2026-07-25T15:45:33.475+0000] {processor.py:914} INFO - Processing file /opt/airflow/dags/my_tasks.py for tasks to queue
[2026-07-25T15:45:33.478+0000] {logging_mixin.py:190} INFO - [2026-07-25T15:45:33.477+0000] {dagbag.py:588} INFO - Filling up the DagBag from /opt/airflow/dags/my_tasks.py
[2026-07-25T15:45:33.489+0000] {processor.py:925} INFO - DAG(s) 'my_dag' retrieved from /opt/airflow/dags/my_tasks.py
[2026-07-25T15:45:33.506+0000] {logging_mixin.py:190} INFO - [2026-07-25T15:45:33.506+0000] {dag.py:3239} INFO - Sync 1 DAGs
[2026-07-25T15:45:33.522+0000] {logging_mixin.py:190} INFO - [2026-07-25T15:45:33.522+0000] {dag.py:4180} INFO - Setting next_dagrun for my_dag to None, run_after=None
[2026-07-25T15:45:33.536+0000] {processor.py:208} INFO - Processing /opt/airflow/dags/my_tasks.py took 0.073 seconds
[2026-07-25T15:46:03.726+0000] {processor.py:186} INFO - Started process (PID=1899) to work on /opt/airflow/dags/my_tasks.py
[2026-07-25T15:46:03.727+0000] {processor.py:914} INFO - Processing file /opt/airflow/dags/my_tasks.py for tasks to queue
[2026-07-25T15:46:03.728+0000] {logging_mixin.py:190} INFO - [2026-07-25T15:46:03.728+0000] {dagbag.py:588} INFO - Filling up the DagBag from /opt/airflow/dags/my_tasks.py
[2026-07-25T15:46:03.735+0000] {processor.py:925} INFO - DAG(s) 'my_dag' retrieved from /opt/airflow/dags/my_tasks.py
[2026-07-25T15:46:03.752+0000] {logging_mixin.py:190} INFO - [2026-07-25T15:46:03.752+0000] {dag.py:3239} INFO - Sync 1 DAGs
[2026-07-25T15:46:03.768+0000] {logging_mixin.py:190} INFO - [2026-07-25T15:46:03.768+0000] {dag.py:4180} INFO - Setting next_dagrun for my_dag to None, run_after=None
[2026-07-25T15:46:03.785+0000] {processor.py:208} INFO - Processing /opt/airflow/dags/my_tasks.py took 0.064 seconds
[2026-07-25T15:46:33.989+0000] {processor.py:186} INFO - Started process (PID=1910) to work on /opt/airflow/dags/my_tasks.py
[2026-07-25T15:46:33.989+0000] {processor.py:914} INFO - Processing file /opt/airflow/dags/my_tasks.py for tasks to queue
[2026-07-25T15:46:33.991+0000] {logging_mixin.py:190} INFO - [2026-07-25T15:46:33.991+0000] {dagbag.py:588} INFO - Filling up the DagBag from /opt/airflow/dags/my_tasks.py
[2026-07-25T15:46:33.997+0000] {processor.py:925} INFO - DAG(s) 'my_dag' retrieved from /opt/airflow/dags/my_tasks.py
[2026-07-25T15:46:34.015+0000] {logging_mixin.py:190} INFO - [2026-07-25T15:46:34.015+0000] {dag.py:3239} INFO - Sync 1 DAGs
[2026-07-25T15:46:34.032+0000] {logging_mixin.py:190} INFO - [2026-07-25T15:46:34.031+0000] {dag.py:4180} INFO - Setting next_dagrun for my_dag to None, run_after=None
[2026-07-25T15:46:34.046+0000] {processor.py:208} INFO - Processing /opt/airflow/dags/my_tasks.py took 0.061 seconds
[2026-07-25T15:47:04.264+0000] {processor.py:186} INFO - Started process (PID=1921) to work on /opt/airflow/dags/my_tasks.py
[2026-07-25T15:47:04.264+0000] {processor.py:914} INFO - Processing file /opt/airflow/dags/my_tasks.py for tasks to queue
[2026-07-25T15:47:04.266+0000] {logging_mixin.py:190} INFO - [2026-07-25T15:47:04.266+0000] {dagbag.py:588} INFO - Filling up the DagBag from /opt/airflow/dags/my_tasks.py
[2026-07-25T15:47:04.272+0000] {processor.py:925} INFO - DAG(s) 'my_dag' retrieved from /opt/airflow/dags/my_tasks.py
[2026-07-25T15:47:04.290+0000] {logging_mixin.py:190} INFO - [2026-07-25T15:47:04.290+0000] {dag.py:3239} INFO - Sync 1 DAGs
[2026-07-25T15:47:04.306+0000] {logging_mixin.py:190} INFO - [2026-07-25T15:47:04.306+0000] {dag.py:4180} INFO - Setting next_dagrun for my_dag to None, run_after=None
[2026-07-25T15:47:04.320+0000] {processor.py:208} INFO - Processing /opt/airflow/dags/my_tasks.py took 0.060 seconds
[2026-07-25T15:47:34.542+0000] {processor.py:186} INFO - Started process (PID=1932) to work on /opt/airflow/dags/my_tasks.py
[2026-07-25T15:47:34.543+0000] {processor.py:914} INFO - Processing file /opt/airflow/dags/my_tasks.py for tasks to queue
[2026-07-25T15:47:34.544+0000] {logging_mixin.py:190} INFO - [2026-07-25T15:47:34.544+0000] {dagbag.py:588} INFO - Filling up the DagBag from /opt/airflow/dags/my_tasks.py
[2026-07-25T15:47:34.551+0000] {processor.py:925} INFO - DAG(s) 'my_dag' retrieved from /opt/airflow/dags/my_tasks.py
[2026-07-25T15:47:34.569+0000] {logging_mixin.py:190} INFO - [2026-07-25T15:47:34.568+0000] {dag.py:3239} INFO - Sync 1 DAGs
[2026-07-25T15:47:34.584+0000] {logging_mixin.py:190} INFO - [2026-07-25T15:47:34.584+0000] {dag.py:4180} INFO - Setting next_dagrun for my_dag to None, run_after=None
[2026-07-25T15:47:34.602+0000] {processor.py:208} INFO - Processing /opt/airflow/dags/my_tasks.py took 0.064 seconds
[2026-07-25T15:48:04.782+0000] {processor.py:186} INFO - Started process (PID=1943) to work on /opt/airflow/dags/my_tasks.py
[2026-07-25T15:48:04.782+0000] {processor.py:914} INFO - Processing file /opt/airflow/dags/my_tasks.py for tasks to queue
[2026-07-25T15:48:04.784+0000] {logging_mixin.py:190} INFO - [2026-07-25T15:48:04.784+0000] {dagbag.py:588} INFO - Filling up the DagBag from /opt/airflow/dags/my_tasks.py
[2026-07-25T15:48:04.790+0000] {processor.py:925} INFO - DAG(s) 'my_dag' retrieved from /opt/airflow/dags/my_tasks.py
[2026-07-25T15:48:04.807+0000] {logging_mixin.py:190} INFO - [2026-07-25T15:48:04.807+0000] {dag.py:3239} INFO - Sync 1 DAGs
[2026-07-25T15:48:04.823+0000] {logging_mixin.py:190} INFO - [2026-07-25T15:48:04.823+0000] {dag.py:4180} INFO - Setting next_dagrun for my_dag to None, run_after=None
[2026-07-25T15:48:04.836+0000] {processor.py:208} INFO - Processing /opt/airflow/dags/my_tasks.py took 0.059 seconds
[2026-07-25T15:48:35.019+0000] {processor.py:186} INFO - Started process (PID=1954) to work on /opt/airflow/dags/my_tasks.py
[2026-07-25T15:48:35.026+0000] {processor.py:914} INFO - Processing file /opt/airflow/dags/my_tasks.py for tasks to queue
[2026-07-25T15:48:35.029+0000] {logging_mixin.py:190} INFO - [2026-07-25T15:48:35.028+0000] {dagbag.py:588} INFO - Filling up the DagBag from /opt/airflow/dags/my_tasks.py
[2026-07-25T15:48:35.039+0000] {processor.py:925} INFO - DAG(s) 'my_dag' retrieved from /opt/airflow/dags/my_tasks.py
[2026-07-25T15:48:35.057+0000] {logging_mixin.py:190} INFO - [2026-07-25T15:48:35.057+0000] {dag.py:3239} INFO - Sync 1 DAGs
[2026-07-25T15:48:35.072+0000] {logging_mixin.py:190} INFO - [2026-07-25T15:48:35.072+0000] {dag.py:4180} INFO - Setting next_dagrun for my_dag to None, run_after=None
[2026-07-25T15:48:35.087+0000] {processor.py:208} INFO - Processing /opt/airflow/dags/my_tasks.py took 0.072 seconds
[2026-07-25T15:49:05.290+0000] {processor.py:186} INFO - Started process (PID=1965) to work on /opt/airflow/dags/my_tasks.py
[2026-07-25T15:49:05.291+0000] {processor.py:914} INFO - Processing file /opt/airflow/dags/my_tasks.py for tasks to queue
[2026-07-25T15:49:05.292+0000] {logging_mixin.py:190} INFO - [2026-07-25T15:49:05.292+0000] {dagbag.py:588} INFO - Filling up the DagBag from /opt/airflow/dags/my_tasks.py
[2026-07-25T15:49:05.299+0000] {processor.py:925} INFO - DAG(s) 'my_dag' retrieved from /opt/airflow/dags/my_tasks.py
[2026-07-25T15:49:05.316+0000] {logging_mixin.py:190} INFO - [2026-07-25T15:49:05.316+0000] {dag.py:3239} INFO - Sync 1 DAGs
[2026-07-25T15:49:05.332+0000] {logging_mixin.py:190} INFO - [2026-07-25T15:49:05.332+0000] {dag.py:4180} INFO - Setting next_dagrun for my_dag to None, run_after=None
[2026-07-25T15:49:05.346+0000] {processor.py:208} INFO - Processing /opt/airflow/dags/my_tasks.py took 0.060 seconds
[2026-07-25T15:49:35.572+0000] {processor.py:186} INFO - Started process (PID=1976) to work on /opt/airflow/dags/my_tasks.py
[2026-07-25T15:49:35.580+0000] {processor.py:914} INFO - Processing file /opt/airflow/dags/my_tasks.py for tasks to queue
[2026-07-25T15:49:35.584+0000] {logging_mixin.py:190} INFO - [2026-07-25T15:49:35.583+0000] {dagbag.py:588} INFO - Filling up the DagBag from /opt/airflow/dags/my_tasks.py
[2026-07-25T15:49:35.592+0000] {processor.py:925} INFO - DAG(s) 'my_dag' retrieved from /opt/airflow/dags/my_tasks.py
[2026-07-25T15:49:35.610+0000] {logging_mixin.py:190} INFO - [2026-07-25T15:49:35.609+0000] {dag.py:3239} INFO - Sync 1 DAGs
[2026-07-25T15:49:35.625+0000] {logging_mixin.py:190} INFO - [2026-07-25T15:49:35.625+0000] {dag.py:4180} INFO - Setting next_dagrun for my_dag to None, run_after=None
[2026-07-25T15:49:35.639+0000] {processor.py:208} INFO - Processing /opt/airflow/dags/my_tasks.py took 0.071 seconds
[2026-07-25T15:50:05.848+0000] {processor.py:186} INFO - Started process (PID=1993) to work on /opt/airflow/dags/my_tasks.py
[2026-07-25T15:50:05.849+0000] {processor.py:914} INFO - Processing file /opt/airflow/dags/my_tasks.py for tasks to queue
[2026-07-25T15:50:05.850+0000] {logging_mixin.py:190} INFO - [2026-07-25T15:50:05.850+0000] {dagbag.py:588} INFO - Filling up the DagBag from /opt/airflow/dags/my_tasks.py
[2026-07-25T15:50:05.857+0000] {processor.py:925} INFO - DAG(s) 'my_dag' retrieved from /opt/airflow/dags/my_tasks.py
[2026-07-25T15:50:05.874+0000] {logging_mixin.py:190} INFO - [2026-07-25T15:50:05.874+0000] {dag.py:3239} INFO - Sync 1 DAGs
[2026-07-25T15:50:05.890+0000] {logging_mixin.py:190} INFO - [2026-07-25T15:50:05.890+0000] {dag.py:4180} INFO - Setting next_dagrun for my_dag to None, run_after=None
[2026-07-25T15:50:05.903+0000] {processor.py:208} INFO - Processing /opt/airflow/dags/my_tasks.py took 0.059 seconds
[2026-07-25T15:50:36.105+0000] {processor.py:186} INFO - Started process (PID=2004) to work on /opt/airflow/dags/my_tasks.py
[2026-07-25T15:50:36.113+0000] {processor.py:914} INFO - Processing file /opt/airflow/dags/my_tasks.py for tasks to queue
[2026-07-25T15:50:36.115+0000] {logging_mixin.py:190} INFO - [2026-07-25T15:50:36.115+0000] {dagbag.py:588} INFO - Filling up the DagBag from /opt/airflow/dags/my_tasks.py
[2026-07-25T15:50:36.123+0000] {processor.py:925} INFO - DAG(s) 'my_dag' retrieved from /opt/airflow/dags/my_tasks.py
[2026-07-25T15:50:36.140+0000] {logging_mixin.py:190} INFO - [2026-07-25T15:50:36.140+0000] {dag.py:3239} INFO - Sync 1 DAGs
[2026-07-25T15:50:36.156+0000] {logging_mixin.py:190} INFO - [2026-07-25T15:50:36.156+0000] {dag.py:4180} INFO - Setting next_dagrun for my_dag to None, run_after=None
[2026-07-25T15:50:36.171+0000] {processor.py:208} INFO - Processing /opt/airflow/dags/my_tasks.py took 0.070 seconds
[2026-07-25T15:51:06.383+0000] {processor.py:186} INFO - Started process (PID=2015) to work on /opt/airflow/dags/my_tasks.py
[2026-07-25T15:51:06.391+0000] {processor.py:914} INFO - Processing file /opt/airflow/dags/my_tasks.py for tasks to queue
[2026-07-25T15:51:06.395+0000] {logging_mixin.py:190} INFO - [2026-07-25T15:51:06.394+0000] {dagbag.py:588} INFO - Filling up the DagBag from /opt/airflow/dags/my_tasks.py
[2026-07-25T15:51:06.405+0000] {processor.py:925} INFO - DAG(s) 'my_dag' retrieved from /opt/airflow/dags/my_tasks.py
[2026-07-25T15:51:06.423+0000] {logging_mixin.py:190} INFO - [2026-07-25T15:51:06.423+0000] {dag.py:3239} INFO - Sync 1 DAGs
[2026-07-25T15:51:06.438+0000] {logging_mixin.py:190} INFO - [2026-07-25T15:51:06.438+0000] {dag.py:4180} INFO - Setting next_dagrun for my_dag to None, run_after=None
[2026-07-25T15:51:06.452+0000] {processor.py:208} INFO - Processing /opt/airflow/dags/my_tasks.py took 0.074 seconds
[2026-07-25T15:51:36.653+0000] {processor.py:186} INFO - Started process (PID=2026) to work on /opt/airflow/dags/my_tasks.py
[2026-07-25T15:51:36.661+0000] {processor.py:914} INFO - Processing file /opt/airflow/dags/my_tasks.py for tasks to queue
[2026-07-25T15:51:36.662+0000] {logging_mixin.py:190} INFO - [2026-07-25T15:51:36.662+0000] {dagbag.py:588} INFO - Filling up the DagBag from /opt/airflow/dags/my_tasks.py
[2026-07-25T15:51:36.670+0000] {processor.py:925} INFO - DAG(s) 'my_dag' retrieved from /opt/airflow/dags/my_tasks.py
[2026-07-25T15:51:36.690+0000] {logging_mixin.py:190} INFO - [2026-07-25T15:51:36.689+0000] {dag.py:3239} INFO - Sync 1 DAGs
[2026-07-25T15:51:36.704+0000] {logging_mixin.py:190} INFO - [2026-07-25T15:51:36.704+0000] {dag.py:4180} INFO - Setting next_dagrun for my_dag to None, run_after=None
[2026-07-25T15:51:36.718+0000] {processor.py:208} INFO - Processing /opt/airflow/dags/my_tasks.py took 0.070 seconds
[2026-07-25T15:52:06.929+0000] {processor.py:186} INFO - Started process (PID=2037) to work on /opt/airflow/dags/my_tasks.py
[2026-07-25T15:52:06.937+0000] {processor.py:914} INFO - Processing file /opt/airflow/dags/my_tasks.py for tasks to queue
[2026-07-25T15:52:06.940+0000] {logging_mixin.py:190} INFO - [2026-07-25T15:52:06.939+0000] {dagbag.py:588} INFO - Filling up the DagBag from /opt/airflow/dags/my_tasks.py
[2026-07-25T15:52:06.947+0000] {processor.py:925} INFO - DAG(s) 'my_dag' retrieved from /opt/airflow/dags/my_tasks.py
[2026-07-25T15:52:06.965+0000] {logging_mixin.py:190} INFO - [2026-07-25T15:52:06.965+0000] {dag.py:3239} INFO - Sync 1 DAGs
[2026-07-25T15:52:06.982+0000] {logging_mixin.py:190} INFO - [2026-07-25T15:52:06.981+0000] {dag.py:4180} INFO - Setting next_dagrun for my_dag to None, run_after=None
[2026-07-25T15:52:06.996+0000] {processor.py:208} INFO - Processing /opt/airflow/dags/my_tasks.py took 0.071 seconds
[2026-07-25T15:52:37.202+0000] {processor.py:186} INFO - Started process (PID=2048) to work on /opt/airflow/dags/my_tasks.py
[2026-07-25T15:52:37.202+0000] {processor.py:914} INFO - Processing file /opt/airflow/dags/my_tasks.py for tasks to queue
[2026-07-25T15:52:37.204+0000] {logging_mixin.py:190} INFO - [2026-07-25T15:52:37.204+0000] {dagbag.py:588} INFO - Filling up the DagBag from /opt/airflow/dags/my_tasks.py
[2026-07-25T15:52:37.210+0000] {processor.py:925} INFO - DAG(s) 'my_dag' retrieved from /opt/airflow/dags/my_tasks.py
[2026-07-25T15:52:37.228+0000] {logging_mixin.py:190} INFO - [2026-07-25T15:52:37.228+0000] {dag.py:3239} INFO - Sync 1 DAGs
[2026-07-25T15:52:37.243+0000] {logging_mixin.py:190} INFO - [2026-07-25T15:52:37.243+0000] {dag.py:4180} INFO - Setting next_dagrun for my_dag to None, run_after=None
[2026-07-25T15:52:37.257+0000] {processor.py:208} INFO - Processing /opt/airflow/dags/my_tasks.py took 0.059 seconds
[2026-07-25T15:53:07.475+0000] {processor.py:186} INFO - Started process (PID=2059) to work on /opt/airflow/dags/my_tasks.py
[2026-07-25T15:53:07.483+0000] {processor.py:914} INFO - Processing file /opt/airflow/dags/my_tasks.py for tasks to queue
[2026-07-25T15:53:07.486+0000] {logging_mixin.py:190} INFO - [2026-07-25T15:53:07.485+0000] {dagbag.py:588} INFO - Filling up the DagBag from /opt/airflow/dags/my_tasks.py
[2026-07-25T15:53:07.495+0000] {processor.py:925} INFO - DAG(s) 'my_dag' retrieved from /opt/airflow/dags/my_tasks.py
[2026-07-25T15:53:07.513+0000] {logging_mixin.py:190} INFO - [2026-07-25T15:53:07.513+0000] {dag.py:3239} INFO - Sync 1 DAGs
[2026-07-25T15:53:07.529+0000] {logging_mixin.py:190} INFO - [2026-07-25T15:53:07.529+0000] {dag.py:4180} INFO - Setting next_dagrun for my_dag to None, run_after=None
[2026-07-25T15:53:07.542+0000] {processor.py:208} INFO - Processing /opt/airflow/dags/my_tasks.py took 0.071 seconds
[2026-07-25T15:53:37.739+0000] {processor.py:186} INFO - Started process (PID=2070) to work on /opt/airflow/dags/my_tasks.py
[2026-07-25T15:53:37.747+0000] {processor.py:914} INFO - Processing file /opt/airflow/dags/my_tasks.py for tasks to queue
[2026-07-25T15:53:37.749+0000] {logging_mixin.py:190} INFO - [2026-07-25T15:53:37.749+0000] {dagbag.py:588} INFO - Filling up the DagBag from /opt/airflow/dags/my_tasks.py
[2026-07-25T15:53:37.757+0000] {processor.py:925} INFO - DAG(s) 'my_dag' retrieved from /opt/airflow/dags/my_tasks.py
[2026-07-25T15:53:37.774+0000] {logging_mixin.py:190} INFO - [2026-07-25T15:53:37.774+0000] {dag.py:3239} INFO - Sync 1 DAGs
[2026-07-25T15:53:37.790+0000] {logging_mixin.py:190} INFO - [2026-07-25T15:53:37.790+0000] {dag.py:4180} INFO - Setting next_dagrun for my_dag to None, run_after=None
[2026-07-25T15:53:37.805+0000] {processor.py:208} INFO - Processing /opt/airflow/dags/my_tasks.py took 0.070 seconds
[2026-07-25T15:54:08.014+0000] {processor.py:186} INFO - Started process (PID=2081) to work on /opt/airflow/dags/my_tasks.py
[2026-07-25T15:54:08.022+0000] {processor.py:914} INFO - Processing file /opt/airflow/dags/my_tasks.py for tasks to queue
[2026-07-25T15:54:08.023+0000] {logging_mixin.py:190} INFO - [2026-07-25T15:54:08.023+0000] {dagbag.py:588} INFO - Filling up the DagBag from /opt/airflow/dags/my_tasks.py
[2026-07-25T15:54:08.030+0000] {processor.py:925} INFO - DAG(s) 'my_dag' retrieved from /opt/airflow/dags/my_tasks.py
[2026-07-25T15:54:08.048+0000] {logging_mixin.py:190} INFO - [2026-07-25T15:54:08.047+0000] {dag.py:3239} INFO - Sync 1 DAGs
[2026-07-25T15:54:08.064+0000] {logging_mixin.py:190} INFO - [2026-07-25T15:54:08.064+0000] {dag.py:4180} INFO - Setting next_dagrun for my_dag to None, run_after=None
[2026-07-25T15:54:08.113+0000] {processor.py:208} INFO - Processing /opt/airflow/dags/my_tasks.py took 0.104 seconds
[2026-07-25T15:54:38.287+0000] {processor.py:186} INFO - Started process (PID=2092) to work on /opt/airflow/dags/my_tasks.py
[2026-07-25T15:54:38.289+0000] {processor.py:914} INFO - Processing file /opt/airflow/dags/my_tasks.py for tasks to queue
[2026-07-25T15:54:38.290+0000] {logging_mixin.py:190} INFO - [2026-07-25T15:54:38.290+0000] {dagbag.py:588} INFO - Filling up the DagBag from /opt/airflow/dags/my_tasks.py
[2026-07-25T15:54:38.297+0000] {processor.py:925} INFO - DAG(s) 'my_dag' retrieved from /opt/airflow/dags/my_tasks.py
[2026-07-25T15:54:38.316+0000] {logging_mixin.py:190} INFO - [2026-07-25T15:54:38.315+0000] {dag.py:3239} INFO - Sync 1 DAGs
[2026-07-25T15:54:38.332+0000] {logging_mixin.py:190} INFO - [2026-07-25T15:54:38.332+0000] {dag.py:4180} INFO - Setting next_dagrun for my_dag to None, run_after=None
[2026-07-25T15:54:38.352+0000] {processor.py:208} INFO - Processing /opt/airflow/dags/my_tasks.py took 0.068 seconds
[2026-07-25T15:55:08.568+0000] {processor.py:186} INFO - Started process (PID=2103) to work on /opt/airflow/dags/my_tasks.py
[2026-07-25T15:55:08.569+0000] {processor.py:914} INFO - Processing file /opt/airflow/dags/my_tasks.py for tasks to queue
[2026-07-25T15:55:08.570+0000] {logging_mixin.py:190} INFO - [2026-07-25T15:55:08.570+0000] {dagbag.py:588} INFO - Filling up the DagBag from /opt/airflow/dags/my_tasks.py
[2026-07-25T15:55:08.577+0000] {processor.py:925} INFO - DAG(s) 'my_dag' retrieved from /opt/airflow/dags/my_tasks.py
[2026-07-25T15:55:08.595+0000] {logging_mixin.py:190} INFO - [2026-07-25T15:55:08.595+0000] {dag.py:3239} INFO - Sync 1 DAGs
[2026-07-25T15:55:08.611+0000] {logging_mixin.py:190} INFO - [2026-07-25T15:55:08.611+0000] {dag.py:4180} INFO - Setting next_dagrun for my_dag to None, run_after=None
[2026-07-25T15:55:08.625+0000] {processor.py:208} INFO - Processing /opt/airflow/dags/my_tasks.py took 0.062 seconds
[2026-07-25T15:55:38.835+0000] {processor.py:186} INFO - Started process (PID=2114) to work on /opt/airflow/dags/my_tasks.py
[2026-07-25T15:55:38.836+0000] {processor.py:914} INFO - Processing file /opt/airflow/dags/my_tasks.py for tasks to queue
[2026-07-25T15:55:38.837+0000] {logging_mixin.py:190} INFO - [2026-07-25T15:55:38.837+0000] {dagbag.py:588} INFO - Filling up the DagBag from /opt/airflow/dags/my_tasks.py
[2026-07-25T15:55:38.844+0000] {processor.py:925} INFO - DAG(s) 'my_dag' retrieved from /opt/airflow/dags/my_tasks.py
[2026-07-25T15:55:38.861+0000] {logging_mixin.py:190} INFO - [2026-07-25T15:55:38.861+0000] {dag.py:3239} INFO - Sync 1 DAGs
[2026-07-25T15:55:38.877+0000] {logging_mixin.py:190} INFO - [2026-07-25T15:55:38.877+0000] {dag.py:4180} INFO - Setting next_dagrun for my_dag to None, run_after=None
[2026-07-25T15:55:38.891+0000] {processor.py:208} INFO - Processing /opt/airflow/dags/my_tasks.py took 0.060 seconds
[2026-07-25T15:56:09.095+0000] {processor.py:186} INFO - Started process (PID=2125) to work on /opt/airflow/dags/my_tasks.py
[2026-07-25T15:56:09.096+0000] {processor.py:914} INFO - Processing file /opt/airflow/dags/my_tasks.py for tasks to queue
[2026-07-25T15:56:09.097+0000] {logging_mixin.py:190} INFO - [2026-07-25T15:56:09.097+0000] {dagbag.py:588} INFO - Filling up the DagBag from /opt/airflow/dags/my_tasks.py
[2026-07-25T15:56:09.104+0000] {processor.py:925} INFO - DAG(s) 'my_dag' retrieved from /opt/airflow/dags/my_tasks.py
[2026-07-25T15:56:09.121+0000] {logging_mixin.py:190} INFO - [2026-07-25T15:56:09.121+0000] {dag.py:3239} INFO - Sync 1 DAGs
[2026-07-25T15:56:09.137+0000] {logging_mixin.py:190} INFO - [2026-07-25T15:56:09.137+0000] {dag.py:4180} INFO - Setting next_dagrun for my_dag to None, run_after=None
[2026-07-25T15:56:09.151+0000] {processor.py:208} INFO - Processing /opt/airflow/dags/my_tasks.py took 0.059 seconds
[2026-07-25T15:56:39.379+0000] {processor.py:186} INFO - Started process (PID=2136) to work on /opt/airflow/dags/my_tasks.py
[2026-07-25T15:56:39.380+0000] {processor.py:914} INFO - Processing file /opt/airflow/dags/my_tasks.py for tasks to queue
[2026-07-25T15:56:39.381+0000] {logging_mixin.py:190} INFO - [2026-07-25T15:56:39.381+0000] {dagbag.py:588} INFO - Filling up the DagBag from /opt/airflow/dags/my_tasks.py
[2026-07-25T15:56:39.388+0000] {processor.py:925} INFO - DAG(s) 'my_dag' retrieved from /opt/airflow/dags/my_tasks.py
[2026-07-25T15:56:39.405+0000] {logging_mixin.py:190} INFO - [2026-07-25T15:56:39.405+0000] {dag.py:3239} INFO - Sync 1 DAGs
[2026-07-25T15:56:39.421+0000] {logging_mixin.py:190} INFO - [2026-07-25T15:56:39.420+0000] {dag.py:4180} INFO - Setting next_dagrun for my_dag to None, run_after=None
[2026-07-25T15:56:39.435+0000] {processor.py:208} INFO - Processing /opt/airflow/dags/my_tasks.py took 0.060 seconds
[2026-07-25T15:57:09.658+0000] {processor.py:186} INFO - Started process (PID=2147) to work on /opt/airflow/dags/my_tasks.py
[2026-07-25T15:57:09.666+0000] {processor.py:914} INFO - Processing file /opt/airflow/dags/my_tasks.py for tasks to queue
[2026-07-25T15:57:09.668+0000] {logging_mixin.py:190} INFO - [2026-07-25T15:57:09.668+0000] {dagbag.py:588} INFO - Filling up the DagBag from /opt/airflow/dags/my_tasks.py
[2026-07-25T15:57:09.675+0000] {processor.py:925} INFO - DAG(s) 'my_dag' retrieved from /opt/airflow/dags/my_tasks.py
[2026-07-25T15:57:09.695+0000] {logging_mixin.py:190} INFO - [2026-07-25T15:57:09.694+0000] {dag.py:3239} INFO - Sync 1 DAGs
[2026-07-25T15:57:09.712+0000] {logging_mixin.py:190} INFO - [2026-07-25T15:57:09.712+0000] {dag.py:4180} INFO - Setting next_dagrun for my_dag to None, run_after=None
[2026-07-25T15:57:09.727+0000] {processor.py:208} INFO - Processing /opt/airflow/dags/my_tasks.py took 0.073 seconds
[2026-07-25T15:57:39.902+0000] {processor.py:186} INFO - Started process (PID=2158) to work on /opt/airflow/dags/my_tasks.py
[2026-07-25T15:57:39.903+0000] {processor.py:914} INFO - Processing file /opt/airflow/dags/my_tasks.py for tasks to queue
[2026-07-25T15:57:39.905+0000] {logging_mixin.py:190} INFO - [2026-07-25T15:57:39.905+0000] {dagbag.py:588} INFO - Filling up the DagBag from /opt/airflow/dags/my_tasks.py
[2026-07-25T15:57:39.912+0000] {processor.py:925} INFO - DAG(s) 'my_dag' retrieved from /opt/airflow/dags/my_tasks.py
[2026-07-25T15:57:39.931+0000] {logging_mixin.py:190} INFO - [2026-07-25T15:57:39.931+0000] {dag.py:3239} INFO - Sync 1 DAGs
[2026-07-25T15:57:39.947+0000] {logging_mixin.py:190} INFO - [2026-07-25T15:57:39.947+0000] {dag.py:4180} INFO - Setting next_dagrun for my_dag to None, run_after=None
[2026-07-25T15:57:39.960+0000] {processor.py:208} INFO - Processing /opt/airflow/dags/my_tasks.py took 0.062 seconds
[2026-07-25T15:58:10.141+0000] {processor.py:186} INFO - Started process (PID=2169) to work on /opt/airflow/dags/my_tasks.py
[2026-07-25T15:58:10.149+0000] {processor.py:914} INFO - Processing file /opt/airflow/dags/my_tasks.py for tasks to queue
[2026-07-25T15:58:10.150+0000] {logging_mixin.py:190} INFO - [2026-07-25T15:58:10.150+0000] {dagbag.py:588} INFO - Filling up the DagBag from /opt/airflow/dags/my_tasks.py
[2026-07-25T15:58:10.157+0000] {processor.py:925} INFO - DAG(s) 'my_dag' retrieved from /opt/airflow/dags/my_tasks.py
[2026-07-25T15:58:10.175+0000] {logging_mixin.py:190} INFO - [2026-07-25T15:58:10.175+0000] {dag.py:3239} INFO - Sync 1 DAGs
[2026-07-25T15:58:10.191+0000] {logging_mixin.py:190} INFO - [2026-07-25T15:58:10.190+0000] {dag.py:4180} INFO - Setting next_dagrun for my_dag to None, run_after=None
[2026-07-25T15:58:10.205+0000] {processor.py:208} INFO - Processing /opt/airflow/dags/my_tasks.py took 0.068 seconds
[2026-07-25T15:58:40.408+0000] {processor.py:186} INFO - Started process (PID=2180) to work on /opt/airflow/dags/my_tasks.py
[2026-07-25T15:58:40.409+0000] {processor.py:914} INFO - Processing file /opt/airflow/dags/my_tasks.py for tasks to queue
[2026-07-25T15:58:40.410+0000] {logging_mixin.py:190} INFO - [2026-07-25T15:58:40.410+0000] {dagbag.py:588} INFO - Filling up the DagBag from /opt/airflow/dags/my_tasks.py
[2026-07-25T15:58:40.417+0000] {processor.py:925} INFO - DAG(s) 'my_dag' retrieved from /opt/airflow/dags/my_tasks.py
[2026-07-25T15:58:40.435+0000] {logging_mixin.py:190} INFO - [2026-07-25T15:58:40.435+0000] {dag.py:3239} INFO - Sync 1 DAGs
[2026-07-25T15:58:40.451+0000] {logging_mixin.py:190} INFO - [2026-07-25T15:58:40.450+0000] {dag.py:4180} INFO - Setting next_dagrun for my_dag to None, run_after=None
[2026-07-25T15:58:40.464+0000] {processor.py:208} INFO - Processing /opt/airflow/dags/my_tasks.py took 0.060 seconds
[2026-07-25T15:59:10.690+0000] {processor.py:186} INFO - Started process (PID=2191) to work on /opt/airflow/dags/my_tasks.py
[2026-07-25T15:59:10.698+0000] {processor.py:914} INFO - Processing file /opt/airflow/dags/my_tasks.py for tasks to queue
[2026-07-25T15:59:10.701+0000] {logging_mixin.py:190} INFO - [2026-07-25T15:59:10.700+0000] {dagbag.py:588} INFO - Filling up the DagBag from /opt/airflow/dags/my_tasks.py
[2026-07-25T15:59:10.710+0000] {processor.py:925} INFO - DAG(s) 'my_dag' retrieved from /opt/airflow/dags/my_tasks.py
[2026-07-25T15:59:10.730+0000] {logging_mixin.py:190} INFO - [2026-07-25T15:59:10.729+0000] {dag.py:3239} INFO - Sync 1 DAGs
[2026-07-25T15:59:10.745+0000] {logging_mixin.py:190} INFO - [2026-07-25T15:59:10.745+0000] {dag.py:4180} INFO - Setting next_dagrun for my_dag to None, run_after=None
[2026-07-25T15:59:10.758+0000] {processor.py:208} INFO - Processing /opt/airflow/dags/my_tasks.py took 0.073 seconds
[2026-07-25T15:59:40.981+0000] {processor.py:186} INFO - Started process (PID=2202) to work on /opt/airflow/dags/my_tasks.py
[2026-07-25T15:59:40.982+0000] {processor.py:914} INFO - Processing file /opt/airflow/dags/my_tasks.py for tasks to queue
[2026-07-25T15:59:40.984+0000] {logging_mixin.py:190} INFO - [2026-07-25T15:59:40.983+0000] {dagbag.py:588} INFO - Filling up the DagBag from /opt/airflow/dags/my_tasks.py
[2026-07-25T15:59:40.991+0000] {processor.py:925} INFO - DAG(s) 'my_dag' retrieved from /opt/airflow/dags/my_tasks.py
[2026-07-25T15:59:41.008+0000] {logging_mixin.py:190} INFO - [2026-07-25T15:59:41.008+0000] {dag.py:3239} INFO - Sync 1 DAGs
[2026-07-25T15:59:41.024+0000] {logging_mixin.py:190} INFO - [2026-07-25T15:59:41.024+0000] {dag.py:4180} INFO - Setting next_dagrun for my_dag to None, run_after=None
[2026-07-25T15:59:41.038+0000] {processor.py:208} INFO - Processing /opt/airflow/dags/my_tasks.py took 0.061 seconds
[2026-07-25T16:00:11.268+0000] {processor.py:186} INFO - Started process (PID=2213) to work on /opt/airflow/dags/my_tasks.py
[2026-07-25T16:00:11.276+0000] {processor.py:914} INFO - Processing file /opt/airflow/dags/my_tasks.py for tasks to queue
[2026-07-25T16:00:11.279+0000] {logging_mixin.py:190} INFO - [2026-07-25T16:00:11.278+0000] {dagbag.py:588} INFO - Filling up the DagBag from /opt/airflow/dags/my_tasks.py
[2026-07-25T16:00:11.289+0000] {processor.py:925} INFO - DAG(s) 'my_dag' retrieved from /opt/airflow/dags/my_tasks.py
[2026-07-25T16:00:11.307+0000] {logging_mixin.py:190} INFO - [2026-07-25T16:00:11.307+0000] {dag.py:3239} INFO - Sync 1 DAGs
[2026-07-25T16:00:11.323+0000] {logging_mixin.py:190} INFO - [2026-07-25T16:00:11.323+0000] {dag.py:4180} INFO - Setting next_dagrun for my_dag to None, run_after=None
[2026-07-25T16:00:11.337+0000] {processor.py:208} INFO - Processing /opt/airflow/dags/my_tasks.py took 0.072 seconds
[2026-07-25T16:00:41.545+0000] {processor.py:186} INFO - Started process (PID=2224) to work on /opt/airflow/dags/my_tasks.py
[2026-07-25T16:00:41.553+0000] {processor.py:914} INFO - Processing file /opt/airflow/dags/my_tasks.py for tasks to queue
[2026-07-25T16:00:41.556+0000] {logging_mixin.py:190} INFO - [2026-07-25T16:00:41.556+0000] {dagbag.py:588} INFO - Filling up the DagBag from /opt/airflow/dags/my_tasks.py
[2026-07-25T16:00:41.564+0000] {processor.py:925} INFO - DAG(s) 'my_dag' retrieved from /opt/airflow/dags/my_tasks.py
[2026-07-25T16:00:41.583+0000] {logging_mixin.py:190} INFO - [2026-07-25T16:00:41.583+0000] {dag.py:3239} INFO - Sync 1 DAGs
[2026-07-25T16:00:41.599+0000] {logging_mixin.py:190} INFO - [2026-07-25T16:00:41.599+0000] {dag.py:4180} INFO - Setting next_dagrun for my_dag to None, run_after=None
[2026-07-25T16:00:41.613+0000] {processor.py:208} INFO - Processing /opt/airflow/dags/my_tasks.py took 0.071 seconds
[2026-07-25T16:01:11.823+0000] {processor.py:186} INFO - Started process (PID=2235) to work on /opt/airflow/dags/my_tasks.py
[2026-07-25T16:01:11.830+0000] {processor.py:914} INFO - Processing file /opt/airflow/dags/my_tasks.py for tasks to queue
[2026-07-25T16:01:11.833+0000] {logging_mixin.py:190} INFO - [2026-07-25T16:01:11.833+0000] {dagbag.py:588} INFO - Filling up the DagBag from /opt/airflow/dags/my_tasks.py
[2026-07-25T16:01:11.844+0000] {processor.py:925} INFO - DAG(s) 'my_dag' retrieved from /opt/airflow/dags/my_tasks.py
[2026-07-25T16:01:11.861+0000] {logging_mixin.py:190} INFO - [2026-07-25T16:01:11.861+0000] {dag.py:3239} INFO - Sync 1 DAGs
[2026-07-25T16:01:11.877+0000] {logging_mixin.py:190} INFO - [2026-07-25T16:01:11.877+0000] {dag.py:4180} INFO - Setting next_dagrun for my_dag to None, run_after=None
[2026-07-25T16:01:11.890+0000] {processor.py:208} INFO - Processing /opt/airflow/dags/my_tasks.py took 0.072 seconds
[2026-07-25T16:01:42.103+0000] {processor.py:186} INFO - Started process (PID=2246) to work on /opt/airflow/dags/my_tasks.py
[2026-07-25T16:01:42.111+0000] {processor.py:914} INFO - Processing file /opt/airflow/dags/my_tasks.py for tasks to queue
[2026-07-25T16:01:42.112+0000] {logging_mixin.py:190} INFO - [2026-07-25T16:01:42.112+0000] {dagbag.py:588} INFO - Filling up the DagBag from /opt/airflow/dags/my_tasks.py
[2026-07-25T16:01:42.120+0000] {processor.py:925} INFO - DAG(s) 'my_dag' retrieved from /opt/airflow/dags/my_tasks.py
[2026-07-25T16:01:42.138+0000] {logging_mixin.py:190} INFO - [2026-07-25T16:01:42.137+0000] {dag.py:3239} INFO - Sync 1 DAGs
[2026-07-25T16:01:42.154+0000] {logging_mixin.py:190} INFO - [2026-07-25T16:01:42.153+0000] {dag.py:4180} INFO - Setting next_dagrun for my_dag to None, run_after=None
[2026-07-25T16:01:42.169+0000] {processor.py:208} INFO - Processing /opt/airflow/dags/my_tasks.py took 0.069 seconds
[2026-07-25T16:02:12.367+0000] {processor.py:186} INFO - Started process (PID=2257) to work on /opt/airflow/dags/my_tasks.py
[2026-07-25T16:02:12.375+0000] {processor.py:914} INFO - Processing file /opt/airflow/dags/my_tasks.py for tasks to queue
[2026-07-25T16:02:12.377+0000] {logging_mixin.py:190} INFO - [2026-07-25T16:02:12.376+0000] {dagbag.py:588} INFO - Filling up the DagBag from /opt/airflow/dags/my_tasks.py
[2026-07-25T16:02:12.386+0000] {processor.py:925} INFO - DAG(s) 'my_dag' retrieved from /opt/airflow/dags/my_tasks.py
[2026-07-25T16:02:12.404+0000] {logging_mixin.py:190} INFO - [2026-07-25T16:02:12.404+0000] {dag.py:3239} INFO - Sync 1 DAGs
[2026-07-25T16:02:12.420+0000] {logging_mixin.py:190} INFO - [2026-07-25T16:02:12.419+0000] {dag.py:4180} INFO - Setting next_dagrun for my_dag to None, run_after=None
[2026-07-25T16:02:12.433+0000] {processor.py:208} INFO - Processing /opt/airflow/dags/my_tasks.py took 0.070 seconds
[2026-07-25T16:02:42.625+0000] {processor.py:186} INFO - Started process (PID=2268) to work on /opt/airflow/dags/my_tasks.py
[2026-07-25T16:02:42.626+0000] {processor.py:914} INFO - Processing file /opt/airflow/dags/my_tasks.py for tasks to queue
[2026-07-25T16:02:42.627+0000] {logging_mixin.py:190} INFO - [2026-07-25T16:02:42.627+0000] {dagbag.py:588} INFO - Filling up the DagBag from /opt/airflow/dags/my_tasks.py
[2026-07-25T16:02:42.634+0000] {processor.py:925} INFO - DAG(s) 'my_dag' retrieved from /opt/airflow/dags/my_tasks.py
[2026-07-25T16:02:42.652+0000] {logging_mixin.py:190} INFO - [2026-07-25T16:02:42.652+0000] {dag.py:3239} INFO - Sync 1 DAGs
[2026-07-25T16:02:42.669+0000] {logging_mixin.py:190} INFO - [2026-07-25T16:02:42.668+0000] {dag.py:4180} INFO - Setting next_dagrun for my_dag to None, run_after=None
[2026-07-25T16:02:42.682+0000] {processor.py:208} INFO - Processing /opt/airflow/dags/my_tasks.py took 0.062 seconds
[2026-07-25T16:03:12.890+0000] {processor.py:186} INFO - Started process (PID=2279) to work on /opt/airflow/dags/my_tasks.py
[2026-07-25T16:03:12.897+0000] {processor.py:914} INFO - Processing file /opt/airflow/dags/my_tasks.py for tasks to queue
[2026-07-25T16:03:12.901+0000] {logging_mixin.py:190} INFO - [2026-07-25T16:03:12.900+0000] {dagbag.py:588} INFO - Filling up the DagBag from /opt/airflow/dags/my_tasks.py
[2026-07-25T16:03:12.911+0000] {processor.py:925} INFO - DAG(s) 'my_dag' retrieved from /opt/airflow/dags/my_tasks.py
[2026-07-25T16:03:12.929+0000] {logging_mixin.py:190} INFO - [2026-07-25T16:03:12.929+0000] {dag.py:3239} INFO - Sync 1 DAGs
[2026-07-25T16:03:12.945+0000] {logging_mixin.py:190} INFO - [2026-07-25T16:03:12.945+0000] {dag.py:4180} INFO - Setting next_dagrun for my_dag to None, run_after=None
[2026-07-25T16:03:12.958+0000] {processor.py:208} INFO - Processing /opt/airflow/dags/my_tasks.py took 0.073 seconds
[2026-07-25T16:03:43.149+0000] {processor.py:186} INFO - Started process (PID=2290) to work on /opt/airflow/dags/my_tasks.py
[2026-07-25T16:03:43.149+0000] {processor.py:914} INFO - Processing file /opt/airflow/dags/my_tasks.py for tasks to queue
[2026-07-25T16:03:43.151+0000] {logging_mixin.py:190} INFO - [2026-07-25T16:03:43.150+0000] {dagbag.py:588} INFO - Filling up the DagBag from /opt/airflow/dags/my_tasks.py
[2026-07-25T16:03:43.157+0000] {processor.py:925} INFO - DAG(s) 'my_dag' retrieved from /opt/airflow/dags/my_tasks.py
[2026-07-25T16:03:43.175+0000] {logging_mixin.py:190} INFO - [2026-07-25T16:03:43.175+0000] {dag.py:3239} INFO - Sync 1 DAGs
[2026-07-25T16:03:43.190+0000] {logging_mixin.py:190} INFO - [2026-07-25T16:03:43.190+0000] {dag.py:4180} INFO - Setting next_dagrun for my_dag to None, run_after=None
[2026-07-25T16:03:43.205+0000] {processor.py:208} INFO - Processing /opt/airflow/dags/my_tasks.py took 0.060 seconds
[2026-07-25T16:04:13.420+0000] {processor.py:186} INFO - Started process (PID=2301) to work on /opt/airflow/dags/my_tasks.py
[2026-07-25T16:04:13.428+0000] {processor.py:914} INFO - Processing file /opt/airflow/dags/my_tasks.py for tasks to queue
[2026-07-25T16:04:13.430+0000] {logging_mixin.py:190} INFO - [2026-07-25T16:04:13.430+0000] {dagbag.py:588} INFO - Filling up the DagBag from /opt/airflow/dags/my_tasks.py
[2026-07-25T16:04:13.439+0000] {processor.py:925} INFO - DAG(s) 'my_dag' retrieved from /opt/airflow/dags/my_tasks.py
[2026-07-25T16:04:13.457+0000] {logging_mixin.py:190} INFO - [2026-07-25T16:04:13.457+0000] {dag.py:3239} INFO - Sync 1 DAGs
[2026-07-25T16:04:13.474+0000] {logging_mixin.py:190} INFO - [2026-07-25T16:04:13.473+0000] {dag.py:4180} INFO - Setting next_dagrun for my_dag to None, run_after=None
[2026-07-25T16:04:13.487+0000] {processor.py:208} INFO - Processing /opt/airflow/dags/my_tasks.py took 0.071 seconds
[2026-07-25T16:04:43.694+0000] {processor.py:186} INFO - Started process (PID=2312) to work on /opt/airflow/dags/my_tasks.py
[2026-07-25T16:04:43.702+0000] {processor.py:914} INFO - Processing file /opt/airflow/dags/my_tasks.py for tasks to queue
[2026-07-25T16:04:43.705+0000] {logging_mixin.py:190} INFO - [2026-07-25T16:04:43.705+0000] {dagbag.py:588} INFO - Filling up the DagBag from /opt/airflow/dags/my_tasks.py
[2026-07-25T16:04:43.715+0000] {processor.py:925} INFO - DAG(s) 'my_dag' retrieved from /opt/airflow/dags/my_tasks.py
[2026-07-25T16:04:43.732+0000] {logging_mixin.py:190} INFO - [2026-07-25T16:04:43.732+0000] {dag.py:3239} INFO - Sync 1 DAGs
[2026-07-25T16:04:43.748+0000] {logging_mixin.py:190} INFO - [2026-07-25T16:04:43.748+0000] {dag.py:4180} INFO - Setting next_dagrun for my_dag to None, run_after=None
[2026-07-25T16:04:43.763+0000] {processor.py:208} INFO - Processing /opt/airflow/dags/my_tasks.py took 0.074 seconds
[2026-07-25T16:05:13.972+0000] {processor.py:186} INFO - Started process (PID=2323) to work on /opt/airflow/dags/my_tasks.py
[2026-07-25T16:05:13.972+0000] {processor.py:914} INFO - Processing file /opt/airflow/dags/my_tasks.py for tasks to queue
[2026-07-25T16:05:13.974+0000] {logging_mixin.py:190} INFO - [2026-07-25T16:05:13.974+0000] {dagbag.py:588} INFO - Filling up the DagBag from /opt/airflow/dags/my_tasks.py
[2026-07-25T16:05:13.981+0000] {processor.py:925} INFO - DAG(s) 'my_dag' retrieved from /opt/airflow/dags/my_tasks.py
[2026-07-25T16:05:14.000+0000] {logging_mixin.py:190} INFO - [2026-07-25T16:05:14.000+0000] {dag.py:3239} INFO - Sync 1 DAGs
[2026-07-25T16:05:14.016+0000] {logging_mixin.py:190} INFO - [2026-07-25T16:05:14.015+0000] {dag.py:4180} INFO - Setting next_dagrun for my_dag to None, run_after=None
[2026-07-25T16:05:14.030+0000] {processor.py:208} INFO - Processing /opt/airflow/dags/my_tasks.py took 0.063 seconds
[2026-07-25T16:05:44.243+0000] {processor.py:186} INFO - Started process (PID=2334) to work on /opt/airflow/dags/my_tasks.py
[2026-07-25T16:05:44.251+0000] {processor.py:914} INFO - Processing file /opt/airflow/dags/my_tasks.py for tasks to queue
[2026-07-25T16:05:44.253+0000] {logging_mixin.py:190} INFO - [2026-07-25T16:05:44.253+0000] {dagbag.py:588} INFO - Filling up the DagBag from /opt/airflow/dags/my_tasks.py
[2026-07-25T16:05:44.264+0000] {processor.py:925} INFO - DAG(s) 'my_dag' retrieved from /opt/airflow/dags/my_tasks.py
[2026-07-25T16:05:44.281+0000] {logging_mixin.py:190} INFO - [2026-07-25T16:05:44.281+0000] {dag.py:3239} INFO - Sync 1 DAGs
[2026-07-25T16:05:44.298+0000] {logging_mixin.py:190} INFO - [2026-07-25T16:05:44.298+0000] {dag.py:4180} INFO - Setting next_dagrun for my_dag to None, run_after=None
[2026-07-25T16:05:44.312+0000] {processor.py:208} INFO - Processing /opt/airflow/dags/my_tasks.py took 0.073 seconds
[2026-07-25T16:06:14.499+0000] {processor.py:186} INFO - Started process (PID=2345) to work on /opt/airflow/dags/my_tasks.py
[2026-07-25T16:06:14.499+0000] {processor.py:914} INFO - Processing file /opt/airflow/dags/my_tasks.py for tasks to queue
[2026-07-25T16:06:14.501+0000] {logging_mixin.py:190} INFO - [2026-07-25T16:06:14.501+0000] {dagbag.py:588} INFO - Filling up the DagBag from /opt/airflow/dags/my_tasks.py
[2026-07-25T16:06:14.508+0000] {processor.py:925} INFO - DAG(s) 'my_dag' retrieved from /opt/airflow/dags/my_tasks.py
[2026-07-25T16:06:14.525+0000] {logging_mixin.py:190} INFO - [2026-07-25T16:06:14.525+0000] {dag.py:3239} INFO - Sync 1 DAGs
[2026-07-25T16:06:14.540+0000] {logging_mixin.py:190} INFO - [2026-07-25T16:06:14.540+0000] {dag.py:4180} INFO - Setting next_dagrun for my_dag to None, run_after=None
[2026-07-25T16:06:14.553+0000] {processor.py:208} INFO - Processing /opt/airflow/dags/my_tasks.py took 0.058 seconds
[2026-07-25T16:06:44.770+0000] {processor.py:186} INFO - Started process (PID=2356) to work on /opt/airflow/dags/my_tasks.py
[2026-07-25T16:06:44.778+0000] {processor.py:914} INFO - Processing file /opt/airflow/dags/my_tasks.py for tasks to queue
[2026-07-25T16:06:44.780+0000] {logging_mixin.py:190} INFO - [2026-07-25T16:06:44.779+0000] {dagbag.py:588} INFO - Filling up the DagBag from /opt/airflow/dags/my_tasks.py
[2026-07-25T16:06:44.787+0000] {processor.py:925} INFO - DAG(s) 'my_dag' retrieved from /opt/airflow/dags/my_tasks.py
[2026-07-25T16:06:44.805+0000] {logging_mixin.py:190} INFO - [2026-07-25T16:06:44.805+0000] {dag.py:3239} INFO - Sync 1 DAGs
[2026-07-25T16:06:44.821+0000] {logging_mixin.py:190} INFO - [2026-07-25T16:06:44.821+0000] {dag.py:4180} INFO - Setting next_dagrun for my_dag to None, run_after=None
[2026-07-25T16:06:44.834+0000] {processor.py:208} INFO - Processing /opt/airflow/dags/my_tasks.py took 0.069 seconds
[2026-07-25T16:07:15.039+0000] {processor.py:186} INFO - Started process (PID=2367) to work on /opt/airflow/dags/my_tasks.py
[2026-07-25T16:07:15.040+0000] {processor.py:914} INFO - Processing file /opt/airflow/dags/my_tasks.py for tasks to queue
[2026-07-25T16:07:15.042+0000] {logging_mixin.py:190} INFO - [2026-07-25T16:07:15.041+0000] {dagbag.py:588} INFO - Filling up the DagBag from /opt/airflow/dags/my_tasks.py
[2026-07-25T16:07:15.051+0000] {processor.py:925} INFO - DAG(s) 'my_dag' retrieved from /opt/airflow/dags/my_tasks.py
[2026-07-25T16:07:15.070+0000] {logging_mixin.py:190} INFO - [2026-07-25T16:07:15.070+0000] {dag.py:3239} INFO - Sync 1 DAGs
[2026-07-25T16:07:15.087+0000] {logging_mixin.py:190} INFO - [2026-07-25T16:07:15.087+0000] {dag.py:4180} INFO - Setting next_dagrun for my_dag to None, run_after=None
[2026-07-25T16:07:15.100+0000] {processor.py:208} INFO - Processing /opt/airflow/dags/my_tasks.py took 0.066 seconds
[2026-07-25T16:07:45.320+0000] {processor.py:186} INFO - Started process (PID=2378) to work on /opt/airflow/dags/my_tasks.py
[2026-07-25T16:07:45.328+0000] {processor.py:914} INFO - Processing file /opt/airflow/dags/my_tasks.py for tasks to queue
[2026-07-25T16:07:45.330+0000] {logging_mixin.py:190} INFO - [2026-07-25T16:07:45.330+0000] {dagbag.py:588} INFO - Filling up the DagBag from /opt/airflow/dags/my_tasks.py
[2026-07-25T16:07:45.338+0000] {processor.py:925} INFO - DAG(s) 'my_dag' retrieved from /opt/airflow/dags/my_tasks.py
[2026-07-25T16:07:45.356+0000] {logging_mixin.py:190} INFO - [2026-07-25T16:07:45.356+0000] {dag.py:3239} INFO - Sync 1 DAGs
[2026-07-25T16:07:45.373+0000] {logging_mixin.py:190} INFO - [2026-07-25T16:07:45.373+0000] {dag.py:4180} INFO - Setting next_dagrun for my_dag to None, run_after=None
[2026-07-25T16:07:45.388+0000] {processor.py:208} INFO - Processing /opt/airflow/dags/my_tasks.py took 0.071 seconds
[2026-07-25T16:08:15.587+0000] {processor.py:186} INFO - Started process (PID=2389) to work on /opt/airflow/dags/my_tasks.py
[2026-07-25T16:08:15.587+0000] {processor.py:914} INFO - Processing file /opt/airflow/dags/my_tasks.py for tasks to queue
[2026-07-25T16:08:15.589+0000] {logging_mixin.py:190} INFO - [2026-07-25T16:08:15.589+0000] {dagbag.py:588} INFO - Filling up the DagBag from /opt/airflow/dags/my_tasks.py
[2026-07-25T16:08:15.596+0000] {processor.py:925} INFO - DAG(s) 'my_dag' retrieved from /opt/airflow/dags/my_tasks.py
[2026-07-25T16:08:15.614+0000] {logging_mixin.py:190} INFO - [2026-07-25T16:08:15.613+0000] {dag.py:3239} INFO - Sync 1 DAGs
[2026-07-25T16:08:15.629+0000] {logging_mixin.py:190} INFO - [2026-07-25T16:08:15.629+0000] {dag.py:4180} INFO - Setting next_dagrun for my_dag to None, run_after=None
[2026-07-25T16:08:15.643+0000] {processor.py:208} INFO - Processing /opt/airflow/dags/my_tasks.py took 0.060 seconds
[2026-07-25T16:08:45.865+0000] {processor.py:186} INFO - Started process (PID=2400) to work on /opt/airflow/dags/my_tasks.py
[2026-07-25T16:08:45.866+0000] {processor.py:914} INFO - Processing file /opt/airflow/dags/my_tasks.py for tasks to queue
[2026-07-25T16:08:45.867+0000] {logging_mixin.py:190} INFO - [2026-07-25T16:08:45.867+0000] {dagbag.py:588} INFO - Filling up the DagBag from /opt/airflow/dags/my_tasks.py
[2026-07-25T16:08:45.875+0000] {processor.py:925} INFO - DAG(s) 'my_dag' retrieved from /opt/airflow/dags/my_tasks.py
[2026-07-25T16:08:45.893+0000] {logging_mixin.py:190} INFO - [2026-07-25T16:08:45.892+0000] {dag.py:3239} INFO - Sync 1 DAGs
[2026-07-25T16:08:45.908+0000] {logging_mixin.py:190} INFO - [2026-07-25T16:08:45.908+0000] {dag.py:4180} INFO - Setting next_dagrun for my_dag to None, run_after=None
[2026-07-25T16:08:45.922+0000] {processor.py:208} INFO - Processing /opt/airflow/dags/my_tasks.py took 0.061 seconds
[2026-07-25T16:09:16.130+0000] {processor.py:186} INFO - Started process (PID=2411) to work on /opt/airflow/dags/my_tasks.py
[2026-07-25T16:09:16.131+0000] {processor.py:914} INFO - Processing file /opt/airflow/dags/my_tasks.py for tasks to queue
[2026-07-25T16:09:16.132+0000] {logging_mixin.py:190} INFO - [2026-07-25T16:09:16.132+0000] {dagbag.py:588} INFO - Filling up the DagBag from /opt/airflow/dags/my_tasks.py
[2026-07-25T16:09:16.139+0000] {processor.py:925} INFO - DAG(s) 'my_dag' retrieved from /opt/airflow/dags/my_tasks.py
[2026-07-25T16:09:16.157+0000] {logging_mixin.py:190} INFO - [2026-07-25T16:09:16.156+0000] {dag.py:3239} INFO - Sync 1 DAGs
[2026-07-25T16:09:16.173+0000] {logging_mixin.py:190} INFO - [2026-07-25T16:09:16.172+0000] {dag.py:4180} INFO - Setting next_dagrun for my_dag to None, run_after=None
[2026-07-25T16:09:16.186+0000] {processor.py:208} INFO - Processing /opt/airflow/dags/my_tasks.py took 0.060 seconds
[2026-07-25T16:09:46.389+0000] {processor.py:186} INFO - Started process (PID=2422) to work on /opt/airflow/dags/my_tasks.py
[2026-07-25T16:09:46.397+0000] {processor.py:914} INFO - Processing file /opt/airflow/dags/my_tasks.py for tasks to queue
[2026-07-25T16:09:46.400+0000] {logging_mixin.py:190} INFO - [2026-07-25T16:09:46.399+0000] {dagbag.py:588} INFO - Filling up the DagBag from /opt/airflow/dags/my_tasks.py
[2026-07-25T16:09:46.408+0000] {processor.py:925} INFO - DAG(s) 'my_dag' retrieved from /opt/airflow/dags/my_tasks.py
[2026-07-25T16:09:46.426+0000] {logging_mixin.py:190} INFO - [2026-07-25T16:09:46.426+0000] {dag.py:3239} INFO - Sync 1 DAGs
[2026-07-25T16:09:46.441+0000] {logging_mixin.py:190} INFO - [2026-07-25T16:09:46.441+0000] {dag.py:4180} INFO - Setting next_dagrun for my_dag to None, run_after=None
[2026-07-25T16:09:46.455+0000] {processor.py:208} INFO - Processing /opt/airflow/dags/my_tasks.py took 0.070 seconds
[2026-07-25T16:10:16.651+0000] {processor.py:186} INFO - Started process (PID=2433) to work on /opt/airflow/dags/my_tasks.py
[2026-07-25T16:10:16.654+0000] {processor.py:914} INFO - Processing file /opt/airflow/dags/my_tasks.py for tasks to queue
[2026-07-25T16:10:16.657+0000] {logging_mixin.py:190} INFO - [2026-07-25T16:10:16.657+0000] {dagbag.py:588} INFO - Filling up the DagBag from /opt/airflow/dags/my_tasks.py
[2026-07-25T16:10:16.664+0000] {processor.py:925} INFO - DAG(s) 'my_dag' retrieved from /opt/airflow/dags/my_tasks.py
[2026-07-25T16:10:16.682+0000] {logging_mixin.py:190} INFO - [2026-07-25T16:10:16.682+0000] {dag.py:3239} INFO - Sync 1 DAGs
[2026-07-25T16:10:16.697+0000] {logging_mixin.py:190} INFO - [2026-07-25T16:10:16.697+0000] {dag.py:4180} INFO - Setting next_dagrun for my_dag to None, run_after=None
[2026-07-25T16:10:16.711+0000] {processor.py:208} INFO - Processing /opt/airflow/dags/my_tasks.py took 0.064 seconds
[2026-07-25T16:10:46.918+0000] {processor.py:186} INFO - Started process (PID=2444) to work on /opt/airflow/dags/my_tasks.py
[2026-07-25T16:10:46.926+0000] {processor.py:914} INFO - Processing file /opt/airflow/dags/my_tasks.py for tasks to queue
[2026-07-25T16:10:46.928+0000] {logging_mixin.py:190} INFO - [2026-07-25T16:10:46.927+0000] {dagbag.py:588} INFO - Filling up the DagBag from /opt/airflow/dags/my_tasks.py
[2026-07-25T16:10:46.938+0000] {processor.py:925} INFO - DAG(s) 'my_dag' retrieved from /opt/airflow/dags/my_tasks.py
[2026-07-25T16:10:46.958+0000] {logging_mixin.py:190} INFO - [2026-07-25T16:10:46.957+0000] {dag.py:3239} INFO - Sync 1 DAGs
[2026-07-25T16:10:46.977+0000] {logging_mixin.py:190} INFO - [2026-07-25T16:10:46.977+0000] {dag.py:4180} INFO - Setting next_dagrun for my_dag to None, run_after=None
[2026-07-25T16:10:46.992+0000] {processor.py:208} INFO - Processing /opt/airflow/dags/my_tasks.py took 0.078 seconds
[2026-07-25T16:11:17.193+0000] {processor.py:186} INFO - Started process (PID=2455) to work on /opt/airflow/dags/my_tasks.py
[2026-07-25T16:11:17.201+0000] {processor.py:914} INFO - Processing file /opt/airflow/dags/my_tasks.py for tasks to queue
[2026-07-25T16:11:17.203+0000] {logging_mixin.py:190} INFO - [2026-07-25T16:11:17.203+0000] {dagbag.py:588} INFO - Filling up the DagBag from /opt/airflow/dags/my_tasks.py
[2026-07-25T16:11:17.214+0000] {processor.py:925} INFO - DAG(s) 'my_dag' retrieved from /opt/airflow/dags/my_tasks.py
[2026-07-25T16:11:17.231+0000] {logging_mixin.py:190} INFO - [2026-07-25T16:11:17.231+0000] {dag.py:3239} INFO - Sync 1 DAGs
[2026-07-25T16:11:17.247+0000] {logging_mixin.py:190} INFO - [2026-07-25T16:11:17.247+0000] {dag.py:4180} INFO - Setting next_dagrun for my_dag to None, run_after=None
[2026-07-25T16:11:17.261+0000] {processor.py:208} INFO - Processing /opt/airflow/dags/my_tasks.py took 0.072 seconds
[2026-07-25T16:11:47.458+0000] {processor.py:186} INFO - Started process (PID=2466) to work on /opt/airflow/dags/my_tasks.py
[2026-07-25T16:11:47.459+0000] {processor.py:914} INFO - Processing file /opt/airflow/dags/my_tasks.py for tasks to queue
[2026-07-25T16:11:47.461+0000] {logging_mixin.py:190} INFO - [2026-07-25T16:11:47.461+0000] {dagbag.py:588} INFO - Filling up the DagBag from /opt/airflow/dags/my_tasks.py
[2026-07-25T16:11:47.468+0000] {processor.py:925} INFO - DAG(s) 'my_dag' retrieved from /opt/airflow/dags/my_tasks.py
[2026-07-25T16:11:47.487+0000] {logging_mixin.py:190} INFO - [2026-07-25T16:11:47.487+0000] {dag.py:3239} INFO - Sync 1 DAGs
[2026-07-25T16:11:47.503+0000] {logging_mixin.py:190} INFO - [2026-07-25T16:11:47.503+0000] {dag.py:4180} INFO - Setting next_dagrun for my_dag to None, run_after=None
[2026-07-25T16:11:47.517+0000] {processor.py:208} INFO - Processing /opt/airflow/dags/my_tasks.py took 0.063 seconds
[2026-07-25T16:12:17.722+0000] {processor.py:186} INFO - Started process (PID=2477) to work on /opt/airflow/dags/my_tasks.py
[2026-07-25T16:12:17.728+0000] {processor.py:914} INFO - Processing file /opt/airflow/dags/my_tasks.py for tasks to queue
[2026-07-25T16:12:17.730+0000] {logging_mixin.py:190} INFO - [2026-07-25T16:12:17.730+0000] {dagbag.py:588} INFO - Filling up the DagBag from /opt/airflow/dags/my_tasks.py
[2026-07-25T16:12:17.738+0000] {processor.py:925} INFO - DAG(s) 'my_dag' retrieved from /opt/airflow/dags/my_tasks.py
[2026-07-25T16:12:17.756+0000] {logging_mixin.py:190} INFO - [2026-07-25T16:12:17.756+0000] {dag.py:3239} INFO - Sync 1 DAGs
[2026-07-25T16:12:17.771+0000] {logging_mixin.py:190} INFO - [2026-07-25T16:12:17.771+0000] {dag.py:4180} INFO - Setting next_dagrun for my_dag to None, run_after=None
[2026-07-25T16:12:17.785+0000] {processor.py:208} INFO - Processing /opt/airflow/dags/my_tasks.py took 0.067 seconds
[2026-07-25T16:12:48.009+0000] {processor.py:186} INFO - Started process (PID=2488) to work on /opt/airflow/dags/my_tasks.py
[2026-07-25T16:12:48.017+0000] {processor.py:914} INFO - Processing file /opt/airflow/dags/my_tasks.py for tasks to queue
[2026-07-25T16:12:48.020+0000] {logging_mixin.py:190} INFO - [2026-07-25T16:12:48.019+0000] {dagbag.py:588} INFO - Filling up the DagBag from /opt/airflow/dags/my_tasks.py
[2026-07-25T16:12:48.030+0000] {processor.py:925} INFO - DAG(s) 'my_dag' retrieved from /opt/airflow/dags/my_tasks.py
[2026-07-25T16:12:48.048+0000] {logging_mixin.py:190} INFO - [2026-07-25T16:12:48.048+0000] {dag.py:3239} INFO - Sync 1 DAGs
[2026-07-25T16:12:48.065+0000] {logging_mixin.py:190} INFO - [2026-07-25T16:12:48.065+0000] {dag.py:4180} INFO - Setting next_dagrun for my_dag to None, run_after=None
[2026-07-25T16:12:48.081+0000] {processor.py:208} INFO - Processing /opt/airflow/dags/my_tasks.py took 0.077 seconds
[2026-07-25T16:13:18.275+0000] {processor.py:186} INFO - Started process (PID=2499) to work on /opt/airflow/dags/my_tasks.py
[2026-07-25T16:13:18.283+0000] {processor.py:914} INFO - Processing file /opt/airflow/dags/my_tasks.py for tasks to queue
[2026-07-25T16:13:18.286+0000] {logging_mixin.py:190} INFO - [2026-07-25T16:13:18.285+0000] {dagbag.py:588} INFO - Filling up the DagBag from /opt/airflow/dags/my_tasks.py
[2026-07-25T16:13:18.296+0000] {processor.py:925} INFO - DAG(s) 'my_dag' retrieved from /opt/airflow/dags/my_tasks.py
[2026-07-25T16:13:18.314+0000] {logging_mixin.py:190} INFO - [2026-07-25T16:13:18.314+0000] {dag.py:3239} INFO - Sync 1 DAGs
[2026-07-25T16:13:18.330+0000] {logging_mixin.py:190} INFO - [2026-07-25T16:13:18.329+0000] {dag.py:4180} INFO - Setting next_dagrun for my_dag to None, run_after=None
[2026-07-25T16:13:18.343+0000] {processor.py:208} INFO - Processing /opt/airflow/dags/my_tasks.py took 0.073 seconds
[2026-07-25T16:13:48.569+0000] {processor.py:186} INFO - Started process (PID=2510) to work on /opt/airflow/dags/my_tasks.py
[2026-07-25T16:13:48.577+0000] {processor.py:914} INFO - Processing file /opt/airflow/dags/my_tasks.py for tasks to queue
[2026-07-25T16:13:48.579+0000] {logging_mixin.py:190} INFO - [2026-07-25T16:13:48.579+0000] {dagbag.py:588} INFO - Filling up the DagBag from /opt/airflow/dags/my_tasks.py
[2026-07-25T16:13:48.588+0000] {processor.py:925} INFO - DAG(s) 'my_dag' retrieved from /opt/airflow/dags/my_tasks.py
[2026-07-25T16:13:48.606+0000] {logging_mixin.py:190} INFO - [2026-07-25T16:13:48.606+0000] {dag.py:3239} INFO - Sync 1 DAGs
[2026-07-25T16:13:48.622+0000] {logging_mixin.py:190} INFO - [2026-07-25T16:13:48.621+0000] {dag.py:4180} INFO - Setting next_dagrun for my_dag to None, run_after=None
[2026-07-25T16:13:48.636+0000] {processor.py:208} INFO - Processing /opt/airflow/dags/my_tasks.py took 0.072 seconds
[2026-07-25T16:14:18.849+0000] {processor.py:186} INFO - Started process (PID=2521) to work on /opt/airflow/dags/my_tasks.py
[2026-07-25T16:14:18.857+0000] {processor.py:914} INFO - Processing file /opt/airflow/dags/my_tasks.py for tasks to queue
[2026-07-25T16:14:18.861+0000] {logging_mixin.py:190} INFO - [2026-07-25T16:14:18.860+0000] {dagbag.py:588} INFO - Filling up the DagBag from /opt/airflow/dags/my_tasks.py
[2026-07-25T16:14:18.869+0000] {processor.py:925} INFO - DAG(s) 'my_dag' retrieved from /opt/airflow/dags/my_tasks.py
[2026-07-25T16:14:18.886+0000] {logging_mixin.py:190} INFO - [2026-07-25T16:14:18.886+0000] {dag.py:3239} INFO - Sync 1 DAGs
[2026-07-25T16:14:18.902+0000] {logging_mixin.py:190} INFO - [2026-07-25T16:14:18.902+0000] {dag.py:4180} INFO - Setting next_dagrun for my_dag to None, run_after=None
[2026-07-25T16:14:18.916+0000] {processor.py:208} INFO - Processing /opt/airflow/dags/my_tasks.py took 0.071 seconds
[2026-07-25T16:14:49.104+0000] {processor.py:186} INFO - Started process (PID=2532) to work on /opt/airflow/dags/my_tasks.py
[2026-07-25T16:14:49.104+0000] {processor.py:914} INFO - Processing file /opt/airflow/dags/my_tasks.py for tasks to queue
[2026-07-25T16:14:49.106+0000] {logging_mixin.py:190} INFO - [2026-07-25T16:14:49.105+0000] {dagbag.py:588} INFO - Filling up the DagBag from /opt/airflow/dags/my_tasks.py
[2026-07-25T16:14:49.112+0000] {processor.py:925} INFO - DAG(s) 'my_dag' retrieved from /opt/airflow/dags/my_tasks.py
[2026-07-25T16:14:49.130+0000] {logging_mixin.py:190} INFO - [2026-07-25T16:14:49.130+0000] {dag.py:3239} INFO - Sync 1 DAGs
[2026-07-25T16:14:49.146+0000] {logging_mixin.py:190} INFO - [2026-07-25T16:14:49.146+0000] {dag.py:4180} INFO - Setting next_dagrun for my_dag to None, run_after=None
[2026-07-25T16:14:49.160+0000] {processor.py:208} INFO - Processing /opt/airflow/dags/my_tasks.py took 0.061 seconds
[2026-07-25T16:15:19.386+0000] {processor.py:186} INFO - Started process (PID=2543) to work on /opt/airflow/dags/my_tasks.py
[2026-07-25T16:15:19.394+0000] {processor.py:914} INFO - Processing file /opt/airflow/dags/my_tasks.py for tasks to queue
[2026-07-25T16:15:19.396+0000] {logging_mixin.py:190} INFO - [2026-07-25T16:15:19.395+0000] {dagbag.py:588} INFO - Filling up the DagBag from /opt/airflow/dags/my_tasks.py
[2026-07-25T16:15:19.405+0000] {processor.py:925} INFO - DAG(s) 'my_dag' retrieved from /opt/airflow/dags/my_tasks.py
[2026-07-25T16:15:19.422+0000] {logging_mixin.py:190} INFO - [2026-07-25T16:15:19.422+0000] {dag.py:3239} INFO - Sync 1 DAGs
[2026-07-25T16:15:19.438+0000] {logging_mixin.py:190} INFO - [2026-07-25T16:15:19.438+0000] {dag.py:4180} INFO - Setting next_dagrun for my_dag to None, run_after=None
[2026-07-25T16:15:19.454+0000] {processor.py:208} INFO - Processing /opt/airflow/dags/my_tasks.py took 0.072 seconds
[2026-07-25T16:15:49.655+0000] {processor.py:186} INFO - Started process (PID=2554) to work on /opt/airflow/dags/my_tasks.py
[2026-07-25T16:15:49.656+0000] {processor.py:914} INFO - Processing file /opt/airflow/dags/my_tasks.py for tasks to queue
[2026-07-25T16:15:49.657+0000] {logging_mixin.py:190} INFO - [2026-07-25T16:15:49.657+0000] {dagbag.py:588} INFO - Filling up the DagBag from /opt/airflow/dags/my_tasks.py
[2026-07-25T16:15:49.664+0000] {processor.py:925} INFO - DAG(s) 'my_dag' retrieved from /opt/airflow/dags/my_tasks.py
[2026-07-25T16:15:49.681+0000] {logging_mixin.py:190} INFO - [2026-07-25T16:15:49.681+0000] {dag.py:3239} INFO - Sync 1 DAGs
[2026-07-25T16:15:49.697+0000] {logging_mixin.py:190} INFO - [2026-07-25T16:15:49.696+0000] {dag.py:4180} INFO - Setting next_dagrun for my_dag to None, run_after=None
[2026-07-25T16:15:49.710+0000] {processor.py:208} INFO - Processing /opt/airflow/dags/my_tasks.py took 0.059 seconds
[2026-07-25T16:16:19.924+0000] {processor.py:186} INFO - Started process (PID=2565) to work on /opt/airflow/dags/my_tasks.py
[2026-07-25T16:16:19.925+0000] {processor.py:914} INFO - Processing file /opt/airflow/dags/my_tasks.py for tasks to queue
[2026-07-25T16:16:19.926+0000] {logging_mixin.py:190} INFO - [2026-07-25T16:16:19.926+0000] {dagbag.py:588} INFO - Filling up the DagBag from /opt/airflow/dags/my_tasks.py
[2026-07-25T16:16:19.934+0000] {processor.py:925} INFO - DAG(s) 'my_dag' retrieved from /opt/airflow/dags/my_tasks.py
[2026-07-25T16:16:19.952+0000] {logging_mixin.py:190} INFO - [2026-07-25T16:16:19.951+0000] {dag.py:3239} INFO - Sync 1 DAGs
[2026-07-25T16:16:19.968+0000] {logging_mixin.py:190} INFO - [2026-07-25T16:16:19.967+0000] {dag.py:4180} INFO - Setting next_dagrun for my_dag to None, run_after=None
[2026-07-25T16:16:19.984+0000] {processor.py:208} INFO - Processing /opt/airflow/dags/my_tasks.py took 0.064 seconds
[2026-07-25T16:16:50.205+0000] {processor.py:186} INFO - Started process (PID=2576) to work on /opt/airflow/dags/my_tasks.py
[2026-07-25T16:16:50.205+0000] {processor.py:914} INFO - Processing file /opt/airflow/dags/my_tasks.py for tasks to queue
[2026-07-25T16:16:50.207+0000] {logging_mixin.py:190} INFO - [2026-07-25T16:16:50.206+0000] {dagbag.py:588} INFO - Filling up the DagBag from /opt/airflow/dags/my_tasks.py
[2026-07-25T16:16:50.213+0000] {processor.py:925} INFO - DAG(s) 'my_dag' retrieved from /opt/airflow/dags/my_tasks.py
[2026-07-25T16:16:50.231+0000] {logging_mixin.py:190} INFO - [2026-07-25T16:16:50.231+0000] {dag.py:3239} INFO - Sync 1 DAGs
[2026-07-25T16:16:50.246+0000] {logging_mixin.py:190} INFO - [2026-07-25T16:16:50.246+0000] {dag.py:4180} INFO - Setting next_dagrun for my_dag to None, run_after=None
[2026-07-25T16:16:50.260+0000] {processor.py:208} INFO - Processing /opt/airflow/dags/my_tasks.py took 0.060 seconds
[2026-07-25T16:17:20.467+0000] {processor.py:186} INFO - Started process (PID=2587) to work on /opt/airflow/dags/my_tasks.py
[2026-07-25T16:17:20.476+0000] {processor.py:914} INFO - Processing file /opt/airflow/dags/my_tasks.py for tasks to queue
[2026-07-25T16:17:20.480+0000] {logging_mixin.py:190} INFO - [2026-07-25T16:17:20.479+0000] {dagbag.py:588} INFO - Filling up the DagBag from /opt/airflow/dags/my_tasks.py
[2026-07-25T16:17:20.489+0000] {processor.py:925} INFO - DAG(s) 'my_dag' retrieved from /opt/airflow/dags/my_tasks.py
[2026-07-25T16:17:20.507+0000] {logging_mixin.py:190} INFO - [2026-07-25T16:17:20.506+0000] {dag.py:3239} INFO - Sync 1 DAGs
[2026-07-25T16:17:20.522+0000] {logging_mixin.py:190} INFO - [2026-07-25T16:17:20.522+0000] {dag.py:4180} INFO - Setting next_dagrun for my_dag to None, run_after=None
[2026-07-25T16:17:20.535+0000] {processor.py:208} INFO - Processing /opt/airflow/dags/my_tasks.py took 0.073 seconds
[2026-07-25T16:17:50.752+0000] {processor.py:186} INFO - Started process (PID=2598) to work on /opt/airflow/dags/my_tasks.py
[2026-07-25T16:17:50.756+0000] {processor.py:914} INFO - Processing file /opt/airflow/dags/my_tasks.py for tasks to queue
[2026-07-25T16:17:50.758+0000] {logging_mixin.py:190} INFO - [2026-07-25T16:17:50.758+0000] {dagbag.py:588} INFO - Filling up the DagBag from /opt/airflow/dags/my_tasks.py
[2026-07-25T16:17:50.767+0000] {processor.py:925} INFO - DAG(s) 'my_dag' retrieved from /opt/airflow/dags/my_tasks.py
[2026-07-25T16:17:50.786+0000] {logging_mixin.py:190} INFO - [2026-07-25T16:17:50.786+0000] {dag.py:3239} INFO - Sync 1 DAGs
[2026-07-25T16:17:50.802+0000] {logging_mixin.py:190} INFO - [2026-07-25T16:17:50.802+0000] {dag.py:4180} INFO - Setting next_dagrun for my_dag to None, run_after=None
[2026-07-25T16:17:50.816+0000] {processor.py:208} INFO - Processing /opt/airflow/dags/my_tasks.py took 0.069 seconds
[2026-07-25T16:18:21.004+0000] {processor.py:186} INFO - Started process (PID=2609) to work on /opt/airflow/dags/my_tasks.py
[2026-07-25T16:18:21.013+0000] {processor.py:914} INFO - Processing file /opt/airflow/dags/my_tasks.py for tasks to queue
[2026-07-25T16:18:21.015+0000] {logging_mixin.py:190} INFO - [2026-07-25T16:18:21.014+0000] {dagbag.py:588} INFO - Filling up the DagBag from /opt/airflow/dags/my_tasks.py
[2026-07-25T16:18:21.024+0000] {processor.py:925} INFO - DAG(s) 'my_dag' retrieved from /opt/airflow/dags/my_tasks.py
[2026-07-25T16:18:21.041+0000] {logging_mixin.py:190} INFO - [2026-07-25T16:18:21.041+0000] {dag.py:3239} INFO - Sync 1 DAGs
[2026-07-25T16:18:21.057+0000] {logging_mixin.py:190} INFO - [2026-07-25T16:18:21.057+0000] {dag.py:4180} INFO - Setting next_dagrun for my_dag to None, run_after=None
[2026-07-25T16:18:21.071+0000] {processor.py:208} INFO - Processing /opt/airflow/dags/my_tasks.py took 0.071 seconds
[2026-07-25T16:18:51.279+0000] {processor.py:186} INFO - Started process (PID=2620) to work on /opt/airflow/dags/my_tasks.py
[2026-07-25T16:18:51.287+0000] {processor.py:914} INFO - Processing file /opt/airflow/dags/my_tasks.py for tasks to queue
[2026-07-25T16:18:51.289+0000] {logging_mixin.py:190} INFO - [2026-07-25T16:18:51.289+0000] {dagbag.py:588} INFO - Filling up the DagBag from /opt/airflow/dags/my_tasks.py
[2026-07-25T16:18:51.299+0000] {processor.py:925} INFO - DAG(s) 'my_dag' retrieved from /opt/airflow/dags/my_tasks.py
[2026-07-25T16:18:51.316+0000] {logging_mixin.py:190} INFO - [2026-07-25T16:18:51.316+0000] {dag.py:3239} INFO - Sync 1 DAGs
[2026-07-25T16:18:51.332+0000] {logging_mixin.py:190} INFO - [2026-07-25T16:18:51.332+0000] {dag.py:4180} INFO - Setting next_dagrun for my_dag to None, run_after=None
[2026-07-25T16:18:51.346+0000] {processor.py:208} INFO - Processing /opt/airflow/dags/my_tasks.py took 0.071 seconds
[2026-07-25T16:19:21.539+0000] {processor.py:186} INFO - Started process (PID=2631) to work on /opt/airflow/dags/my_tasks.py
[2026-07-25T16:19:21.540+0000] {processor.py:914} INFO - Processing file /opt/airflow/dags/my_tasks.py for tasks to queue
[2026-07-25T16:19:21.542+0000] {logging_mixin.py:190} INFO - [2026-07-25T16:19:21.542+0000] {dagbag.py:588} INFO - Filling up the DagBag from /opt/airflow/dags/my_tasks.py
[2026-07-25T16:19:21.548+0000] {processor.py:925} INFO - DAG(s) 'my_dag' retrieved from /opt/airflow/dags/my_tasks.py
[2026-07-25T16:19:21.565+0000] {logging_mixin.py:190} INFO - [2026-07-25T16:19:21.565+0000] {dag.py:3239} INFO - Sync 1 DAGs
[2026-07-25T16:19:21.580+0000] {logging_mixin.py:190} INFO - [2026-07-25T16:19:21.580+0000] {dag.py:4180} INFO - Setting next_dagrun for my_dag to None, run_after=None
[2026-07-25T16:19:21.594+0000] {processor.py:208} INFO - Processing /opt/airflow/dags/my_tasks.py took 0.059 seconds
[2026-07-25T16:19:51.803+0000] {processor.py:186} INFO - Started process (PID=2642) to work on /opt/airflow/dags/my_tasks.py
[2026-07-25T16:19:51.803+0000] {processor.py:914} INFO - Processing file /opt/airflow/dags/my_tasks.py for tasks to queue
[2026-07-25T16:19:51.805+0000] {logging_mixin.py:190} INFO - [2026-07-25T16:19:51.805+0000] {dagbag.py:588} INFO - Filling up the DagBag from /opt/airflow/dags/my_tasks.py
[2026-07-25T16:19:51.812+0000] {processor.py:925} INFO - DAG(s) 'my_dag' retrieved from /opt/airflow/dags/my_tasks.py
[2026-07-25T16:19:51.829+0000] {logging_mixin.py:190} INFO - [2026-07-25T16:19:51.829+0000] {dag.py:3239} INFO - Sync 1 DAGs
[2026-07-25T16:19:51.844+0000] {logging_mixin.py:190} INFO - [2026-07-25T16:19:51.844+0000] {dag.py:4180} INFO - Setting next_dagrun for my_dag to None, run_after=None
[2026-07-25T16:19:51.858+0000] {processor.py:208} INFO - Processing /opt/airflow/dags/my_tasks.py took 0.059 seconds
[2026-07-25T16:20:22.076+0000] {processor.py:186} INFO - Started process (PID=2653) to work on /opt/airflow/dags/my_tasks.py
[2026-07-25T16:20:22.084+0000] {processor.py:914} INFO - Processing file /opt/airflow/dags/my_tasks.py for tasks to queue
[2026-07-25T16:20:22.085+0000] {logging_mixin.py:190} INFO - [2026-07-25T16:20:22.085+0000] {dagbag.py:588} INFO - Filling up the DagBag from /opt/airflow/dags/my_tasks.py
[2026-07-25T16:20:22.093+0000] {processor.py:925} INFO - DAG(s) 'my_dag' retrieved from /opt/airflow/dags/my_tasks.py
[2026-07-25T16:20:22.113+0000] {logging_mixin.py:190} INFO - [2026-07-25T16:20:22.112+0000] {dag.py:3239} INFO - Sync 1 DAGs
[2026-07-25T16:20:22.129+0000] {logging_mixin.py:190} INFO - [2026-07-25T16:20:22.129+0000] {dag.py:4180} INFO - Setting next_dagrun for my_dag to None, run_after=None
[2026-07-25T16:20:22.143+0000] {processor.py:208} INFO - Processing /opt/airflow/dags/my_tasks.py took 0.072 seconds
[2026-07-25T16:20:52.339+0000] {processor.py:186} INFO - Started process (PID=2664) to work on /opt/airflow/dags/my_tasks.py
[2026-07-25T16:20:52.347+0000] {processor.py:914} INFO - Processing file /opt/airflow/dags/my_tasks.py for tasks to queue
[2026-07-25T16:20:52.349+0000] {logging_mixin.py:190} INFO - [2026-07-25T16:20:52.349+0000] {dagbag.py:588} INFO - Filling up the DagBag from /opt/airflow/dags/my_tasks.py
[2026-07-25T16:20:52.357+0000] {processor.py:925} INFO - DAG(s) 'my_dag' retrieved from /opt/airflow/dags/my_tasks.py
[2026-07-25T16:20:52.377+0000] {logging_mixin.py:190} INFO - [2026-07-25T16:20:52.377+0000] {dag.py:3239} INFO - Sync 1 DAGs
[2026-07-25T16:20:52.394+0000] {logging_mixin.py:190} INFO - [2026-07-25T16:20:52.393+0000] {dag.py:4180} INFO - Setting next_dagrun for my_dag to None, run_after=None
[2026-07-25T16:20:52.408+0000] {processor.py:208} INFO - Processing /opt/airflow/dags/my_tasks.py took 0.072 seconds
[2026-07-25T16:21:22.604+0000] {processor.py:186} INFO - Started process (PID=2675) to work on /opt/airflow/dags/my_tasks.py
[2026-07-25T16:21:22.611+0000] {processor.py:914} INFO - Processing file /opt/airflow/dags/my_tasks.py for tasks to queue
[2026-07-25T16:21:22.613+0000] {logging_mixin.py:190} INFO - [2026-07-25T16:21:22.613+0000] {dagbag.py:588} INFO - Filling up the DagBag from /opt/airflow/dags/my_tasks.py
[2026-07-25T16:21:22.621+0000] {processor.py:925} INFO - DAG(s) 'my_dag' retrieved from /opt/airflow/dags/my_tasks.py
[2026-07-25T16:21:22.639+0000] {logging_mixin.py:190} INFO - [2026-07-25T16:21:22.638+0000] {dag.py:3239} INFO - Sync 1 DAGs
[2026-07-25T16:21:22.654+0000] {logging_mixin.py:190} INFO - [2026-07-25T16:21:22.654+0000] {dag.py:4180} INFO - Setting next_dagrun for my_dag to None, run_after=None
[2026-07-25T16:21:22.670+0000] {processor.py:208} INFO - Processing /opt/airflow/dags/my_tasks.py took 0.070 seconds
[2026-07-25T16:21:52.870+0000] {processor.py:186} INFO - Started process (PID=2686) to work on /opt/airflow/dags/my_tasks.py
[2026-07-25T16:21:52.878+0000] {processor.py:914} INFO - Processing file /opt/airflow/dags/my_tasks.py for tasks to queue
[2026-07-25T16:21:52.880+0000] {logging_mixin.py:190} INFO - [2026-07-25T16:21:52.879+0000] {dagbag.py:588} INFO - Filling up the DagBag from /opt/airflow/dags/my_tasks.py
[2026-07-25T16:21:52.888+0000] {processor.py:925} INFO - DAG(s) 'my_dag' retrieved from /opt/airflow/dags/my_tasks.py
[2026-07-25T16:21:52.906+0000] {logging_mixin.py:190} INFO - [2026-07-25T16:21:52.906+0000] {dag.py:3239} INFO - Sync 1 DAGs
[2026-07-25T16:21:52.921+0000] {logging_mixin.py:190} INFO - [2026-07-25T16:21:52.920+0000] {dag.py:4180} INFO - Setting next_dagrun for my_dag to None, run_after=None
[2026-07-25T16:21:52.936+0000] {processor.py:208} INFO - Processing /opt/airflow/dags/my_tasks.py took 0.070 seconds
[2026-07-25T16:22:23.120+0000] {processor.py:186} INFO - Started process (PID=2697) to work on /opt/airflow/dags/my_tasks.py
[2026-07-25T16:22:23.128+0000] {processor.py:914} INFO - Processing file /opt/airflow/dags/my_tasks.py for tasks to queue
[2026-07-25T16:22:23.129+0000] {logging_mixin.py:190} INFO - [2026-07-25T16:22:23.129+0000] {dagbag.py:588} INFO - Filling up the DagBag from /opt/airflow/dags/my_tasks.py
[2026-07-25T16:22:23.137+0000] {processor.py:925} INFO - DAG(s) 'my_dag' retrieved from /opt/airflow/dags/my_tasks.py
[2026-07-25T16:22:23.155+0000] {logging_mixin.py:190} INFO - [2026-07-25T16:22:23.155+0000] {dag.py:3239} INFO - Sync 1 DAGs
[2026-07-25T16:22:23.171+0000] {logging_mixin.py:190} INFO - [2026-07-25T16:22:23.171+0000] {dag.py:4180} INFO - Setting next_dagrun for my_dag to None, run_after=None
[2026-07-25T16:22:23.185+0000] {processor.py:208} INFO - Processing /opt/airflow/dags/my_tasks.py took 0.069 seconds
[2026-07-25T16:22:53.386+0000] {processor.py:186} INFO - Started process (PID=2708) to work on /opt/airflow/dags/my_tasks.py
[2026-07-25T16:22:53.394+0000] {processor.py:914} INFO - Processing file /opt/airflow/dags/my_tasks.py for tasks to queue
[2026-07-25T16:22:53.396+0000] {logging_mixin.py:190} INFO - [2026-07-25T16:22:53.396+0000] {dagbag.py:588} INFO - Filling up the DagBag from /opt/airflow/dags/my_tasks.py
[2026-07-25T16:22:53.405+0000] {processor.py:925} INFO - DAG(s) 'my_dag' retrieved from /opt/airflow/dags/my_tasks.py
[2026-07-25T16:22:53.425+0000] {logging_mixin.py:190} INFO - [2026-07-25T16:22:53.425+0000] {dag.py:3239} INFO - Sync 1 DAGs
[2026-07-25T16:22:53.440+0000] {logging_mixin.py:190} INFO - [2026-07-25T16:22:53.440+0000] {dag.py:4180} INFO - Setting next_dagrun for my_dag to None, run_after=None
[2026-07-25T16:22:53.453+0000] {processor.py:208} INFO - Processing /opt/airflow/dags/my_tasks.py took 0.072 seconds
[2026-07-25T16:23:23.652+0000] {processor.py:186} INFO - Started process (PID=2719) to work on /opt/airflow/dags/my_tasks.py
[2026-07-25T16:23:23.659+0000] {processor.py:914} INFO - Processing file /opt/airflow/dags/my_tasks.py for tasks to queue
[2026-07-25T16:23:23.662+0000] {logging_mixin.py:190} INFO - [2026-07-25T16:23:23.662+0000] {dagbag.py:588} INFO - Filling up the DagBag from /opt/airflow/dags/my_tasks.py
[2026-07-25T16:23:23.671+0000] {processor.py:925} INFO - DAG(s) 'my_dag' retrieved from /opt/airflow/dags/my_tasks.py
[2026-07-25T16:23:23.689+0000] {logging_mixin.py:190} INFO - [2026-07-25T16:23:23.689+0000] {dag.py:3239} INFO - Sync 1 DAGs
[2026-07-25T16:23:23.706+0000] {logging_mixin.py:190} INFO - [2026-07-25T16:23:23.706+0000] {dag.py:4180} INFO - Setting next_dagrun for my_dag to None, run_after=None
[2026-07-25T16:23:23.742+0000] {processor.py:208} INFO - Processing /opt/airflow/dags/my_tasks.py took 0.094 seconds
[2026-07-25T16:23:53.919+0000] {processor.py:186} INFO - Started process (PID=2730) to work on /opt/airflow/dags/my_tasks.py
[2026-07-25T16:23:53.927+0000] {processor.py:914} INFO - Processing file /opt/airflow/dags/my_tasks.py for tasks to queue
[2026-07-25T16:23:53.929+0000] {logging_mixin.py:190} INFO - [2026-07-25T16:23:53.929+0000] {dagbag.py:588} INFO - Filling up the DagBag from /opt/airflow/dags/my_tasks.py
[2026-07-25T16:23:53.940+0000] {processor.py:925} INFO - DAG(s) 'my_dag' retrieved from /opt/airflow/dags/my_tasks.py
[2026-07-25T16:23:53.957+0000] {logging_mixin.py:190} INFO - [2026-07-25T16:23:53.957+0000] {dag.py:3239} INFO - Sync 1 DAGs
[2026-07-25T16:23:53.973+0000] {logging_mixin.py:190} INFO - [2026-07-25T16:23:53.973+0000] {dag.py:4180} INFO - Setting next_dagrun for my_dag to None, run_after=None
[2026-07-25T16:23:54.083+0000] {processor.py:208} INFO - Processing /opt/airflow/dags/my_tasks.py took 0.168 seconds
[2026-07-25T16:24:24.179+0000] {processor.py:186} INFO - Started process (PID=2741) to work on /opt/airflow/dags/my_tasks.py
[2026-07-25T16:24:24.187+0000] {processor.py:914} INFO - Processing file /opt/airflow/dags/my_tasks.py for tasks to queue
[2026-07-25T16:24:24.189+0000] {logging_mixin.py:190} INFO - [2026-07-25T16:24:24.188+0000] {dagbag.py:588} INFO - Filling up the DagBag from /opt/airflow/dags/my_tasks.py
[2026-07-25T16:24:24.195+0000] {processor.py:925} INFO - DAG(s) 'my_dag' retrieved from /opt/airflow/dags/my_tasks.py
[2026-07-25T16:24:24.215+0000] {logging_mixin.py:190} INFO - [2026-07-25T16:24:24.215+0000] {dag.py:3239} INFO - Sync 1 DAGs
[2026-07-25T16:24:24.231+0000] {logging_mixin.py:190} INFO - [2026-07-25T16:24:24.231+0000] {dag.py:4180} INFO - Setting next_dagrun for my_dag to None, run_after=None
[2026-07-25T16:24:24.244+0000] {processor.py:208} INFO - Processing /opt/airflow/dags/my_tasks.py took 0.071 seconds
[2026-07-25T16:24:54.464+0000] {processor.py:186} INFO - Started process (PID=2752) to work on /opt/airflow/dags/my_tasks.py
[2026-07-25T16:24:54.465+0000] {processor.py:914} INFO - Processing file /opt/airflow/dags/my_tasks.py for tasks to queue
[2026-07-25T16:24:54.467+0000] {logging_mixin.py:190} INFO - [2026-07-25T16:24:54.466+0000] {dagbag.py:588} INFO - Filling up the DagBag from /opt/airflow/dags/my_tasks.py
[2026-07-25T16:24:54.474+0000] {processor.py:925} INFO - DAG(s) 'my_dag' retrieved from /opt/airflow/dags/my_tasks.py
[2026-07-25T16:24:54.491+0000] {logging_mixin.py:190} INFO - [2026-07-25T16:24:54.491+0000] {dag.py:3239} INFO - Sync 1 DAGs
[2026-07-25T16:24:54.506+0000] {logging_mixin.py:190} INFO - [2026-07-25T16:24:54.506+0000] {dag.py:4180} INFO - Setting next_dagrun for my_dag to None, run_after=None
[2026-07-25T16:24:54.520+0000] {processor.py:208} INFO - Processing /opt/airflow/dags/my_tasks.py took 0.061 seconds
[2026-07-25T16:25:24.736+0000] {processor.py:186} INFO - Started process (PID=2763) to work on /opt/airflow/dags/my_tasks.py
[2026-07-25T16:25:24.739+0000] {processor.py:914} INFO - Processing file /opt/airflow/dags/my_tasks.py for tasks to queue
[2026-07-25T16:25:24.742+0000] {logging_mixin.py:190} INFO - [2026-07-25T16:25:24.741+0000] {dagbag.py:588} INFO - Filling up the DagBag from /opt/airflow/dags/my_tasks.py
[2026-07-25T16:25:24.749+0000] {processor.py:925} INFO - DAG(s) 'my_dag' retrieved from /opt/airflow/dags/my_tasks.py
[2026-07-25T16:25:24.767+0000] {logging_mixin.py:190} INFO - [2026-07-25T16:25:24.766+0000] {dag.py:3239} INFO - Sync 1 DAGs
[2026-07-25T16:25:24.784+0000] {logging_mixin.py:190} INFO - [2026-07-25T16:25:24.784+0000] {dag.py:4180} INFO - Setting next_dagrun for my_dag to None, run_after=None
[2026-07-25T16:25:24.797+0000] {processor.py:208} INFO - Processing /opt/airflow/dags/my_tasks.py took 0.065 seconds
[2026-07-25T16:25:55.008+0000] {processor.py:186} INFO - Started process (PID=2774) to work on /opt/airflow/dags/my_tasks.py
[2026-07-25T16:25:55.016+0000] {processor.py:914} INFO - Processing file /opt/airflow/dags/my_tasks.py for tasks to queue
[2026-07-25T16:25:55.017+0000] {logging_mixin.py:190} INFO - [2026-07-25T16:25:55.017+0000] {dagbag.py:588} INFO - Filling up the DagBag from /opt/airflow/dags/my_tasks.py
[2026-07-25T16:25:55.024+0000] {processor.py:925} INFO - DAG(s) 'my_dag' retrieved from /opt/airflow/dags/my_tasks.py
[2026-07-25T16:25:55.041+0000] {logging_mixin.py:190} INFO - [2026-07-25T16:25:55.041+0000] {dag.py:3239} INFO - Sync 1 DAGs
[2026-07-25T16:25:55.057+0000] {logging_mixin.py:190} INFO - [2026-07-25T16:25:55.057+0000] {dag.py:4180} INFO - Setting next_dagrun for my_dag to None, run_after=None
[2026-07-25T16:25:55.070+0000] {processor.py:208} INFO - Processing /opt/airflow/dags/my_tasks.py took 0.067 seconds
[2026-07-25T16:26:25.269+0000] {processor.py:186} INFO - Started process (PID=2785) to work on /opt/airflow/dags/my_tasks.py
[2026-07-25T16:26:25.270+0000] {processor.py:914} INFO - Processing file /opt/airflow/dags/my_tasks.py for tasks to queue
[2026-07-25T16:26:25.271+0000] {logging_mixin.py:190} INFO - [2026-07-25T16:26:25.271+0000] {dagbag.py:588} INFO - Filling up the DagBag from /opt/airflow/dags/my_tasks.py
[2026-07-25T16:26:25.278+0000] {processor.py:925} INFO - DAG(s) 'my_dag' retrieved from /opt/airflow/dags/my_tasks.py
[2026-07-25T16:26:25.296+0000] {logging_mixin.py:190} INFO - [2026-07-25T16:26:25.295+0000] {dag.py:3239} INFO - Sync 1 DAGs
[2026-07-25T16:26:25.310+0000] {logging_mixin.py:190} INFO - [2026-07-25T16:26:25.310+0000] {dag.py:4180} INFO - Setting next_dagrun for my_dag to None, run_after=None
[2026-07-25T16:26:25.324+0000] {processor.py:208} INFO - Processing /opt/airflow/dags/my_tasks.py took 0.059 seconds
[2026-07-25T16:26:55.522+0000] {processor.py:186} INFO - Started process (PID=2796) to work on /opt/airflow/dags/my_tasks.py
[2026-07-25T16:26:55.530+0000] {processor.py:914} INFO - Processing file /opt/airflow/dags/my_tasks.py for tasks to queue
[2026-07-25T16:26:55.532+0000] {logging_mixin.py:190} INFO - [2026-07-25T16:26:55.532+0000] {dagbag.py:588} INFO - Filling up the DagBag from /opt/airflow/dags/my_tasks.py
[2026-07-25T16:26:55.542+0000] {processor.py:925} INFO - DAG(s) 'my_dag' retrieved from /opt/airflow/dags/my_tasks.py
[2026-07-25T16:26:55.559+0000] {logging_mixin.py:190} INFO - [2026-07-25T16:26:55.559+0000] {dag.py:3239} INFO - Sync 1 DAGs
[2026-07-25T16:26:55.575+0000] {logging_mixin.py:190} INFO - [2026-07-25T16:26:55.574+0000] {dag.py:4180} INFO - Setting next_dagrun for my_dag to None, run_after=None
[2026-07-25T16:26:55.591+0000] {processor.py:208} INFO - Processing /opt/airflow/dags/my_tasks.py took 0.073 seconds
[2026-07-25T16:27:25.772+0000] {processor.py:186} INFO - Started process (PID=2807) to work on /opt/airflow/dags/my_tasks.py
[2026-07-25T16:27:25.773+0000] {processor.py:914} INFO - Processing file /opt/airflow/dags/my_tasks.py for tasks to queue
[2026-07-25T16:27:25.775+0000] {logging_mixin.py:190} INFO - [2026-07-25T16:27:25.774+0000] {dagbag.py:588} INFO - Filling up the DagBag from /opt/airflow/dags/my_tasks.py
[2026-07-25T16:27:25.782+0000] {processor.py:925} INFO - DAG(s) 'my_dag' retrieved from /opt/airflow/dags/my_tasks.py
[2026-07-25T16:27:25.800+0000] {logging_mixin.py:190} INFO - [2026-07-25T16:27:25.799+0000] {dag.py:3239} INFO - Sync 1 DAGs
[2026-07-25T16:27:25.815+0000] {logging_mixin.py:190} INFO - [2026-07-25T16:27:25.815+0000] {dag.py:4180} INFO - Setting next_dagrun for my_dag to None, run_after=None
[2026-07-25T16:27:25.829+0000] {processor.py:208} INFO - Processing /opt/airflow/dags/my_tasks.py took 0.061 seconds
[2026-07-25T16:27:56.058+0000] {processor.py:186} INFO - Started process (PID=2818) to work on /opt/airflow/dags/my_tasks.py
[2026-07-25T16:27:56.066+0000] {processor.py:914} INFO - Processing file /opt/airflow/dags/my_tasks.py for tasks to queue
[2026-07-25T16:27:56.069+0000] {logging_mixin.py:190} INFO - [2026-07-25T16:27:56.069+0000] {dagbag.py:588} INFO - Filling up the DagBag from /opt/airflow/dags/my_tasks.py
[2026-07-25T16:27:56.080+0000] {processor.py:925} INFO - DAG(s) 'my_dag' retrieved from /opt/airflow/dags/my_tasks.py
[2026-07-25T16:27:56.097+0000] {logging_mixin.py:190} INFO - [2026-07-25T16:27:56.097+0000] {dag.py:3239} INFO - Sync 1 DAGs
[2026-07-25T16:27:56.113+0000] {logging_mixin.py:190} INFO - [2026-07-25T16:27:56.113+0000] {dag.py:4180} INFO - Setting next_dagrun for my_dag to None, run_after=None
[2026-07-25T16:27:56.127+0000] {processor.py:208} INFO - Processing /opt/airflow/dags/my_tasks.py took 0.075 seconds
[2026-07-25T16:28:26.342+0000] {processor.py:186} INFO - Started process (PID=2829) to work on /opt/airflow/dags/my_tasks.py
[2026-07-25T16:28:26.343+0000] {processor.py:914} INFO - Processing file /opt/airflow/dags/my_tasks.py for tasks to queue
[2026-07-25T16:28:26.345+0000] {logging_mixin.py:190} INFO - [2026-07-25T16:28:26.345+0000] {dagbag.py:588} INFO - Filling up the DagBag from /opt/airflow/dags/my_tasks.py
[2026-07-25T16:28:26.352+0000] {processor.py:925} INFO - DAG(s) 'my_dag' retrieved from /opt/airflow/dags/my_tasks.py
[2026-07-25T16:28:26.370+0000] {logging_mixin.py:190} INFO - [2026-07-25T16:28:26.369+0000] {dag.py:3239} INFO - Sync 1 DAGs
[2026-07-25T16:28:26.385+0000] {logging_mixin.py:190} INFO - [2026-07-25T16:28:26.384+0000] {dag.py:4180} INFO - Setting next_dagrun for my_dag to None, run_after=None
[2026-07-25T16:28:26.399+0000] {processor.py:208} INFO - Processing /opt/airflow/dags/my_tasks.py took 0.061 seconds
[2026-07-25T16:28:56.629+0000] {processor.py:186} INFO - Started process (PID=2840) to work on /opt/airflow/dags/my_tasks.py
[2026-07-25T16:28:56.629+0000] {processor.py:914} INFO - Processing file /opt/airflow/dags/my_tasks.py for tasks to queue
[2026-07-25T16:28:56.631+0000] {logging_mixin.py:190} INFO - [2026-07-25T16:28:56.630+0000] {dagbag.py:588} INFO - Filling up the DagBag from /opt/airflow/dags/my_tasks.py
[2026-07-25T16:28:56.637+0000] {processor.py:925} INFO - DAG(s) 'my_dag' retrieved from /opt/airflow/dags/my_tasks.py
[2026-07-25T16:28:56.657+0000] {logging_mixin.py:190} INFO - [2026-07-25T16:28:56.657+0000] {dag.py:3239} INFO - Sync 1 DAGs
[2026-07-25T16:28:56.672+0000] {logging_mixin.py:190} INFO - [2026-07-25T16:28:56.672+0000] {dag.py:4180} INFO - Setting next_dagrun for my_dag to None, run_after=None
[2026-07-25T16:28:56.686+0000] {processor.py:208} INFO - Processing /opt/airflow/dags/my_tasks.py took 0.062 seconds
[2026-07-25T16:29:26.909+0000] {processor.py:186} INFO - Started process (PID=2851) to work on /opt/airflow/dags/my_tasks.py
[2026-07-25T16:29:26.917+0000] {processor.py:914} INFO - Processing file /opt/airflow/dags/my_tasks.py for tasks to queue
[2026-07-25T16:29:26.919+0000] {logging_mixin.py:190} INFO - [2026-07-25T16:29:26.918+0000] {dagbag.py:588} INFO - Filling up the DagBag from /opt/airflow/dags/my_tasks.py
[2026-07-25T16:29:26.929+0000] {processor.py:925} INFO - DAG(s) 'my_dag' retrieved from /opt/airflow/dags/my_tasks.py
[2026-07-25T16:29:26.946+0000] {logging_mixin.py:190} INFO - [2026-07-25T16:29:26.946+0000] {dag.py:3239} INFO - Sync 1 DAGs
[2026-07-25T16:29:26.962+0000] {logging_mixin.py:190} INFO - [2026-07-25T16:29:26.962+0000] {dag.py:4180} INFO - Setting next_dagrun for my_dag to None, run_after=None
[2026-07-25T16:29:27.082+0000] {processor.py:208} INFO - Processing /opt/airflow/dags/my_tasks.py took 0.177 seconds
[2026-07-25T16:29:57.178+0000] {processor.py:186} INFO - Started process (PID=2862) to work on /opt/airflow/dags/my_tasks.py
[2026-07-25T16:29:57.186+0000] {processor.py:914} INFO - Processing file /opt/airflow/dags/my_tasks.py for tasks to queue
[2026-07-25T16:29:57.188+0000] {logging_mixin.py:190} INFO - [2026-07-25T16:29:57.187+0000] {dagbag.py:588} INFO - Filling up the DagBag from /opt/airflow/dags/my_tasks.py
[2026-07-25T16:29:57.195+0000] {processor.py:925} INFO - DAG(s) 'my_dag' retrieved from /opt/airflow/dags/my_tasks.py
[2026-07-25T16:29:57.213+0000] {logging_mixin.py:190} INFO - [2026-07-25T16:29:57.213+0000] {dag.py:3239} INFO - Sync 1 DAGs
[2026-07-25T16:29:57.228+0000] {logging_mixin.py:190} INFO - [2026-07-25T16:29:57.228+0000] {dag.py:4180} INFO - Setting next_dagrun for my_dag to None, run_after=None
[2026-07-25T16:29:57.243+0000] {processor.py:208} INFO - Processing /opt/airflow/dags/my_tasks.py took 0.069 seconds
[2026-07-25T16:30:27.436+0000] {processor.py:186} INFO - Started process (PID=2873) to work on /opt/airflow/dags/my_tasks.py
[2026-07-25T16:30:27.441+0000] {processor.py:914} INFO - Processing file /opt/airflow/dags/my_tasks.py for tasks to queue
[2026-07-25T16:30:27.443+0000] {logging_mixin.py:190} INFO - [2026-07-25T16:30:27.443+0000] {dagbag.py:588} INFO - Filling up the DagBag from /opt/airflow/dags/my_tasks.py
[2026-07-25T16:30:27.451+0000] {processor.py:925} INFO - DAG(s) 'my_dag' retrieved from /opt/airflow/dags/my_tasks.py
[2026-07-25T16:30:27.469+0000] {logging_mixin.py:190} INFO - [2026-07-25T16:30:27.468+0000] {dag.py:3239} INFO - Sync 1 DAGs
[2026-07-25T16:30:27.483+0000] {logging_mixin.py:190} INFO - [2026-07-25T16:30:27.483+0000] {dag.py:4180} INFO - Setting next_dagrun for my_dag to None, run_after=None
[2026-07-25T16:30:27.498+0000] {processor.py:208} INFO - Processing /opt/airflow/dags/my_tasks.py took 0.067 seconds
[2026-07-25T16:30:57.694+0000] {processor.py:186} INFO - Started process (PID=2884) to work on /opt/airflow/dags/my_tasks.py
[2026-07-25T16:30:57.702+0000] {processor.py:914} INFO - Processing file /opt/airflow/dags/my_tasks.py for tasks to queue
[2026-07-25T16:30:57.705+0000] {logging_mixin.py:190} INFO - [2026-07-25T16:30:57.704+0000] {dagbag.py:588} INFO - Filling up the DagBag from /opt/airflow/dags/my_tasks.py
[2026-07-25T16:30:57.716+0000] {processor.py:925} INFO - DAG(s) 'my_dag' retrieved from /opt/airflow/dags/my_tasks.py
[2026-07-25T16:30:57.733+0000] {logging_mixin.py:190} INFO - [2026-07-25T16:30:57.733+0000] {dag.py:3239} INFO - Sync 1 DAGs
[2026-07-25T16:30:57.749+0000] {logging_mixin.py:190} INFO - [2026-07-25T16:30:57.749+0000] {dag.py:4180} INFO - Setting next_dagrun for my_dag to None, run_after=None
[2026-07-25T16:30:57.764+0000] {processor.py:208} INFO - Processing /opt/airflow/dags/my_tasks.py took 0.074 seconds
[2026-07-25T16:31:27.972+0000] {processor.py:186} INFO - Started process (PID=2895) to work on /opt/airflow/dags/my_tasks.py
[2026-07-25T16:31:27.980+0000] {processor.py:914} INFO - Processing file /opt/airflow/dags/my_tasks.py for tasks to queue
[2026-07-25T16:31:27.983+0000] {logging_mixin.py:190} INFO - [2026-07-25T16:31:27.982+0000] {dagbag.py:588} INFO - Filling up the DagBag from /opt/airflow/dags/my_tasks.py
[2026-07-25T16:31:27.991+0000] {processor.py:925} INFO - DAG(s) 'my_dag' retrieved from /opt/airflow/dags/my_tasks.py
[2026-07-25T16:31:28.009+0000] {logging_mixin.py:190} INFO - [2026-07-25T16:31:28.008+0000] {dag.py:3239} INFO - Sync 1 DAGs
[2026-07-25T16:31:28.025+0000] {logging_mixin.py:190} INFO - [2026-07-25T16:31:28.025+0000] {dag.py:4180} INFO - Setting next_dagrun for my_dag to None, run_after=None
[2026-07-25T16:31:28.039+0000] {processor.py:208} INFO - Processing /opt/airflow/dags/my_tasks.py took 0.072 seconds
[2026-07-25T16:31:58.231+0000] {processor.py:186} INFO - Started process (PID=2906) to work on /opt/airflow/dags/my_tasks.py
[2026-07-25T16:31:58.238+0000] {processor.py:914} INFO - Processing file /opt/airflow/dags/my_tasks.py for tasks to queue
[2026-07-25T16:31:58.241+0000] {logging_mixin.py:190} INFO - [2026-07-25T16:31:58.241+0000] {dagbag.py:588} INFO - Filling up the DagBag from /opt/airflow/dags/my_tasks.py
[2026-07-25T16:31:58.251+0000] {processor.py:925} INFO - DAG(s) 'my_dag' retrieved from /opt/airflow/dags/my_tasks.py
[2026-07-25T16:31:58.269+0000] {logging_mixin.py:190} INFO - [2026-07-25T16:31:58.269+0000] {dag.py:3239} INFO - Sync 1 DAGs
[2026-07-25T16:31:58.285+0000] {logging_mixin.py:190} INFO - [2026-07-25T16:31:58.285+0000] {dag.py:4180} INFO - Setting next_dagrun for my_dag to None, run_after=None
[2026-07-25T16:31:58.298+0000] {processor.py:208} INFO - Processing /opt/airflow/dags/my_tasks.py took 0.072 seconds
[2026-07-25T16:32:28.516+0000] {processor.py:186} INFO - Started process (PID=2917) to work on /opt/airflow/dags/my_tasks.py
[2026-07-25T16:32:28.524+0000] {processor.py:914} INFO - Processing file /opt/airflow/dags/my_tasks.py for tasks to queue
[2026-07-25T16:32:28.527+0000] {logging_mixin.py:190} INFO - [2026-07-25T16:32:28.527+0000] {dagbag.py:588} INFO - Filling up the DagBag from /opt/airflow/dags/my_tasks.py
[2026-07-25T16:32:28.534+0000] {processor.py:925} INFO - DAG(s) 'my_dag' retrieved from /opt/airflow/dags/my_tasks.py
[2026-07-25T16:32:28.552+0000] {logging_mixin.py:190} INFO - [2026-07-25T16:32:28.552+0000] {dag.py:3239} INFO - Sync 1 DAGs
[2026-07-25T16:32:28.568+0000] {logging_mixin.py:190} INFO - [2026-07-25T16:32:28.568+0000] {dag.py:4180} INFO - Setting next_dagrun for my_dag to None, run_after=None
[2026-07-25T16:32:28.583+0000] {processor.py:208} INFO - Processing /opt/airflow/dags/my_tasks.py took 0.071 seconds
[2026-07-25T16:32:58.802+0000] {processor.py:186} INFO - Started process (PID=2928) to work on /opt/airflow/dags/my_tasks.py
[2026-07-25T16:32:58.803+0000] {processor.py:914} INFO - Processing file /opt/airflow/dags/my_tasks.py for tasks to queue
[2026-07-25T16:32:58.804+0000] {logging_mixin.py:190} INFO - [2026-07-25T16:32:58.804+0000] {dagbag.py:588} INFO - Filling up the DagBag from /opt/airflow/dags/my_tasks.py
[2026-07-25T16:32:58.811+0000] {processor.py:925} INFO - DAG(s) 'my_dag' retrieved from /opt/airflow/dags/my_tasks.py
[2026-07-25T16:32:58.829+0000] {logging_mixin.py:190} INFO - [2026-07-25T16:32:58.828+0000] {dag.py:3239} INFO - Sync 1 DAGs
[2026-07-25T16:32:58.844+0000] {logging_mixin.py:190} INFO - [2026-07-25T16:32:58.844+0000] {dag.py:4180} INFO - Setting next_dagrun for my_dag to None, run_after=None
[2026-07-25T16:32:58.859+0000] {processor.py:208} INFO - Processing /opt/airflow/dags/my_tasks.py took 0.060 seconds
[2026-07-25T16:33:29.037+0000] {processor.py:186} INFO - Started process (PID=2939) to work on /opt/airflow/dags/my_tasks.py
[2026-07-25T16:33:29.038+0000] {processor.py:914} INFO - Processing file /opt/airflow/dags/my_tasks.py for tasks to queue
[2026-07-25T16:33:29.039+0000] {logging_mixin.py:190} INFO - [2026-07-25T16:33:29.039+0000] {dagbag.py:588} INFO - Filling up the DagBag from /opt/airflow/dags/my_tasks.py
[2026-07-25T16:33:29.046+0000] {processor.py:925} INFO - DAG(s) 'my_dag' retrieved from /opt/airflow/dags/my_tasks.py
[2026-07-25T16:33:29.064+0000] {logging_mixin.py:190} INFO - [2026-07-25T16:33:29.064+0000] {dag.py:3239} INFO - Sync 1 DAGs
[2026-07-25T16:33:29.080+0000] {logging_mixin.py:190} INFO - [2026-07-25T16:33:29.079+0000] {dag.py:4180} INFO - Setting next_dagrun for my_dag to None, run_after=None
[2026-07-25T16:33:29.093+0000] {processor.py:208} INFO - Processing /opt/airflow/dags/my_tasks.py took 0.060 seconds
[2026-07-25T16:33:59.277+0000] {processor.py:186} INFO - Started process (PID=2950) to work on /opt/airflow/dags/my_tasks.py
[2026-07-25T16:33:59.277+0000] {processor.py:914} INFO - Processing file /opt/airflow/dags/my_tasks.py for tasks to queue
[2026-07-25T16:33:59.279+0000] {logging_mixin.py:190} INFO - [2026-07-25T16:33:59.279+0000] {dagbag.py:588} INFO - Filling up the DagBag from /opt/airflow/dags/my_tasks.py
[2026-07-25T16:33:59.285+0000] {processor.py:925} INFO - DAG(s) 'my_dag' retrieved from /opt/airflow/dags/my_tasks.py
[2026-07-25T16:33:59.303+0000] {logging_mixin.py:190} INFO - [2026-07-25T16:33:59.303+0000] {dag.py:3239} INFO - Sync 1 DAGs
[2026-07-25T16:33:59.318+0000] {logging_mixin.py:190} INFO - [2026-07-25T16:33:59.318+0000] {dag.py:4180} INFO - Setting next_dagrun for my_dag to None, run_after=None
[2026-07-25T16:33:59.332+0000] {processor.py:208} INFO - Processing /opt/airflow/dags/my_tasks.py took 0.059 seconds
[2026-07-25T16:34:29.544+0000] {processor.py:186} INFO - Started process (PID=2961) to work on /opt/airflow/dags/my_tasks.py
[2026-07-25T16:34:29.545+0000] {processor.py:914} INFO - Processing file /opt/airflow/dags/my_tasks.py for tasks to queue
[2026-07-25T16:34:29.546+0000] {logging_mixin.py:190} INFO - [2026-07-25T16:34:29.546+0000] {dagbag.py:588} INFO - Filling up the DagBag from /opt/airflow/dags/my_tasks.py
[2026-07-25T16:34:29.553+0000] {processor.py:925} INFO - DAG(s) 'my_dag' retrieved from /opt/airflow/dags/my_tasks.py
[2026-07-25T16:34:29.573+0000] {logging_mixin.py:190} INFO - [2026-07-25T16:34:29.573+0000] {dag.py:3239} INFO - Sync 1 DAGs
[2026-07-25T16:34:29.588+0000] {logging_mixin.py:190} INFO - [2026-07-25T16:34:29.588+0000] {dag.py:4180} INFO - Setting next_dagrun for my_dag to None, run_after=None
[2026-07-25T16:34:29.603+0000] {processor.py:208} INFO - Processing /opt/airflow/dags/my_tasks.py took 0.063 seconds
[2026-07-25T16:34:59.800+0000] {processor.py:186} INFO - Started process (PID=2972) to work on /opt/airflow/dags/my_tasks.py
[2026-07-25T16:34:59.808+0000] {processor.py:914} INFO - Processing file /opt/airflow/dags/my_tasks.py for tasks to queue
[2026-07-25T16:34:59.810+0000] {logging_mixin.py:190} INFO - [2026-07-25T16:34:59.810+0000] {dagbag.py:588} INFO - Filling up the DagBag from /opt/airflow/dags/my_tasks.py
[2026-07-25T16:34:59.819+0000] {processor.py:925} INFO - DAG(s) 'my_dag' retrieved from /opt/airflow/dags/my_tasks.py
[2026-07-25T16:34:59.839+0000] {logging_mixin.py:190} INFO - [2026-07-25T16:34:59.839+0000] {dag.py:3239} INFO - Sync 1 DAGs
[2026-07-25T16:34:59.855+0000] {logging_mixin.py:190} INFO - [2026-07-25T16:34:59.854+0000] {dag.py:4180} INFO - Setting next_dagrun for my_dag to None, run_after=None
[2026-07-25T16:34:59.966+0000] {processor.py:208} INFO - Processing /opt/airflow/dags/my_tasks.py took 0.170 seconds
[2026-07-25T16:35:30.083+0000] {processor.py:186} INFO - Started process (PID=2983) to work on /opt/airflow/dags/my_tasks.py
[2026-07-25T16:35:30.091+0000] {processor.py:914} INFO - Processing file /opt/airflow/dags/my_tasks.py for tasks to queue
[2026-07-25T16:35:30.095+0000] {logging_mixin.py:190} INFO - [2026-07-25T16:35:30.094+0000] {dagbag.py:588} INFO - Filling up the DagBag from /opt/airflow/dags/my_tasks.py
[2026-07-25T16:35:30.104+0000] {processor.py:925} INFO - DAG(s) 'my_dag' retrieved from /opt/airflow/dags/my_tasks.py
[2026-07-25T16:35:30.122+0000] {logging_mixin.py:190} INFO - [2026-07-25T16:35:30.122+0000] {dag.py:3239} INFO - Sync 1 DAGs
[2026-07-25T16:35:30.138+0000] {logging_mixin.py:190} INFO - [2026-07-25T16:35:30.138+0000] {dag.py:4180} INFO - Setting next_dagrun for my_dag to None, run_after=None
[2026-07-25T16:35:30.153+0000] {processor.py:208} INFO - Processing /opt/airflow/dags/my_tasks.py took 0.075 seconds
[2026-07-25T16:36:00.420+0000] {processor.py:186} INFO - Started process (PID=2994) to work on /opt/airflow/dags/my_tasks.py
[2026-07-25T16:36:00.421+0000] {processor.py:914} INFO - Processing file /opt/airflow/dags/my_tasks.py for tasks to queue
[2026-07-25T16:36:00.423+0000] {logging_mixin.py:190} INFO - [2026-07-25T16:36:00.422+0000] {dagbag.py:588} INFO - Filling up the DagBag from /opt/airflow/dags/my_tasks.py
[2026-07-25T16:36:00.429+0000] {processor.py:925} INFO - DAG(s) 'my_dag' retrieved from /opt/airflow/dags/my_tasks.py
[2026-07-25T16:36:00.446+0000] {logging_mixin.py:190} INFO - [2026-07-25T16:36:00.446+0000] {dag.py:3239} INFO - Sync 1 DAGs
[2026-07-25T16:36:00.461+0000] {logging_mixin.py:190} INFO - [2026-07-25T16:36:00.461+0000] {dag.py:4180} INFO - Setting next_dagrun for my_dag to None, run_after=None
[2026-07-25T16:36:00.475+0000] {processor.py:208} INFO - Processing /opt/airflow/dags/my_tasks.py took 0.059 seconds
[2026-07-25T16:36:30.700+0000] {processor.py:186} INFO - Started process (PID=3005) to work on /opt/airflow/dags/my_tasks.py
[2026-07-25T16:36:30.708+0000] {processor.py:914} INFO - Processing file /opt/airflow/dags/my_tasks.py for tasks to queue
[2026-07-25T16:36:30.709+0000] {logging_mixin.py:190} INFO - [2026-07-25T16:36:30.709+0000] {dagbag.py:588} INFO - Filling up the DagBag from /opt/airflow/dags/my_tasks.py
[2026-07-25T16:36:30.718+0000] {processor.py:925} INFO - DAG(s) 'my_dag' retrieved from /opt/airflow/dags/my_tasks.py
[2026-07-25T16:36:30.735+0000] {logging_mixin.py:190} INFO - [2026-07-25T16:36:30.735+0000] {dag.py:3239} INFO - Sync 1 DAGs
[2026-07-25T16:36:30.750+0000] {logging_mixin.py:190} INFO - [2026-07-25T16:36:30.750+0000] {dag.py:4180} INFO - Setting next_dagrun for my_dag to None, run_after=None
[2026-07-25T16:36:30.765+0000] {processor.py:208} INFO - Processing /opt/airflow/dags/my_tasks.py took 0.069 seconds
[2026-07-25T16:37:00.993+0000] {processor.py:186} INFO - Started process (PID=3016) to work on /opt/airflow/dags/my_tasks.py
[2026-07-25T16:37:00.993+0000] {processor.py:914} INFO - Processing file /opt/airflow/dags/my_tasks.py for tasks to queue
[2026-07-25T16:37:00.994+0000] {logging_mixin.py:190} INFO - [2026-07-25T16:37:00.994+0000] {dagbag.py:588} INFO - Filling up the DagBag from /opt/airflow/dags/my_tasks.py
[2026-07-25T16:37:01.001+0000] {processor.py:925} INFO - DAG(s) 'my_dag' retrieved from /opt/airflow/dags/my_tasks.py
[2026-07-25T16:37:01.019+0000] {logging_mixin.py:190} INFO - [2026-07-25T16:37:01.019+0000] {dag.py:3239} INFO - Sync 1 DAGs
[2026-07-25T16:37:01.132+0000] {logging_mixin.py:190} INFO - [2026-07-25T16:37:01.132+0000] {dag.py:4180} INFO - Setting next_dagrun for my_dag to None, run_after=None
[2026-07-25T16:37:01.154+0000] {processor.py:208} INFO - Processing /opt/airflow/dags/my_tasks.py took 0.165 seconds
[2026-07-25T16:37:31.272+0000] {processor.py:186} INFO - Started process (PID=3027) to work on /opt/airflow/dags/my_tasks.py
[2026-07-25T16:37:31.280+0000] {processor.py:914} INFO - Processing file /opt/airflow/dags/my_tasks.py for tasks to queue
[2026-07-25T16:37:31.283+0000] {logging_mixin.py:190} INFO - [2026-07-25T16:37:31.283+0000] {dagbag.py:588} INFO - Filling up the DagBag from /opt/airflow/dags/my_tasks.py
[2026-07-25T16:37:31.294+0000] {processor.py:925} INFO - DAG(s) 'my_dag' retrieved from /opt/airflow/dags/my_tasks.py
[2026-07-25T16:37:31.312+0000] {logging_mixin.py:190} INFO - [2026-07-25T16:37:31.312+0000] {dag.py:3239} INFO - Sync 1 DAGs
[2026-07-25T16:37:31.327+0000] {logging_mixin.py:190} INFO - [2026-07-25T16:37:31.327+0000] {dag.py:4180} INFO - Setting next_dagrun for my_dag to None, run_after=None
[2026-07-25T16:37:31.342+0000] {processor.py:208} INFO - Processing /opt/airflow/dags/my_tasks.py took 0.075 seconds
[2026-07-25T16:38:01.616+0000] {processor.py:186} INFO - Started process (PID=3038) to work on /opt/airflow/dags/my_tasks.py
[2026-07-25T16:38:01.619+0000] {processor.py:914} INFO - Processing file /opt/airflow/dags/my_tasks.py for tasks to queue
[2026-07-25T16:38:01.621+0000] {logging_mixin.py:190} INFO - [2026-07-25T16:38:01.620+0000] {dagbag.py:588} INFO - Filling up the DagBag from /opt/airflow/dags/my_tasks.py
[2026-07-25T16:38:01.627+0000] {processor.py:925} INFO - DAG(s) 'my_dag' retrieved from /opt/airflow/dags/my_tasks.py
[2026-07-25T16:38:01.645+0000] {logging_mixin.py:190} INFO - [2026-07-25T16:38:01.644+0000] {dag.py:3239} INFO - Sync 1 DAGs
[2026-07-25T16:38:01.660+0000] {logging_mixin.py:190} INFO - [2026-07-25T16:38:01.660+0000] {dag.py:4180} INFO - Setting next_dagrun for my_dag to None, run_after=None
[2026-07-25T16:38:01.673+0000] {processor.py:208} INFO - Processing /opt/airflow/dags/my_tasks.py took 0.061 seconds
[2026-07-25T16:38:31.888+0000] {processor.py:186} INFO - Started process (PID=3049) to work on /opt/airflow/dags/my_tasks.py
[2026-07-25T16:38:31.889+0000] {processor.py:914} INFO - Processing file /opt/airflow/dags/my_tasks.py for tasks to queue
[2026-07-25T16:38:31.890+0000] {logging_mixin.py:190} INFO - [2026-07-25T16:38:31.890+0000] {dagbag.py:588} INFO - Filling up the DagBag from /opt/airflow/dags/my_tasks.py
[2026-07-25T16:38:31.897+0000] {processor.py:925} INFO - DAG(s) 'my_dag' retrieved from /opt/airflow/dags/my_tasks.py
[2026-07-25T16:38:31.916+0000] {logging_mixin.py:190} INFO - [2026-07-25T16:38:31.915+0000] {dag.py:3239} INFO - Sync 1 DAGs
[2026-07-25T16:38:31.933+0000] {logging_mixin.py:190} INFO - [2026-07-25T16:38:31.933+0000] {dag.py:4180} INFO - Setting next_dagrun for my_dag to None, run_after=None
[2026-07-25T16:38:31.949+0000] {processor.py:208} INFO - Processing /opt/airflow/dags/my_tasks.py took 0.065 seconds
[2026-07-25T16:39:02.158+0000] {processor.py:186} INFO - Started process (PID=3060) to work on /opt/airflow/dags/my_tasks.py
[2026-07-25T16:39:02.166+0000] {processor.py:914} INFO - Processing file /opt/airflow/dags/my_tasks.py for tasks to queue
[2026-07-25T16:39:02.169+0000] {logging_mixin.py:190} INFO - [2026-07-25T16:39:02.169+0000] {dagbag.py:588} INFO - Filling up the DagBag from /opt/airflow/dags/my_tasks.py
[2026-07-25T16:39:02.178+0000] {processor.py:925} INFO - DAG(s) 'my_dag' retrieved from /opt/airflow/dags/my_tasks.py
[2026-07-25T16:39:02.196+0000] {logging_mixin.py:190} INFO - [2026-07-25T16:39:02.195+0000] {dag.py:3239} INFO - Sync 1 DAGs
[2026-07-25T16:39:02.212+0000] {logging_mixin.py:190} INFO - [2026-07-25T16:39:02.212+0000] {dag.py:4180} INFO - Setting next_dagrun for my_dag to None, run_after=None
[2026-07-25T16:39:02.227+0000] {processor.py:208} INFO - Processing /opt/airflow/dags/my_tasks.py took 0.072 seconds
[2026-07-25T16:39:32.408+0000] {processor.py:186} INFO - Started process (PID=3071) to work on /opt/airflow/dags/my_tasks.py
[2026-07-25T16:39:32.408+0000] {processor.py:914} INFO - Processing file /opt/airflow/dags/my_tasks.py for tasks to queue
[2026-07-25T16:39:32.410+0000] {logging_mixin.py:190} INFO - [2026-07-25T16:39:32.410+0000] {dagbag.py:588} INFO - Filling up the DagBag from /opt/airflow/dags/my_tasks.py
[2026-07-25T16:39:32.416+0000] {processor.py:925} INFO - DAG(s) 'my_dag' retrieved from /opt/airflow/dags/my_tasks.py
[2026-07-25T16:39:32.434+0000] {logging_mixin.py:190} INFO - [2026-07-25T16:39:32.434+0000] {dag.py:3239} INFO - Sync 1 DAGs
[2026-07-25T16:39:32.450+0000] {logging_mixin.py:190} INFO - [2026-07-25T16:39:32.450+0000] {dag.py:4180} INFO - Setting next_dagrun for my_dag to None, run_after=None
[2026-07-25T16:39:32.462+0000] {processor.py:208} INFO - Processing /opt/airflow/dags/my_tasks.py took 0.059 seconds
[2026-07-25T16:40:02.689+0000] {processor.py:186} INFO - Started process (PID=3082) to work on /opt/airflow/dags/my_tasks.py
[2026-07-25T16:40:02.697+0000] {processor.py:914} INFO - Processing file /opt/airflow/dags/my_tasks.py for tasks to queue
[2026-07-25T16:40:02.699+0000] {logging_mixin.py:190} INFO - [2026-07-25T16:40:02.699+0000] {dagbag.py:588} INFO - Filling up the DagBag from /opt/airflow/dags/my_tasks.py
[2026-07-25T16:40:02.708+0000] {processor.py:925} INFO - DAG(s) 'my_dag' retrieved from /opt/airflow/dags/my_tasks.py
[2026-07-25T16:40:02.726+0000] {logging_mixin.py:190} INFO - [2026-07-25T16:40:02.726+0000] {dag.py:3239} INFO - Sync 1 DAGs
[2026-07-25T16:40:02.741+0000] {logging_mixin.py:190} INFO - [2026-07-25T16:40:02.741+0000] {dag.py:4180} INFO - Setting next_dagrun for my_dag to None, run_after=None
[2026-07-25T16:40:02.755+0000] {processor.py:208} INFO - Processing /opt/airflow/dags/my_tasks.py took 0.070 seconds
[2026-07-25T16:40:32.958+0000] {processor.py:186} INFO - Started process (PID=3093) to work on /opt/airflow/dags/my_tasks.py
[2026-07-25T16:40:32.958+0000] {processor.py:914} INFO - Processing file /opt/airflow/dags/my_tasks.py for tasks to queue
[2026-07-25T16:40:32.960+0000] {logging_mixin.py:190} INFO - [2026-07-25T16:40:32.959+0000] {dagbag.py:588} INFO - Filling up the DagBag from /opt/airflow/dags/my_tasks.py
[2026-07-25T16:40:32.966+0000] {processor.py:925} INFO - DAG(s) 'my_dag' retrieved from /opt/airflow/dags/my_tasks.py
[2026-07-25T16:40:32.984+0000] {logging_mixin.py:190} INFO - [2026-07-25T16:40:32.984+0000] {dag.py:3239} INFO - Sync 1 DAGs
[2026-07-25T16:40:33.000+0000] {logging_mixin.py:190} INFO - [2026-07-25T16:40:33.000+0000] {dag.py:4180} INFO - Setting next_dagrun for my_dag to None, run_after=None
[2026-07-25T16:40:33.118+0000] {processor.py:208} INFO - Processing /opt/airflow/dags/my_tasks.py took 0.164 seconds
[2026-07-25T16:41:03.222+0000] {processor.py:186} INFO - Started process (PID=3104) to work on /opt/airflow/dags/my_tasks.py
[2026-07-25T16:41:03.230+0000] {processor.py:914} INFO - Processing file /opt/airflow/dags/my_tasks.py for tasks to queue
[2026-07-25T16:41:03.232+0000] {logging_mixin.py:190} INFO - [2026-07-25T16:41:03.231+0000] {dagbag.py:588} INFO - Filling up the DagBag from /opt/airflow/dags/my_tasks.py
[2026-07-25T16:41:03.238+0000] {processor.py:925} INFO - DAG(s) 'my_dag' retrieved from /opt/airflow/dags/my_tasks.py
[2026-07-25T16:41:03.257+0000] {logging_mixin.py:190} INFO - [2026-07-25T16:41:03.256+0000] {dag.py:3239} INFO - Sync 1 DAGs
[2026-07-25T16:41:03.272+0000] {logging_mixin.py:190} INFO - [2026-07-25T16:41:03.271+0000] {dag.py:4180} INFO - Setting next_dagrun for my_dag to None, run_after=None
[2026-07-25T16:41:03.285+0000] {processor.py:208} INFO - Processing /opt/airflow/dags/my_tasks.py took 0.067 seconds
[2026-07-25T16:41:33.494+0000] {processor.py:186} INFO - Started process (PID=3115) to work on /opt/airflow/dags/my_tasks.py
[2026-07-25T16:41:33.495+0000] {processor.py:914} INFO - Processing file /opt/airflow/dags/my_tasks.py for tasks to queue
[2026-07-25T16:41:33.497+0000] {logging_mixin.py:190} INFO - [2026-07-25T16:41:33.496+0000] {dagbag.py:588} INFO - Filling up the DagBag from /opt/airflow/dags/my_tasks.py
[2026-07-25T16:41:33.504+0000] {processor.py:925} INFO - DAG(s) 'my_dag' retrieved from /opt/airflow/dags/my_tasks.py
[2026-07-25T16:41:33.521+0000] {logging_mixin.py:190} INFO - [2026-07-25T16:41:33.521+0000] {dag.py:3239} INFO - Sync 1 DAGs
[2026-07-25T16:41:33.536+0000] {logging_mixin.py:190} INFO - [2026-07-25T16:41:33.536+0000] {dag.py:4180} INFO - Setting next_dagrun for my_dag to None, run_after=None
[2026-07-25T16:41:33.550+0000] {processor.py:208} INFO - Processing /opt/airflow/dags/my_tasks.py took 0.059 seconds
[2026-07-25T16:42:03.774+0000] {processor.py:186} INFO - Started process (PID=3126) to work on /opt/airflow/dags/my_tasks.py
[2026-07-25T16:42:03.774+0000] {processor.py:914} INFO - Processing file /opt/airflow/dags/my_tasks.py for tasks to queue
[2026-07-25T16:42:03.776+0000] {logging_mixin.py:190} INFO - [2026-07-25T16:42:03.776+0000] {dagbag.py:588} INFO - Filling up the DagBag from /opt/airflow/dags/my_tasks.py
[2026-07-25T16:42:03.782+0000] {processor.py:925} INFO - DAG(s) 'my_dag' retrieved from /opt/airflow/dags/my_tasks.py
[2026-07-25T16:42:03.800+0000] {logging_mixin.py:190} INFO - [2026-07-25T16:42:03.800+0000] {dag.py:3239} INFO - Sync 1 DAGs
[2026-07-25T16:42:03.815+0000] {logging_mixin.py:190} INFO - [2026-07-25T16:42:03.814+0000] {dag.py:4180} INFO - Setting next_dagrun for my_dag to None, run_after=None
[2026-07-25T16:42:03.828+0000] {processor.py:208} INFO - Processing /opt/airflow/dags/my_tasks.py took 0.059 seconds
[2026-07-25T16:42:34.035+0000] {processor.py:186} INFO - Started process (PID=3137) to work on /opt/airflow/dags/my_tasks.py
[2026-07-25T16:42:34.036+0000] {processor.py:914} INFO - Processing file /opt/airflow/dags/my_tasks.py for tasks to queue
[2026-07-25T16:42:34.037+0000] {logging_mixin.py:190} INFO - [2026-07-25T16:42:34.037+0000] {dagbag.py:588} INFO - Filling up the DagBag from /opt/airflow/dags/my_tasks.py
[2026-07-25T16:42:34.044+0000] {processor.py:925} INFO - DAG(s) 'my_dag' retrieved from /opt/airflow/dags/my_tasks.py
[2026-07-25T16:42:34.061+0000] {logging_mixin.py:190} INFO - [2026-07-25T16:42:34.060+0000] {dag.py:3239} INFO - Sync 1 DAGs
[2026-07-25T16:42:34.175+0000] {logging_mixin.py:190} INFO - [2026-07-25T16:42:34.174+0000] {dag.py:4180} INFO - Setting next_dagrun for my_dag to None, run_after=None
[2026-07-25T16:42:34.195+0000] {processor.py:208} INFO - Processing /opt/airflow/dags/my_tasks.py took 0.164 seconds
[2026-07-25T16:43:04.292+0000] {processor.py:186} INFO - Started process (PID=3148) to work on /opt/airflow/dags/my_tasks.py
[2026-07-25T16:43:04.293+0000] {processor.py:914} INFO - Processing file /opt/airflow/dags/my_tasks.py for tasks to queue
[2026-07-25T16:43:04.294+0000] {logging_mixin.py:190} INFO - [2026-07-25T16:43:04.294+0000] {dagbag.py:588} INFO - Filling up the DagBag from /opt/airflow/dags/my_tasks.py
[2026-07-25T16:43:04.301+0000] {processor.py:925} INFO - DAG(s) 'my_dag' retrieved from /opt/airflow/dags/my_tasks.py
[2026-07-25T16:43:04.318+0000] {logging_mixin.py:190} INFO - [2026-07-25T16:43:04.318+0000] {dag.py:3239} INFO - Sync 1 DAGs
[2026-07-25T16:43:04.334+0000] {logging_mixin.py:190} INFO - [2026-07-25T16:43:04.333+0000] {dag.py:4180} INFO - Setting next_dagrun for my_dag to None, run_after=None
[2026-07-25T16:43:04.351+0000] {processor.py:208} INFO - Processing /opt/airflow/dags/my_tasks.py took 0.063 seconds
[2026-07-25T16:43:34.560+0000] {processor.py:186} INFO - Started process (PID=3159) to work on /opt/airflow/dags/my_tasks.py
[2026-07-25T16:43:34.561+0000] {processor.py:914} INFO - Processing file /opt/airflow/dags/my_tasks.py for tasks to queue
[2026-07-25T16:43:34.562+0000] {logging_mixin.py:190} INFO - [2026-07-25T16:43:34.562+0000] {dagbag.py:588} INFO - Filling up the DagBag from /opt/airflow/dags/my_tasks.py
[2026-07-25T16:43:34.569+0000] {processor.py:925} INFO - DAG(s) 'my_dag' retrieved from /opt/airflow/dags/my_tasks.py
[2026-07-25T16:43:34.587+0000] {logging_mixin.py:190} INFO - [2026-07-25T16:43:34.587+0000] {dag.py:3239} INFO - Sync 1 DAGs
[2026-07-25T16:43:34.605+0000] {logging_mixin.py:190} INFO - [2026-07-25T16:43:34.605+0000] {dag.py:4180} INFO - Setting next_dagrun for my_dag to None, run_after=None
[2026-07-25T16:43:34.619+0000] {processor.py:208} INFO - Processing /opt/airflow/dags/my_tasks.py took 0.064 seconds
[2026-07-25T16:44:04.848+0000] {processor.py:186} INFO - Started process (PID=3170) to work on /opt/airflow/dags/my_tasks.py
[2026-07-25T16:44:04.848+0000] {processor.py:914} INFO - Processing file /opt/airflow/dags/my_tasks.py for tasks to queue
[2026-07-25T16:44:04.849+0000] {logging_mixin.py:190} INFO - [2026-07-25T16:44:04.849+0000] {dagbag.py:588} INFO - Filling up the DagBag from /opt/airflow/dags/my_tasks.py
[2026-07-25T16:44:04.856+0000] {processor.py:925} INFO - DAG(s) 'my_dag' retrieved from /opt/airflow/dags/my_tasks.py
[2026-07-25T16:44:04.874+0000] {logging_mixin.py:190} INFO - [2026-07-25T16:44:04.874+0000] {dag.py:3239} INFO - Sync 1 DAGs
[2026-07-25T16:44:04.889+0000] {logging_mixin.py:190} INFO - [2026-07-25T16:44:04.889+0000] {dag.py:4180} INFO - Setting next_dagrun for my_dag to None, run_after=None
[2026-07-25T16:44:04.903+0000] {processor.py:208} INFO - Processing /opt/airflow/dags/my_tasks.py took 0.060 seconds
[2026-07-25T16:44:35.123+0000] {processor.py:186} INFO - Started process (PID=3181) to work on /opt/airflow/dags/my_tasks.py
[2026-07-25T16:44:35.131+0000] {processor.py:914} INFO - Processing file /opt/airflow/dags/my_tasks.py for tasks to queue
[2026-07-25T16:44:35.133+0000] {logging_mixin.py:190} INFO - [2026-07-25T16:44:35.132+0000] {dagbag.py:588} INFO - Filling up the DagBag from /opt/airflow/dags/my_tasks.py
[2026-07-25T16:44:35.142+0000] {processor.py:925} INFO - DAG(s) 'my_dag' retrieved from /opt/airflow/dags/my_tasks.py
[2026-07-25T16:44:35.161+0000] {logging_mixin.py:190} INFO - [2026-07-25T16:44:35.161+0000] {dag.py:3239} INFO - Sync 1 DAGs
[2026-07-25T16:44:35.277+0000] {logging_mixin.py:190} INFO - [2026-07-25T16:44:35.277+0000] {dag.py:4180} INFO - Setting next_dagrun for my_dag to None, run_after=None
[2026-07-25T16:44:35.299+0000] {processor.py:208} INFO - Processing /opt/airflow/dags/my_tasks.py took 0.180 seconds
[2026-07-25T16:45:05.405+0000] {processor.py:186} INFO - Started process (PID=3192) to work on /opt/airflow/dags/my_tasks.py
[2026-07-25T16:45:05.406+0000] {processor.py:914} INFO - Processing file /opt/airflow/dags/my_tasks.py for tasks to queue
[2026-07-25T16:45:05.408+0000] {logging_mixin.py:190} INFO - [2026-07-25T16:45:05.407+0000] {dagbag.py:588} INFO - Filling up the DagBag from /opt/airflow/dags/my_tasks.py
[2026-07-25T16:45:05.415+0000] {processor.py:925} INFO - DAG(s) 'my_dag' retrieved from /opt/airflow/dags/my_tasks.py
[2026-07-25T16:45:05.433+0000] {logging_mixin.py:190} INFO - [2026-07-25T16:45:05.433+0000] {dag.py:3239} INFO - Sync 1 DAGs
[2026-07-25T16:45:05.448+0000] {logging_mixin.py:190} INFO - [2026-07-25T16:45:05.448+0000] {dag.py:4180} INFO - Setting next_dagrun for my_dag to None, run_after=None
[2026-07-25T16:45:05.461+0000] {processor.py:208} INFO - Processing /opt/airflow/dags/my_tasks.py took 0.060 seconds
[2026-07-25T16:45:35.675+0000] {processor.py:186} INFO - Started process (PID=3203) to work on /opt/airflow/dags/my_tasks.py
[2026-07-25T16:45:35.683+0000] {processor.py:914} INFO - Processing file /opt/airflow/dags/my_tasks.py for tasks to queue
[2026-07-25T16:45:35.686+0000] {logging_mixin.py:190} INFO - [2026-07-25T16:45:35.686+0000] {dagbag.py:588} INFO - Filling up the DagBag from /opt/airflow/dags/my_tasks.py
[2026-07-25T16:45:35.694+0000] {processor.py:925} INFO - DAG(s) 'my_dag' retrieved from /opt/airflow/dags/my_tasks.py
[2026-07-25T16:45:35.712+0000] {logging_mixin.py:190} INFO - [2026-07-25T16:45:35.712+0000] {dag.py:3239} INFO - Sync 1 DAGs
[2026-07-25T16:45:35.727+0000] {logging_mixin.py:190} INFO - [2026-07-25T16:45:35.727+0000] {dag.py:4180} INFO - Setting next_dagrun for my_dag to None, run_after=None
[2026-07-25T16:45:35.741+0000] {processor.py:208} INFO - Processing /opt/airflow/dags/my_tasks.py took 0.070 seconds
[2026-07-25T16:46:05.939+0000] {processor.py:186} INFO - Started process (PID=3214) to work on /opt/airflow/dags/my_tasks.py
[2026-07-25T16:46:05.940+0000] {processor.py:914} INFO - Processing file /opt/airflow/dags/my_tasks.py for tasks to queue
[2026-07-25T16:46:05.941+0000] {logging_mixin.py:190} INFO - [2026-07-25T16:46:05.941+0000] {dagbag.py:588} INFO - Filling up the DagBag from /opt/airflow/dags/my_tasks.py
[2026-07-25T16:46:05.948+0000] {processor.py:925} INFO - DAG(s) 'my_dag' retrieved from /opt/airflow/dags/my_tasks.py
[2026-07-25T16:46:05.965+0000] {logging_mixin.py:190} INFO - [2026-07-25T16:46:05.965+0000] {dag.py:3239} INFO - Sync 1 DAGs
[2026-07-25T16:46:05.981+0000] {logging_mixin.py:190} INFO - [2026-07-25T16:46:05.981+0000] {dag.py:4180} INFO - Setting next_dagrun for my_dag to None, run_after=None
[2026-07-25T16:46:06.092+0000] {processor.py:208} INFO - Processing /opt/airflow/dags/my_tasks.py took 0.157 seconds
[2026-07-25T16:46:36.200+0000] {processor.py:186} INFO - Started process (PID=3225) to work on /opt/airflow/dags/my_tasks.py
[2026-07-25T16:46:36.208+0000] {processor.py:914} INFO - Processing file /opt/airflow/dags/my_tasks.py for tasks to queue
[2026-07-25T16:46:36.209+0000] {logging_mixin.py:190} INFO - [2026-07-25T16:46:36.209+0000] {dagbag.py:588} INFO - Filling up the DagBag from /opt/airflow/dags/my_tasks.py
[2026-07-25T16:46:36.219+0000] {processor.py:925} INFO - DAG(s) 'my_dag' retrieved from /opt/airflow/dags/my_tasks.py
[2026-07-25T16:46:36.237+0000] {logging_mixin.py:190} INFO - [2026-07-25T16:46:36.236+0000] {dag.py:3239} INFO - Sync 1 DAGs
[2026-07-25T16:46:36.252+0000] {logging_mixin.py:190} INFO - [2026-07-25T16:46:36.252+0000] {dag.py:4180} INFO - Setting next_dagrun for my_dag to None, run_after=None
[2026-07-25T16:46:36.266+0000] {processor.py:208} INFO - Processing /opt/airflow/dags/my_tasks.py took 0.071 seconds
[2026-07-25T16:47:06.550+0000] {processor.py:186} INFO - Started process (PID=3236) to work on /opt/airflow/dags/my_tasks.py
[2026-07-25T16:47:06.550+0000] {processor.py:914} INFO - Processing file /opt/airflow/dags/my_tasks.py for tasks to queue
[2026-07-25T16:47:06.552+0000] {logging_mixin.py:190} INFO - [2026-07-25T16:47:06.552+0000] {dagbag.py:588} INFO - Filling up the DagBag from /opt/airflow/dags/my_tasks.py
[2026-07-25T16:47:06.559+0000] {processor.py:925} INFO - DAG(s) 'my_dag' retrieved from /opt/airflow/dags/my_tasks.py
[2026-07-25T16:47:06.576+0000] {logging_mixin.py:190} INFO - [2026-07-25T16:47:06.576+0000] {dag.py:3239} INFO - Sync 1 DAGs
[2026-07-25T16:47:06.591+0000] {logging_mixin.py:190} INFO - [2026-07-25T16:47:06.591+0000] {dag.py:4180} INFO - Setting next_dagrun for my_dag to None, run_after=None
[2026-07-25T16:47:06.606+0000] {processor.py:208} INFO - Processing /opt/airflow/dags/my_tasks.py took 0.060 seconds
[2026-07-25T16:47:36.837+0000] {processor.py:186} INFO - Started process (PID=3247) to work on /opt/airflow/dags/my_tasks.py
[2026-07-25T16:47:36.845+0000] {processor.py:914} INFO - Processing file /opt/airflow/dags/my_tasks.py for tasks to queue
[2026-07-25T16:47:36.848+0000] {logging_mixin.py:190} INFO - [2026-07-25T16:47:36.847+0000] {dagbag.py:588} INFO - Filling up the DagBag from /opt/airflow/dags/my_tasks.py
[2026-07-25T16:47:36.859+0000] {processor.py:925} INFO - DAG(s) 'my_dag' retrieved from /opt/airflow/dags/my_tasks.py
[2026-07-25T16:47:36.876+0000] {logging_mixin.py:190} INFO - [2026-07-25T16:47:36.876+0000] {dag.py:3239} INFO - Sync 1 DAGs
[2026-07-25T16:47:36.892+0000] {logging_mixin.py:190} INFO - [2026-07-25T16:47:36.892+0000] {dag.py:4180} INFO - Setting next_dagrun for my_dag to None, run_after=None
[2026-07-25T16:47:36.905+0000] {processor.py:208} INFO - Processing /opt/airflow/dags/my_tasks.py took 0.073 seconds
[2026-07-25T16:48:07.092+0000] {processor.py:186} INFO - Started process (PID=3258) to work on /opt/airflow/dags/my_tasks.py
[2026-07-25T16:48:07.093+0000] {processor.py:914} INFO - Processing file /opt/airflow/dags/my_tasks.py for tasks to queue
[2026-07-25T16:48:07.094+0000] {logging_mixin.py:190} INFO - [2026-07-25T16:48:07.094+0000] {dagbag.py:588} INFO - Filling up the DagBag from /opt/airflow/dags/my_tasks.py
[2026-07-25T16:48:07.101+0000] {processor.py:925} INFO - DAG(s) 'my_dag' retrieved from /opt/airflow/dags/my_tasks.py
[2026-07-25T16:48:07.119+0000] {logging_mixin.py:190} INFO - [2026-07-25T16:48:07.119+0000] {dag.py:3239} INFO - Sync 1 DAGs
[2026-07-25T16:48:07.232+0000] {logging_mixin.py:190} INFO - [2026-07-25T16:48:07.232+0000] {dag.py:4180} INFO - Setting next_dagrun for my_dag to None, run_after=None
[2026-07-25T16:48:07.253+0000] {processor.py:208} INFO - Processing /opt/airflow/dags/my_tasks.py took 0.165 seconds
[2026-07-25T16:48:37.362+0000] {processor.py:186} INFO - Started process (PID=3269) to work on /opt/airflow/dags/my_tasks.py
[2026-07-25T16:48:37.363+0000] {processor.py:914} INFO - Processing file /opt/airflow/dags/my_tasks.py for tasks to queue
[2026-07-25T16:48:37.364+0000] {logging_mixin.py:190} INFO - [2026-07-25T16:48:37.364+0000] {dagbag.py:588} INFO - Filling up the DagBag from /opt/airflow/dags/my_tasks.py
[2026-07-25T16:48:37.372+0000] {processor.py:925} INFO - DAG(s) 'my_dag' retrieved from /opt/airflow/dags/my_tasks.py
[2026-07-25T16:48:37.391+0000] {logging_mixin.py:190} INFO - [2026-07-25T16:48:37.391+0000] {dag.py:3239} INFO - Sync 1 DAGs
[2026-07-25T16:48:37.407+0000] {logging_mixin.py:190} INFO - [2026-07-25T16:48:37.406+0000] {dag.py:4180} INFO - Setting next_dagrun for my_dag to None, run_after=None
[2026-07-25T16:48:37.421+0000] {processor.py:208} INFO - Processing /opt/airflow/dags/my_tasks.py took 0.063 seconds
[2026-07-25T16:49:07.637+0000] {processor.py:186} INFO - Started process (PID=3280) to work on /opt/airflow/dags/my_tasks.py
[2026-07-25T16:49:07.637+0000] {processor.py:914} INFO - Processing file /opt/airflow/dags/my_tasks.py for tasks to queue
[2026-07-25T16:49:07.639+0000] {logging_mixin.py:190} INFO - [2026-07-25T16:49:07.639+0000] {dagbag.py:588} INFO - Filling up the DagBag from /opt/airflow/dags/my_tasks.py
[2026-07-25T16:49:07.646+0000] {processor.py:925} INFO - DAG(s) 'my_dag' retrieved from /opt/airflow/dags/my_tasks.py
[2026-07-25T16:49:07.664+0000] {logging_mixin.py:190} INFO - [2026-07-25T16:49:07.663+0000] {dag.py:3239} INFO - Sync 1 DAGs
[2026-07-25T16:49:07.679+0000] {logging_mixin.py:190} INFO - [2026-07-25T16:49:07.679+0000] {dag.py:4180} INFO - Setting next_dagrun for my_dag to None, run_after=None
[2026-07-25T16:49:07.693+0000] {processor.py:208} INFO - Processing /opt/airflow/dags/my_tasks.py took 0.061 seconds
[2026-07-25T16:49:37.917+0000] {processor.py:186} INFO - Started process (PID=3291) to work on /opt/airflow/dags/my_tasks.py
[2026-07-25T16:49:37.925+0000] {processor.py:914} INFO - Processing file /opt/airflow/dags/my_tasks.py for tasks to queue
[2026-07-25T16:49:37.926+0000] {logging_mixin.py:190} INFO - [2026-07-25T16:49:37.926+0000] {dagbag.py:588} INFO - Filling up the DagBag from /opt/airflow/dags/my_tasks.py
[2026-07-25T16:49:37.934+0000] {processor.py:925} INFO - DAG(s) 'my_dag' retrieved from /opt/airflow/dags/my_tasks.py
[2026-07-25T16:49:37.951+0000] {logging_mixin.py:190} INFO - [2026-07-25T16:49:37.951+0000] {dag.py:3239} INFO - Sync 1 DAGs
[2026-07-25T16:49:37.968+0000] {logging_mixin.py:190} INFO - [2026-07-25T16:49:37.967+0000] {dag.py:4180} INFO - Setting next_dagrun for my_dag to None, run_after=None
[2026-07-25T16:49:37.983+0000] {processor.py:208} INFO - Processing /opt/airflow/dags/my_tasks.py took 0.071 seconds
[2026-07-25T16:50:08.197+0000] {processor.py:186} INFO - Started process (PID=3302) to work on /opt/airflow/dags/my_tasks.py
[2026-07-25T16:50:08.197+0000] {processor.py:914} INFO - Processing file /opt/airflow/dags/my_tasks.py for tasks to queue
[2026-07-25T16:50:08.199+0000] {logging_mixin.py:190} INFO - [2026-07-25T16:50:08.198+0000] {dagbag.py:588} INFO - Filling up the DagBag from /opt/airflow/dags/my_tasks.py
[2026-07-25T16:50:08.206+0000] {processor.py:925} INFO - DAG(s) 'my_dag' retrieved from /opt/airflow/dags/my_tasks.py
[2026-07-25T16:50:08.223+0000] {logging_mixin.py:190} INFO - [2026-07-25T16:50:08.223+0000] {dag.py:3239} INFO - Sync 1 DAGs
[2026-07-25T16:50:08.336+0000] {logging_mixin.py:190} INFO - [2026-07-25T16:50:08.336+0000] {dag.py:4180} INFO - Setting next_dagrun for my_dag to None, run_after=None
[2026-07-25T16:50:08.357+0000] {processor.py:208} INFO - Processing /opt/airflow/dags/my_tasks.py took 0.164 seconds
[2026-07-25T16:50:38.455+0000] {processor.py:186} INFO - Started process (PID=3313) to work on /opt/airflow/dags/my_tasks.py
[2026-07-25T16:50:38.457+0000] {processor.py:914} INFO - Processing file /opt/airflow/dags/my_tasks.py for tasks to queue
[2026-07-25T16:50:38.459+0000] {logging_mixin.py:190} INFO - [2026-07-25T16:50:38.459+0000] {dagbag.py:588} INFO - Filling up the DagBag from /opt/airflow/dags/my_tasks.py
[2026-07-25T16:50:38.465+0000] {processor.py:925} INFO - DAG(s) 'my_dag' retrieved from /opt/airflow/dags/my_tasks.py
[2026-07-25T16:50:38.484+0000] {logging_mixin.py:190} INFO - [2026-07-25T16:50:38.484+0000] {dag.py:3239} INFO - Sync 1 DAGs
[2026-07-25T16:50:38.499+0000] {logging_mixin.py:190} INFO - [2026-07-25T16:50:38.499+0000] {dag.py:4180} INFO - Setting next_dagrun for my_dag to None, run_after=None
[2026-07-25T16:50:38.512+0000] {processor.py:208} INFO - Processing /opt/airflow/dags/my_tasks.py took 0.062 seconds
[2026-07-25T16:51:08.718+0000] {processor.py:186} INFO - Started process (PID=3324) to work on /opt/airflow/dags/my_tasks.py
[2026-07-25T16:51:08.718+0000] {processor.py:914} INFO - Processing file /opt/airflow/dags/my_tasks.py for tasks to queue
[2026-07-25T16:51:08.720+0000] {logging_mixin.py:190} INFO - [2026-07-25T16:51:08.720+0000] {dagbag.py:588} INFO - Filling up the DagBag from /opt/airflow/dags/my_tasks.py
[2026-07-25T16:51:08.726+0000] {processor.py:925} INFO - DAG(s) 'my_dag' retrieved from /opt/airflow/dags/my_tasks.py
[2026-07-25T16:51:08.744+0000] {logging_mixin.py:190} INFO - [2026-07-25T16:51:08.744+0000] {dag.py:3239} INFO - Sync 1 DAGs
[2026-07-25T16:51:08.760+0000] {logging_mixin.py:190} INFO - [2026-07-25T16:51:08.760+0000] {dag.py:4180} INFO - Setting next_dagrun for my_dag to None, run_after=None
[2026-07-25T16:51:08.774+0000] {processor.py:208} INFO - Processing /opt/airflow/dags/my_tasks.py took 0.061 seconds
[2026-07-25T16:51:38.992+0000] {processor.py:186} INFO - Started process (PID=3335) to work on /opt/airflow/dags/my_tasks.py
[2026-07-25T16:51:38.993+0000] {processor.py:914} INFO - Processing file /opt/airflow/dags/my_tasks.py for tasks to queue
[2026-07-25T16:51:38.994+0000] {logging_mixin.py:190} INFO - [2026-07-25T16:51:38.994+0000] {dagbag.py:588} INFO - Filling up the DagBag from /opt/airflow/dags/my_tasks.py
[2026-07-25T16:51:39.001+0000] {processor.py:925} INFO - DAG(s) 'my_dag' retrieved from /opt/airflow/dags/my_tasks.py
[2026-07-25T16:51:39.022+0000] {logging_mixin.py:190} INFO - [2026-07-25T16:51:39.021+0000] {dag.py:3239} INFO - Sync 1 DAGs
[2026-07-25T16:51:39.039+0000] {logging_mixin.py:190} INFO - [2026-07-25T16:51:39.038+0000] {dag.py:4180} INFO - Setting next_dagrun for my_dag to None, run_after=None
[2026-07-25T16:51:39.149+0000] {processor.py:208} INFO - Processing /opt/airflow/dags/my_tasks.py took 0.161 seconds
[2026-07-25T16:52:09.268+0000] {processor.py:186} INFO - Started process (PID=3346) to work on /opt/airflow/dags/my_tasks.py
[2026-07-25T16:52:09.268+0000] {processor.py:914} INFO - Processing file /opt/airflow/dags/my_tasks.py for tasks to queue
[2026-07-25T16:52:09.270+0000] {logging_mixin.py:190} INFO - [2026-07-25T16:52:09.270+0000] {dagbag.py:588} INFO - Filling up the DagBag from /opt/airflow/dags/my_tasks.py
[2026-07-25T16:52:09.278+0000] {processor.py:925} INFO - DAG(s) 'my_dag' retrieved from /opt/airflow/dags/my_tasks.py
[2026-07-25T16:52:09.296+0000] {logging_mixin.py:190} INFO - [2026-07-25T16:52:09.296+0000] {dag.py:3239} INFO - Sync 1 DAGs
[2026-07-25T16:52:09.312+0000] {logging_mixin.py:190} INFO - [2026-07-25T16:52:09.312+0000] {dag.py:4180} INFO - Setting next_dagrun for my_dag to None, run_after=None
[2026-07-25T16:52:09.327+0000] {processor.py:208} INFO - Processing /opt/airflow/dags/my_tasks.py took 0.064 seconds
[2026-07-25T16:52:39.589+0000] {processor.py:186} INFO - Started process (PID=3357) to work on /opt/airflow/dags/my_tasks.py
[2026-07-25T16:52:39.597+0000] {processor.py:914} INFO - Processing file /opt/airflow/dags/my_tasks.py for tasks to queue
[2026-07-25T16:52:39.599+0000] {logging_mixin.py:190} INFO - [2026-07-25T16:52:39.598+0000] {dagbag.py:588} INFO - Filling up the DagBag from /opt/airflow/dags/my_tasks.py
[2026-07-25T16:52:39.608+0000] {processor.py:925} INFO - DAG(s) 'my_dag' retrieved from /opt/airflow/dags/my_tasks.py
[2026-07-25T16:52:39.627+0000] {logging_mixin.py:190} INFO - [2026-07-25T16:52:39.627+0000] {dag.py:3239} INFO - Sync 1 DAGs
[2026-07-25T16:52:39.643+0000] {logging_mixin.py:190} INFO - [2026-07-25T16:52:39.643+0000] {dag.py:4180} INFO - Setting next_dagrun for my_dag to None, run_after=None
[2026-07-25T16:52:39.658+0000] {processor.py:208} INFO - Processing /opt/airflow/dags/my_tasks.py took 0.073 seconds
[2026-07-25T16:53:09.866+0000] {processor.py:186} INFO - Started process (PID=3368) to work on /opt/airflow/dags/my_tasks.py
[2026-07-25T16:53:09.867+0000] {processor.py:914} INFO - Processing file /opt/airflow/dags/my_tasks.py for tasks to queue
[2026-07-25T16:53:09.869+0000] {logging_mixin.py:190} INFO - [2026-07-25T16:53:09.868+0000] {dagbag.py:588} INFO - Filling up the DagBag from /opt/airflow/dags/my_tasks.py
[2026-07-25T16:53:09.875+0000] {processor.py:925} INFO - DAG(s) 'my_dag' retrieved from /opt/airflow/dags/my_tasks.py
[2026-07-25T16:53:09.893+0000] {logging_mixin.py:190} INFO - [2026-07-25T16:53:09.893+0000] {dag.py:3239} INFO - Sync 1 DAGs
[2026-07-25T16:53:09.908+0000] {logging_mixin.py:190} INFO - [2026-07-25T16:53:09.908+0000] {dag.py:4180} INFO - Setting next_dagrun for my_dag to None, run_after=None
[2026-07-25T16:53:09.921+0000] {processor.py:208} INFO - Processing /opt/airflow/dags/my_tasks.py took 0.059 seconds
[2026-07-25T16:53:40.139+0000] {processor.py:186} INFO - Started process (PID=3379) to work on /opt/airflow/dags/my_tasks.py
[2026-07-25T16:53:40.139+0000] {processor.py:914} INFO - Processing file /opt/airflow/dags/my_tasks.py for tasks to queue
[2026-07-25T16:53:40.141+0000] {logging_mixin.py:190} INFO - [2026-07-25T16:53:40.140+0000] {dagbag.py:588} INFO - Filling up the DagBag from /opt/airflow/dags/my_tasks.py
[2026-07-25T16:53:40.147+0000] {processor.py:925} INFO - DAG(s) 'my_dag' retrieved from /opt/airflow/dags/my_tasks.py
[2026-07-25T16:53:40.165+0000] {logging_mixin.py:190} INFO - [2026-07-25T16:53:40.165+0000] {dag.py:3239} INFO - Sync 1 DAGs
[2026-07-25T16:53:40.281+0000] {logging_mixin.py:190} INFO - [2026-07-25T16:53:40.281+0000] {dag.py:4180} INFO - Setting next_dagrun for my_dag to None, run_after=None
[2026-07-25T16:53:40.311+0000] {processor.py:208} INFO - Processing /opt/airflow/dags/my_tasks.py took 0.176 seconds
[2026-07-25T16:54:10.411+0000] {processor.py:186} INFO - Started process (PID=3390) to work on /opt/airflow/dags/my_tasks.py
[2026-07-25T16:54:10.412+0000] {processor.py:914} INFO - Processing file /opt/airflow/dags/my_tasks.py for tasks to queue
[2026-07-25T16:54:10.414+0000] {logging_mixin.py:190} INFO - [2026-07-25T16:54:10.414+0000] {dagbag.py:588} INFO - Filling up the DagBag from /opt/airflow/dags/my_tasks.py
[2026-07-25T16:54:10.421+0000] {processor.py:925} INFO - DAG(s) 'my_dag' retrieved from /opt/airflow/dags/my_tasks.py
[2026-07-25T16:54:10.439+0000] {logging_mixin.py:190} INFO - [2026-07-25T16:54:10.439+0000] {dag.py:3239} INFO - Sync 1 DAGs
[2026-07-25T16:54:10.454+0000] {logging_mixin.py:190} INFO - [2026-07-25T16:54:10.454+0000] {dag.py:4180} INFO - Setting next_dagrun for my_dag to None, run_after=None
[2026-07-25T16:54:10.469+0000] {processor.py:208} INFO - Processing /opt/airflow/dags/my_tasks.py took 0.064 seconds
[2026-07-25T16:54:40.670+0000] {processor.py:186} INFO - Started process (PID=3401) to work on /opt/airflow/dags/my_tasks.py
[2026-07-25T16:54:40.670+0000] {processor.py:914} INFO - Processing file /opt/airflow/dags/my_tasks.py for tasks to queue
[2026-07-25T16:54:40.672+0000] {logging_mixin.py:190} INFO - [2026-07-25T16:54:40.672+0000] {dagbag.py:588} INFO - Filling up the DagBag from /opt/airflow/dags/my_tasks.py
[2026-07-25T16:54:40.679+0000] {processor.py:925} INFO - DAG(s) 'my_dag' retrieved from /opt/airflow/dags/my_tasks.py
[2026-07-25T16:54:40.696+0000] {logging_mixin.py:190} INFO - [2026-07-25T16:54:40.696+0000] {dag.py:3239} INFO - Sync 1 DAGs
[2026-07-25T16:54:40.711+0000] {logging_mixin.py:190} INFO - [2026-07-25T16:54:40.711+0000] {dag.py:4180} INFO - Setting next_dagrun for my_dag to None, run_after=None
[2026-07-25T16:54:40.726+0000] {processor.py:208} INFO - Processing /opt/airflow/dags/my_tasks.py took 0.061 seconds
[2026-07-25T16:55:10.947+0000] {processor.py:186} INFO - Started process (PID=3412) to work on /opt/airflow/dags/my_tasks.py
[2026-07-25T16:55:10.947+0000] {processor.py:914} INFO - Processing file /opt/airflow/dags/my_tasks.py for tasks to queue
[2026-07-25T16:55:10.949+0000] {logging_mixin.py:190} INFO - [2026-07-25T16:55:10.948+0000] {dagbag.py:588} INFO - Filling up the DagBag from /opt/airflow/dags/my_tasks.py
[2026-07-25T16:55:10.956+0000] {processor.py:925} INFO - DAG(s) 'my_dag' retrieved from /opt/airflow/dags/my_tasks.py
[2026-07-25T16:55:10.975+0000] {logging_mixin.py:190} INFO - [2026-07-25T16:55:10.974+0000] {dag.py:3239} INFO - Sync 1 DAGs
[2026-07-25T16:55:10.991+0000] {logging_mixin.py:190} INFO - [2026-07-25T16:55:10.991+0000] {dag.py:4180} INFO - Setting next_dagrun for my_dag to None, run_after=None
[2026-07-25T16:55:11.007+0000] {processor.py:208} INFO - Processing /opt/airflow/dags/my_tasks.py took 0.064 seconds
[2026-07-25T16:55:41.209+0000] {processor.py:186} INFO - Started process (PID=3423) to work on /opt/airflow/dags/my_tasks.py
[2026-07-25T16:55:41.209+0000] {processor.py:914} INFO - Processing file /opt/airflow/dags/my_tasks.py for tasks to queue
[2026-07-25T16:55:41.211+0000] {logging_mixin.py:190} INFO - [2026-07-25T16:55:41.211+0000] {dagbag.py:588} INFO - Filling up the DagBag from /opt/airflow/dags/my_tasks.py
[2026-07-25T16:55:41.218+0000] {processor.py:925} INFO - DAG(s) 'my_dag' retrieved from /opt/airflow/dags/my_tasks.py
[2026-07-25T16:55:41.235+0000] {logging_mixin.py:190} INFO - [2026-07-25T16:55:41.235+0000] {dag.py:3239} INFO - Sync 1 DAGs
[2026-07-25T16:55:41.347+0000] {logging_mixin.py:190} INFO - [2026-07-25T16:55:41.347+0000] {dag.py:4180} INFO - Setting next_dagrun for my_dag to None, run_after=None
[2026-07-25T16:55:41.369+0000] {processor.py:208} INFO - Processing /opt/airflow/dags/my_tasks.py took 0.164 seconds
[2026-07-25T16:56:11.475+0000] {processor.py:186} INFO - Started process (PID=3434) to work on /opt/airflow/dags/my_tasks.py
[2026-07-25T16:56:11.476+0000] {processor.py:914} INFO - Processing file /opt/airflow/dags/my_tasks.py for tasks to queue
[2026-07-25T16:56:11.479+0000] {logging_mixin.py:190} INFO - [2026-07-25T16:56:11.478+0000] {dagbag.py:588} INFO - Filling up the DagBag from /opt/airflow/dags/my_tasks.py
[2026-07-25T16:56:11.487+0000] {processor.py:925} INFO - DAG(s) 'my_dag' retrieved from /opt/airflow/dags/my_tasks.py
[2026-07-25T16:56:11.505+0000] {logging_mixin.py:190} INFO - [2026-07-25T16:56:11.505+0000] {dag.py:3239} INFO - Sync 1 DAGs
[2026-07-25T16:56:11.520+0000] {logging_mixin.py:190} INFO - [2026-07-25T16:56:11.520+0000] {dag.py:4180} INFO - Setting next_dagrun for my_dag to None, run_after=None
[2026-07-25T16:56:11.534+0000] {processor.py:208} INFO - Processing /opt/airflow/dags/my_tasks.py took 0.063 seconds
[2026-07-25T16:56:41.729+0000] {processor.py:186} INFO - Started process (PID=3445) to work on /opt/airflow/dags/my_tasks.py
[2026-07-25T16:56:41.729+0000] {processor.py:914} INFO - Processing file /opt/airflow/dags/my_tasks.py for tasks to queue
[2026-07-25T16:56:41.731+0000] {logging_mixin.py:190} INFO - [2026-07-25T16:56:41.731+0000] {dagbag.py:588} INFO - Filling up the DagBag from /opt/airflow/dags/my_tasks.py
[2026-07-25T16:56:41.737+0000] {processor.py:925} INFO - DAG(s) 'my_dag' retrieved from /opt/airflow/dags/my_tasks.py
[2026-07-25T16:56:41.755+0000] {logging_mixin.py:190} INFO - [2026-07-25T16:56:41.755+0000] {dag.py:3239} INFO - Sync 1 DAGs
[2026-07-25T16:56:41.770+0000] {logging_mixin.py:190} INFO - [2026-07-25T16:56:41.770+0000] {dag.py:4180} INFO - Setting next_dagrun for my_dag to None, run_after=None
[2026-07-25T16:56:41.784+0000] {processor.py:208} INFO - Processing /opt/airflow/dags/my_tasks.py took 0.059 seconds
[2026-07-25T16:57:12.005+0000] {processor.py:186} INFO - Started process (PID=3456) to work on /opt/airflow/dags/my_tasks.py
[2026-07-25T16:57:12.005+0000] {processor.py:914} INFO - Processing file /opt/airflow/dags/my_tasks.py for tasks to queue
[2026-07-25T16:57:12.006+0000] {logging_mixin.py:190} INFO - [2026-07-25T16:57:12.006+0000] {dagbag.py:588} INFO - Filling up the DagBag from /opt/airflow/dags/my_tasks.py
[2026-07-25T16:57:12.013+0000] {processor.py:925} INFO - DAG(s) 'my_dag' retrieved from /opt/airflow/dags/my_tasks.py
[2026-07-25T16:57:12.030+0000] {logging_mixin.py:190} INFO - [2026-07-25T16:57:12.030+0000] {dag.py:3239} INFO - Sync 1 DAGs
[2026-07-25T16:57:12.047+0000] {logging_mixin.py:190} INFO - [2026-07-25T16:57:12.046+0000] {dag.py:4180} INFO - Setting next_dagrun for my_dag to None, run_after=None
[2026-07-25T16:57:12.165+0000] {processor.py:208} INFO - Processing /opt/airflow/dags/my_tasks.py took 0.165 seconds
[2026-07-25T16:57:42.264+0000] {processor.py:186} INFO - Started process (PID=3473) to work on /opt/airflow/dags/my_tasks.py
[2026-07-25T16:57:42.265+0000] {processor.py:914} INFO - Processing file /opt/airflow/dags/my_tasks.py for tasks to queue
[2026-07-25T16:57:42.267+0000] {logging_mixin.py:190} INFO - [2026-07-25T16:57:42.267+0000] {dagbag.py:588} INFO - Filling up the DagBag from /opt/airflow/dags/my_tasks.py
[2026-07-25T16:57:42.275+0000] {processor.py:925} INFO - DAG(s) 'my_dag' retrieved from /opt/airflow/dags/my_tasks.py
[2026-07-25T16:57:42.293+0000] {logging_mixin.py:190} INFO - [2026-07-25T16:57:42.293+0000] {dag.py:3239} INFO - Sync 1 DAGs
[2026-07-25T16:57:42.405+0000] {logging_mixin.py:190} INFO - [2026-07-25T16:57:42.404+0000] {dag.py:4180} INFO - Setting next_dagrun for my_dag to None, run_after=None
[2026-07-25T16:57:42.426+0000] {processor.py:208} INFO - Processing /opt/airflow/dags/my_tasks.py took 0.166 seconds
[2026-07-25T16:58:12.602+0000] {processor.py:186} INFO - Started process (PID=3484) to work on /opt/airflow/dags/my_tasks.py
[2026-07-25T16:58:12.602+0000] {processor.py:914} INFO - Processing file /opt/airflow/dags/my_tasks.py for tasks to queue
[2026-07-25T16:58:12.604+0000] {logging_mixin.py:190} INFO - [2026-07-25T16:58:12.604+0000] {dagbag.py:588} INFO - Filling up the DagBag from /opt/airflow/dags/my_tasks.py
[2026-07-25T16:58:12.611+0000] {processor.py:925} INFO - DAG(s) 'my_dag' retrieved from /opt/airflow/dags/my_tasks.py
[2026-07-25T16:58:12.628+0000] {logging_mixin.py:190} INFO - [2026-07-25T16:58:12.628+0000] {dag.py:3239} INFO - Sync 1 DAGs
[2026-07-25T16:58:12.644+0000] {logging_mixin.py:190} INFO - [2026-07-25T16:58:12.644+0000] {dag.py:4180} INFO - Setting next_dagrun for my_dag to None, run_after=None
[2026-07-25T16:58:12.662+0000] {processor.py:208} INFO - Processing /opt/airflow/dags/my_tasks.py took 0.065 seconds
[2026-07-25T16:58:42.877+0000] {processor.py:186} INFO - Started process (PID=3495) to work on /opt/airflow/dags/my_tasks.py
[2026-07-25T16:58:42.885+0000] {processor.py:914} INFO - Processing file /opt/airflow/dags/my_tasks.py for tasks to queue
[2026-07-25T16:58:42.887+0000] {logging_mixin.py:190} INFO - [2026-07-25T16:58:42.887+0000] {dagbag.py:588} INFO - Filling up the DagBag from /opt/airflow/dags/my_tasks.py
[2026-07-25T16:58:42.894+0000] {processor.py:925} INFO - DAG(s) 'my_dag' retrieved from /opt/airflow/dags/my_tasks.py
[2026-07-25T16:58:42.913+0000] {logging_mixin.py:190} INFO - [2026-07-25T16:58:42.912+0000] {dag.py:3239} INFO - Sync 1 DAGs
[2026-07-25T16:58:42.928+0000] {logging_mixin.py:190} INFO - [2026-07-25T16:58:42.928+0000] {dag.py:4180} INFO - Setting next_dagrun for my_dag to None, run_after=None
[2026-07-25T16:58:42.947+0000] {processor.py:208} INFO - Processing /opt/airflow/dags/my_tasks.py took 0.074 seconds
[2026-07-25T16:59:13.121+0000] {processor.py:186} INFO - Started process (PID=3506) to work on /opt/airflow/dags/my_tasks.py
[2026-07-25T16:59:13.122+0000] {processor.py:914} INFO - Processing file /opt/airflow/dags/my_tasks.py for tasks to queue
[2026-07-25T16:59:13.123+0000] {logging_mixin.py:190} INFO - [2026-07-25T16:59:13.123+0000] {dagbag.py:588} INFO - Filling up the DagBag from /opt/airflow/dags/my_tasks.py
[2026-07-25T16:59:13.130+0000] {processor.py:925} INFO - DAG(s) 'my_dag' retrieved from /opt/airflow/dags/my_tasks.py
[2026-07-25T16:59:13.147+0000] {logging_mixin.py:190} INFO - [2026-07-25T16:59:13.147+0000] {dag.py:3239} INFO - Sync 1 DAGs
[2026-07-25T16:59:13.263+0000] {logging_mixin.py:190} INFO - [2026-07-25T16:59:13.263+0000] {dag.py:4180} INFO - Setting next_dagrun for my_dag to None, run_after=None
[2026-07-25T16:59:13.277+0000] {processor.py:208} INFO - Processing /opt/airflow/dags/my_tasks.py took 0.159 seconds
[2026-07-25T16:59:43.385+0000] {processor.py:186} INFO - Started process (PID=3517) to work on /opt/airflow/dags/my_tasks.py
[2026-07-25T16:59:43.386+0000] {processor.py:914} INFO - Processing file /opt/airflow/dags/my_tasks.py for tasks to queue
[2026-07-25T16:59:43.387+0000] {logging_mixin.py:190} INFO - [2026-07-25T16:59:43.387+0000] {dagbag.py:588} INFO - Filling up the DagBag from /opt/airflow/dags/my_tasks.py
[2026-07-25T16:59:43.394+0000] {processor.py:925} INFO - DAG(s) 'my_dag' retrieved from /opt/airflow/dags/my_tasks.py
[2026-07-25T16:59:43.412+0000] {logging_mixin.py:190} INFO - [2026-07-25T16:59:43.412+0000] {dag.py:3239} INFO - Sync 1 DAGs
[2026-07-25T16:59:43.427+0000] {logging_mixin.py:190} INFO - [2026-07-25T16:59:43.427+0000] {dag.py:4180} INFO - Setting next_dagrun for my_dag to None, run_after=None
[2026-07-25T16:59:43.441+0000] {processor.py:208} INFO - Processing /opt/airflow/dags/my_tasks.py took 0.060 seconds
[2026-07-25T17:00:13.651+0000] {processor.py:186} INFO - Started process (PID=3528) to work on /opt/airflow/dags/my_tasks.py
[2026-07-25T17:00:13.652+0000] {processor.py:914} INFO - Processing file /opt/airflow/dags/my_tasks.py for tasks to queue
[2026-07-25T17:00:13.654+0000] {logging_mixin.py:190} INFO - [2026-07-25T17:00:13.653+0000] {dagbag.py:588} INFO - Filling up the DagBag from /opt/airflow/dags/my_tasks.py
[2026-07-25T17:00:13.661+0000] {processor.py:925} INFO - DAG(s) 'my_dag' retrieved from /opt/airflow/dags/my_tasks.py
[2026-07-25T17:00:13.678+0000] {logging_mixin.py:190} INFO - [2026-07-25T17:00:13.678+0000] {dag.py:3239} INFO - Sync 1 DAGs
[2026-07-25T17:00:13.693+0000] {logging_mixin.py:190} INFO - [2026-07-25T17:00:13.693+0000] {dag.py:4180} INFO - Setting next_dagrun for my_dag to None, run_after=None
[2026-07-25T17:00:13.708+0000] {processor.py:208} INFO - Processing /opt/airflow/dags/my_tasks.py took 0.061 seconds
[2026-07-25T17:00:43.895+0000] {processor.py:186} INFO - Started process (PID=3539) to work on /opt/airflow/dags/my_tasks.py
[2026-07-25T17:00:43.903+0000] {processor.py:914} INFO - Processing file /opt/airflow/dags/my_tasks.py for tasks to queue
[2026-07-25T17:00:43.905+0000] {logging_mixin.py:190} INFO - [2026-07-25T17:00:43.905+0000] {dagbag.py:588} INFO - Filling up the DagBag from /opt/airflow/dags/my_tasks.py
[2026-07-25T17:00:43.915+0000] {processor.py:925} INFO - DAG(s) 'my_dag' retrieved from /opt/airflow/dags/my_tasks.py
[2026-07-25T17:00:43.933+0000] {logging_mixin.py:190} INFO - [2026-07-25T17:00:43.932+0000] {dag.py:3239} INFO - Sync 1 DAGs
[2026-07-25T17:00:43.948+0000] {logging_mixin.py:190} INFO - [2026-07-25T17:00:43.948+0000] {dag.py:4180} INFO - Setting next_dagrun for my_dag to None, run_after=None
[2026-07-25T17:00:43.976+0000] {processor.py:208} INFO - Processing /opt/airflow/dags/my_tasks.py took 0.085 seconds
[2026-07-25T17:01:14.174+0000] {processor.py:186} INFO - Started process (PID=3550) to work on /opt/airflow/dags/my_tasks.py
[2026-07-25T17:01:14.174+0000] {processor.py:914} INFO - Processing file /opt/airflow/dags/my_tasks.py for tasks to queue
[2026-07-25T17:01:14.176+0000] {logging_mixin.py:190} INFO - [2026-07-25T17:01:14.176+0000] {dagbag.py:588} INFO - Filling up the DagBag from /opt/airflow/dags/my_tasks.py
[2026-07-25T17:01:14.183+0000] {processor.py:925} INFO - DAG(s) 'my_dag' retrieved from /opt/airflow/dags/my_tasks.py
[2026-07-25T17:01:14.200+0000] {logging_mixin.py:190} INFO - [2026-07-25T17:01:14.200+0000] {dag.py:3239} INFO - Sync 1 DAGs
[2026-07-25T17:01:14.312+0000] {logging_mixin.py:190} INFO - [2026-07-25T17:01:14.312+0000] {dag.py:4180} INFO - Setting next_dagrun for my_dag to None, run_after=None
[2026-07-25T17:01:14.325+0000] {processor.py:208} INFO - Processing /opt/airflow/dags/my_tasks.py took 0.155 seconds
[2026-07-25T17:01:44.435+0000] {processor.py:186} INFO - Started process (PID=3561) to work on /opt/airflow/dags/my_tasks.py
[2026-07-25T17:01:44.443+0000] {processor.py:914} INFO - Processing file /opt/airflow/dags/my_tasks.py for tasks to queue
[2026-07-25T17:01:44.447+0000] {logging_mixin.py:190} INFO - [2026-07-25T17:01:44.446+0000] {dagbag.py:588} INFO - Filling up the DagBag from /opt/airflow/dags/my_tasks.py
[2026-07-25T17:01:44.455+0000] {processor.py:925} INFO - DAG(s) 'my_dag' retrieved from /opt/airflow/dags/my_tasks.py
[2026-07-25T17:01:44.473+0000] {logging_mixin.py:190} INFO - [2026-07-25T17:01:44.473+0000] {dag.py:3239} INFO - Sync 1 DAGs
[2026-07-25T17:01:44.489+0000] {logging_mixin.py:190} INFO - [2026-07-25T17:01:44.489+0000] {dag.py:4180} INFO - Setting next_dagrun for my_dag to None, run_after=None
[2026-07-25T17:01:44.504+0000] {processor.py:208} INFO - Processing /opt/airflow/dags/my_tasks.py took 0.074 seconds
[2026-07-25T17:02:14.761+0000] {processor.py:186} INFO - Started process (PID=3572) to work on /opt/airflow/dags/my_tasks.py
[2026-07-25T17:02:14.762+0000] {processor.py:914} INFO - Processing file /opt/airflow/dags/my_tasks.py for tasks to queue
[2026-07-25T17:02:14.763+0000] {logging_mixin.py:190} INFO - [2026-07-25T17:02:14.763+0000] {dagbag.py:588} INFO - Filling up the DagBag from /opt/airflow/dags/my_tasks.py
[2026-07-25T17:02:14.770+0000] {processor.py:925} INFO - DAG(s) 'my_dag' retrieved from /opt/airflow/dags/my_tasks.py
[2026-07-25T17:02:14.787+0000] {logging_mixin.py:190} INFO - [2026-07-25T17:02:14.787+0000] {dag.py:3239} INFO - Sync 1 DAGs
[2026-07-25T17:02:14.802+0000] {logging_mixin.py:190} INFO - [2026-07-25T17:02:14.802+0000] {dag.py:4180} INFO - Setting next_dagrun for my_dag to None, run_after=None
[2026-07-25T17:02:14.816+0000] {processor.py:208} INFO - Processing /opt/airflow/dags/my_tasks.py took 0.059 seconds
[2026-07-25T17:02:45.023+0000] {processor.py:186} INFO - Started process (PID=3583) to work on /opt/airflow/dags/my_tasks.py
[2026-07-25T17:02:45.031+0000] {processor.py:914} INFO - Processing file /opt/airflow/dags/my_tasks.py for tasks to queue
[2026-07-25T17:02:45.034+0000] {logging_mixin.py:190} INFO - [2026-07-25T17:02:45.033+0000] {dagbag.py:588} INFO - Filling up the DagBag from /opt/airflow/dags/my_tasks.py
[2026-07-25T17:02:45.044+0000] {processor.py:925} INFO - DAG(s) 'my_dag' retrieved from /opt/airflow/dags/my_tasks.py
[2026-07-25T17:02:45.065+0000] {logging_mixin.py:190} INFO - [2026-07-25T17:02:45.065+0000] {dag.py:3239} INFO - Sync 1 DAGs
[2026-07-25T17:02:45.082+0000] {logging_mixin.py:190} INFO - [2026-07-25T17:02:45.082+0000] {dag.py:4180} INFO - Setting next_dagrun for my_dag to None, run_after=None
[2026-07-25T17:02:45.209+0000] {processor.py:208} INFO - Processing /opt/airflow/dags/my_tasks.py took 0.189 seconds
[2026-07-25T17:03:15.292+0000] {processor.py:186} INFO - Started process (PID=3594) to work on /opt/airflow/dags/my_tasks.py
[2026-07-25T17:03:15.292+0000] {processor.py:914} INFO - Processing file /opt/airflow/dags/my_tasks.py for tasks to queue
[2026-07-25T17:03:15.294+0000] {logging_mixin.py:190} INFO - [2026-07-25T17:03:15.293+0000] {dagbag.py:588} INFO - Filling up the DagBag from /opt/airflow/dags/my_tasks.py
[2026-07-25T17:03:15.301+0000] {processor.py:925} INFO - DAG(s) 'my_dag' retrieved from /opt/airflow/dags/my_tasks.py
[2026-07-25T17:03:15.319+0000] {logging_mixin.py:190} INFO - [2026-07-25T17:03:15.319+0000] {dag.py:3239} INFO - Sync 1 DAGs
[2026-07-25T17:03:15.431+0000] {logging_mixin.py:190} INFO - [2026-07-25T17:03:15.431+0000] {dag.py:4180} INFO - Setting next_dagrun for my_dag to None, run_after=None
[2026-07-25T17:03:15.465+0000] {processor.py:208} INFO - Processing /opt/airflow/dags/my_tasks.py took 0.178 seconds
[2026-07-25T17:03:45.681+0000] {processor.py:186} INFO - Started process (PID=3605) to work on /opt/airflow/dags/my_tasks.py
[2026-07-25T17:03:45.682+0000] {processor.py:914} INFO - Processing file /opt/airflow/dags/my_tasks.py for tasks to queue
[2026-07-25T17:03:45.684+0000] {logging_mixin.py:190} INFO - [2026-07-25T17:03:45.684+0000] {dagbag.py:588} INFO - Filling up the DagBag from /opt/airflow/dags/my_tasks.py
[2026-07-25T17:03:45.691+0000] {processor.py:925} INFO - DAG(s) 'my_dag' retrieved from /opt/airflow/dags/my_tasks.py
[2026-07-25T17:03:45.708+0000] {logging_mixin.py:190} INFO - [2026-07-25T17:03:45.708+0000] {dag.py:3239} INFO - Sync 1 DAGs
[2026-07-25T17:03:45.723+0000] {logging_mixin.py:190} INFO - [2026-07-25T17:03:45.723+0000] {dag.py:4180} INFO - Setting next_dagrun for my_dag to None, run_after=None
[2026-07-25T17:03:45.738+0000] {processor.py:208} INFO - Processing /opt/airflow/dags/my_tasks.py took 0.062 seconds
[2026-07-25T17:04:15.956+0000] {processor.py:186} INFO - Started process (PID=3616) to work on /opt/airflow/dags/my_tasks.py
[2026-07-25T17:04:15.964+0000] {processor.py:914} INFO - Processing file /opt/airflow/dags/my_tasks.py for tasks to queue
[2026-07-25T17:04:15.967+0000] {logging_mixin.py:190} INFO - [2026-07-25T17:04:15.966+0000] {dagbag.py:588} INFO - Filling up the DagBag from /opt/airflow/dags/my_tasks.py
[2026-07-25T17:04:15.976+0000] {processor.py:925} INFO - DAG(s) 'my_dag' retrieved from /opt/airflow/dags/my_tasks.py
[2026-07-25T17:04:15.994+0000] {logging_mixin.py:190} INFO - [2026-07-25T17:04:15.994+0000] {dag.py:3239} INFO - Sync 1 DAGs
[2026-07-25T17:04:16.012+0000] {logging_mixin.py:190} INFO - [2026-07-25T17:04:16.012+0000] {dag.py:4180} INFO - Setting next_dagrun for my_dag to None, run_after=None
[2026-07-25T17:04:16.026+0000] {processor.py:208} INFO - Processing /opt/airflow/dags/my_tasks.py took 0.074 seconds
[2026-07-25T17:04:46.228+0000] {processor.py:186} INFO - Started process (PID=3627) to work on /opt/airflow/dags/my_tasks.py
[2026-07-25T17:04:46.228+0000] {processor.py:914} INFO - Processing file /opt/airflow/dags/my_tasks.py for tasks to queue
[2026-07-25T17:04:46.230+0000] {logging_mixin.py:190} INFO - [2026-07-25T17:04:46.230+0000] {dagbag.py:588} INFO - Filling up the DagBag from /opt/airflow/dags/my_tasks.py
[2026-07-25T17:04:46.239+0000] {processor.py:925} INFO - DAG(s) 'my_dag' retrieved from /opt/airflow/dags/my_tasks.py
[2026-07-25T17:04:46.259+0000] {logging_mixin.py:190} INFO - [2026-07-25T17:04:46.259+0000] {dag.py:3239} INFO - Sync 1 DAGs
[2026-07-25T17:04:46.380+0000] {logging_mixin.py:190} INFO - [2026-07-25T17:04:46.380+0000] {dag.py:4180} INFO - Setting next_dagrun for my_dag to None, run_after=None
[2026-07-25T17:04:46.394+0000] {processor.py:208} INFO - Processing /opt/airflow/dags/my_tasks.py took 0.170 seconds
[2026-07-25T17:05:16.479+0000] {processor.py:186} INFO - Started process (PID=3638) to work on /opt/airflow/dags/my_tasks.py
[2026-07-25T17:05:16.487+0000] {processor.py:914} INFO - Processing file /opt/airflow/dags/my_tasks.py for tasks to queue
[2026-07-25T17:05:16.488+0000] {logging_mixin.py:190} INFO - [2026-07-25T17:05:16.488+0000] {dagbag.py:588} INFO - Filling up the DagBag from /opt/airflow/dags/my_tasks.py
[2026-07-25T17:05:16.496+0000] {processor.py:925} INFO - DAG(s) 'my_dag' retrieved from /opt/airflow/dags/my_tasks.py
[2026-07-25T17:05:16.514+0000] {logging_mixin.py:190} INFO - [2026-07-25T17:05:16.514+0000] {dag.py:3239} INFO - Sync 1 DAGs
[2026-07-25T17:05:16.529+0000] {logging_mixin.py:190} INFO - [2026-07-25T17:05:16.529+0000] {dag.py:4180} INFO - Setting next_dagrun for my_dag to None, run_after=None
[2026-07-25T17:05:16.544+0000] {processor.py:208} INFO - Processing /opt/airflow/dags/my_tasks.py took 0.069 seconds
[2026-07-25T17:05:46.741+0000] {processor.py:186} INFO - Started process (PID=3649) to work on /opt/airflow/dags/my_tasks.py
[2026-07-25T17:05:46.741+0000] {processor.py:914} INFO - Processing file /opt/airflow/dags/my_tasks.py for tasks to queue
[2026-07-25T17:05:46.743+0000] {logging_mixin.py:190} INFO - [2026-07-25T17:05:46.743+0000] {dagbag.py:588} INFO - Filling up the DagBag from /opt/airflow/dags/my_tasks.py
[2026-07-25T17:05:46.750+0000] {processor.py:925} INFO - DAG(s) 'my_dag' retrieved from /opt/airflow/dags/my_tasks.py
[2026-07-25T17:05:46.768+0000] {logging_mixin.py:190} INFO - [2026-07-25T17:05:46.767+0000] {dag.py:3239} INFO - Sync 1 DAGs
[2026-07-25T17:05:46.783+0000] {logging_mixin.py:190} INFO - [2026-07-25T17:05:46.783+0000] {dag.py:4180} INFO - Setting next_dagrun for my_dag to None, run_after=None
[2026-07-25T17:05:46.797+0000] {processor.py:208} INFO - Processing /opt/airflow/dags/my_tasks.py took 0.060 seconds
[2026-07-25T17:06:17.017+0000] {processor.py:186} INFO - Started process (PID=3660) to work on /opt/airflow/dags/my_tasks.py
[2026-07-25T17:06:17.024+0000] {processor.py:914} INFO - Processing file /opt/airflow/dags/my_tasks.py for tasks to queue
[2026-07-25T17:06:17.027+0000] {logging_mixin.py:190} INFO - [2026-07-25T17:06:17.026+0000] {dagbag.py:588} INFO - Filling up the DagBag from /opt/airflow/dags/my_tasks.py
[2026-07-25T17:06:17.036+0000] {processor.py:925} INFO - DAG(s) 'my_dag' retrieved from /opt/airflow/dags/my_tasks.py
[2026-07-25T17:06:17.056+0000] {logging_mixin.py:190} INFO - [2026-07-25T17:06:17.055+0000] {dag.py:3239} INFO - Sync 1 DAGs
[2026-07-25T17:06:17.070+0000] {logging_mixin.py:190} INFO - [2026-07-25T17:06:17.070+0000] {dag.py:4180} INFO - Setting next_dagrun for my_dag to None, run_after=None
[2026-07-25T17:06:17.085+0000] {processor.py:208} INFO - Processing /opt/airflow/dags/my_tasks.py took 0.073 seconds
[2026-07-25T17:06:47.308+0000] {processor.py:186} INFO - Started process (PID=3671) to work on /opt/airflow/dags/my_tasks.py
[2026-07-25T17:06:47.308+0000] {processor.py:914} INFO - Processing file /opt/airflow/dags/my_tasks.py for tasks to queue
[2026-07-25T17:06:47.310+0000] {logging_mixin.py:190} INFO - [2026-07-25T17:06:47.310+0000] {dagbag.py:588} INFO - Filling up the DagBag from /opt/airflow/dags/my_tasks.py
[2026-07-25T17:06:47.320+0000] {processor.py:925} INFO - DAG(s) 'my_dag' retrieved from /opt/airflow/dags/my_tasks.py
[2026-07-25T17:06:47.347+0000] {logging_mixin.py:190} INFO - [2026-07-25T17:06:47.347+0000] {dag.py:3239} INFO - Sync 1 DAGs
[2026-07-25T17:06:47.469+0000] {logging_mixin.py:190} INFO - [2026-07-25T17:06:47.469+0000] {dag.py:4180} INFO - Setting next_dagrun for my_dag to None, run_after=None
[2026-07-25T17:06:47.490+0000] {processor.py:208} INFO - Processing /opt/airflow/dags/my_tasks.py took 0.188 seconds
[2026-07-25T17:07:17.564+0000] {processor.py:186} INFO - Started process (PID=3682) to work on /opt/airflow/dags/my_tasks.py
[2026-07-25T17:07:17.565+0000] {processor.py:914} INFO - Processing file /opt/airflow/dags/my_tasks.py for tasks to queue
[2026-07-25T17:07:17.568+0000] {logging_mixin.py:190} INFO - [2026-07-25T17:07:17.567+0000] {dagbag.py:588} INFO - Filling up the DagBag from /opt/airflow/dags/my_tasks.py
[2026-07-25T17:07:17.575+0000] {processor.py:925} INFO - DAG(s) 'my_dag' retrieved from /opt/airflow/dags/my_tasks.py
[2026-07-25T17:07:17.594+0000] {logging_mixin.py:190} INFO - [2026-07-25T17:07:17.594+0000] {dag.py:3239} INFO - Sync 1 DAGs
[2026-07-25T17:07:17.610+0000] {logging_mixin.py:190} INFO - [2026-07-25T17:07:17.610+0000] {dag.py:4180} INFO - Setting next_dagrun for my_dag to None, run_after=None
[2026-07-25T17:07:17.625+0000] {processor.py:208} INFO - Processing /opt/airflow/dags/my_tasks.py took 0.066 seconds
[2026-07-25T17:07:47.835+0000] {processor.py:186} INFO - Started process (PID=3693) to work on /opt/airflow/dags/my_tasks.py
[2026-07-25T17:07:47.835+0000] {processor.py:914} INFO - Processing file /opt/airflow/dags/my_tasks.py for tasks to queue
[2026-07-25T17:07:47.837+0000] {logging_mixin.py:190} INFO - [2026-07-25T17:07:47.837+0000] {dagbag.py:588} INFO - Filling up the DagBag from /opt/airflow/dags/my_tasks.py
[2026-07-25T17:07:47.844+0000] {processor.py:925} INFO - DAG(s) 'my_dag' retrieved from /opt/airflow/dags/my_tasks.py
[2026-07-25T17:07:47.862+0000] {logging_mixin.py:190} INFO - [2026-07-25T17:07:47.862+0000] {dag.py:3239} INFO - Sync 1 DAGs
[2026-07-25T17:07:47.877+0000] {logging_mixin.py:190} INFO - [2026-07-25T17:07:47.876+0000] {dag.py:4180} INFO - Setting next_dagrun for my_dag to None, run_after=None
[2026-07-25T17:07:47.891+0000] {processor.py:208} INFO - Processing /opt/airflow/dags/my_tasks.py took 0.060 seconds
[2026-07-25T17:08:18.095+0000] {processor.py:186} INFO - Started process (PID=3704) to work on /opt/airflow/dags/my_tasks.py
[2026-07-25T17:08:18.103+0000] {processor.py:914} INFO - Processing file /opt/airflow/dags/my_tasks.py for tasks to queue
[2026-07-25T17:08:18.106+0000] {logging_mixin.py:190} INFO - [2026-07-25T17:08:18.105+0000] {dagbag.py:588} INFO - Filling up the DagBag from /opt/airflow/dags/my_tasks.py
[2026-07-25T17:08:18.116+0000] {processor.py:925} INFO - DAG(s) 'my_dag' retrieved from /opt/airflow/dags/my_tasks.py
[2026-07-25T17:08:18.136+0000] {logging_mixin.py:190} INFO - [2026-07-25T17:08:18.136+0000] {dag.py:3239} INFO - Sync 1 DAGs
[2026-07-25T17:08:18.152+0000] {logging_mixin.py:190} INFO - [2026-07-25T17:08:18.152+0000] {dag.py:4180} INFO - Setting next_dagrun for my_dag to None, run_after=None
[2026-07-25T17:08:18.267+0000] {processor.py:208} INFO - Processing /opt/airflow/dags/my_tasks.py took 0.176 seconds
[2026-07-25T17:08:48.374+0000] {processor.py:186} INFO - Started process (PID=3715) to work on /opt/airflow/dags/my_tasks.py
[2026-07-25T17:08:48.375+0000] {processor.py:914} INFO - Processing file /opt/airflow/dags/my_tasks.py for tasks to queue
[2026-07-25T17:08:48.377+0000] {logging_mixin.py:190} INFO - [2026-07-25T17:08:48.377+0000] {dagbag.py:588} INFO - Filling up the DagBag from /opt/airflow/dags/my_tasks.py
[2026-07-25T17:08:48.385+0000] {processor.py:925} INFO - DAG(s) 'my_dag' retrieved from /opt/airflow/dags/my_tasks.py
[2026-07-25T17:08:48.403+0000] {logging_mixin.py:190} INFO - [2026-07-25T17:08:48.403+0000] {dag.py:3239} INFO - Sync 1 DAGs
[2026-07-25T17:08:48.515+0000] {logging_mixin.py:190} INFO - [2026-07-25T17:08:48.515+0000] {dag.py:4180} INFO - Setting next_dagrun for my_dag to None, run_after=None
[2026-07-25T17:08:48.535+0000] {processor.py:208} INFO - Processing /opt/airflow/dags/my_tasks.py took 0.167 seconds
[2026-07-25T17:09:18.713+0000] {processor.py:186} INFO - Started process (PID=3726) to work on /opt/airflow/dags/my_tasks.py
[2026-07-25T17:09:18.713+0000] {processor.py:914} INFO - Processing file /opt/airflow/dags/my_tasks.py for tasks to queue
[2026-07-25T17:09:18.715+0000] {logging_mixin.py:190} INFO - [2026-07-25T17:09:18.715+0000] {dagbag.py:588} INFO - Filling up the DagBag from /opt/airflow/dags/my_tasks.py
[2026-07-25T17:09:18.722+0000] {processor.py:925} INFO - DAG(s) 'my_dag' retrieved from /opt/airflow/dags/my_tasks.py
[2026-07-25T17:09:18.740+0000] {logging_mixin.py:190} INFO - [2026-07-25T17:09:18.740+0000] {dag.py:3239} INFO - Sync 1 DAGs
[2026-07-25T17:09:18.756+0000] {logging_mixin.py:190} INFO - [2026-07-25T17:09:18.756+0000] {dag.py:4180} INFO - Setting next_dagrun for my_dag to None, run_after=None
[2026-07-25T17:09:18.771+0000] {processor.py:208} INFO - Processing /opt/airflow/dags/my_tasks.py took 0.063 seconds
[2026-07-25T17:09:48.974+0000] {processor.py:186} INFO - Started process (PID=3737) to work on /opt/airflow/dags/my_tasks.py
[2026-07-25T17:09:48.974+0000] {processor.py:914} INFO - Processing file /opt/airflow/dags/my_tasks.py for tasks to queue
[2026-07-25T17:09:48.975+0000] {logging_mixin.py:190} INFO - [2026-07-25T17:09:48.975+0000] {dagbag.py:588} INFO - Filling up the DagBag from /opt/airflow/dags/my_tasks.py
[2026-07-25T17:09:48.982+0000] {processor.py:925} INFO - DAG(s) 'my_dag' retrieved from /opt/airflow/dags/my_tasks.py
[2026-07-25T17:09:48.999+0000] {logging_mixin.py:190} INFO - [2026-07-25T17:09:48.999+0000] {dag.py:3239} INFO - Sync 1 DAGs
[2026-07-25T17:09:49.014+0000] {logging_mixin.py:190} INFO - [2026-07-25T17:09:49.014+0000] {dag.py:4180} INFO - Setting next_dagrun for my_dag to None, run_after=None
[2026-07-25T17:09:49.029+0000] {processor.py:208} INFO - Processing /opt/airflow/dags/my_tasks.py took 0.059 seconds
[2026-07-25T17:10:19.231+0000] {processor.py:186} INFO - Started process (PID=3748) to work on /opt/airflow/dags/my_tasks.py
[2026-07-25T17:10:19.239+0000] {processor.py:914} INFO - Processing file /opt/airflow/dags/my_tasks.py for tasks to queue
[2026-07-25T17:10:19.241+0000] {logging_mixin.py:190} INFO - [2026-07-25T17:10:19.240+0000] {dagbag.py:588} INFO - Filling up the DagBag from /opt/airflow/dags/my_tasks.py
[2026-07-25T17:10:19.251+0000] {processor.py:925} INFO - DAG(s) 'my_dag' retrieved from /opt/airflow/dags/my_tasks.py
[2026-07-25T17:10:19.269+0000] {logging_mixin.py:190} INFO - [2026-07-25T17:10:19.269+0000] {dag.py:3239} INFO - Sync 1 DAGs
[2026-07-25T17:10:19.384+0000] {logging_mixin.py:190} INFO - [2026-07-25T17:10:19.384+0000] {dag.py:4180} INFO - Setting next_dagrun for my_dag to None, run_after=None
[2026-07-25T17:10:19.398+0000] {processor.py:208} INFO - Processing /opt/airflow/dags/my_tasks.py took 0.171 seconds
[2026-07-25T17:10:49.498+0000] {processor.py:186} INFO - Started process (PID=3759) to work on /opt/airflow/dags/my_tasks.py
[2026-07-25T17:10:49.498+0000] {processor.py:914} INFO - Processing file /opt/airflow/dags/my_tasks.py for tasks to queue
[2026-07-25T17:10:49.499+0000] {logging_mixin.py:190} INFO - [2026-07-25T17:10:49.499+0000] {dagbag.py:588} INFO - Filling up the DagBag from /opt/airflow/dags/my_tasks.py
[2026-07-25T17:10:49.507+0000] {processor.py:925} INFO - DAG(s) 'my_dag' retrieved from /opt/airflow/dags/my_tasks.py
[2026-07-25T17:10:49.625+0000] {logging_mixin.py:190} INFO - [2026-07-25T17:10:49.624+0000] {dag.py:3239} INFO - Sync 1 DAGs
[2026-07-25T17:10:49.639+0000] {logging_mixin.py:190} INFO - [2026-07-25T17:10:49.639+0000] {dag.py:4180} INFO - Setting next_dagrun for my_dag to None, run_after=None
[2026-07-25T17:10:49.660+0000] {processor.py:208} INFO - Processing /opt/airflow/dags/my_tasks.py took 0.167 seconds
[2026-07-25T17:11:19.831+0000] {processor.py:186} INFO - Started process (PID=3770) to work on /opt/airflow/dags/my_tasks.py
[2026-07-25T17:11:19.839+0000] {processor.py:914} INFO - Processing file /opt/airflow/dags/my_tasks.py for tasks to queue
[2026-07-25T17:11:19.842+0000] {logging_mixin.py:190} INFO - [2026-07-25T17:11:19.842+0000] {dagbag.py:588} INFO - Filling up the DagBag from /opt/airflow/dags/my_tasks.py
[2026-07-25T17:11:19.852+0000] {processor.py:925} INFO - DAG(s) 'my_dag' retrieved from /opt/airflow/dags/my_tasks.py
[2026-07-25T17:11:19.870+0000] {logging_mixin.py:190} INFO - [2026-07-25T17:11:19.870+0000] {dag.py:3239} INFO - Sync 1 DAGs
[2026-07-25T17:11:19.887+0000] {logging_mixin.py:190} INFO - [2026-07-25T17:11:19.887+0000] {dag.py:4180} INFO - Setting next_dagrun for my_dag to None, run_after=None
[2026-07-25T17:11:19.901+0000] {processor.py:208} INFO - Processing /opt/airflow/dags/my_tasks.py took 0.074 seconds
[2026-07-25T17:11:50.094+0000] {processor.py:186} INFO - Started process (PID=3781) to work on /opt/airflow/dags/my_tasks.py
[2026-07-25T17:11:50.095+0000] {processor.py:914} INFO - Processing file /opt/airflow/dags/my_tasks.py for tasks to queue
[2026-07-25T17:11:50.096+0000] {logging_mixin.py:190} INFO - [2026-07-25T17:11:50.096+0000] {dagbag.py:588} INFO - Filling up the DagBag from /opt/airflow/dags/my_tasks.py
[2026-07-25T17:11:50.103+0000] {processor.py:925} INFO - DAG(s) 'my_dag' retrieved from /opt/airflow/dags/my_tasks.py
[2026-07-25T17:11:50.120+0000] {logging_mixin.py:190} INFO - [2026-07-25T17:11:50.120+0000] {dag.py:3239} INFO - Sync 1 DAGs
[2026-07-25T17:11:50.135+0000] {logging_mixin.py:190} INFO - [2026-07-25T17:11:50.135+0000] {dag.py:4180} INFO - Setting next_dagrun for my_dag to None, run_after=None
[2026-07-25T17:11:50.150+0000] {processor.py:208} INFO - Processing /opt/airflow/dags/my_tasks.py took 0.060 seconds
[2026-07-25T17:12:20.364+0000] {processor.py:186} INFO - Started process (PID=3792) to work on /opt/airflow/dags/my_tasks.py
[2026-07-25T17:12:20.372+0000] {processor.py:914} INFO - Processing file /opt/airflow/dags/my_tasks.py for tasks to queue
[2026-07-25T17:12:20.374+0000] {logging_mixin.py:190} INFO - [2026-07-25T17:12:20.374+0000] {dagbag.py:588} INFO - Filling up the DagBag from /opt/airflow/dags/my_tasks.py
[2026-07-25T17:12:20.387+0000] {processor.py:925} INFO - DAG(s) 'my_dag' retrieved from /opt/airflow/dags/my_tasks.py
[2026-07-25T17:12:20.404+0000] {logging_mixin.py:190} INFO - [2026-07-25T17:12:20.404+0000] {dag.py:3239} INFO - Sync 1 DAGs
[2026-07-25T17:12:20.521+0000] {logging_mixin.py:190} INFO - [2026-07-25T17:12:20.520+0000] {dag.py:4180} INFO - Setting next_dagrun for my_dag to None, run_after=None
[2026-07-25T17:12:20.534+0000] {processor.py:208} INFO - Processing /opt/airflow/dags/my_tasks.py took 0.173 seconds
[2026-07-25T17:12:50.626+0000] {processor.py:186} INFO - Started process (PID=3803) to work on /opt/airflow/dags/my_tasks.py
[2026-07-25T17:12:50.627+0000] {processor.py:914} INFO - Processing file /opt/airflow/dags/my_tasks.py for tasks to queue
[2026-07-25T17:12:50.630+0000] {logging_mixin.py:190} INFO - [2026-07-25T17:12:50.629+0000] {dagbag.py:588} INFO - Filling up the DagBag from /opt/airflow/dags/my_tasks.py
[2026-07-25T17:12:50.637+0000] {processor.py:925} INFO - DAG(s) 'my_dag' retrieved from /opt/airflow/dags/my_tasks.py
[2026-07-25T17:12:50.656+0000] {logging_mixin.py:190} INFO - [2026-07-25T17:12:50.656+0000] {dag.py:3239} INFO - Sync 1 DAGs
[2026-07-25T17:12:50.672+0000] {logging_mixin.py:190} INFO - [2026-07-25T17:12:50.672+0000] {dag.py:4180} INFO - Setting next_dagrun for my_dag to None, run_after=None
[2026-07-25T17:12:50.686+0000] {processor.py:208} INFO - Processing /opt/airflow/dags/my_tasks.py took 0.064 seconds
[2026-07-25T17:13:20.897+0000] {processor.py:186} INFO - Started process (PID=3814) to work on /opt/airflow/dags/my_tasks.py
[2026-07-25T17:13:20.898+0000] {processor.py:914} INFO - Processing file /opt/airflow/dags/my_tasks.py for tasks to queue
[2026-07-25T17:13:20.899+0000] {logging_mixin.py:190} INFO - [2026-07-25T17:13:20.899+0000] {dagbag.py:588} INFO - Filling up the DagBag from /opt/airflow/dags/my_tasks.py
[2026-07-25T17:13:20.906+0000] {processor.py:925} INFO - DAG(s) 'my_dag' retrieved from /opt/airflow/dags/my_tasks.py
[2026-07-25T17:13:20.923+0000] {logging_mixin.py:190} INFO - [2026-07-25T17:13:20.923+0000] {dag.py:3239} INFO - Sync 1 DAGs
[2026-07-25T17:13:20.938+0000] {logging_mixin.py:190} INFO - [2026-07-25T17:13:20.938+0000] {dag.py:4180} INFO - Setting next_dagrun for my_dag to None, run_after=None
[2026-07-25T17:13:20.953+0000] {processor.py:208} INFO - Processing /opt/airflow/dags/my_tasks.py took 0.060 seconds
[2026-07-25T17:13:51.163+0000] {processor.py:186} INFO - Started process (PID=3825) to work on /opt/airflow/dags/my_tasks.py
[2026-07-25T17:13:51.164+0000] {processor.py:914} INFO - Processing file /opt/airflow/dags/my_tasks.py for tasks to queue
[2026-07-25T17:13:51.165+0000] {logging_mixin.py:190} INFO - [2026-07-25T17:13:51.165+0000] {dagbag.py:588} INFO - Filling up the DagBag from /opt/airflow/dags/my_tasks.py
[2026-07-25T17:13:51.172+0000] {processor.py:925} INFO - DAG(s) 'my_dag' retrieved from /opt/airflow/dags/my_tasks.py
[2026-07-25T17:13:51.191+0000] {logging_mixin.py:190} INFO - [2026-07-25T17:13:51.190+0000] {dag.py:3239} INFO - Sync 1 DAGs
[2026-07-25T17:13:51.206+0000] {logging_mixin.py:190} INFO - [2026-07-25T17:13:51.206+0000] {dag.py:4180} INFO - Setting next_dagrun for my_dag to None, run_after=None
[2026-07-25T17:13:51.326+0000] {processor.py:208} INFO - Processing /opt/airflow/dags/my_tasks.py took 0.168 seconds
[2026-07-25T17:14:21.461+0000] {processor.py:186} INFO - Started process (PID=3836) to work on /opt/airflow/dags/my_tasks.py
[2026-07-25T17:14:21.461+0000] {processor.py:914} INFO - Processing file /opt/airflow/dags/my_tasks.py for tasks to queue
[2026-07-25T17:14:21.463+0000] {logging_mixin.py:190} INFO - [2026-07-25T17:14:21.462+0000] {dagbag.py:588} INFO - Filling up the DagBag from /opt/airflow/dags/my_tasks.py
[2026-07-25T17:14:21.469+0000] {processor.py:925} INFO - DAG(s) 'my_dag' retrieved from /opt/airflow/dags/my_tasks.py
[2026-07-25T17:14:21.487+0000] {logging_mixin.py:190} INFO - [2026-07-25T17:14:21.487+0000] {dag.py:3239} INFO - Sync 1 DAGs
[2026-07-25T17:14:21.598+0000] {logging_mixin.py:190} INFO - [2026-07-25T17:14:21.598+0000] {dag.py:4180} INFO - Setting next_dagrun for my_dag to None, run_after=None
[2026-07-25T17:14:21.618+0000] {processor.py:208} INFO - Processing /opt/airflow/dags/my_tasks.py took 0.163 seconds
[2026-07-25T17:14:51.778+0000] {processor.py:186} INFO - Started process (PID=3847) to work on /opt/airflow/dags/my_tasks.py
[2026-07-25T17:14:51.779+0000] {processor.py:914} INFO - Processing file /opt/airflow/dags/my_tasks.py for tasks to queue
[2026-07-25T17:14:51.781+0000] {logging_mixin.py:190} INFO - [2026-07-25T17:14:51.781+0000] {dagbag.py:588} INFO - Filling up the DagBag from /opt/airflow/dags/my_tasks.py
[2026-07-25T17:14:51.788+0000] {processor.py:925} INFO - DAG(s) 'my_dag' retrieved from /opt/airflow/dags/my_tasks.py
[2026-07-25T17:14:51.806+0000] {logging_mixin.py:190} INFO - [2026-07-25T17:14:51.806+0000] {dag.py:3239} INFO - Sync 1 DAGs
[2026-07-25T17:14:51.822+0000] {logging_mixin.py:190} INFO - [2026-07-25T17:14:51.822+0000] {dag.py:4180} INFO - Setting next_dagrun for my_dag to None, run_after=None
[2026-07-25T17:14:51.836+0000] {processor.py:208} INFO - Processing /opt/airflow/dags/my_tasks.py took 0.063 seconds
[2026-07-25T17:15:22.066+0000] {processor.py:186} INFO - Started process (PID=3858) to work on /opt/airflow/dags/my_tasks.py
[2026-07-25T17:15:22.074+0000] {processor.py:914} INFO - Processing file /opt/airflow/dags/my_tasks.py for tasks to queue
[2026-07-25T17:15:22.076+0000] {logging_mixin.py:190} INFO - [2026-07-25T17:15:22.076+0000] {dagbag.py:588} INFO - Filling up the DagBag from /opt/airflow/dags/my_tasks.py
[2026-07-25T17:15:22.085+0000] {processor.py:925} INFO - DAG(s) 'my_dag' retrieved from /opt/airflow/dags/my_tasks.py
[2026-07-25T17:15:22.103+0000] {logging_mixin.py:190} INFO - [2026-07-25T17:15:22.103+0000] {dag.py:3239} INFO - Sync 1 DAGs
[2026-07-25T17:15:22.118+0000] {logging_mixin.py:190} INFO - [2026-07-25T17:15:22.118+0000] {dag.py:4180} INFO - Setting next_dagrun for my_dag to None, run_after=None
[2026-07-25T17:15:22.132+0000] {processor.py:208} INFO - Processing /opt/airflow/dags/my_tasks.py took 0.071 seconds
[2026-07-25T17:15:52.339+0000] {processor.py:186} INFO - Started process (PID=3869) to work on /opt/airflow/dags/my_tasks.py
[2026-07-25T17:15:52.339+0000] {processor.py:914} INFO - Processing file /opt/airflow/dags/my_tasks.py for tasks to queue
[2026-07-25T17:15:52.340+0000] {logging_mixin.py:190} INFO - [2026-07-25T17:15:52.340+0000] {dagbag.py:588} INFO - Filling up the DagBag from /opt/airflow/dags/my_tasks.py
[2026-07-25T17:15:52.348+0000] {processor.py:925} INFO - DAG(s) 'my_dag' retrieved from /opt/airflow/dags/my_tasks.py
[2026-07-25T17:15:52.367+0000] {logging_mixin.py:190} INFO - [2026-07-25T17:15:52.367+0000] {dag.py:3239} INFO - Sync 1 DAGs
[2026-07-25T17:15:52.487+0000] {logging_mixin.py:190} INFO - [2026-07-25T17:15:52.487+0000] {dag.py:4180} INFO - Setting next_dagrun for my_dag to None, run_after=None
[2026-07-25T17:15:52.501+0000] {processor.py:208} INFO - Processing /opt/airflow/dags/my_tasks.py took 0.166 seconds
[2026-07-25T17:16:22.596+0000] {processor.py:186} INFO - Started process (PID=3880) to work on /opt/airflow/dags/my_tasks.py
[2026-07-25T17:16:22.604+0000] {processor.py:914} INFO - Processing file /opt/airflow/dags/my_tasks.py for tasks to queue
[2026-07-25T17:16:22.608+0000] {logging_mixin.py:190} INFO - [2026-07-25T17:16:22.607+0000] {dagbag.py:588} INFO - Filling up the DagBag from /opt/airflow/dags/my_tasks.py
[2026-07-25T17:16:22.618+0000] {processor.py:925} INFO - DAG(s) 'my_dag' retrieved from /opt/airflow/dags/my_tasks.py
[2026-07-25T17:16:22.734+0000] {logging_mixin.py:190} INFO - [2026-07-25T17:16:22.734+0000] {dag.py:3239} INFO - Sync 1 DAGs
[2026-07-25T17:16:22.750+0000] {logging_mixin.py:190} INFO - [2026-07-25T17:16:22.749+0000] {dag.py:4180} INFO - Setting next_dagrun for my_dag to None, run_after=None
[2026-07-25T17:16:22.763+0000] {processor.py:208} INFO - Processing /opt/airflow/dags/my_tasks.py took 0.172 seconds
[2026-07-25T17:16:52.945+0000] {processor.py:186} INFO - Started process (PID=3891) to work on /opt/airflow/dags/my_tasks.py
[2026-07-25T17:16:52.946+0000] {processor.py:914} INFO - Processing file /opt/airflow/dags/my_tasks.py for tasks to queue
[2026-07-25T17:16:52.947+0000] {logging_mixin.py:190} INFO - [2026-07-25T17:16:52.947+0000] {dagbag.py:588} INFO - Filling up the DagBag from /opt/airflow/dags/my_tasks.py
[2026-07-25T17:16:52.953+0000] {processor.py:925} INFO - DAG(s) 'my_dag' retrieved from /opt/airflow/dags/my_tasks.py
[2026-07-25T17:16:52.973+0000] {logging_mixin.py:190} INFO - [2026-07-25T17:16:52.973+0000] {dag.py:3239} INFO - Sync 1 DAGs
[2026-07-25T17:16:52.989+0000] {logging_mixin.py:190} INFO - [2026-07-25T17:16:52.988+0000] {dag.py:4180} INFO - Setting next_dagrun for my_dag to None, run_after=None
[2026-07-25T17:16:53.003+0000] {processor.py:208} INFO - Processing /opt/airflow/dags/my_tasks.py took 0.062 seconds
[2026-07-25T17:17:23.210+0000] {processor.py:186} INFO - Started process (PID=3902) to work on /opt/airflow/dags/my_tasks.py
[2026-07-25T17:17:23.218+0000] {processor.py:914} INFO - Processing file /opt/airflow/dags/my_tasks.py for tasks to queue
[2026-07-25T17:17:23.221+0000] {logging_mixin.py:190} INFO - [2026-07-25T17:17:23.220+0000] {dagbag.py:588} INFO - Filling up the DagBag from /opt/airflow/dags/my_tasks.py
[2026-07-25T17:17:23.231+0000] {processor.py:925} INFO - DAG(s) 'my_dag' retrieved from /opt/airflow/dags/my_tasks.py
[2026-07-25T17:17:23.250+0000] {logging_mixin.py:190} INFO - [2026-07-25T17:17:23.249+0000] {dag.py:3239} INFO - Sync 1 DAGs
[2026-07-25T17:17:23.266+0000] {logging_mixin.py:190} INFO - [2026-07-25T17:17:23.266+0000] {dag.py:4180} INFO - Setting next_dagrun for my_dag to None, run_after=None
[2026-07-25T17:17:23.280+0000] {processor.py:208} INFO - Processing /opt/airflow/dags/my_tasks.py took 0.079 seconds
[2026-07-25T17:17:53.469+0000] {processor.py:186} INFO - Started process (PID=3913) to work on /opt/airflow/dags/my_tasks.py
[2026-07-25T17:17:53.469+0000] {processor.py:914} INFO - Processing file /opt/airflow/dags/my_tasks.py for tasks to queue
[2026-07-25T17:17:53.471+0000] {logging_mixin.py:190} INFO - [2026-07-25T17:17:53.471+0000] {dagbag.py:588} INFO - Filling up the DagBag from /opt/airflow/dags/my_tasks.py
[2026-07-25T17:17:53.478+0000] {processor.py:925} INFO - DAG(s) 'my_dag' retrieved from /opt/airflow/dags/my_tasks.py
[2026-07-25T17:17:53.495+0000] {logging_mixin.py:190} INFO - [2026-07-25T17:17:53.495+0000] {dag.py:3239} INFO - Sync 1 DAGs
[2026-07-25T17:17:53.611+0000] {logging_mixin.py:190} INFO - [2026-07-25T17:17:53.610+0000] {dag.py:4180} INFO - Setting next_dagrun for my_dag to None, run_after=None
[2026-07-25T17:17:53.631+0000] {processor.py:208} INFO - Processing /opt/airflow/dags/my_tasks.py took 0.166 seconds
[2026-07-25T17:18:23.749+0000] {processor.py:186} INFO - Started process (PID=3924) to work on /opt/airflow/dags/my_tasks.py
[2026-07-25T17:18:23.750+0000] {processor.py:914} INFO - Processing file /opt/airflow/dags/my_tasks.py for tasks to queue
[2026-07-25T17:18:23.753+0000] {logging_mixin.py:190} INFO - [2026-07-25T17:18:23.753+0000] {dagbag.py:588} INFO - Filling up the DagBag from /opt/airflow/dags/my_tasks.py
[2026-07-25T17:18:23.761+0000] {processor.py:925} INFO - DAG(s) 'my_dag' retrieved from /opt/airflow/dags/my_tasks.py
[2026-07-25T17:18:23.778+0000] {logging_mixin.py:190} INFO - [2026-07-25T17:18:23.778+0000] {dag.py:3239} INFO - Sync 1 DAGs
[2026-07-25T17:18:23.794+0000] {logging_mixin.py:190} INFO - [2026-07-25T17:18:23.794+0000] {dag.py:4180} INFO - Setting next_dagrun for my_dag to None, run_after=None
[2026-07-25T17:18:23.808+0000] {processor.py:208} INFO - Processing /opt/airflow/dags/my_tasks.py took 0.066 seconds
[2026-07-25T17:18:54.086+0000] {processor.py:186} INFO - Started process (PID=3935) to work on /opt/airflow/dags/my_tasks.py
[2026-07-25T17:18:54.087+0000] {processor.py:914} INFO - Processing file /opt/airflow/dags/my_tasks.py for tasks to queue
[2026-07-25T17:18:54.088+0000] {logging_mixin.py:190} INFO - [2026-07-25T17:18:54.088+0000] {dagbag.py:588} INFO - Filling up the DagBag from /opt/airflow/dags/my_tasks.py
[2026-07-25T17:18:54.095+0000] {processor.py:925} INFO - DAG(s) 'my_dag' retrieved from /opt/airflow/dags/my_tasks.py
[2026-07-25T17:18:54.112+0000] {logging_mixin.py:190} INFO - [2026-07-25T17:18:54.112+0000] {dag.py:3239} INFO - Sync 1 DAGs
[2026-07-25T17:18:54.127+0000] {logging_mixin.py:190} INFO - [2026-07-25T17:18:54.127+0000] {dag.py:4180} INFO - Setting next_dagrun for my_dag to None, run_after=None
[2026-07-25T17:18:54.141+0000] {processor.py:208} INFO - Processing /opt/airflow/dags/my_tasks.py took 0.059 seconds
[2026-07-25T17:19:24.346+0000] {processor.py:186} INFO - Started process (PID=3946) to work on /opt/airflow/dags/my_tasks.py
[2026-07-25T17:19:24.354+0000] {processor.py:914} INFO - Processing file /opt/airflow/dags/my_tasks.py for tasks to queue
[2026-07-25T17:19:24.356+0000] {logging_mixin.py:190} INFO - [2026-07-25T17:19:24.355+0000] {dagbag.py:588} INFO - Filling up the DagBag from /opt/airflow/dags/my_tasks.py
[2026-07-25T17:19:24.363+0000] {processor.py:925} INFO - DAG(s) 'my_dag' retrieved from /opt/airflow/dags/my_tasks.py
[2026-07-25T17:19:24.381+0000] {logging_mixin.py:190} INFO - [2026-07-25T17:19:24.381+0000] {dag.py:3239} INFO - Sync 1 DAGs
[2026-07-25T17:19:24.396+0000] {logging_mixin.py:190} INFO - [2026-07-25T17:19:24.396+0000] {dag.py:4180} INFO - Setting next_dagrun for my_dag to None, run_after=None
[2026-07-25T17:19:24.507+0000] {processor.py:208} INFO - Processing /opt/airflow/dags/my_tasks.py took 0.166 seconds
[2026-07-25T17:19:54.599+0000] {processor.py:186} INFO - Started process (PID=3957) to work on /opt/airflow/dags/my_tasks.py
[2026-07-25T17:19:54.599+0000] {processor.py:914} INFO - Processing file /opt/airflow/dags/my_tasks.py for tasks to queue
[2026-07-25T17:19:54.602+0000] {logging_mixin.py:190} INFO - [2026-07-25T17:19:54.601+0000] {dagbag.py:588} INFO - Filling up the DagBag from /opt/airflow/dags/my_tasks.py
[2026-07-25T17:19:54.610+0000] {processor.py:925} INFO - DAG(s) 'my_dag' retrieved from /opt/airflow/dags/my_tasks.py
[2026-07-25T17:19:54.629+0000] {logging_mixin.py:190} INFO - [2026-07-25T17:19:54.629+0000] {dag.py:3239} INFO - Sync 1 DAGs
[2026-07-25T17:19:54.745+0000] {logging_mixin.py:190} INFO - [2026-07-25T17:19:54.745+0000] {dag.py:4180} INFO - Setting next_dagrun for my_dag to None, run_after=None
[2026-07-25T17:19:54.766+0000] {processor.py:208} INFO - Processing /opt/airflow/dags/my_tasks.py took 0.173 seconds
[2026-07-25T17:20:24.947+0000] {processor.py:186} INFO - Started process (PID=3968) to work on /opt/airflow/dags/my_tasks.py
[2026-07-25T17:20:24.955+0000] {processor.py:914} INFO - Processing file /opt/airflow/dags/my_tasks.py for tasks to queue
[2026-07-25T17:20:24.958+0000] {logging_mixin.py:190} INFO - [2026-07-25T17:20:24.957+0000] {dagbag.py:588} INFO - Filling up the DagBag from /opt/airflow/dags/my_tasks.py
[2026-07-25T17:20:24.966+0000] {processor.py:925} INFO - DAG(s) 'my_dag' retrieved from /opt/airflow/dags/my_tasks.py
[2026-07-25T17:20:24.984+0000] {logging_mixin.py:190} INFO - [2026-07-25T17:20:24.984+0000] {dag.py:3239} INFO - Sync 1 DAGs
[2026-07-25T17:20:25.000+0000] {logging_mixin.py:190} INFO - [2026-07-25T17:20:25.000+0000] {dag.py:4180} INFO - Setting next_dagrun for my_dag to None, run_after=None
[2026-07-25T17:20:25.014+0000] {processor.py:208} INFO - Processing /opt/airflow/dags/my_tasks.py took 0.071 seconds
[2026-07-25T17:20:55.208+0000] {processor.py:186} INFO - Started process (PID=3979) to work on /opt/airflow/dags/my_tasks.py
[2026-07-25T17:20:55.208+0000] {processor.py:914} INFO - Processing file /opt/airflow/dags/my_tasks.py for tasks to queue
[2026-07-25T17:20:55.210+0000] {logging_mixin.py:190} INFO - [2026-07-25T17:20:55.209+0000] {dagbag.py:588} INFO - Filling up the DagBag from /opt/airflow/dags/my_tasks.py
[2026-07-25T17:20:55.216+0000] {processor.py:925} INFO - DAG(s) 'my_dag' retrieved from /opt/airflow/dags/my_tasks.py
[2026-07-25T17:20:55.235+0000] {logging_mixin.py:190} INFO - [2026-07-25T17:20:55.235+0000] {dag.py:3239} INFO - Sync 1 DAGs
[2026-07-25T17:20:55.252+0000] {logging_mixin.py:190} INFO - [2026-07-25T17:20:55.251+0000] {dag.py:4180} INFO - Setting next_dagrun for my_dag to None, run_after=None
[2026-07-25T17:20:55.268+0000] {processor.py:208} INFO - Processing /opt/airflow/dags/my_tasks.py took 0.064 seconds
[2026-07-25T17:21:25.468+0000] {processor.py:186} INFO - Started process (PID=3990) to work on /opt/airflow/dags/my_tasks.py
[2026-07-25T17:21:25.469+0000] {processor.py:914} INFO - Processing file /opt/airflow/dags/my_tasks.py for tasks to queue
[2026-07-25T17:21:25.470+0000] {logging_mixin.py:190} INFO - [2026-07-25T17:21:25.470+0000] {dagbag.py:588} INFO - Filling up the DagBag from /opt/airflow/dags/my_tasks.py
[2026-07-25T17:21:25.477+0000] {processor.py:925} INFO - DAG(s) 'my_dag' retrieved from /opt/airflow/dags/my_tasks.py
[2026-07-25T17:21:25.495+0000] {logging_mixin.py:190} INFO - [2026-07-25T17:21:25.494+0000] {dag.py:3239} INFO - Sync 1 DAGs
[2026-07-25T17:21:25.607+0000] {logging_mixin.py:190} INFO - [2026-07-25T17:21:25.607+0000] {dag.py:4180} INFO - Setting next_dagrun for my_dag to None, run_after=None
[2026-07-25T17:21:25.627+0000] {processor.py:208} INFO - Processing /opt/airflow/dags/my_tasks.py took 0.162 seconds
[2026-07-25T17:21:55.746+0000] {processor.py:186} INFO - Started process (PID=4001) to work on /opt/airflow/dags/my_tasks.py
[2026-07-25T17:21:55.746+0000] {processor.py:914} INFO - Processing file /opt/airflow/dags/my_tasks.py for tasks to queue
[2026-07-25T17:21:55.748+0000] {logging_mixin.py:190} INFO - [2026-07-25T17:21:55.748+0000] {dagbag.py:588} INFO - Filling up the DagBag from /opt/airflow/dags/my_tasks.py
[2026-07-25T17:21:55.756+0000] {processor.py:925} INFO - DAG(s) 'my_dag' retrieved from /opt/airflow/dags/my_tasks.py
[2026-07-25T17:21:55.871+0000] {logging_mixin.py:190} INFO - [2026-07-25T17:21:55.870+0000] {dag.py:3239} INFO - Sync 1 DAGs
[2026-07-25T17:21:55.885+0000] {logging_mixin.py:190} INFO - [2026-07-25T17:21:55.885+0000] {dag.py:4180} INFO - Setting next_dagrun for my_dag to None, run_after=None
[2026-07-25T17:21:55.909+0000] {processor.py:208} INFO - Processing /opt/airflow/dags/my_tasks.py took 0.168 seconds
[2026-07-25T17:22:26.084+0000] {processor.py:186} INFO - Started process (PID=4012) to work on /opt/airflow/dags/my_tasks.py
[2026-07-25T17:22:26.085+0000] {processor.py:914} INFO - Processing file /opt/airflow/dags/my_tasks.py for tasks to queue
[2026-07-25T17:22:26.086+0000] {logging_mixin.py:190} INFO - [2026-07-25T17:22:26.086+0000] {dagbag.py:588} INFO - Filling up the DagBag from /opt/airflow/dags/my_tasks.py
[2026-07-25T17:22:26.093+0000] {processor.py:925} INFO - DAG(s) 'my_dag' retrieved from /opt/airflow/dags/my_tasks.py
[2026-07-25T17:22:26.110+0000] {logging_mixin.py:190} INFO - [2026-07-25T17:22:26.110+0000] {dag.py:3239} INFO - Sync 1 DAGs
[2026-07-25T17:22:26.126+0000] {logging_mixin.py:190} INFO - [2026-07-25T17:22:26.125+0000] {dag.py:4180} INFO - Setting next_dagrun for my_dag to None, run_after=None
[2026-07-25T17:22:26.140+0000] {processor.py:208} INFO - Processing /opt/airflow/dags/my_tasks.py took 0.060 seconds
[2026-07-25T17:22:56.381+0000] {processor.py:186} INFO - Started process (PID=4023) to work on /opt/airflow/dags/my_tasks.py
[2026-07-25T17:22:56.382+0000] {processor.py:914} INFO - Processing file /opt/airflow/dags/my_tasks.py for tasks to queue
[2026-07-25T17:22:56.387+0000] {logging_mixin.py:190} INFO - [2026-07-25T17:22:56.387+0000] {dagbag.py:588} INFO - Filling up the DagBag from /opt/airflow/dags/my_tasks.py
[2026-07-25T17:22:56.396+0000] {processor.py:925} INFO - DAG(s) 'my_dag' retrieved from /opt/airflow/dags/my_tasks.py
[2026-07-25T17:22:56.419+0000] {logging_mixin.py:190} INFO - [2026-07-25T17:22:56.419+0000] {dag.py:3239} INFO - Sync 1 DAGs
[2026-07-25T17:22:56.435+0000] {logging_mixin.py:190} INFO - [2026-07-25T17:22:56.435+0000] {dag.py:4180} INFO - Setting next_dagrun for my_dag to None, run_after=None
[2026-07-25T17:22:56.551+0000] {processor.py:208} INFO - Processing /opt/airflow/dags/my_tasks.py took 0.182 seconds
[2026-07-25T17:23:26.667+0000] {processor.py:186} INFO - Started process (PID=4034) to work on /opt/airflow/dags/my_tasks.py
[2026-07-25T17:23:26.671+0000] {processor.py:914} INFO - Processing file /opt/airflow/dags/my_tasks.py for tasks to queue
[2026-07-25T17:23:26.674+0000] {logging_mixin.py:190} INFO - [2026-07-25T17:23:26.673+0000] {dagbag.py:588} INFO - Filling up the DagBag from /opt/airflow/dags/my_tasks.py
[2026-07-25T17:23:26.682+0000] {processor.py:925} INFO - DAG(s) 'my_dag' retrieved from /opt/airflow/dags/my_tasks.py
[2026-07-25T17:23:26.700+0000] {logging_mixin.py:190} INFO - [2026-07-25T17:23:26.700+0000] {dag.py:3239} INFO - Sync 1 DAGs
[2026-07-25T17:23:26.814+0000] {logging_mixin.py:190} INFO - [2026-07-25T17:23:26.813+0000] {dag.py:4180} INFO - Setting next_dagrun for my_dag to None, run_after=None
[2026-07-25T17:23:26.830+0000] {processor.py:208} INFO - Processing /opt/airflow/dags/my_tasks.py took 0.168 seconds
[2026-07-25T17:23:57.008+0000] {processor.py:186} INFO - Started process (PID=4045) to work on /opt/airflow/dags/my_tasks.py
[2026-07-25T17:23:57.009+0000] {processor.py:914} INFO - Processing file /opt/airflow/dags/my_tasks.py for tasks to queue
[2026-07-25T17:23:57.011+0000] {logging_mixin.py:190} INFO - [2026-07-25T17:23:57.010+0000] {dagbag.py:588} INFO - Filling up the DagBag from /opt/airflow/dags/my_tasks.py
[2026-07-25T17:23:57.018+0000] {processor.py:925} INFO - DAG(s) 'my_dag' retrieved from /opt/airflow/dags/my_tasks.py
[2026-07-25T17:23:57.133+0000] {logging_mixin.py:190} INFO - [2026-07-25T17:23:57.133+0000] {dag.py:3239} INFO - Sync 1 DAGs
[2026-07-25T17:23:57.147+0000] {logging_mixin.py:190} INFO - [2026-07-25T17:23:57.147+0000] {dag.py:4180} INFO - Setting next_dagrun for my_dag to None, run_after=None
[2026-07-25T17:23:57.161+0000] {processor.py:208} INFO - Processing /opt/airflow/dags/my_tasks.py took 0.157 seconds
[2026-07-25T17:24:27.375+0000] {processor.py:186} INFO - Started process (PID=4056) to work on /opt/airflow/dags/my_tasks.py
[2026-07-25T17:24:27.383+0000] {processor.py:914} INFO - Processing file /opt/airflow/dags/my_tasks.py for tasks to queue
[2026-07-25T17:24:27.385+0000] {logging_mixin.py:190} INFO - [2026-07-25T17:24:27.385+0000] {dagbag.py:588} INFO - Filling up the DagBag from /opt/airflow/dags/my_tasks.py
[2026-07-25T17:24:27.394+0000] {processor.py:925} INFO - DAG(s) 'my_dag' retrieved from /opt/airflow/dags/my_tasks.py
[2026-07-25T17:24:27.411+0000] {logging_mixin.py:190} INFO - [2026-07-25T17:24:27.411+0000] {dag.py:3239} INFO - Sync 1 DAGs
[2026-07-25T17:24:27.427+0000] {logging_mixin.py:190} INFO - [2026-07-25T17:24:27.427+0000] {dag.py:4180} INFO - Setting next_dagrun for my_dag to None, run_after=None
[2026-07-25T17:24:27.441+0000] {processor.py:208} INFO - Processing /opt/airflow/dags/my_tasks.py took 0.071 seconds
[2026-07-25T17:24:57.642+0000] {processor.py:186} INFO - Started process (PID=4067) to work on /opt/airflow/dags/my_tasks.py
[2026-07-25T17:24:57.642+0000] {processor.py:914} INFO - Processing file /opt/airflow/dags/my_tasks.py for tasks to queue
[2026-07-25T17:24:57.644+0000] {logging_mixin.py:190} INFO - [2026-07-25T17:24:57.643+0000] {dagbag.py:588} INFO - Filling up the DagBag from /opt/airflow/dags/my_tasks.py
[2026-07-25T17:24:57.650+0000] {processor.py:925} INFO - DAG(s) 'my_dag' retrieved from /opt/airflow/dags/my_tasks.py
[2026-07-25T17:24:57.669+0000] {logging_mixin.py:190} INFO - [2026-07-25T17:24:57.669+0000] {dag.py:3239} INFO - Sync 1 DAGs
[2026-07-25T17:24:57.686+0000] {logging_mixin.py:190} INFO - [2026-07-25T17:24:57.686+0000] {dag.py:4180} INFO - Setting next_dagrun for my_dag to None, run_after=None
[2026-07-25T17:24:57.701+0000] {processor.py:208} INFO - Processing /opt/airflow/dags/my_tasks.py took 0.064 seconds
[2026-07-25T17:25:27.908+0000] {processor.py:186} INFO - Started process (PID=4078) to work on /opt/airflow/dags/my_tasks.py
[2026-07-25T17:25:27.916+0000] {processor.py:914} INFO - Processing file /opt/airflow/dags/my_tasks.py for tasks to queue
[2026-07-25T17:25:27.918+0000] {logging_mixin.py:190} INFO - [2026-07-25T17:25:27.918+0000] {dagbag.py:588} INFO - Filling up the DagBag from /opt/airflow/dags/my_tasks.py
[2026-07-25T17:25:27.927+0000] {processor.py:925} INFO - DAG(s) 'my_dag' retrieved from /opt/airflow/dags/my_tasks.py
[2026-07-25T17:25:27.944+0000] {logging_mixin.py:190} INFO - [2026-07-25T17:25:27.944+0000] {dag.py:3239} INFO - Sync 1 DAGs
[2026-07-25T17:25:27.960+0000] {logging_mixin.py:190} INFO - [2026-07-25T17:25:27.960+0000] {dag.py:4180} INFO - Setting next_dagrun for my_dag to None, run_after=None
[2026-07-25T17:25:27.974+0000] {processor.py:208} INFO - Processing /opt/airflow/dags/my_tasks.py took 0.071 seconds
[2026-07-25T17:25:58.184+0000] {processor.py:186} INFO - Started process (PID=4089) to work on /opt/airflow/dags/my_tasks.py
[2026-07-25T17:25:58.185+0000] {processor.py:914} INFO - Processing file /opt/airflow/dags/my_tasks.py for tasks to queue
[2026-07-25T17:25:58.187+0000] {logging_mixin.py:190} INFO - [2026-07-25T17:25:58.186+0000] {dagbag.py:588} INFO - Filling up the DagBag from /opt/airflow/dags/my_tasks.py
[2026-07-25T17:25:58.194+0000] {processor.py:925} INFO - DAG(s) 'my_dag' retrieved from /opt/airflow/dags/my_tasks.py
[2026-07-25T17:25:58.212+0000] {logging_mixin.py:190} INFO - [2026-07-25T17:25:58.211+0000] {dag.py:3239} INFO - Sync 1 DAGs
[2026-07-25T17:25:58.227+0000] {logging_mixin.py:190} INFO - [2026-07-25T17:25:58.227+0000] {dag.py:4180} INFO - Setting next_dagrun for my_dag to None, run_after=None
[2026-07-25T17:25:58.241+0000] {processor.py:208} INFO - Processing /opt/airflow/dags/my_tasks.py took 0.061 seconds
[2026-07-25T17:26:28.445+0000] {processor.py:186} INFO - Started process (PID=4100) to work on /opt/airflow/dags/my_tasks.py
[2026-07-25T17:26:28.446+0000] {processor.py:914} INFO - Processing file /opt/airflow/dags/my_tasks.py for tasks to queue
[2026-07-25T17:26:28.448+0000] {logging_mixin.py:190} INFO - [2026-07-25T17:26:28.447+0000] {dagbag.py:588} INFO - Filling up the DagBag from /opt/airflow/dags/my_tasks.py
[2026-07-25T17:26:28.454+0000] {processor.py:925} INFO - DAG(s) 'my_dag' retrieved from /opt/airflow/dags/my_tasks.py
[2026-07-25T17:26:28.472+0000] {logging_mixin.py:190} INFO - [2026-07-25T17:26:28.471+0000] {dag.py:3239} INFO - Sync 1 DAGs
[2026-07-25T17:26:28.487+0000] {logging_mixin.py:190} INFO - [2026-07-25T17:26:28.487+0000] {dag.py:4180} INFO - Setting next_dagrun for my_dag to None, run_after=None
[2026-07-25T17:26:28.503+0000] {processor.py:208} INFO - Processing /opt/airflow/dags/my_tasks.py took 0.061 seconds
[2026-07-25T17:26:58.716+0000] {processor.py:186} INFO - Started process (PID=4111) to work on /opt/airflow/dags/my_tasks.py
[2026-07-25T17:26:58.717+0000] {processor.py:914} INFO - Processing file /opt/airflow/dags/my_tasks.py for tasks to queue
[2026-07-25T17:26:58.718+0000] {logging_mixin.py:190} INFO - [2026-07-25T17:26:58.718+0000] {dagbag.py:588} INFO - Filling up the DagBag from /opt/airflow/dags/my_tasks.py
[2026-07-25T17:26:58.725+0000] {processor.py:925} INFO - DAG(s) 'my_dag' retrieved from /opt/airflow/dags/my_tasks.py
[2026-07-25T17:26:58.746+0000] {logging_mixin.py:190} INFO - [2026-07-25T17:26:58.746+0000] {dag.py:3239} INFO - Sync 1 DAGs
[2026-07-25T17:26:58.762+0000] {logging_mixin.py:190} INFO - [2026-07-25T17:26:58.762+0000] {dag.py:4180} INFO - Setting next_dagrun for my_dag to None, run_after=None
[2026-07-25T17:26:58.782+0000] {processor.py:208} INFO - Processing /opt/airflow/dags/my_tasks.py took 0.070 seconds
[2026-07-25T17:27:28.987+0000] {processor.py:186} INFO - Started process (PID=4122) to work on /opt/airflow/dags/my_tasks.py
[2026-07-25T17:27:28.999+0000] {processor.py:914} INFO - Processing file /opt/airflow/dags/my_tasks.py for tasks to queue
[2026-07-25T17:27:29.001+0000] {logging_mixin.py:190} INFO - [2026-07-25T17:27:29.000+0000] {dagbag.py:588} INFO - Filling up the DagBag from /opt/airflow/dags/my_tasks.py
[2026-07-25T17:27:29.009+0000] {processor.py:925} INFO - DAG(s) 'my_dag' retrieved from /opt/airflow/dags/my_tasks.py
[2026-07-25T17:27:29.028+0000] {logging_mixin.py:190} INFO - [2026-07-25T17:27:29.027+0000] {dag.py:3239} INFO - Sync 1 DAGs
[2026-07-25T17:27:29.044+0000] {logging_mixin.py:190} INFO - [2026-07-25T17:27:29.043+0000] {dag.py:4180} INFO - Setting next_dagrun for my_dag to None, run_after=None
[2026-07-25T17:27:29.058+0000] {processor.py:208} INFO - Processing /opt/airflow/dags/my_tasks.py took 0.075 seconds
[2026-07-25T17:27:59.258+0000] {processor.py:186} INFO - Started process (PID=4133) to work on /opt/airflow/dags/my_tasks.py
[2026-07-25T17:27:59.259+0000] {processor.py:914} INFO - Processing file /opt/airflow/dags/my_tasks.py for tasks to queue
[2026-07-25T17:27:59.260+0000] {logging_mixin.py:190} INFO - [2026-07-25T17:27:59.260+0000] {dagbag.py:588} INFO - Filling up the DagBag from /opt/airflow/dags/my_tasks.py
[2026-07-25T17:27:59.267+0000] {processor.py:925} INFO - DAG(s) 'my_dag' retrieved from /opt/airflow/dags/my_tasks.py
[2026-07-25T17:27:59.284+0000] {logging_mixin.py:190} INFO - [2026-07-25T17:27:59.284+0000] {dag.py:3239} INFO - Sync 1 DAGs
[2026-07-25T17:27:59.299+0000] {logging_mixin.py:190} INFO - [2026-07-25T17:27:59.299+0000] {dag.py:4180} INFO - Setting next_dagrun for my_dag to None, run_after=None
[2026-07-25T17:27:59.313+0000] {processor.py:208} INFO - Processing /opt/airflow/dags/my_tasks.py took 0.059 seconds
[2026-07-25T17:28:29.534+0000] {processor.py:186} INFO - Started process (PID=4144) to work on /opt/airflow/dags/my_tasks.py
[2026-07-25T17:28:29.541+0000] {processor.py:914} INFO - Processing file /opt/airflow/dags/my_tasks.py for tasks to queue
[2026-07-25T17:28:29.544+0000] {logging_mixin.py:190} INFO - [2026-07-25T17:28:29.544+0000] {dagbag.py:588} INFO - Filling up the DagBag from /opt/airflow/dags/my_tasks.py
[2026-07-25T17:28:29.554+0000] {processor.py:925} INFO - DAG(s) 'my_dag' retrieved from /opt/airflow/dags/my_tasks.py
[2026-07-25T17:28:29.573+0000] {logging_mixin.py:190} INFO - [2026-07-25T17:28:29.573+0000] {dag.py:3239} INFO - Sync 1 DAGs
[2026-07-25T17:28:29.591+0000] {logging_mixin.py:190} INFO - [2026-07-25T17:28:29.590+0000] {dag.py:4180} INFO - Setting next_dagrun for my_dag to None, run_after=None
[2026-07-25T17:28:29.608+0000] {processor.py:208} INFO - Processing /opt/airflow/dags/my_tasks.py took 0.079 seconds
[2026-07-25T17:28:59.791+0000] {processor.py:186} INFO - Started process (PID=4155) to work on /opt/airflow/dags/my_tasks.py
[2026-07-25T17:28:59.792+0000] {processor.py:914} INFO - Processing file /opt/airflow/dags/my_tasks.py for tasks to queue
[2026-07-25T17:28:59.793+0000] {logging_mixin.py:190} INFO - [2026-07-25T17:28:59.793+0000] {dagbag.py:588} INFO - Filling up the DagBag from /opt/airflow/dags/my_tasks.py
[2026-07-25T17:28:59.799+0000] {processor.py:925} INFO - DAG(s) 'my_dag' retrieved from /opt/airflow/dags/my_tasks.py
[2026-07-25T17:28:59.818+0000] {logging_mixin.py:190} INFO - [2026-07-25T17:28:59.818+0000] {dag.py:3239} INFO - Sync 1 DAGs
[2026-07-25T17:28:59.833+0000] {logging_mixin.py:190} INFO - [2026-07-25T17:28:59.833+0000] {dag.py:4180} INFO - Setting next_dagrun for my_dag to None, run_after=None
[2026-07-25T17:28:59.847+0000] {processor.py:208} INFO - Processing /opt/airflow/dags/my_tasks.py took 0.061 seconds
[2026-07-25T17:29:30.062+0000] {processor.py:186} INFO - Started process (PID=4166) to work on /opt/airflow/dags/my_tasks.py
[2026-07-25T17:29:30.070+0000] {processor.py:914} INFO - Processing file /opt/airflow/dags/my_tasks.py for tasks to queue
[2026-07-25T17:29:30.072+0000] {logging_mixin.py:190} INFO - [2026-07-25T17:29:30.072+0000] {dagbag.py:588} INFO - Filling up the DagBag from /opt/airflow/dags/my_tasks.py
[2026-07-25T17:29:30.081+0000] {processor.py:925} INFO - DAG(s) 'my_dag' retrieved from /opt/airflow/dags/my_tasks.py
[2026-07-25T17:29:30.099+0000] {logging_mixin.py:190} INFO - [2026-07-25T17:29:30.098+0000] {dag.py:3239} INFO - Sync 1 DAGs
[2026-07-25T17:29:30.114+0000] {logging_mixin.py:190} INFO - [2026-07-25T17:29:30.114+0000] {dag.py:4180} INFO - Setting next_dagrun for my_dag to None, run_after=None
[2026-07-25T17:29:30.128+0000] {processor.py:208} INFO - Processing /opt/airflow/dags/my_tasks.py took 0.070 seconds
[2026-07-25T17:30:00.340+0000] {processor.py:186} INFO - Started process (PID=4177) to work on /opt/airflow/dags/my_tasks.py
[2026-07-25T17:30:00.340+0000] {processor.py:914} INFO - Processing file /opt/airflow/dags/my_tasks.py for tasks to queue
[2026-07-25T17:30:00.342+0000] {logging_mixin.py:190} INFO - [2026-07-25T17:30:00.341+0000] {dagbag.py:588} INFO - Filling up the DagBag from /opt/airflow/dags/my_tasks.py
[2026-07-25T17:30:00.349+0000] {processor.py:925} INFO - DAG(s) 'my_dag' retrieved from /opt/airflow/dags/my_tasks.py
[2026-07-25T17:30:00.366+0000] {logging_mixin.py:190} INFO - [2026-07-25T17:30:00.366+0000] {dag.py:3239} INFO - Sync 1 DAGs
[2026-07-25T17:30:00.381+0000] {logging_mixin.py:190} INFO - [2026-07-25T17:30:00.381+0000] {dag.py:4180} INFO - Setting next_dagrun for my_dag to None, run_after=None
[2026-07-25T17:30:00.396+0000] {processor.py:208} INFO - Processing /opt/airflow/dags/my_tasks.py took 0.061 seconds
[2026-07-25T17:30:30.600+0000] {processor.py:186} INFO - Started process (PID=4188) to work on /opt/airflow/dags/my_tasks.py
[2026-07-25T17:30:30.608+0000] {processor.py:914} INFO - Processing file /opt/airflow/dags/my_tasks.py for tasks to queue
[2026-07-25T17:30:30.610+0000] {logging_mixin.py:190} INFO - [2026-07-25T17:30:30.610+0000] {dagbag.py:588} INFO - Filling up the DagBag from /opt/airflow/dags/my_tasks.py
[2026-07-25T17:30:30.619+0000] {processor.py:925} INFO - DAG(s) 'my_dag' retrieved from /opt/airflow/dags/my_tasks.py
[2026-07-25T17:30:30.637+0000] {logging_mixin.py:190} INFO - [2026-07-25T17:30:30.637+0000] {dag.py:3239} INFO - Sync 1 DAGs
[2026-07-25T17:30:30.653+0000] {logging_mixin.py:190} INFO - [2026-07-25T17:30:30.653+0000] {dag.py:4180} INFO - Setting next_dagrun for my_dag to None, run_after=None
[2026-07-25T17:30:30.667+0000] {processor.py:208} INFO - Processing /opt/airflow/dags/my_tasks.py took 0.071 seconds
[2026-07-25T17:31:00.869+0000] {processor.py:186} INFO - Started process (PID=4199) to work on /opt/airflow/dags/my_tasks.py
[2026-07-25T17:31:00.870+0000] {processor.py:914} INFO - Processing file /opt/airflow/dags/my_tasks.py for tasks to queue
[2026-07-25T17:31:00.871+0000] {logging_mixin.py:190} INFO - [2026-07-25T17:31:00.871+0000] {dagbag.py:588} INFO - Filling up the DagBag from /opt/airflow/dags/my_tasks.py
[2026-07-25T17:31:00.878+0000] {processor.py:925} INFO - DAG(s) 'my_dag' retrieved from /opt/airflow/dags/my_tasks.py
[2026-07-25T17:31:00.895+0000] {logging_mixin.py:190} INFO - [2026-07-25T17:31:00.895+0000] {dag.py:3239} INFO - Sync 1 DAGs
[2026-07-25T17:31:00.910+0000] {logging_mixin.py:190} INFO - [2026-07-25T17:31:00.910+0000] {dag.py:4180} INFO - Setting next_dagrun for my_dag to None, run_after=None
[2026-07-25T17:31:00.925+0000] {processor.py:208} INFO - Processing /opt/airflow/dags/my_tasks.py took 0.060 seconds
[2026-07-25T17:31:31.163+0000] {processor.py:186} INFO - Started process (PID=4210) to work on /opt/airflow/dags/my_tasks.py
[2026-07-25T17:31:31.163+0000] {processor.py:914} INFO - Processing file /opt/airflow/dags/my_tasks.py for tasks to queue
[2026-07-25T17:31:31.165+0000] {logging_mixin.py:190} INFO - [2026-07-25T17:31:31.165+0000] {dagbag.py:588} INFO - Filling up the DagBag from /opt/airflow/dags/my_tasks.py
[2026-07-25T17:31:31.172+0000] {processor.py:925} INFO - DAG(s) 'my_dag' retrieved from /opt/airflow/dags/my_tasks.py
[2026-07-25T17:31:31.190+0000] {logging_mixin.py:190} INFO - [2026-07-25T17:31:31.190+0000] {dag.py:3239} INFO - Sync 1 DAGs
[2026-07-25T17:31:31.205+0000] {logging_mixin.py:190} INFO - [2026-07-25T17:31:31.205+0000] {dag.py:4180} INFO - Setting next_dagrun for my_dag to None, run_after=None
[2026-07-25T17:31:31.218+0000] {processor.py:208} INFO - Processing /opt/airflow/dags/my_tasks.py took 0.059 seconds
[2026-07-25T17:32:01.437+0000] {processor.py:186} INFO - Started process (PID=4221) to work on /opt/airflow/dags/my_tasks.py
[2026-07-25T17:32:01.437+0000] {processor.py:914} INFO - Processing file /opt/airflow/dags/my_tasks.py for tasks to queue
[2026-07-25T17:32:01.439+0000] {logging_mixin.py:190} INFO - [2026-07-25T17:32:01.439+0000] {dagbag.py:588} INFO - Filling up the DagBag from /opt/airflow/dags/my_tasks.py
[2026-07-25T17:32:01.446+0000] {processor.py:925} INFO - DAG(s) 'my_dag' retrieved from /opt/airflow/dags/my_tasks.py
[2026-07-25T17:32:01.463+0000] {logging_mixin.py:190} INFO - [2026-07-25T17:32:01.463+0000] {dag.py:3239} INFO - Sync 1 DAGs
[2026-07-25T17:32:01.479+0000] {logging_mixin.py:190} INFO - [2026-07-25T17:32:01.479+0000] {dag.py:4180} INFO - Setting next_dagrun for my_dag to None, run_after=None
[2026-07-25T17:32:01.493+0000] {processor.py:208} INFO - Processing /opt/airflow/dags/my_tasks.py took 0.061 seconds
[2026-07-25T17:32:31.694+0000] {processor.py:186} INFO - Started process (PID=4232) to work on /opt/airflow/dags/my_tasks.py
[2026-07-25T17:32:31.694+0000] {processor.py:914} INFO - Processing file /opt/airflow/dags/my_tasks.py for tasks to queue
[2026-07-25T17:32:31.696+0000] {logging_mixin.py:190} INFO - [2026-07-25T17:32:31.695+0000] {dagbag.py:588} INFO - Filling up the DagBag from /opt/airflow/dags/my_tasks.py
[2026-07-25T17:32:31.703+0000] {processor.py:925} INFO - DAG(s) 'my_dag' retrieved from /opt/airflow/dags/my_tasks.py
[2026-07-25T17:32:31.721+0000] {logging_mixin.py:190} INFO - [2026-07-25T17:32:31.721+0000] {dag.py:3239} INFO - Sync 1 DAGs
[2026-07-25T17:32:31.737+0000] {logging_mixin.py:190} INFO - [2026-07-25T17:32:31.737+0000] {dag.py:4180} INFO - Setting next_dagrun for my_dag to None, run_after=None
[2026-07-25T17:32:31.751+0000] {processor.py:208} INFO - Processing /opt/airflow/dags/my_tasks.py took 0.062 seconds
[2026-07-25T17:33:01.983+0000] {processor.py:186} INFO - Started process (PID=4243) to work on /opt/airflow/dags/my_tasks.py
[2026-07-25T17:33:01.991+0000] {processor.py:914} INFO - Processing file /opt/airflow/dags/my_tasks.py for tasks to queue
[2026-07-25T17:33:01.994+0000] {logging_mixin.py:190} INFO - [2026-07-25T17:33:01.993+0000] {dagbag.py:588} INFO - Filling up the DagBag from /opt/airflow/dags/my_tasks.py
[2026-07-25T17:33:02.002+0000] {processor.py:925} INFO - DAG(s) 'my_dag' retrieved from /opt/airflow/dags/my_tasks.py
[2026-07-25T17:33:02.021+0000] {logging_mixin.py:190} INFO - [2026-07-25T17:33:02.021+0000] {dag.py:3239} INFO - Sync 1 DAGs
[2026-07-25T17:33:02.037+0000] {logging_mixin.py:190} INFO - [2026-07-25T17:33:02.037+0000] {dag.py:4180} INFO - Setting next_dagrun for my_dag to None, run_after=None
[2026-07-25T17:33:02.051+0000] {processor.py:208} INFO - Processing /opt/airflow/dags/my_tasks.py took 0.073 seconds
[2026-07-25T17:33:32.247+0000] {processor.py:186} INFO - Started process (PID=4254) to work on /opt/airflow/dags/my_tasks.py
[2026-07-25T17:33:32.248+0000] {processor.py:914} INFO - Processing file /opt/airflow/dags/my_tasks.py for tasks to queue
[2026-07-25T17:33:32.249+0000] {logging_mixin.py:190} INFO - [2026-07-25T17:33:32.249+0000] {dagbag.py:588} INFO - Filling up the DagBag from /opt/airflow/dags/my_tasks.py
[2026-07-25T17:33:32.256+0000] {processor.py:925} INFO - DAG(s) 'my_dag' retrieved from /opt/airflow/dags/my_tasks.py
[2026-07-25T17:33:32.277+0000] {logging_mixin.py:190} INFO - [2026-07-25T17:33:32.276+0000] {dag.py:3239} INFO - Sync 1 DAGs
[2026-07-25T17:33:32.292+0000] {logging_mixin.py:190} INFO - [2026-07-25T17:33:32.292+0000] {dag.py:4180} INFO - Setting next_dagrun for my_dag to None, run_after=None
[2026-07-25T17:33:32.307+0000] {processor.py:208} INFO - Processing /opt/airflow/dags/my_tasks.py took 0.063 seconds
[2026-07-25T17:34:02.526+0000] {processor.py:186} INFO - Started process (PID=4265) to work on /opt/airflow/dags/my_tasks.py
[2026-07-25T17:34:02.527+0000] {processor.py:914} INFO - Processing file /opt/airflow/dags/my_tasks.py for tasks to queue
[2026-07-25T17:34:02.528+0000] {logging_mixin.py:190} INFO - [2026-07-25T17:34:02.528+0000] {dagbag.py:588} INFO - Filling up the DagBag from /opt/airflow/dags/my_tasks.py
[2026-07-25T17:34:02.536+0000] {processor.py:925} INFO - DAG(s) 'my_dag' retrieved from /opt/airflow/dags/my_tasks.py
[2026-07-25T17:34:02.553+0000] {logging_mixin.py:190} INFO - [2026-07-25T17:34:02.553+0000] {dag.py:3239} INFO - Sync 1 DAGs
[2026-07-25T17:34:02.570+0000] {logging_mixin.py:190} INFO - [2026-07-25T17:34:02.570+0000] {dag.py:4180} INFO - Setting next_dagrun for my_dag to None, run_after=None
[2026-07-25T17:34:02.586+0000] {processor.py:208} INFO - Processing /opt/airflow/dags/my_tasks.py took 0.065 seconds
[2026-07-25T17:34:32.761+0000] {processor.py:186} INFO - Started process (PID=4276) to work on /opt/airflow/dags/my_tasks.py
[2026-07-25T17:34:32.762+0000] {processor.py:914} INFO - Processing file /opt/airflow/dags/my_tasks.py for tasks to queue
[2026-07-25T17:34:32.763+0000] {logging_mixin.py:190} INFO - [2026-07-25T17:34:32.763+0000] {dagbag.py:588} INFO - Filling up the DagBag from /opt/airflow/dags/my_tasks.py
[2026-07-25T17:34:32.771+0000] {processor.py:925} INFO - DAG(s) 'my_dag' retrieved from /opt/airflow/dags/my_tasks.py
[2026-07-25T17:34:32.791+0000] {logging_mixin.py:190} INFO - [2026-07-25T17:34:32.790+0000] {dag.py:3239} INFO - Sync 1 DAGs
[2026-07-25T17:34:32.807+0000] {logging_mixin.py:190} INFO - [2026-07-25T17:34:32.806+0000] {dag.py:4180} INFO - Setting next_dagrun for my_dag to None, run_after=None
[2026-07-25T17:34:32.822+0000] {processor.py:208} INFO - Processing /opt/airflow/dags/my_tasks.py took 0.065 seconds
[2026-07-25T17:35:03.014+0000] {processor.py:186} INFO - Started process (PID=4287) to work on /opt/airflow/dags/my_tasks.py
[2026-07-25T17:35:03.022+0000] {processor.py:914} INFO - Processing file /opt/airflow/dags/my_tasks.py for tasks to queue
[2026-07-25T17:35:03.025+0000] {logging_mixin.py:190} INFO - [2026-07-25T17:35:03.025+0000] {dagbag.py:588} INFO - Filling up the DagBag from /opt/airflow/dags/my_tasks.py
[2026-07-25T17:35:03.034+0000] {processor.py:925} INFO - DAG(s) 'my_dag' retrieved from /opt/airflow/dags/my_tasks.py
[2026-07-25T17:35:03.052+0000] {logging_mixin.py:190} INFO - [2026-07-25T17:35:03.052+0000] {dag.py:3239} INFO - Sync 1 DAGs
[2026-07-25T17:35:03.068+0000] {logging_mixin.py:190} INFO - [2026-07-25T17:35:03.068+0000] {dag.py:4180} INFO - Setting next_dagrun for my_dag to None, run_after=None
[2026-07-25T17:35:03.083+0000] {processor.py:208} INFO - Processing /opt/airflow/dags/my_tasks.py took 0.073 seconds
[2026-07-25T17:35:33.297+0000] {processor.py:186} INFO - Started process (PID=4298) to work on /opt/airflow/dags/my_tasks.py
[2026-07-25T17:35:33.298+0000] {processor.py:914} INFO - Processing file /opt/airflow/dags/my_tasks.py for tasks to queue
[2026-07-25T17:35:33.299+0000] {logging_mixin.py:190} INFO - [2026-07-25T17:35:33.299+0000] {dagbag.py:588} INFO - Filling up the DagBag from /opt/airflow/dags/my_tasks.py
[2026-07-25T17:35:33.305+0000] {processor.py:925} INFO - DAG(s) 'my_dag' retrieved from /opt/airflow/dags/my_tasks.py
[2026-07-25T17:35:33.323+0000] {logging_mixin.py:190} INFO - [2026-07-25T17:35:33.323+0000] {dag.py:3239} INFO - Sync 1 DAGs
[2026-07-25T17:35:33.339+0000] {logging_mixin.py:190} INFO - [2026-07-25T17:35:33.339+0000] {dag.py:4180} INFO - Setting next_dagrun for my_dag to None, run_after=None
[2026-07-25T17:35:33.355+0000] {processor.py:208} INFO - Processing /opt/airflow/dags/my_tasks.py took 0.062 seconds
[2026-07-25T17:36:03.547+0000] {processor.py:186} INFO - Started process (PID=4309) to work on /opt/airflow/dags/my_tasks.py
[2026-07-25T17:36:03.555+0000] {processor.py:914} INFO - Processing file /opt/airflow/dags/my_tasks.py for tasks to queue
[2026-07-25T17:36:03.557+0000] {logging_mixin.py:190} INFO - [2026-07-25T17:36:03.557+0000] {dagbag.py:588} INFO - Filling up the DagBag from /opt/airflow/dags/my_tasks.py
[2026-07-25T17:36:03.565+0000] {processor.py:925} INFO - DAG(s) 'my_dag' retrieved from /opt/airflow/dags/my_tasks.py
[2026-07-25T17:36:03.583+0000] {logging_mixin.py:190} INFO - [2026-07-25T17:36:03.583+0000] {dag.py:3239} INFO - Sync 1 DAGs
[2026-07-25T17:36:03.600+0000] {logging_mixin.py:190} INFO - [2026-07-25T17:36:03.600+0000] {dag.py:4180} INFO - Setting next_dagrun for my_dag to None, run_after=None
[2026-07-25T17:36:03.614+0000] {processor.py:208} INFO - Processing /opt/airflow/dags/my_tasks.py took 0.072 seconds
[2026-07-25T17:36:33.800+0000] {processor.py:186} INFO - Started process (PID=4320) to work on /opt/airflow/dags/my_tasks.py
[2026-07-25T17:36:33.801+0000] {processor.py:914} INFO - Processing file /opt/airflow/dags/my_tasks.py for tasks to queue
[2026-07-25T17:36:33.802+0000] {logging_mixin.py:190} INFO - [2026-07-25T17:36:33.802+0000] {dagbag.py:588} INFO - Filling up the DagBag from /opt/airflow/dags/my_tasks.py
[2026-07-25T17:36:33.809+0000] {processor.py:925} INFO - DAG(s) 'my_dag' retrieved from /opt/airflow/dags/my_tasks.py
[2026-07-25T17:36:33.827+0000] {logging_mixin.py:190} INFO - [2026-07-25T17:36:33.826+0000] {dag.py:3239} INFO - Sync 1 DAGs
[2026-07-25T17:36:33.842+0000] {logging_mixin.py:190} INFO - [2026-07-25T17:36:33.842+0000] {dag.py:4180} INFO - Setting next_dagrun for my_dag to None, run_after=None
[2026-07-25T17:36:33.862+0000] {processor.py:208} INFO - Processing /opt/airflow/dags/my_tasks.py took 0.066 seconds
[2026-07-25T17:37:04.077+0000] {processor.py:186} INFO - Started process (PID=4331) to work on /opt/airflow/dags/my_tasks.py
[2026-07-25T17:37:04.078+0000] {processor.py:914} INFO - Processing file /opt/airflow/dags/my_tasks.py for tasks to queue
[2026-07-25T17:37:04.079+0000] {logging_mixin.py:190} INFO - [2026-07-25T17:37:04.079+0000] {dagbag.py:588} INFO - Filling up the DagBag from /opt/airflow/dags/my_tasks.py
[2026-07-25T17:37:04.086+0000] {processor.py:925} INFO - DAG(s) 'my_dag' retrieved from /opt/airflow/dags/my_tasks.py
[2026-07-25T17:37:04.105+0000] {logging_mixin.py:190} INFO - [2026-07-25T17:37:04.105+0000] {dag.py:3239} INFO - Sync 1 DAGs
[2026-07-25T17:37:04.120+0000] {logging_mixin.py:190} INFO - [2026-07-25T17:37:04.120+0000] {dag.py:4180} INFO - Setting next_dagrun for my_dag to None, run_after=None
[2026-07-25T17:37:04.133+0000] {processor.py:208} INFO - Processing /opt/airflow/dags/my_tasks.py took 0.060 seconds
[2026-07-25T17:37:34.364+0000] {processor.py:186} INFO - Started process (PID=4342) to work on /opt/airflow/dags/my_tasks.py
[2026-07-25T17:37:34.365+0000] {processor.py:914} INFO - Processing file /opt/airflow/dags/my_tasks.py for tasks to queue
[2026-07-25T17:37:34.367+0000] {logging_mixin.py:190} INFO - [2026-07-25T17:37:34.366+0000] {dagbag.py:588} INFO - Filling up the DagBag from /opt/airflow/dags/my_tasks.py
[2026-07-25T17:37:34.373+0000] {processor.py:925} INFO - DAG(s) 'my_dag' retrieved from /opt/airflow/dags/my_tasks.py
[2026-07-25T17:37:34.391+0000] {logging_mixin.py:190} INFO - [2026-07-25T17:37:34.391+0000] {dag.py:3239} INFO - Sync 1 DAGs
[2026-07-25T17:37:34.407+0000] {logging_mixin.py:190} INFO - [2026-07-25T17:37:34.407+0000] {dag.py:4180} INFO - Setting next_dagrun for my_dag to None, run_after=None
[2026-07-25T17:37:34.422+0000] {processor.py:208} INFO - Processing /opt/airflow/dags/my_tasks.py took 0.063 seconds
[2026-07-25T17:38:04.618+0000] {processor.py:186} INFO - Started process (PID=4353) to work on /opt/airflow/dags/my_tasks.py
[2026-07-25T17:38:04.626+0000] {processor.py:914} INFO - Processing file /opt/airflow/dags/my_tasks.py for tasks to queue
[2026-07-25T17:38:04.629+0000] {logging_mixin.py:190} INFO - [2026-07-25T17:38:04.629+0000] {dagbag.py:588} INFO - Filling up the DagBag from /opt/airflow/dags/my_tasks.py
[2026-07-25T17:38:04.639+0000] {processor.py:925} INFO - DAG(s) 'my_dag' retrieved from /opt/airflow/dags/my_tasks.py
[2026-07-25T17:38:04.657+0000] {logging_mixin.py:190} INFO - [2026-07-25T17:38:04.657+0000] {dag.py:3239} INFO - Sync 1 DAGs
[2026-07-25T17:38:04.673+0000] {logging_mixin.py:190} INFO - [2026-07-25T17:38:04.672+0000] {dag.py:4180} INFO - Setting next_dagrun for my_dag to None, run_after=None
[2026-07-25T17:38:04.686+0000] {processor.py:208} INFO - Processing /opt/airflow/dags/my_tasks.py took 0.072 seconds
[2026-07-25T17:38:34.907+0000] {processor.py:186} INFO - Started process (PID=4364) to work on /opt/airflow/dags/my_tasks.py
[2026-07-25T17:38:34.907+0000] {processor.py:914} INFO - Processing file /opt/airflow/dags/my_tasks.py for tasks to queue
[2026-07-25T17:38:34.909+0000] {logging_mixin.py:190} INFO - [2026-07-25T17:38:34.909+0000] {dagbag.py:588} INFO - Filling up the DagBag from /opt/airflow/dags/my_tasks.py
[2026-07-25T17:38:34.916+0000] {processor.py:925} INFO - DAG(s) 'my_dag' retrieved from /opt/airflow/dags/my_tasks.py
[2026-07-25T17:38:34.933+0000] {logging_mixin.py:190} INFO - [2026-07-25T17:38:34.933+0000] {dag.py:3239} INFO - Sync 1 DAGs
[2026-07-25T17:38:34.948+0000] {logging_mixin.py:190} INFO - [2026-07-25T17:38:34.948+0000] {dag.py:4180} INFO - Setting next_dagrun for my_dag to None, run_after=None
[2026-07-25T17:38:34.963+0000] {processor.py:208} INFO - Processing /opt/airflow/dags/my_tasks.py took 0.060 seconds
[2026-07-25T17:39:05.159+0000] {processor.py:186} INFO - Started process (PID=4375) to work on /opt/airflow/dags/my_tasks.py
[2026-07-25T17:39:05.167+0000] {processor.py:914} INFO - Processing file /opt/airflow/dags/my_tasks.py for tasks to queue
[2026-07-25T17:39:05.169+0000] {logging_mixin.py:190} INFO - [2026-07-25T17:39:05.169+0000] {dagbag.py:588} INFO - Filling up the DagBag from /opt/airflow/dags/my_tasks.py
[2026-07-25T17:39:05.179+0000] {processor.py:925} INFO - DAG(s) 'my_dag' retrieved from /opt/airflow/dags/my_tasks.py
[2026-07-25T17:39:05.199+0000] {logging_mixin.py:190} INFO - [2026-07-25T17:39:05.199+0000] {dag.py:3239} INFO - Sync 1 DAGs
[2026-07-25T17:39:05.215+0000] {logging_mixin.py:190} INFO - [2026-07-25T17:39:05.214+0000] {dag.py:4180} INFO - Setting next_dagrun for my_dag to None, run_after=None
[2026-07-25T17:39:05.229+0000] {processor.py:208} INFO - Processing /opt/airflow/dags/my_tasks.py took 0.074 seconds
[2026-07-25T17:39:35.443+0000] {processor.py:186} INFO - Started process (PID=4386) to work on /opt/airflow/dags/my_tasks.py
[2026-07-25T17:39:35.444+0000] {processor.py:914} INFO - Processing file /opt/airflow/dags/my_tasks.py for tasks to queue
[2026-07-25T17:39:35.445+0000] {logging_mixin.py:190} INFO - [2026-07-25T17:39:35.445+0000] {dagbag.py:588} INFO - Filling up the DagBag from /opt/airflow/dags/my_tasks.py
[2026-07-25T17:39:35.454+0000] {processor.py:925} INFO - DAG(s) 'my_dag' retrieved from /opt/airflow/dags/my_tasks.py
[2026-07-25T17:39:35.472+0000] {logging_mixin.py:190} INFO - [2026-07-25T17:39:35.472+0000] {dag.py:3239} INFO - Sync 1 DAGs
[2026-07-25T17:39:35.491+0000] {logging_mixin.py:190} INFO - [2026-07-25T17:39:35.491+0000] {dag.py:4180} INFO - Setting next_dagrun for my_dag to None, run_after=None
[2026-07-25T17:39:35.508+0000] {processor.py:208} INFO - Processing /opt/airflow/dags/my_tasks.py took 0.069 seconds
[2026-07-25T17:40:05.698+0000] {processor.py:186} INFO - Started process (PID=4397) to work on /opt/airflow/dags/my_tasks.py
[2026-07-25T17:40:05.699+0000] {processor.py:914} INFO - Processing file /opt/airflow/dags/my_tasks.py for tasks to queue
[2026-07-25T17:40:05.700+0000] {logging_mixin.py:190} INFO - [2026-07-25T17:40:05.700+0000] {dagbag.py:588} INFO - Filling up the DagBag from /opt/airflow/dags/my_tasks.py
[2026-07-25T17:40:05.707+0000] {processor.py:925} INFO - DAG(s) 'my_dag' retrieved from /opt/airflow/dags/my_tasks.py
[2026-07-25T17:40:05.724+0000] {logging_mixin.py:190} INFO - [2026-07-25T17:40:05.723+0000] {dag.py:3239} INFO - Sync 1 DAGs
[2026-07-25T17:40:05.738+0000] {logging_mixin.py:190} INFO - [2026-07-25T17:40:05.738+0000] {dag.py:4180} INFO - Setting next_dagrun for my_dag to None, run_after=None
[2026-07-25T17:40:05.760+0000] {processor.py:208} INFO - Processing /opt/airflow/dags/my_tasks.py took 0.065 seconds
