[2026-07-18T12:28:30.428+0000] {processor.py:186} INFO - Started process (PID=291) to work on /opt/airflow/dags/my_tasks.py
[2026-07-18T12:28:30.429+0000] {processor.py:914} INFO - Processing file /opt/airflow/dags/my_tasks.py for tasks to queue
[2026-07-18T12:28:30.431+0000] {logging_mixin.py:190} INFO - [2026-07-18T12:28:30.431+0000] {dagbag.py:588} INFO - Filling up the DagBag from /opt/airflow/dags/my_tasks.py
[2026-07-18T12:28:30.436+0000] {processor.py:925} INFO - DAG(s) 'my_dag' retrieved from /opt/airflow/dags/my_tasks.py
[2026-07-18T12:28:30.457+0000] {logging_mixin.py:190} INFO - [2026-07-18T12:28:30.457+0000] {dag.py:3239} INFO - Sync 1 DAGs
[2026-07-18T12:28:30.483+0000] {logging_mixin.py:190} INFO - [2026-07-18T12:28:30.483+0000] {dag.py:4180} INFO - Setting next_dagrun for my_dag to None, run_after=None
[2026-07-18T12:28:30.508+0000] {processor.py:208} INFO - Processing /opt/airflow/dags/my_tasks.py took 0.087 seconds
[2026-07-18T12:29:00.645+0000] {processor.py:186} INFO - Started process (PID=303) to work on /opt/airflow/dags/my_tasks.py
[2026-07-18T12:29:00.646+0000] {processor.py:914} INFO - Processing file /opt/airflow/dags/my_tasks.py for tasks to queue
[2026-07-18T12:29:00.647+0000] {logging_mixin.py:190} INFO - [2026-07-18T12:29:00.647+0000] {dagbag.py:588} INFO - Filling up the DagBag from /opt/airflow/dags/my_tasks.py
[2026-07-18T12:29:00.653+0000] {processor.py:925} INFO - DAG(s) 'my_dag' retrieved from /opt/airflow/dags/my_tasks.py
[2026-07-18T12:29:00.674+0000] {logging_mixin.py:190} INFO - [2026-07-18T12:29:00.674+0000] {dag.py:3239} INFO - Sync 1 DAGs
[2026-07-18T12:29:00.690+0000] {logging_mixin.py:190} INFO - [2026-07-18T12:29:00.690+0000] {dag.py:4180} INFO - Setting next_dagrun for my_dag to None, run_after=None
[2026-07-18T12:29:00.704+0000] {processor.py:208} INFO - Processing /opt/airflow/dags/my_tasks.py took 0.063 seconds
[2026-07-18T12:29:30.958+0000] {processor.py:186} INFO - Started process (PID=314) to work on /opt/airflow/dags/my_tasks.py
[2026-07-18T12:29:30.958+0000] {processor.py:914} INFO - Processing file /opt/airflow/dags/my_tasks.py for tasks to queue
[2026-07-18T12:29:30.960+0000] {logging_mixin.py:190} INFO - [2026-07-18T12:29:30.960+0000] {dagbag.py:588} INFO - Filling up the DagBag from /opt/airflow/dags/my_tasks.py
[2026-07-18T12:29:30.964+0000] {processor.py:925} INFO - DAG(s) 'my_dag' retrieved from /opt/airflow/dags/my_tasks.py
[2026-07-18T12:29:30.981+0000] {logging_mixin.py:190} INFO - [2026-07-18T12:29:30.981+0000] {dag.py:3239} INFO - Sync 1 DAGs
[2026-07-18T12:29:30.997+0000] {logging_mixin.py:190} INFO - [2026-07-18T12:29:30.997+0000] {dag.py:4180} INFO - Setting next_dagrun for my_dag to None, run_after=None
[2026-07-18T12:29:31.010+0000] {processor.py:208} INFO - Processing /opt/airflow/dags/my_tasks.py took 0.057 seconds
[2026-07-18T12:30:01.220+0000] {processor.py:186} INFO - Started process (PID=325) to work on /opt/airflow/dags/my_tasks.py
[2026-07-18T12:30:01.220+0000] {processor.py:914} INFO - Processing file /opt/airflow/dags/my_tasks.py for tasks to queue
[2026-07-18T12:30:01.221+0000] {logging_mixin.py:190} INFO - [2026-07-18T12:30:01.221+0000] {dagbag.py:588} INFO - Filling up the DagBag from /opt/airflow/dags/my_tasks.py
[2026-07-18T12:30:01.226+0000] {processor.py:925} INFO - DAG(s) 'my_dag' retrieved from /opt/airflow/dags/my_tasks.py
[2026-07-18T12:30:01.243+0000] {logging_mixin.py:190} INFO - [2026-07-18T12:30:01.243+0000] {dag.py:3239} INFO - Sync 1 DAGs
[2026-07-18T12:30:01.259+0000] {logging_mixin.py:190} INFO - [2026-07-18T12:30:01.258+0000] {dag.py:4180} INFO - Setting next_dagrun for my_dag to None, run_after=None
[2026-07-18T12:30:01.272+0000] {processor.py:208} INFO - Processing /opt/airflow/dags/my_tasks.py took 0.057 seconds
[2026-07-18T12:30:31.492+0000] {processor.py:186} INFO - Started process (PID=336) to work on /opt/airflow/dags/my_tasks.py
[2026-07-18T12:30:31.500+0000] {processor.py:914} INFO - Processing file /opt/airflow/dags/my_tasks.py for tasks to queue
[2026-07-18T12:30:31.502+0000] {logging_mixin.py:190} INFO - [2026-07-18T12:30:31.501+0000] {dagbag.py:588} INFO - Filling up the DagBag from /opt/airflow/dags/my_tasks.py
[2026-07-18T12:30:31.508+0000] {processor.py:925} INFO - DAG(s) 'my_dag' retrieved from /opt/airflow/dags/my_tasks.py
[2026-07-18T12:30:31.525+0000] {logging_mixin.py:190} INFO - [2026-07-18T12:30:31.525+0000] {dag.py:3239} INFO - Sync 1 DAGs
[2026-07-18T12:30:31.541+0000] {logging_mixin.py:190} INFO - [2026-07-18T12:30:31.541+0000] {dag.py:4180} INFO - Setting next_dagrun for my_dag to None, run_after=None
[2026-07-18T12:30:31.555+0000] {processor.py:208} INFO - Processing /opt/airflow/dags/my_tasks.py took 0.067 seconds
[2026-07-18T12:31:01.758+0000] {processor.py:186} INFO - Started process (PID=347) to work on /opt/airflow/dags/my_tasks.py
[2026-07-18T12:31:01.758+0000] {processor.py:914} INFO - Processing file /opt/airflow/dags/my_tasks.py for tasks to queue
[2026-07-18T12:31:01.760+0000] {logging_mixin.py:190} INFO - [2026-07-18T12:31:01.760+0000] {dagbag.py:588} INFO - Filling up the DagBag from /opt/airflow/dags/my_tasks.py
[2026-07-18T12:31:01.769+0000] {processor.py:925} INFO - DAG(s) 'my_dag' retrieved from /opt/airflow/dags/my_tasks.py
[2026-07-18T12:31:01.797+0000] {logging_mixin.py:190} INFO - [2026-07-18T12:31:01.797+0000] {dag.py:3239} INFO - Sync 1 DAGs
[2026-07-18T12:31:01.825+0000] {logging_mixin.py:190} INFO - [2026-07-18T12:31:01.825+0000] {dag.py:4180} INFO - Setting next_dagrun for my_dag to None, run_after=None
[2026-07-18T12:31:01.846+0000] {processor.py:208} INFO - Processing /opt/airflow/dags/my_tasks.py took 0.095 seconds
[2026-07-18T12:31:32.030+0000] {processor.py:186} INFO - Started process (PID=358) to work on /opt/airflow/dags/my_tasks.py
[2026-07-18T12:31:32.031+0000] {processor.py:914} INFO - Processing file /opt/airflow/dags/my_tasks.py for tasks to queue
[2026-07-18T12:31:32.032+0000] {logging_mixin.py:190} INFO - [2026-07-18T12:31:32.032+0000] {dagbag.py:588} INFO - Filling up the DagBag from /opt/airflow/dags/my_tasks.py
[2026-07-18T12:31:32.037+0000] {processor.py:925} INFO - DAG(s) 'my_dag' retrieved from /opt/airflow/dags/my_tasks.py
[2026-07-18T12:31:32.054+0000] {logging_mixin.py:190} INFO - [2026-07-18T12:31:32.054+0000] {dag.py:3239} INFO - Sync 1 DAGs
[2026-07-18T12:31:32.069+0000] {logging_mixin.py:190} INFO - [2026-07-18T12:31:32.069+0000] {dag.py:4180} INFO - Setting next_dagrun for my_dag to None, run_after=None
[2026-07-18T12:31:32.082+0000] {processor.py:208} INFO - Processing /opt/airflow/dags/my_tasks.py took 0.056 seconds
[2026-07-18T12:32:02.316+0000] {processor.py:186} INFO - Started process (PID=369) to work on /opt/airflow/dags/my_tasks.py
[2026-07-18T12:32:02.317+0000] {processor.py:914} INFO - Processing file /opt/airflow/dags/my_tasks.py for tasks to queue
[2026-07-18T12:32:02.319+0000] {logging_mixin.py:190} INFO - [2026-07-18T12:32:02.318+0000] {dagbag.py:588} INFO - Filling up the DagBag from /opt/airflow/dags/my_tasks.py
[2026-07-18T12:32:02.323+0000] {processor.py:925} INFO - DAG(s) 'my_dag' retrieved from /opt/airflow/dags/my_tasks.py
[2026-07-18T12:32:02.340+0000] {logging_mixin.py:190} INFO - [2026-07-18T12:32:02.340+0000] {dag.py:3239} INFO - Sync 1 DAGs
[2026-07-18T12:32:02.356+0000] {logging_mixin.py:190} INFO - [2026-07-18T12:32:02.356+0000] {dag.py:4180} INFO - Setting next_dagrun for my_dag to None, run_after=None
[2026-07-18T12:32:02.371+0000] {processor.py:208} INFO - Processing /opt/airflow/dags/my_tasks.py took 0.060 seconds
[2026-07-18T12:32:32.587+0000] {processor.py:186} INFO - Started process (PID=380) to work on /opt/airflow/dags/my_tasks.py
[2026-07-18T12:32:32.588+0000] {processor.py:914} INFO - Processing file /opt/airflow/dags/my_tasks.py for tasks to queue
[2026-07-18T12:32:32.589+0000] {logging_mixin.py:190} INFO - [2026-07-18T12:32:32.589+0000] {dagbag.py:588} INFO - Filling up the DagBag from /opt/airflow/dags/my_tasks.py
[2026-07-18T12:32:32.594+0000] {processor.py:925} INFO - DAG(s) 'my_dag' retrieved from /opt/airflow/dags/my_tasks.py
[2026-07-18T12:32:32.610+0000] {logging_mixin.py:190} INFO - [2026-07-18T12:32:32.610+0000] {dag.py:3239} INFO - Sync 1 DAGs
[2026-07-18T12:32:32.626+0000] {logging_mixin.py:190} INFO - [2026-07-18T12:32:32.626+0000] {dag.py:4180} INFO - Setting next_dagrun for my_dag to None, run_after=None
[2026-07-18T12:32:32.641+0000] {processor.py:208} INFO - Processing /opt/airflow/dags/my_tasks.py took 0.058 seconds
[2026-07-18T12:33:02.858+0000] {processor.py:186} INFO - Started process (PID=391) to work on /opt/airflow/dags/my_tasks.py
[2026-07-18T12:33:02.858+0000] {processor.py:914} INFO - Processing file /opt/airflow/dags/my_tasks.py for tasks to queue
[2026-07-18T12:33:02.860+0000] {logging_mixin.py:190} INFO - [2026-07-18T12:33:02.859+0000] {dagbag.py:588} INFO - Filling up the DagBag from /opt/airflow/dags/my_tasks.py
[2026-07-18T12:33:02.864+0000] {processor.py:925} INFO - DAG(s) 'my_dag' retrieved from /opt/airflow/dags/my_tasks.py
[2026-07-18T12:33:02.881+0000] {logging_mixin.py:190} INFO - [2026-07-18T12:33:02.881+0000] {dag.py:3239} INFO - Sync 1 DAGs
[2026-07-18T12:33:02.896+0000] {logging_mixin.py:190} INFO - [2026-07-18T12:33:02.896+0000] {dag.py:4180} INFO - Setting next_dagrun for my_dag to None, run_after=None
[2026-07-18T12:33:02.911+0000] {processor.py:208} INFO - Processing /opt/airflow/dags/my_tasks.py took 0.057 seconds
[2026-07-18T12:33:33.131+0000] {processor.py:186} INFO - Started process (PID=408) to work on /opt/airflow/dags/my_tasks.py
[2026-07-18T12:33:33.132+0000] {processor.py:914} INFO - Processing file /opt/airflow/dags/my_tasks.py for tasks to queue
[2026-07-18T12:33:33.133+0000] {logging_mixin.py:190} INFO - [2026-07-18T12:33:33.133+0000] {dagbag.py:588} INFO - Filling up the DagBag from /opt/airflow/dags/my_tasks.py
[2026-07-18T12:33:33.138+0000] {processor.py:925} INFO - DAG(s) 'my_dag' retrieved from /opt/airflow/dags/my_tasks.py
[2026-07-18T12:33:33.155+0000] {logging_mixin.py:190} INFO - [2026-07-18T12:33:33.155+0000] {dag.py:3239} INFO - Sync 1 DAGs
[2026-07-18T12:33:33.171+0000] {logging_mixin.py:190} INFO - [2026-07-18T12:33:33.171+0000] {dag.py:4180} INFO - Setting next_dagrun for my_dag to None, run_after=None
[2026-07-18T12:33:33.184+0000] {processor.py:208} INFO - Processing /opt/airflow/dags/my_tasks.py took 0.058 seconds
[2026-07-18T12:34:03.410+0000] {processor.py:186} INFO - Started process (PID=419) to work on /opt/airflow/dags/my_tasks.py
[2026-07-18T12:34:03.411+0000] {processor.py:914} INFO - Processing file /opt/airflow/dags/my_tasks.py for tasks to queue
[2026-07-18T12:34:03.412+0000] {logging_mixin.py:190} INFO - [2026-07-18T12:34:03.412+0000] {dagbag.py:588} INFO - Filling up the DagBag from /opt/airflow/dags/my_tasks.py
[2026-07-18T12:34:03.417+0000] {processor.py:925} INFO - DAG(s) 'my_dag' retrieved from /opt/airflow/dags/my_tasks.py
[2026-07-18T12:34:03.433+0000] {logging_mixin.py:190} INFO - [2026-07-18T12:34:03.433+0000] {dag.py:3239} INFO - Sync 1 DAGs
[2026-07-18T12:34:03.449+0000] {logging_mixin.py:190} INFO - [2026-07-18T12:34:03.449+0000] {dag.py:4180} INFO - Setting next_dagrun for my_dag to None, run_after=None
[2026-07-18T12:34:03.474+0000] {processor.py:208} INFO - Processing /opt/airflow/dags/my_tasks.py took 0.068 seconds
[2026-07-18T12:34:33.694+0000] {processor.py:186} INFO - Started process (PID=430) to work on /opt/airflow/dags/my_tasks.py
[2026-07-18T12:34:33.702+0000] {processor.py:914} INFO - Processing file /opt/airflow/dags/my_tasks.py for tasks to queue
[2026-07-18T12:34:33.704+0000] {logging_mixin.py:190} INFO - [2026-07-18T12:34:33.704+0000] {dagbag.py:588} INFO - Filling up the DagBag from /opt/airflow/dags/my_tasks.py
[2026-07-18T12:34:33.712+0000] {processor.py:925} INFO - DAG(s) 'my_dag' retrieved from /opt/airflow/dags/my_tasks.py
[2026-07-18T12:34:33.733+0000] {logging_mixin.py:190} INFO - [2026-07-18T12:34:33.733+0000] {dag.py:3239} INFO - Sync 1 DAGs
[2026-07-18T12:34:33.749+0000] {logging_mixin.py:190} INFO - [2026-07-18T12:34:33.749+0000] {dag.py:4180} INFO - Setting next_dagrun for my_dag to None, run_after=None
[2026-07-18T12:34:33.764+0000] {processor.py:208} INFO - Processing /opt/airflow/dags/my_tasks.py took 0.074 seconds
[2026-07-18T12:35:03.961+0000] {processor.py:186} INFO - Started process (PID=441) to work on /opt/airflow/dags/my_tasks.py
[2026-07-18T12:35:03.961+0000] {processor.py:914} INFO - Processing file /opt/airflow/dags/my_tasks.py for tasks to queue
[2026-07-18T12:35:03.963+0000] {logging_mixin.py:190} INFO - [2026-07-18T12:35:03.963+0000] {dagbag.py:588} INFO - Filling up the DagBag from /opt/airflow/dags/my_tasks.py
[2026-07-18T12:35:03.968+0000] {processor.py:925} INFO - DAG(s) 'my_dag' retrieved from /opt/airflow/dags/my_tasks.py
[2026-07-18T12:35:03.985+0000] {logging_mixin.py:190} INFO - [2026-07-18T12:35:03.985+0000] {dag.py:3239} INFO - Sync 1 DAGs
[2026-07-18T12:35:04.005+0000] {logging_mixin.py:190} INFO - [2026-07-18T12:35:04.004+0000] {dag.py:4180} INFO - Setting next_dagrun for my_dag to None, run_after=None
[2026-07-18T12:35:04.018+0000] {processor.py:208} INFO - Processing /opt/airflow/dags/my_tasks.py took 0.062 seconds
[2026-07-18T12:35:34.226+0000] {processor.py:186} INFO - Started process (PID=452) to work on /opt/airflow/dags/my_tasks.py
[2026-07-18T12:35:34.227+0000] {processor.py:914} INFO - Processing file /opt/airflow/dags/my_tasks.py for tasks to queue
[2026-07-18T12:35:34.228+0000] {logging_mixin.py:190} INFO - [2026-07-18T12:35:34.228+0000] {dagbag.py:588} INFO - Filling up the DagBag from /opt/airflow/dags/my_tasks.py
[2026-07-18T12:35:34.233+0000] {processor.py:925} INFO - DAG(s) 'my_dag' retrieved from /opt/airflow/dags/my_tasks.py
[2026-07-18T12:35:34.250+0000] {logging_mixin.py:190} INFO - [2026-07-18T12:35:34.250+0000] {dag.py:3239} INFO - Sync 1 DAGs
[2026-07-18T12:35:34.266+0000] {logging_mixin.py:190} INFO - [2026-07-18T12:35:34.265+0000] {dag.py:4180} INFO - Setting next_dagrun for my_dag to None, run_after=None
[2026-07-18T12:35:34.281+0000] {processor.py:208} INFO - Processing /opt/airflow/dags/my_tasks.py took 0.058 seconds
[2026-07-18T12:36:04.493+0000] {processor.py:186} INFO - Started process (PID=463) to work on /opt/airflow/dags/my_tasks.py
[2026-07-18T12:36:04.494+0000] {processor.py:914} INFO - Processing file /opt/airflow/dags/my_tasks.py for tasks to queue
[2026-07-18T12:36:04.495+0000] {logging_mixin.py:190} INFO - [2026-07-18T12:36:04.495+0000] {dagbag.py:588} INFO - Filling up the DagBag from /opt/airflow/dags/my_tasks.py
[2026-07-18T12:36:04.500+0000] {processor.py:925} INFO - DAG(s) 'my_dag' retrieved from /opt/airflow/dags/my_tasks.py
[2026-07-18T12:36:04.517+0000] {logging_mixin.py:190} INFO - [2026-07-18T12:36:04.517+0000] {dag.py:3239} INFO - Sync 1 DAGs
[2026-07-18T12:36:04.532+0000] {logging_mixin.py:190} INFO - [2026-07-18T12:36:04.532+0000] {dag.py:4180} INFO - Setting next_dagrun for my_dag to None, run_after=None
[2026-07-18T12:36:04.546+0000] {processor.py:208} INFO - Processing /opt/airflow/dags/my_tasks.py took 0.057 seconds
[2026-07-18T12:36:34.759+0000] {processor.py:186} INFO - Started process (PID=474) to work on /opt/airflow/dags/my_tasks.py
[2026-07-18T12:36:34.767+0000] {processor.py:914} INFO - Processing file /opt/airflow/dags/my_tasks.py for tasks to queue
[2026-07-18T12:36:34.769+0000] {logging_mixin.py:190} INFO - [2026-07-18T12:36:34.769+0000] {dagbag.py:588} INFO - Filling up the DagBag from /opt/airflow/dags/my_tasks.py
[2026-07-18T12:36:34.777+0000] {processor.py:925} INFO - DAG(s) 'my_dag' retrieved from /opt/airflow/dags/my_tasks.py
[2026-07-18T12:36:34.794+0000] {logging_mixin.py:190} INFO - [2026-07-18T12:36:34.793+0000] {dag.py:3239} INFO - Sync 1 DAGs
[2026-07-18T12:36:34.810+0000] {logging_mixin.py:190} INFO - [2026-07-18T12:36:34.810+0000] {dag.py:4180} INFO - Setting next_dagrun for my_dag to None, run_after=None
[2026-07-18T12:36:34.823+0000] {processor.py:208} INFO - Processing /opt/airflow/dags/my_tasks.py took 0.069 seconds
[2026-07-18T12:37:05.016+0000] {processor.py:186} INFO - Started process (PID=485) to work on /opt/airflow/dags/my_tasks.py
[2026-07-18T12:37:05.016+0000] {processor.py:914} INFO - Processing file /opt/airflow/dags/my_tasks.py for tasks to queue
[2026-07-18T12:37:05.018+0000] {logging_mixin.py:190} INFO - [2026-07-18T12:37:05.017+0000] {dagbag.py:588} INFO - Filling up the DagBag from /opt/airflow/dags/my_tasks.py
[2026-07-18T12:37:05.022+0000] {processor.py:925} INFO - DAG(s) 'my_dag' retrieved from /opt/airflow/dags/my_tasks.py
[2026-07-18T12:37:05.040+0000] {logging_mixin.py:190} INFO - [2026-07-18T12:37:05.040+0000] {dag.py:3239} INFO - Sync 1 DAGs
[2026-07-18T12:37:05.056+0000] {logging_mixin.py:190} INFO - [2026-07-18T12:37:05.056+0000] {dag.py:4180} INFO - Setting next_dagrun for my_dag to None, run_after=None
[2026-07-18T12:37:05.071+0000] {processor.py:208} INFO - Processing /opt/airflow/dags/my_tasks.py took 0.059 seconds
[2026-07-18T12:37:35.296+0000] {processor.py:186} INFO - Started process (PID=496) to work on /opt/airflow/dags/my_tasks.py
[2026-07-18T12:37:35.304+0000] {processor.py:914} INFO - Processing file /opt/airflow/dags/my_tasks.py for tasks to queue
[2026-07-18T12:37:35.308+0000] {logging_mixin.py:190} INFO - [2026-07-18T12:37:35.308+0000] {dagbag.py:588} INFO - Filling up the DagBag from /opt/airflow/dags/my_tasks.py
[2026-07-18T12:37:35.315+0000] {processor.py:925} INFO - DAG(s) 'my_dag' retrieved from /opt/airflow/dags/my_tasks.py
[2026-07-18T12:37:35.332+0000] {logging_mixin.py:190} INFO - [2026-07-18T12:37:35.332+0000] {dag.py:3239} INFO - Sync 1 DAGs
[2026-07-18T12:37:35.348+0000] {logging_mixin.py:190} INFO - [2026-07-18T12:37:35.348+0000] {dag.py:4180} INFO - Setting next_dagrun for my_dag to None, run_after=None
[2026-07-18T12:37:35.362+0000] {processor.py:208} INFO - Processing /opt/airflow/dags/my_tasks.py took 0.070 seconds
[2026-07-18T12:38:05.541+0000] {processor.py:186} INFO - Started process (PID=507) to work on /opt/airflow/dags/my_tasks.py
[2026-07-18T12:38:05.541+0000] {processor.py:914} INFO - Processing file /opt/airflow/dags/my_tasks.py for tasks to queue
[2026-07-18T12:38:05.542+0000] {logging_mixin.py:190} INFO - [2026-07-18T12:38:05.542+0000] {dagbag.py:588} INFO - Filling up the DagBag from /opt/airflow/dags/my_tasks.py
[2026-07-18T12:38:05.547+0000] {processor.py:925} INFO - DAG(s) 'my_dag' retrieved from /opt/airflow/dags/my_tasks.py
[2026-07-18T12:38:05.564+0000] {logging_mixin.py:190} INFO - [2026-07-18T12:38:05.564+0000] {dag.py:3239} INFO - Sync 1 DAGs
[2026-07-18T12:38:05.580+0000] {logging_mixin.py:190} INFO - [2026-07-18T12:38:05.580+0000] {dag.py:4180} INFO - Setting next_dagrun for my_dag to None, run_after=None
[2026-07-18T12:38:05.594+0000] {processor.py:208} INFO - Processing /opt/airflow/dags/my_tasks.py took 0.058 seconds
[2026-07-18T12:38:35.824+0000] {processor.py:186} INFO - Started process (PID=518) to work on /opt/airflow/dags/my_tasks.py
[2026-07-18T12:38:35.831+0000] {processor.py:914} INFO - Processing file /opt/airflow/dags/my_tasks.py for tasks to queue
[2026-07-18T12:38:35.833+0000] {logging_mixin.py:190} INFO - [2026-07-18T12:38:35.832+0000] {dagbag.py:588} INFO - Filling up the DagBag from /opt/airflow/dags/my_tasks.py
[2026-07-18T12:38:35.841+0000] {processor.py:925} INFO - DAG(s) 'my_dag' retrieved from /opt/airflow/dags/my_tasks.py
[2026-07-18T12:38:35.859+0000] {logging_mixin.py:190} INFO - [2026-07-18T12:38:35.859+0000] {dag.py:3239} INFO - Sync 1 DAGs
[2026-07-18T12:38:35.875+0000] {logging_mixin.py:190} INFO - [2026-07-18T12:38:35.875+0000] {dag.py:4180} INFO - Setting next_dagrun for my_dag to None, run_after=None
[2026-07-18T12:38:35.889+0000] {processor.py:208} INFO - Processing /opt/airflow/dags/my_tasks.py took 0.069 seconds
[2026-07-18T12:39:06.104+0000] {processor.py:186} INFO - Started process (PID=529) to work on /opt/airflow/dags/my_tasks.py
[2026-07-18T12:39:06.105+0000] {processor.py:914} INFO - Processing file /opt/airflow/dags/my_tasks.py for tasks to queue
[2026-07-18T12:39:06.106+0000] {logging_mixin.py:190} INFO - [2026-07-18T12:39:06.106+0000] {dagbag.py:588} INFO - Filling up the DagBag from /opt/airflow/dags/my_tasks.py
[2026-07-18T12:39:06.111+0000] {processor.py:925} INFO - DAG(s) 'my_dag' retrieved from /opt/airflow/dags/my_tasks.py
[2026-07-18T12:39:06.127+0000] {logging_mixin.py:190} INFO - [2026-07-18T12:39:06.127+0000] {dag.py:3239} INFO - Sync 1 DAGs
[2026-07-18T12:39:06.142+0000] {logging_mixin.py:190} INFO - [2026-07-18T12:39:06.142+0000] {dag.py:4180} INFO - Setting next_dagrun for my_dag to None, run_after=None
[2026-07-18T12:39:06.156+0000] {processor.py:208} INFO - Processing /opt/airflow/dags/my_tasks.py took 0.056 seconds
[2026-07-18T12:39:36.388+0000] {processor.py:186} INFO - Started process (PID=540) to work on /opt/airflow/dags/my_tasks.py
[2026-07-18T12:39:36.389+0000] {processor.py:914} INFO - Processing file /opt/airflow/dags/my_tasks.py for tasks to queue
[2026-07-18T12:39:36.390+0000] {logging_mixin.py:190} INFO - [2026-07-18T12:39:36.390+0000] {dagbag.py:588} INFO - Filling up the DagBag from /opt/airflow/dags/my_tasks.py
[2026-07-18T12:39:36.395+0000] {processor.py:925} INFO - DAG(s) 'my_dag' retrieved from /opt/airflow/dags/my_tasks.py
[2026-07-18T12:39:36.411+0000] {logging_mixin.py:190} INFO - [2026-07-18T12:39:36.411+0000] {dag.py:3239} INFO - Sync 1 DAGs
[2026-07-18T12:39:36.427+0000] {logging_mixin.py:190} INFO - [2026-07-18T12:39:36.426+0000] {dag.py:4180} INFO - Setting next_dagrun for my_dag to None, run_after=None
[2026-07-18T12:39:36.441+0000] {processor.py:208} INFO - Processing /opt/airflow/dags/my_tasks.py took 0.057 seconds
[2026-07-18T12:40:06.658+0000] {processor.py:186} INFO - Started process (PID=551) to work on /opt/airflow/dags/my_tasks.py
[2026-07-18T12:40:06.658+0000] {processor.py:914} INFO - Processing file /opt/airflow/dags/my_tasks.py for tasks to queue
[2026-07-18T12:40:06.660+0000] {logging_mixin.py:190} INFO - [2026-07-18T12:40:06.659+0000] {dagbag.py:588} INFO - Filling up the DagBag from /opt/airflow/dags/my_tasks.py
[2026-07-18T12:40:06.664+0000] {processor.py:925} INFO - DAG(s) 'my_dag' retrieved from /opt/airflow/dags/my_tasks.py
[2026-07-18T12:40:06.681+0000] {logging_mixin.py:190} INFO - [2026-07-18T12:40:06.681+0000] {dag.py:3239} INFO - Sync 1 DAGs
[2026-07-18T12:40:06.696+0000] {logging_mixin.py:190} INFO - [2026-07-18T12:40:06.696+0000] {dag.py:4180} INFO - Setting next_dagrun for my_dag to None, run_after=None
[2026-07-18T12:40:06.710+0000] {processor.py:208} INFO - Processing /opt/airflow/dags/my_tasks.py took 0.056 seconds
[2026-07-18T12:40:36.906+0000] {processor.py:186} INFO - Started process (PID=562) to work on /opt/airflow/dags/my_tasks.py
[2026-07-18T12:40:36.906+0000] {processor.py:914} INFO - Processing file /opt/airflow/dags/my_tasks.py for tasks to queue
[2026-07-18T12:40:36.908+0000] {logging_mixin.py:190} INFO - [2026-07-18T12:40:36.908+0000] {dagbag.py:588} INFO - Filling up the DagBag from /opt/airflow/dags/my_tasks.py
[2026-07-18T12:40:36.912+0000] {processor.py:925} INFO - DAG(s) 'my_dag' retrieved from /opt/airflow/dags/my_tasks.py
[2026-07-18T12:40:36.930+0000] {logging_mixin.py:190} INFO - [2026-07-18T12:40:36.930+0000] {dag.py:3239} INFO - Sync 1 DAGs
[2026-07-18T12:40:36.947+0000] {logging_mixin.py:190} INFO - [2026-07-18T12:40:36.947+0000] {dag.py:4180} INFO - Setting next_dagrun for my_dag to None, run_after=None
[2026-07-18T12:40:36.961+0000] {processor.py:208} INFO - Processing /opt/airflow/dags/my_tasks.py took 0.060 seconds
[2026-07-18T12:41:07.159+0000] {processor.py:186} INFO - Started process (PID=573) to work on /opt/airflow/dags/my_tasks.py
[2026-07-18T12:41:07.159+0000] {processor.py:914} INFO - Processing file /opt/airflow/dags/my_tasks.py for tasks to queue
[2026-07-18T12:41:07.161+0000] {logging_mixin.py:190} INFO - [2026-07-18T12:41:07.161+0000] {dagbag.py:588} INFO - Filling up the DagBag from /opt/airflow/dags/my_tasks.py
[2026-07-18T12:41:07.167+0000] {processor.py:925} INFO - DAG(s) 'my_dag' retrieved from /opt/airflow/dags/my_tasks.py
[2026-07-18T12:41:07.183+0000] {logging_mixin.py:190} INFO - [2026-07-18T12:41:07.183+0000] {dag.py:3239} INFO - Sync 1 DAGs
[2026-07-18T12:41:07.199+0000] {logging_mixin.py:190} INFO - [2026-07-18T12:41:07.198+0000] {dag.py:4180} INFO - Setting next_dagrun for my_dag to None, run_after=None
[2026-07-18T12:41:07.212+0000] {processor.py:208} INFO - Processing /opt/airflow/dags/my_tasks.py took 0.058 seconds
[2026-07-18T12:41:37.426+0000] {processor.py:186} INFO - Started process (PID=584) to work on /opt/airflow/dags/my_tasks.py
[2026-07-18T12:41:37.432+0000] {processor.py:914} INFO - Processing file /opt/airflow/dags/my_tasks.py for tasks to queue
[2026-07-18T12:41:37.434+0000] {logging_mixin.py:190} INFO - [2026-07-18T12:41:37.433+0000] {dagbag.py:588} INFO - Filling up the DagBag from /opt/airflow/dags/my_tasks.py
[2026-07-18T12:41:37.441+0000] {processor.py:925} INFO - DAG(s) 'my_dag' retrieved from /opt/airflow/dags/my_tasks.py
[2026-07-18T12:41:37.458+0000] {logging_mixin.py:190} INFO - [2026-07-18T12:41:37.458+0000] {dag.py:3239} INFO - Sync 1 DAGs
[2026-07-18T12:41:37.474+0000] {logging_mixin.py:190} INFO - [2026-07-18T12:41:37.473+0000] {dag.py:4180} INFO - Setting next_dagrun for my_dag to None, run_after=None
[2026-07-18T12:41:37.487+0000] {processor.py:208} INFO - Processing /opt/airflow/dags/my_tasks.py took 0.065 seconds
[2026-07-18T12:42:07.698+0000] {processor.py:186} INFO - Started process (PID=595) to work on /opt/airflow/dags/my_tasks.py
[2026-07-18T12:42:07.699+0000] {processor.py:914} INFO - Processing file /opt/airflow/dags/my_tasks.py for tasks to queue
[2026-07-18T12:42:07.700+0000] {logging_mixin.py:190} INFO - [2026-07-18T12:42:07.700+0000] {dagbag.py:588} INFO - Filling up the DagBag from /opt/airflow/dags/my_tasks.py
[2026-07-18T12:42:07.705+0000] {processor.py:925} INFO - DAG(s) 'my_dag' retrieved from /opt/airflow/dags/my_tasks.py
[2026-07-18T12:42:07.722+0000] {logging_mixin.py:190} INFO - [2026-07-18T12:42:07.722+0000] {dag.py:3239} INFO - Sync 1 DAGs
[2026-07-18T12:42:07.738+0000] {logging_mixin.py:190} INFO - [2026-07-18T12:42:07.738+0000] {dag.py:4180} INFO - Setting next_dagrun for my_dag to None, run_after=None
[2026-07-18T12:42:07.751+0000] {processor.py:208} INFO - Processing /opt/airflow/dags/my_tasks.py took 0.057 seconds
[2026-07-18T12:42:37.965+0000] {processor.py:186} INFO - Started process (PID=606) to work on /opt/airflow/dags/my_tasks.py
[2026-07-18T12:42:37.965+0000] {processor.py:914} INFO - Processing file /opt/airflow/dags/my_tasks.py for tasks to queue
[2026-07-18T12:42:37.967+0000] {logging_mixin.py:190} INFO - [2026-07-18T12:42:37.967+0000] {dagbag.py:588} INFO - Filling up the DagBag from /opt/airflow/dags/my_tasks.py
[2026-07-18T12:42:37.972+0000] {processor.py:925} INFO - DAG(s) 'my_dag' retrieved from /opt/airflow/dags/my_tasks.py
[2026-07-18T12:42:37.988+0000] {logging_mixin.py:190} INFO - [2026-07-18T12:42:37.988+0000] {dag.py:3239} INFO - Sync 1 DAGs
[2026-07-18T12:42:38.003+0000] {logging_mixin.py:190} INFO - [2026-07-18T12:42:38.003+0000] {dag.py:4180} INFO - Setting next_dagrun for my_dag to None, run_after=None
[2026-07-18T12:42:38.017+0000] {processor.py:208} INFO - Processing /opt/airflow/dags/my_tasks.py took 0.056 seconds
[2026-07-18T12:43:08.244+0000] {processor.py:186} INFO - Started process (PID=617) to work on /opt/airflow/dags/my_tasks.py
[2026-07-18T12:43:08.245+0000] {processor.py:914} INFO - Processing file /opt/airflow/dags/my_tasks.py for tasks to queue
[2026-07-18T12:43:08.246+0000] {logging_mixin.py:190} INFO - [2026-07-18T12:43:08.246+0000] {dagbag.py:588} INFO - Filling up the DagBag from /opt/airflow/dags/my_tasks.py
[2026-07-18T12:43:08.251+0000] {processor.py:925} INFO - DAG(s) 'my_dag' retrieved from /opt/airflow/dags/my_tasks.py
[2026-07-18T12:43:08.268+0000] {logging_mixin.py:190} INFO - [2026-07-18T12:43:08.267+0000] {dag.py:3239} INFO - Sync 1 DAGs
[2026-07-18T12:43:08.283+0000] {logging_mixin.py:190} INFO - [2026-07-18T12:43:08.283+0000] {dag.py:4180} INFO - Setting next_dagrun for my_dag to None, run_after=None
[2026-07-18T12:43:08.296+0000] {processor.py:208} INFO - Processing /opt/airflow/dags/my_tasks.py took 0.055 seconds
[2026-07-18T12:43:38.524+0000] {processor.py:186} INFO - Started process (PID=628) to work on /opt/airflow/dags/my_tasks.py
[2026-07-18T12:43:38.532+0000] {processor.py:914} INFO - Processing file /opt/airflow/dags/my_tasks.py for tasks to queue
[2026-07-18T12:43:38.535+0000] {logging_mixin.py:190} INFO - [2026-07-18T12:43:38.534+0000] {dagbag.py:588} INFO - Filling up the DagBag from /opt/airflow/dags/my_tasks.py
[2026-07-18T12:43:38.540+0000] {processor.py:925} INFO - DAG(s) 'my_dag' retrieved from /opt/airflow/dags/my_tasks.py
[2026-07-18T12:43:38.562+0000] {logging_mixin.py:190} INFO - [2026-07-18T12:43:38.561+0000] {dag.py:3239} INFO - Sync 1 DAGs
[2026-07-18T12:43:38.580+0000] {logging_mixin.py:190} INFO - [2026-07-18T12:43:38.580+0000] {dag.py:4180} INFO - Setting next_dagrun for my_dag to None, run_after=None
[2026-07-18T12:43:38.594+0000] {processor.py:208} INFO - Processing /opt/airflow/dags/my_tasks.py took 0.074 seconds
[2026-07-18T12:44:08.768+0000] {processor.py:186} INFO - Started process (PID=639) to work on /opt/airflow/dags/my_tasks.py
[2026-07-18T12:44:08.768+0000] {processor.py:914} INFO - Processing file /opt/airflow/dags/my_tasks.py for tasks to queue
[2026-07-18T12:44:08.769+0000] {logging_mixin.py:190} INFO - [2026-07-18T12:44:08.769+0000] {dagbag.py:588} INFO - Filling up the DagBag from /opt/airflow/dags/my_tasks.py
[2026-07-18T12:44:08.774+0000] {processor.py:925} INFO - DAG(s) 'my_dag' retrieved from /opt/airflow/dags/my_tasks.py
[2026-07-18T12:44:08.795+0000] {logging_mixin.py:190} INFO - [2026-07-18T12:44:08.795+0000] {dag.py:3239} INFO - Sync 1 DAGs
[2026-07-18T12:44:08.810+0000] {logging_mixin.py:190} INFO - [2026-07-18T12:44:08.810+0000] {dag.py:4180} INFO - Setting next_dagrun for my_dag to None, run_after=None
[2026-07-18T12:44:08.824+0000] {processor.py:208} INFO - Processing /opt/airflow/dags/my_tasks.py took 0.061 seconds
[2026-07-18T12:44:39.035+0000] {processor.py:186} INFO - Started process (PID=650) to work on /opt/airflow/dags/my_tasks.py
[2026-07-18T12:44:39.036+0000] {processor.py:914} INFO - Processing file /opt/airflow/dags/my_tasks.py for tasks to queue
[2026-07-18T12:44:39.038+0000] {logging_mixin.py:190} INFO - [2026-07-18T12:44:39.038+0000] {dagbag.py:588} INFO - Filling up the DagBag from /opt/airflow/dags/my_tasks.py
[2026-07-18T12:44:39.043+0000] {processor.py:925} INFO - DAG(s) 'my_dag' retrieved from /opt/airflow/dags/my_tasks.py
[2026-07-18T12:44:39.060+0000] {logging_mixin.py:190} INFO - [2026-07-18T12:44:39.060+0000] {dag.py:3239} INFO - Sync 1 DAGs
[2026-07-18T12:44:39.077+0000] {logging_mixin.py:190} INFO - [2026-07-18T12:44:39.077+0000] {dag.py:4180} INFO - Setting next_dagrun for my_dag to None, run_after=None
[2026-07-18T12:44:39.094+0000] {processor.py:208} INFO - Processing /opt/airflow/dags/my_tasks.py took 0.064 seconds
[2026-07-18T12:45:09.321+0000] {processor.py:186} INFO - Started process (PID=661) to work on /opt/airflow/dags/my_tasks.py
[2026-07-18T12:45:09.322+0000] {processor.py:914} INFO - Processing file /opt/airflow/dags/my_tasks.py for tasks to queue
[2026-07-18T12:45:09.323+0000] {logging_mixin.py:190} INFO - [2026-07-18T12:45:09.323+0000] {dagbag.py:588} INFO - Filling up the DagBag from /opt/airflow/dags/my_tasks.py
[2026-07-18T12:45:09.328+0000] {processor.py:925} INFO - DAG(s) 'my_dag' retrieved from /opt/airflow/dags/my_tasks.py
[2026-07-18T12:45:09.345+0000] {logging_mixin.py:190} INFO - [2026-07-18T12:45:09.345+0000] {dag.py:3239} INFO - Sync 1 DAGs
[2026-07-18T12:45:09.360+0000] {logging_mixin.py:190} INFO - [2026-07-18T12:45:09.360+0000] {dag.py:4180} INFO - Setting next_dagrun for my_dag to None, run_after=None
[2026-07-18T12:45:09.375+0000] {processor.py:208} INFO - Processing /opt/airflow/dags/my_tasks.py took 0.058 seconds
[2026-07-18T12:45:39.601+0000] {processor.py:186} INFO - Started process (PID=672) to work on /opt/airflow/dags/my_tasks.py
[2026-07-18T12:45:39.610+0000] {processor.py:914} INFO - Processing file /opt/airflow/dags/my_tasks.py for tasks to queue
[2026-07-18T12:45:39.612+0000] {logging_mixin.py:190} INFO - [2026-07-18T12:45:39.611+0000] {dagbag.py:588} INFO - Filling up the DagBag from /opt/airflow/dags/my_tasks.py
[2026-07-18T12:45:39.618+0000] {processor.py:925} INFO - DAG(s) 'my_dag' retrieved from /opt/airflow/dags/my_tasks.py
[2026-07-18T12:45:39.634+0000] {logging_mixin.py:190} INFO - [2026-07-18T12:45:39.634+0000] {dag.py:3239} INFO - Sync 1 DAGs
[2026-07-18T12:45:39.650+0000] {logging_mixin.py:190} INFO - [2026-07-18T12:45:39.650+0000] {dag.py:4180} INFO - Setting next_dagrun for my_dag to None, run_after=None
[2026-07-18T12:45:39.663+0000] {processor.py:208} INFO - Processing /opt/airflow/dags/my_tasks.py took 0.068 seconds
[2026-07-18T12:46:09.867+0000] {processor.py:186} INFO - Started process (PID=683) to work on /opt/airflow/dags/my_tasks.py
[2026-07-18T12:46:09.867+0000] {processor.py:914} INFO - Processing file /opt/airflow/dags/my_tasks.py for tasks to queue
[2026-07-18T12:46:09.869+0000] {logging_mixin.py:190} INFO - [2026-07-18T12:46:09.869+0000] {dagbag.py:588} INFO - Filling up the DagBag from /opt/airflow/dags/my_tasks.py
[2026-07-18T12:46:09.874+0000] {processor.py:925} INFO - DAG(s) 'my_dag' retrieved from /opt/airflow/dags/my_tasks.py
[2026-07-18T12:46:09.891+0000] {logging_mixin.py:190} INFO - [2026-07-18T12:46:09.890+0000] {dag.py:3239} INFO - Sync 1 DAGs
[2026-07-18T12:46:09.906+0000] {logging_mixin.py:190} INFO - [2026-07-18T12:46:09.906+0000] {dag.py:4180} INFO - Setting next_dagrun for my_dag to None, run_after=None
[2026-07-18T12:46:09.920+0000] {processor.py:208} INFO - Processing /opt/airflow/dags/my_tasks.py took 0.058 seconds
[2026-07-18T12:46:40.135+0000] {processor.py:186} INFO - Started process (PID=694) to work on /opt/airflow/dags/my_tasks.py
[2026-07-18T12:46:40.142+0000] {processor.py:914} INFO - Processing file /opt/airflow/dags/my_tasks.py for tasks to queue
[2026-07-18T12:46:40.145+0000] {logging_mixin.py:190} INFO - [2026-07-18T12:46:40.144+0000] {dagbag.py:588} INFO - Filling up the DagBag from /opt/airflow/dags/my_tasks.py
[2026-07-18T12:46:40.152+0000] {processor.py:925} INFO - DAG(s) 'my_dag' retrieved from /opt/airflow/dags/my_tasks.py
[2026-07-18T12:46:40.170+0000] {logging_mixin.py:190} INFO - [2026-07-18T12:46:40.170+0000] {dag.py:3239} INFO - Sync 1 DAGs
[2026-07-18T12:46:40.185+0000] {logging_mixin.py:190} INFO - [2026-07-18T12:46:40.185+0000] {dag.py:4180} INFO - Setting next_dagrun for my_dag to None, run_after=None
[2026-07-18T12:46:40.199+0000] {processor.py:208} INFO - Processing /opt/airflow/dags/my_tasks.py took 0.068 seconds
[2026-07-18T12:47:10.407+0000] {processor.py:186} INFO - Started process (PID=705) to work on /opt/airflow/dags/my_tasks.py
[2026-07-18T12:47:10.407+0000] {processor.py:914} INFO - Processing file /opt/airflow/dags/my_tasks.py for tasks to queue
[2026-07-18T12:47:10.409+0000] {logging_mixin.py:190} INFO - [2026-07-18T12:47:10.408+0000] {dagbag.py:588} INFO - Filling up the DagBag from /opt/airflow/dags/my_tasks.py
[2026-07-18T12:47:10.413+0000] {processor.py:925} INFO - DAG(s) 'my_dag' retrieved from /opt/airflow/dags/my_tasks.py
[2026-07-18T12:47:10.430+0000] {logging_mixin.py:190} INFO - [2026-07-18T12:47:10.430+0000] {dag.py:3239} INFO - Sync 1 DAGs
[2026-07-18T12:47:10.446+0000] {logging_mixin.py:190} INFO - [2026-07-18T12:47:10.445+0000] {dag.py:4180} INFO - Setting next_dagrun for my_dag to None, run_after=None
[2026-07-18T12:47:10.460+0000] {processor.py:208} INFO - Processing /opt/airflow/dags/my_tasks.py took 0.057 seconds
[2026-07-18T12:47:40.683+0000] {processor.py:186} INFO - Started process (PID=716) to work on /opt/airflow/dags/my_tasks.py
[2026-07-18T12:47:40.691+0000] {processor.py:914} INFO - Processing file /opt/airflow/dags/my_tasks.py for tasks to queue
[2026-07-18T12:47:40.694+0000] {logging_mixin.py:190} INFO - [2026-07-18T12:47:40.693+0000] {dagbag.py:588} INFO - Filling up the DagBag from /opt/airflow/dags/my_tasks.py
[2026-07-18T12:47:40.700+0000] {processor.py:925} INFO - DAG(s) 'my_dag' retrieved from /opt/airflow/dags/my_tasks.py
[2026-07-18T12:47:40.717+0000] {logging_mixin.py:190} INFO - [2026-07-18T12:47:40.717+0000] {dag.py:3239} INFO - Sync 1 DAGs
[2026-07-18T12:47:40.733+0000] {logging_mixin.py:190} INFO - [2026-07-18T12:47:40.733+0000] {dag.py:4180} INFO - Setting next_dagrun for my_dag to None, run_after=None
[2026-07-18T12:47:40.748+0000] {processor.py:208} INFO - Processing /opt/airflow/dags/my_tasks.py took 0.068 seconds
[2026-07-18T12:48:10.964+0000] {processor.py:186} INFO - Started process (PID=727) to work on /opt/airflow/dags/my_tasks.py
[2026-07-18T12:48:10.965+0000] {processor.py:914} INFO - Processing file /opt/airflow/dags/my_tasks.py for tasks to queue
[2026-07-18T12:48:10.967+0000] {logging_mixin.py:190} INFO - [2026-07-18T12:48:10.967+0000] {dagbag.py:588} INFO - Filling up the DagBag from /opt/airflow/dags/my_tasks.py
[2026-07-18T12:48:10.972+0000] {processor.py:925} INFO - DAG(s) 'my_dag' retrieved from /opt/airflow/dags/my_tasks.py
[2026-07-18T12:48:10.989+0000] {logging_mixin.py:190} INFO - [2026-07-18T12:48:10.989+0000] {dag.py:3239} INFO - Sync 1 DAGs
[2026-07-18T12:48:11.005+0000] {logging_mixin.py:190} INFO - [2026-07-18T12:48:11.005+0000] {dag.py:4180} INFO - Setting next_dagrun for my_dag to None, run_after=None
[2026-07-18T12:48:11.018+0000] {processor.py:208} INFO - Processing /opt/airflow/dags/my_tasks.py took 0.057 seconds
[2026-07-18T12:48:41.230+0000] {processor.py:186} INFO - Started process (PID=738) to work on /opt/airflow/dags/my_tasks.py
[2026-07-18T12:48:41.238+0000] {processor.py:914} INFO - Processing file /opt/airflow/dags/my_tasks.py for tasks to queue
[2026-07-18T12:48:41.240+0000] {logging_mixin.py:190} INFO - [2026-07-18T12:48:41.240+0000] {dagbag.py:588} INFO - Filling up the DagBag from /opt/airflow/dags/my_tasks.py
[2026-07-18T12:48:41.247+0000] {processor.py:925} INFO - DAG(s) 'my_dag' retrieved from /opt/airflow/dags/my_tasks.py
[2026-07-18T12:48:41.264+0000] {logging_mixin.py:190} INFO - [2026-07-18T12:48:41.264+0000] {dag.py:3239} INFO - Sync 1 DAGs
[2026-07-18T12:48:41.279+0000] {logging_mixin.py:190} INFO - [2026-07-18T12:48:41.279+0000] {dag.py:4180} INFO - Setting next_dagrun for my_dag to None, run_after=None
[2026-07-18T12:48:41.293+0000] {processor.py:208} INFO - Processing /opt/airflow/dags/my_tasks.py took 0.067 seconds
[2026-07-18T12:49:11.507+0000] {processor.py:186} INFO - Started process (PID=749) to work on /opt/airflow/dags/my_tasks.py
[2026-07-18T12:49:11.507+0000] {processor.py:914} INFO - Processing file /opt/airflow/dags/my_tasks.py for tasks to queue
[2026-07-18T12:49:11.509+0000] {logging_mixin.py:190} INFO - [2026-07-18T12:49:11.508+0000] {dagbag.py:588} INFO - Filling up the DagBag from /opt/airflow/dags/my_tasks.py
[2026-07-18T12:49:11.514+0000] {processor.py:925} INFO - DAG(s) 'my_dag' retrieved from /opt/airflow/dags/my_tasks.py
[2026-07-18T12:49:11.531+0000] {logging_mixin.py:190} INFO - [2026-07-18T12:49:11.531+0000] {dag.py:3239} INFO - Sync 1 DAGs
[2026-07-18T12:49:11.547+0000] {logging_mixin.py:190} INFO - [2026-07-18T12:49:11.547+0000] {dag.py:4180} INFO - Setting next_dagrun for my_dag to None, run_after=None
[2026-07-18T12:49:11.562+0000] {processor.py:208} INFO - Processing /opt/airflow/dags/my_tasks.py took 0.059 seconds
[2026-07-18T12:49:41.793+0000] {processor.py:186} INFO - Started process (PID=760) to work on /opt/airflow/dags/my_tasks.py
[2026-07-18T12:49:41.800+0000] {processor.py:914} INFO - Processing file /opt/airflow/dags/my_tasks.py for tasks to queue
[2026-07-18T12:49:41.802+0000] {logging_mixin.py:190} INFO - [2026-07-18T12:49:41.802+0000] {dagbag.py:588} INFO - Filling up the DagBag from /opt/airflow/dags/my_tasks.py
[2026-07-18T12:49:41.810+0000] {processor.py:925} INFO - DAG(s) 'my_dag' retrieved from /opt/airflow/dags/my_tasks.py
[2026-07-18T12:49:41.827+0000] {logging_mixin.py:190} INFO - [2026-07-18T12:49:41.827+0000] {dag.py:3239} INFO - Sync 1 DAGs
[2026-07-18T12:49:41.842+0000] {logging_mixin.py:190} INFO - [2026-07-18T12:49:41.842+0000] {dag.py:4180} INFO - Setting next_dagrun for my_dag to None, run_after=None
[2026-07-18T12:49:41.856+0000] {processor.py:208} INFO - Processing /opt/airflow/dags/my_tasks.py took 0.068 seconds
[2026-07-18T12:50:12.037+0000] {processor.py:186} INFO - Started process (PID=771) to work on /opt/airflow/dags/my_tasks.py
[2026-07-18T12:50:12.038+0000] {processor.py:914} INFO - Processing file /opt/airflow/dags/my_tasks.py for tasks to queue
[2026-07-18T12:50:12.040+0000] {logging_mixin.py:190} INFO - [2026-07-18T12:50:12.040+0000] {dagbag.py:588} INFO - Filling up the DagBag from /opt/airflow/dags/my_tasks.py
[2026-07-18T12:50:12.045+0000] {processor.py:925} INFO - DAG(s) 'my_dag' retrieved from /opt/airflow/dags/my_tasks.py
[2026-07-18T12:50:12.062+0000] {logging_mixin.py:190} INFO - [2026-07-18T12:50:12.062+0000] {dag.py:3239} INFO - Sync 1 DAGs
[2026-07-18T12:50:12.077+0000] {logging_mixin.py:190} INFO - [2026-07-18T12:50:12.077+0000] {dag.py:4180} INFO - Setting next_dagrun for my_dag to None, run_after=None
[2026-07-18T12:50:12.091+0000] {processor.py:208} INFO - Processing /opt/airflow/dags/my_tasks.py took 0.057 seconds
[2026-07-18T12:50:42.320+0000] {processor.py:186} INFO - Started process (PID=782) to work on /opt/airflow/dags/my_tasks.py
[2026-07-18T12:50:42.321+0000] {processor.py:914} INFO - Processing file /opt/airflow/dags/my_tasks.py for tasks to queue
[2026-07-18T12:50:42.322+0000] {logging_mixin.py:190} INFO - [2026-07-18T12:50:42.322+0000] {dagbag.py:588} INFO - Filling up the DagBag from /opt/airflow/dags/my_tasks.py
[2026-07-18T12:50:42.327+0000] {processor.py:925} INFO - DAG(s) 'my_dag' retrieved from /opt/airflow/dags/my_tasks.py
[2026-07-18T12:50:42.344+0000] {logging_mixin.py:190} INFO - [2026-07-18T12:50:42.344+0000] {dag.py:3239} INFO - Sync 1 DAGs
[2026-07-18T12:50:42.359+0000] {logging_mixin.py:190} INFO - [2026-07-18T12:50:42.359+0000] {dag.py:4180} INFO - Setting next_dagrun for my_dag to None, run_after=None
[2026-07-18T12:50:42.374+0000] {processor.py:208} INFO - Processing /opt/airflow/dags/my_tasks.py took 0.058 seconds
[2026-07-18T12:51:12.602+0000] {processor.py:186} INFO - Started process (PID=793) to work on /opt/airflow/dags/my_tasks.py
[2026-07-18T12:51:12.603+0000] {processor.py:914} INFO - Processing file /opt/airflow/dags/my_tasks.py for tasks to queue
[2026-07-18T12:51:12.604+0000] {logging_mixin.py:190} INFO - [2026-07-18T12:51:12.604+0000] {dagbag.py:588} INFO - Filling up the DagBag from /opt/airflow/dags/my_tasks.py
[2026-07-18T12:51:12.610+0000] {processor.py:925} INFO - DAG(s) 'my_dag' retrieved from /opt/airflow/dags/my_tasks.py
[2026-07-18T12:51:12.626+0000] {logging_mixin.py:190} INFO - [2026-07-18T12:51:12.626+0000] {dag.py:3239} INFO - Sync 1 DAGs
[2026-07-18T12:51:12.642+0000] {logging_mixin.py:190} INFO - [2026-07-18T12:51:12.641+0000] {dag.py:4180} INFO - Setting next_dagrun for my_dag to None, run_after=None
[2026-07-18T12:51:12.655+0000] {processor.py:208} INFO - Processing /opt/airflow/dags/my_tasks.py took 0.057 seconds
[2026-07-18T12:51:42.881+0000] {processor.py:186} INFO - Started process (PID=804) to work on /opt/airflow/dags/my_tasks.py
[2026-07-18T12:51:42.881+0000] {processor.py:914} INFO - Processing file /opt/airflow/dags/my_tasks.py for tasks to queue
[2026-07-18T12:51:42.883+0000] {logging_mixin.py:190} INFO - [2026-07-18T12:51:42.883+0000] {dagbag.py:588} INFO - Filling up the DagBag from /opt/airflow/dags/my_tasks.py
[2026-07-18T12:51:42.887+0000] {processor.py:925} INFO - DAG(s) 'my_dag' retrieved from /opt/airflow/dags/my_tasks.py
[2026-07-18T12:51:42.906+0000] {logging_mixin.py:190} INFO - [2026-07-18T12:51:42.906+0000] {dag.py:3239} INFO - Sync 1 DAGs
[2026-07-18T12:51:42.923+0000] {logging_mixin.py:190} INFO - [2026-07-18T12:51:42.922+0000] {dag.py:4180} INFO - Setting next_dagrun for my_dag to None, run_after=None
[2026-07-18T12:51:42.937+0000] {processor.py:208} INFO - Processing /opt/airflow/dags/my_tasks.py took 0.061 seconds
[2026-07-18T12:52:13.157+0000] {processor.py:186} INFO - Started process (PID=815) to work on /opt/airflow/dags/my_tasks.py
[2026-07-18T12:52:13.157+0000] {processor.py:914} INFO - Processing file /opt/airflow/dags/my_tasks.py for tasks to queue
[2026-07-18T12:52:13.158+0000] {logging_mixin.py:190} INFO - [2026-07-18T12:52:13.158+0000] {dagbag.py:588} INFO - Filling up the DagBag from /opt/airflow/dags/my_tasks.py
[2026-07-18T12:52:13.164+0000] {processor.py:925} INFO - DAG(s) 'my_dag' retrieved from /opt/airflow/dags/my_tasks.py
[2026-07-18T12:52:13.180+0000] {logging_mixin.py:190} INFO - [2026-07-18T12:52:13.180+0000] {dag.py:3239} INFO - Sync 1 DAGs
[2026-07-18T12:52:13.196+0000] {logging_mixin.py:190} INFO - [2026-07-18T12:52:13.195+0000] {dag.py:4180} INFO - Setting next_dagrun for my_dag to None, run_after=None
[2026-07-18T12:52:13.209+0000] {processor.py:208} INFO - Processing /opt/airflow/dags/my_tasks.py took 0.056 seconds
[2026-07-18T12:52:43.419+0000] {processor.py:186} INFO - Started process (PID=826) to work on /opt/airflow/dags/my_tasks.py
[2026-07-18T12:52:43.419+0000] {processor.py:914} INFO - Processing file /opt/airflow/dags/my_tasks.py for tasks to queue
[2026-07-18T12:52:43.421+0000] {logging_mixin.py:190} INFO - [2026-07-18T12:52:43.421+0000] {dagbag.py:588} INFO - Filling up the DagBag from /opt/airflow/dags/my_tasks.py
[2026-07-18T12:52:43.425+0000] {processor.py:925} INFO - DAG(s) 'my_dag' retrieved from /opt/airflow/dags/my_tasks.py
[2026-07-18T12:52:43.442+0000] {logging_mixin.py:190} INFO - [2026-07-18T12:52:43.442+0000] {dag.py:3239} INFO - Sync 1 DAGs
[2026-07-18T12:52:43.457+0000] {logging_mixin.py:190} INFO - [2026-07-18T12:52:43.457+0000] {dag.py:4180} INFO - Setting next_dagrun for my_dag to None, run_after=None
[2026-07-18T12:52:43.471+0000] {processor.py:208} INFO - Processing /opt/airflow/dags/my_tasks.py took 0.056 seconds
[2026-07-18T12:53:13.669+0000] {processor.py:186} INFO - Started process (PID=837) to work on /opt/airflow/dags/my_tasks.py
[2026-07-18T12:53:13.671+0000] {processor.py:914} INFO - Processing file /opt/airflow/dags/my_tasks.py for tasks to queue
[2026-07-18T12:53:13.673+0000] {logging_mixin.py:190} INFO - [2026-07-18T12:53:13.673+0000] {dagbag.py:588} INFO - Filling up the DagBag from /opt/airflow/dags/my_tasks.py
[2026-07-18T12:53:13.678+0000] {processor.py:925} INFO - DAG(s) 'my_dag' retrieved from /opt/airflow/dags/my_tasks.py
[2026-07-18T12:53:13.695+0000] {logging_mixin.py:190} INFO - [2026-07-18T12:53:13.695+0000] {dag.py:3239} INFO - Sync 1 DAGs
[2026-07-18T12:53:13.711+0000] {logging_mixin.py:190} INFO - [2026-07-18T12:53:13.711+0000] {dag.py:4180} INFO - Setting next_dagrun for my_dag to None, run_after=None
[2026-07-18T12:53:13.725+0000] {processor.py:208} INFO - Processing /opt/airflow/dags/my_tasks.py took 0.061 seconds
[2026-07-18T12:53:43.939+0000] {processor.py:186} INFO - Started process (PID=848) to work on /opt/airflow/dags/my_tasks.py
[2026-07-18T12:53:43.939+0000] {processor.py:914} INFO - Processing file /opt/airflow/dags/my_tasks.py for tasks to queue
[2026-07-18T12:53:43.941+0000] {logging_mixin.py:190} INFO - [2026-07-18T12:53:43.941+0000] {dagbag.py:588} INFO - Filling up the DagBag from /opt/airflow/dags/my_tasks.py
[2026-07-18T12:53:43.947+0000] {processor.py:925} INFO - DAG(s) 'my_dag' retrieved from /opt/airflow/dags/my_tasks.py
[2026-07-18T12:53:43.964+0000] {logging_mixin.py:190} INFO - [2026-07-18T12:53:43.964+0000] {dag.py:3239} INFO - Sync 1 DAGs
[2026-07-18T12:53:43.980+0000] {logging_mixin.py:190} INFO - [2026-07-18T12:53:43.979+0000] {dag.py:4180} INFO - Setting next_dagrun for my_dag to None, run_after=None
[2026-07-18T12:53:43.994+0000] {processor.py:208} INFO - Processing /opt/airflow/dags/my_tasks.py took 0.059 seconds
[2026-07-18T12:54:14.186+0000] {processor.py:186} INFO - Started process (PID=859) to work on /opt/airflow/dags/my_tasks.py
[2026-07-18T12:54:14.187+0000] {processor.py:914} INFO - Processing file /opt/airflow/dags/my_tasks.py for tasks to queue
[2026-07-18T12:54:14.189+0000] {logging_mixin.py:190} INFO - [2026-07-18T12:54:14.188+0000] {dagbag.py:588} INFO - Filling up the DagBag from /opt/airflow/dags/my_tasks.py
[2026-07-18T12:54:14.193+0000] {processor.py:925} INFO - DAG(s) 'my_dag' retrieved from /opt/airflow/dags/my_tasks.py
[2026-07-18T12:54:14.210+0000] {logging_mixin.py:190} INFO - [2026-07-18T12:54:14.210+0000] {dag.py:3239} INFO - Sync 1 DAGs
[2026-07-18T12:54:14.225+0000] {logging_mixin.py:190} INFO - [2026-07-18T12:54:14.225+0000] {dag.py:4180} INFO - Setting next_dagrun for my_dag to None, run_after=None
[2026-07-18T12:54:14.239+0000] {processor.py:208} INFO - Processing /opt/airflow/dags/my_tasks.py took 0.056 seconds
[2026-07-18T12:54:44.485+0000] {processor.py:186} INFO - Started process (PID=870) to work on /opt/airflow/dags/my_tasks.py
[2026-07-18T12:54:44.485+0000] {processor.py:914} INFO - Processing file /opt/airflow/dags/my_tasks.py for tasks to queue
[2026-07-18T12:54:44.486+0000] {logging_mixin.py:190} INFO - [2026-07-18T12:54:44.486+0000] {dagbag.py:588} INFO - Filling up the DagBag from /opt/airflow/dags/my_tasks.py
[2026-07-18T12:54:44.491+0000] {processor.py:925} INFO - DAG(s) 'my_dag' retrieved from /opt/airflow/dags/my_tasks.py
[2026-07-18T12:54:44.508+0000] {logging_mixin.py:190} INFO - [2026-07-18T12:54:44.508+0000] {dag.py:3239} INFO - Sync 1 DAGs
[2026-07-18T12:54:44.523+0000] {logging_mixin.py:190} INFO - [2026-07-18T12:54:44.523+0000] {dag.py:4180} INFO - Setting next_dagrun for my_dag to None, run_after=None
[2026-07-18T12:54:44.536+0000] {processor.py:208} INFO - Processing /opt/airflow/dags/my_tasks.py took 0.056 seconds
[2026-07-18T12:55:14.765+0000] {processor.py:186} INFO - Started process (PID=881) to work on /opt/airflow/dags/my_tasks.py
[2026-07-18T12:55:14.772+0000] {processor.py:914} INFO - Processing file /opt/airflow/dags/my_tasks.py for tasks to queue
[2026-07-18T12:55:14.775+0000] {logging_mixin.py:190} INFO - [2026-07-18T12:55:14.774+0000] {dagbag.py:588} INFO - Filling up the DagBag from /opt/airflow/dags/my_tasks.py
[2026-07-18T12:55:14.783+0000] {processor.py:925} INFO - DAG(s) 'my_dag' retrieved from /opt/airflow/dags/my_tasks.py
[2026-07-18T12:55:14.800+0000] {logging_mixin.py:190} INFO - [2026-07-18T12:55:14.800+0000] {dag.py:3239} INFO - Sync 1 DAGs
[2026-07-18T12:55:14.816+0000] {logging_mixin.py:190} INFO - [2026-07-18T12:55:14.815+0000] {dag.py:4180} INFO - Setting next_dagrun for my_dag to None, run_after=None
[2026-07-18T12:55:14.830+0000] {processor.py:208} INFO - Processing /opt/airflow/dags/my_tasks.py took 0.069 seconds
[2026-07-18T12:55:45.048+0000] {processor.py:186} INFO - Started process (PID=892) to work on /opt/airflow/dags/my_tasks.py
[2026-07-18T12:55:45.048+0000] {processor.py:914} INFO - Processing file /opt/airflow/dags/my_tasks.py for tasks to queue
[2026-07-18T12:55:45.050+0000] {logging_mixin.py:190} INFO - [2026-07-18T12:55:45.050+0000] {dagbag.py:588} INFO - Filling up the DagBag from /opt/airflow/dags/my_tasks.py
[2026-07-18T12:55:45.055+0000] {processor.py:925} INFO - DAG(s) 'my_dag' retrieved from /opt/airflow/dags/my_tasks.py
[2026-07-18T12:55:45.071+0000] {logging_mixin.py:190} INFO - [2026-07-18T12:55:45.071+0000] {dag.py:3239} INFO - Sync 1 DAGs
[2026-07-18T12:55:45.087+0000] {logging_mixin.py:190} INFO - [2026-07-18T12:55:45.086+0000] {dag.py:4180} INFO - Setting next_dagrun for my_dag to None, run_after=None
[2026-07-18T12:55:45.101+0000] {processor.py:208} INFO - Processing /opt/airflow/dags/my_tasks.py took 0.057 seconds
[2026-07-18T12:56:15.307+0000] {processor.py:186} INFO - Started process (PID=903) to work on /opt/airflow/dags/my_tasks.py
[2026-07-18T12:56:15.315+0000] {processor.py:914} INFO - Processing file /opt/airflow/dags/my_tasks.py for tasks to queue
[2026-07-18T12:56:15.317+0000] {logging_mixin.py:190} INFO - [2026-07-18T12:56:15.316+0000] {dagbag.py:588} INFO - Filling up the DagBag from /opt/airflow/dags/my_tasks.py
[2026-07-18T12:56:15.325+0000] {processor.py:925} INFO - DAG(s) 'my_dag' retrieved from /opt/airflow/dags/my_tasks.py
[2026-07-18T12:56:15.346+0000] {logging_mixin.py:190} INFO - [2026-07-18T12:56:15.346+0000] {dag.py:3239} INFO - Sync 1 DAGs
[2026-07-18T12:56:15.361+0000] {logging_mixin.py:190} INFO - [2026-07-18T12:56:15.361+0000] {dag.py:4180} INFO - Setting next_dagrun for my_dag to None, run_after=None
[2026-07-18T12:56:15.375+0000] {processor.py:208} INFO - Processing /opt/airflow/dags/my_tasks.py took 0.073 seconds
[2026-07-18T12:56:45.571+0000] {processor.py:186} INFO - Started process (PID=914) to work on /opt/airflow/dags/my_tasks.py
[2026-07-18T12:56:45.571+0000] {processor.py:914} INFO - Processing file /opt/airflow/dags/my_tasks.py for tasks to queue
[2026-07-18T12:56:45.572+0000] {logging_mixin.py:190} INFO - [2026-07-18T12:56:45.572+0000] {dagbag.py:588} INFO - Filling up the DagBag from /opt/airflow/dags/my_tasks.py
[2026-07-18T12:56:45.577+0000] {processor.py:925} INFO - DAG(s) 'my_dag' retrieved from /opt/airflow/dags/my_tasks.py
[2026-07-18T12:56:45.593+0000] {logging_mixin.py:190} INFO - [2026-07-18T12:56:45.593+0000] {dag.py:3239} INFO - Sync 1 DAGs
[2026-07-18T12:56:45.609+0000] {logging_mixin.py:190} INFO - [2026-07-18T12:56:45.609+0000] {dag.py:4180} INFO - Setting next_dagrun for my_dag to None, run_after=None
[2026-07-18T12:56:45.622+0000] {processor.py:208} INFO - Processing /opt/airflow/dags/my_tasks.py took 0.055 seconds
[2026-07-18T12:57:15.851+0000] {processor.py:186} INFO - Started process (PID=925) to work on /opt/airflow/dags/my_tasks.py
[2026-07-18T12:57:15.859+0000] {processor.py:914} INFO - Processing file /opt/airflow/dags/my_tasks.py for tasks to queue
[2026-07-18T12:57:15.862+0000] {logging_mixin.py:190} INFO - [2026-07-18T12:57:15.861+0000] {dagbag.py:588} INFO - Filling up the DagBag from /opt/airflow/dags/my_tasks.py
[2026-07-18T12:57:15.870+0000] {processor.py:925} INFO - DAG(s) 'my_dag' retrieved from /opt/airflow/dags/my_tasks.py
[2026-07-18T12:57:15.887+0000] {logging_mixin.py:190} INFO - [2026-07-18T12:57:15.887+0000] {dag.py:3239} INFO - Sync 1 DAGs
[2026-07-18T12:57:15.902+0000] {logging_mixin.py:190} INFO - [2026-07-18T12:57:15.902+0000] {dag.py:4180} INFO - Setting next_dagrun for my_dag to None, run_after=None
[2026-07-18T12:57:15.916+0000] {processor.py:208} INFO - Processing /opt/airflow/dags/my_tasks.py took 0.070 seconds
[2026-07-18T12:57:46.136+0000] {processor.py:186} INFO - Started process (PID=936) to work on /opt/airflow/dags/my_tasks.py
[2026-07-18T12:57:46.137+0000] {processor.py:914} INFO - Processing file /opt/airflow/dags/my_tasks.py for tasks to queue
[2026-07-18T12:57:46.138+0000] {logging_mixin.py:190} INFO - [2026-07-18T12:57:46.138+0000] {dagbag.py:588} INFO - Filling up the DagBag from /opt/airflow/dags/my_tasks.py
[2026-07-18T12:57:46.143+0000] {processor.py:925} INFO - DAG(s) 'my_dag' retrieved from /opt/airflow/dags/my_tasks.py
[2026-07-18T12:57:46.160+0000] {logging_mixin.py:190} INFO - [2026-07-18T12:57:46.160+0000] {dag.py:3239} INFO - Sync 1 DAGs
[2026-07-18T12:57:46.175+0000] {logging_mixin.py:190} INFO - [2026-07-18T12:57:46.175+0000] {dag.py:4180} INFO - Setting next_dagrun for my_dag to None, run_after=None
[2026-07-18T12:57:46.189+0000] {processor.py:208} INFO - Processing /opt/airflow/dags/my_tasks.py took 0.057 seconds
[2026-07-18T12:58:16.403+0000] {processor.py:186} INFO - Started process (PID=947) to work on /opt/airflow/dags/my_tasks.py
[2026-07-18T12:58:16.403+0000] {processor.py:914} INFO - Processing file /opt/airflow/dags/my_tasks.py for tasks to queue
[2026-07-18T12:58:16.404+0000] {logging_mixin.py:190} INFO - [2026-07-18T12:58:16.404+0000] {dagbag.py:588} INFO - Filling up the DagBag from /opt/airflow/dags/my_tasks.py
[2026-07-18T12:58:16.409+0000] {processor.py:925} INFO - DAG(s) 'my_dag' retrieved from /opt/airflow/dags/my_tasks.py
[2026-07-18T12:58:16.425+0000] {logging_mixin.py:190} INFO - [2026-07-18T12:58:16.425+0000] {dag.py:3239} INFO - Sync 1 DAGs
[2026-07-18T12:58:16.441+0000] {logging_mixin.py:190} INFO - [2026-07-18T12:58:16.441+0000] {dag.py:4180} INFO - Setting next_dagrun for my_dag to None, run_after=None
[2026-07-18T12:58:16.454+0000] {processor.py:208} INFO - Processing /opt/airflow/dags/my_tasks.py took 0.055 seconds
[2026-07-18T12:58:46.665+0000] {processor.py:186} INFO - Started process (PID=958) to work on /opt/airflow/dags/my_tasks.py
[2026-07-18T12:58:46.666+0000] {processor.py:914} INFO - Processing file /opt/airflow/dags/my_tasks.py for tasks to queue
[2026-07-18T12:58:46.667+0000] {logging_mixin.py:190} INFO - [2026-07-18T12:58:46.667+0000] {dagbag.py:588} INFO - Filling up the DagBag from /opt/airflow/dags/my_tasks.py
[2026-07-18T12:58:46.672+0000] {processor.py:925} INFO - DAG(s) 'my_dag' retrieved from /opt/airflow/dags/my_tasks.py
[2026-07-18T12:58:46.691+0000] {logging_mixin.py:190} INFO - [2026-07-18T12:58:46.690+0000] {dag.py:3239} INFO - Sync 1 DAGs
[2026-07-18T12:58:46.707+0000] {logging_mixin.py:190} INFO - [2026-07-18T12:58:46.706+0000] {dag.py:4180} INFO - Setting next_dagrun for my_dag to None, run_after=None
[2026-07-18T12:58:46.720+0000] {processor.py:208} INFO - Processing /opt/airflow/dags/my_tasks.py took 0.059 seconds
[2026-07-18T12:59:16.922+0000] {processor.py:186} INFO - Started process (PID=969) to work on /opt/airflow/dags/my_tasks.py
[2026-07-18T12:59:16.930+0000] {processor.py:914} INFO - Processing file /opt/airflow/dags/my_tasks.py for tasks to queue
[2026-07-18T12:59:16.932+0000] {logging_mixin.py:190} INFO - [2026-07-18T12:59:16.932+0000] {dagbag.py:588} INFO - Filling up the DagBag from /opt/airflow/dags/my_tasks.py
[2026-07-18T12:59:16.939+0000] {processor.py:925} INFO - DAG(s) 'my_dag' retrieved from /opt/airflow/dags/my_tasks.py
[2026-07-18T12:59:16.956+0000] {logging_mixin.py:190} INFO - [2026-07-18T12:59:16.956+0000] {dag.py:3239} INFO - Sync 1 DAGs
[2026-07-18T12:59:16.972+0000] {logging_mixin.py:190} INFO - [2026-07-18T12:59:16.972+0000] {dag.py:4180} INFO - Setting next_dagrun for my_dag to None, run_after=None
[2026-07-18T12:59:16.986+0000] {processor.py:208} INFO - Processing /opt/airflow/dags/my_tasks.py took 0.068 seconds
[2026-07-18T12:59:47.207+0000] {processor.py:186} INFO - Started process (PID=980) to work on /opt/airflow/dags/my_tasks.py
[2026-07-18T12:59:47.207+0000] {processor.py:914} INFO - Processing file /opt/airflow/dags/my_tasks.py for tasks to queue
[2026-07-18T12:59:47.209+0000] {logging_mixin.py:190} INFO - [2026-07-18T12:59:47.209+0000] {dagbag.py:588} INFO - Filling up the DagBag from /opt/airflow/dags/my_tasks.py
[2026-07-18T12:59:47.214+0000] {processor.py:925} INFO - DAG(s) 'my_dag' retrieved from /opt/airflow/dags/my_tasks.py
[2026-07-18T12:59:47.231+0000] {logging_mixin.py:190} INFO - [2026-07-18T12:59:47.230+0000] {dag.py:3239} INFO - Sync 1 DAGs
[2026-07-18T12:59:47.246+0000] {logging_mixin.py:190} INFO - [2026-07-18T12:59:47.246+0000] {dag.py:4180} INFO - Setting next_dagrun for my_dag to None, run_after=None
[2026-07-18T12:59:47.259+0000] {processor.py:208} INFO - Processing /opt/airflow/dags/my_tasks.py took 0.056 seconds
[2026-07-18T13:00:17.489+0000] {processor.py:186} INFO - Started process (PID=991) to work on /opt/airflow/dags/my_tasks.py
[2026-07-18T13:00:17.496+0000] {processor.py:914} INFO - Processing file /opt/airflow/dags/my_tasks.py for tasks to queue
[2026-07-18T13:00:17.498+0000] {logging_mixin.py:190} INFO - [2026-07-18T13:00:17.498+0000] {dagbag.py:588} INFO - Filling up the DagBag from /opt/airflow/dags/my_tasks.py
[2026-07-18T13:00:17.505+0000] {processor.py:925} INFO - DAG(s) 'my_dag' retrieved from /opt/airflow/dags/my_tasks.py
[2026-07-18T13:00:17.525+0000] {logging_mixin.py:190} INFO - [2026-07-18T13:00:17.525+0000] {dag.py:3239} INFO - Sync 1 DAGs
[2026-07-18T13:00:17.540+0000] {logging_mixin.py:190} INFO - [2026-07-18T13:00:17.540+0000] {dag.py:4180} INFO - Setting next_dagrun for my_dag to None, run_after=None
[2026-07-18T13:00:17.554+0000] {processor.py:208} INFO - Processing /opt/airflow/dags/my_tasks.py took 0.069 seconds
[2026-07-18T13:00:47.750+0000] {processor.py:186} INFO - Started process (PID=1002) to work on /opt/airflow/dags/my_tasks.py
[2026-07-18T13:00:47.750+0000] {processor.py:914} INFO - Processing file /opt/airflow/dags/my_tasks.py for tasks to queue
[2026-07-18T13:00:47.751+0000] {logging_mixin.py:190} INFO - [2026-07-18T13:00:47.751+0000] {dagbag.py:588} INFO - Filling up the DagBag from /opt/airflow/dags/my_tasks.py
[2026-07-18T13:00:47.756+0000] {processor.py:925} INFO - DAG(s) 'my_dag' retrieved from /opt/airflow/dags/my_tasks.py
[2026-07-18T13:00:47.773+0000] {logging_mixin.py:190} INFO - [2026-07-18T13:00:47.772+0000] {dag.py:3239} INFO - Sync 1 DAGs
[2026-07-18T13:00:47.788+0000] {logging_mixin.py:190} INFO - [2026-07-18T13:00:47.788+0000] {dag.py:4180} INFO - Setting next_dagrun for my_dag to None, run_after=None
[2026-07-18T13:00:47.802+0000] {processor.py:208} INFO - Processing /opt/airflow/dags/my_tasks.py took 0.056 seconds
[2026-07-18T13:01:18.014+0000] {processor.py:186} INFO - Started process (PID=1013) to work on /opt/airflow/dags/my_tasks.py
[2026-07-18T13:01:18.022+0000] {processor.py:914} INFO - Processing file /opt/airflow/dags/my_tasks.py for tasks to queue
[2026-07-18T13:01:18.025+0000] {logging_mixin.py:190} INFO - [2026-07-18T13:01:18.025+0000] {dagbag.py:588} INFO - Filling up the DagBag from /opt/airflow/dags/my_tasks.py
[2026-07-18T13:01:18.032+0000] {processor.py:925} INFO - DAG(s) 'my_dag' retrieved from /opt/airflow/dags/my_tasks.py
[2026-07-18T13:01:18.052+0000] {logging_mixin.py:190} INFO - [2026-07-18T13:01:18.051+0000] {dag.py:3239} INFO - Sync 1 DAGs
[2026-07-18T13:01:18.071+0000] {logging_mixin.py:190} INFO - [2026-07-18T13:01:18.071+0000] {dag.py:4180} INFO - Setting next_dagrun for my_dag to None, run_after=None
[2026-07-18T13:01:18.087+0000] {processor.py:208} INFO - Processing /opt/airflow/dags/my_tasks.py took 0.079 seconds
[2026-07-18T13:01:48.282+0000] {processor.py:186} INFO - Started process (PID=1024) to work on /opt/airflow/dags/my_tasks.py
[2026-07-18T13:01:48.283+0000] {processor.py:914} INFO - Processing file /opt/airflow/dags/my_tasks.py for tasks to queue
[2026-07-18T13:01:48.284+0000] {logging_mixin.py:190} INFO - [2026-07-18T13:01:48.284+0000] {dagbag.py:588} INFO - Filling up the DagBag from /opt/airflow/dags/my_tasks.py
[2026-07-18T13:01:48.288+0000] {processor.py:925} INFO - DAG(s) 'my_dag' retrieved from /opt/airflow/dags/my_tasks.py
[2026-07-18T13:01:48.308+0000] {logging_mixin.py:190} INFO - [2026-07-18T13:01:48.308+0000] {dag.py:3239} INFO - Sync 1 DAGs
[2026-07-18T13:01:48.330+0000] {logging_mixin.py:190} INFO - [2026-07-18T13:01:48.330+0000] {dag.py:4180} INFO - Setting next_dagrun for my_dag to None, run_after=None
[2026-07-18T13:01:48.350+0000] {processor.py:208} INFO - Processing /opt/airflow/dags/my_tasks.py took 0.074 seconds
[2026-07-18T13:02:18.547+0000] {processor.py:186} INFO - Started process (PID=1035) to work on /opt/airflow/dags/my_tasks.py
[2026-07-18T13:02:18.548+0000] {processor.py:914} INFO - Processing file /opt/airflow/dags/my_tasks.py for tasks to queue
[2026-07-18T13:02:18.549+0000] {logging_mixin.py:190} INFO - [2026-07-18T13:02:18.549+0000] {dagbag.py:588} INFO - Filling up the DagBag from /opt/airflow/dags/my_tasks.py
[2026-07-18T13:02:18.554+0000] {processor.py:925} INFO - DAG(s) 'my_dag' retrieved from /opt/airflow/dags/my_tasks.py
[2026-07-18T13:02:18.574+0000] {logging_mixin.py:190} INFO - [2026-07-18T13:02:18.574+0000] {dag.py:3239} INFO - Sync 1 DAGs
[2026-07-18T13:02:18.593+0000] {logging_mixin.py:190} INFO - [2026-07-18T13:02:18.593+0000] {dag.py:4180} INFO - Setting next_dagrun for my_dag to None, run_after=None
[2026-07-18T13:02:18.609+0000] {processor.py:208} INFO - Processing /opt/airflow/dags/my_tasks.py took 0.068 seconds
[2026-07-18T13:02:48.804+0000] {processor.py:186} INFO - Started process (PID=1046) to work on /opt/airflow/dags/my_tasks.py
[2026-07-18T13:02:48.804+0000] {processor.py:914} INFO - Processing file /opt/airflow/dags/my_tasks.py for tasks to queue
[2026-07-18T13:02:48.807+0000] {logging_mixin.py:190} INFO - [2026-07-18T13:02:48.806+0000] {dagbag.py:588} INFO - Filling up the DagBag from /opt/airflow/dags/my_tasks.py
[2026-07-18T13:02:48.813+0000] {processor.py:925} INFO - DAG(s) 'my_dag' retrieved from /opt/airflow/dags/my_tasks.py
[2026-07-18T13:02:48.831+0000] {logging_mixin.py:190} INFO - [2026-07-18T13:02:48.831+0000] {dag.py:3239} INFO - Sync 1 DAGs
[2026-07-18T13:02:48.847+0000] {logging_mixin.py:190} INFO - [2026-07-18T13:02:48.847+0000] {dag.py:4180} INFO - Setting next_dagrun for my_dag to None, run_after=None
[2026-07-18T13:02:48.861+0000] {processor.py:208} INFO - Processing /opt/airflow/dags/my_tasks.py took 0.062 seconds
[2026-07-18T13:03:19.071+0000] {processor.py:186} INFO - Started process (PID=1057) to work on /opt/airflow/dags/my_tasks.py
[2026-07-18T13:03:19.073+0000] {processor.py:914} INFO - Processing file /opt/airflow/dags/my_tasks.py for tasks to queue
[2026-07-18T13:03:19.075+0000] {logging_mixin.py:190} INFO - [2026-07-18T13:03:19.074+0000] {dagbag.py:588} INFO - Filling up the DagBag from /opt/airflow/dags/my_tasks.py
[2026-07-18T13:03:19.080+0000] {processor.py:925} INFO - DAG(s) 'my_dag' retrieved from /opt/airflow/dags/my_tasks.py
[2026-07-18T13:03:19.100+0000] {logging_mixin.py:190} INFO - [2026-07-18T13:03:19.099+0000] {dag.py:3239} INFO - Sync 1 DAGs
[2026-07-18T13:03:19.116+0000] {logging_mixin.py:190} INFO - [2026-07-18T13:03:19.116+0000] {dag.py:4180} INFO - Setting next_dagrun for my_dag to None, run_after=None
[2026-07-18T13:03:19.131+0000] {processor.py:208} INFO - Processing /opt/airflow/dags/my_tasks.py took 0.065 seconds
[2026-07-18T13:03:49.343+0000] {processor.py:186} INFO - Started process (PID=1068) to work on /opt/airflow/dags/my_tasks.py
[2026-07-18T13:03:49.344+0000] {processor.py:914} INFO - Processing file /opt/airflow/dags/my_tasks.py for tasks to queue
[2026-07-18T13:03:49.345+0000] {logging_mixin.py:190} INFO - [2026-07-18T13:03:49.345+0000] {dagbag.py:588} INFO - Filling up the DagBag from /opt/airflow/dags/my_tasks.py
[2026-07-18T13:03:49.350+0000] {processor.py:925} INFO - DAG(s) 'my_dag' retrieved from /opt/airflow/dags/my_tasks.py
[2026-07-18T13:03:49.367+0000] {logging_mixin.py:190} INFO - [2026-07-18T13:03:49.366+0000] {dag.py:3239} INFO - Sync 1 DAGs
[2026-07-18T13:03:49.382+0000] {logging_mixin.py:190} INFO - [2026-07-18T13:03:49.382+0000] {dag.py:4180} INFO - Setting next_dagrun for my_dag to None, run_after=None
[2026-07-18T13:03:49.396+0000] {processor.py:208} INFO - Processing /opt/airflow/dags/my_tasks.py took 0.057 seconds
[2026-07-18T13:04:19.616+0000] {processor.py:186} INFO - Started process (PID=1079) to work on /opt/airflow/dags/my_tasks.py
[2026-07-18T13:04:19.624+0000] {processor.py:914} INFO - Processing file /opt/airflow/dags/my_tasks.py for tasks to queue
[2026-07-18T13:04:19.626+0000] {logging_mixin.py:190} INFO - [2026-07-18T13:04:19.625+0000] {dagbag.py:588} INFO - Filling up the DagBag from /opt/airflow/dags/my_tasks.py
[2026-07-18T13:04:19.632+0000] {processor.py:925} INFO - DAG(s) 'my_dag' retrieved from /opt/airflow/dags/my_tasks.py
[2026-07-18T13:04:19.649+0000] {logging_mixin.py:190} INFO - [2026-07-18T13:04:19.649+0000] {dag.py:3239} INFO - Sync 1 DAGs
[2026-07-18T13:04:19.664+0000] {logging_mixin.py:190} INFO - [2026-07-18T13:04:19.664+0000] {dag.py:4180} INFO - Setting next_dagrun for my_dag to None, run_after=None
[2026-07-18T13:04:19.678+0000] {processor.py:208} INFO - Processing /opt/airflow/dags/my_tasks.py took 0.067 seconds
[2026-07-18T13:04:49.900+0000] {processor.py:186} INFO - Started process (PID=1090) to work on /opt/airflow/dags/my_tasks.py
[2026-07-18T13:04:49.901+0000] {processor.py:914} INFO - Processing file /opt/airflow/dags/my_tasks.py for tasks to queue
[2026-07-18T13:04:49.902+0000] {logging_mixin.py:190} INFO - [2026-07-18T13:04:49.902+0000] {dagbag.py:588} INFO - Filling up the DagBag from /opt/airflow/dags/my_tasks.py
[2026-07-18T13:04:49.907+0000] {processor.py:925} INFO - DAG(s) 'my_dag' retrieved from /opt/airflow/dags/my_tasks.py
[2026-07-18T13:04:49.925+0000] {logging_mixin.py:190} INFO - [2026-07-18T13:04:49.925+0000] {dag.py:3239} INFO - Sync 1 DAGs
[2026-07-18T13:04:49.942+0000] {logging_mixin.py:190} INFO - [2026-07-18T13:04:49.942+0000] {dag.py:4180} INFO - Setting next_dagrun for my_dag to None, run_after=None
[2026-07-18T13:04:49.955+0000] {processor.py:208} INFO - Processing /opt/airflow/dags/my_tasks.py took 0.060 seconds
[2026-07-18T13:05:20.155+0000] {processor.py:186} INFO - Started process (PID=1101) to work on /opt/airflow/dags/my_tasks.py
[2026-07-18T13:05:20.163+0000] {processor.py:914} INFO - Processing file /opt/airflow/dags/my_tasks.py for tasks to queue
[2026-07-18T13:05:20.166+0000] {logging_mixin.py:190} INFO - [2026-07-18T13:05:20.166+0000] {dagbag.py:588} INFO - Filling up the DagBag from /opt/airflow/dags/my_tasks.py
[2026-07-18T13:05:20.174+0000] {processor.py:925} INFO - DAG(s) 'my_dag' retrieved from /opt/airflow/dags/my_tasks.py
[2026-07-18T13:05:20.191+0000] {logging_mixin.py:190} INFO - [2026-07-18T13:05:20.190+0000] {dag.py:3239} INFO - Sync 1 DAGs
[2026-07-18T13:05:20.206+0000] {logging_mixin.py:190} INFO - [2026-07-18T13:05:20.206+0000] {dag.py:4180} INFO - Setting next_dagrun for my_dag to None, run_after=None
[2026-07-18T13:05:20.220+0000] {processor.py:208} INFO - Processing /opt/airflow/dags/my_tasks.py took 0.069 seconds
[2026-07-18T13:05:50.420+0000] {processor.py:186} INFO - Started process (PID=1112) to work on /opt/airflow/dags/my_tasks.py
[2026-07-18T13:05:50.420+0000] {processor.py:914} INFO - Processing file /opt/airflow/dags/my_tasks.py for tasks to queue
[2026-07-18T13:05:50.422+0000] {logging_mixin.py:190} INFO - [2026-07-18T13:05:50.421+0000] {dagbag.py:588} INFO - Filling up the DagBag from /opt/airflow/dags/my_tasks.py
[2026-07-18T13:05:50.426+0000] {processor.py:925} INFO - DAG(s) 'my_dag' retrieved from /opt/airflow/dags/my_tasks.py
[2026-07-18T13:05:50.443+0000] {logging_mixin.py:190} INFO - [2026-07-18T13:05:50.443+0000] {dag.py:3239} INFO - Sync 1 DAGs
[2026-07-18T13:05:50.459+0000] {logging_mixin.py:190} INFO - [2026-07-18T13:05:50.459+0000] {dag.py:4180} INFO - Setting next_dagrun for my_dag to None, run_after=None
[2026-07-18T13:05:50.473+0000] {processor.py:208} INFO - Processing /opt/airflow/dags/my_tasks.py took 0.058 seconds
[2026-07-18T13:06:20.702+0000] {processor.py:186} INFO - Started process (PID=1123) to work on /opt/airflow/dags/my_tasks.py
[2026-07-18T13:06:20.710+0000] {processor.py:914} INFO - Processing file /opt/airflow/dags/my_tasks.py for tasks to queue
[2026-07-18T13:06:20.712+0000] {logging_mixin.py:190} INFO - [2026-07-18T13:06:20.711+0000] {dagbag.py:588} INFO - Filling up the DagBag from /opt/airflow/dags/my_tasks.py
[2026-07-18T13:06:20.720+0000] {processor.py:925} INFO - DAG(s) 'my_dag' retrieved from /opt/airflow/dags/my_tasks.py
[2026-07-18T13:06:20.739+0000] {logging_mixin.py:190} INFO - [2026-07-18T13:06:20.739+0000] {dag.py:3239} INFO - Sync 1 DAGs
[2026-07-18T13:06:20.756+0000] {logging_mixin.py:190} INFO - [2026-07-18T13:06:20.756+0000] {dag.py:4180} INFO - Setting next_dagrun for my_dag to None, run_after=None
[2026-07-18T13:06:20.774+0000] {processor.py:208} INFO - Processing /opt/airflow/dags/my_tasks.py took 0.076 seconds
[2026-07-18T13:06:50.962+0000] {processor.py:186} INFO - Started process (PID=1134) to work on /opt/airflow/dags/my_tasks.py
[2026-07-18T13:06:50.962+0000] {processor.py:914} INFO - Processing file /opt/airflow/dags/my_tasks.py for tasks to queue
[2026-07-18T13:06:50.964+0000] {logging_mixin.py:190} INFO - [2026-07-18T13:06:50.964+0000] {dagbag.py:588} INFO - Filling up the DagBag from /opt/airflow/dags/my_tasks.py
[2026-07-18T13:06:50.969+0000] {processor.py:925} INFO - DAG(s) 'my_dag' retrieved from /opt/airflow/dags/my_tasks.py
[2026-07-18T13:06:50.986+0000] {logging_mixin.py:190} INFO - [2026-07-18T13:06:50.986+0000] {dag.py:3239} INFO - Sync 1 DAGs
[2026-07-18T13:06:51.002+0000] {logging_mixin.py:190} INFO - [2026-07-18T13:06:51.002+0000] {dag.py:4180} INFO - Setting next_dagrun for my_dag to None, run_after=None
[2026-07-18T13:06:51.016+0000] {processor.py:208} INFO - Processing /opt/airflow/dags/my_tasks.py took 0.058 seconds
[2026-07-18T13:07:21.224+0000] {processor.py:186} INFO - Started process (PID=1145) to work on /opt/airflow/dags/my_tasks.py
[2026-07-18T13:07:21.225+0000] {processor.py:914} INFO - Processing file /opt/airflow/dags/my_tasks.py for tasks to queue
[2026-07-18T13:07:21.226+0000] {logging_mixin.py:190} INFO - [2026-07-18T13:07:21.226+0000] {dagbag.py:588} INFO - Filling up the DagBag from /opt/airflow/dags/my_tasks.py
[2026-07-18T13:07:21.232+0000] {processor.py:925} INFO - DAG(s) 'my_dag' retrieved from /opt/airflow/dags/my_tasks.py
[2026-07-18T13:07:21.249+0000] {logging_mixin.py:190} INFO - [2026-07-18T13:07:21.249+0000] {dag.py:3239} INFO - Sync 1 DAGs
[2026-07-18T13:07:21.264+0000] {logging_mixin.py:190} INFO - [2026-07-18T13:07:21.264+0000] {dag.py:4180} INFO - Setting next_dagrun for my_dag to None, run_after=None
[2026-07-18T13:07:21.279+0000] {processor.py:208} INFO - Processing /opt/airflow/dags/my_tasks.py took 0.058 seconds
[2026-07-18T13:07:51.492+0000] {processor.py:186} INFO - Started process (PID=1156) to work on /opt/airflow/dags/my_tasks.py
[2026-07-18T13:07:51.493+0000] {processor.py:914} INFO - Processing file /opt/airflow/dags/my_tasks.py for tasks to queue
[2026-07-18T13:07:51.494+0000] {logging_mixin.py:190} INFO - [2026-07-18T13:07:51.494+0000] {dagbag.py:588} INFO - Filling up the DagBag from /opt/airflow/dags/my_tasks.py
[2026-07-18T13:07:51.500+0000] {processor.py:925} INFO - DAG(s) 'my_dag' retrieved from /opt/airflow/dags/my_tasks.py
[2026-07-18T13:07:51.520+0000] {logging_mixin.py:190} INFO - [2026-07-18T13:07:51.520+0000] {dag.py:3239} INFO - Sync 1 DAGs
[2026-07-18T13:07:51.537+0000] {logging_mixin.py:190} INFO - [2026-07-18T13:07:51.537+0000] {dag.py:4180} INFO - Setting next_dagrun for my_dag to None, run_after=None
[2026-07-18T13:07:51.551+0000] {processor.py:208} INFO - Processing /opt/airflow/dags/my_tasks.py took 0.064 seconds
[2026-07-18T13:08:21.749+0000] {processor.py:186} INFO - Started process (PID=1167) to work on /opt/airflow/dags/my_tasks.py
[2026-07-18T13:08:21.757+0000] {processor.py:914} INFO - Processing file /opt/airflow/dags/my_tasks.py for tasks to queue
[2026-07-18T13:08:21.760+0000] {logging_mixin.py:190} INFO - [2026-07-18T13:08:21.760+0000] {dagbag.py:588} INFO - Filling up the DagBag from /opt/airflow/dags/my_tasks.py
[2026-07-18T13:08:21.767+0000] {processor.py:925} INFO - DAG(s) 'my_dag' retrieved from /opt/airflow/dags/my_tasks.py
[2026-07-18T13:08:21.785+0000] {logging_mixin.py:190} INFO - [2026-07-18T13:08:21.784+0000] {dag.py:3239} INFO - Sync 1 DAGs
[2026-07-18T13:08:21.800+0000] {logging_mixin.py:190} INFO - [2026-07-18T13:08:21.800+0000] {dag.py:4180} INFO - Setting next_dagrun for my_dag to None, run_after=None
[2026-07-18T13:08:21.814+0000] {processor.py:208} INFO - Processing /opt/airflow/dags/my_tasks.py took 0.069 seconds
[2026-07-18T13:08:52.011+0000] {processor.py:186} INFO - Started process (PID=1178) to work on /opt/airflow/dags/my_tasks.py
[2026-07-18T13:08:52.012+0000] {processor.py:914} INFO - Processing file /opt/airflow/dags/my_tasks.py for tasks to queue
[2026-07-18T13:08:52.013+0000] {logging_mixin.py:190} INFO - [2026-07-18T13:08:52.013+0000] {dagbag.py:588} INFO - Filling up the DagBag from /opt/airflow/dags/my_tasks.py
[2026-07-18T13:08:52.018+0000] {processor.py:925} INFO - DAG(s) 'my_dag' retrieved from /opt/airflow/dags/my_tasks.py
[2026-07-18T13:08:52.034+0000] {logging_mixin.py:190} INFO - [2026-07-18T13:08:52.034+0000] {dag.py:3239} INFO - Sync 1 DAGs
[2026-07-18T13:08:52.050+0000] {logging_mixin.py:190} INFO - [2026-07-18T13:08:52.049+0000] {dag.py:4180} INFO - Setting next_dagrun for my_dag to None, run_after=None
[2026-07-18T13:08:52.064+0000] {processor.py:208} INFO - Processing /opt/airflow/dags/my_tasks.py took 0.056 seconds
[2026-07-18T13:09:22.262+0000] {processor.py:186} INFO - Started process (PID=1189) to work on /opt/airflow/dags/my_tasks.py
[2026-07-18T13:09:22.262+0000] {processor.py:914} INFO - Processing file /opt/airflow/dags/my_tasks.py for tasks to queue
[2026-07-18T13:09:22.264+0000] {logging_mixin.py:190} INFO - [2026-07-18T13:09:22.263+0000] {dagbag.py:588} INFO - Filling up the DagBag from /opt/airflow/dags/my_tasks.py
[2026-07-18T13:09:22.268+0000] {processor.py:925} INFO - DAG(s) 'my_dag' retrieved from /opt/airflow/dags/my_tasks.py
[2026-07-18T13:09:22.285+0000] {logging_mixin.py:190} INFO - [2026-07-18T13:09:22.285+0000] {dag.py:3239} INFO - Sync 1 DAGs
[2026-07-18T13:09:22.301+0000] {logging_mixin.py:190} INFO - [2026-07-18T13:09:22.301+0000] {dag.py:4180} INFO - Setting next_dagrun for my_dag to None, run_after=None
[2026-07-18T13:09:22.316+0000] {processor.py:208} INFO - Processing /opt/airflow/dags/my_tasks.py took 0.058 seconds
[2026-07-18T13:09:52.506+0000] {processor.py:186} INFO - Started process (PID=1200) to work on /opt/airflow/dags/my_tasks.py
[2026-07-18T13:09:52.507+0000] {processor.py:914} INFO - Processing file /opt/airflow/dags/my_tasks.py for tasks to queue
[2026-07-18T13:09:52.509+0000] {logging_mixin.py:190} INFO - [2026-07-18T13:09:52.508+0000] {dagbag.py:588} INFO - Filling up the DagBag from /opt/airflow/dags/my_tasks.py
[2026-07-18T13:09:52.513+0000] {processor.py:925} INFO - DAG(s) 'my_dag' retrieved from /opt/airflow/dags/my_tasks.py
[2026-07-18T13:09:52.530+0000] {logging_mixin.py:190} INFO - [2026-07-18T13:09:52.530+0000] {dag.py:3239} INFO - Sync 1 DAGs
[2026-07-18T13:09:52.546+0000] {logging_mixin.py:190} INFO - [2026-07-18T13:09:52.546+0000] {dag.py:4180} INFO - Setting next_dagrun for my_dag to None, run_after=None
[2026-07-18T13:09:52.561+0000] {processor.py:208} INFO - Processing /opt/airflow/dags/my_tasks.py took 0.059 seconds
[2026-07-18T13:10:22.771+0000] {processor.py:186} INFO - Started process (PID=1211) to work on /opt/airflow/dags/my_tasks.py
[2026-07-18T13:10:22.779+0000] {processor.py:914} INFO - Processing file /opt/airflow/dags/my_tasks.py for tasks to queue
[2026-07-18T13:10:22.782+0000] {logging_mixin.py:190} INFO - [2026-07-18T13:10:22.782+0000] {dagbag.py:588} INFO - Filling up the DagBag from /opt/airflow/dags/my_tasks.py
[2026-07-18T13:10:22.789+0000] {processor.py:925} INFO - DAG(s) 'my_dag' retrieved from /opt/airflow/dags/my_tasks.py
[2026-07-18T13:10:22.809+0000] {logging_mixin.py:190} INFO - [2026-07-18T13:10:22.808+0000] {dag.py:3239} INFO - Sync 1 DAGs
[2026-07-18T13:10:22.825+0000] {logging_mixin.py:190} INFO - [2026-07-18T13:10:22.824+0000] {dag.py:4180} INFO - Setting next_dagrun for my_dag to None, run_after=None
[2026-07-18T13:10:22.845+0000] {processor.py:208} INFO - Processing /opt/airflow/dags/my_tasks.py took 0.078 seconds
[2026-07-18T13:10:53.050+0000] {processor.py:186} INFO - Started process (PID=1222) to work on /opt/airflow/dags/my_tasks.py
[2026-07-18T13:10:53.050+0000] {processor.py:914} INFO - Processing file /opt/airflow/dags/my_tasks.py for tasks to queue
[2026-07-18T13:10:53.052+0000] {logging_mixin.py:190} INFO - [2026-07-18T13:10:53.051+0000] {dagbag.py:588} INFO - Filling up the DagBag from /opt/airflow/dags/my_tasks.py
[2026-07-18T13:10:53.056+0000] {processor.py:925} INFO - DAG(s) 'my_dag' retrieved from /opt/airflow/dags/my_tasks.py
[2026-07-18T13:10:53.074+0000] {logging_mixin.py:190} INFO - [2026-07-18T13:10:53.073+0000] {dag.py:3239} INFO - Sync 1 DAGs
[2026-07-18T13:10:53.090+0000] {logging_mixin.py:190} INFO - [2026-07-18T13:10:53.089+0000] {dag.py:4180} INFO - Setting next_dagrun for my_dag to None, run_after=None
[2026-07-18T13:10:53.103+0000] {processor.py:208} INFO - Processing /opt/airflow/dags/my_tasks.py took 0.058 seconds
[2026-07-18T13:11:23.327+0000] {processor.py:186} INFO - Started process (PID=1233) to work on /opt/airflow/dags/my_tasks.py
[2026-07-18T13:11:23.335+0000] {processor.py:914} INFO - Processing file /opt/airflow/dags/my_tasks.py for tasks to queue
[2026-07-18T13:11:23.337+0000] {logging_mixin.py:190} INFO - [2026-07-18T13:11:23.337+0000] {dagbag.py:588} INFO - Filling up the DagBag from /opt/airflow/dags/my_tasks.py
[2026-07-18T13:11:23.345+0000] {processor.py:925} INFO - DAG(s) 'my_dag' retrieved from /opt/airflow/dags/my_tasks.py
[2026-07-18T13:11:23.362+0000] {logging_mixin.py:190} INFO - [2026-07-18T13:11:23.362+0000] {dag.py:3239} INFO - Sync 1 DAGs
[2026-07-18T13:11:23.378+0000] {logging_mixin.py:190} INFO - [2026-07-18T13:11:23.378+0000] {dag.py:4180} INFO - Setting next_dagrun for my_dag to None, run_after=None
[2026-07-18T13:11:23.392+0000] {processor.py:208} INFO - Processing /opt/airflow/dags/my_tasks.py took 0.069 seconds
[2026-07-18T13:11:53.609+0000] {processor.py:186} INFO - Started process (PID=1244) to work on /opt/airflow/dags/my_tasks.py
[2026-07-18T13:11:53.610+0000] {processor.py:914} INFO - Processing file /opt/airflow/dags/my_tasks.py for tasks to queue
[2026-07-18T13:11:53.611+0000] {logging_mixin.py:190} INFO - [2026-07-18T13:11:53.611+0000] {dagbag.py:588} INFO - Filling up the DagBag from /opt/airflow/dags/my_tasks.py
[2026-07-18T13:11:53.616+0000] {processor.py:925} INFO - DAG(s) 'my_dag' retrieved from /opt/airflow/dags/my_tasks.py
[2026-07-18T13:11:53.632+0000] {logging_mixin.py:190} INFO - [2026-07-18T13:11:53.632+0000] {dag.py:3239} INFO - Sync 1 DAGs
[2026-07-18T13:11:53.648+0000] {logging_mixin.py:190} INFO - [2026-07-18T13:11:53.647+0000] {dag.py:4180} INFO - Setting next_dagrun for my_dag to None, run_after=None
[2026-07-18T13:11:53.662+0000] {processor.py:208} INFO - Processing /opt/airflow/dags/my_tasks.py took 0.057 seconds
[2026-07-18T13:12:23.875+0000] {processor.py:186} INFO - Started process (PID=1255) to work on /opt/airflow/dags/my_tasks.py
[2026-07-18T13:12:23.883+0000] {processor.py:914} INFO - Processing file /opt/airflow/dags/my_tasks.py for tasks to queue
[2026-07-18T13:12:23.884+0000] {logging_mixin.py:190} INFO - [2026-07-18T13:12:23.884+0000] {dagbag.py:588} INFO - Filling up the DagBag from /opt/airflow/dags/my_tasks.py
[2026-07-18T13:12:23.890+0000] {processor.py:925} INFO - DAG(s) 'my_dag' retrieved from /opt/airflow/dags/my_tasks.py
[2026-07-18T13:12:23.911+0000] {logging_mixin.py:190} INFO - [2026-07-18T13:12:23.910+0000] {dag.py:3239} INFO - Sync 1 DAGs
[2026-07-18T13:12:23.928+0000] {logging_mixin.py:190} INFO - [2026-07-18T13:12:23.928+0000] {dag.py:4180} INFO - Setting next_dagrun for my_dag to None, run_after=None
[2026-07-18T13:12:23.943+0000] {processor.py:208} INFO - Processing /opt/airflow/dags/my_tasks.py took 0.073 seconds
[2026-07-18T13:12:54.130+0000] {processor.py:186} INFO - Started process (PID=1266) to work on /opt/airflow/dags/my_tasks.py
[2026-07-18T13:12:54.131+0000] {processor.py:914} INFO - Processing file /opt/airflow/dags/my_tasks.py for tasks to queue
[2026-07-18T13:12:54.133+0000] {logging_mixin.py:190} INFO - [2026-07-18T13:12:54.132+0000] {dagbag.py:588} INFO - Filling up the DagBag from /opt/airflow/dags/my_tasks.py
[2026-07-18T13:12:54.139+0000] {processor.py:925} INFO - DAG(s) 'my_dag' retrieved from /opt/airflow/dags/my_tasks.py
[2026-07-18T13:12:54.159+0000] {logging_mixin.py:190} INFO - [2026-07-18T13:12:54.158+0000] {dag.py:3239} INFO - Sync 1 DAGs
[2026-07-18T13:12:54.180+0000] {logging_mixin.py:190} INFO - [2026-07-18T13:12:54.180+0000] {dag.py:4180} INFO - Setting next_dagrun for my_dag to None, run_after=None
[2026-07-18T13:12:54.198+0000] {processor.py:208} INFO - Processing /opt/airflow/dags/my_tasks.py took 0.072 seconds
[2026-07-18T13:13:24.387+0000] {processor.py:186} INFO - Started process (PID=1277) to work on /opt/airflow/dags/my_tasks.py
[2026-07-18T13:13:24.395+0000] {processor.py:914} INFO - Processing file /opt/airflow/dags/my_tasks.py for tasks to queue
[2026-07-18T13:13:24.397+0000] {logging_mixin.py:190} INFO - [2026-07-18T13:13:24.397+0000] {dagbag.py:588} INFO - Filling up the DagBag from /opt/airflow/dags/my_tasks.py
[2026-07-18T13:13:24.405+0000] {processor.py:925} INFO - DAG(s) 'my_dag' retrieved from /opt/airflow/dags/my_tasks.py
[2026-07-18T13:13:24.424+0000] {logging_mixin.py:190} INFO - [2026-07-18T13:13:24.424+0000] {dag.py:3239} INFO - Sync 1 DAGs
[2026-07-18T13:13:24.441+0000] {logging_mixin.py:190} INFO - [2026-07-18T13:13:24.440+0000] {dag.py:4180} INFO - Setting next_dagrun for my_dag to None, run_after=None
[2026-07-18T13:13:24.454+0000] {processor.py:208} INFO - Processing /opt/airflow/dags/my_tasks.py took 0.071 seconds
[2026-07-18T13:13:54.650+0000] {processor.py:186} INFO - Started process (PID=1288) to work on /opt/airflow/dags/my_tasks.py
[2026-07-18T13:13:54.650+0000] {processor.py:914} INFO - Processing file /opt/airflow/dags/my_tasks.py for tasks to queue
[2026-07-18T13:13:54.652+0000] {logging_mixin.py:190} INFO - [2026-07-18T13:13:54.652+0000] {dagbag.py:588} INFO - Filling up the DagBag from /opt/airflow/dags/my_tasks.py
[2026-07-18T13:13:54.657+0000] {processor.py:925} INFO - DAG(s) 'my_dag' retrieved from /opt/airflow/dags/my_tasks.py
[2026-07-18T13:13:54.673+0000] {logging_mixin.py:190} INFO - [2026-07-18T13:13:54.673+0000] {dag.py:3239} INFO - Sync 1 DAGs
[2026-07-18T13:13:54.688+0000] {logging_mixin.py:190} INFO - [2026-07-18T13:13:54.688+0000] {dag.py:4180} INFO - Setting next_dagrun for my_dag to None, run_after=None
[2026-07-18T13:13:54.702+0000] {processor.py:208} INFO - Processing /opt/airflow/dags/my_tasks.py took 0.057 seconds
[2026-07-18T13:14:24.928+0000] {processor.py:186} INFO - Started process (PID=1299) to work on /opt/airflow/dags/my_tasks.py
[2026-07-18T13:14:24.936+0000] {processor.py:914} INFO - Processing file /opt/airflow/dags/my_tasks.py for tasks to queue
[2026-07-18T13:14:24.937+0000] {logging_mixin.py:190} INFO - [2026-07-18T13:14:24.937+0000] {dagbag.py:588} INFO - Filling up the DagBag from /opt/airflow/dags/my_tasks.py
[2026-07-18T13:14:24.943+0000] {processor.py:925} INFO - DAG(s) 'my_dag' retrieved from /opt/airflow/dags/my_tasks.py
[2026-07-18T13:14:24.960+0000] {logging_mixin.py:190} INFO - [2026-07-18T13:14:24.960+0000] {dag.py:3239} INFO - Sync 1 DAGs
[2026-07-18T13:14:24.976+0000] {logging_mixin.py:190} INFO - [2026-07-18T13:14:24.975+0000] {dag.py:4180} INFO - Setting next_dagrun for my_dag to None, run_after=None
[2026-07-18T13:14:24.989+0000] {processor.py:208} INFO - Processing /opt/airflow/dags/my_tasks.py took 0.066 seconds
[2026-07-18T13:14:55.201+0000] {processor.py:186} INFO - Started process (PID=1310) to work on /opt/airflow/dags/my_tasks.py
[2026-07-18T13:14:55.202+0000] {processor.py:914} INFO - Processing file /opt/airflow/dags/my_tasks.py for tasks to queue
[2026-07-18T13:14:55.203+0000] {logging_mixin.py:190} INFO - [2026-07-18T13:14:55.203+0000] {dagbag.py:588} INFO - Filling up the DagBag from /opt/airflow/dags/my_tasks.py
[2026-07-18T13:14:55.208+0000] {processor.py:925} INFO - DAG(s) 'my_dag' retrieved from /opt/airflow/dags/my_tasks.py
[2026-07-18T13:14:55.225+0000] {logging_mixin.py:190} INFO - [2026-07-18T13:14:55.224+0000] {dag.py:3239} INFO - Sync 1 DAGs
[2026-07-18T13:14:55.242+0000] {logging_mixin.py:190} INFO - [2026-07-18T13:14:55.241+0000] {dag.py:4180} INFO - Setting next_dagrun for my_dag to None, run_after=None
[2026-07-18T13:14:55.257+0000] {processor.py:208} INFO - Processing /opt/airflow/dags/my_tasks.py took 0.060 seconds
[2026-07-18T13:15:25.479+0000] {processor.py:186} INFO - Started process (PID=1321) to work on /opt/airflow/dags/my_tasks.py
[2026-07-18T13:15:25.479+0000] {processor.py:914} INFO - Processing file /opt/airflow/dags/my_tasks.py for tasks to queue
[2026-07-18T13:15:25.482+0000] {logging_mixin.py:190} INFO - [2026-07-18T13:15:25.481+0000] {dagbag.py:588} INFO - Filling up the DagBag from /opt/airflow/dags/my_tasks.py
[2026-07-18T13:15:25.488+0000] {processor.py:925} INFO - DAG(s) 'my_dag' retrieved from /opt/airflow/dags/my_tasks.py
[2026-07-18T13:15:25.505+0000] {logging_mixin.py:190} INFO - [2026-07-18T13:15:25.505+0000] {dag.py:3239} INFO - Sync 1 DAGs
[2026-07-18T13:15:25.521+0000] {logging_mixin.py:190} INFO - [2026-07-18T13:15:25.521+0000] {dag.py:4180} INFO - Setting next_dagrun for my_dag to None, run_after=None
[2026-07-18T13:15:25.535+0000] {processor.py:208} INFO - Processing /opt/airflow/dags/my_tasks.py took 0.062 seconds
[2026-07-18T13:15:55.730+0000] {processor.py:186} INFO - Started process (PID=1332) to work on /opt/airflow/dags/my_tasks.py
[2026-07-18T13:15:55.730+0000] {processor.py:914} INFO - Processing file /opt/airflow/dags/my_tasks.py for tasks to queue
[2026-07-18T13:15:55.732+0000] {logging_mixin.py:190} INFO - [2026-07-18T13:15:55.732+0000] {dagbag.py:588} INFO - Filling up the DagBag from /opt/airflow/dags/my_tasks.py
[2026-07-18T13:15:55.737+0000] {processor.py:925} INFO - DAG(s) 'my_dag' retrieved from /opt/airflow/dags/my_tasks.py
[2026-07-18T13:15:55.753+0000] {logging_mixin.py:190} INFO - [2026-07-18T13:15:55.753+0000] {dag.py:3239} INFO - Sync 1 DAGs
[2026-07-18T13:15:55.769+0000] {logging_mixin.py:190} INFO - [2026-07-18T13:15:55.769+0000] {dag.py:4180} INFO - Setting next_dagrun for my_dag to None, run_after=None
[2026-07-18T13:15:55.783+0000] {processor.py:208} INFO - Processing /opt/airflow/dags/my_tasks.py took 0.057 seconds
[2026-07-18T13:16:26.015+0000] {processor.py:186} INFO - Started process (PID=1343) to work on /opt/airflow/dags/my_tasks.py
[2026-07-18T13:16:26.015+0000] {processor.py:914} INFO - Processing file /opt/airflow/dags/my_tasks.py for tasks to queue
[2026-07-18T13:16:26.017+0000] {logging_mixin.py:190} INFO - [2026-07-18T13:16:26.017+0000] {dagbag.py:588} INFO - Filling up the DagBag from /opt/airflow/dags/my_tasks.py
[2026-07-18T13:16:26.021+0000] {processor.py:925} INFO - DAG(s) 'my_dag' retrieved from /opt/airflow/dags/my_tasks.py
[2026-07-18T13:16:26.039+0000] {logging_mixin.py:190} INFO - [2026-07-18T13:16:26.038+0000] {dag.py:3239} INFO - Sync 1 DAGs
[2026-07-18T13:16:26.055+0000] {logging_mixin.py:190} INFO - [2026-07-18T13:16:26.055+0000] {dag.py:4180} INFO - Setting next_dagrun for my_dag to None, run_after=None
[2026-07-18T13:16:26.069+0000] {processor.py:208} INFO - Processing /opt/airflow/dags/my_tasks.py took 0.059 seconds
[2026-07-18T13:16:56.249+0000] {processor.py:186} INFO - Started process (PID=1354) to work on /opt/airflow/dags/my_tasks.py
[2026-07-18T13:16:56.250+0000] {processor.py:914} INFO - Processing file /opt/airflow/dags/my_tasks.py for tasks to queue
[2026-07-18T13:16:56.251+0000] {logging_mixin.py:190} INFO - [2026-07-18T13:16:56.251+0000] {dagbag.py:588} INFO - Filling up the DagBag from /opt/airflow/dags/my_tasks.py
[2026-07-18T13:16:56.257+0000] {processor.py:925} INFO - DAG(s) 'my_dag' retrieved from /opt/airflow/dags/my_tasks.py
[2026-07-18T13:16:56.277+0000] {logging_mixin.py:190} INFO - [2026-07-18T13:16:56.277+0000] {dag.py:3239} INFO - Sync 1 DAGs
[2026-07-18T13:16:56.296+0000] {logging_mixin.py:190} INFO - [2026-07-18T13:16:56.295+0000] {dag.py:4180} INFO - Setting next_dagrun for my_dag to None, run_after=None
[2026-07-18T13:16:56.311+0000] {processor.py:208} INFO - Processing /opt/airflow/dags/my_tasks.py took 0.066 seconds
[2026-07-18T13:17:26.498+0000] {processor.py:186} INFO - Started process (PID=1365) to work on /opt/airflow/dags/my_tasks.py
[2026-07-18T13:17:26.499+0000] {processor.py:914} INFO - Processing file /opt/airflow/dags/my_tasks.py for tasks to queue
[2026-07-18T13:17:26.500+0000] {logging_mixin.py:190} INFO - [2026-07-18T13:17:26.500+0000] {dagbag.py:588} INFO - Filling up the DagBag from /opt/airflow/dags/my_tasks.py
[2026-07-18T13:17:26.505+0000] {processor.py:925} INFO - DAG(s) 'my_dag' retrieved from /opt/airflow/dags/my_tasks.py
[2026-07-18T13:17:26.522+0000] {logging_mixin.py:190} INFO - [2026-07-18T13:17:26.522+0000] {dag.py:3239} INFO - Sync 1 DAGs
[2026-07-18T13:17:26.537+0000] {logging_mixin.py:190} INFO - [2026-07-18T13:17:26.537+0000] {dag.py:4180} INFO - Setting next_dagrun for my_dag to None, run_after=None
[2026-07-18T13:17:26.551+0000] {processor.py:208} INFO - Processing /opt/airflow/dags/my_tasks.py took 0.057 seconds
[2026-07-18T13:17:56.756+0000] {processor.py:186} INFO - Started process (PID=1376) to work on /opt/airflow/dags/my_tasks.py
[2026-07-18T13:17:56.757+0000] {processor.py:914} INFO - Processing file /opt/airflow/dags/my_tasks.py for tasks to queue
[2026-07-18T13:17:56.758+0000] {logging_mixin.py:190} INFO - [2026-07-18T13:17:56.758+0000] {dagbag.py:588} INFO - Filling up the DagBag from /opt/airflow/dags/my_tasks.py
[2026-07-18T13:17:56.763+0000] {processor.py:925} INFO - DAG(s) 'my_dag' retrieved from /opt/airflow/dags/my_tasks.py
[2026-07-18T13:17:56.780+0000] {logging_mixin.py:190} INFO - [2026-07-18T13:17:56.780+0000] {dag.py:3239} INFO - Sync 1 DAGs
[2026-07-18T13:17:56.796+0000] {logging_mixin.py:190} INFO - [2026-07-18T13:17:56.795+0000] {dag.py:4180} INFO - Setting next_dagrun for my_dag to None, run_after=None
[2026-07-18T13:17:56.810+0000] {processor.py:208} INFO - Processing /opt/airflow/dags/my_tasks.py took 0.058 seconds
[2026-07-18T13:18:27.027+0000] {processor.py:186} INFO - Started process (PID=1387) to work on /opt/airflow/dags/my_tasks.py
[2026-07-18T13:18:27.029+0000] {processor.py:914} INFO - Processing file /opt/airflow/dags/my_tasks.py for tasks to queue
[2026-07-18T13:18:27.030+0000] {logging_mixin.py:190} INFO - [2026-07-18T13:18:27.030+0000] {dagbag.py:588} INFO - Filling up the DagBag from /opt/airflow/dags/my_tasks.py
[2026-07-18T13:18:27.035+0000] {processor.py:925} INFO - DAG(s) 'my_dag' retrieved from /opt/airflow/dags/my_tasks.py
[2026-07-18T13:18:27.051+0000] {logging_mixin.py:190} INFO - [2026-07-18T13:18:27.051+0000] {dag.py:3239} INFO - Sync 1 DAGs
[2026-07-18T13:18:27.066+0000] {logging_mixin.py:190} INFO - [2026-07-18T13:18:27.066+0000] {dag.py:4180} INFO - Setting next_dagrun for my_dag to None, run_after=None
[2026-07-18T13:18:27.081+0000] {processor.py:208} INFO - Processing /opt/airflow/dags/my_tasks.py took 0.058 seconds
[2026-07-18T13:18:57.309+0000] {processor.py:186} INFO - Started process (PID=1398) to work on /opt/airflow/dags/my_tasks.py
[2026-07-18T13:18:57.310+0000] {processor.py:914} INFO - Processing file /opt/airflow/dags/my_tasks.py for tasks to queue
[2026-07-18T13:18:57.311+0000] {logging_mixin.py:190} INFO - [2026-07-18T13:18:57.311+0000] {dagbag.py:588} INFO - Filling up the DagBag from /opt/airflow/dags/my_tasks.py
[2026-07-18T13:18:57.316+0000] {processor.py:925} INFO - DAG(s) 'my_dag' retrieved from /opt/airflow/dags/my_tasks.py
[2026-07-18T13:18:57.333+0000] {logging_mixin.py:190} INFO - [2026-07-18T13:18:57.333+0000] {dag.py:3239} INFO - Sync 1 DAGs
[2026-07-18T13:18:57.349+0000] {logging_mixin.py:190} INFO - [2026-07-18T13:18:57.349+0000] {dag.py:4180} INFO - Setting next_dagrun for my_dag to None, run_after=None
[2026-07-18T13:18:57.363+0000] {processor.py:208} INFO - Processing /opt/airflow/dags/my_tasks.py took 0.058 seconds
[2026-07-18T13:19:27.591+0000] {processor.py:186} INFO - Started process (PID=1409) to work on /opt/airflow/dags/my_tasks.py
[2026-07-18T13:19:27.592+0000] {processor.py:914} INFO - Processing file /opt/airflow/dags/my_tasks.py for tasks to queue
[2026-07-18T13:19:27.594+0000] {logging_mixin.py:190} INFO - [2026-07-18T13:19:27.593+0000] {dagbag.py:588} INFO - Filling up the DagBag from /opt/airflow/dags/my_tasks.py
[2026-07-18T13:19:27.599+0000] {processor.py:925} INFO - DAG(s) 'my_dag' retrieved from /opt/airflow/dags/my_tasks.py
[2026-07-18T13:19:27.616+0000] {logging_mixin.py:190} INFO - [2026-07-18T13:19:27.616+0000] {dag.py:3239} INFO - Sync 1 DAGs
[2026-07-18T13:19:27.631+0000] {logging_mixin.py:190} INFO - [2026-07-18T13:19:27.630+0000] {dag.py:4180} INFO - Setting next_dagrun for my_dag to None, run_after=None
[2026-07-18T13:19:27.644+0000] {processor.py:208} INFO - Processing /opt/airflow/dags/my_tasks.py took 0.057 seconds
[2026-07-18T13:19:57.858+0000] {processor.py:186} INFO - Started process (PID=1420) to work on /opt/airflow/dags/my_tasks.py
[2026-07-18T13:19:57.859+0000] {processor.py:914} INFO - Processing file /opt/airflow/dags/my_tasks.py for tasks to queue
[2026-07-18T13:19:57.860+0000] {logging_mixin.py:190} INFO - [2026-07-18T13:19:57.860+0000] {dagbag.py:588} INFO - Filling up the DagBag from /opt/airflow/dags/my_tasks.py
[2026-07-18T13:19:57.865+0000] {processor.py:925} INFO - DAG(s) 'my_dag' retrieved from /opt/airflow/dags/my_tasks.py
[2026-07-18T13:19:57.882+0000] {logging_mixin.py:190} INFO - [2026-07-18T13:19:57.882+0000] {dag.py:3239} INFO - Sync 1 DAGs
[2026-07-18T13:19:57.898+0000] {logging_mixin.py:190} INFO - [2026-07-18T13:19:57.898+0000] {dag.py:4180} INFO - Setting next_dagrun for my_dag to None, run_after=None
[2026-07-18T13:19:57.913+0000] {processor.py:208} INFO - Processing /opt/airflow/dags/my_tasks.py took 0.059 seconds
[2026-07-18T13:20:28.123+0000] {processor.py:186} INFO - Started process (PID=1431) to work on /opt/airflow/dags/my_tasks.py
[2026-07-18T13:20:28.123+0000] {processor.py:914} INFO - Processing file /opt/airflow/dags/my_tasks.py for tasks to queue
[2026-07-18T13:20:28.125+0000] {logging_mixin.py:190} INFO - [2026-07-18T13:20:28.125+0000] {dagbag.py:588} INFO - Filling up the DagBag from /opt/airflow/dags/my_tasks.py
[2026-07-18T13:20:28.129+0000] {processor.py:925} INFO - DAG(s) 'my_dag' retrieved from /opt/airflow/dags/my_tasks.py
[2026-07-18T13:20:28.146+0000] {logging_mixin.py:190} INFO - [2026-07-18T13:20:28.146+0000] {dag.py:3239} INFO - Sync 1 DAGs
[2026-07-18T13:20:28.162+0000] {logging_mixin.py:190} INFO - [2026-07-18T13:20:28.162+0000] {dag.py:4180} INFO - Setting next_dagrun for my_dag to None, run_after=None
[2026-07-18T13:20:28.176+0000] {processor.py:208} INFO - Processing /opt/airflow/dags/my_tasks.py took 0.057 seconds
[2026-07-18T13:20:58.392+0000] {processor.py:186} INFO - Started process (PID=1442) to work on /opt/airflow/dags/my_tasks.py
[2026-07-18T13:20:58.392+0000] {processor.py:914} INFO - Processing file /opt/airflow/dags/my_tasks.py for tasks to queue
[2026-07-18T13:20:58.394+0000] {logging_mixin.py:190} INFO - [2026-07-18T13:20:58.393+0000] {dagbag.py:588} INFO - Filling up the DagBag from /opt/airflow/dags/my_tasks.py
[2026-07-18T13:20:58.399+0000] {processor.py:925} INFO - DAG(s) 'my_dag' retrieved from /opt/airflow/dags/my_tasks.py
[2026-07-18T13:20:58.416+0000] {logging_mixin.py:190} INFO - [2026-07-18T13:20:58.416+0000] {dag.py:3239} INFO - Sync 1 DAGs
[2026-07-18T13:20:58.432+0000] {logging_mixin.py:190} INFO - [2026-07-18T13:20:58.432+0000] {dag.py:4180} INFO - Setting next_dagrun for my_dag to None, run_after=None
[2026-07-18T13:20:58.447+0000] {processor.py:208} INFO - Processing /opt/airflow/dags/my_tasks.py took 0.059 seconds
[2026-07-18T13:21:28.665+0000] {processor.py:186} INFO - Started process (PID=1453) to work on /opt/airflow/dags/my_tasks.py
[2026-07-18T13:21:28.666+0000] {processor.py:914} INFO - Processing file /opt/airflow/dags/my_tasks.py for tasks to queue
[2026-07-18T13:21:28.667+0000] {logging_mixin.py:190} INFO - [2026-07-18T13:21:28.667+0000] {dagbag.py:588} INFO - Filling up the DagBag from /opt/airflow/dags/my_tasks.py
[2026-07-18T13:21:28.672+0000] {processor.py:925} INFO - DAG(s) 'my_dag' retrieved from /opt/airflow/dags/my_tasks.py
[2026-07-18T13:21:28.689+0000] {logging_mixin.py:190} INFO - [2026-07-18T13:21:28.688+0000] {dag.py:3239} INFO - Sync 1 DAGs
[2026-07-18T13:21:28.704+0000] {logging_mixin.py:190} INFO - [2026-07-18T13:21:28.704+0000] {dag.py:4180} INFO - Setting next_dagrun for my_dag to None, run_after=None
[2026-07-18T13:21:28.718+0000] {processor.py:208} INFO - Processing /opt/airflow/dags/my_tasks.py took 0.057 seconds
[2026-07-18T13:21:58.937+0000] {processor.py:186} INFO - Started process (PID=1464) to work on /opt/airflow/dags/my_tasks.py
[2026-07-18T13:21:58.937+0000] {processor.py:914} INFO - Processing file /opt/airflow/dags/my_tasks.py for tasks to queue
[2026-07-18T13:21:58.939+0000] {logging_mixin.py:190} INFO - [2026-07-18T13:21:58.939+0000] {dagbag.py:588} INFO - Filling up the DagBag from /opt/airflow/dags/my_tasks.py
[2026-07-18T13:21:58.944+0000] {processor.py:925} INFO - DAG(s) 'my_dag' retrieved from /opt/airflow/dags/my_tasks.py
[2026-07-18T13:21:58.961+0000] {logging_mixin.py:190} INFO - [2026-07-18T13:21:58.961+0000] {dag.py:3239} INFO - Sync 1 DAGs
[2026-07-18T13:21:58.976+0000] {logging_mixin.py:190} INFO - [2026-07-18T13:21:58.976+0000] {dag.py:4180} INFO - Setting next_dagrun for my_dag to None, run_after=None
[2026-07-18T13:21:58.990+0000] {processor.py:208} INFO - Processing /opt/airflow/dags/my_tasks.py took 0.057 seconds
[2026-07-18T13:22:29.190+0000] {processor.py:186} INFO - Started process (PID=1475) to work on /opt/airflow/dags/my_tasks.py
[2026-07-18T13:22:29.190+0000] {processor.py:914} INFO - Processing file /opt/airflow/dags/my_tasks.py for tasks to queue
[2026-07-18T13:22:29.192+0000] {logging_mixin.py:190} INFO - [2026-07-18T13:22:29.191+0000] {dagbag.py:588} INFO - Filling up the DagBag from /opt/airflow/dags/my_tasks.py
[2026-07-18T13:22:29.197+0000] {processor.py:925} INFO - DAG(s) 'my_dag' retrieved from /opt/airflow/dags/my_tasks.py
[2026-07-18T13:22:29.214+0000] {logging_mixin.py:190} INFO - [2026-07-18T13:22:29.214+0000] {dag.py:3239} INFO - Sync 1 DAGs
[2026-07-18T13:22:29.231+0000] {logging_mixin.py:190} INFO - [2026-07-18T13:22:29.230+0000] {dag.py:4180} INFO - Setting next_dagrun for my_dag to None, run_after=None
[2026-07-18T13:22:29.245+0000] {processor.py:208} INFO - Processing /opt/airflow/dags/my_tasks.py took 0.059 seconds
[2026-07-18T13:22:59.478+0000] {processor.py:186} INFO - Started process (PID=1486) to work on /opt/airflow/dags/my_tasks.py
[2026-07-18T13:22:59.478+0000] {processor.py:914} INFO - Processing file /opt/airflow/dags/my_tasks.py for tasks to queue
[2026-07-18T13:22:59.479+0000] {logging_mixin.py:190} INFO - [2026-07-18T13:22:59.479+0000] {dagbag.py:588} INFO - Filling up the DagBag from /opt/airflow/dags/my_tasks.py
[2026-07-18T13:22:59.485+0000] {processor.py:925} INFO - DAG(s) 'my_dag' retrieved from /opt/airflow/dags/my_tasks.py
[2026-07-18T13:22:59.502+0000] {logging_mixin.py:190} INFO - [2026-07-18T13:22:59.501+0000] {dag.py:3239} INFO - Sync 1 DAGs
[2026-07-18T13:22:59.517+0000] {logging_mixin.py:190} INFO - [2026-07-18T13:22:59.516+0000] {dag.py:4180} INFO - Setting next_dagrun for my_dag to None, run_after=None
[2026-07-18T13:22:59.531+0000] {processor.py:208} INFO - Processing /opt/airflow/dags/my_tasks.py took 0.057 seconds
[2026-07-18T13:23:29.757+0000] {processor.py:186} INFO - Started process (PID=1497) to work on /opt/airflow/dags/my_tasks.py
[2026-07-18T13:23:29.765+0000] {processor.py:914} INFO - Processing file /opt/airflow/dags/my_tasks.py for tasks to queue
[2026-07-18T13:23:29.768+0000] {logging_mixin.py:190} INFO - [2026-07-18T13:23:29.768+0000] {dagbag.py:588} INFO - Filling up the DagBag from /opt/airflow/dags/my_tasks.py
[2026-07-18T13:23:29.774+0000] {processor.py:925} INFO - DAG(s) 'my_dag' retrieved from /opt/airflow/dags/my_tasks.py
[2026-07-18T13:23:29.792+0000] {logging_mixin.py:190} INFO - [2026-07-18T13:23:29.792+0000] {dag.py:3239} INFO - Sync 1 DAGs
[2026-07-18T13:23:29.808+0000] {logging_mixin.py:190} INFO - [2026-07-18T13:23:29.808+0000] {dag.py:4180} INFO - Setting next_dagrun for my_dag to None, run_after=None
[2026-07-18T13:23:29.822+0000] {processor.py:208} INFO - Processing /opt/airflow/dags/my_tasks.py took 0.069 seconds
[2026-07-18T13:24:00.024+0000] {processor.py:186} INFO - Started process (PID=1508) to work on /opt/airflow/dags/my_tasks.py
[2026-07-18T13:24:00.025+0000] {processor.py:914} INFO - Processing file /opt/airflow/dags/my_tasks.py for tasks to queue
[2026-07-18T13:24:00.026+0000] {logging_mixin.py:190} INFO - [2026-07-18T13:24:00.026+0000] {dagbag.py:588} INFO - Filling up the DagBag from /opt/airflow/dags/my_tasks.py
[2026-07-18T13:24:00.031+0000] {processor.py:925} INFO - DAG(s) 'my_dag' retrieved from /opt/airflow/dags/my_tasks.py
[2026-07-18T13:24:00.048+0000] {logging_mixin.py:190} INFO - [2026-07-18T13:24:00.048+0000] {dag.py:3239} INFO - Sync 1 DAGs
[2026-07-18T13:24:00.063+0000] {logging_mixin.py:190} INFO - [2026-07-18T13:24:00.063+0000] {dag.py:4180} INFO - Setting next_dagrun for my_dag to None, run_after=None
[2026-07-18T13:24:00.077+0000] {processor.py:208} INFO - Processing /opt/airflow/dags/my_tasks.py took 0.057 seconds
[2026-07-18T13:24:09.102+0000] {processor.py:186} INFO - Started process (PID=1519) to work on /opt/airflow/dags/my_tasks.py
[2026-07-18T13:24:09.103+0000] {processor.py:914} INFO - Processing file /opt/airflow/dags/my_tasks.py for tasks to queue
[2026-07-18T13:24:09.104+0000] {logging_mixin.py:190} INFO - [2026-07-18T13:24:09.104+0000] {dagbag.py:588} INFO - Filling up the DagBag from /opt/airflow/dags/my_tasks.py
[2026-07-18T13:24:09.109+0000] {processor.py:925} INFO - DAG(s) 'my_dag' retrieved from /opt/airflow/dags/my_tasks.py
[2026-07-18T13:24:09.129+0000] {logging_mixin.py:190} INFO - [2026-07-18T13:24:09.128+0000] {dag.py:3239} INFO - Sync 1 DAGs
[2026-07-18T13:24:09.150+0000] {logging_mixin.py:190} INFO - [2026-07-18T13:24:09.150+0000] {dag.py:4180} INFO - Setting next_dagrun for my_dag to None, run_after=None
[2026-07-18T13:24:09.170+0000] {processor.py:208} INFO - Processing /opt/airflow/dags/my_tasks.py took 0.074 seconds
[2026-07-18T13:24:10.170+0000] {processor.py:186} INFO - Started process (PID=1524) to work on /opt/airflow/dags/my_tasks.py
[2026-07-18T13:24:10.171+0000] {processor.py:914} INFO - Processing file /opt/airflow/dags/my_tasks.py for tasks to queue
[2026-07-18T13:24:10.173+0000] {logging_mixin.py:190} INFO - [2026-07-18T13:24:10.173+0000] {dagbag.py:588} INFO - Filling up the DagBag from /opt/airflow/dags/my_tasks.py
[2026-07-18T13:24:10.177+0000] {logging_mixin.py:190} INFO - [2026-07-18T13:24:10.176+0000] {dagbag.py:387} ERROR - Failed to import: /opt/airflow/dags/my_tasks.py
Traceback (most recent call last):
  File "/home/airflow/.local/lib/python3.12/site-packages/airflow/models/dagbag.py", line 383, in parse
    loader.exec_module(new_module)
  File "<frozen importlib._bootstrap_external>", line 995, in exec_module
  File "<frozen importlib._bootstrap_external>", line 1133, in get_code
  File "<frozen importlib._bootstrap_external>", line 1063, in source_to_code
  File "<frozen importlib._bootstrap>", line 488, in _call_with_frames_removed
  File "/opt/airflow/dags/my_tasks.py", line 41
    debezium_config =
                     ^
SyntaxError: invalid syntax
[2026-07-18T13:24:10.177+0000] {processor.py:927} WARNING - No viable dags retrieved from /opt/airflow/dags/my_tasks.py
[2026-07-18T13:24:10.202+0000] {processor.py:208} INFO - Processing /opt/airflow/dags/my_tasks.py took 0.039 seconds
[2026-07-18T13:24:35.428+0000] {processor.py:186} INFO - Started process (PID=1529) to work on /opt/airflow/dags/my_tasks.py
[2026-07-18T13:24:35.429+0000] {processor.py:914} INFO - Processing file /opt/airflow/dags/my_tasks.py for tasks to queue
[2026-07-18T13:24:35.430+0000] {logging_mixin.py:190} INFO - [2026-07-18T13:24:35.430+0000] {dagbag.py:588} INFO - Filling up the DagBag from /opt/airflow/dags/my_tasks.py
[2026-07-18T13:24:35.433+0000] {logging_mixin.py:190} INFO - [2026-07-18T13:24:35.432+0000] {dagbag.py:387} ERROR - Failed to import: /opt/airflow/dags/my_tasks.py
Traceback (most recent call last):
  File "/home/airflow/.local/lib/python3.12/site-packages/airflow/models/dagbag.py", line 383, in parse
    loader.exec_module(new_module)
  File "<frozen importlib._bootstrap_external>", line 995, in exec_module
  File "<frozen importlib._bootstrap_external>", line 1133, in get_code
  File "<frozen importlib._bootstrap_external>", line 1063, in source_to_code
  File "<frozen importlib._bootstrap>", line 488, in _call_with_frames_removed
  File "/opt/airflow/dags/my_tasks.py", line 41
    debezium_config =
                     ^
SyntaxError: invalid syntax
[2026-07-18T13:24:35.433+0000] {processor.py:927} WARNING - No viable dags retrieved from /opt/airflow/dags/my_tasks.py
[2026-07-18T13:24:35.448+0000] {processor.py:208} INFO - Processing /opt/airflow/dags/my_tasks.py took 0.025 seconds
[2026-07-18T13:24:36.454+0000] {processor.py:186} INFO - Started process (PID=1534) to work on /opt/airflow/dags/my_tasks.py
[2026-07-18T13:24:36.455+0000] {processor.py:914} INFO - Processing file /opt/airflow/dags/my_tasks.py for tasks to queue
[2026-07-18T13:24:36.457+0000] {logging_mixin.py:190} INFO - [2026-07-18T13:24:36.457+0000] {dagbag.py:588} INFO - Filling up the DagBag from /opt/airflow/dags/my_tasks.py
[2026-07-18T13:24:36.460+0000] {logging_mixin.py:190} INFO - [2026-07-18T13:24:36.459+0000] {dagbag.py:387} ERROR - Failed to import: /opt/airflow/dags/my_tasks.py
Traceback (most recent call last):
  File "/home/airflow/.local/lib/python3.12/site-packages/airflow/models/dagbag.py", line 383, in parse
    loader.exec_module(new_module)
  File "<frozen importlib._bootstrap_external>", line 995, in exec_module
  File "<frozen importlib._bootstrap_external>", line 1133, in get_code
  File "<frozen importlib._bootstrap_external>", line 1063, in source_to_code
  File "<frozen importlib._bootstrap>", line 488, in _call_with_frames_removed
  File "/opt/airflow/dags/my_tasks.py", line 41
    debezium_config =
                     ^
SyntaxError: invalid syntax
[2026-07-18T13:24:36.460+0000] {processor.py:927} WARNING - No viable dags retrieved from /opt/airflow/dags/my_tasks.py
[2026-07-18T13:24:36.476+0000] {processor.py:208} INFO - Processing /opt/airflow/dags/my_tasks.py took 0.033 seconds
[2026-07-18T13:24:38.498+0000] {processor.py:186} INFO - Started process (PID=1545) to work on /opt/airflow/dags/my_tasks.py
[2026-07-18T13:24:38.499+0000] {processor.py:914} INFO - Processing file /opt/airflow/dags/my_tasks.py for tasks to queue
[2026-07-18T13:24:38.500+0000] {logging_mixin.py:190} INFO - [2026-07-18T13:24:38.500+0000] {dagbag.py:588} INFO - Filling up the DagBag from /opt/airflow/dags/my_tasks.py
[2026-07-18T13:24:38.503+0000] {logging_mixin.py:190} INFO - [2026-07-18T13:24:38.502+0000] {dagbag.py:387} ERROR - Failed to import: /opt/airflow/dags/my_tasks.py
Traceback (most recent call last):
  File "/home/airflow/.local/lib/python3.12/site-packages/airflow/models/dagbag.py", line 383, in parse
    loader.exec_module(new_module)
  File "<frozen importlib._bootstrap_external>", line 995, in exec_module
  File "<frozen importlib._bootstrap_external>", line 1133, in get_code
  File "<frozen importlib._bootstrap_external>", line 1063, in source_to_code
  File "<frozen importlib._bootstrap>", line 488, in _call_with_frames_removed
  File "/opt/airflow/dags/my_tasks.py", line 41
    debezium_config =
                     ^
SyntaxError: invalid syntax
[2026-07-18T13:24:38.503+0000] {processor.py:927} WARNING - No viable dags retrieved from /opt/airflow/dags/my_tasks.py
[2026-07-18T13:24:38.521+0000] {processor.py:208} INFO - Processing /opt/airflow/dags/my_tasks.py took 0.029 seconds
[2026-07-18T13:24:40.553+0000] {processor.py:186} INFO - Started process (PID=1550) to work on /opt/airflow/dags/my_tasks.py
[2026-07-18T13:24:40.554+0000] {processor.py:914} INFO - Processing file /opt/airflow/dags/my_tasks.py for tasks to queue
[2026-07-18T13:24:40.556+0000] {logging_mixin.py:190} INFO - [2026-07-18T13:24:40.555+0000] {dagbag.py:588} INFO - Filling up the DagBag from /opt/airflow/dags/my_tasks.py
[2026-07-18T13:24:40.561+0000] {processor.py:925} INFO - DAG(s) 'my_dag' retrieved from /opt/airflow/dags/my_tasks.py
[2026-07-18T13:24:40.579+0000] {logging_mixin.py:190} INFO - [2026-07-18T13:24:40.579+0000] {dag.py:3239} INFO - Sync 1 DAGs
[2026-07-18T13:24:40.595+0000] {logging_mixin.py:190} INFO - [2026-07-18T13:24:40.595+0000] {dag.py:4180} INFO - Setting next_dagrun for my_dag to None, run_after=None
[2026-07-18T13:24:40.616+0000] {processor.py:208} INFO - Processing /opt/airflow/dags/my_tasks.py took 0.067 seconds
[2026-07-18T13:24:51.658+0000] {processor.py:186} INFO - Started process (PID=1555) to work on /opt/airflow/dags/my_tasks.py
[2026-07-18T13:24:51.659+0000] {processor.py:914} INFO - Processing file /opt/airflow/dags/my_tasks.py for tasks to queue
[2026-07-18T13:24:51.661+0000] {logging_mixin.py:190} INFO - [2026-07-18T13:24:51.660+0000] {dagbag.py:588} INFO - Filling up the DagBag from /opt/airflow/dags/my_tasks.py
[2026-07-18T13:24:51.667+0000] {processor.py:925} INFO - DAG(s) 'my_dag' retrieved from /opt/airflow/dags/my_tasks.py
[2026-07-18T13:24:51.684+0000] {logging_mixin.py:190} INFO - [2026-07-18T13:24:51.684+0000] {dag.py:3239} INFO - Sync 1 DAGs
[2026-07-18T13:24:51.703+0000] {logging_mixin.py:190} INFO - [2026-07-18T13:24:51.703+0000] {dag.py:4180} INFO - Setting next_dagrun for my_dag to None, run_after=None
[2026-07-18T13:24:51.719+0000] {processor.py:208} INFO - Processing /opt/airflow/dags/my_tasks.py took 0.066 seconds
[2026-07-18T13:24:58.742+0000] {processor.py:186} INFO - Started process (PID=1560) to work on /opt/airflow/dags/my_tasks.py
[2026-07-18T13:24:58.742+0000] {processor.py:914} INFO - Processing file /opt/airflow/dags/my_tasks.py for tasks to queue
[2026-07-18T13:24:58.744+0000] {logging_mixin.py:190} INFO - [2026-07-18T13:24:58.744+0000] {dagbag.py:588} INFO - Filling up the DagBag from /opt/airflow/dags/my_tasks.py
[2026-07-18T13:24:58.750+0000] {processor.py:925} INFO - DAG(s) 'my_dag' retrieved from /opt/airflow/dags/my_tasks.py
[2026-07-18T13:24:58.770+0000] {logging_mixin.py:190} INFO - [2026-07-18T13:24:58.770+0000] {dag.py:3239} INFO - Sync 1 DAGs
[2026-07-18T13:24:58.788+0000] {logging_mixin.py:190} INFO - [2026-07-18T13:24:58.788+0000] {dag.py:4180} INFO - Setting next_dagrun for my_dag to None, run_after=None
[2026-07-18T13:24:58.803+0000] {processor.py:208} INFO - Processing /opt/airflow/dags/my_tasks.py took 0.067 seconds
[2026-07-18T13:25:02.830+0000] {processor.py:186} INFO - Started process (PID=1565) to work on /opt/airflow/dags/my_tasks.py
[2026-07-18T13:25:02.831+0000] {processor.py:914} INFO - Processing file /opt/airflow/dags/my_tasks.py for tasks to queue
[2026-07-18T13:25:02.833+0000] {logging_mixin.py:190} INFO - [2026-07-18T13:25:02.833+0000] {dagbag.py:588} INFO - Filling up the DagBag from /opt/airflow/dags/my_tasks.py
[2026-07-18T13:25:02.839+0000] {processor.py:925} INFO - DAG(s) 'my_dag' retrieved from /opt/airflow/dags/my_tasks.py
[2026-07-18T13:25:02.856+0000] {logging_mixin.py:190} INFO - [2026-07-18T13:25:02.856+0000] {dag.py:3239} INFO - Sync 1 DAGs
[2026-07-18T13:25:02.872+0000] {logging_mixin.py:190} INFO - [2026-07-18T13:25:02.872+0000] {dag.py:4180} INFO - Setting next_dagrun for my_dag to None, run_after=None
[2026-07-18T13:25:02.886+0000] {processor.py:208} INFO - Processing /opt/airflow/dags/my_tasks.py took 0.063 seconds
[2026-07-18T13:25:12.952+0000] {processor.py:186} INFO - Started process (PID=1576) to work on /opt/airflow/dags/my_tasks.py
[2026-07-18T13:25:12.953+0000] {processor.py:914} INFO - Processing file /opt/airflow/dags/my_tasks.py for tasks to queue
[2026-07-18T13:25:12.955+0000] {logging_mixin.py:190} INFO - [2026-07-18T13:25:12.954+0000] {dagbag.py:588} INFO - Filling up the DagBag from /opt/airflow/dags/my_tasks.py
[2026-07-18T13:25:12.962+0000] {processor.py:925} INFO - DAG(s) 'my_dag' retrieved from /opt/airflow/dags/my_tasks.py
[2026-07-18T13:25:12.980+0000] {logging_mixin.py:190} INFO - [2026-07-18T13:25:12.980+0000] {dag.py:3239} INFO - Sync 1 DAGs
[2026-07-18T13:25:12.997+0000] {logging_mixin.py:190} INFO - [2026-07-18T13:25:12.997+0000] {dag.py:4180} INFO - Setting next_dagrun for my_dag to None, run_after=None
[2026-07-18T13:25:13.012+0000] {processor.py:208} INFO - Processing /opt/airflow/dags/my_tasks.py took 0.068 seconds
[2026-07-18T13:25:43.229+0000] {processor.py:186} INFO - Started process (PID=1587) to work on /opt/airflow/dags/my_tasks.py
[2026-07-18T13:25:43.243+0000] {processor.py:914} INFO - Processing file /opt/airflow/dags/my_tasks.py for tasks to queue
[2026-07-18T13:25:43.246+0000] {logging_mixin.py:190} INFO - [2026-07-18T13:25:43.246+0000] {dagbag.py:588} INFO - Filling up the DagBag from /opt/airflow/dags/my_tasks.py
[2026-07-18T13:25:43.253+0000] {processor.py:925} INFO - DAG(s) 'my_dag' retrieved from /opt/airflow/dags/my_tasks.py
[2026-07-18T13:25:43.272+0000] {logging_mixin.py:190} INFO - [2026-07-18T13:25:43.272+0000] {dag.py:3239} INFO - Sync 1 DAGs
[2026-07-18T13:25:43.288+0000] {logging_mixin.py:190} INFO - [2026-07-18T13:25:43.288+0000] {dag.py:4180} INFO - Setting next_dagrun for my_dag to None, run_after=None
[2026-07-18T13:25:43.304+0000] {processor.py:208} INFO - Processing /opt/airflow/dags/my_tasks.py took 0.079 seconds
[2026-07-18T13:25:58.380+0000] {processor.py:186} INFO - Started process (PID=1592) to work on /opt/airflow/dags/my_tasks.py
[2026-07-18T13:25:58.381+0000] {processor.py:914} INFO - Processing file /opt/airflow/dags/my_tasks.py for tasks to queue
[2026-07-18T13:25:58.382+0000] {logging_mixin.py:190} INFO - [2026-07-18T13:25:58.382+0000] {dagbag.py:588} INFO - Filling up the DagBag from /opt/airflow/dags/my_tasks.py
[2026-07-18T13:25:58.389+0000] {processor.py:925} INFO - DAG(s) 'my_dag' retrieved from /opt/airflow/dags/my_tasks.py
[2026-07-18T13:25:58.408+0000] {logging_mixin.py:190} INFO - [2026-07-18T13:25:58.408+0000] {dag.py:3239} INFO - Sync 1 DAGs
[2026-07-18T13:25:58.427+0000] {logging_mixin.py:190} INFO - [2026-07-18T13:25:58.426+0000] {dag.py:4180} INFO - Setting next_dagrun for my_dag to None, run_after=None
[2026-07-18T13:25:58.442+0000] {processor.py:208} INFO - Processing /opt/airflow/dags/my_tasks.py took 0.067 seconds
[2026-07-18T13:26:10.507+0000] {processor.py:186} INFO - Started process (PID=1603) to work on /opt/airflow/dags/my_tasks.py
[2026-07-18T13:26:10.508+0000] {processor.py:914} INFO - Processing file /opt/airflow/dags/my_tasks.py for tasks to queue
[2026-07-18T13:26:10.510+0000] {logging_mixin.py:190} INFO - [2026-07-18T13:26:10.510+0000] {dagbag.py:588} INFO - Filling up the DagBag from /opt/airflow/dags/my_tasks.py
[2026-07-18T13:26:10.516+0000] {processor.py:925} INFO - DAG(s) 'my_dag' retrieved from /opt/airflow/dags/my_tasks.py
[2026-07-18T13:26:10.534+0000] {logging_mixin.py:190} INFO - [2026-07-18T13:26:10.534+0000] {dag.py:3239} INFO - Sync 1 DAGs
[2026-07-18T13:26:10.551+0000] {logging_mixin.py:190} INFO - [2026-07-18T13:26:10.550+0000] {dag.py:4180} INFO - Setting next_dagrun for my_dag to None, run_after=None
[2026-07-18T13:26:10.566+0000] {processor.py:208} INFO - Processing /opt/airflow/dags/my_tasks.py took 0.068 seconds
[2026-07-18T13:26:19.601+0000] {processor.py:186} INFO - Started process (PID=1608) to work on /opt/airflow/dags/my_tasks.py
[2026-07-18T13:26:19.609+0000] {processor.py:914} INFO - Processing file /opt/airflow/dags/my_tasks.py for tasks to queue
[2026-07-18T13:26:19.612+0000] {logging_mixin.py:190} INFO - [2026-07-18T13:26:19.612+0000] {dagbag.py:588} INFO - Filling up the DagBag from /opt/airflow/dags/my_tasks.py
[2026-07-18T13:26:19.619+0000] {processor.py:925} INFO - DAG(s) 'my_dag' retrieved from /opt/airflow/dags/my_tasks.py
[2026-07-18T13:26:19.639+0000] {logging_mixin.py:190} INFO - [2026-07-18T13:26:19.639+0000] {dag.py:3239} INFO - Sync 1 DAGs
[2026-07-18T13:26:19.658+0000] {logging_mixin.py:190} INFO - [2026-07-18T13:26:19.658+0000] {dag.py:4180} INFO - Setting next_dagrun for my_dag to None, run_after=None
[2026-07-18T13:26:19.676+0000] {processor.py:208} INFO - Processing /opt/airflow/dags/my_tasks.py took 0.080 seconds
[2026-07-18T13:26:49.909+0000] {processor.py:186} INFO - Started process (PID=1619) to work on /opt/airflow/dags/my_tasks.py
[2026-07-18T13:26:49.910+0000] {processor.py:914} INFO - Processing file /opt/airflow/dags/my_tasks.py for tasks to queue
[2026-07-18T13:26:49.912+0000] {logging_mixin.py:190} INFO - [2026-07-18T13:26:49.912+0000] {dagbag.py:588} INFO - Filling up the DagBag from /opt/airflow/dags/my_tasks.py
[2026-07-18T13:26:49.920+0000] {processor.py:925} INFO - DAG(s) 'my_dag' retrieved from /opt/airflow/dags/my_tasks.py
[2026-07-18T13:26:49.940+0000] {logging_mixin.py:190} INFO - [2026-07-18T13:26:49.940+0000] {dag.py:3239} INFO - Sync 1 DAGs
[2026-07-18T13:26:49.955+0000] {logging_mixin.py:190} INFO - [2026-07-18T13:26:49.955+0000] {dag.py:4180} INFO - Setting next_dagrun for my_dag to None, run_after=None
[2026-07-18T13:26:49.968+0000] {processor.py:208} INFO - Processing /opt/airflow/dags/my_tasks.py took 0.068 seconds
[2026-07-18T13:27:20.171+0000] {processor.py:186} INFO - Started process (PID=1630) to work on /opt/airflow/dags/my_tasks.py
[2026-07-18T13:27:20.177+0000] {processor.py:914} INFO - Processing file /opt/airflow/dags/my_tasks.py for tasks to queue
[2026-07-18T13:27:20.180+0000] {logging_mixin.py:190} INFO - [2026-07-18T13:27:20.180+0000] {dagbag.py:588} INFO - Filling up the DagBag from /opt/airflow/dags/my_tasks.py
[2026-07-18T13:27:20.189+0000] {processor.py:925} INFO - DAG(s) 'my_dag' retrieved from /opt/airflow/dags/my_tasks.py
[2026-07-18T13:27:20.211+0000] {logging_mixin.py:190} INFO - [2026-07-18T13:27:20.211+0000] {dag.py:3239} INFO - Sync 1 DAGs
[2026-07-18T13:27:20.226+0000] {logging_mixin.py:190} INFO - [2026-07-18T13:27:20.226+0000] {dag.py:4180} INFO - Setting next_dagrun for my_dag to None, run_after=None
[2026-07-18T13:27:20.240+0000] {processor.py:208} INFO - Processing /opt/airflow/dags/my_tasks.py took 0.074 seconds
[2026-07-18T13:27:50.469+0000] {processor.py:186} INFO - Started process (PID=1641) to work on /opt/airflow/dags/my_tasks.py
[2026-07-18T13:27:50.470+0000] {processor.py:914} INFO - Processing file /opt/airflow/dags/my_tasks.py for tasks to queue
[2026-07-18T13:27:50.473+0000] {logging_mixin.py:190} INFO - [2026-07-18T13:27:50.472+0000] {dagbag.py:588} INFO - Filling up the DagBag from /opt/airflow/dags/my_tasks.py
[2026-07-18T13:27:50.478+0000] {processor.py:925} INFO - DAG(s) 'my_dag' retrieved from /opt/airflow/dags/my_tasks.py
[2026-07-18T13:27:50.494+0000] {logging_mixin.py:190} INFO - [2026-07-18T13:27:50.494+0000] {dag.py:3239} INFO - Sync 1 DAGs
[2026-07-18T13:27:50.510+0000] {logging_mixin.py:190} INFO - [2026-07-18T13:27:50.509+0000] {dag.py:4180} INFO - Setting next_dagrun for my_dag to None, run_after=None
[2026-07-18T13:27:50.523+0000] {processor.py:208} INFO - Processing /opt/airflow/dags/my_tasks.py took 0.060 seconds
[2026-07-18T13:28:20.735+0000] {processor.py:186} INFO - Started process (PID=1652) to work on /opt/airflow/dags/my_tasks.py
[2026-07-18T13:28:20.735+0000] {processor.py:914} INFO - Processing file /opt/airflow/dags/my_tasks.py for tasks to queue
[2026-07-18T13:28:20.737+0000] {logging_mixin.py:190} INFO - [2026-07-18T13:28:20.737+0000] {dagbag.py:588} INFO - Filling up the DagBag from /opt/airflow/dags/my_tasks.py
[2026-07-18T13:28:20.742+0000] {processor.py:925} INFO - DAG(s) 'my_dag' retrieved from /opt/airflow/dags/my_tasks.py
[2026-07-18T13:28:20.759+0000] {logging_mixin.py:190} INFO - [2026-07-18T13:28:20.759+0000] {dag.py:3239} INFO - Sync 1 DAGs
[2026-07-18T13:28:20.775+0000] {logging_mixin.py:190} INFO - [2026-07-18T13:28:20.775+0000] {dag.py:4180} INFO - Setting next_dagrun for my_dag to None, run_after=None
[2026-07-18T13:28:20.788+0000] {processor.py:208} INFO - Processing /opt/airflow/dags/my_tasks.py took 0.059 seconds
[2026-07-18T13:28:50.957+0000] {processor.py:186} INFO - Started process (PID=1663) to work on /opt/airflow/dags/my_tasks.py
[2026-07-18T13:28:50.958+0000] {processor.py:914} INFO - Processing file /opt/airflow/dags/my_tasks.py for tasks to queue
[2026-07-18T13:28:50.959+0000] {logging_mixin.py:190} INFO - [2026-07-18T13:28:50.959+0000] {dagbag.py:588} INFO - Filling up the DagBag from /opt/airflow/dags/my_tasks.py
[2026-07-18T13:28:50.965+0000] {processor.py:925} INFO - DAG(s) 'my_dag' retrieved from /opt/airflow/dags/my_tasks.py
[2026-07-18T13:28:50.981+0000] {logging_mixin.py:190} INFO - [2026-07-18T13:28:50.981+0000] {dag.py:3239} INFO - Sync 1 DAGs
[2026-07-18T13:28:50.997+0000] {logging_mixin.py:190} INFO - [2026-07-18T13:28:50.997+0000] {dag.py:4180} INFO - Setting next_dagrun for my_dag to None, run_after=None
[2026-07-18T13:28:51.012+0000] {processor.py:208} INFO - Processing /opt/airflow/dags/my_tasks.py took 0.062 seconds
[2026-07-18T13:29:21.197+0000] {processor.py:186} INFO - Started process (PID=1674) to work on /opt/airflow/dags/my_tasks.py
[2026-07-18T13:29:21.197+0000] {processor.py:914} INFO - Processing file /opt/airflow/dags/my_tasks.py for tasks to queue
[2026-07-18T13:29:21.199+0000] {logging_mixin.py:190} INFO - [2026-07-18T13:29:21.199+0000] {dagbag.py:588} INFO - Filling up the DagBag from /opt/airflow/dags/my_tasks.py
[2026-07-18T13:29:21.203+0000] {processor.py:925} INFO - DAG(s) 'my_dag' retrieved from /opt/airflow/dags/my_tasks.py
[2026-07-18T13:29:21.223+0000] {logging_mixin.py:190} INFO - [2026-07-18T13:29:21.223+0000] {dag.py:3239} INFO - Sync 1 DAGs
[2026-07-18T13:29:21.245+0000] {logging_mixin.py:190} INFO - [2026-07-18T13:29:21.245+0000] {dag.py:4180} INFO - Setting next_dagrun for my_dag to None, run_after=None
[2026-07-18T13:29:21.262+0000] {processor.py:208} INFO - Processing /opt/airflow/dags/my_tasks.py took 0.072 seconds
[2026-07-18T13:29:51.453+0000] {processor.py:186} INFO - Started process (PID=1685) to work on /opt/airflow/dags/my_tasks.py
[2026-07-18T13:29:51.453+0000] {processor.py:914} INFO - Processing file /opt/airflow/dags/my_tasks.py for tasks to queue
[2026-07-18T13:29:51.455+0000] {logging_mixin.py:190} INFO - [2026-07-18T13:29:51.455+0000] {dagbag.py:588} INFO - Filling up the DagBag from /opt/airflow/dags/my_tasks.py
[2026-07-18T13:29:51.460+0000] {processor.py:925} INFO - DAG(s) 'my_dag' retrieved from /opt/airflow/dags/my_tasks.py
[2026-07-18T13:29:51.477+0000] {logging_mixin.py:190} INFO - [2026-07-18T13:29:51.477+0000] {dag.py:3239} INFO - Sync 1 DAGs
[2026-07-18T13:29:51.493+0000] {logging_mixin.py:190} INFO - [2026-07-18T13:29:51.493+0000] {dag.py:4180} INFO - Setting next_dagrun for my_dag to None, run_after=None
[2026-07-18T13:29:51.508+0000] {processor.py:208} INFO - Processing /opt/airflow/dags/my_tasks.py took 0.061 seconds
[2026-07-18T13:30:21.741+0000] {processor.py:186} INFO - Started process (PID=1696) to work on /opt/airflow/dags/my_tasks.py
[2026-07-18T13:30:21.742+0000] {processor.py:914} INFO - Processing file /opt/airflow/dags/my_tasks.py for tasks to queue
[2026-07-18T13:30:21.745+0000] {logging_mixin.py:190} INFO - [2026-07-18T13:30:21.744+0000] {dagbag.py:588} INFO - Filling up the DagBag from /opt/airflow/dags/my_tasks.py
[2026-07-18T13:30:21.750+0000] {processor.py:925} INFO - DAG(s) 'my_dag' retrieved from /opt/airflow/dags/my_tasks.py
[2026-07-18T13:30:21.767+0000] {logging_mixin.py:190} INFO - [2026-07-18T13:30:21.767+0000] {dag.py:3239} INFO - Sync 1 DAGs
[2026-07-18T13:30:21.782+0000] {logging_mixin.py:190} INFO - [2026-07-18T13:30:21.782+0000] {dag.py:4180} INFO - Setting next_dagrun for my_dag to None, run_after=None
[2026-07-18T13:30:21.796+0000] {processor.py:208} INFO - Processing /opt/airflow/dags/my_tasks.py took 0.061 seconds
[2026-07-18T13:30:52.018+0000] {processor.py:186} INFO - Started process (PID=1707) to work on /opt/airflow/dags/my_tasks.py
[2026-07-18T13:30:52.019+0000] {processor.py:914} INFO - Processing file /opt/airflow/dags/my_tasks.py for tasks to queue
[2026-07-18T13:30:52.020+0000] {logging_mixin.py:190} INFO - [2026-07-18T13:30:52.020+0000] {dagbag.py:588} INFO - Filling up the DagBag from /opt/airflow/dags/my_tasks.py
[2026-07-18T13:30:52.025+0000] {processor.py:925} INFO - DAG(s) 'my_dag' retrieved from /opt/airflow/dags/my_tasks.py
[2026-07-18T13:30:52.042+0000] {logging_mixin.py:190} INFO - [2026-07-18T13:30:52.042+0000] {dag.py:3239} INFO - Sync 1 DAGs
[2026-07-18T13:30:52.058+0000] {logging_mixin.py:190} INFO - [2026-07-18T13:30:52.057+0000] {dag.py:4180} INFO - Setting next_dagrun for my_dag to None, run_after=None
[2026-07-18T13:30:52.072+0000] {processor.py:208} INFO - Processing /opt/airflow/dags/my_tasks.py took 0.059 seconds
[2026-07-18T13:31:22.279+0000] {processor.py:186} INFO - Started process (PID=1718) to work on /opt/airflow/dags/my_tasks.py
[2026-07-18T13:31:22.279+0000] {processor.py:914} INFO - Processing file /opt/airflow/dags/my_tasks.py for tasks to queue
[2026-07-18T13:31:22.282+0000] {logging_mixin.py:190} INFO - [2026-07-18T13:31:22.282+0000] {dagbag.py:588} INFO - Filling up the DagBag from /opt/airflow/dags/my_tasks.py
[2026-07-18T13:31:22.288+0000] {processor.py:925} INFO - DAG(s) 'my_dag' retrieved from /opt/airflow/dags/my_tasks.py
[2026-07-18T13:31:22.308+0000] {logging_mixin.py:190} INFO - [2026-07-18T13:31:22.308+0000] {dag.py:3239} INFO - Sync 1 DAGs
[2026-07-18T13:31:22.324+0000] {logging_mixin.py:190} INFO - [2026-07-18T13:31:22.324+0000] {dag.py:4180} INFO - Setting next_dagrun for my_dag to None, run_after=None
[2026-07-18T13:31:22.338+0000] {processor.py:208} INFO - Processing /opt/airflow/dags/my_tasks.py took 0.065 seconds
[2026-07-18T13:31:52.555+0000] {processor.py:186} INFO - Started process (PID=1729) to work on /opt/airflow/dags/my_tasks.py
[2026-07-18T13:31:52.556+0000] {processor.py:914} INFO - Processing file /opt/airflow/dags/my_tasks.py for tasks to queue
[2026-07-18T13:31:52.558+0000] {logging_mixin.py:190} INFO - [2026-07-18T13:31:52.558+0000] {dagbag.py:588} INFO - Filling up the DagBag from /opt/airflow/dags/my_tasks.py
[2026-07-18T13:31:52.564+0000] {processor.py:925} INFO - DAG(s) 'my_dag' retrieved from /opt/airflow/dags/my_tasks.py
[2026-07-18T13:31:52.581+0000] {logging_mixin.py:190} INFO - [2026-07-18T13:31:52.581+0000] {dag.py:3239} INFO - Sync 1 DAGs
[2026-07-18T13:31:52.596+0000] {logging_mixin.py:190} INFO - [2026-07-18T13:31:52.596+0000] {dag.py:4180} INFO - Setting next_dagrun for my_dag to None, run_after=None
[2026-07-18T13:31:52.610+0000] {processor.py:208} INFO - Processing /opt/airflow/dags/my_tasks.py took 0.060 seconds
[2026-07-18T13:32:22.829+0000] {processor.py:186} INFO - Started process (PID=1740) to work on /opt/airflow/dags/my_tasks.py
[2026-07-18T13:32:22.830+0000] {processor.py:914} INFO - Processing file /opt/airflow/dags/my_tasks.py for tasks to queue
[2026-07-18T13:32:22.832+0000] {logging_mixin.py:190} INFO - [2026-07-18T13:32:22.832+0000] {dagbag.py:588} INFO - Filling up the DagBag from /opt/airflow/dags/my_tasks.py
[2026-07-18T13:32:22.838+0000] {processor.py:925} INFO - DAG(s) 'my_dag' retrieved from /opt/airflow/dags/my_tasks.py
[2026-07-18T13:32:22.857+0000] {logging_mixin.py:190} INFO - [2026-07-18T13:32:22.857+0000] {dag.py:3239} INFO - Sync 1 DAGs
[2026-07-18T13:32:22.873+0000] {logging_mixin.py:190} INFO - [2026-07-18T13:32:22.873+0000] {dag.py:4180} INFO - Setting next_dagrun for my_dag to None, run_after=None
[2026-07-18T13:32:22.887+0000] {processor.py:208} INFO - Processing /opt/airflow/dags/my_tasks.py took 0.061 seconds
[2026-07-18T13:32:53.105+0000] {processor.py:186} INFO - Started process (PID=1751) to work on /opt/airflow/dags/my_tasks.py
[2026-07-18T13:32:53.106+0000] {processor.py:914} INFO - Processing file /opt/airflow/dags/my_tasks.py for tasks to queue
[2026-07-18T13:32:53.108+0000] {logging_mixin.py:190} INFO - [2026-07-18T13:32:53.108+0000] {dagbag.py:588} INFO - Filling up the DagBag from /opt/airflow/dags/my_tasks.py
[2026-07-18T13:32:53.114+0000] {processor.py:925} INFO - DAG(s) 'my_dag' retrieved from /opt/airflow/dags/my_tasks.py
[2026-07-18T13:32:53.131+0000] {logging_mixin.py:190} INFO - [2026-07-18T13:32:53.130+0000] {dag.py:3239} INFO - Sync 1 DAGs
[2026-07-18T13:32:53.146+0000] {logging_mixin.py:190} INFO - [2026-07-18T13:32:53.146+0000] {dag.py:4180} INFO - Setting next_dagrun for my_dag to None, run_after=None
[2026-07-18T13:32:53.160+0000] {processor.py:208} INFO - Processing /opt/airflow/dags/my_tasks.py took 0.060 seconds
[2026-07-18T13:33:23.390+0000] {processor.py:186} INFO - Started process (PID=1762) to work on /opt/airflow/dags/my_tasks.py
[2026-07-18T13:33:23.398+0000] {processor.py:914} INFO - Processing file /opt/airflow/dags/my_tasks.py for tasks to queue
[2026-07-18T13:33:23.402+0000] {logging_mixin.py:190} INFO - [2026-07-18T13:33:23.401+0000] {dagbag.py:588} INFO - Filling up the DagBag from /opt/airflow/dags/my_tasks.py
[2026-07-18T13:33:23.410+0000] {processor.py:925} INFO - DAG(s) 'my_dag' retrieved from /opt/airflow/dags/my_tasks.py
[2026-07-18T13:33:23.434+0000] {logging_mixin.py:190} INFO - [2026-07-18T13:33:23.434+0000] {dag.py:3239} INFO - Sync 1 DAGs
[2026-07-18T13:33:23.454+0000] {logging_mixin.py:190} INFO - [2026-07-18T13:33:23.454+0000] {dag.py:4180} INFO - Setting next_dagrun for my_dag to None, run_after=None
[2026-07-18T13:33:23.469+0000] {processor.py:208} INFO - Processing /opt/airflow/dags/my_tasks.py took 0.085 seconds
[2026-07-18T13:33:53.681+0000] {processor.py:186} INFO - Started process (PID=1773) to work on /opt/airflow/dags/my_tasks.py
[2026-07-18T13:33:53.681+0000] {processor.py:914} INFO - Processing file /opt/airflow/dags/my_tasks.py for tasks to queue
[2026-07-18T13:33:53.683+0000] {logging_mixin.py:190} INFO - [2026-07-18T13:33:53.683+0000] {dagbag.py:588} INFO - Filling up the DagBag from /opt/airflow/dags/my_tasks.py
[2026-07-18T13:33:53.688+0000] {processor.py:925} INFO - DAG(s) 'my_dag' retrieved from /opt/airflow/dags/my_tasks.py
[2026-07-18T13:33:53.706+0000] {logging_mixin.py:190} INFO - [2026-07-18T13:33:53.705+0000] {dag.py:3239} INFO - Sync 1 DAGs
[2026-07-18T13:33:53.723+0000] {logging_mixin.py:190} INFO - [2026-07-18T13:33:53.723+0000] {dag.py:4180} INFO - Setting next_dagrun for my_dag to None, run_after=None
[2026-07-18T13:33:53.739+0000] {processor.py:208} INFO - Processing /opt/airflow/dags/my_tasks.py took 0.065 seconds
[2026-07-18T13:34:23.958+0000] {processor.py:186} INFO - Started process (PID=1784) to work on /opt/airflow/dags/my_tasks.py
[2026-07-18T13:34:23.967+0000] {processor.py:914} INFO - Processing file /opt/airflow/dags/my_tasks.py for tasks to queue
[2026-07-18T13:34:23.970+0000] {logging_mixin.py:190} INFO - [2026-07-18T13:34:23.970+0000] {dagbag.py:588} INFO - Filling up the DagBag from /opt/airflow/dags/my_tasks.py
[2026-07-18T13:34:23.977+0000] {processor.py:925} INFO - DAG(s) 'my_dag' retrieved from /opt/airflow/dags/my_tasks.py
[2026-07-18T13:34:23.995+0000] {logging_mixin.py:190} INFO - [2026-07-18T13:34:23.995+0000] {dag.py:3239} INFO - Sync 1 DAGs
[2026-07-18T13:34:24.011+0000] {logging_mixin.py:190} INFO - [2026-07-18T13:34:24.011+0000] {dag.py:4180} INFO - Setting next_dagrun for my_dag to None, run_after=None
[2026-07-18T13:34:24.025+0000] {processor.py:208} INFO - Processing /opt/airflow/dags/my_tasks.py took 0.072 seconds
[2026-07-18T13:34:54.216+0000] {processor.py:186} INFO - Started process (PID=1795) to work on /opt/airflow/dags/my_tasks.py
[2026-07-18T13:34:54.217+0000] {processor.py:914} INFO - Processing file /opt/airflow/dags/my_tasks.py for tasks to queue
[2026-07-18T13:34:54.219+0000] {logging_mixin.py:190} INFO - [2026-07-18T13:34:54.218+0000] {dagbag.py:588} INFO - Filling up the DagBag from /opt/airflow/dags/my_tasks.py
[2026-07-18T13:34:54.225+0000] {processor.py:925} INFO - DAG(s) 'my_dag' retrieved from /opt/airflow/dags/my_tasks.py
[2026-07-18T13:34:54.242+0000] {logging_mixin.py:190} INFO - [2026-07-18T13:34:54.242+0000] {dag.py:3239} INFO - Sync 1 DAGs
[2026-07-18T13:34:54.258+0000] {logging_mixin.py:190} INFO - [2026-07-18T13:34:54.258+0000] {dag.py:4180} INFO - Setting next_dagrun for my_dag to None, run_after=None
[2026-07-18T13:34:54.279+0000] {processor.py:208} INFO - Processing /opt/airflow/dags/my_tasks.py took 0.069 seconds
[2026-07-18T13:35:24.484+0000] {processor.py:186} INFO - Started process (PID=1806) to work on /opt/airflow/dags/my_tasks.py
[2026-07-18T13:35:24.492+0000] {processor.py:914} INFO - Processing file /opt/airflow/dags/my_tasks.py for tasks to queue
[2026-07-18T13:35:24.494+0000] {logging_mixin.py:190} INFO - [2026-07-18T13:35:24.494+0000] {dagbag.py:588} INFO - Filling up the DagBag from /opt/airflow/dags/my_tasks.py
[2026-07-18T13:35:24.499+0000] {processor.py:925} INFO - DAG(s) 'my_dag' retrieved from /opt/airflow/dags/my_tasks.py
[2026-07-18T13:35:24.517+0000] {logging_mixin.py:190} INFO - [2026-07-18T13:35:24.517+0000] {dag.py:3239} INFO - Sync 1 DAGs
[2026-07-18T13:35:24.532+0000] {logging_mixin.py:190} INFO - [2026-07-18T13:35:24.532+0000] {dag.py:4180} INFO - Setting next_dagrun for my_dag to None, run_after=None
[2026-07-18T13:35:24.546+0000] {processor.py:208} INFO - Processing /opt/airflow/dags/my_tasks.py took 0.067 seconds
[2026-07-18T13:35:54.769+0000] {processor.py:186} INFO - Started process (PID=1817) to work on /opt/airflow/dags/my_tasks.py
[2026-07-18T13:35:54.770+0000] {processor.py:914} INFO - Processing file /opt/airflow/dags/my_tasks.py for tasks to queue
[2026-07-18T13:35:54.773+0000] {logging_mixin.py:190} INFO - [2026-07-18T13:35:54.772+0000] {dagbag.py:588} INFO - Filling up the DagBag from /opt/airflow/dags/my_tasks.py
[2026-07-18T13:35:54.778+0000] {processor.py:925} INFO - DAG(s) 'my_dag' retrieved from /opt/airflow/dags/my_tasks.py
[2026-07-18T13:35:54.801+0000] {logging_mixin.py:190} INFO - [2026-07-18T13:35:54.800+0000] {dag.py:3239} INFO - Sync 1 DAGs
[2026-07-18T13:35:54.828+0000] {logging_mixin.py:190} INFO - [2026-07-18T13:35:54.828+0000] {dag.py:4180} INFO - Setting next_dagrun for my_dag to None, run_after=None
[2026-07-18T13:35:54.846+0000] {processor.py:208} INFO - Processing /opt/airflow/dags/my_tasks.py took 0.082 seconds
[2026-07-18T13:36:25.021+0000] {processor.py:186} INFO - Started process (PID=1828) to work on /opt/airflow/dags/my_tasks.py
[2026-07-18T13:36:25.021+0000] {processor.py:914} INFO - Processing file /opt/airflow/dags/my_tasks.py for tasks to queue
[2026-07-18T13:36:25.023+0000] {logging_mixin.py:190} INFO - [2026-07-18T13:36:25.023+0000] {dagbag.py:588} INFO - Filling up the DagBag from /opt/airflow/dags/my_tasks.py
[2026-07-18T13:36:25.029+0000] {processor.py:925} INFO - DAG(s) 'my_dag' retrieved from /opt/airflow/dags/my_tasks.py
[2026-07-18T13:36:25.046+0000] {logging_mixin.py:190} INFO - [2026-07-18T13:36:25.046+0000] {dag.py:3239} INFO - Sync 1 DAGs
[2026-07-18T13:36:25.064+0000] {logging_mixin.py:190} INFO - [2026-07-18T13:36:25.063+0000] {dag.py:4180} INFO - Setting next_dagrun for my_dag to None, run_after=None
[2026-07-18T13:36:25.079+0000] {processor.py:208} INFO - Processing /opt/airflow/dags/my_tasks.py took 0.063 seconds
[2026-07-18T13:36:55.285+0000] {processor.py:186} INFO - Started process (PID=1839) to work on /opt/airflow/dags/my_tasks.py
[2026-07-18T13:36:55.286+0000] {processor.py:914} INFO - Processing file /opt/airflow/dags/my_tasks.py for tasks to queue
[2026-07-18T13:36:55.288+0000] {logging_mixin.py:190} INFO - [2026-07-18T13:36:55.288+0000] {dagbag.py:588} INFO - Filling up the DagBag from /opt/airflow/dags/my_tasks.py
[2026-07-18T13:36:55.295+0000] {processor.py:925} INFO - DAG(s) 'my_dag' retrieved from /opt/airflow/dags/my_tasks.py
[2026-07-18T13:36:55.314+0000] {logging_mixin.py:190} INFO - [2026-07-18T13:36:55.314+0000] {dag.py:3239} INFO - Sync 1 DAGs
[2026-07-18T13:36:55.331+0000] {logging_mixin.py:190} INFO - [2026-07-18T13:36:55.330+0000] {dag.py:4180} INFO - Setting next_dagrun for my_dag to None, run_after=None
[2026-07-18T13:36:55.345+0000] {processor.py:208} INFO - Processing /opt/airflow/dags/my_tasks.py took 0.066 seconds
[2026-07-18T13:37:25.556+0000] {processor.py:186} INFO - Started process (PID=1850) to work on /opt/airflow/dags/my_tasks.py
[2026-07-18T13:37:25.564+0000] {processor.py:914} INFO - Processing file /opt/airflow/dags/my_tasks.py for tasks to queue
[2026-07-18T13:37:25.568+0000] {logging_mixin.py:190} INFO - [2026-07-18T13:37:25.567+0000] {dagbag.py:588} INFO - Filling up the DagBag from /opt/airflow/dags/my_tasks.py
[2026-07-18T13:37:25.576+0000] {processor.py:925} INFO - DAG(s) 'my_dag' retrieved from /opt/airflow/dags/my_tasks.py
[2026-07-18T13:37:25.595+0000] {logging_mixin.py:190} INFO - [2026-07-18T13:37:25.595+0000] {dag.py:3239} INFO - Sync 1 DAGs
[2026-07-18T13:37:25.611+0000] {logging_mixin.py:190} INFO - [2026-07-18T13:37:25.611+0000] {dag.py:4180} INFO - Setting next_dagrun for my_dag to None, run_after=None
[2026-07-18T13:37:25.625+0000] {processor.py:208} INFO - Processing /opt/airflow/dags/my_tasks.py took 0.073 seconds
[2026-07-18T13:37:27.594+0000] {processor.py:186} INFO - Started process (PID=1855) to work on /opt/airflow/dags/my_tasks.py
[2026-07-18T13:37:27.594+0000] {processor.py:914} INFO - Processing file /opt/airflow/dags/my_tasks.py for tasks to queue
[2026-07-18T13:37:27.596+0000] {logging_mixin.py:190} INFO - [2026-07-18T13:37:27.595+0000] {dagbag.py:588} INFO - Filling up the DagBag from /opt/airflow/dags/my_tasks.py
[2026-07-18T13:37:27.603+0000] {processor.py:925} INFO - DAG(s) 'my_dag' retrieved from /opt/airflow/dags/my_tasks.py
[2026-07-18T13:37:27.689+0000] {logging_mixin.py:190} INFO - [2026-07-18T13:37:27.688+0000] {dag.py:3239} INFO - Sync 1 DAGs
[2026-07-18T13:37:27.807+0000] {logging_mixin.py:190} INFO - [2026-07-18T13:37:27.807+0000] {dag.py:4180} INFO - Setting next_dagrun for my_dag to None, run_after=None
[2026-07-18T13:37:27.821+0000] {processor.py:208} INFO - Processing /opt/airflow/dags/my_tasks.py took 0.232 seconds
[2026-07-18T13:37:35.718+0000] {processor.py:186} INFO - Started process (PID=1860) to work on /opt/airflow/dags/my_tasks.py
[2026-07-18T13:37:35.719+0000] {processor.py:914} INFO - Processing file /opt/airflow/dags/my_tasks.py for tasks to queue
[2026-07-18T13:37:35.721+0000] {logging_mixin.py:190} INFO - [2026-07-18T13:37:35.721+0000] {dagbag.py:588} INFO - Filling up the DagBag from /opt/airflow/dags/my_tasks.py
[2026-07-18T13:37:35.729+0000] {processor.py:925} INFO - DAG(s) 'my_dag' retrieved from /opt/airflow/dags/my_tasks.py
[2026-07-18T13:37:35.740+0000] {logging_mixin.py:190} INFO - [2026-07-18T13:37:35.740+0000] {dag.py:3239} INFO - Sync 1 DAGs
[2026-07-18T13:37:35.760+0000] {logging_mixin.py:190} INFO - [2026-07-18T13:37:35.760+0000] {dag.py:4180} INFO - Setting next_dagrun for my_dag to None, run_after=None
[2026-07-18T13:37:35.785+0000] {processor.py:208} INFO - Processing /opt/airflow/dags/my_tasks.py took 0.074 seconds
[2026-07-18T13:37:37.747+0000] {processor.py:186} INFO - Started process (PID=1865) to work on /opt/airflow/dags/my_tasks.py
[2026-07-18T13:37:37.747+0000] {processor.py:914} INFO - Processing file /opt/airflow/dags/my_tasks.py for tasks to queue
[2026-07-18T13:37:37.750+0000] {logging_mixin.py:190} INFO - [2026-07-18T13:37:37.749+0000] {dagbag.py:588} INFO - Filling up the DagBag from /opt/airflow/dags/my_tasks.py
[2026-07-18T13:37:37.757+0000] {processor.py:925} INFO - DAG(s) 'my_dag' retrieved from /opt/airflow/dags/my_tasks.py
[2026-07-18T13:37:37.767+0000] {logging_mixin.py:190} INFO - [2026-07-18T13:37:37.766+0000] {dag.py:3239} INFO - Sync 1 DAGs
[2026-07-18T13:37:37.784+0000] {logging_mixin.py:190} INFO - [2026-07-18T13:37:37.784+0000] {dag.py:4180} INFO - Setting next_dagrun for my_dag to None, run_after=None
[2026-07-18T13:37:37.800+0000] {processor.py:208} INFO - Processing /opt/airflow/dags/my_tasks.py took 0.058 seconds
[2026-07-18T13:37:38.818+0000] {processor.py:186} INFO - Started process (PID=1870) to work on /opt/airflow/dags/my_tasks.py
[2026-07-18T13:37:38.818+0000] {processor.py:914} INFO - Processing file /opt/airflow/dags/my_tasks.py for tasks to queue
[2026-07-18T13:37:38.820+0000] {logging_mixin.py:190} INFO - [2026-07-18T13:37:38.819+0000] {dagbag.py:588} INFO - Filling up the DagBag from /opt/airflow/dags/my_tasks.py
[2026-07-18T13:37:38.826+0000] {processor.py:925} INFO - DAG(s) 'my_dag' retrieved from /opt/airflow/dags/my_tasks.py
[2026-07-18T13:37:38.836+0000] {logging_mixin.py:190} INFO - [2026-07-18T13:37:38.836+0000] {dag.py:3239} INFO - Sync 1 DAGs
[2026-07-18T13:37:38.855+0000] {logging_mixin.py:190} INFO - [2026-07-18T13:37:38.855+0000] {dag.py:4180} INFO - Setting next_dagrun for my_dag to None, run_after=None
[2026-07-18T13:37:38.873+0000] {processor.py:208} INFO - Processing /opt/airflow/dags/my_tasks.py took 0.059 seconds
[2026-07-18T13:37:40.849+0000] {processor.py:186} INFO - Started process (PID=1881) to work on /opt/airflow/dags/my_tasks.py
[2026-07-18T13:37:40.850+0000] {processor.py:914} INFO - Processing file /opt/airflow/dags/my_tasks.py for tasks to queue
[2026-07-18T13:37:40.852+0000] {logging_mixin.py:190} INFO - [2026-07-18T13:37:40.852+0000] {dagbag.py:588} INFO - Filling up the DagBag from /opt/airflow/dags/my_tasks.py
[2026-07-18T13:37:40.858+0000] {processor.py:925} INFO - DAG(s) 'my_dag' retrieved from /opt/airflow/dags/my_tasks.py
[2026-07-18T13:37:40.868+0000] {logging_mixin.py:190} INFO - [2026-07-18T13:37:40.867+0000] {dag.py:3239} INFO - Sync 1 DAGs
[2026-07-18T13:37:40.886+0000] {logging_mixin.py:190} INFO - [2026-07-18T13:37:40.886+0000] {dag.py:4180} INFO - Setting next_dagrun for my_dag to None, run_after=None
[2026-07-18T13:37:40.902+0000] {processor.py:208} INFO - Processing /opt/airflow/dags/my_tasks.py took 0.062 seconds
[2026-07-18T13:37:46.958+0000] {processor.py:186} INFO - Started process (PID=1886) to work on /opt/airflow/dags/my_tasks.py
[2026-07-18T13:37:46.959+0000] {processor.py:914} INFO - Processing file /opt/airflow/dags/my_tasks.py for tasks to queue
[2026-07-18T13:37:46.960+0000] {logging_mixin.py:190} INFO - [2026-07-18T13:37:46.960+0000] {dagbag.py:588} INFO - Filling up the DagBag from /opt/airflow/dags/my_tasks.py
[2026-07-18T13:37:46.967+0000] {processor.py:925} INFO - DAG(s) 'my_dag' retrieved from /opt/airflow/dags/my_tasks.py
[2026-07-18T13:37:46.975+0000] {logging_mixin.py:190} INFO - [2026-07-18T13:37:46.975+0000] {dag.py:3239} INFO - Sync 1 DAGs
[2026-07-18T13:37:46.993+0000] {logging_mixin.py:190} INFO - [2026-07-18T13:37:46.993+0000] {dag.py:4180} INFO - Setting next_dagrun for my_dag to None, run_after=None
[2026-07-18T13:37:47.011+0000] {processor.py:208} INFO - Processing /opt/airflow/dags/my_tasks.py took 0.057 seconds
[2026-07-18T13:37:57.056+0000] {processor.py:186} INFO - Started process (PID=1891) to work on /opt/airflow/dags/my_tasks.py
[2026-07-18T13:37:57.056+0000] {processor.py:914} INFO - Processing file /opt/airflow/dags/my_tasks.py for tasks to queue
[2026-07-18T13:37:57.058+0000] {logging_mixin.py:190} INFO - [2026-07-18T13:37:57.058+0000] {dagbag.py:588} INFO - Filling up the DagBag from /opt/airflow/dags/my_tasks.py
[2026-07-18T13:37:57.065+0000] {processor.py:925} INFO - DAG(s) 'my_dag' retrieved from /opt/airflow/dags/my_tasks.py
[2026-07-18T13:37:57.074+0000] {logging_mixin.py:190} INFO - [2026-07-18T13:37:57.073+0000] {dag.py:3239} INFO - Sync 1 DAGs
[2026-07-18T13:37:57.090+0000] {logging_mixin.py:190} INFO - [2026-07-18T13:37:57.090+0000] {dag.py:4180} INFO - Setting next_dagrun for my_dag to None, run_after=None
[2026-07-18T13:37:57.107+0000] {processor.py:208} INFO - Processing /opt/airflow/dags/my_tasks.py took 0.060 seconds
[2026-07-18T13:37:58.110+0000] {processor.py:186} INFO - Started process (PID=1896) to work on /opt/airflow/dags/my_tasks.py
[2026-07-18T13:37:58.111+0000] {processor.py:914} INFO - Processing file /opt/airflow/dags/my_tasks.py for tasks to queue
[2026-07-18T13:37:58.114+0000] {logging_mixin.py:190} INFO - [2026-07-18T13:37:58.113+0000] {dagbag.py:588} INFO - Filling up the DagBag from /opt/airflow/dags/my_tasks.py
[2026-07-18T13:37:58.120+0000] {processor.py:925} INFO - DAG(s) 'my_dag' retrieved from /opt/airflow/dags/my_tasks.py
[2026-07-18T13:37:58.198+0000] {logging_mixin.py:190} INFO - [2026-07-18T13:37:58.198+0000] {dag.py:3239} INFO - Sync 1 DAGs
[2026-07-18T13:37:58.211+0000] {logging_mixin.py:190} INFO - [2026-07-18T13:37:58.211+0000] {dag.py:4180} INFO - Setting next_dagrun for my_dag to None, run_after=None
[2026-07-18T13:37:58.238+0000] {processor.py:208} INFO - Processing /opt/airflow/dags/my_tasks.py took 0.133 seconds
[2026-07-18T13:38:28.394+0000] {processor.py:186} INFO - Started process (PID=1907) to work on /opt/airflow/dags/my_tasks.py
[2026-07-18T13:38:28.395+0000] {processor.py:914} INFO - Processing file /opt/airflow/dags/my_tasks.py for tasks to queue
[2026-07-18T13:38:28.397+0000] {logging_mixin.py:190} INFO - [2026-07-18T13:38:28.397+0000] {dagbag.py:588} INFO - Filling up the DagBag from /opt/airflow/dags/my_tasks.py
[2026-07-18T13:38:28.403+0000] {processor.py:925} INFO - DAG(s) 'my_dag' retrieved from /opt/airflow/dags/my_tasks.py
[2026-07-18T13:38:28.421+0000] {logging_mixin.py:190} INFO - [2026-07-18T13:38:28.421+0000] {dag.py:3239} INFO - Sync 1 DAGs
[2026-07-18T13:38:28.436+0000] {logging_mixin.py:190} INFO - [2026-07-18T13:38:28.436+0000] {dag.py:4180} INFO - Setting next_dagrun for my_dag to None, run_after=None
[2026-07-18T13:38:28.450+0000] {processor.py:208} INFO - Processing /opt/airflow/dags/my_tasks.py took 0.065 seconds
[2026-07-18T13:38:58.677+0000] {processor.py:186} INFO - Started process (PID=1918) to work on /opt/airflow/dags/my_tasks.py
[2026-07-18T13:38:58.678+0000] {processor.py:914} INFO - Processing file /opt/airflow/dags/my_tasks.py for tasks to queue
[2026-07-18T13:38:58.680+0000] {logging_mixin.py:190} INFO - [2026-07-18T13:38:58.679+0000] {dagbag.py:588} INFO - Filling up the DagBag from /opt/airflow/dags/my_tasks.py
[2026-07-18T13:38:58.687+0000] {processor.py:925} INFO - DAG(s) 'my_dag' retrieved from /opt/airflow/dags/my_tasks.py
[2026-07-18T13:38:58.708+0000] {logging_mixin.py:190} INFO - [2026-07-18T13:38:58.707+0000] {dag.py:3239} INFO - Sync 1 DAGs
[2026-07-18T13:38:58.728+0000] {logging_mixin.py:190} INFO - [2026-07-18T13:38:58.728+0000] {dag.py:4180} INFO - Setting next_dagrun for my_dag to None, run_after=None
[2026-07-18T13:38:58.745+0000] {processor.py:208} INFO - Processing /opt/airflow/dags/my_tasks.py took 0.073 seconds
[2026-07-18T13:39:04.753+0000] {processor.py:186} INFO - Started process (PID=1923) to work on /opt/airflow/dags/my_tasks.py
[2026-07-18T13:39:04.754+0000] {processor.py:914} INFO - Processing file /opt/airflow/dags/my_tasks.py for tasks to queue
[2026-07-18T13:39:04.756+0000] {logging_mixin.py:190} INFO - [2026-07-18T13:39:04.755+0000] {dagbag.py:588} INFO - Filling up the DagBag from /opt/airflow/dags/my_tasks.py
[2026-07-18T13:39:04.762+0000] {processor.py:925} INFO - DAG(s) 'my_dag' retrieved from /opt/airflow/dags/my_tasks.py
[2026-07-18T13:39:04.842+0000] {logging_mixin.py:190} INFO - [2026-07-18T13:39:04.842+0000] {dag.py:3239} INFO - Sync 1 DAGs
[2026-07-18T13:39:04.961+0000] {logging_mixin.py:190} INFO - [2026-07-18T13:39:04.961+0000] {dag.py:4180} INFO - Setting next_dagrun for my_dag to None, run_after=None
[2026-07-18T13:39:04.975+0000] {processor.py:208} INFO - Processing /opt/airflow/dags/my_tasks.py took 0.230 seconds
[2026-07-18T13:39:35.057+0000] {processor.py:186} INFO - Started process (PID=1934) to work on /opt/airflow/dags/my_tasks.py
[2026-07-18T13:39:35.058+0000] {processor.py:914} INFO - Processing file /opt/airflow/dags/my_tasks.py for tasks to queue
[2026-07-18T13:39:35.060+0000] {logging_mixin.py:190} INFO - [2026-07-18T13:39:35.059+0000] {dagbag.py:588} INFO - Filling up the DagBag from /opt/airflow/dags/my_tasks.py
[2026-07-18T13:39:35.066+0000] {processor.py:925} INFO - DAG(s) 'my_dag' retrieved from /opt/airflow/dags/my_tasks.py
[2026-07-18T13:39:35.085+0000] {logging_mixin.py:190} INFO - [2026-07-18T13:39:35.085+0000] {dag.py:3239} INFO - Sync 1 DAGs
[2026-07-18T13:39:35.101+0000] {logging_mixin.py:190} INFO - [2026-07-18T13:39:35.101+0000] {dag.py:4180} INFO - Setting next_dagrun for my_dag to None, run_after=None
[2026-07-18T13:39:35.115+0000] {processor.py:208} INFO - Processing /opt/airflow/dags/my_tasks.py took 0.067 seconds
[2026-07-18T13:39:58.255+0000] {processor.py:186} INFO - Started process (PID=1945) to work on /opt/airflow/dags/my_tasks.py
[2026-07-18T13:39:58.263+0000] {processor.py:914} INFO - Processing file /opt/airflow/dags/my_tasks.py for tasks to queue
[2026-07-18T13:39:58.265+0000] {logging_mixin.py:190} INFO - [2026-07-18T13:39:58.265+0000] {dagbag.py:588} INFO - Filling up the DagBag from /opt/airflow/dags/my_tasks.py
[2026-07-18T13:39:58.272+0000] {processor.py:925} INFO - DAG(s) 'my_dag' retrieved from /opt/airflow/dags/my_tasks.py
[2026-07-18T13:39:58.371+0000] {logging_mixin.py:190} INFO - [2026-07-18T13:39:58.371+0000] {dag.py:3239} INFO - Sync 1 DAGs
[2026-07-18T13:39:58.387+0000] {logging_mixin.py:190} INFO - [2026-07-18T13:39:58.387+0000] {dag.py:4180} INFO - Setting next_dagrun for my_dag to None, run_after=None
[2026-07-18T13:39:58.404+0000] {processor.py:208} INFO - Processing /opt/airflow/dags/my_tasks.py took 0.154 seconds
[2026-07-18T13:40:03.320+0000] {processor.py:186} INFO - Started process (PID=1950) to work on /opt/airflow/dags/my_tasks.py
[2026-07-18T13:40:03.321+0000] {processor.py:914} INFO - Processing file /opt/airflow/dags/my_tasks.py for tasks to queue
[2026-07-18T13:40:03.324+0000] {logging_mixin.py:190} INFO - [2026-07-18T13:40:03.323+0000] {dagbag.py:588} INFO - Filling up the DagBag from /opt/airflow/dags/my_tasks.py
[2026-07-18T13:40:03.330+0000] {processor.py:925} INFO - DAG(s) 'my_dag' retrieved from /opt/airflow/dags/my_tasks.py
[2026-07-18T13:40:03.339+0000] {logging_mixin.py:190} INFO - [2026-07-18T13:40:03.339+0000] {dag.py:3239} INFO - Sync 1 DAGs
[2026-07-18T13:40:03.355+0000] {logging_mixin.py:190} INFO - [2026-07-18T13:40:03.355+0000] {dag.py:4180} INFO - Setting next_dagrun for my_dag to None, run_after=None
[2026-07-18T13:40:03.370+0000] {processor.py:208} INFO - Processing /opt/airflow/dags/my_tasks.py took 0.060 seconds
[2026-07-18T13:40:33.574+0000] {processor.py:186} INFO - Started process (PID=1961) to work on /opt/airflow/dags/my_tasks.py
[2026-07-18T13:40:33.582+0000] {processor.py:914} INFO - Processing file /opt/airflow/dags/my_tasks.py for tasks to queue
[2026-07-18T13:40:33.586+0000] {logging_mixin.py:190} INFO - [2026-07-18T13:40:33.585+0000] {dagbag.py:588} INFO - Filling up the DagBag from /opt/airflow/dags/my_tasks.py
[2026-07-18T13:40:33.594+0000] {processor.py:925} INFO - DAG(s) 'my_dag' retrieved from /opt/airflow/dags/my_tasks.py
[2026-07-18T13:40:33.671+0000] {logging_mixin.py:190} INFO - [2026-07-18T13:40:33.670+0000] {dag.py:3239} INFO - Sync 1 DAGs
[2026-07-18T13:40:33.685+0000] {logging_mixin.py:190} INFO - [2026-07-18T13:40:33.685+0000] {dag.py:4180} INFO - Setting next_dagrun for my_dag to None, run_after=None
[2026-07-18T13:40:33.830+0000] {processor.py:208} INFO - Processing /opt/airflow/dags/my_tasks.py took 0.260 seconds
[2026-07-18T13:41:04.035+0000] {processor.py:186} INFO - Started process (PID=1972) to work on /opt/airflow/dags/my_tasks.py
[2026-07-18T13:41:04.036+0000] {processor.py:914} INFO - Processing file /opt/airflow/dags/my_tasks.py for tasks to queue
[2026-07-18T13:41:04.038+0000] {logging_mixin.py:190} INFO - [2026-07-18T13:41:04.038+0000] {dagbag.py:588} INFO - Filling up the DagBag from /opt/airflow/dags/my_tasks.py
[2026-07-18T13:41:04.044+0000] {processor.py:925} INFO - DAG(s) 'my_dag' retrieved from /opt/airflow/dags/my_tasks.py
[2026-07-18T13:41:04.062+0000] {logging_mixin.py:190} INFO - [2026-07-18T13:41:04.062+0000] {dag.py:3239} INFO - Sync 1 DAGs
[2026-07-18T13:41:04.077+0000] {logging_mixin.py:190} INFO - [2026-07-18T13:41:04.077+0000] {dag.py:4180} INFO - Setting next_dagrun for my_dag to None, run_after=None
[2026-07-18T13:41:04.093+0000] {processor.py:208} INFO - Processing /opt/airflow/dags/my_tasks.py took 0.067 seconds
[2026-07-18T13:41:34.284+0000] {processor.py:186} INFO - Started process (PID=1983) to work on /opt/airflow/dags/my_tasks.py
[2026-07-18T13:41:34.285+0000] {processor.py:914} INFO - Processing file /opt/airflow/dags/my_tasks.py for tasks to queue
[2026-07-18T13:41:34.287+0000] {logging_mixin.py:190} INFO - [2026-07-18T13:41:34.287+0000] {dagbag.py:588} INFO - Filling up the DagBag from /opt/airflow/dags/my_tasks.py
[2026-07-18T13:41:34.296+0000] {processor.py:925} INFO - DAG(s) 'my_dag' retrieved from /opt/airflow/dags/my_tasks.py
[2026-07-18T13:41:34.320+0000] {logging_mixin.py:190} INFO - [2026-07-18T13:41:34.319+0000] {dag.py:3239} INFO - Sync 1 DAGs
[2026-07-18T13:41:34.352+0000] {logging_mixin.py:190} INFO - [2026-07-18T13:41:34.351+0000] {dag.py:4180} INFO - Setting next_dagrun for my_dag to None, run_after=None
[2026-07-18T13:41:34.376+0000] {processor.py:208} INFO - Processing /opt/airflow/dags/my_tasks.py took 0.098 seconds
[2026-07-18T13:42:04.515+0000] {processor.py:186} INFO - Started process (PID=1994) to work on /opt/airflow/dags/my_tasks.py
[2026-07-18T13:42:04.515+0000] {processor.py:914} INFO - Processing file /opt/airflow/dags/my_tasks.py for tasks to queue
[2026-07-18T13:42:04.517+0000] {logging_mixin.py:190} INFO - [2026-07-18T13:42:04.516+0000] {dagbag.py:588} INFO - Filling up the DagBag from /opt/airflow/dags/my_tasks.py
[2026-07-18T13:42:04.525+0000] {processor.py:925} INFO - DAG(s) 'my_dag' retrieved from /opt/airflow/dags/my_tasks.py
[2026-07-18T13:42:04.548+0000] {logging_mixin.py:190} INFO - [2026-07-18T13:42:04.548+0000] {dag.py:3239} INFO - Sync 1 DAGs
[2026-07-18T13:42:04.566+0000] {logging_mixin.py:190} INFO - [2026-07-18T13:42:04.566+0000] {dag.py:4180} INFO - Setting next_dagrun for my_dag to None, run_after=None
[2026-07-18T13:42:04.585+0000] {processor.py:208} INFO - Processing /opt/airflow/dags/my_tasks.py took 0.074 seconds
[2026-07-18T13:42:34.842+0000] {processor.py:186} INFO - Started process (PID=2005) to work on /opt/airflow/dags/my_tasks.py
[2026-07-18T13:42:34.843+0000] {processor.py:914} INFO - Processing file /opt/airflow/dags/my_tasks.py for tasks to queue
[2026-07-18T13:42:34.845+0000] {logging_mixin.py:190} INFO - [2026-07-18T13:42:34.845+0000] {dagbag.py:588} INFO - Filling up the DagBag from /opt/airflow/dags/my_tasks.py
[2026-07-18T13:42:34.851+0000] {processor.py:925} INFO - DAG(s) 'my_dag' retrieved from /opt/airflow/dags/my_tasks.py
[2026-07-18T13:42:34.870+0000] {logging_mixin.py:190} INFO - [2026-07-18T13:42:34.870+0000] {dag.py:3239} INFO - Sync 1 DAGs
[2026-07-18T13:42:34.889+0000] {logging_mixin.py:190} INFO - [2026-07-18T13:42:34.889+0000] {dag.py:4180} INFO - Setting next_dagrun for my_dag to None, run_after=None
[2026-07-18T13:42:34.904+0000] {processor.py:208} INFO - Processing /opt/airflow/dags/my_tasks.py took 0.068 seconds
[2026-07-18T13:42:45.962+0000] {processor.py:186} INFO - Started process (PID=2016) to work on /opt/airflow/dags/my_tasks.py
[2026-07-18T13:42:45.963+0000] {processor.py:914} INFO - Processing file /opt/airflow/dags/my_tasks.py for tasks to queue
[2026-07-18T13:42:45.965+0000] {logging_mixin.py:190} INFO - [2026-07-18T13:42:45.964+0000] {dagbag.py:588} INFO - Filling up the DagBag from /opt/airflow/dags/my_tasks.py
[2026-07-18T13:42:45.972+0000] {processor.py:925} INFO - DAG(s) 'my_dag' retrieved from /opt/airflow/dags/my_tasks.py
[2026-07-18T13:42:46.054+0000] {logging_mixin.py:190} INFO - [2026-07-18T13:42:46.054+0000] {dag.py:3239} INFO - Sync 1 DAGs
[2026-07-18T13:42:46.166+0000] {logging_mixin.py:190} INFO - [2026-07-18T13:42:46.166+0000] {dag.py:4180} INFO - Setting next_dagrun for my_dag to None, run_after=None
[2026-07-18T13:42:46.191+0000] {processor.py:208} INFO - Processing /opt/airflow/dags/my_tasks.py took 0.234 seconds
[2026-07-18T13:42:52.039+0000] {processor.py:186} INFO - Started process (PID=2021) to work on /opt/airflow/dags/my_tasks.py
[2026-07-18T13:42:52.040+0000] {processor.py:914} INFO - Processing file /opt/airflow/dags/my_tasks.py for tasks to queue
[2026-07-18T13:42:52.041+0000] {logging_mixin.py:190} INFO - [2026-07-18T13:42:52.041+0000] {dagbag.py:588} INFO - Filling up the DagBag from /opt/airflow/dags/my_tasks.py
[2026-07-18T13:42:52.049+0000] {processor.py:925} INFO - DAG(s) 'my_dag' retrieved from /opt/airflow/dags/my_tasks.py
[2026-07-18T13:42:52.059+0000] {logging_mixin.py:190} INFO - [2026-07-18T13:42:52.059+0000] {dag.py:3239} INFO - Sync 1 DAGs
[2026-07-18T13:42:52.078+0000] {logging_mixin.py:190} INFO - [2026-07-18T13:42:52.078+0000] {dag.py:4180} INFO - Setting next_dagrun for my_dag to None, run_after=None
[2026-07-18T13:42:52.096+0000] {processor.py:208} INFO - Processing /opt/airflow/dags/my_tasks.py took 0.065 seconds
[2026-07-18T13:43:00.114+0000] {processor.py:186} INFO - Started process (PID=2026) to work on /opt/airflow/dags/my_tasks.py
[2026-07-18T13:43:00.115+0000] {processor.py:914} INFO - Processing file /opt/airflow/dags/my_tasks.py for tasks to queue
[2026-07-18T13:43:00.117+0000] {logging_mixin.py:190} INFO - [2026-07-18T13:43:00.117+0000] {dagbag.py:588} INFO - Filling up the DagBag from /opt/airflow/dags/my_tasks.py
[2026-07-18T13:43:00.124+0000] {processor.py:925} INFO - DAG(s) 'my_dag' retrieved from /opt/airflow/dags/my_tasks.py
[2026-07-18T13:43:00.133+0000] {logging_mixin.py:190} INFO - [2026-07-18T13:43:00.133+0000] {dag.py:3239} INFO - Sync 1 DAGs
[2026-07-18T13:43:00.152+0000] {logging_mixin.py:190} INFO - [2026-07-18T13:43:00.152+0000] {dag.py:4180} INFO - Setting next_dagrun for my_dag to None, run_after=None
[2026-07-18T13:43:00.167+0000] {processor.py:208} INFO - Processing /opt/airflow/dags/my_tasks.py took 0.063 seconds
[2026-07-18T13:43:30.441+0000] {processor.py:186} INFO - Started process (PID=2037) to work on /opt/airflow/dags/my_tasks.py
[2026-07-18T13:43:30.442+0000] {processor.py:914} INFO - Processing file /opt/airflow/dags/my_tasks.py for tasks to queue
[2026-07-18T13:43:30.445+0000] {logging_mixin.py:190} INFO - [2026-07-18T13:43:30.444+0000] {dagbag.py:588} INFO - Filling up the DagBag from /opt/airflow/dags/my_tasks.py
[2026-07-18T13:43:30.451+0000] {processor.py:925} INFO - DAG(s) 'my_dag' retrieved from /opt/airflow/dags/my_tasks.py
[2026-07-18T13:43:30.538+0000] {logging_mixin.py:190} INFO - [2026-07-18T13:43:30.538+0000] {dag.py:3239} INFO - Sync 1 DAGs
[2026-07-18T13:43:30.552+0000] {logging_mixin.py:190} INFO - [2026-07-18T13:43:30.552+0000] {dag.py:4180} INFO - Setting next_dagrun for my_dag to None, run_after=None
[2026-07-18T13:43:30.573+0000] {processor.py:208} INFO - Processing /opt/airflow/dags/my_tasks.py took 0.136 seconds
[2026-07-18T13:43:54.675+0000] {processor.py:186} INFO - Started process (PID=2048) to work on /opt/airflow/dags/my_tasks.py
[2026-07-18T13:43:54.675+0000] {processor.py:914} INFO - Processing file /opt/airflow/dags/my_tasks.py for tasks to queue
[2026-07-18T13:43:54.677+0000] {logging_mixin.py:190} INFO - [2026-07-18T13:43:54.677+0000] {dagbag.py:588} INFO - Filling up the DagBag from /opt/airflow/dags/my_tasks.py
[2026-07-18T13:43:54.684+0000] {processor.py:925} INFO - DAG(s) 'my_dag' retrieved from /opt/airflow/dags/my_tasks.py
[2026-07-18T13:43:54.694+0000] {logging_mixin.py:190} INFO - [2026-07-18T13:43:54.694+0000] {dag.py:3239} INFO - Sync 1 DAGs
[2026-07-18T13:43:54.713+0000] {logging_mixin.py:190} INFO - [2026-07-18T13:43:54.713+0000] {dag.py:4180} INFO - Setting next_dagrun for my_dag to None, run_after=None
[2026-07-18T13:43:54.732+0000] {processor.py:208} INFO - Processing /opt/airflow/dags/my_tasks.py took 0.062 seconds
[2026-07-18T13:44:17.931+0000] {processor.py:186} INFO - Started process (PID=2059) to work on /opt/airflow/dags/my_tasks.py
[2026-07-18T13:44:17.931+0000] {processor.py:914} INFO - Processing file /opt/airflow/dags/my_tasks.py for tasks to queue
[2026-07-18T13:44:17.933+0000] {logging_mixin.py:190} INFO - [2026-07-18T13:44:17.933+0000] {dagbag.py:588} INFO - Filling up the DagBag from /opt/airflow/dags/my_tasks.py
[2026-07-18T13:44:17.940+0000] {processor.py:925} INFO - DAG(s) 'my_dag' retrieved from /opt/airflow/dags/my_tasks.py
[2026-07-18T13:44:18.020+0000] {logging_mixin.py:190} INFO - [2026-07-18T13:44:18.020+0000] {dag.py:3239} INFO - Sync 1 DAGs
[2026-07-18T13:44:18.140+0000] {logging_mixin.py:190} INFO - [2026-07-18T13:44:18.140+0000] {dag.py:4180} INFO - Setting next_dagrun for my_dag to None, run_after=None
[2026-07-18T13:44:18.158+0000] {processor.py:208} INFO - Processing /opt/airflow/dags/my_tasks.py took 0.233 seconds
[2026-07-18T13:44:21.984+0000] {processor.py:186} INFO - Started process (PID=2064) to work on /opt/airflow/dags/my_tasks.py
[2026-07-18T13:44:21.985+0000] {processor.py:914} INFO - Processing file /opt/airflow/dags/my_tasks.py for tasks to queue
[2026-07-18T13:44:21.987+0000] {logging_mixin.py:190} INFO - [2026-07-18T13:44:21.986+0000] {dagbag.py:588} INFO - Filling up the DagBag from /opt/airflow/dags/my_tasks.py
[2026-07-18T13:44:21.993+0000] {processor.py:925} INFO - DAG(s) 'my_dag' retrieved from /opt/airflow/dags/my_tasks.py
[2026-07-18T13:44:22.002+0000] {logging_mixin.py:190} INFO - [2026-07-18T13:44:22.002+0000] {dag.py:3239} INFO - Sync 1 DAGs
[2026-07-18T13:44:22.019+0000] {logging_mixin.py:190} INFO - [2026-07-18T13:44:22.018+0000] {dag.py:4180} INFO - Setting next_dagrun for my_dag to None, run_after=None
[2026-07-18T13:44:22.033+0000] {processor.py:208} INFO - Processing /opt/airflow/dags/my_tasks.py took 0.054 seconds
[2026-07-18T13:44:23.999+0000] {processor.py:186} INFO - Started process (PID=2069) to work on /opt/airflow/dags/my_tasks.py
[2026-07-18T13:44:24.000+0000] {processor.py:914} INFO - Processing file /opt/airflow/dags/my_tasks.py for tasks to queue
[2026-07-18T13:44:24.001+0000] {logging_mixin.py:190} INFO - [2026-07-18T13:44:24.001+0000] {dagbag.py:588} INFO - Filling up the DagBag from /opt/airflow/dags/my_tasks.py
[2026-07-18T13:44:24.007+0000] {processor.py:925} INFO - DAG(s) 'my_dag' retrieved from /opt/airflow/dags/my_tasks.py
[2026-07-18T13:44:24.016+0000] {logging_mixin.py:190} INFO - [2026-07-18T13:44:24.016+0000] {dag.py:3239} INFO - Sync 1 DAGs
[2026-07-18T13:44:24.032+0000] {logging_mixin.py:190} INFO - [2026-07-18T13:44:24.032+0000] {dag.py:4180} INFO - Setting next_dagrun for my_dag to None, run_after=None
[2026-07-18T13:44:24.047+0000] {processor.py:208} INFO - Processing /opt/airflow/dags/my_tasks.py took 0.052 seconds
[2026-07-18T13:44:54.345+0000] {processor.py:186} INFO - Started process (PID=2080) to work on /opt/airflow/dags/my_tasks.py
[2026-07-18T13:44:54.353+0000] {processor.py:914} INFO - Processing file /opt/airflow/dags/my_tasks.py for tasks to queue
[2026-07-18T13:44:54.355+0000] {logging_mixin.py:190} INFO - [2026-07-18T13:44:54.355+0000] {dagbag.py:588} INFO - Filling up the DagBag from /opt/airflow/dags/my_tasks.py
[2026-07-18T13:44:54.361+0000] {processor.py:925} INFO - DAG(s) 'my_dag' retrieved from /opt/airflow/dags/my_tasks.py
[2026-07-18T13:44:54.381+0000] {logging_mixin.py:190} INFO - [2026-07-18T13:44:54.380+0000] {dag.py:3239} INFO - Sync 1 DAGs
[2026-07-18T13:44:54.396+0000] {logging_mixin.py:190} INFO - [2026-07-18T13:44:54.396+0000] {dag.py:4180} INFO - Setting next_dagrun for my_dag to None, run_after=None
[2026-07-18T13:44:54.412+0000] {processor.py:208} INFO - Processing /opt/airflow/dags/my_tasks.py took 0.072 seconds
[2026-07-18T13:44:56.382+0000] {processor.py:186} INFO - Started process (PID=2085) to work on /opt/airflow/dags/my_tasks.py
[2026-07-18T13:44:56.383+0000] {processor.py:914} INFO - Processing file /opt/airflow/dags/my_tasks.py for tasks to queue
[2026-07-18T13:44:56.385+0000] {logging_mixin.py:190} INFO - [2026-07-18T13:44:56.385+0000] {dagbag.py:588} INFO - Filling up the DagBag from /opt/airflow/dags/my_tasks.py
[2026-07-18T13:44:56.391+0000] {processor.py:925} INFO - DAG(s) 'my_dag' retrieved from /opt/airflow/dags/my_tasks.py
[2026-07-18T13:44:56.409+0000] {logging_mixin.py:190} INFO - [2026-07-18T13:44:56.409+0000] {dag.py:3239} INFO - Sync 1 DAGs
[2026-07-18T13:44:56.426+0000] {logging_mixin.py:190} INFO - [2026-07-18T13:44:56.425+0000] {dag.py:4180} INFO - Setting next_dagrun for my_dag to None, run_after=None
[2026-07-18T13:44:56.440+0000] {processor.py:208} INFO - Processing /opt/airflow/dags/my_tasks.py took 0.069 seconds
[2026-07-18T13:44:57.466+0000] {processor.py:186} INFO - Started process (PID=2090) to work on /opt/airflow/dags/my_tasks.py
[2026-07-18T13:44:57.466+0000] {processor.py:914} INFO - Processing file /opt/airflow/dags/my_tasks.py for tasks to queue
[2026-07-18T13:44:57.467+0000] {logging_mixin.py:190} INFO - [2026-07-18T13:44:57.467+0000] {dagbag.py:588} INFO - Filling up the DagBag from /opt/airflow/dags/my_tasks.py
[2026-07-18T13:44:57.474+0000] {processor.py:925} INFO - DAG(s) 'my_dag' retrieved from /opt/airflow/dags/my_tasks.py
[2026-07-18T13:44:57.492+0000] {logging_mixin.py:190} INFO - [2026-07-18T13:44:57.491+0000] {dag.py:3239} INFO - Sync 1 DAGs
[2026-07-18T13:44:57.511+0000] {logging_mixin.py:190} INFO - [2026-07-18T13:44:57.511+0000] {dag.py:4180} INFO - Setting next_dagrun for my_dag to None, run_after=None
[2026-07-18T13:44:57.528+0000] {processor.py:208} INFO - Processing /opt/airflow/dags/my_tasks.py took 0.067 seconds
[2026-07-18T13:45:00.507+0000] {processor.py:186} INFO - Started process (PID=2095) to work on /opt/airflow/dags/my_tasks.py
[2026-07-18T13:45:00.508+0000] {processor.py:914} INFO - Processing file /opt/airflow/dags/my_tasks.py for tasks to queue
[2026-07-18T13:45:00.510+0000] {logging_mixin.py:190} INFO - [2026-07-18T13:45:00.510+0000] {dagbag.py:588} INFO - Filling up the DagBag from /opt/airflow/dags/my_tasks.py
[2026-07-18T13:45:00.516+0000] {processor.py:925} INFO - DAG(s) 'my_dag' retrieved from /opt/airflow/dags/my_tasks.py
[2026-07-18T13:45:00.536+0000] {logging_mixin.py:190} INFO - [2026-07-18T13:45:00.536+0000] {dag.py:3239} INFO - Sync 1 DAGs
[2026-07-18T13:45:00.552+0000] {logging_mixin.py:190} INFO - [2026-07-18T13:45:00.552+0000] {dag.py:4180} INFO - Setting next_dagrun for my_dag to None, run_after=None
[2026-07-18T13:45:00.567+0000] {processor.py:208} INFO - Processing /opt/airflow/dags/my_tasks.py took 0.070 seconds
[2026-07-18T13:45:30.828+0000] {processor.py:186} INFO - Started process (PID=2106) to work on /opt/airflow/dags/my_tasks.py
[2026-07-18T13:45:30.831+0000] {processor.py:914} INFO - Processing file /opt/airflow/dags/my_tasks.py for tasks to queue
[2026-07-18T13:45:30.833+0000] {logging_mixin.py:190} INFO - [2026-07-18T13:45:30.833+0000] {dagbag.py:588} INFO - Filling up the DagBag from /opt/airflow/dags/my_tasks.py
[2026-07-18T13:45:30.838+0000] {processor.py:925} INFO - DAG(s) 'my_dag' retrieved from /opt/airflow/dags/my_tasks.py
[2026-07-18T13:45:30.855+0000] {logging_mixin.py:190} INFO - [2026-07-18T13:45:30.855+0000] {dag.py:3239} INFO - Sync 1 DAGs
[2026-07-18T13:45:30.870+0000] {logging_mixin.py:190} INFO - [2026-07-18T13:45:30.870+0000] {dag.py:4180} INFO - Setting next_dagrun for my_dag to None, run_after=None
[2026-07-18T13:45:30.884+0000] {processor.py:208} INFO - Processing /opt/airflow/dags/my_tasks.py took 0.062 seconds
[2026-07-18T13:48:02.560+0000] {processor.py:186} INFO - Started process (PID=192) to work on /opt/airflow/dags/my_tasks.py
[2026-07-18T13:48:02.561+0000] {processor.py:914} INFO - Processing file /opt/airflow/dags/my_tasks.py for tasks to queue
[2026-07-18T13:48:02.563+0000] {logging_mixin.py:190} INFO - [2026-07-18T13:48:02.563+0000] {dagbag.py:588} INFO - Filling up the DagBag from /opt/airflow/dags/my_tasks.py
[2026-07-18T13:48:02.589+0000] {processor.py:925} INFO - DAG(s) 'my_dag' retrieved from /opt/airflow/dags/my_tasks.py
[2026-07-18T13:48:02.923+0000] {logging_mixin.py:190} INFO - [2026-07-18T13:48:02.923+0000] {override.py:1912} INFO - Created Permission View: can edit on DAG:my_dag
[2026-07-18T13:48:02.937+0000] {logging_mixin.py:190} INFO - [2026-07-18T13:48:02.937+0000] {override.py:1912} INFO - Created Permission View: can delete on DAG:my_dag
[2026-07-18T13:48:02.944+0000] {logging_mixin.py:190} INFO - [2026-07-18T13:48:02.944+0000] {override.py:1912} INFO - Created Permission View: can read on DAG:my_dag
[2026-07-18T13:48:02.952+0000] {logging_mixin.py:190} INFO - [2026-07-18T13:48:02.952+0000] {override.py:1912} INFO - Created Permission View: menu access on DAG Run:my_dag
[2026-07-18T13:48:02.959+0000] {logging_mixin.py:190} INFO - [2026-07-18T13:48:02.959+0000] {override.py:1912} INFO - Created Permission View: can create on DAG Run:my_dag
[2026-07-18T13:48:02.966+0000] {logging_mixin.py:190} INFO - [2026-07-18T13:48:02.965+0000] {override.py:1912} INFO - Created Permission View: can read on DAG Run:my_dag
[2026-07-18T13:48:02.974+0000] {logging_mixin.py:190} INFO - [2026-07-18T13:48:02.973+0000] {override.py:1912} INFO - Created Permission View: can delete on DAG Run:my_dag
[2026-07-18T13:48:02.974+0000] {logging_mixin.py:190} INFO - [2026-07-18T13:48:02.974+0000] {dag.py:3239} INFO - Sync 1 DAGs
[2026-07-18T13:48:02.986+0000] {logging_mixin.py:190} INFO - [2026-07-18T13:48:02.985+0000] {dag.py:3262} INFO - Creating ORM DAG for my_dag
[2026-07-18T13:48:02.995+0000] {logging_mixin.py:190} INFO - [2026-07-18T13:48:02.995+0000] {dag.py:4180} INFO - Setting next_dagrun for my_dag to 2026-03-02 00:00:00+00:00, run_after=2026-03-02 00:00:00+00:00
[2026-07-18T13:48:03.012+0000] {processor.py:208} INFO - Processing /opt/airflow/dags/my_tasks.py took 0.458 seconds
[2026-07-18T13:48:33.202+0000] {processor.py:186} INFO - Started process (PID=216) to work on /opt/airflow/dags/my_tasks.py
[2026-07-18T13:48:33.210+0000] {processor.py:914} INFO - Processing file /opt/airflow/dags/my_tasks.py for tasks to queue
[2026-07-18T13:48:33.213+0000] {logging_mixin.py:190} INFO - [2026-07-18T13:48:33.213+0000] {dagbag.py:588} INFO - Filling up the DagBag from /opt/airflow/dags/my_tasks.py
[2026-07-18T13:48:33.221+0000] {processor.py:925} INFO - DAG(s) 'my_dag' retrieved from /opt/airflow/dags/my_tasks.py
[2026-07-18T13:48:33.238+0000] {logging_mixin.py:190} INFO - [2026-07-18T13:48:33.238+0000] {dag.py:3239} INFO - Sync 1 DAGs
[2026-07-18T13:48:33.254+0000] {logging_mixin.py:190} INFO - [2026-07-18T13:48:33.254+0000] {dag.py:4180} INFO - Setting next_dagrun for my_dag to None, run_after=None
[2026-07-18T13:48:33.268+0000] {processor.py:208} INFO - Processing /opt/airflow/dags/my_tasks.py took 0.078 seconds
[2026-07-18T13:49:03.440+0000] {processor.py:186} INFO - Started process (PID=227) to work on /opt/airflow/dags/my_tasks.py
[2026-07-18T13:49:03.448+0000] {processor.py:914} INFO - Processing file /opt/airflow/dags/my_tasks.py for tasks to queue
[2026-07-18T13:49:03.449+0000] {logging_mixin.py:190} INFO - [2026-07-18T13:49:03.449+0000] {dagbag.py:588} INFO - Filling up the DagBag from /opt/airflow/dags/my_tasks.py
[2026-07-18T13:49:03.456+0000] {processor.py:925} INFO - DAG(s) 'my_dag' retrieved from /opt/airflow/dags/my_tasks.py
[2026-07-18T13:49:03.475+0000] {logging_mixin.py:190} INFO - [2026-07-18T13:49:03.475+0000] {dag.py:3239} INFO - Sync 1 DAGs
[2026-07-18T13:49:03.491+0000] {logging_mixin.py:190} INFO - [2026-07-18T13:49:03.490+0000] {dag.py:4180} INFO - Setting next_dagrun for my_dag to None, run_after=None
[2026-07-18T13:49:03.504+0000] {processor.py:208} INFO - Processing /opt/airflow/dags/my_tasks.py took 0.069 seconds
[2026-07-18T13:49:33.673+0000] {processor.py:186} INFO - Started process (PID=238) to work on /opt/airflow/dags/my_tasks.py
[2026-07-18T13:49:33.682+0000] {processor.py:914} INFO - Processing file /opt/airflow/dags/my_tasks.py for tasks to queue
[2026-07-18T13:49:33.684+0000] {logging_mixin.py:190} INFO - [2026-07-18T13:49:33.684+0000] {dagbag.py:588} INFO - Filling up the DagBag from /opt/airflow/dags/my_tasks.py
[2026-07-18T13:49:33.690+0000] {processor.py:925} INFO - DAG(s) 'my_dag' retrieved from /opt/airflow/dags/my_tasks.py
[2026-07-18T13:49:33.713+0000] {logging_mixin.py:190} INFO - [2026-07-18T13:49:33.712+0000] {dag.py:3239} INFO - Sync 1 DAGs
[2026-07-18T13:49:33.734+0000] {logging_mixin.py:190} INFO - [2026-07-18T13:49:33.734+0000] {dag.py:4180} INFO - Setting next_dagrun for my_dag to None, run_after=None
[2026-07-18T13:49:33.751+0000] {processor.py:208} INFO - Processing /opt/airflow/dags/my_tasks.py took 0.082 seconds
[2026-07-18T13:50:03.924+0000] {processor.py:186} INFO - Started process (PID=249) to work on /opt/airflow/dags/my_tasks.py
[2026-07-18T13:50:03.933+0000] {processor.py:914} INFO - Processing file /opt/airflow/dags/my_tasks.py for tasks to queue
[2026-07-18T13:50:03.935+0000] {logging_mixin.py:190} INFO - [2026-07-18T13:50:03.935+0000] {dagbag.py:588} INFO - Filling up the DagBag from /opt/airflow/dags/my_tasks.py
[2026-07-18T13:50:03.945+0000] {processor.py:925} INFO - DAG(s) 'my_dag' retrieved from /opt/airflow/dags/my_tasks.py
[2026-07-18T13:50:03.964+0000] {logging_mixin.py:190} INFO - [2026-07-18T13:50:03.964+0000] {dag.py:3239} INFO - Sync 1 DAGs
[2026-07-18T13:50:03.980+0000] {logging_mixin.py:190} INFO - [2026-07-18T13:50:03.980+0000] {dag.py:4180} INFO - Setting next_dagrun for my_dag to None, run_after=None
[2026-07-18T13:50:03.996+0000] {processor.py:208} INFO - Processing /opt/airflow/dags/my_tasks.py took 0.076 seconds
[2026-07-18T13:50:34.200+0000] {processor.py:186} INFO - Started process (PID=260) to work on /opt/airflow/dags/my_tasks.py
[2026-07-18T13:50:34.208+0000] {processor.py:914} INFO - Processing file /opt/airflow/dags/my_tasks.py for tasks to queue
[2026-07-18T13:50:34.210+0000] {logging_mixin.py:190} INFO - [2026-07-18T13:50:34.210+0000] {dagbag.py:588} INFO - Filling up the DagBag from /opt/airflow/dags/my_tasks.py
[2026-07-18T13:50:34.218+0000] {processor.py:925} INFO - DAG(s) 'my_dag' retrieved from /opt/airflow/dags/my_tasks.py
[2026-07-18T13:50:34.235+0000] {logging_mixin.py:190} INFO - [2026-07-18T13:50:34.235+0000] {dag.py:3239} INFO - Sync 1 DAGs
[2026-07-18T13:50:34.252+0000] {logging_mixin.py:190} INFO - [2026-07-18T13:50:34.251+0000] {dag.py:4180} INFO - Setting next_dagrun for my_dag to None, run_after=None
[2026-07-18T13:50:34.266+0000] {processor.py:208} INFO - Processing /opt/airflow/dags/my_tasks.py took 0.070 seconds
[2026-07-18T13:51:04.479+0000] {processor.py:186} INFO - Started process (PID=271) to work on /opt/airflow/dags/my_tasks.py
[2026-07-18T13:51:04.487+0000] {processor.py:914} INFO - Processing file /opt/airflow/dags/my_tasks.py for tasks to queue
[2026-07-18T13:51:04.490+0000] {logging_mixin.py:190} INFO - [2026-07-18T13:51:04.489+0000] {dagbag.py:588} INFO - Filling up the DagBag from /opt/airflow/dags/my_tasks.py
[2026-07-18T13:51:04.498+0000] {processor.py:925} INFO - DAG(s) 'my_dag' retrieved from /opt/airflow/dags/my_tasks.py
[2026-07-18T13:51:04.515+0000] {logging_mixin.py:190} INFO - [2026-07-18T13:51:04.515+0000] {dag.py:3239} INFO - Sync 1 DAGs
[2026-07-18T13:51:04.530+0000] {logging_mixin.py:190} INFO - [2026-07-18T13:51:04.530+0000] {dag.py:4180} INFO - Setting next_dagrun for my_dag to None, run_after=None
[2026-07-18T13:51:04.544+0000] {processor.py:208} INFO - Processing /opt/airflow/dags/my_tasks.py took 0.068 seconds
[2026-07-18T13:51:34.749+0000] {processor.py:186} INFO - Started process (PID=282) to work on /opt/airflow/dags/my_tasks.py
[2026-07-18T13:51:34.757+0000] {processor.py:914} INFO - Processing file /opt/airflow/dags/my_tasks.py for tasks to queue
[2026-07-18T13:51:34.760+0000] {logging_mixin.py:190} INFO - [2026-07-18T13:51:34.759+0000] {dagbag.py:588} INFO - Filling up the DagBag from /opt/airflow/dags/my_tasks.py
[2026-07-18T13:51:34.768+0000] {processor.py:925} INFO - DAG(s) 'my_dag' retrieved from /opt/airflow/dags/my_tasks.py
[2026-07-18T13:51:34.785+0000] {logging_mixin.py:190} INFO - [2026-07-18T13:51:34.785+0000] {dag.py:3239} INFO - Sync 1 DAGs
[2026-07-18T13:51:34.801+0000] {logging_mixin.py:190} INFO - [2026-07-18T13:51:34.801+0000] {dag.py:4180} INFO - Setting next_dagrun for my_dag to None, run_after=None
[2026-07-18T13:51:34.815+0000] {processor.py:208} INFO - Processing /opt/airflow/dags/my_tasks.py took 0.070 seconds
[2026-07-18T13:52:05.031+0000] {processor.py:186} INFO - Started process (PID=293) to work on /opt/airflow/dags/my_tasks.py
[2026-07-18T13:52:05.039+0000] {processor.py:914} INFO - Processing file /opt/airflow/dags/my_tasks.py for tasks to queue
[2026-07-18T13:52:05.041+0000] {logging_mixin.py:190} INFO - [2026-07-18T13:52:05.041+0000] {dagbag.py:588} INFO - Filling up the DagBag from /opt/airflow/dags/my_tasks.py
[2026-07-18T13:52:05.049+0000] {processor.py:925} INFO - DAG(s) 'my_dag' retrieved from /opt/airflow/dags/my_tasks.py
[2026-07-18T13:52:05.066+0000] {logging_mixin.py:190} INFO - [2026-07-18T13:52:05.066+0000] {dag.py:3239} INFO - Sync 1 DAGs
[2026-07-18T13:52:05.082+0000] {logging_mixin.py:190} INFO - [2026-07-18T13:52:05.082+0000] {dag.py:4180} INFO - Setting next_dagrun for my_dag to None, run_after=None
[2026-07-18T13:52:05.096+0000] {processor.py:208} INFO - Processing /opt/airflow/dags/my_tasks.py took 0.069 seconds
[2026-07-18T13:52:35.286+0000] {processor.py:186} INFO - Started process (PID=304) to work on /opt/airflow/dags/my_tasks.py
[2026-07-18T13:52:35.286+0000] {processor.py:914} INFO - Processing file /opt/airflow/dags/my_tasks.py for tasks to queue
[2026-07-18T13:52:35.288+0000] {logging_mixin.py:190} INFO - [2026-07-18T13:52:35.287+0000] {dagbag.py:588} INFO - Filling up the DagBag from /opt/airflow/dags/my_tasks.py
[2026-07-18T13:52:35.293+0000] {processor.py:925} INFO - DAG(s) 'my_dag' retrieved from /opt/airflow/dags/my_tasks.py
[2026-07-18T13:52:35.310+0000] {logging_mixin.py:190} INFO - [2026-07-18T13:52:35.310+0000] {dag.py:3239} INFO - Sync 1 DAGs
[2026-07-18T13:52:35.325+0000] {logging_mixin.py:190} INFO - [2026-07-18T13:52:35.325+0000] {dag.py:4180} INFO - Setting next_dagrun for my_dag to None, run_after=None
[2026-07-18T13:52:35.339+0000] {processor.py:208} INFO - Processing /opt/airflow/dags/my_tasks.py took 0.057 seconds
[2026-07-18T13:53:05.545+0000] {processor.py:186} INFO - Started process (PID=315) to work on /opt/airflow/dags/my_tasks.py
[2026-07-18T13:53:05.546+0000] {processor.py:914} INFO - Processing file /opt/airflow/dags/my_tasks.py for tasks to queue
[2026-07-18T13:53:05.547+0000] {logging_mixin.py:190} INFO - [2026-07-18T13:53:05.547+0000] {dagbag.py:588} INFO - Filling up the DagBag from /opt/airflow/dags/my_tasks.py
[2026-07-18T13:53:05.552+0000] {processor.py:925} INFO - DAG(s) 'my_dag' retrieved from /opt/airflow/dags/my_tasks.py
[2026-07-18T13:53:05.570+0000] {logging_mixin.py:190} INFO - [2026-07-18T13:53:05.569+0000] {dag.py:3239} INFO - Sync 1 DAGs
[2026-07-18T13:53:05.584+0000] {logging_mixin.py:190} INFO - [2026-07-18T13:53:05.584+0000] {dag.py:4180} INFO - Setting next_dagrun for my_dag to None, run_after=None
[2026-07-18T13:53:05.598+0000] {processor.py:208} INFO - Processing /opt/airflow/dags/my_tasks.py took 0.057 seconds
[2026-07-18T13:53:35.795+0000] {processor.py:186} INFO - Started process (PID=325) to work on /opt/airflow/dags/my_tasks.py
[2026-07-18T13:53:35.795+0000] {processor.py:914} INFO - Processing file /opt/airflow/dags/my_tasks.py for tasks to queue
[2026-07-18T13:53:35.797+0000] {logging_mixin.py:190} INFO - [2026-07-18T13:53:35.797+0000] {dagbag.py:588} INFO - Filling up the DagBag from /opt/airflow/dags/my_tasks.py
[2026-07-18T13:53:35.802+0000] {processor.py:925} INFO - DAG(s) 'my_dag' retrieved from /opt/airflow/dags/my_tasks.py
[2026-07-18T13:53:35.820+0000] {logging_mixin.py:190} INFO - [2026-07-18T13:53:35.820+0000] {dag.py:3239} INFO - Sync 1 DAGs
[2026-07-18T13:53:35.836+0000] {logging_mixin.py:190} INFO - [2026-07-18T13:53:35.835+0000] {dag.py:4180} INFO - Setting next_dagrun for my_dag to None, run_after=None
[2026-07-18T13:53:35.850+0000] {processor.py:208} INFO - Processing /opt/airflow/dags/my_tasks.py took 0.060 seconds
[2026-07-18T13:54:06.052+0000] {processor.py:186} INFO - Started process (PID=335) to work on /opt/airflow/dags/my_tasks.py
[2026-07-18T13:54:06.053+0000] {processor.py:914} INFO - Processing file /opt/airflow/dags/my_tasks.py for tasks to queue
[2026-07-18T13:54:06.054+0000] {logging_mixin.py:190} INFO - [2026-07-18T13:54:06.054+0000] {dagbag.py:588} INFO - Filling up the DagBag from /opt/airflow/dags/my_tasks.py
[2026-07-18T13:54:06.059+0000] {processor.py:925} INFO - DAG(s) 'my_dag' retrieved from /opt/airflow/dags/my_tasks.py
[2026-07-18T13:54:06.076+0000] {logging_mixin.py:190} INFO - [2026-07-18T13:54:06.076+0000] {dag.py:3239} INFO - Sync 1 DAGs
[2026-07-18T13:54:06.092+0000] {logging_mixin.py:190} INFO - [2026-07-18T13:54:06.092+0000] {dag.py:4180} INFO - Setting next_dagrun for my_dag to None, run_after=None
[2026-07-18T13:54:06.107+0000] {processor.py:208} INFO - Processing /opt/airflow/dags/my_tasks.py took 0.059 seconds
[2026-07-18T13:54:36.337+0000] {processor.py:186} INFO - Started process (PID=346) to work on /opt/airflow/dags/my_tasks.py
[2026-07-18T13:54:36.345+0000] {processor.py:914} INFO - Processing file /opt/airflow/dags/my_tasks.py for tasks to queue
[2026-07-18T13:54:36.348+0000] {logging_mixin.py:190} INFO - [2026-07-18T13:54:36.348+0000] {dagbag.py:588} INFO - Filling up the DagBag from /opt/airflow/dags/my_tasks.py
[2026-07-18T13:54:36.357+0000] {processor.py:925} INFO - DAG(s) 'my_dag' retrieved from /opt/airflow/dags/my_tasks.py
[2026-07-18T13:54:36.375+0000] {logging_mixin.py:190} INFO - [2026-07-18T13:54:36.375+0000] {dag.py:3239} INFO - Sync 1 DAGs
[2026-07-18T13:54:36.391+0000] {logging_mixin.py:190} INFO - [2026-07-18T13:54:36.391+0000] {dag.py:4180} INFO - Setting next_dagrun for my_dag to None, run_after=None
[2026-07-18T13:54:36.407+0000] {processor.py:208} INFO - Processing /opt/airflow/dags/my_tasks.py took 0.074 seconds
[2026-07-18T13:55:06.626+0000] {processor.py:186} INFO - Started process (PID=363) to work on /opt/airflow/dags/my_tasks.py
[2026-07-18T13:55:06.634+0000] {processor.py:914} INFO - Processing file /opt/airflow/dags/my_tasks.py for tasks to queue
[2026-07-18T13:55:06.637+0000] {logging_mixin.py:190} INFO - [2026-07-18T13:55:06.636+0000] {dagbag.py:588} INFO - Filling up the DagBag from /opt/airflow/dags/my_tasks.py
[2026-07-18T13:55:06.645+0000] {processor.py:925} INFO - DAG(s) 'my_dag' retrieved from /opt/airflow/dags/my_tasks.py
[2026-07-18T13:55:06.666+0000] {logging_mixin.py:190} INFO - [2026-07-18T13:55:06.666+0000] {dag.py:3239} INFO - Sync 1 DAGs
[2026-07-18T13:55:06.681+0000] {logging_mixin.py:190} INFO - [2026-07-18T13:55:06.681+0000] {dag.py:4180} INFO - Setting next_dagrun for my_dag to None, run_after=None
[2026-07-18T13:55:06.695+0000] {processor.py:208} INFO - Processing /opt/airflow/dags/my_tasks.py took 0.073 seconds
[2026-07-18T13:55:36.888+0000] {processor.py:186} INFO - Started process (PID=374) to work on /opt/airflow/dags/my_tasks.py
[2026-07-18T13:55:36.896+0000] {processor.py:914} INFO - Processing file /opt/airflow/dags/my_tasks.py for tasks to queue
[2026-07-18T13:55:36.898+0000] {logging_mixin.py:190} INFO - [2026-07-18T13:55:36.897+0000] {dagbag.py:588} INFO - Filling up the DagBag from /opt/airflow/dags/my_tasks.py
[2026-07-18T13:55:36.904+0000] {processor.py:925} INFO - DAG(s) 'my_dag' retrieved from /opt/airflow/dags/my_tasks.py
[2026-07-18T13:55:36.921+0000] {logging_mixin.py:190} INFO - [2026-07-18T13:55:36.921+0000] {dag.py:3239} INFO - Sync 1 DAGs
[2026-07-18T13:55:36.937+0000] {logging_mixin.py:190} INFO - [2026-07-18T13:55:36.936+0000] {dag.py:4180} INFO - Setting next_dagrun for my_dag to None, run_after=None
[2026-07-18T13:55:36.952+0000] {processor.py:208} INFO - Processing /opt/airflow/dags/my_tasks.py took 0.068 seconds
[2026-07-18T13:56:07.167+0000] {processor.py:186} INFO - Started process (PID=385) to work on /opt/airflow/dags/my_tasks.py
[2026-07-18T13:56:07.175+0000] {processor.py:914} INFO - Processing file /opt/airflow/dags/my_tasks.py for tasks to queue
[2026-07-18T13:56:07.177+0000] {logging_mixin.py:190} INFO - [2026-07-18T13:56:07.177+0000] {dagbag.py:588} INFO - Filling up the DagBag from /opt/airflow/dags/my_tasks.py
[2026-07-18T13:56:07.186+0000] {processor.py:925} INFO - DAG(s) 'my_dag' retrieved from /opt/airflow/dags/my_tasks.py
[2026-07-18T13:56:07.204+0000] {logging_mixin.py:190} INFO - [2026-07-18T13:56:07.203+0000] {dag.py:3239} INFO - Sync 1 DAGs
[2026-07-18T13:56:07.220+0000] {logging_mixin.py:190} INFO - [2026-07-18T13:56:07.220+0000] {dag.py:4180} INFO - Setting next_dagrun for my_dag to None, run_after=None
[2026-07-18T13:56:07.240+0000] {processor.py:208} INFO - Processing /opt/airflow/dags/my_tasks.py took 0.078 seconds
[2026-07-18T13:56:37.448+0000] {processor.py:186} INFO - Started process (PID=396) to work on /opt/airflow/dags/my_tasks.py
[2026-07-18T13:56:37.449+0000] {processor.py:914} INFO - Processing file /opt/airflow/dags/my_tasks.py for tasks to queue
[2026-07-18T13:56:37.450+0000] {logging_mixin.py:190} INFO - [2026-07-18T13:56:37.450+0000] {dagbag.py:588} INFO - Filling up the DagBag from /opt/airflow/dags/my_tasks.py
[2026-07-18T13:56:37.455+0000] {processor.py:925} INFO - DAG(s) 'my_dag' retrieved from /opt/airflow/dags/my_tasks.py
[2026-07-18T13:56:37.472+0000] {logging_mixin.py:190} INFO - [2026-07-18T13:56:37.472+0000] {dag.py:3239} INFO - Sync 1 DAGs
[2026-07-18T13:56:37.488+0000] {logging_mixin.py:190} INFO - [2026-07-18T13:56:37.488+0000] {dag.py:4180} INFO - Setting next_dagrun for my_dag to None, run_after=None
[2026-07-18T13:56:37.501+0000] {processor.py:208} INFO - Processing /opt/airflow/dags/my_tasks.py took 0.057 seconds
[2026-07-18T13:57:07.710+0000] {processor.py:186} INFO - Started process (PID=407) to work on /opt/airflow/dags/my_tasks.py
[2026-07-18T13:57:07.718+0000] {processor.py:914} INFO - Processing file /opt/airflow/dags/my_tasks.py for tasks to queue
[2026-07-18T13:57:07.720+0000] {logging_mixin.py:190} INFO - [2026-07-18T13:57:07.719+0000] {dagbag.py:588} INFO - Filling up the DagBag from /opt/airflow/dags/my_tasks.py
[2026-07-18T13:57:07.727+0000] {processor.py:925} INFO - DAG(s) 'my_dag' retrieved from /opt/airflow/dags/my_tasks.py
[2026-07-18T13:57:07.745+0000] {logging_mixin.py:190} INFO - [2026-07-18T13:57:07.744+0000] {dag.py:3239} INFO - Sync 1 DAGs
[2026-07-18T13:57:07.760+0000] {logging_mixin.py:190} INFO - [2026-07-18T13:57:07.760+0000] {dag.py:4180} INFO - Setting next_dagrun for my_dag to None, run_after=None
[2026-07-18T13:57:07.774+0000] {processor.py:208} INFO - Processing /opt/airflow/dags/my_tasks.py took 0.068 seconds
[2026-07-18T13:57:37.977+0000] {processor.py:186} INFO - Started process (PID=418) to work on /opt/airflow/dags/my_tasks.py
[2026-07-18T13:57:37.978+0000] {processor.py:914} INFO - Processing file /opt/airflow/dags/my_tasks.py for tasks to queue
[2026-07-18T13:57:37.979+0000] {logging_mixin.py:190} INFO - [2026-07-18T13:57:37.979+0000] {dagbag.py:588} INFO - Filling up the DagBag from /opt/airflow/dags/my_tasks.py
[2026-07-18T13:57:37.984+0000] {processor.py:925} INFO - DAG(s) 'my_dag' retrieved from /opt/airflow/dags/my_tasks.py
[2026-07-18T13:57:38.002+0000] {logging_mixin.py:190} INFO - [2026-07-18T13:57:38.002+0000] {dag.py:3239} INFO - Sync 1 DAGs
[2026-07-18T13:57:38.018+0000] {logging_mixin.py:190} INFO - [2026-07-18T13:57:38.017+0000] {dag.py:4180} INFO - Setting next_dagrun for my_dag to None, run_after=None
[2026-07-18T13:57:38.033+0000] {processor.py:208} INFO - Processing /opt/airflow/dags/my_tasks.py took 0.060 seconds
[2026-07-18T13:58:08.245+0000] {processor.py:186} INFO - Started process (PID=429) to work on /opt/airflow/dags/my_tasks.py
[2026-07-18T13:58:08.253+0000] {processor.py:914} INFO - Processing file /opt/airflow/dags/my_tasks.py for tasks to queue
[2026-07-18T13:58:08.255+0000] {logging_mixin.py:190} INFO - [2026-07-18T13:58:08.254+0000] {dagbag.py:588} INFO - Filling up the DagBag from /opt/airflow/dags/my_tasks.py
[2026-07-18T13:58:08.262+0000] {processor.py:925} INFO - DAG(s) 'my_dag' retrieved from /opt/airflow/dags/my_tasks.py
[2026-07-18T13:58:08.280+0000] {logging_mixin.py:190} INFO - [2026-07-18T13:58:08.280+0000] {dag.py:3239} INFO - Sync 1 DAGs
[2026-07-18T13:58:08.295+0000] {logging_mixin.py:190} INFO - [2026-07-18T13:58:08.295+0000] {dag.py:4180} INFO - Setting next_dagrun for my_dag to None, run_after=None
[2026-07-18T13:58:08.309+0000] {processor.py:208} INFO - Processing /opt/airflow/dags/my_tasks.py took 0.068 seconds
[2026-07-18T13:58:38.488+0000] {processor.py:186} INFO - Started process (PID=440) to work on /opt/airflow/dags/my_tasks.py
[2026-07-18T13:58:38.488+0000] {processor.py:914} INFO - Processing file /opt/airflow/dags/my_tasks.py for tasks to queue
[2026-07-18T13:58:38.491+0000] {logging_mixin.py:190} INFO - [2026-07-18T13:58:38.491+0000] {dagbag.py:588} INFO - Filling up the DagBag from /opt/airflow/dags/my_tasks.py
[2026-07-18T13:58:38.496+0000] {processor.py:925} INFO - DAG(s) 'my_dag' retrieved from /opt/airflow/dags/my_tasks.py
[2026-07-18T13:58:38.516+0000] {logging_mixin.py:190} INFO - [2026-07-18T13:58:38.516+0000] {dag.py:3239} INFO - Sync 1 DAGs
[2026-07-18T13:58:38.534+0000] {logging_mixin.py:190} INFO - [2026-07-18T13:58:38.534+0000] {dag.py:4180} INFO - Setting next_dagrun for my_dag to None, run_after=None
[2026-07-18T13:58:38.550+0000] {processor.py:208} INFO - Processing /opt/airflow/dags/my_tasks.py took 0.067 seconds
[2026-07-18T13:59:08.737+0000] {processor.py:186} INFO - Started process (PID=451) to work on /opt/airflow/dags/my_tasks.py
[2026-07-18T13:59:08.738+0000] {processor.py:914} INFO - Processing file /opt/airflow/dags/my_tasks.py for tasks to queue
[2026-07-18T13:59:08.739+0000] {logging_mixin.py:190} INFO - [2026-07-18T13:59:08.739+0000] {dagbag.py:588} INFO - Filling up the DagBag from /opt/airflow/dags/my_tasks.py
[2026-07-18T13:59:08.745+0000] {processor.py:925} INFO - DAG(s) 'my_dag' retrieved from /opt/airflow/dags/my_tasks.py
[2026-07-18T13:59:08.762+0000] {logging_mixin.py:190} INFO - [2026-07-18T13:59:08.762+0000] {dag.py:3239} INFO - Sync 1 DAGs
[2026-07-18T13:59:08.778+0000] {logging_mixin.py:190} INFO - [2026-07-18T13:59:08.777+0000] {dag.py:4180} INFO - Setting next_dagrun for my_dag to None, run_after=None
[2026-07-18T13:59:08.793+0000] {processor.py:208} INFO - Processing /opt/airflow/dags/my_tasks.py took 0.061 seconds
[2026-07-18T13:59:38.999+0000] {processor.py:186} INFO - Started process (PID=462) to work on /opt/airflow/dags/my_tasks.py
[2026-07-18T13:59:39.000+0000] {processor.py:914} INFO - Processing file /opt/airflow/dags/my_tasks.py for tasks to queue
[2026-07-18T13:59:39.002+0000] {logging_mixin.py:190} INFO - [2026-07-18T13:59:39.002+0000] {dagbag.py:588} INFO - Filling up the DagBag from /opt/airflow/dags/my_tasks.py
[2026-07-18T13:59:39.009+0000] {processor.py:925} INFO - DAG(s) 'my_dag' retrieved from /opt/airflow/dags/my_tasks.py
[2026-07-18T13:59:39.029+0000] {logging_mixin.py:190} INFO - [2026-07-18T13:59:39.028+0000] {dag.py:3239} INFO - Sync 1 DAGs
[2026-07-18T13:59:39.047+0000] {logging_mixin.py:190} INFO - [2026-07-18T13:59:39.047+0000] {dag.py:4180} INFO - Setting next_dagrun for my_dag to None, run_after=None
[2026-07-18T13:59:39.065+0000] {processor.py:208} INFO - Processing /opt/airflow/dags/my_tasks.py took 0.070 seconds
[2026-07-18T14:00:09.276+0000] {processor.py:186} INFO - Started process (PID=473) to work on /opt/airflow/dags/my_tasks.py
[2026-07-18T14:00:09.284+0000] {processor.py:914} INFO - Processing file /opt/airflow/dags/my_tasks.py for tasks to queue
[2026-07-18T14:00:09.286+0000] {logging_mixin.py:190} INFO - [2026-07-18T14:00:09.286+0000] {dagbag.py:588} INFO - Filling up the DagBag from /opt/airflow/dags/my_tasks.py
[2026-07-18T14:00:09.294+0000] {processor.py:925} INFO - DAG(s) 'my_dag' retrieved from /opt/airflow/dags/my_tasks.py
[2026-07-18T14:00:09.313+0000] {logging_mixin.py:190} INFO - [2026-07-18T14:00:09.313+0000] {dag.py:3239} INFO - Sync 1 DAGs
[2026-07-18T14:00:09.328+0000] {logging_mixin.py:190} INFO - [2026-07-18T14:00:09.328+0000] {dag.py:4180} INFO - Setting next_dagrun for my_dag to None, run_after=None
[2026-07-18T14:00:09.343+0000] {processor.py:208} INFO - Processing /opt/airflow/dags/my_tasks.py took 0.071 seconds
[2026-07-18T14:00:39.528+0000] {processor.py:186} INFO - Started process (PID=484) to work on /opt/airflow/dags/my_tasks.py
[2026-07-18T14:00:39.531+0000] {processor.py:914} INFO - Processing file /opt/airflow/dags/my_tasks.py for tasks to queue
[2026-07-18T14:00:39.533+0000] {logging_mixin.py:190} INFO - [2026-07-18T14:00:39.533+0000] {dagbag.py:588} INFO - Filling up the DagBag from /opt/airflow/dags/my_tasks.py
[2026-07-18T14:00:39.539+0000] {processor.py:925} INFO - DAG(s) 'my_dag' retrieved from /opt/airflow/dags/my_tasks.py
[2026-07-18T14:00:39.558+0000] {logging_mixin.py:190} INFO - [2026-07-18T14:00:39.558+0000] {dag.py:3239} INFO - Sync 1 DAGs
[2026-07-18T14:00:39.576+0000] {logging_mixin.py:190} INFO - [2026-07-18T14:00:39.576+0000] {dag.py:4180} INFO - Setting next_dagrun for my_dag to None, run_after=None
[2026-07-18T14:00:39.591+0000] {processor.py:208} INFO - Processing /opt/airflow/dags/my_tasks.py took 0.067 seconds
[2026-07-18T14:01:09.795+0000] {processor.py:186} INFO - Started process (PID=495) to work on /opt/airflow/dags/my_tasks.py
[2026-07-18T14:01:09.803+0000] {processor.py:914} INFO - Processing file /opt/airflow/dags/my_tasks.py for tasks to queue
[2026-07-18T14:01:09.805+0000] {logging_mixin.py:190} INFO - [2026-07-18T14:01:09.804+0000] {dagbag.py:588} INFO - Filling up the DagBag from /opt/airflow/dags/my_tasks.py
[2026-07-18T14:01:09.810+0000] {processor.py:925} INFO - DAG(s) 'my_dag' retrieved from /opt/airflow/dags/my_tasks.py
[2026-07-18T14:01:09.836+0000] {logging_mixin.py:190} INFO - [2026-07-18T14:01:09.836+0000] {dag.py:3239} INFO - Sync 1 DAGs
[2026-07-18T14:01:09.854+0000] {logging_mixin.py:190} INFO - [2026-07-18T14:01:09.854+0000] {dag.py:4180} INFO - Setting next_dagrun for my_dag to None, run_after=None
[2026-07-18T14:01:09.870+0000] {processor.py:208} INFO - Processing /opt/airflow/dags/my_tasks.py took 0.080 seconds
[2026-07-18T14:01:40.036+0000] {processor.py:186} INFO - Started process (PID=506) to work on /opt/airflow/dags/my_tasks.py
[2026-07-18T14:01:40.037+0000] {processor.py:914} INFO - Processing file /opt/airflow/dags/my_tasks.py for tasks to queue
[2026-07-18T14:01:40.039+0000] {logging_mixin.py:190} INFO - [2026-07-18T14:01:40.038+0000] {dagbag.py:588} INFO - Filling up the DagBag from /opt/airflow/dags/my_tasks.py
[2026-07-18T14:01:40.049+0000] {processor.py:925} INFO - DAG(s) 'my_dag' retrieved from /opt/airflow/dags/my_tasks.py
[2026-07-18T14:01:40.066+0000] {logging_mixin.py:190} INFO - [2026-07-18T14:01:40.066+0000] {dag.py:3239} INFO - Sync 1 DAGs
[2026-07-18T14:01:40.083+0000] {logging_mixin.py:190} INFO - [2026-07-18T14:01:40.082+0000] {dag.py:4180} INFO - Setting next_dagrun for my_dag to None, run_after=None
[2026-07-18T14:01:40.097+0000] {processor.py:208} INFO - Processing /opt/airflow/dags/my_tasks.py took 0.064 seconds
[2026-07-18T14:02:10.313+0000] {processor.py:186} INFO - Started process (PID=517) to work on /opt/airflow/dags/my_tasks.py
[2026-07-18T14:02:10.321+0000] {processor.py:914} INFO - Processing file /opt/airflow/dags/my_tasks.py for tasks to queue
[2026-07-18T14:02:10.322+0000] {logging_mixin.py:190} INFO - [2026-07-18T14:02:10.322+0000] {dagbag.py:588} INFO - Filling up the DagBag from /opt/airflow/dags/my_tasks.py
[2026-07-18T14:02:10.328+0000] {processor.py:925} INFO - DAG(s) 'my_dag' retrieved from /opt/airflow/dags/my_tasks.py
[2026-07-18T14:02:10.344+0000] {logging_mixin.py:190} INFO - [2026-07-18T14:02:10.344+0000] {dag.py:3239} INFO - Sync 1 DAGs
[2026-07-18T14:02:10.359+0000] {logging_mixin.py:190} INFO - [2026-07-18T14:02:10.359+0000] {dag.py:4180} INFO - Setting next_dagrun for my_dag to None, run_after=None
[2026-07-18T14:02:10.373+0000] {processor.py:208} INFO - Processing /opt/airflow/dags/my_tasks.py took 0.065 seconds
[2026-07-18T14:02:40.560+0000] {processor.py:186} INFO - Started process (PID=528) to work on /opt/airflow/dags/my_tasks.py
[2026-07-18T14:02:40.561+0000] {processor.py:914} INFO - Processing file /opt/airflow/dags/my_tasks.py for tasks to queue
[2026-07-18T14:02:40.564+0000] {logging_mixin.py:190} INFO - [2026-07-18T14:02:40.563+0000] {dagbag.py:588} INFO - Filling up the DagBag from /opt/airflow/dags/my_tasks.py
[2026-07-18T14:02:40.570+0000] {processor.py:925} INFO - DAG(s) 'my_dag' retrieved from /opt/airflow/dags/my_tasks.py
[2026-07-18T14:02:40.590+0000] {logging_mixin.py:190} INFO - [2026-07-18T14:02:40.590+0000] {dag.py:3239} INFO - Sync 1 DAGs
[2026-07-18T14:02:40.609+0000] {logging_mixin.py:190} INFO - [2026-07-18T14:02:40.609+0000] {dag.py:4180} INFO - Setting next_dagrun for my_dag to None, run_after=None
[2026-07-18T14:02:40.626+0000] {processor.py:208} INFO - Processing /opt/airflow/dags/my_tasks.py took 0.070 seconds
[2026-07-18T14:03:10.827+0000] {processor.py:186} INFO - Started process (PID=539) to work on /opt/airflow/dags/my_tasks.py
[2026-07-18T14:03:10.836+0000] {processor.py:914} INFO - Processing file /opt/airflow/dags/my_tasks.py for tasks to queue
[2026-07-18T14:03:10.837+0000] {logging_mixin.py:190} INFO - [2026-07-18T14:03:10.837+0000] {dagbag.py:588} INFO - Filling up the DagBag from /opt/airflow/dags/my_tasks.py
[2026-07-18T14:03:10.844+0000] {processor.py:925} INFO - DAG(s) 'my_dag' retrieved from /opt/airflow/dags/my_tasks.py
[2026-07-18T14:03:10.868+0000] {logging_mixin.py:190} INFO - [2026-07-18T14:03:10.868+0000] {dag.py:3239} INFO - Sync 1 DAGs
[2026-07-18T14:03:10.885+0000] {logging_mixin.py:190} INFO - [2026-07-18T14:03:10.885+0000] {dag.py:4180} INFO - Setting next_dagrun for my_dag to None, run_after=None
[2026-07-18T14:03:10.902+0000] {processor.py:208} INFO - Processing /opt/airflow/dags/my_tasks.py took 0.079 seconds
[2026-07-18T14:03:41.083+0000] {processor.py:186} INFO - Started process (PID=550) to work on /opt/airflow/dags/my_tasks.py
[2026-07-18T14:03:41.083+0000] {processor.py:914} INFO - Processing file /opt/airflow/dags/my_tasks.py for tasks to queue
[2026-07-18T14:03:41.085+0000] {logging_mixin.py:190} INFO - [2026-07-18T14:03:41.085+0000] {dagbag.py:588} INFO - Filling up the DagBag from /opt/airflow/dags/my_tasks.py
[2026-07-18T14:03:41.091+0000] {processor.py:925} INFO - DAG(s) 'my_dag' retrieved from /opt/airflow/dags/my_tasks.py
[2026-07-18T14:03:41.109+0000] {logging_mixin.py:190} INFO - [2026-07-18T14:03:41.109+0000] {dag.py:3239} INFO - Sync 1 DAGs
[2026-07-18T14:03:41.129+0000] {logging_mixin.py:190} INFO - [2026-07-18T14:03:41.128+0000] {dag.py:4180} INFO - Setting next_dagrun for my_dag to None, run_after=None
[2026-07-18T14:03:41.146+0000] {processor.py:208} INFO - Processing /opt/airflow/dags/my_tasks.py took 0.070 seconds
[2026-07-18T14:04:11.348+0000] {processor.py:186} INFO - Started process (PID=561) to work on /opt/airflow/dags/my_tasks.py
[2026-07-18T14:04:11.356+0000] {processor.py:914} INFO - Processing file /opt/airflow/dags/my_tasks.py for tasks to queue
[2026-07-18T14:04:11.358+0000] {logging_mixin.py:190} INFO - [2026-07-18T14:04:11.358+0000] {dagbag.py:588} INFO - Filling up the DagBag from /opt/airflow/dags/my_tasks.py
[2026-07-18T14:04:11.363+0000] {processor.py:925} INFO - DAG(s) 'my_dag' retrieved from /opt/airflow/dags/my_tasks.py
[2026-07-18T14:04:11.383+0000] {logging_mixin.py:190} INFO - [2026-07-18T14:04:11.382+0000] {dag.py:3239} INFO - Sync 1 DAGs
[2026-07-18T14:04:11.403+0000] {logging_mixin.py:190} INFO - [2026-07-18T14:04:11.403+0000] {dag.py:4180} INFO - Setting next_dagrun for my_dag to None, run_after=None
[2026-07-18T14:04:11.421+0000] {processor.py:208} INFO - Processing /opt/airflow/dags/my_tasks.py took 0.078 seconds
[2026-07-18T14:04:41.605+0000] {processor.py:186} INFO - Started process (PID=572) to work on /opt/airflow/dags/my_tasks.py
[2026-07-18T14:04:41.606+0000] {processor.py:914} INFO - Processing file /opt/airflow/dags/my_tasks.py for tasks to queue
[2026-07-18T14:04:41.608+0000] {logging_mixin.py:190} INFO - [2026-07-18T14:04:41.608+0000] {dagbag.py:588} INFO - Filling up the DagBag from /opt/airflow/dags/my_tasks.py
[2026-07-18T14:04:41.617+0000] {processor.py:925} INFO - DAG(s) 'my_dag' retrieved from /opt/airflow/dags/my_tasks.py
[2026-07-18T14:04:41.639+0000] {logging_mixin.py:190} INFO - [2026-07-18T14:04:41.639+0000] {dag.py:3239} INFO - Sync 1 DAGs
[2026-07-18T14:04:41.660+0000] {logging_mixin.py:190} INFO - [2026-07-18T14:04:41.660+0000] {dag.py:4180} INFO - Setting next_dagrun for my_dag to None, run_after=None
[2026-07-18T14:04:41.678+0000] {processor.py:208} INFO - Processing /opt/airflow/dags/my_tasks.py took 0.078 seconds
[2026-07-18T14:05:11.818+0000] {processor.py:186} INFO - Started process (PID=583) to work on /opt/airflow/dags/my_tasks.py
[2026-07-18T14:05:11.826+0000] {processor.py:914} INFO - Processing file /opt/airflow/dags/my_tasks.py for tasks to queue
[2026-07-18T14:05:11.827+0000] {logging_mixin.py:190} INFO - [2026-07-18T14:05:11.827+0000] {dagbag.py:588} INFO - Filling up the DagBag from /opt/airflow/dags/my_tasks.py
[2026-07-18T14:05:11.833+0000] {processor.py:925} INFO - DAG(s) 'my_dag' retrieved from /opt/airflow/dags/my_tasks.py
[2026-07-18T14:05:11.851+0000] {logging_mixin.py:190} INFO - [2026-07-18T14:05:11.851+0000] {dag.py:3239} INFO - Sync 1 DAGs
[2026-07-18T14:05:11.867+0000] {logging_mixin.py:190} INFO - [2026-07-18T14:05:11.867+0000] {dag.py:4180} INFO - Setting next_dagrun for my_dag to None, run_after=None
[2026-07-18T14:05:11.882+0000] {processor.py:208} INFO - Processing /opt/airflow/dags/my_tasks.py took 0.068 seconds
[2026-07-18T14:05:42.122+0000] {processor.py:186} INFO - Started process (PID=594) to work on /opt/airflow/dags/my_tasks.py
[2026-07-18T14:05:42.125+0000] {processor.py:914} INFO - Processing file /opt/airflow/dags/my_tasks.py for tasks to queue
[2026-07-18T14:05:42.127+0000] {logging_mixin.py:190} INFO - [2026-07-18T14:05:42.126+0000] {dagbag.py:588} INFO - Filling up the DagBag from /opt/airflow/dags/my_tasks.py
[2026-07-18T14:05:42.132+0000] {processor.py:925} INFO - DAG(s) 'my_dag' retrieved from /opt/airflow/dags/my_tasks.py
[2026-07-18T14:05:42.152+0000] {logging_mixin.py:190} INFO - [2026-07-18T14:05:42.152+0000] {dag.py:3239} INFO - Sync 1 DAGs
[2026-07-18T14:05:42.168+0000] {logging_mixin.py:190} INFO - [2026-07-18T14:05:42.168+0000] {dag.py:4180} INFO - Setting next_dagrun for my_dag to None, run_after=None
[2026-07-18T14:05:42.182+0000] {processor.py:208} INFO - Processing /opt/airflow/dags/my_tasks.py took 0.064 seconds
[2026-07-18T14:06:12.391+0000] {processor.py:186} INFO - Started process (PID=605) to work on /opt/airflow/dags/my_tasks.py
[2026-07-18T14:06:12.399+0000] {processor.py:914} INFO - Processing file /opt/airflow/dags/my_tasks.py for tasks to queue
[2026-07-18T14:06:12.402+0000] {logging_mixin.py:190} INFO - [2026-07-18T14:06:12.402+0000] {dagbag.py:588} INFO - Filling up the DagBag from /opt/airflow/dags/my_tasks.py
[2026-07-18T14:06:12.410+0000] {processor.py:925} INFO - DAG(s) 'my_dag' retrieved from /opt/airflow/dags/my_tasks.py
[2026-07-18T14:06:12.427+0000] {logging_mixin.py:190} INFO - [2026-07-18T14:06:12.427+0000] {dag.py:3239} INFO - Sync 1 DAGs
[2026-07-18T14:06:12.442+0000] {logging_mixin.py:190} INFO - [2026-07-18T14:06:12.442+0000] {dag.py:4180} INFO - Setting next_dagrun for my_dag to None, run_after=None
[2026-07-18T14:06:12.456+0000] {processor.py:208} INFO - Processing /opt/airflow/dags/my_tasks.py took 0.069 seconds
[2026-07-18T14:06:42.659+0000] {processor.py:186} INFO - Started process (PID=616) to work on /opt/airflow/dags/my_tasks.py
[2026-07-18T14:06:42.660+0000] {processor.py:914} INFO - Processing file /opt/airflow/dags/my_tasks.py for tasks to queue
[2026-07-18T14:06:42.662+0000] {logging_mixin.py:190} INFO - [2026-07-18T14:06:42.661+0000] {dagbag.py:588} INFO - Filling up the DagBag from /opt/airflow/dags/my_tasks.py
[2026-07-18T14:06:42.667+0000] {processor.py:925} INFO - DAG(s) 'my_dag' retrieved from /opt/airflow/dags/my_tasks.py
[2026-07-18T14:06:42.685+0000] {logging_mixin.py:190} INFO - [2026-07-18T14:06:42.684+0000] {dag.py:3239} INFO - Sync 1 DAGs
[2026-07-18T14:06:42.701+0000] {logging_mixin.py:190} INFO - [2026-07-18T14:06:42.700+0000] {dag.py:4180} INFO - Setting next_dagrun for my_dag to None, run_after=None
[2026-07-18T14:06:42.714+0000] {processor.py:208} INFO - Processing /opt/airflow/dags/my_tasks.py took 0.059 seconds
[2026-07-18T14:07:12.928+0000] {processor.py:186} INFO - Started process (PID=627) to work on /opt/airflow/dags/my_tasks.py
[2026-07-18T14:07:12.935+0000] {processor.py:914} INFO - Processing file /opt/airflow/dags/my_tasks.py for tasks to queue
[2026-07-18T14:07:12.937+0000] {logging_mixin.py:190} INFO - [2026-07-18T14:07:12.937+0000] {dagbag.py:588} INFO - Filling up the DagBag from /opt/airflow/dags/my_tasks.py
[2026-07-18T14:07:12.943+0000] {processor.py:925} INFO - DAG(s) 'my_dag' retrieved from /opt/airflow/dags/my_tasks.py
[2026-07-18T14:07:12.961+0000] {logging_mixin.py:190} INFO - [2026-07-18T14:07:12.961+0000] {dag.py:3239} INFO - Sync 1 DAGs
[2026-07-18T14:07:12.977+0000] {logging_mixin.py:190} INFO - [2026-07-18T14:07:12.977+0000] {dag.py:4180} INFO - Setting next_dagrun for my_dag to None, run_after=None
[2026-07-18T14:07:12.992+0000] {processor.py:208} INFO - Processing /opt/airflow/dags/my_tasks.py took 0.068 seconds
[2026-07-18T14:07:43.200+0000] {processor.py:186} INFO - Started process (PID=638) to work on /opt/airflow/dags/my_tasks.py
[2026-07-18T14:07:43.200+0000] {processor.py:914} INFO - Processing file /opt/airflow/dags/my_tasks.py for tasks to queue
[2026-07-18T14:07:43.202+0000] {logging_mixin.py:190} INFO - [2026-07-18T14:07:43.202+0000] {dagbag.py:588} INFO - Filling up the DagBag from /opt/airflow/dags/my_tasks.py
[2026-07-18T14:07:43.207+0000] {processor.py:925} INFO - DAG(s) 'my_dag' retrieved from /opt/airflow/dags/my_tasks.py
[2026-07-18T14:07:43.224+0000] {logging_mixin.py:190} INFO - [2026-07-18T14:07:43.224+0000] {dag.py:3239} INFO - Sync 1 DAGs
[2026-07-18T14:07:43.239+0000] {logging_mixin.py:190} INFO - [2026-07-18T14:07:43.239+0000] {dag.py:4180} INFO - Setting next_dagrun for my_dag to None, run_after=None
[2026-07-18T14:07:43.258+0000] {processor.py:208} INFO - Processing /opt/airflow/dags/my_tasks.py took 0.062 seconds
[2026-07-18T14:08:13.451+0000] {processor.py:186} INFO - Started process (PID=649) to work on /opt/airflow/dags/my_tasks.py
[2026-07-18T14:08:13.459+0000] {processor.py:914} INFO - Processing file /opt/airflow/dags/my_tasks.py for tasks to queue
[2026-07-18T14:08:13.461+0000] {logging_mixin.py:190} INFO - [2026-07-18T14:08:13.461+0000] {dagbag.py:588} INFO - Filling up the DagBag from /opt/airflow/dags/my_tasks.py
[2026-07-18T14:08:13.469+0000] {processor.py:925} INFO - DAG(s) 'my_dag' retrieved from /opt/airflow/dags/my_tasks.py
[2026-07-18T14:08:13.487+0000] {logging_mixin.py:190} INFO - [2026-07-18T14:08:13.486+0000] {dag.py:3239} INFO - Sync 1 DAGs
[2026-07-18T14:08:13.502+0000] {logging_mixin.py:190} INFO - [2026-07-18T14:08:13.502+0000] {dag.py:4180} INFO - Setting next_dagrun for my_dag to None, run_after=None
[2026-07-18T14:08:13.517+0000] {processor.py:208} INFO - Processing /opt/airflow/dags/my_tasks.py took 0.070 seconds
[2026-07-18T14:08:43.737+0000] {processor.py:186} INFO - Started process (PID=660) to work on /opt/airflow/dags/my_tasks.py
[2026-07-18T14:08:43.737+0000] {processor.py:914} INFO - Processing file /opt/airflow/dags/my_tasks.py for tasks to queue
[2026-07-18T14:08:43.739+0000] {logging_mixin.py:190} INFO - [2026-07-18T14:08:43.738+0000] {dagbag.py:588} INFO - Filling up the DagBag from /opt/airflow/dags/my_tasks.py
[2026-07-18T14:08:43.744+0000] {processor.py:925} INFO - DAG(s) 'my_dag' retrieved from /opt/airflow/dags/my_tasks.py
[2026-07-18T14:08:43.760+0000] {logging_mixin.py:190} INFO - [2026-07-18T14:08:43.760+0000] {dag.py:3239} INFO - Sync 1 DAGs
[2026-07-18T14:08:43.776+0000] {logging_mixin.py:190} INFO - [2026-07-18T14:08:43.776+0000] {dag.py:4180} INFO - Setting next_dagrun for my_dag to None, run_after=None
[2026-07-18T14:08:43.791+0000] {processor.py:208} INFO - Processing /opt/airflow/dags/my_tasks.py took 0.059 seconds
[2026-07-18T14:09:14.021+0000] {processor.py:186} INFO - Started process (PID=671) to work on /opt/airflow/dags/my_tasks.py
[2026-07-18T14:09:14.023+0000] {processor.py:914} INFO - Processing file /opt/airflow/dags/my_tasks.py for tasks to queue
[2026-07-18T14:09:14.024+0000] {logging_mixin.py:190} INFO - [2026-07-18T14:09:14.024+0000] {dagbag.py:588} INFO - Filling up the DagBag from /opt/airflow/dags/my_tasks.py
[2026-07-18T14:09:14.030+0000] {processor.py:925} INFO - DAG(s) 'my_dag' retrieved from /opt/airflow/dags/my_tasks.py
[2026-07-18T14:09:14.048+0000] {logging_mixin.py:190} INFO - [2026-07-18T14:09:14.047+0000] {dag.py:3239} INFO - Sync 1 DAGs
[2026-07-18T14:09:14.064+0000] {logging_mixin.py:190} INFO - [2026-07-18T14:09:14.064+0000] {dag.py:4180} INFO - Setting next_dagrun for my_dag to None, run_after=None
[2026-07-18T14:09:14.077+0000] {processor.py:208} INFO - Processing /opt/airflow/dags/my_tasks.py took 0.062 seconds
[2026-07-18T14:09:44.298+0000] {processor.py:186} INFO - Started process (PID=682) to work on /opt/airflow/dags/my_tasks.py
[2026-07-18T14:09:44.298+0000] {processor.py:914} INFO - Processing file /opt/airflow/dags/my_tasks.py for tasks to queue
[2026-07-18T14:09:44.300+0000] {logging_mixin.py:190} INFO - [2026-07-18T14:09:44.300+0000] {dagbag.py:588} INFO - Filling up the DagBag from /opt/airflow/dags/my_tasks.py
[2026-07-18T14:09:44.305+0000] {processor.py:925} INFO - DAG(s) 'my_dag' retrieved from /opt/airflow/dags/my_tasks.py
[2026-07-18T14:09:44.322+0000] {logging_mixin.py:190} INFO - [2026-07-18T14:09:44.322+0000] {dag.py:3239} INFO - Sync 1 DAGs
[2026-07-18T14:09:44.338+0000] {logging_mixin.py:190} INFO - [2026-07-18T14:09:44.337+0000] {dag.py:4180} INFO - Setting next_dagrun for my_dag to None, run_after=None
[2026-07-18T14:09:44.351+0000] {processor.py:208} INFO - Processing /opt/airflow/dags/my_tasks.py took 0.057 seconds
[2026-07-18T14:10:14.568+0000] {processor.py:186} INFO - Started process (PID=693) to work on /opt/airflow/dags/my_tasks.py
[2026-07-18T14:10:14.576+0000] {processor.py:914} INFO - Processing file /opt/airflow/dags/my_tasks.py for tasks to queue
[2026-07-18T14:10:14.578+0000] {logging_mixin.py:190} INFO - [2026-07-18T14:10:14.578+0000] {dagbag.py:588} INFO - Filling up the DagBag from /opt/airflow/dags/my_tasks.py
[2026-07-18T14:10:14.583+0000] {processor.py:925} INFO - DAG(s) 'my_dag' retrieved from /opt/airflow/dags/my_tasks.py
[2026-07-18T14:10:14.600+0000] {logging_mixin.py:190} INFO - [2026-07-18T14:10:14.600+0000] {dag.py:3239} INFO - Sync 1 DAGs
[2026-07-18T14:10:14.616+0000] {logging_mixin.py:190} INFO - [2026-07-18T14:10:14.615+0000] {dag.py:4180} INFO - Setting next_dagrun for my_dag to None, run_after=None
[2026-07-18T14:10:14.630+0000] {processor.py:208} INFO - Processing /opt/airflow/dags/my_tasks.py took 0.065 seconds
[2026-07-18T14:10:44.845+0000] {processor.py:186} INFO - Started process (PID=704) to work on /opt/airflow/dags/my_tasks.py
[2026-07-18T14:10:44.846+0000] {processor.py:914} INFO - Processing file /opt/airflow/dags/my_tasks.py for tasks to queue
[2026-07-18T14:10:44.847+0000] {logging_mixin.py:190} INFO - [2026-07-18T14:10:44.847+0000] {dagbag.py:588} INFO - Filling up the DagBag from /opt/airflow/dags/my_tasks.py
[2026-07-18T14:10:44.852+0000] {processor.py:925} INFO - DAG(s) 'my_dag' retrieved from /opt/airflow/dags/my_tasks.py
[2026-07-18T14:10:44.868+0000] {logging_mixin.py:190} INFO - [2026-07-18T14:10:44.868+0000] {dag.py:3239} INFO - Sync 1 DAGs
[2026-07-18T14:10:44.884+0000] {logging_mixin.py:190} INFO - [2026-07-18T14:10:44.884+0000] {dag.py:4180} INFO - Setting next_dagrun for my_dag to None, run_after=None
[2026-07-18T14:10:44.898+0000] {processor.py:208} INFO - Processing /opt/airflow/dags/my_tasks.py took 0.058 seconds
