[2026-10-02T06:39:04.221+0000] {processor.py:186} INFO - Started process (PID=186) to work on /opt/airflow/dags/my_tasks.py
[2026-10-02T06:39:04.222+0000] {processor.py:914} INFO - Processing file /opt/airflow/dags/my_tasks.py for tasks to queue
[2026-10-02T06:39:04.224+0000] {logging_mixin.py:190} INFO - [2026-10-02T06:39:04.224+0000] {dagbag.py:588} INFO - Filling up the DagBag from /opt/airflow/dags/my_tasks.py
[2026-10-02T06:39:04.251+0000] {processor.py:925} INFO - DAG(s) 'my_dag' retrieved from /opt/airflow/dags/my_tasks.py
[2026-10-02T06:39:04.285+0000] {logging_mixin.py:190} INFO - [2026-10-02T06:39:04.285+0000] {dag.py:3239} INFO - Sync 1 DAGs
[2026-10-02T06:39:04.306+0000] {logging_mixin.py:190} INFO - [2026-10-02T06:39:04.306+0000] {dag.py:4180} INFO - Setting next_dagrun for my_dag to None, run_after=None
[2026-10-02T06:39:04.326+0000] {processor.py:208} INFO - Processing /opt/airflow/dags/my_tasks.py took 0.116 seconds
[2026-10-02T06:39:34.446+0000] {processor.py:186} INFO - Started process (PID=197) to work on /opt/airflow/dags/my_tasks.py
[2026-10-02T06:39:34.447+0000] {processor.py:914} INFO - Processing file /opt/airflow/dags/my_tasks.py for tasks to queue
[2026-10-02T06:39:34.448+0000] {logging_mixin.py:190} INFO - [2026-10-02T06:39:34.448+0000] {dagbag.py:588} INFO - Filling up the DagBag from /opt/airflow/dags/my_tasks.py
[2026-10-02T06:39:34.455+0000] {processor.py:925} INFO - DAG(s) 'my_dag' retrieved from /opt/airflow/dags/my_tasks.py
[2026-10-02T06:39:34.473+0000] {logging_mixin.py:190} INFO - [2026-10-02T06:39:34.473+0000] {dag.py:3239} INFO - Sync 1 DAGs
[2026-10-02T06:39:34.494+0000] {logging_mixin.py:190} INFO - [2026-10-02T06:39:34.494+0000] {dag.py:4180} INFO - Setting next_dagrun for my_dag to None, run_after=None
[2026-10-02T06:39:34.512+0000] {processor.py:208} INFO - Processing /opt/airflow/dags/my_tasks.py took 0.073 seconds
[2026-10-02T06:40:04.729+0000] {processor.py:186} INFO - Started process (PID=214) to work on /opt/airflow/dags/my_tasks.py
[2026-10-02T06:40:04.730+0000] {processor.py:914} INFO - Processing file /opt/airflow/dags/my_tasks.py for tasks to queue
[2026-10-02T06:40:04.731+0000] {logging_mixin.py:190} INFO - [2026-10-02T06:40:04.731+0000] {dagbag.py:588} INFO - Filling up the DagBag from /opt/airflow/dags/my_tasks.py
[2026-10-02T06:40:04.739+0000] {processor.py:925} INFO - DAG(s) 'my_dag' retrieved from /opt/airflow/dags/my_tasks.py
[2026-10-02T06:40:04.758+0000] {logging_mixin.py:190} INFO - [2026-10-02T06:40:04.757+0000] {dag.py:3239} INFO - Sync 1 DAGs
[2026-10-02T06:40:04.773+0000] {logging_mixin.py:190} INFO - [2026-10-02T06:40:04.773+0000] {dag.py:4180} INFO - Setting next_dagrun for my_dag to None, run_after=None
[2026-10-02T06:40:04.788+0000] {processor.py:208} INFO - Processing /opt/airflow/dags/my_tasks.py took 0.062 seconds
[2026-10-02T06:40:34.988+0000] {processor.py:186} INFO - Started process (PID=225) to work on /opt/airflow/dags/my_tasks.py
[2026-10-02T06:40:34.988+0000] {processor.py:914} INFO - Processing file /opt/airflow/dags/my_tasks.py for tasks to queue
[2026-10-02T06:40:34.989+0000] {logging_mixin.py:190} INFO - [2026-10-02T06:40:34.989+0000] {dagbag.py:588} INFO - Filling up the DagBag from /opt/airflow/dags/my_tasks.py
[2026-10-02T06:40:34.998+0000] {processor.py:925} INFO - DAG(s) 'my_dag' retrieved from /opt/airflow/dags/my_tasks.py
[2026-10-02T06:40:35.019+0000] {logging_mixin.py:190} INFO - [2026-10-02T06:40:35.019+0000] {dag.py:3239} INFO - Sync 1 DAGs
[2026-10-02T06:40:35.036+0000] {logging_mixin.py:190} INFO - [2026-10-02T06:40:35.036+0000] {dag.py:4180} INFO - Setting next_dagrun for my_dag to None, run_after=None
[2026-10-02T06:40:35.052+0000] {processor.py:208} INFO - Processing /opt/airflow/dags/my_tasks.py took 0.069 seconds
[2026-10-02T06:41:05.228+0000] {processor.py:186} INFO - Started process (PID=237) to work on /opt/airflow/dags/my_tasks.py
[2026-10-02T06:41:05.236+0000] {processor.py:914} INFO - Processing file /opt/airflow/dags/my_tasks.py for tasks to queue
[2026-10-02T06:41:05.238+0000] {logging_mixin.py:190} INFO - [2026-10-02T06:41:05.238+0000] {dagbag.py:588} INFO - Filling up the DagBag from /opt/airflow/dags/my_tasks.py
[2026-10-02T06:41:05.245+0000] {processor.py:925} INFO - DAG(s) 'my_dag' retrieved from /opt/airflow/dags/my_tasks.py
[2026-10-02T06:41:05.264+0000] {logging_mixin.py:190} INFO - [2026-10-02T06:41:05.264+0000] {dag.py:3239} INFO - Sync 1 DAGs
[2026-10-02T06:41:05.280+0000] {logging_mixin.py:190} INFO - [2026-10-02T06:41:05.280+0000] {dag.py:4180} INFO - Setting next_dagrun for my_dag to None, run_after=None
[2026-10-02T06:41:05.295+0000] {processor.py:208} INFO - Processing /opt/airflow/dags/my_tasks.py took 0.072 seconds
[2026-10-02T06:41:35.374+0000] {processor.py:186} INFO - Started process (PID=248) to work on /opt/airflow/dags/my_tasks.py
[2026-10-02T06:41:35.400+0000] {processor.py:914} INFO - Processing file /opt/airflow/dags/my_tasks.py for tasks to queue
[2026-10-02T06:41:35.401+0000] {logging_mixin.py:190} INFO - [2026-10-02T06:41:35.401+0000] {dagbag.py:588} INFO - Filling up the DagBag from /opt/airflow/dags/my_tasks.py
[2026-10-02T06:41:35.408+0000] {processor.py:925} INFO - DAG(s) 'my_dag' retrieved from /opt/airflow/dags/my_tasks.py
[2026-10-02T06:41:35.426+0000] {logging_mixin.py:190} INFO - [2026-10-02T06:41:35.425+0000] {dag.py:3239} INFO - Sync 1 DAGs
[2026-10-02T06:41:35.442+0000] {logging_mixin.py:190} INFO - [2026-10-02T06:41:35.442+0000] {dag.py:4180} INFO - Setting next_dagrun for my_dag to None, run_after=None
[2026-10-02T06:41:35.455+0000] {processor.py:208} INFO - Processing /opt/airflow/dags/my_tasks.py took 0.085 seconds
[2026-10-02T06:42:05.551+0000] {processor.py:186} INFO - Started process (PID=259) to work on /opt/airflow/dags/my_tasks.py
[2026-10-02T06:42:05.559+0000] {processor.py:914} INFO - Processing file /opt/airflow/dags/my_tasks.py for tasks to queue
[2026-10-02T06:42:05.561+0000] {logging_mixin.py:190} INFO - [2026-10-02T06:42:05.560+0000] {dagbag.py:588} INFO - Filling up the DagBag from /opt/airflow/dags/my_tasks.py
[2026-10-02T06:42:05.567+0000] {processor.py:925} INFO - DAG(s) 'my_dag' retrieved from /opt/airflow/dags/my_tasks.py
[2026-10-02T06:42:05.585+0000] {logging_mixin.py:190} INFO - [2026-10-02T06:42:05.585+0000] {dag.py:3239} INFO - Sync 1 DAGs
[2026-10-02T06:42:05.601+0000] {logging_mixin.py:190} INFO - [2026-10-02T06:42:05.601+0000] {dag.py:4180} INFO - Setting next_dagrun for my_dag to None, run_after=None
[2026-10-02T06:42:05.615+0000] {processor.py:208} INFO - Processing /opt/airflow/dags/my_tasks.py took 0.067 seconds
[2026-10-02T06:42:35.723+0000] {processor.py:186} INFO - Started process (PID=270) to work on /opt/airflow/dags/my_tasks.py
[2026-10-02T06:42:35.723+0000] {processor.py:914} INFO - Processing file /opt/airflow/dags/my_tasks.py for tasks to queue
[2026-10-02T06:42:35.725+0000] {logging_mixin.py:190} INFO - [2026-10-02T06:42:35.725+0000] {dagbag.py:588} INFO - Filling up the DagBag from /opt/airflow/dags/my_tasks.py
[2026-10-02T06:42:35.733+0000] {processor.py:925} INFO - DAG(s) 'my_dag' retrieved from /opt/airflow/dags/my_tasks.py
[2026-10-02T06:42:35.752+0000] {logging_mixin.py:190} INFO - [2026-10-02T06:42:35.752+0000] {dag.py:3239} INFO - Sync 1 DAGs
[2026-10-02T06:42:35.768+0000] {logging_mixin.py:190} INFO - [2026-10-02T06:42:35.768+0000] {dag.py:4180} INFO - Setting next_dagrun for my_dag to None, run_after=None
[2026-10-02T06:42:35.783+0000] {processor.py:208} INFO - Processing /opt/airflow/dags/my_tasks.py took 0.064 seconds
[2026-10-02T06:43:05.937+0000] {processor.py:186} INFO - Started process (PID=281) to work on /opt/airflow/dags/my_tasks.py
[2026-10-02T06:43:05.943+0000] {processor.py:914} INFO - Processing file /opt/airflow/dags/my_tasks.py for tasks to queue
[2026-10-02T06:43:05.944+0000] {logging_mixin.py:190} INFO - [2026-10-02T06:43:05.944+0000] {dagbag.py:588} INFO - Filling up the DagBag from /opt/airflow/dags/my_tasks.py
[2026-10-02T06:43:05.951+0000] {processor.py:925} INFO - DAG(s) 'my_dag' retrieved from /opt/airflow/dags/my_tasks.py
[2026-10-02T06:43:05.970+0000] {logging_mixin.py:190} INFO - [2026-10-02T06:43:05.970+0000] {dag.py:3239} INFO - Sync 1 DAGs
[2026-10-02T06:43:05.988+0000] {logging_mixin.py:190} INFO - [2026-10-02T06:43:05.988+0000] {dag.py:4180} INFO - Setting next_dagrun for my_dag to None, run_after=None
[2026-10-02T06:43:06.093+0000] {processor.py:208} INFO - Processing /opt/airflow/dags/my_tasks.py took 0.159 seconds
[2026-10-02T06:43:36.178+0000] {processor.py:186} INFO - Started process (PID=292) to work on /opt/airflow/dags/my_tasks.py
[2026-10-02T06:43:36.186+0000] {processor.py:914} INFO - Processing file /opt/airflow/dags/my_tasks.py for tasks to queue
[2026-10-02T06:43:36.187+0000] {logging_mixin.py:190} INFO - [2026-10-02T06:43:36.187+0000] {dagbag.py:588} INFO - Filling up the DagBag from /opt/airflow/dags/my_tasks.py
[2026-10-02T06:43:36.194+0000] {processor.py:925} INFO - DAG(s) 'my_dag' retrieved from /opt/airflow/dags/my_tasks.py
[2026-10-02T06:43:36.215+0000] {logging_mixin.py:190} INFO - [2026-10-02T06:43:36.215+0000] {dag.py:3239} INFO - Sync 1 DAGs
[2026-10-02T06:43:36.233+0000] {logging_mixin.py:190} INFO - [2026-10-02T06:43:36.233+0000] {dag.py:4180} INFO - Setting next_dagrun for my_dag to None, run_after=None
[2026-10-02T06:43:36.249+0000] {processor.py:208} INFO - Processing /opt/airflow/dags/my_tasks.py took 0.075 seconds
[2026-10-02T06:44:06.485+0000] {processor.py:186} INFO - Started process (PID=303) to work on /opt/airflow/dags/my_tasks.py
[2026-10-02T06:44:06.488+0000] {processor.py:914} INFO - Processing file /opt/airflow/dags/my_tasks.py for tasks to queue
[2026-10-02T06:44:06.490+0000] {logging_mixin.py:190} INFO - [2026-10-02T06:44:06.490+0000] {dagbag.py:588} INFO - Filling up the DagBag from /opt/airflow/dags/my_tasks.py
[2026-10-02T06:44:06.498+0000] {processor.py:925} INFO - DAG(s) 'my_dag' retrieved from /opt/airflow/dags/my_tasks.py
[2026-10-02T06:44:06.516+0000] {logging_mixin.py:190} INFO - [2026-10-02T06:44:06.516+0000] {dag.py:3239} INFO - Sync 1 DAGs
[2026-10-02T06:44:06.533+0000] {logging_mixin.py:190} INFO - [2026-10-02T06:44:06.532+0000] {dag.py:4180} INFO - Setting next_dagrun for my_dag to None, run_after=None
[2026-10-02T06:44:06.555+0000] {processor.py:208} INFO - Processing /opt/airflow/dags/my_tasks.py took 0.074 seconds
[2026-10-02T06:44:36.746+0000] {processor.py:186} INFO - Started process (PID=314) to work on /opt/airflow/dags/my_tasks.py
[2026-10-02T06:44:36.747+0000] {processor.py:914} INFO - Processing file /opt/airflow/dags/my_tasks.py for tasks to queue
[2026-10-02T06:44:36.748+0000] {logging_mixin.py:190} INFO - [2026-10-02T06:44:36.748+0000] {dagbag.py:588} INFO - Filling up the DagBag from /opt/airflow/dags/my_tasks.py
[2026-10-02T06:44:36.754+0000] {processor.py:925} INFO - DAG(s) 'my_dag' retrieved from /opt/airflow/dags/my_tasks.py
[2026-10-02T06:44:36.773+0000] {logging_mixin.py:190} INFO - [2026-10-02T06:44:36.772+0000] {dag.py:3239} INFO - Sync 1 DAGs
[2026-10-02T06:44:36.788+0000] {logging_mixin.py:190} INFO - [2026-10-02T06:44:36.788+0000] {dag.py:4180} INFO - Setting next_dagrun for my_dag to None, run_after=None
[2026-10-02T06:44:36.802+0000] {processor.py:208} INFO - Processing /opt/airflow/dags/my_tasks.py took 0.060 seconds
[2026-10-02T06:45:06.995+0000] {processor.py:186} INFO - Started process (PID=325) to work on /opt/airflow/dags/my_tasks.py
[2026-10-02T06:45:06.996+0000] {processor.py:914} INFO - Processing file /opt/airflow/dags/my_tasks.py for tasks to queue
[2026-10-02T06:45:06.997+0000] {logging_mixin.py:190} INFO - [2026-10-02T06:45:06.997+0000] {dagbag.py:588} INFO - Filling up the DagBag from /opt/airflow/dags/my_tasks.py
[2026-10-02T06:45:07.004+0000] {processor.py:925} INFO - DAG(s) 'my_dag' retrieved from /opt/airflow/dags/my_tasks.py
[2026-10-02T06:45:07.022+0000] {logging_mixin.py:190} INFO - [2026-10-02T06:45:07.022+0000] {dag.py:3239} INFO - Sync 1 DAGs
[2026-10-02T06:45:07.038+0000] {logging_mixin.py:190} INFO - [2026-10-02T06:45:07.038+0000] {dag.py:4180} INFO - Setting next_dagrun for my_dag to None, run_after=None
[2026-10-02T06:45:07.052+0000] {processor.py:208} INFO - Processing /opt/airflow/dags/my_tasks.py took 0.061 seconds
[2026-10-02T06:45:37.259+0000] {processor.py:186} INFO - Started process (PID=336) to work on /opt/airflow/dags/my_tasks.py
[2026-10-02T06:45:37.267+0000] {processor.py:914} INFO - Processing file /opt/airflow/dags/my_tasks.py for tasks to queue
[2026-10-02T06:45:37.270+0000] {logging_mixin.py:190} INFO - [2026-10-02T06:45:37.269+0000] {dagbag.py:588} INFO - Filling up the DagBag from /opt/airflow/dags/my_tasks.py
[2026-10-02T06:45:37.278+0000] {processor.py:925} INFO - DAG(s) 'my_dag' retrieved from /opt/airflow/dags/my_tasks.py
[2026-10-02T06:45:37.296+0000] {logging_mixin.py:190} INFO - [2026-10-02T06:45:37.296+0000] {dag.py:3239} INFO - Sync 1 DAGs
[2026-10-02T06:45:37.312+0000] {logging_mixin.py:190} INFO - [2026-10-02T06:45:37.312+0000] {dag.py:4180} INFO - Setting next_dagrun for my_dag to None, run_after=None
[2026-10-02T06:45:37.326+0000] {processor.py:208} INFO - Processing /opt/airflow/dags/my_tasks.py took 0.071 seconds
[2026-10-02T06:46:07.524+0000] {processor.py:186} INFO - Started process (PID=347) to work on /opt/airflow/dags/my_tasks.py
[2026-10-02T06:46:07.532+0000] {processor.py:914} INFO - Processing file /opt/airflow/dags/my_tasks.py for tasks to queue
[2026-10-02T06:46:07.534+0000] {logging_mixin.py:190} INFO - [2026-10-02T06:46:07.533+0000] {dagbag.py:588} INFO - Filling up the DagBag from /opt/airflow/dags/my_tasks.py
[2026-10-02T06:46:07.540+0000] {processor.py:925} INFO - DAG(s) 'my_dag' retrieved from /opt/airflow/dags/my_tasks.py
[2026-10-02T06:46:07.558+0000] {logging_mixin.py:190} INFO - [2026-10-02T06:46:07.558+0000] {dag.py:3239} INFO - Sync 1 DAGs
[2026-10-02T06:46:07.573+0000] {logging_mixin.py:190} INFO - [2026-10-02T06:46:07.573+0000] {dag.py:4180} INFO - Setting next_dagrun for my_dag to None, run_after=None
[2026-10-02T06:46:07.588+0000] {processor.py:208} INFO - Processing /opt/airflow/dags/my_tasks.py took 0.068 seconds
[2026-10-02T06:46:37.795+0000] {processor.py:186} INFO - Started process (PID=358) to work on /opt/airflow/dags/my_tasks.py
[2026-10-02T06:46:37.803+0000] {processor.py:914} INFO - Processing file /opt/airflow/dags/my_tasks.py for tasks to queue
[2026-10-02T06:46:37.804+0000] {logging_mixin.py:190} INFO - [2026-10-02T06:46:37.804+0000] {dagbag.py:588} INFO - Filling up the DagBag from /opt/airflow/dags/my_tasks.py
[2026-10-02T06:46:37.813+0000] {processor.py:925} INFO - DAG(s) 'my_dag' retrieved from /opt/airflow/dags/my_tasks.py
[2026-10-02T06:46:37.831+0000] {logging_mixin.py:190} INFO - [2026-10-02T06:46:37.831+0000] {dag.py:3239} INFO - Sync 1 DAGs
[2026-10-02T06:46:37.848+0000] {logging_mixin.py:190} INFO - [2026-10-02T06:46:37.848+0000] {dag.py:4180} INFO - Setting next_dagrun for my_dag to None, run_after=None
[2026-10-02T06:46:37.863+0000] {processor.py:208} INFO - Processing /opt/airflow/dags/my_tasks.py took 0.073 seconds
[2026-10-02T06:47:08.047+0000] {processor.py:186} INFO - Started process (PID=369) to work on /opt/airflow/dags/my_tasks.py
[2026-10-02T06:47:08.055+0000] {processor.py:914} INFO - Processing file /opt/airflow/dags/my_tasks.py for tasks to queue
[2026-10-02T06:47:08.057+0000] {logging_mixin.py:190} INFO - [2026-10-02T06:47:08.057+0000] {dagbag.py:588} INFO - Filling up the DagBag from /opt/airflow/dags/my_tasks.py
[2026-10-02T06:47:08.067+0000] {processor.py:925} INFO - DAG(s) 'my_dag' retrieved from /opt/airflow/dags/my_tasks.py
[2026-10-02T06:47:08.085+0000] {logging_mixin.py:190} INFO - [2026-10-02T06:47:08.085+0000] {dag.py:3239} INFO - Sync 1 DAGs
[2026-10-02T06:47:08.101+0000] {logging_mixin.py:190} INFO - [2026-10-02T06:47:08.101+0000] {dag.py:4180} INFO - Setting next_dagrun for my_dag to None, run_after=None
[2026-10-02T06:47:08.115+0000] {processor.py:208} INFO - Processing /opt/airflow/dags/my_tasks.py took 0.072 seconds
[2026-10-02T06:47:38.321+0000] {processor.py:186} INFO - Started process (PID=380) to work on /opt/airflow/dags/my_tasks.py
[2026-10-02T06:47:38.329+0000] {processor.py:914} INFO - Processing file /opt/airflow/dags/my_tasks.py for tasks to queue
[2026-10-02T06:47:38.333+0000] {logging_mixin.py:190} INFO - [2026-10-02T06:47:38.332+0000] {dagbag.py:588} INFO - Filling up the DagBag from /opt/airflow/dags/my_tasks.py
[2026-10-02T06:47:38.345+0000] {processor.py:925} INFO - DAG(s) 'my_dag' retrieved from /opt/airflow/dags/my_tasks.py
[2026-10-02T06:47:38.364+0000] {logging_mixin.py:190} INFO - [2026-10-02T06:47:38.363+0000] {dag.py:3239} INFO - Sync 1 DAGs
[2026-10-02T06:47:38.379+0000] {logging_mixin.py:190} INFO - [2026-10-02T06:47:38.379+0000] {dag.py:4180} INFO - Setting next_dagrun for my_dag to None, run_after=None
[2026-10-02T06:47:38.393+0000] {processor.py:208} INFO - Processing /opt/airflow/dags/my_tasks.py took 0.077 seconds
[2026-10-02T06:48:08.591+0000] {processor.py:186} INFO - Started process (PID=391) to work on /opt/airflow/dags/my_tasks.py
[2026-10-02T06:48:08.598+0000] {processor.py:914} INFO - Processing file /opt/airflow/dags/my_tasks.py for tasks to queue
[2026-10-02T06:48:08.600+0000] {logging_mixin.py:190} INFO - [2026-10-02T06:48:08.600+0000] {dagbag.py:588} INFO - Filling up the DagBag from /opt/airflow/dags/my_tasks.py
[2026-10-02T06:48:08.608+0000] {processor.py:925} INFO - DAG(s) 'my_dag' retrieved from /opt/airflow/dags/my_tasks.py
[2026-10-02T06:48:08.626+0000] {logging_mixin.py:190} INFO - [2026-10-02T06:48:08.625+0000] {dag.py:3239} INFO - Sync 1 DAGs
[2026-10-02T06:48:08.642+0000] {logging_mixin.py:190} INFO - [2026-10-02T06:48:08.641+0000] {dag.py:4180} INFO - Setting next_dagrun for my_dag to None, run_after=None
[2026-10-02T06:48:08.656+0000] {processor.py:208} INFO - Processing /opt/airflow/dags/my_tasks.py took 0.069 seconds
[2026-10-02T06:48:38.852+0000] {processor.py:186} INFO - Started process (PID=402) to work on /opt/airflow/dags/my_tasks.py
[2026-10-02T06:48:38.860+0000] {processor.py:914} INFO - Processing file /opt/airflow/dags/my_tasks.py for tasks to queue
[2026-10-02T06:48:38.862+0000] {logging_mixin.py:190} INFO - [2026-10-02T06:48:38.862+0000] {dagbag.py:588} INFO - Filling up the DagBag from /opt/airflow/dags/my_tasks.py
[2026-10-02T06:48:38.872+0000] {processor.py:925} INFO - DAG(s) 'my_dag' retrieved from /opt/airflow/dags/my_tasks.py
[2026-10-02T06:48:38.890+0000] {logging_mixin.py:190} INFO - [2026-10-02T06:48:38.890+0000] {dag.py:3239} INFO - Sync 1 DAGs
[2026-10-02T06:48:38.907+0000] {logging_mixin.py:190} INFO - [2026-10-02T06:48:38.907+0000] {dag.py:4180} INFO - Setting next_dagrun for my_dag to None, run_after=None
[2026-10-02T06:48:38.920+0000] {processor.py:208} INFO - Processing /opt/airflow/dags/my_tasks.py took 0.072 seconds
[2026-10-02T06:49:09.116+0000] {processor.py:186} INFO - Started process (PID=413) to work on /opt/airflow/dags/my_tasks.py
[2026-10-02T06:49:09.126+0000] {processor.py:914} INFO - Processing file /opt/airflow/dags/my_tasks.py for tasks to queue
[2026-10-02T06:49:09.129+0000] {logging_mixin.py:190} INFO - [2026-10-02T06:49:09.129+0000] {dagbag.py:588} INFO - Filling up the DagBag from /opt/airflow/dags/my_tasks.py
[2026-10-02T06:49:09.139+0000] {processor.py:925} INFO - DAG(s) 'my_dag' retrieved from /opt/airflow/dags/my_tasks.py
[2026-10-02T06:49:09.158+0000] {logging_mixin.py:190} INFO - [2026-10-02T06:49:09.158+0000] {dag.py:3239} INFO - Sync 1 DAGs
[2026-10-02T06:49:09.175+0000] {logging_mixin.py:190} INFO - [2026-10-02T06:49:09.175+0000] {dag.py:4180} INFO - Setting next_dagrun for my_dag to None, run_after=None
[2026-10-02T06:49:09.196+0000] {processor.py:208} INFO - Processing /opt/airflow/dags/my_tasks.py took 0.086 seconds
[2026-10-02T06:49:39.348+0000] {processor.py:186} INFO - Started process (PID=424) to work on /opt/airflow/dags/my_tasks.py
[2026-10-02T06:49:39.355+0000] {processor.py:914} INFO - Processing file /opt/airflow/dags/my_tasks.py for tasks to queue
[2026-10-02T06:49:39.357+0000] {logging_mixin.py:190} INFO - [2026-10-02T06:49:39.357+0000] {dagbag.py:588} INFO - Filling up the DagBag from /opt/airflow/dags/my_tasks.py
[2026-10-02T06:49:39.364+0000] {processor.py:925} INFO - DAG(s) 'my_dag' retrieved from /opt/airflow/dags/my_tasks.py
[2026-10-02T06:49:39.382+0000] {logging_mixin.py:190} INFO - [2026-10-02T06:49:39.381+0000] {dag.py:3239} INFO - Sync 1 DAGs
[2026-10-02T06:49:39.397+0000] {logging_mixin.py:190} INFO - [2026-10-02T06:49:39.397+0000] {dag.py:4180} INFO - Setting next_dagrun for my_dag to None, run_after=None
[2026-10-02T06:49:39.411+0000] {processor.py:208} INFO - Processing /opt/airflow/dags/my_tasks.py took 0.068 seconds
[2026-10-02T06:50:09.593+0000] {processor.py:186} INFO - Started process (PID=435) to work on /opt/airflow/dags/my_tasks.py
[2026-10-02T06:50:09.601+0000] {processor.py:914} INFO - Processing file /opt/airflow/dags/my_tasks.py for tasks to queue
[2026-10-02T06:50:09.603+0000] {logging_mixin.py:190} INFO - [2026-10-02T06:50:09.603+0000] {dagbag.py:588} INFO - Filling up the DagBag from /opt/airflow/dags/my_tasks.py
[2026-10-02T06:50:09.610+0000] {processor.py:925} INFO - DAG(s) 'my_dag' retrieved from /opt/airflow/dags/my_tasks.py
[2026-10-02T06:50:09.629+0000] {logging_mixin.py:190} INFO - [2026-10-02T06:50:09.629+0000] {dag.py:3239} INFO - Sync 1 DAGs
[2026-10-02T06:50:09.646+0000] {logging_mixin.py:190} INFO - [2026-10-02T06:50:09.646+0000] {dag.py:4180} INFO - Setting next_dagrun for my_dag to None, run_after=None
[2026-10-02T06:50:09.662+0000] {processor.py:208} INFO - Processing /opt/airflow/dags/my_tasks.py took 0.073 seconds
[2026-10-02T06:50:39.859+0000] {processor.py:186} INFO - Started process (PID=446) to work on /opt/airflow/dags/my_tasks.py
[2026-10-02T06:50:39.867+0000] {processor.py:914} INFO - Processing file /opt/airflow/dags/my_tasks.py for tasks to queue
[2026-10-02T06:50:39.869+0000] {logging_mixin.py:190} INFO - [2026-10-02T06:50:39.869+0000] {dagbag.py:588} INFO - Filling up the DagBag from /opt/airflow/dags/my_tasks.py
[2026-10-02T06:50:39.879+0000] {processor.py:925} INFO - DAG(s) 'my_dag' retrieved from /opt/airflow/dags/my_tasks.py
[2026-10-02T06:50:39.897+0000] {logging_mixin.py:190} INFO - [2026-10-02T06:50:39.897+0000] {dag.py:3239} INFO - Sync 1 DAGs
[2026-10-02T06:50:39.914+0000] {logging_mixin.py:190} INFO - [2026-10-02T06:50:39.914+0000] {dag.py:4180} INFO - Setting next_dagrun for my_dag to None, run_after=None
[2026-10-02T06:50:39.927+0000] {processor.py:208} INFO - Processing /opt/airflow/dags/my_tasks.py took 0.072 seconds
[2026-10-02T06:51:10.133+0000] {processor.py:186} INFO - Started process (PID=457) to work on /opt/airflow/dags/my_tasks.py
[2026-10-02T06:51:10.141+0000] {processor.py:914} INFO - Processing file /opt/airflow/dags/my_tasks.py for tasks to queue
[2026-10-02T06:51:10.143+0000] {logging_mixin.py:190} INFO - [2026-10-02T06:51:10.143+0000] {dagbag.py:588} INFO - Filling up the DagBag from /opt/airflow/dags/my_tasks.py
[2026-10-02T06:51:10.151+0000] {processor.py:925} INFO - DAG(s) 'my_dag' retrieved from /opt/airflow/dags/my_tasks.py
[2026-10-02T06:51:10.170+0000] {logging_mixin.py:190} INFO - [2026-10-02T06:51:10.169+0000] {dag.py:3239} INFO - Sync 1 DAGs
[2026-10-02T06:51:10.186+0000] {logging_mixin.py:190} INFO - [2026-10-02T06:51:10.186+0000] {dag.py:4180} INFO - Setting next_dagrun for my_dag to None, run_after=None
[2026-10-02T06:51:10.200+0000] {processor.py:208} INFO - Processing /opt/airflow/dags/my_tasks.py took 0.071 seconds
[2026-10-02T06:51:40.414+0000] {processor.py:186} INFO - Started process (PID=468) to work on /opt/airflow/dags/my_tasks.py
[2026-10-02T06:51:40.415+0000] {processor.py:914} INFO - Processing file /opt/airflow/dags/my_tasks.py for tasks to queue
[2026-10-02T06:51:40.417+0000] {logging_mixin.py:190} INFO - [2026-10-02T06:51:40.416+0000] {dagbag.py:588} INFO - Filling up the DagBag from /opt/airflow/dags/my_tasks.py
[2026-10-02T06:51:40.423+0000] {processor.py:925} INFO - DAG(s) 'my_dag' retrieved from /opt/airflow/dags/my_tasks.py
[2026-10-02T06:51:40.442+0000] {logging_mixin.py:190} INFO - [2026-10-02T06:51:40.442+0000] {dag.py:3239} INFO - Sync 1 DAGs
[2026-10-02T06:51:40.457+0000] {logging_mixin.py:190} INFO - [2026-10-02T06:51:40.457+0000] {dag.py:4180} INFO - Setting next_dagrun for my_dag to None, run_after=None
[2026-10-02T06:51:40.471+0000] {processor.py:208} INFO - Processing /opt/airflow/dags/my_tasks.py took 0.061 seconds
[2026-10-02T06:52:10.688+0000] {processor.py:186} INFO - Started process (PID=479) to work on /opt/airflow/dags/my_tasks.py
[2026-10-02T06:52:10.689+0000] {processor.py:914} INFO - Processing file /opt/airflow/dags/my_tasks.py for tasks to queue
[2026-10-02T06:52:10.691+0000] {logging_mixin.py:190} INFO - [2026-10-02T06:52:10.691+0000] {dagbag.py:588} INFO - Filling up the DagBag from /opt/airflow/dags/my_tasks.py
[2026-10-02T06:52:10.701+0000] {processor.py:925} INFO - DAG(s) 'my_dag' retrieved from /opt/airflow/dags/my_tasks.py
[2026-10-02T06:52:10.720+0000] {logging_mixin.py:190} INFO - [2026-10-02T06:52:10.720+0000] {dag.py:3239} INFO - Sync 1 DAGs
[2026-10-02T06:52:10.736+0000] {logging_mixin.py:190} INFO - [2026-10-02T06:52:10.735+0000] {dag.py:4180} INFO - Setting next_dagrun for my_dag to None, run_after=None
[2026-10-02T06:52:10.750+0000] {processor.py:208} INFO - Processing /opt/airflow/dags/my_tasks.py took 0.068 seconds
[2026-10-02T06:52:40.958+0000] {processor.py:186} INFO - Started process (PID=490) to work on /opt/airflow/dags/my_tasks.py
[2026-10-02T06:52:40.961+0000] {processor.py:914} INFO - Processing file /opt/airflow/dags/my_tasks.py for tasks to queue
[2026-10-02T06:52:40.963+0000] {logging_mixin.py:190} INFO - [2026-10-02T06:52:40.963+0000] {dagbag.py:588} INFO - Filling up the DagBag from /opt/airflow/dags/my_tasks.py
[2026-10-02T06:52:40.970+0000] {processor.py:925} INFO - DAG(s) 'my_dag' retrieved from /opt/airflow/dags/my_tasks.py
[2026-10-02T06:52:40.988+0000] {logging_mixin.py:190} INFO - [2026-10-02T06:52:40.988+0000] {dag.py:3239} INFO - Sync 1 DAGs
[2026-10-02T06:52:41.004+0000] {logging_mixin.py:190} INFO - [2026-10-02T06:52:41.004+0000] {dag.py:4180} INFO - Setting next_dagrun for my_dag to None, run_after=None
[2026-10-02T06:52:41.042+0000] {processor.py:208} INFO - Processing /opt/airflow/dags/my_tasks.py took 0.088 seconds
[2026-10-02T06:53:11.238+0000] {processor.py:186} INFO - Started process (PID=501) to work on /opt/airflow/dags/my_tasks.py
[2026-10-02T06:53:11.241+0000] {processor.py:914} INFO - Processing file /opt/airflow/dags/my_tasks.py for tasks to queue
[2026-10-02T06:53:11.244+0000] {logging_mixin.py:190} INFO - [2026-10-02T06:53:11.244+0000] {dagbag.py:588} INFO - Filling up the DagBag from /opt/airflow/dags/my_tasks.py
[2026-10-02T06:53:11.255+0000] {processor.py:925} INFO - DAG(s) 'my_dag' retrieved from /opt/airflow/dags/my_tasks.py
[2026-10-02T06:53:11.279+0000] {logging_mixin.py:190} INFO - [2026-10-02T06:53:11.279+0000] {dag.py:3239} INFO - Sync 1 DAGs
[2026-10-02T06:53:11.297+0000] {logging_mixin.py:190} INFO - [2026-10-02T06:53:11.297+0000] {dag.py:4180} INFO - Setting next_dagrun for my_dag to None, run_after=None
[2026-10-02T06:53:11.313+0000] {processor.py:208} INFO - Processing /opt/airflow/dags/my_tasks.py took 0.082 seconds
[2026-10-02T06:53:41.492+0000] {processor.py:186} INFO - Started process (PID=512) to work on /opt/airflow/dags/my_tasks.py
[2026-10-02T06:53:41.493+0000] {processor.py:914} INFO - Processing file /opt/airflow/dags/my_tasks.py for tasks to queue
[2026-10-02T06:53:41.495+0000] {logging_mixin.py:190} INFO - [2026-10-02T06:53:41.494+0000] {dagbag.py:588} INFO - Filling up the DagBag from /opt/airflow/dags/my_tasks.py
[2026-10-02T06:53:41.502+0000] {processor.py:925} INFO - DAG(s) 'my_dag' retrieved from /opt/airflow/dags/my_tasks.py
[2026-10-02T06:53:41.521+0000] {logging_mixin.py:190} INFO - [2026-10-02T06:53:41.520+0000] {dag.py:3239} INFO - Sync 1 DAGs
[2026-10-02T06:53:41.537+0000] {logging_mixin.py:190} INFO - [2026-10-02T06:53:41.537+0000] {dag.py:4180} INFO - Setting next_dagrun for my_dag to None, run_after=None
[2026-10-02T06:53:41.550+0000] {processor.py:208} INFO - Processing /opt/airflow/dags/my_tasks.py took 0.062 seconds
[2026-10-02T06:54:11.755+0000] {processor.py:186} INFO - Started process (PID=523) to work on /opt/airflow/dags/my_tasks.py
[2026-10-02T06:54:11.763+0000] {processor.py:914} INFO - Processing file /opt/airflow/dags/my_tasks.py for tasks to queue
[2026-10-02T06:54:11.765+0000] {logging_mixin.py:190} INFO - [2026-10-02T06:54:11.765+0000] {dagbag.py:588} INFO - Filling up the DagBag from /opt/airflow/dags/my_tasks.py
[2026-10-02T06:54:11.774+0000] {processor.py:925} INFO - DAG(s) 'my_dag' retrieved from /opt/airflow/dags/my_tasks.py
[2026-10-02T06:54:11.792+0000] {logging_mixin.py:190} INFO - [2026-10-02T06:54:11.792+0000] {dag.py:3239} INFO - Sync 1 DAGs
[2026-10-02T06:54:11.809+0000] {logging_mixin.py:190} INFO - [2026-10-02T06:54:11.809+0000] {dag.py:4180} INFO - Setting next_dagrun for my_dag to None, run_after=None
[2026-10-02T06:54:11.823+0000] {processor.py:208} INFO - Processing /opt/airflow/dags/my_tasks.py took 0.072 seconds
[2026-10-02T06:54:42.024+0000] {processor.py:186} INFO - Started process (PID=534) to work on /opt/airflow/dags/my_tasks.py
[2026-10-02T06:54:42.032+0000] {processor.py:914} INFO - Processing file /opt/airflow/dags/my_tasks.py for tasks to queue
[2026-10-02T06:54:42.034+0000] {logging_mixin.py:190} INFO - [2026-10-02T06:54:42.034+0000] {dagbag.py:588} INFO - Filling up the DagBag from /opt/airflow/dags/my_tasks.py
[2026-10-02T06:54:42.043+0000] {processor.py:925} INFO - DAG(s) 'my_dag' retrieved from /opt/airflow/dags/my_tasks.py
[2026-10-02T06:54:42.061+0000] {logging_mixin.py:190} INFO - [2026-10-02T06:54:42.061+0000] {dag.py:3239} INFO - Sync 1 DAGs
[2026-10-02T06:54:42.077+0000] {logging_mixin.py:190} INFO - [2026-10-02T06:54:42.077+0000] {dag.py:4180} INFO - Setting next_dagrun for my_dag to None, run_after=None
[2026-10-02T06:54:42.091+0000] {processor.py:208} INFO - Processing /opt/airflow/dags/my_tasks.py took 0.071 seconds
[2026-10-02T06:55:12.295+0000] {processor.py:186} INFO - Started process (PID=545) to work on /opt/airflow/dags/my_tasks.py
[2026-10-02T06:55:12.303+0000] {processor.py:914} INFO - Processing file /opt/airflow/dags/my_tasks.py for tasks to queue
[2026-10-02T06:55:12.306+0000] {logging_mixin.py:190} INFO - [2026-10-02T06:55:12.306+0000] {dagbag.py:588} INFO - Filling up the DagBag from /opt/airflow/dags/my_tasks.py
[2026-10-02T06:55:12.314+0000] {processor.py:925} INFO - DAG(s) 'my_dag' retrieved from /opt/airflow/dags/my_tasks.py
[2026-10-02T06:55:12.332+0000] {logging_mixin.py:190} INFO - [2026-10-02T06:55:12.332+0000] {dag.py:3239} INFO - Sync 1 DAGs
[2026-10-02T06:55:12.348+0000] {logging_mixin.py:190} INFO - [2026-10-02T06:55:12.348+0000] {dag.py:4180} INFO - Setting next_dagrun for my_dag to None, run_after=None
[2026-10-02T06:55:12.362+0000] {processor.py:208} INFO - Processing /opt/airflow/dags/my_tasks.py took 0.072 seconds
[2026-10-02T06:55:42.563+0000] {processor.py:186} INFO - Started process (PID=556) to work on /opt/airflow/dags/my_tasks.py
[2026-10-02T06:55:42.565+0000] {processor.py:914} INFO - Processing file /opt/airflow/dags/my_tasks.py for tasks to queue
[2026-10-02T06:55:42.567+0000] {logging_mixin.py:190} INFO - [2026-10-02T06:55:42.567+0000] {dagbag.py:588} INFO - Filling up the DagBag from /opt/airflow/dags/my_tasks.py
[2026-10-02T06:55:42.573+0000] {processor.py:925} INFO - DAG(s) 'my_dag' retrieved from /opt/airflow/dags/my_tasks.py
[2026-10-02T06:55:42.591+0000] {logging_mixin.py:190} INFO - [2026-10-02T06:55:42.591+0000] {dag.py:3239} INFO - Sync 1 DAGs
[2026-10-02T06:55:42.607+0000] {logging_mixin.py:190} INFO - [2026-10-02T06:55:42.606+0000] {dag.py:4180} INFO - Setting next_dagrun for my_dag to None, run_after=None
[2026-10-02T06:55:42.620+0000] {processor.py:208} INFO - Processing /opt/airflow/dags/my_tasks.py took 0.062 seconds
[2026-10-02T06:56:12.833+0000] {processor.py:186} INFO - Started process (PID=567) to work on /opt/airflow/dags/my_tasks.py
[2026-10-02T06:56:12.841+0000] {processor.py:914} INFO - Processing file /opt/airflow/dags/my_tasks.py for tasks to queue
[2026-10-02T06:56:12.843+0000] {logging_mixin.py:190} INFO - [2026-10-02T06:56:12.843+0000] {dagbag.py:588} INFO - Filling up the DagBag from /opt/airflow/dags/my_tasks.py
[2026-10-02T06:56:12.853+0000] {processor.py:925} INFO - DAG(s) 'my_dag' retrieved from /opt/airflow/dags/my_tasks.py
[2026-10-02T06:56:12.873+0000] {logging_mixin.py:190} INFO - [2026-10-02T06:56:12.873+0000] {dag.py:3239} INFO - Sync 1 DAGs
[2026-10-02T06:56:12.890+0000] {logging_mixin.py:190} INFO - [2026-10-02T06:56:12.890+0000] {dag.py:4180} INFO - Setting next_dagrun for my_dag to None, run_after=None
[2026-10-02T06:56:12.903+0000] {processor.py:208} INFO - Processing /opt/airflow/dags/my_tasks.py took 0.074 seconds
[2026-10-02T06:56:43.106+0000] {processor.py:186} INFO - Started process (PID=578) to work on /opt/airflow/dags/my_tasks.py
[2026-10-02T06:56:43.106+0000] {processor.py:914} INFO - Processing file /opt/airflow/dags/my_tasks.py for tasks to queue
[2026-10-02T06:56:43.108+0000] {logging_mixin.py:190} INFO - [2026-10-02T06:56:43.107+0000] {dagbag.py:588} INFO - Filling up the DagBag from /opt/airflow/dags/my_tasks.py
[2026-10-02T06:56:43.115+0000] {processor.py:925} INFO - DAG(s) 'my_dag' retrieved from /opt/airflow/dags/my_tasks.py
[2026-10-02T06:56:43.133+0000] {logging_mixin.py:190} INFO - [2026-10-02T06:56:43.133+0000] {dag.py:3239} INFO - Sync 1 DAGs
[2026-10-02T06:56:43.148+0000] {logging_mixin.py:190} INFO - [2026-10-02T06:56:43.148+0000] {dag.py:4180} INFO - Setting next_dagrun for my_dag to None, run_after=None
[2026-10-02T06:56:43.163+0000] {processor.py:208} INFO - Processing /opt/airflow/dags/my_tasks.py took 0.061 seconds
[2026-10-02T06:57:13.366+0000] {processor.py:186} INFO - Started process (PID=589) to work on /opt/airflow/dags/my_tasks.py
[2026-10-02T06:57:13.374+0000] {processor.py:914} INFO - Processing file /opt/airflow/dags/my_tasks.py for tasks to queue
[2026-10-02T06:57:13.376+0000] {logging_mixin.py:190} INFO - [2026-10-02T06:57:13.376+0000] {dagbag.py:588} INFO - Filling up the DagBag from /opt/airflow/dags/my_tasks.py
[2026-10-02T06:57:13.385+0000] {processor.py:925} INFO - DAG(s) 'my_dag' retrieved from /opt/airflow/dags/my_tasks.py
[2026-10-02T06:57:13.404+0000] {logging_mixin.py:190} INFO - [2026-10-02T06:57:13.403+0000] {dag.py:3239} INFO - Sync 1 DAGs
[2026-10-02T06:57:13.419+0000] {logging_mixin.py:190} INFO - [2026-10-02T06:57:13.419+0000] {dag.py:4180} INFO - Setting next_dagrun for my_dag to None, run_after=None
[2026-10-02T06:57:13.433+0000] {processor.py:208} INFO - Processing /opt/airflow/dags/my_tasks.py took 0.072 seconds
[2026-10-02T06:57:43.644+0000] {processor.py:186} INFO - Started process (PID=600) to work on /opt/airflow/dags/my_tasks.py
[2026-10-02T06:57:43.645+0000] {processor.py:914} INFO - Processing file /opt/airflow/dags/my_tasks.py for tasks to queue
[2026-10-02T06:57:43.646+0000] {logging_mixin.py:190} INFO - [2026-10-02T06:57:43.646+0000] {dagbag.py:588} INFO - Filling up the DagBag from /opt/airflow/dags/my_tasks.py
[2026-10-02T06:57:43.654+0000] {processor.py:925} INFO - DAG(s) 'my_dag' retrieved from /opt/airflow/dags/my_tasks.py
[2026-10-02T06:57:43.671+0000] {logging_mixin.py:190} INFO - [2026-10-02T06:57:43.671+0000] {dag.py:3239} INFO - Sync 1 DAGs
[2026-10-02T06:57:43.686+0000] {logging_mixin.py:190} INFO - [2026-10-02T06:57:43.686+0000] {dag.py:4180} INFO - Setting next_dagrun for my_dag to None, run_after=None
[2026-10-02T06:57:43.701+0000] {processor.py:208} INFO - Processing /opt/airflow/dags/my_tasks.py took 0.062 seconds
[2026-10-02T06:58:13.907+0000] {processor.py:186} INFO - Started process (PID=611) to work on /opt/airflow/dags/my_tasks.py
[2026-10-02T06:58:13.907+0000] {processor.py:914} INFO - Processing file /opt/airflow/dags/my_tasks.py for tasks to queue
[2026-10-02T06:58:13.909+0000] {logging_mixin.py:190} INFO - [2026-10-02T06:58:13.909+0000] {dagbag.py:588} INFO - Filling up the DagBag from /opt/airflow/dags/my_tasks.py
[2026-10-02T06:58:13.916+0000] {processor.py:925} INFO - DAG(s) 'my_dag' retrieved from /opt/airflow/dags/my_tasks.py
[2026-10-02T06:58:13.934+0000] {logging_mixin.py:190} INFO - [2026-10-02T06:58:13.934+0000] {dag.py:3239} INFO - Sync 1 DAGs
[2026-10-02T06:58:13.956+0000] {logging_mixin.py:190} INFO - [2026-10-02T06:58:13.955+0000] {dag.py:4180} INFO - Setting next_dagrun for my_dag to None, run_after=None
[2026-10-02T06:58:13.983+0000] {processor.py:208} INFO - Processing /opt/airflow/dags/my_tasks.py took 0.080 seconds
[2026-10-02T06:58:44.158+0000] {processor.py:186} INFO - Started process (PID=622) to work on /opt/airflow/dags/my_tasks.py
[2026-10-02T06:58:44.158+0000] {processor.py:914} INFO - Processing file /opt/airflow/dags/my_tasks.py for tasks to queue
[2026-10-02T06:58:44.160+0000] {logging_mixin.py:190} INFO - [2026-10-02T06:58:44.160+0000] {dagbag.py:588} INFO - Filling up the DagBag from /opt/airflow/dags/my_tasks.py
[2026-10-02T06:58:44.167+0000] {processor.py:925} INFO - DAG(s) 'my_dag' retrieved from /opt/airflow/dags/my_tasks.py
[2026-10-02T06:58:44.186+0000] {logging_mixin.py:190} INFO - [2026-10-02T06:58:44.185+0000] {dag.py:3239} INFO - Sync 1 DAGs
[2026-10-02T06:58:44.202+0000] {logging_mixin.py:190} INFO - [2026-10-02T06:58:44.201+0000] {dag.py:4180} INFO - Setting next_dagrun for my_dag to None, run_after=None
[2026-10-02T06:58:44.216+0000] {processor.py:208} INFO - Processing /opt/airflow/dags/my_tasks.py took 0.063 seconds
[2026-10-02T06:59:14.420+0000] {processor.py:186} INFO - Started process (PID=633) to work on /opt/airflow/dags/my_tasks.py
[2026-10-02T06:59:14.428+0000] {processor.py:914} INFO - Processing file /opt/airflow/dags/my_tasks.py for tasks to queue
[2026-10-02T06:59:14.429+0000] {logging_mixin.py:190} INFO - [2026-10-02T06:59:14.429+0000] {dagbag.py:588} INFO - Filling up the DagBag from /opt/airflow/dags/my_tasks.py
[2026-10-02T06:59:14.438+0000] {processor.py:925} INFO - DAG(s) 'my_dag' retrieved from /opt/airflow/dags/my_tasks.py
[2026-10-02T06:59:14.457+0000] {logging_mixin.py:190} INFO - [2026-10-02T06:59:14.457+0000] {dag.py:3239} INFO - Sync 1 DAGs
[2026-10-02T06:59:14.475+0000] {logging_mixin.py:190} INFO - [2026-10-02T06:59:14.475+0000] {dag.py:4180} INFO - Setting next_dagrun for my_dag to None, run_after=None
[2026-10-02T06:59:14.490+0000] {processor.py:208} INFO - Processing /opt/airflow/dags/my_tasks.py took 0.074 seconds
[2026-10-02T06:59:44.690+0000] {processor.py:186} INFO - Started process (PID=644) to work on /opt/airflow/dags/my_tasks.py
[2026-10-02T06:59:44.690+0000] {processor.py:914} INFO - Processing file /opt/airflow/dags/my_tasks.py for tasks to queue
[2026-10-02T06:59:44.692+0000] {logging_mixin.py:190} INFO - [2026-10-02T06:59:44.692+0000] {dagbag.py:588} INFO - Filling up the DagBag from /opt/airflow/dags/my_tasks.py
[2026-10-02T06:59:44.699+0000] {processor.py:925} INFO - DAG(s) 'my_dag' retrieved from /opt/airflow/dags/my_tasks.py
[2026-10-02T06:59:44.716+0000] {logging_mixin.py:190} INFO - [2026-10-02T06:59:44.716+0000] {dag.py:3239} INFO - Sync 1 DAGs
[2026-10-02T06:59:44.732+0000] {logging_mixin.py:190} INFO - [2026-10-02T06:59:44.732+0000] {dag.py:4180} INFO - Setting next_dagrun for my_dag to None, run_after=None
[2026-10-02T06:59:44.746+0000] {processor.py:208} INFO - Processing /opt/airflow/dags/my_tasks.py took 0.060 seconds
[2026-10-02T07:00:14.957+0000] {processor.py:186} INFO - Started process (PID=655) to work on /opt/airflow/dags/my_tasks.py
[2026-10-02T07:00:14.965+0000] {processor.py:914} INFO - Processing file /opt/airflow/dags/my_tasks.py for tasks to queue
[2026-10-02T07:00:14.967+0000] {logging_mixin.py:190} INFO - [2026-10-02T07:00:14.967+0000] {dagbag.py:588} INFO - Filling up the DagBag from /opt/airflow/dags/my_tasks.py
[2026-10-02T07:00:14.976+0000] {processor.py:925} INFO - DAG(s) 'my_dag' retrieved from /opt/airflow/dags/my_tasks.py
[2026-10-02T07:00:14.994+0000] {logging_mixin.py:190} INFO - [2026-10-02T07:00:14.994+0000] {dag.py:3239} INFO - Sync 1 DAGs
[2026-10-02T07:00:15.010+0000] {logging_mixin.py:190} INFO - [2026-10-02T07:00:15.010+0000] {dag.py:4180} INFO - Setting next_dagrun for my_dag to None, run_after=None
[2026-10-02T07:00:15.024+0000] {processor.py:208} INFO - Processing /opt/airflow/dags/my_tasks.py took 0.071 seconds
[2026-10-02T07:00:45.229+0000] {processor.py:186} INFO - Started process (PID=666) to work on /opt/airflow/dags/my_tasks.py
[2026-10-02T07:00:45.229+0000] {processor.py:914} INFO - Processing file /opt/airflow/dags/my_tasks.py for tasks to queue
[2026-10-02T07:00:45.231+0000] {logging_mixin.py:190} INFO - [2026-10-02T07:00:45.231+0000] {dagbag.py:588} INFO - Filling up the DagBag from /opt/airflow/dags/my_tasks.py
[2026-10-02T07:00:45.238+0000] {processor.py:925} INFO - DAG(s) 'my_dag' retrieved from /opt/airflow/dags/my_tasks.py
[2026-10-02T07:00:45.257+0000] {logging_mixin.py:190} INFO - [2026-10-02T07:00:45.256+0000] {dag.py:3239} INFO - Sync 1 DAGs
[2026-10-02T07:00:45.272+0000] {logging_mixin.py:190} INFO - [2026-10-02T07:00:45.272+0000] {dag.py:4180} INFO - Setting next_dagrun for my_dag to None, run_after=None
[2026-10-02T07:00:45.286+0000] {processor.py:208} INFO - Processing /opt/airflow/dags/my_tasks.py took 0.062 seconds
[2026-10-02T07:01:15.496+0000] {processor.py:186} INFO - Started process (PID=677) to work on /opt/airflow/dags/my_tasks.py
[2026-10-02T07:01:15.504+0000] {processor.py:914} INFO - Processing file /opt/airflow/dags/my_tasks.py for tasks to queue
[2026-10-02T07:01:15.506+0000] {logging_mixin.py:190} INFO - [2026-10-02T07:01:15.506+0000] {dagbag.py:588} INFO - Filling up the DagBag from /opt/airflow/dags/my_tasks.py
[2026-10-02T07:01:15.513+0000] {processor.py:925} INFO - DAG(s) 'my_dag' retrieved from /opt/airflow/dags/my_tasks.py
[2026-10-02T07:01:15.530+0000] {logging_mixin.py:190} INFO - [2026-10-02T07:01:15.530+0000] {dag.py:3239} INFO - Sync 1 DAGs
[2026-10-02T07:01:15.545+0000] {logging_mixin.py:190} INFO - [2026-10-02T07:01:15.545+0000] {dag.py:4180} INFO - Setting next_dagrun for my_dag to None, run_after=None
[2026-10-02T07:01:15.559+0000] {processor.py:208} INFO - Processing /opt/airflow/dags/my_tasks.py took 0.067 seconds
[2026-10-02T07:01:45.760+0000] {processor.py:186} INFO - Started process (PID=688) to work on /opt/airflow/dags/my_tasks.py
[2026-10-02T07:01:45.766+0000] {processor.py:914} INFO - Processing file /opt/airflow/dags/my_tasks.py for tasks to queue
[2026-10-02T07:01:45.768+0000] {logging_mixin.py:190} INFO - [2026-10-02T07:01:45.767+0000] {dagbag.py:588} INFO - Filling up the DagBag from /opt/airflow/dags/my_tasks.py
[2026-10-02T07:01:45.775+0000] {processor.py:925} INFO - DAG(s) 'my_dag' retrieved from /opt/airflow/dags/my_tasks.py
[2026-10-02T07:01:45.793+0000] {logging_mixin.py:190} INFO - [2026-10-02T07:01:45.793+0000] {dag.py:3239} INFO - Sync 1 DAGs
[2026-10-02T07:01:45.809+0000] {logging_mixin.py:190} INFO - [2026-10-02T07:01:45.809+0000] {dag.py:4180} INFO - Setting next_dagrun for my_dag to None, run_after=None
[2026-10-02T07:01:45.823+0000] {processor.py:208} INFO - Processing /opt/airflow/dags/my_tasks.py took 0.067 seconds
[2026-10-02T07:02:16.028+0000] {processor.py:186} INFO - Started process (PID=699) to work on /opt/airflow/dags/my_tasks.py
[2026-10-02T07:02:16.036+0000] {processor.py:914} INFO - Processing file /opt/airflow/dags/my_tasks.py for tasks to queue
[2026-10-02T07:02:16.038+0000] {logging_mixin.py:190} INFO - [2026-10-02T07:02:16.038+0000] {dagbag.py:588} INFO - Filling up the DagBag from /opt/airflow/dags/my_tasks.py
[2026-10-02T07:02:16.046+0000] {processor.py:925} INFO - DAG(s) 'my_dag' retrieved from /opt/airflow/dags/my_tasks.py
[2026-10-02T07:02:16.065+0000] {logging_mixin.py:190} INFO - [2026-10-02T07:02:16.064+0000] {dag.py:3239} INFO - Sync 1 DAGs
[2026-10-02T07:02:16.080+0000] {logging_mixin.py:190} INFO - [2026-10-02T07:02:16.080+0000] {dag.py:4180} INFO - Setting next_dagrun for my_dag to None, run_after=None
[2026-10-02T07:02:16.094+0000] {processor.py:208} INFO - Processing /opt/airflow/dags/my_tasks.py took 0.070 seconds
[2026-10-02T07:02:46.295+0000] {processor.py:186} INFO - Started process (PID=710) to work on /opt/airflow/dags/my_tasks.py
[2026-10-02T07:02:46.298+0000] {processor.py:914} INFO - Processing file /opt/airflow/dags/my_tasks.py for tasks to queue
[2026-10-02T07:02:46.299+0000] {logging_mixin.py:190} INFO - [2026-10-02T07:02:46.299+0000] {dagbag.py:588} INFO - Filling up the DagBag from /opt/airflow/dags/my_tasks.py
[2026-10-02T07:02:46.307+0000] {processor.py:925} INFO - DAG(s) 'my_dag' retrieved from /opt/airflow/dags/my_tasks.py
[2026-10-02T07:02:46.325+0000] {logging_mixin.py:190} INFO - [2026-10-02T07:02:46.325+0000] {dag.py:3239} INFO - Sync 1 DAGs
[2026-10-02T07:02:46.341+0000] {logging_mixin.py:190} INFO - [2026-10-02T07:02:46.341+0000] {dag.py:4180} INFO - Setting next_dagrun for my_dag to None, run_after=None
[2026-10-02T07:02:46.355+0000] {processor.py:208} INFO - Processing /opt/airflow/dags/my_tasks.py took 0.064 seconds
[2026-10-02T07:03:16.529+0000] {processor.py:186} INFO - Started process (PID=721) to work on /opt/airflow/dags/my_tasks.py
[2026-10-02T07:03:16.537+0000] {processor.py:914} INFO - Processing file /opt/airflow/dags/my_tasks.py for tasks to queue
[2026-10-02T07:03:16.539+0000] {logging_mixin.py:190} INFO - [2026-10-02T07:03:16.538+0000] {dagbag.py:588} INFO - Filling up the DagBag from /opt/airflow/dags/my_tasks.py
[2026-10-02T07:03:16.546+0000] {processor.py:925} INFO - DAG(s) 'my_dag' retrieved from /opt/airflow/dags/my_tasks.py
[2026-10-02T07:03:16.563+0000] {logging_mixin.py:190} INFO - [2026-10-02T07:03:16.563+0000] {dag.py:3239} INFO - Sync 1 DAGs
[2026-10-02T07:03:16.579+0000] {logging_mixin.py:190} INFO - [2026-10-02T07:03:16.579+0000] {dag.py:4180} INFO - Setting next_dagrun for my_dag to None, run_after=None
[2026-10-02T07:03:16.594+0000] {processor.py:208} INFO - Processing /opt/airflow/dags/my_tasks.py took 0.069 seconds
[2026-10-02T07:03:46.801+0000] {processor.py:186} INFO - Started process (PID=732) to work on /opt/airflow/dags/my_tasks.py
[2026-10-02T07:03:46.803+0000] {processor.py:914} INFO - Processing file /opt/airflow/dags/my_tasks.py for tasks to queue
[2026-10-02T07:03:46.804+0000] {logging_mixin.py:190} INFO - [2026-10-02T07:03:46.804+0000] {dagbag.py:588} INFO - Filling up the DagBag from /opt/airflow/dags/my_tasks.py
[2026-10-02T07:03:46.812+0000] {processor.py:925} INFO - DAG(s) 'my_dag' retrieved from /opt/airflow/dags/my_tasks.py
[2026-10-02T07:03:46.831+0000] {logging_mixin.py:190} INFO - [2026-10-02T07:03:46.831+0000] {dag.py:3239} INFO - Sync 1 DAGs
[2026-10-02T07:03:46.848+0000] {logging_mixin.py:190} INFO - [2026-10-02T07:03:46.847+0000] {dag.py:4180} INFO - Setting next_dagrun for my_dag to None, run_after=None
[2026-10-02T07:03:46.864+0000] {processor.py:208} INFO - Processing /opt/airflow/dags/my_tasks.py took 0.067 seconds
[2026-10-02T07:04:17.077+0000] {processor.py:186} INFO - Started process (PID=743) to work on /opt/airflow/dags/my_tasks.py
[2026-10-02T07:04:17.084+0000] {processor.py:914} INFO - Processing file /opt/airflow/dags/my_tasks.py for tasks to queue
[2026-10-02T07:04:17.087+0000] {logging_mixin.py:190} INFO - [2026-10-02T07:04:17.087+0000] {dagbag.py:588} INFO - Filling up the DagBag from /opt/airflow/dags/my_tasks.py
[2026-10-02T07:04:17.096+0000] {processor.py:925} INFO - DAG(s) 'my_dag' retrieved from /opt/airflow/dags/my_tasks.py
[2026-10-02T07:04:17.114+0000] {logging_mixin.py:190} INFO - [2026-10-02T07:04:17.114+0000] {dag.py:3239} INFO - Sync 1 DAGs
[2026-10-02T07:04:17.130+0000] {logging_mixin.py:190} INFO - [2026-10-02T07:04:17.130+0000] {dag.py:4180} INFO - Setting next_dagrun for my_dag to None, run_after=None
[2026-10-02T07:04:17.143+0000] {processor.py:208} INFO - Processing /opt/airflow/dags/my_tasks.py took 0.071 seconds
[2026-10-02T07:04:47.342+0000] {processor.py:186} INFO - Started process (PID=754) to work on /opt/airflow/dags/my_tasks.py
[2026-10-02T07:04:47.350+0000] {processor.py:914} INFO - Processing file /opt/airflow/dags/my_tasks.py for tasks to queue
[2026-10-02T07:04:47.352+0000] {logging_mixin.py:190} INFO - [2026-10-02T07:04:47.352+0000] {dagbag.py:588} INFO - Filling up the DagBag from /opt/airflow/dags/my_tasks.py
[2026-10-02T07:04:47.362+0000] {processor.py:925} INFO - DAG(s) 'my_dag' retrieved from /opt/airflow/dags/my_tasks.py
[2026-10-02T07:04:47.380+0000] {logging_mixin.py:190} INFO - [2026-10-02T07:04:47.380+0000] {dag.py:3239} INFO - Sync 1 DAGs
[2026-10-02T07:04:47.396+0000] {logging_mixin.py:190} INFO - [2026-10-02T07:04:47.396+0000] {dag.py:4180} INFO - Setting next_dagrun for my_dag to None, run_after=None
[2026-10-02T07:04:47.410+0000] {processor.py:208} INFO - Processing /opt/airflow/dags/my_tasks.py took 0.072 seconds
[2026-10-02T07:05:17.604+0000] {processor.py:186} INFO - Started process (PID=765) to work on /opt/airflow/dags/my_tasks.py
[2026-10-02T07:05:17.605+0000] {processor.py:914} INFO - Processing file /opt/airflow/dags/my_tasks.py for tasks to queue
[2026-10-02T07:05:17.606+0000] {logging_mixin.py:190} INFO - [2026-10-02T07:05:17.606+0000] {dagbag.py:588} INFO - Filling up the DagBag from /opt/airflow/dags/my_tasks.py
[2026-10-02T07:05:17.613+0000] {processor.py:925} INFO - DAG(s) 'my_dag' retrieved from /opt/airflow/dags/my_tasks.py
[2026-10-02T07:05:17.631+0000] {logging_mixin.py:190} INFO - [2026-10-02T07:05:17.630+0000] {dag.py:3239} INFO - Sync 1 DAGs
[2026-10-02T07:05:17.647+0000] {logging_mixin.py:190} INFO - [2026-10-02T07:05:17.647+0000] {dag.py:4180} INFO - Setting next_dagrun for my_dag to None, run_after=None
[2026-10-02T07:05:17.661+0000] {processor.py:208} INFO - Processing /opt/airflow/dags/my_tasks.py took 0.061 seconds
[2026-10-02T07:05:47.868+0000] {processor.py:186} INFO - Started process (PID=776) to work on /opt/airflow/dags/my_tasks.py
[2026-10-02T07:05:47.876+0000] {processor.py:914} INFO - Processing file /opt/airflow/dags/my_tasks.py for tasks to queue
[2026-10-02T07:05:47.879+0000] {logging_mixin.py:190} INFO - [2026-10-02T07:05:47.878+0000] {dagbag.py:588} INFO - Filling up the DagBag from /opt/airflow/dags/my_tasks.py
[2026-10-02T07:05:47.888+0000] {processor.py:925} INFO - DAG(s) 'my_dag' retrieved from /opt/airflow/dags/my_tasks.py
[2026-10-02T07:05:47.906+0000] {logging_mixin.py:190} INFO - [2026-10-02T07:05:47.905+0000] {dag.py:3239} INFO - Sync 1 DAGs
[2026-10-02T07:05:47.922+0000] {logging_mixin.py:190} INFO - [2026-10-02T07:05:47.922+0000] {dag.py:4180} INFO - Setting next_dagrun for my_dag to None, run_after=None
[2026-10-02T07:05:47.935+0000] {processor.py:208} INFO - Processing /opt/airflow/dags/my_tasks.py took 0.071 seconds
[2026-10-02T07:06:18.140+0000] {processor.py:186} INFO - Started process (PID=787) to work on /opt/airflow/dags/my_tasks.py
[2026-10-02T07:06:18.148+0000] {processor.py:914} INFO - Processing file /opt/airflow/dags/my_tasks.py for tasks to queue
[2026-10-02T07:06:18.150+0000] {logging_mixin.py:190} INFO - [2026-10-02T07:06:18.150+0000] {dagbag.py:588} INFO - Filling up the DagBag from /opt/airflow/dags/my_tasks.py
[2026-10-02T07:06:18.159+0000] {processor.py:925} INFO - DAG(s) 'my_dag' retrieved from /opt/airflow/dags/my_tasks.py
[2026-10-02T07:06:18.179+0000] {logging_mixin.py:190} INFO - [2026-10-02T07:06:18.178+0000] {dag.py:3239} INFO - Sync 1 DAGs
[2026-10-02T07:06:18.195+0000] {logging_mixin.py:190} INFO - [2026-10-02T07:06:18.195+0000] {dag.py:4180} INFO - Setting next_dagrun for my_dag to None, run_after=None
[2026-10-02T07:06:18.209+0000] {processor.py:208} INFO - Processing /opt/airflow/dags/my_tasks.py took 0.074 seconds
[2026-10-02T07:06:48.407+0000] {processor.py:186} INFO - Started process (PID=798) to work on /opt/airflow/dags/my_tasks.py
[2026-10-02T07:06:48.407+0000] {processor.py:914} INFO - Processing file /opt/airflow/dags/my_tasks.py for tasks to queue
[2026-10-02T07:06:48.409+0000] {logging_mixin.py:190} INFO - [2026-10-02T07:06:48.409+0000] {dagbag.py:588} INFO - Filling up the DagBag from /opt/airflow/dags/my_tasks.py
[2026-10-02T07:06:48.416+0000] {processor.py:925} INFO - DAG(s) 'my_dag' retrieved from /opt/airflow/dags/my_tasks.py
[2026-10-02T07:06:48.434+0000] {logging_mixin.py:190} INFO - [2026-10-02T07:06:48.434+0000] {dag.py:3239} INFO - Sync 1 DAGs
[2026-10-02T07:06:48.451+0000] {logging_mixin.py:190} INFO - [2026-10-02T07:06:48.451+0000] {dag.py:4180} INFO - Setting next_dagrun for my_dag to None, run_after=None
[2026-10-02T07:06:48.466+0000] {processor.py:208} INFO - Processing /opt/airflow/dags/my_tasks.py took 0.063 seconds
[2026-10-02T07:07:18.674+0000] {processor.py:186} INFO - Started process (PID=809) to work on /opt/airflow/dags/my_tasks.py
[2026-10-02T07:07:18.675+0000] {processor.py:914} INFO - Processing file /opt/airflow/dags/my_tasks.py for tasks to queue
[2026-10-02T07:07:18.677+0000] {logging_mixin.py:190} INFO - [2026-10-02T07:07:18.676+0000] {dagbag.py:588} INFO - Filling up the DagBag from /opt/airflow/dags/my_tasks.py
[2026-10-02T07:07:18.684+0000] {processor.py:925} INFO - DAG(s) 'my_dag' retrieved from /opt/airflow/dags/my_tasks.py
[2026-10-02T07:07:18.701+0000] {logging_mixin.py:190} INFO - [2026-10-02T07:07:18.701+0000] {dag.py:3239} INFO - Sync 1 DAGs
[2026-10-02T07:07:18.719+0000] {logging_mixin.py:190} INFO - [2026-10-02T07:07:18.718+0000] {dag.py:4180} INFO - Setting next_dagrun for my_dag to None, run_after=None
[2026-10-02T07:07:18.733+0000] {processor.py:208} INFO - Processing /opt/airflow/dags/my_tasks.py took 0.063 seconds
[2026-10-02T07:07:48.920+0000] {processor.py:186} INFO - Started process (PID=820) to work on /opt/airflow/dags/my_tasks.py
[2026-10-02T07:07:48.928+0000] {processor.py:914} INFO - Processing file /opt/airflow/dags/my_tasks.py for tasks to queue
[2026-10-02T07:07:48.930+0000] {logging_mixin.py:190} INFO - [2026-10-02T07:07:48.930+0000] {dagbag.py:588} INFO - Filling up the DagBag from /opt/airflow/dags/my_tasks.py
[2026-10-02T07:07:48.940+0000] {processor.py:925} INFO - DAG(s) 'my_dag' retrieved from /opt/airflow/dags/my_tasks.py
[2026-10-02T07:07:48.958+0000] {logging_mixin.py:190} INFO - [2026-10-02T07:07:48.958+0000] {dag.py:3239} INFO - Sync 1 DAGs
[2026-10-02T07:07:48.975+0000] {logging_mixin.py:190} INFO - [2026-10-02T07:07:48.975+0000] {dag.py:4180} INFO - Setting next_dagrun for my_dag to None, run_after=None
[2026-10-02T07:07:48.990+0000] {processor.py:208} INFO - Processing /opt/airflow/dags/my_tasks.py took 0.074 seconds
[2026-10-02T07:08:19.191+0000] {processor.py:186} INFO - Started process (PID=831) to work on /opt/airflow/dags/my_tasks.py
[2026-10-02T07:08:19.191+0000] {processor.py:914} INFO - Processing file /opt/airflow/dags/my_tasks.py for tasks to queue
[2026-10-02T07:08:19.193+0000] {logging_mixin.py:190} INFO - [2026-10-02T07:08:19.193+0000] {dagbag.py:588} INFO - Filling up the DagBag from /opt/airflow/dags/my_tasks.py
[2026-10-02T07:08:19.200+0000] {processor.py:925} INFO - DAG(s) 'my_dag' retrieved from /opt/airflow/dags/my_tasks.py
[2026-10-02T07:08:19.219+0000] {logging_mixin.py:190} INFO - [2026-10-02T07:08:19.219+0000] {dag.py:3239} INFO - Sync 1 DAGs
[2026-10-02T07:08:19.237+0000] {logging_mixin.py:190} INFO - [2026-10-02T07:08:19.237+0000] {dag.py:4180} INFO - Setting next_dagrun for my_dag to None, run_after=None
[2026-10-02T07:08:19.252+0000] {processor.py:208} INFO - Processing /opt/airflow/dags/my_tasks.py took 0.066 seconds
[2026-10-02T07:08:49.461+0000] {processor.py:186} INFO - Started process (PID=842) to work on /opt/airflow/dags/my_tasks.py
[2026-10-02T07:08:49.469+0000] {processor.py:914} INFO - Processing file /opt/airflow/dags/my_tasks.py for tasks to queue
[2026-10-02T07:08:49.470+0000] {logging_mixin.py:190} INFO - [2026-10-02T07:08:49.470+0000] {dagbag.py:588} INFO - Filling up the DagBag from /opt/airflow/dags/my_tasks.py
[2026-10-02T07:08:49.477+0000] {processor.py:925} INFO - DAG(s) 'my_dag' retrieved from /opt/airflow/dags/my_tasks.py
[2026-10-02T07:08:49.495+0000] {logging_mixin.py:190} INFO - [2026-10-02T07:08:49.495+0000] {dag.py:3239} INFO - Sync 1 DAGs
[2026-10-02T07:08:49.511+0000] {logging_mixin.py:190} INFO - [2026-10-02T07:08:49.511+0000] {dag.py:4180} INFO - Setting next_dagrun for my_dag to None, run_after=None
[2026-10-02T07:08:49.526+0000] {processor.py:208} INFO - Processing /opt/airflow/dags/my_tasks.py took 0.070 seconds
[2026-10-02T07:09:19.742+0000] {processor.py:186} INFO - Started process (PID=853) to work on /opt/airflow/dags/my_tasks.py
[2026-10-02T07:09:19.743+0000] {processor.py:914} INFO - Processing file /opt/airflow/dags/my_tasks.py for tasks to queue
[2026-10-02T07:09:19.744+0000] {logging_mixin.py:190} INFO - [2026-10-02T07:09:19.744+0000] {dagbag.py:588} INFO - Filling up the DagBag from /opt/airflow/dags/my_tasks.py
[2026-10-02T07:09:19.751+0000] {processor.py:925} INFO - DAG(s) 'my_dag' retrieved from /opt/airflow/dags/my_tasks.py
[2026-10-02T07:09:19.769+0000] {logging_mixin.py:190} INFO - [2026-10-02T07:09:19.769+0000] {dag.py:3239} INFO - Sync 1 DAGs
[2026-10-02T07:09:19.785+0000] {logging_mixin.py:190} INFO - [2026-10-02T07:09:19.785+0000] {dag.py:4180} INFO - Setting next_dagrun for my_dag to None, run_after=None
[2026-10-02T07:09:19.803+0000] {processor.py:208} INFO - Processing /opt/airflow/dags/my_tasks.py took 0.065 seconds
[2026-10-02T07:09:50.011+0000] {processor.py:186} INFO - Started process (PID=864) to work on /opt/airflow/dags/my_tasks.py
[2026-10-02T07:09:50.012+0000] {processor.py:914} INFO - Processing file /opt/airflow/dags/my_tasks.py for tasks to queue
[2026-10-02T07:09:50.014+0000] {logging_mixin.py:190} INFO - [2026-10-02T07:09:50.013+0000] {dagbag.py:588} INFO - Filling up the DagBag from /opt/airflow/dags/my_tasks.py
[2026-10-02T07:09:50.020+0000] {processor.py:925} INFO - DAG(s) 'my_dag' retrieved from /opt/airflow/dags/my_tasks.py
[2026-10-02T07:09:50.038+0000] {logging_mixin.py:190} INFO - [2026-10-02T07:09:50.038+0000] {dag.py:3239} INFO - Sync 1 DAGs
[2026-10-02T07:09:50.054+0000] {logging_mixin.py:190} INFO - [2026-10-02T07:09:50.053+0000] {dag.py:4180} INFO - Setting next_dagrun for my_dag to None, run_after=None
[2026-10-02T07:09:50.068+0000] {processor.py:208} INFO - Processing /opt/airflow/dags/my_tasks.py took 0.061 seconds
[2026-10-02T07:10:20.285+0000] {processor.py:186} INFO - Started process (PID=875) to work on /opt/airflow/dags/my_tasks.py
[2026-10-02T07:10:20.286+0000] {processor.py:914} INFO - Processing file /opt/airflow/dags/my_tasks.py for tasks to queue
[2026-10-02T07:10:20.288+0000] {logging_mixin.py:190} INFO - [2026-10-02T07:10:20.288+0000] {dagbag.py:588} INFO - Filling up the DagBag from /opt/airflow/dags/my_tasks.py
[2026-10-02T07:10:20.295+0000] {processor.py:925} INFO - DAG(s) 'my_dag' retrieved from /opt/airflow/dags/my_tasks.py
[2026-10-02T07:10:20.313+0000] {logging_mixin.py:190} INFO - [2026-10-02T07:10:20.313+0000] {dag.py:3239} INFO - Sync 1 DAGs
[2026-10-02T07:10:20.329+0000] {logging_mixin.py:190} INFO - [2026-10-02T07:10:20.329+0000] {dag.py:4180} INFO - Setting next_dagrun for my_dag to None, run_after=None
[2026-10-02T07:10:20.342+0000] {processor.py:208} INFO - Processing /opt/airflow/dags/my_tasks.py took 0.062 seconds
[2026-10-02T07:10:50.554+0000] {processor.py:186} INFO - Started process (PID=886) to work on /opt/airflow/dags/my_tasks.py
[2026-10-02T07:10:50.562+0000] {processor.py:914} INFO - Processing file /opt/airflow/dags/my_tasks.py for tasks to queue
[2026-10-02T07:10:50.564+0000] {logging_mixin.py:190} INFO - [2026-10-02T07:10:50.564+0000] {dagbag.py:588} INFO - Filling up the DagBag from /opt/airflow/dags/my_tasks.py
[2026-10-02T07:10:50.574+0000] {processor.py:925} INFO - DAG(s) 'my_dag' retrieved from /opt/airflow/dags/my_tasks.py
[2026-10-02T07:10:50.592+0000] {logging_mixin.py:190} INFO - [2026-10-02T07:10:50.592+0000] {dag.py:3239} INFO - Sync 1 DAGs
[2026-10-02T07:10:50.609+0000] {logging_mixin.py:190} INFO - [2026-10-02T07:10:50.609+0000] {dag.py:4180} INFO - Setting next_dagrun for my_dag to None, run_after=None
[2026-10-02T07:10:50.627+0000] {processor.py:208} INFO - Processing /opt/airflow/dags/my_tasks.py took 0.077 seconds
[2026-10-02T07:11:20.835+0000] {processor.py:186} INFO - Started process (PID=897) to work on /opt/airflow/dags/my_tasks.py
[2026-10-02T07:11:20.836+0000] {processor.py:914} INFO - Processing file /opt/airflow/dags/my_tasks.py for tasks to queue
[2026-10-02T07:11:20.837+0000] {logging_mixin.py:190} INFO - [2026-10-02T07:11:20.837+0000] {dagbag.py:588} INFO - Filling up the DagBag from /opt/airflow/dags/my_tasks.py
[2026-10-02T07:11:20.844+0000] {processor.py:925} INFO - DAG(s) 'my_dag' retrieved from /opt/airflow/dags/my_tasks.py
[2026-10-02T07:11:20.862+0000] {logging_mixin.py:190} INFO - [2026-10-02T07:11:20.862+0000] {dag.py:3239} INFO - Sync 1 DAGs
[2026-10-02T07:11:20.878+0000] {logging_mixin.py:190} INFO - [2026-10-02T07:11:20.878+0000] {dag.py:4180} INFO - Setting next_dagrun for my_dag to None, run_after=None
[2026-10-02T07:11:20.892+0000] {processor.py:208} INFO - Processing /opt/airflow/dags/my_tasks.py took 0.061 seconds
[2026-10-02T07:11:51.105+0000] {processor.py:186} INFO - Started process (PID=908) to work on /opt/airflow/dags/my_tasks.py
[2026-10-02T07:11:51.113+0000] {processor.py:914} INFO - Processing file /opt/airflow/dags/my_tasks.py for tasks to queue
[2026-10-02T07:11:51.117+0000] {logging_mixin.py:190} INFO - [2026-10-02T07:11:51.117+0000] {dagbag.py:588} INFO - Filling up the DagBag from /opt/airflow/dags/my_tasks.py
[2026-10-02T07:11:51.126+0000] {processor.py:925} INFO - DAG(s) 'my_dag' retrieved from /opt/airflow/dags/my_tasks.py
[2026-10-02T07:11:51.145+0000] {logging_mixin.py:190} INFO - [2026-10-02T07:11:51.145+0000] {dag.py:3239} INFO - Sync 1 DAGs
[2026-10-02T07:11:51.162+0000] {logging_mixin.py:190} INFO - [2026-10-02T07:11:51.162+0000] {dag.py:4180} INFO - Setting next_dagrun for my_dag to None, run_after=None
[2026-10-02T07:11:51.176+0000] {processor.py:208} INFO - Processing /opt/airflow/dags/my_tasks.py took 0.075 seconds
[2026-10-02T07:12:21.347+0000] {processor.py:186} INFO - Started process (PID=919) to work on /opt/airflow/dags/my_tasks.py
[2026-10-02T07:12:21.348+0000] {processor.py:914} INFO - Processing file /opt/airflow/dags/my_tasks.py for tasks to queue
[2026-10-02T07:12:21.350+0000] {logging_mixin.py:190} INFO - [2026-10-02T07:12:21.350+0000] {dagbag.py:588} INFO - Filling up the DagBag from /opt/airflow/dags/my_tasks.py
[2026-10-02T07:12:21.357+0000] {processor.py:925} INFO - DAG(s) 'my_dag' retrieved from /opt/airflow/dags/my_tasks.py
[2026-10-02T07:12:21.374+0000] {logging_mixin.py:190} INFO - [2026-10-02T07:12:21.374+0000] {dag.py:3239} INFO - Sync 1 DAGs
[2026-10-02T07:12:21.390+0000] {logging_mixin.py:190} INFO - [2026-10-02T07:12:21.390+0000] {dag.py:4180} INFO - Setting next_dagrun for my_dag to None, run_after=None
[2026-10-02T07:12:21.404+0000] {processor.py:208} INFO - Processing /opt/airflow/dags/my_tasks.py took 0.060 seconds
[2026-10-02T07:12:51.617+0000] {processor.py:186} INFO - Started process (PID=930) to work on /opt/airflow/dags/my_tasks.py
[2026-10-02T07:12:51.625+0000] {processor.py:914} INFO - Processing file /opt/airflow/dags/my_tasks.py for tasks to queue
[2026-10-02T07:12:51.627+0000] {logging_mixin.py:190} INFO - [2026-10-02T07:12:51.627+0000] {dagbag.py:588} INFO - Filling up the DagBag from /opt/airflow/dags/my_tasks.py
[2026-10-02T07:12:51.635+0000] {processor.py:925} INFO - DAG(s) 'my_dag' retrieved from /opt/airflow/dags/my_tasks.py
[2026-10-02T07:12:51.652+0000] {logging_mixin.py:190} INFO - [2026-10-02T07:12:51.652+0000] {dag.py:3239} INFO - Sync 1 DAGs
[2026-10-02T07:12:51.668+0000] {logging_mixin.py:190} INFO - [2026-10-02T07:12:51.668+0000] {dag.py:4180} INFO - Setting next_dagrun for my_dag to None, run_after=None
[2026-10-02T07:12:51.682+0000] {processor.py:208} INFO - Processing /opt/airflow/dags/my_tasks.py took 0.069 seconds
[2026-10-02T07:13:21.870+0000] {processor.py:186} INFO - Started process (PID=941) to work on /opt/airflow/dags/my_tasks.py
[2026-10-02T07:13:21.871+0000] {processor.py:914} INFO - Processing file /opt/airflow/dags/my_tasks.py for tasks to queue
[2026-10-02T07:13:21.872+0000] {logging_mixin.py:190} INFO - [2026-10-02T07:13:21.872+0000] {dagbag.py:588} INFO - Filling up the DagBag from /opt/airflow/dags/my_tasks.py
[2026-10-02T07:13:21.879+0000] {processor.py:925} INFO - DAG(s) 'my_dag' retrieved from /opt/airflow/dags/my_tasks.py
[2026-10-02T07:13:21.897+0000] {logging_mixin.py:190} INFO - [2026-10-02T07:13:21.897+0000] {dag.py:3239} INFO - Sync 1 DAGs
[2026-10-02T07:13:21.913+0000] {logging_mixin.py:190} INFO - [2026-10-02T07:13:21.913+0000] {dag.py:4180} INFO - Setting next_dagrun for my_dag to None, run_after=None
[2026-10-02T07:13:21.927+0000] {processor.py:208} INFO - Processing /opt/airflow/dags/my_tasks.py took 0.062 seconds
[2026-10-02T07:13:52.118+0000] {processor.py:186} INFO - Started process (PID=952) to work on /opt/airflow/dags/my_tasks.py
[2026-10-02T07:13:52.124+0000] {processor.py:914} INFO - Processing file /opt/airflow/dags/my_tasks.py for tasks to queue
[2026-10-02T07:13:52.126+0000] {logging_mixin.py:190} INFO - [2026-10-02T07:13:52.126+0000] {dagbag.py:588} INFO - Filling up the DagBag from /opt/airflow/dags/my_tasks.py
[2026-10-02T07:13:52.134+0000] {processor.py:925} INFO - DAG(s) 'my_dag' retrieved from /opt/airflow/dags/my_tasks.py
[2026-10-02T07:13:52.152+0000] {logging_mixin.py:190} INFO - [2026-10-02T07:13:52.152+0000] {dag.py:3239} INFO - Sync 1 DAGs
[2026-10-02T07:13:52.168+0000] {logging_mixin.py:190} INFO - [2026-10-02T07:13:52.168+0000] {dag.py:4180} INFO - Setting next_dagrun for my_dag to None, run_after=None
[2026-10-02T07:13:52.183+0000] {processor.py:208} INFO - Processing /opt/airflow/dags/my_tasks.py took 0.069 seconds
[2026-10-02T07:14:22.388+0000] {processor.py:186} INFO - Started process (PID=963) to work on /opt/airflow/dags/my_tasks.py
[2026-10-02T07:14:22.388+0000] {processor.py:914} INFO - Processing file /opt/airflow/dags/my_tasks.py for tasks to queue
[2026-10-02T07:14:22.390+0000] {logging_mixin.py:190} INFO - [2026-10-02T07:14:22.390+0000] {dagbag.py:588} INFO - Filling up the DagBag from /opt/airflow/dags/my_tasks.py
[2026-10-02T07:14:22.397+0000] {processor.py:925} INFO - DAG(s) 'my_dag' retrieved from /opt/airflow/dags/my_tasks.py
[2026-10-02T07:14:22.415+0000] {logging_mixin.py:190} INFO - [2026-10-02T07:14:22.414+0000] {dag.py:3239} INFO - Sync 1 DAGs
[2026-10-02T07:14:22.430+0000] {logging_mixin.py:190} INFO - [2026-10-02T07:14:22.430+0000] {dag.py:4180} INFO - Setting next_dagrun for my_dag to None, run_after=None
[2026-10-02T07:14:22.446+0000] {processor.py:208} INFO - Processing /opt/airflow/dags/my_tasks.py took 0.062 seconds
[2026-10-02T07:14:52.657+0000] {processor.py:186} INFO - Started process (PID=974) to work on /opt/airflow/dags/my_tasks.py
[2026-10-02T07:14:52.659+0000] {processor.py:914} INFO - Processing file /opt/airflow/dags/my_tasks.py for tasks to queue
[2026-10-02T07:14:52.660+0000] {logging_mixin.py:190} INFO - [2026-10-02T07:14:52.660+0000] {dagbag.py:588} INFO - Filling up the DagBag from /opt/airflow/dags/my_tasks.py
[2026-10-02T07:14:52.667+0000] {processor.py:925} INFO - DAG(s) 'my_dag' retrieved from /opt/airflow/dags/my_tasks.py
[2026-10-02T07:14:52.685+0000] {logging_mixin.py:190} INFO - [2026-10-02T07:14:52.685+0000] {dag.py:3239} INFO - Sync 1 DAGs
[2026-10-02T07:14:52.701+0000] {logging_mixin.py:190} INFO - [2026-10-02T07:14:52.701+0000] {dag.py:4180} INFO - Setting next_dagrun for my_dag to None, run_after=None
[2026-10-02T07:14:52.718+0000] {processor.py:208} INFO - Processing /opt/airflow/dags/my_tasks.py took 0.064 seconds
[2026-10-02T07:15:22.928+0000] {processor.py:186} INFO - Started process (PID=985) to work on /opt/airflow/dags/my_tasks.py
[2026-10-02T07:15:22.929+0000] {processor.py:914} INFO - Processing file /opt/airflow/dags/my_tasks.py for tasks to queue
[2026-10-02T07:15:22.931+0000] {logging_mixin.py:190} INFO - [2026-10-02T07:15:22.931+0000] {dagbag.py:588} INFO - Filling up the DagBag from /opt/airflow/dags/my_tasks.py
[2026-10-02T07:15:22.937+0000] {processor.py:925} INFO - DAG(s) 'my_dag' retrieved from /opt/airflow/dags/my_tasks.py
[2026-10-02T07:15:22.955+0000] {logging_mixin.py:190} INFO - [2026-10-02T07:15:22.955+0000] {dag.py:3239} INFO - Sync 1 DAGs
[2026-10-02T07:15:22.971+0000] {logging_mixin.py:190} INFO - [2026-10-02T07:15:22.971+0000] {dag.py:4180} INFO - Setting next_dagrun for my_dag to None, run_after=None
[2026-10-02T07:15:22.985+0000] {processor.py:208} INFO - Processing /opt/airflow/dags/my_tasks.py took 0.060 seconds
[2026-10-02T07:15:53.187+0000] {processor.py:186} INFO - Started process (PID=996) to work on /opt/airflow/dags/my_tasks.py
[2026-10-02T07:15:53.195+0000] {processor.py:914} INFO - Processing file /opt/airflow/dags/my_tasks.py for tasks to queue
[2026-10-02T07:15:53.198+0000] {logging_mixin.py:190} INFO - [2026-10-02T07:15:53.197+0000] {dagbag.py:588} INFO - Filling up the DagBag from /opt/airflow/dags/my_tasks.py
[2026-10-02T07:15:53.208+0000] {processor.py:925} INFO - DAG(s) 'my_dag' retrieved from /opt/airflow/dags/my_tasks.py
[2026-10-02T07:15:53.226+0000] {logging_mixin.py:190} INFO - [2026-10-02T07:15:53.226+0000] {dag.py:3239} INFO - Sync 1 DAGs
[2026-10-02T07:15:53.244+0000] {logging_mixin.py:190} INFO - [2026-10-02T07:15:53.244+0000] {dag.py:4180} INFO - Setting next_dagrun for my_dag to None, run_after=None
[2026-10-02T07:15:53.265+0000] {processor.py:208} INFO - Processing /opt/airflow/dags/my_tasks.py took 0.082 seconds
[2026-10-02T07:16:23.458+0000] {processor.py:186} INFO - Started process (PID=1007) to work on /opt/airflow/dags/my_tasks.py
[2026-10-02T07:16:23.459+0000] {processor.py:914} INFO - Processing file /opt/airflow/dags/my_tasks.py for tasks to queue
[2026-10-02T07:16:23.460+0000] {logging_mixin.py:190} INFO - [2026-10-02T07:16:23.460+0000] {dagbag.py:588} INFO - Filling up the DagBag from /opt/airflow/dags/my_tasks.py
[2026-10-02T07:16:23.467+0000] {processor.py:925} INFO - DAG(s) 'my_dag' retrieved from /opt/airflow/dags/my_tasks.py
[2026-10-02T07:16:23.485+0000] {logging_mixin.py:190} INFO - [2026-10-02T07:16:23.484+0000] {dag.py:3239} INFO - Sync 1 DAGs
[2026-10-02T07:16:23.501+0000] {logging_mixin.py:190} INFO - [2026-10-02T07:16:23.501+0000] {dag.py:4180} INFO - Setting next_dagrun for my_dag to None, run_after=None
[2026-10-02T07:16:23.514+0000] {processor.py:208} INFO - Processing /opt/airflow/dags/my_tasks.py took 0.061 seconds
[2026-10-02T07:16:53.731+0000] {processor.py:186} INFO - Started process (PID=1018) to work on /opt/airflow/dags/my_tasks.py
[2026-10-02T07:16:53.739+0000] {processor.py:914} INFO - Processing file /opt/airflow/dags/my_tasks.py for tasks to queue
[2026-10-02T07:16:53.741+0000] {logging_mixin.py:190} INFO - [2026-10-02T07:16:53.740+0000] {dagbag.py:588} INFO - Filling up the DagBag from /opt/airflow/dags/my_tasks.py
[2026-10-02T07:16:53.749+0000] {processor.py:925} INFO - DAG(s) 'my_dag' retrieved from /opt/airflow/dags/my_tasks.py
[2026-10-02T07:16:53.768+0000] {logging_mixin.py:190} INFO - [2026-10-02T07:16:53.768+0000] {dag.py:3239} INFO - Sync 1 DAGs
[2026-10-02T07:16:53.786+0000] {logging_mixin.py:190} INFO - [2026-10-02T07:16:53.785+0000] {dag.py:4180} INFO - Setting next_dagrun for my_dag to None, run_after=None
[2026-10-02T07:16:53.800+0000] {processor.py:208} INFO - Processing /opt/airflow/dags/my_tasks.py took 0.073 seconds
[2026-10-02T07:17:23.984+0000] {processor.py:186} INFO - Started process (PID=1029) to work on /opt/airflow/dags/my_tasks.py
[2026-10-02T07:17:23.984+0000] {processor.py:914} INFO - Processing file /opt/airflow/dags/my_tasks.py for tasks to queue
[2026-10-02T07:17:23.986+0000] {logging_mixin.py:190} INFO - [2026-10-02T07:17:23.986+0000] {dagbag.py:588} INFO - Filling up the DagBag from /opt/airflow/dags/my_tasks.py
[2026-10-02T07:17:23.993+0000] {processor.py:925} INFO - DAG(s) 'my_dag' retrieved from /opt/airflow/dags/my_tasks.py
[2026-10-02T07:17:24.011+0000] {logging_mixin.py:190} INFO - [2026-10-02T07:17:24.011+0000] {dag.py:3239} INFO - Sync 1 DAGs
[2026-10-02T07:17:24.027+0000] {logging_mixin.py:190} INFO - [2026-10-02T07:17:24.026+0000] {dag.py:4180} INFO - Setting next_dagrun for my_dag to None, run_after=None
[2026-10-02T07:17:24.042+0000] {processor.py:208} INFO - Processing /opt/airflow/dags/my_tasks.py took 0.062 seconds
[2026-10-02T07:17:54.246+0000] {processor.py:186} INFO - Started process (PID=1040) to work on /opt/airflow/dags/my_tasks.py
[2026-10-02T07:17:54.254+0000] {processor.py:914} INFO - Processing file /opt/airflow/dags/my_tasks.py for tasks to queue
[2026-10-02T07:17:54.257+0000] {logging_mixin.py:190} INFO - [2026-10-02T07:17:54.256+0000] {dagbag.py:588} INFO - Filling up the DagBag from /opt/airflow/dags/my_tasks.py
[2026-10-02T07:17:54.266+0000] {processor.py:925} INFO - DAG(s) 'my_dag' retrieved from /opt/airflow/dags/my_tasks.py
[2026-10-02T07:17:54.284+0000] {logging_mixin.py:190} INFO - [2026-10-02T07:17:54.284+0000] {dag.py:3239} INFO - Sync 1 DAGs
[2026-10-02T07:17:54.301+0000] {logging_mixin.py:190} INFO - [2026-10-02T07:17:54.301+0000] {dag.py:4180} INFO - Setting next_dagrun for my_dag to None, run_after=None
[2026-10-02T07:17:54.315+0000] {processor.py:208} INFO - Processing /opt/airflow/dags/my_tasks.py took 0.073 seconds
[2026-10-02T07:18:24.505+0000] {processor.py:186} INFO - Started process (PID=1051) to work on /opt/airflow/dags/my_tasks.py
[2026-10-02T07:18:24.505+0000] {processor.py:914} INFO - Processing file /opt/airflow/dags/my_tasks.py for tasks to queue
[2026-10-02T07:18:24.507+0000] {logging_mixin.py:190} INFO - [2026-10-02T07:18:24.506+0000] {dagbag.py:588} INFO - Filling up the DagBag from /opt/airflow/dags/my_tasks.py
[2026-10-02T07:18:24.513+0000] {processor.py:925} INFO - DAG(s) 'my_dag' retrieved from /opt/airflow/dags/my_tasks.py
[2026-10-02T07:18:24.531+0000] {logging_mixin.py:190} INFO - [2026-10-02T07:18:24.531+0000] {dag.py:3239} INFO - Sync 1 DAGs
[2026-10-02T07:18:24.547+0000] {logging_mixin.py:190} INFO - [2026-10-02T07:18:24.547+0000] {dag.py:4180} INFO - Setting next_dagrun for my_dag to None, run_after=None
[2026-10-02T07:18:24.561+0000] {processor.py:208} INFO - Processing /opt/airflow/dags/my_tasks.py took 0.061 seconds
[2026-10-02T07:18:54.762+0000] {processor.py:186} INFO - Started process (PID=1062) to work on /opt/airflow/dags/my_tasks.py
[2026-10-02T07:18:54.770+0000] {processor.py:914} INFO - Processing file /opt/airflow/dags/my_tasks.py for tasks to queue
[2026-10-02T07:18:54.772+0000] {logging_mixin.py:190} INFO - [2026-10-02T07:18:54.771+0000] {dagbag.py:588} INFO - Filling up the DagBag from /opt/airflow/dags/my_tasks.py
[2026-10-02T07:18:54.779+0000] {processor.py:925} INFO - DAG(s) 'my_dag' retrieved from /opt/airflow/dags/my_tasks.py
[2026-10-02T07:18:54.797+0000] {logging_mixin.py:190} INFO - [2026-10-02T07:18:54.797+0000] {dag.py:3239} INFO - Sync 1 DAGs
[2026-10-02T07:18:54.812+0000] {logging_mixin.py:190} INFO - [2026-10-02T07:18:54.812+0000] {dag.py:4180} INFO - Setting next_dagrun for my_dag to None, run_after=None
[2026-10-02T07:18:54.827+0000] {processor.py:208} INFO - Processing /opt/airflow/dags/my_tasks.py took 0.069 seconds
[2026-10-02T07:19:25.025+0000] {processor.py:186} INFO - Started process (PID=1073) to work on /opt/airflow/dags/my_tasks.py
[2026-10-02T07:19:25.025+0000] {processor.py:914} INFO - Processing file /opt/airflow/dags/my_tasks.py for tasks to queue
[2026-10-02T07:19:25.027+0000] {logging_mixin.py:190} INFO - [2026-10-02T07:19:25.027+0000] {dagbag.py:588} INFO - Filling up the DagBag from /opt/airflow/dags/my_tasks.py
[2026-10-02T07:19:25.034+0000] {processor.py:925} INFO - DAG(s) 'my_dag' retrieved from /opt/airflow/dags/my_tasks.py
[2026-10-02T07:19:25.053+0000] {logging_mixin.py:190} INFO - [2026-10-02T07:19:25.053+0000] {dag.py:3239} INFO - Sync 1 DAGs
[2026-10-02T07:19:25.068+0000] {logging_mixin.py:190} INFO - [2026-10-02T07:19:25.068+0000] {dag.py:4180} INFO - Setting next_dagrun for my_dag to None, run_after=None
[2026-10-02T07:19:25.083+0000] {processor.py:208} INFO - Processing /opt/airflow/dags/my_tasks.py took 0.062 seconds
[2026-10-02T07:19:55.293+0000] {processor.py:186} INFO - Started process (PID=1084) to work on /opt/airflow/dags/my_tasks.py
[2026-10-02T07:19:55.301+0000] {processor.py:914} INFO - Processing file /opt/airflow/dags/my_tasks.py for tasks to queue
[2026-10-02T07:19:55.303+0000] {logging_mixin.py:190} INFO - [2026-10-02T07:19:55.303+0000] {dagbag.py:588} INFO - Filling up the DagBag from /opt/airflow/dags/my_tasks.py
[2026-10-02T07:19:55.311+0000] {processor.py:925} INFO - DAG(s) 'my_dag' retrieved from /opt/airflow/dags/my_tasks.py
[2026-10-02T07:19:55.329+0000] {logging_mixin.py:190} INFO - [2026-10-02T07:19:55.329+0000] {dag.py:3239} INFO - Sync 1 DAGs
[2026-10-02T07:19:55.345+0000] {logging_mixin.py:190} INFO - [2026-10-02T07:19:55.345+0000] {dag.py:4180} INFO - Setting next_dagrun for my_dag to None, run_after=None
[2026-10-02T07:19:55.359+0000] {processor.py:208} INFO - Processing /opt/airflow/dags/my_tasks.py took 0.070 seconds
[2026-10-02T07:20:25.565+0000] {processor.py:186} INFO - Started process (PID=1095) to work on /opt/airflow/dags/my_tasks.py
[2026-10-02T07:20:25.568+0000] {processor.py:914} INFO - Processing file /opt/airflow/dags/my_tasks.py for tasks to queue
[2026-10-02T07:20:25.569+0000] {logging_mixin.py:190} INFO - [2026-10-02T07:20:25.569+0000] {dagbag.py:588} INFO - Filling up the DagBag from /opt/airflow/dags/my_tasks.py
[2026-10-02T07:20:25.577+0000] {processor.py:925} INFO - DAG(s) 'my_dag' retrieved from /opt/airflow/dags/my_tasks.py
[2026-10-02T07:20:25.595+0000] {logging_mixin.py:190} INFO - [2026-10-02T07:20:25.595+0000] {dag.py:3239} INFO - Sync 1 DAGs
[2026-10-02T07:20:25.612+0000] {logging_mixin.py:190} INFO - [2026-10-02T07:20:25.611+0000] {dag.py:4180} INFO - Setting next_dagrun for my_dag to None, run_after=None
[2026-10-02T07:20:25.629+0000] {processor.py:208} INFO - Processing /opt/airflow/dags/my_tasks.py took 0.068 seconds
[2026-10-02T07:20:55.834+0000] {processor.py:186} INFO - Started process (PID=1106) to work on /opt/airflow/dags/my_tasks.py
[2026-10-02T07:20:55.843+0000] {processor.py:914} INFO - Processing file /opt/airflow/dags/my_tasks.py for tasks to queue
[2026-10-02T07:20:55.846+0000] {logging_mixin.py:190} INFO - [2026-10-02T07:20:55.846+0000] {dagbag.py:588} INFO - Filling up the DagBag from /opt/airflow/dags/my_tasks.py
[2026-10-02T07:20:55.854+0000] {processor.py:925} INFO - DAG(s) 'my_dag' retrieved from /opt/airflow/dags/my_tasks.py
[2026-10-02T07:20:55.872+0000] {logging_mixin.py:190} INFO - [2026-10-02T07:20:55.872+0000] {dag.py:3239} INFO - Sync 1 DAGs
[2026-10-02T07:20:55.888+0000] {logging_mixin.py:190} INFO - [2026-10-02T07:20:55.888+0000] {dag.py:4180} INFO - Setting next_dagrun for my_dag to None, run_after=None
[2026-10-02T07:20:55.901+0000] {processor.py:208} INFO - Processing /opt/airflow/dags/my_tasks.py took 0.071 seconds
[2026-10-02T07:21:26.105+0000] {processor.py:186} INFO - Started process (PID=1117) to work on /opt/airflow/dags/my_tasks.py
[2026-10-02T07:21:26.106+0000] {processor.py:914} INFO - Processing file /opt/airflow/dags/my_tasks.py for tasks to queue
[2026-10-02T07:21:26.107+0000] {logging_mixin.py:190} INFO - [2026-10-02T07:21:26.107+0000] {dagbag.py:588} INFO - Filling up the DagBag from /opt/airflow/dags/my_tasks.py
[2026-10-02T07:21:26.114+0000] {processor.py:925} INFO - DAG(s) 'my_dag' retrieved from /opt/airflow/dags/my_tasks.py
[2026-10-02T07:21:26.132+0000] {logging_mixin.py:190} INFO - [2026-10-02T07:21:26.132+0000] {dag.py:3239} INFO - Sync 1 DAGs
[2026-10-02T07:21:26.149+0000] {logging_mixin.py:190} INFO - [2026-10-02T07:21:26.149+0000] {dag.py:4180} INFO - Setting next_dagrun for my_dag to None, run_after=None
[2026-10-02T07:21:26.163+0000] {processor.py:208} INFO - Processing /opt/airflow/dags/my_tasks.py took 0.062 seconds
[2026-10-02T07:21:56.371+0000] {processor.py:186} INFO - Started process (PID=1128) to work on /opt/airflow/dags/my_tasks.py
[2026-10-02T07:21:56.379+0000] {processor.py:914} INFO - Processing file /opt/airflow/dags/my_tasks.py for tasks to queue
[2026-10-02T07:21:56.381+0000] {logging_mixin.py:190} INFO - [2026-10-02T07:21:56.380+0000] {dagbag.py:588} INFO - Filling up the DagBag from /opt/airflow/dags/my_tasks.py
[2026-10-02T07:21:56.390+0000] {processor.py:925} INFO - DAG(s) 'my_dag' retrieved from /opt/airflow/dags/my_tasks.py
[2026-10-02T07:21:56.408+0000] {logging_mixin.py:190} INFO - [2026-10-02T07:21:56.408+0000] {dag.py:3239} INFO - Sync 1 DAGs
[2026-10-02T07:21:56.425+0000] {logging_mixin.py:190} INFO - [2026-10-02T07:21:56.424+0000] {dag.py:4180} INFO - Setting next_dagrun for my_dag to None, run_after=None
[2026-10-02T07:21:56.438+0000] {processor.py:208} INFO - Processing /opt/airflow/dags/my_tasks.py took 0.071 seconds
[2026-10-02T07:22:26.640+0000] {processor.py:186} INFO - Started process (PID=1139) to work on /opt/airflow/dags/my_tasks.py
[2026-10-02T07:22:26.648+0000] {processor.py:914} INFO - Processing file /opt/airflow/dags/my_tasks.py for tasks to queue
[2026-10-02T07:22:26.650+0000] {logging_mixin.py:190} INFO - [2026-10-02T07:22:26.650+0000] {dagbag.py:588} INFO - Filling up the DagBag from /opt/airflow/dags/my_tasks.py
[2026-10-02T07:22:26.657+0000] {processor.py:925} INFO - DAG(s) 'my_dag' retrieved from /opt/airflow/dags/my_tasks.py
[2026-10-02T07:22:26.675+0000] {logging_mixin.py:190} INFO - [2026-10-02T07:22:26.675+0000] {dag.py:3239} INFO - Sync 1 DAGs
[2026-10-02T07:22:26.692+0000] {logging_mixin.py:190} INFO - [2026-10-02T07:22:26.692+0000] {dag.py:4180} INFO - Setting next_dagrun for my_dag to None, run_after=None
[2026-10-02T07:22:26.707+0000] {processor.py:208} INFO - Processing /opt/airflow/dags/my_tasks.py took 0.073 seconds
[2026-10-02T07:22:56.909+0000] {processor.py:186} INFO - Started process (PID=1150) to work on /opt/airflow/dags/my_tasks.py
[2026-10-02T07:22:56.909+0000] {processor.py:914} INFO - Processing file /opt/airflow/dags/my_tasks.py for tasks to queue
[2026-10-02T07:22:56.911+0000] {logging_mixin.py:190} INFO - [2026-10-02T07:22:56.911+0000] {dagbag.py:588} INFO - Filling up the DagBag from /opt/airflow/dags/my_tasks.py
[2026-10-02T07:22:56.918+0000] {processor.py:925} INFO - DAG(s) 'my_dag' retrieved from /opt/airflow/dags/my_tasks.py
[2026-10-02T07:22:56.936+0000] {logging_mixin.py:190} INFO - [2026-10-02T07:22:56.936+0000] {dag.py:3239} INFO - Sync 1 DAGs
[2026-10-02T07:22:56.951+0000] {logging_mixin.py:190} INFO - [2026-10-02T07:22:56.951+0000] {dag.py:4180} INFO - Setting next_dagrun for my_dag to None, run_after=None
[2026-10-02T07:22:56.966+0000] {processor.py:208} INFO - Processing /opt/airflow/dags/my_tasks.py took 0.061 seconds
[2026-10-02T07:23:27.167+0000] {processor.py:186} INFO - Started process (PID=1161) to work on /opt/airflow/dags/my_tasks.py
[2026-10-02T07:23:27.168+0000] {processor.py:914} INFO - Processing file /opt/airflow/dags/my_tasks.py for tasks to queue
[2026-10-02T07:23:27.169+0000] {logging_mixin.py:190} INFO - [2026-10-02T07:23:27.169+0000] {dagbag.py:588} INFO - Filling up the DagBag from /opt/airflow/dags/my_tasks.py
[2026-10-02T07:23:27.176+0000] {processor.py:925} INFO - DAG(s) 'my_dag' retrieved from /opt/airflow/dags/my_tasks.py
[2026-10-02T07:23:27.194+0000] {logging_mixin.py:190} INFO - [2026-10-02T07:23:27.194+0000] {dag.py:3239} INFO - Sync 1 DAGs
[2026-10-02T07:23:27.210+0000] {logging_mixin.py:190} INFO - [2026-10-02T07:23:27.210+0000] {dag.py:4180} INFO - Setting next_dagrun for my_dag to None, run_after=None
[2026-10-02T07:23:27.224+0000] {processor.py:208} INFO - Processing /opt/airflow/dags/my_tasks.py took 0.061 seconds
[2026-10-02T07:23:57.438+0000] {processor.py:186} INFO - Started process (PID=1172) to work on /opt/airflow/dags/my_tasks.py
[2026-10-02T07:23:57.439+0000] {processor.py:914} INFO - Processing file /opt/airflow/dags/my_tasks.py for tasks to queue
[2026-10-02T07:23:57.440+0000] {logging_mixin.py:190} INFO - [2026-10-02T07:23:57.440+0000] {dagbag.py:588} INFO - Filling up the DagBag from /opt/airflow/dags/my_tasks.py
[2026-10-02T07:23:57.447+0000] {processor.py:925} INFO - DAG(s) 'my_dag' retrieved from /opt/airflow/dags/my_tasks.py
[2026-10-02T07:23:57.466+0000] {logging_mixin.py:190} INFO - [2026-10-02T07:23:57.466+0000] {dag.py:3239} INFO - Sync 1 DAGs
[2026-10-02T07:23:57.483+0000] {logging_mixin.py:190} INFO - [2026-10-02T07:23:57.483+0000] {dag.py:4180} INFO - Setting next_dagrun for my_dag to None, run_after=None
[2026-10-02T07:23:57.501+0000] {processor.py:208} INFO - Processing /opt/airflow/dags/my_tasks.py took 0.067 seconds
[2026-10-02T07:24:27.702+0000] {processor.py:186} INFO - Started process (PID=1183) to work on /opt/airflow/dags/my_tasks.py
[2026-10-02T07:24:27.703+0000] {processor.py:914} INFO - Processing file /opt/airflow/dags/my_tasks.py for tasks to queue
[2026-10-02T07:24:27.704+0000] {logging_mixin.py:190} INFO - [2026-10-02T07:24:27.704+0000] {dagbag.py:588} INFO - Filling up the DagBag from /opt/airflow/dags/my_tasks.py
[2026-10-02T07:24:27.711+0000] {processor.py:925} INFO - DAG(s) 'my_dag' retrieved from /opt/airflow/dags/my_tasks.py
[2026-10-02T07:24:27.730+0000] {logging_mixin.py:190} INFO - [2026-10-02T07:24:27.730+0000] {dag.py:3239} INFO - Sync 1 DAGs
[2026-10-02T07:24:27.745+0000] {logging_mixin.py:190} INFO - [2026-10-02T07:24:27.745+0000] {dag.py:4180} INFO - Setting next_dagrun for my_dag to None, run_after=None
[2026-10-02T07:24:27.760+0000] {processor.py:208} INFO - Processing /opt/airflow/dags/my_tasks.py took 0.062 seconds
[2026-10-02T07:24:57.974+0000] {processor.py:186} INFO - Started process (PID=1194) to work on /opt/airflow/dags/my_tasks.py
[2026-10-02T07:24:57.981+0000] {processor.py:914} INFO - Processing file /opt/airflow/dags/my_tasks.py for tasks to queue
[2026-10-02T07:24:57.984+0000] {logging_mixin.py:190} INFO - [2026-10-02T07:24:57.984+0000] {dagbag.py:588} INFO - Filling up the DagBag from /opt/airflow/dags/my_tasks.py
[2026-10-02T07:24:57.993+0000] {processor.py:925} INFO - DAG(s) 'my_dag' retrieved from /opt/airflow/dags/my_tasks.py
[2026-10-02T07:24:58.014+0000] {logging_mixin.py:190} INFO - [2026-10-02T07:24:58.013+0000] {dag.py:3239} INFO - Sync 1 DAGs
[2026-10-02T07:24:58.030+0000] {logging_mixin.py:190} INFO - [2026-10-02T07:24:58.030+0000] {dag.py:4180} INFO - Setting next_dagrun for my_dag to None, run_after=None
[2026-10-02T07:24:58.045+0000] {processor.py:208} INFO - Processing /opt/airflow/dags/my_tasks.py took 0.075 seconds
[2026-10-02T07:25:28.238+0000] {processor.py:186} INFO - Started process (PID=1205) to work on /opt/airflow/dags/my_tasks.py
[2026-10-02T07:25:28.246+0000] {processor.py:914} INFO - Processing file /opt/airflow/dags/my_tasks.py for tasks to queue
[2026-10-02T07:25:28.250+0000] {logging_mixin.py:190} INFO - [2026-10-02T07:25:28.249+0000] {dagbag.py:588} INFO - Filling up the DagBag from /opt/airflow/dags/my_tasks.py
[2026-10-02T07:25:28.259+0000] {processor.py:925} INFO - DAG(s) 'my_dag' retrieved from /opt/airflow/dags/my_tasks.py
[2026-10-02T07:25:28.281+0000] {logging_mixin.py:190} INFO - [2026-10-02T07:25:28.280+0000] {dag.py:3239} INFO - Sync 1 DAGs
[2026-10-02T07:25:28.298+0000] {logging_mixin.py:190} INFO - [2026-10-02T07:25:28.297+0000] {dag.py:4180} INFO - Setting next_dagrun for my_dag to None, run_after=None
[2026-10-02T07:25:28.313+0000] {processor.py:208} INFO - Processing /opt/airflow/dags/my_tasks.py took 0.080 seconds
[2026-10-02T07:25:58.505+0000] {processor.py:186} INFO - Started process (PID=1216) to work on /opt/airflow/dags/my_tasks.py
[2026-10-02T07:25:58.513+0000] {processor.py:914} INFO - Processing file /opt/airflow/dags/my_tasks.py for tasks to queue
[2026-10-02T07:25:58.515+0000] {logging_mixin.py:190} INFO - [2026-10-02T07:25:58.515+0000] {dagbag.py:588} INFO - Filling up the DagBag from /opt/airflow/dags/my_tasks.py
[2026-10-02T07:25:58.526+0000] {processor.py:925} INFO - DAG(s) 'my_dag' retrieved from /opt/airflow/dags/my_tasks.py
[2026-10-02T07:25:58.544+0000] {logging_mixin.py:190} INFO - [2026-10-02T07:25:58.543+0000] {dag.py:3239} INFO - Sync 1 DAGs
[2026-10-02T07:25:58.560+0000] {logging_mixin.py:190} INFO - [2026-10-02T07:25:58.560+0000] {dag.py:4180} INFO - Setting next_dagrun for my_dag to None, run_after=None
[2026-10-02T07:25:58.572+0000] {processor.py:208} INFO - Processing /opt/airflow/dags/my_tasks.py took 0.071 seconds
[2026-10-02T07:26:28.775+0000] {processor.py:186} INFO - Started process (PID=1227) to work on /opt/airflow/dags/my_tasks.py
[2026-10-02T07:26:28.776+0000] {processor.py:914} INFO - Processing file /opt/airflow/dags/my_tasks.py for tasks to queue
[2026-10-02T07:26:28.778+0000] {logging_mixin.py:190} INFO - [2026-10-02T07:26:28.777+0000] {dagbag.py:588} INFO - Filling up the DagBag from /opt/airflow/dags/my_tasks.py
[2026-10-02T07:26:28.784+0000] {processor.py:925} INFO - DAG(s) 'my_dag' retrieved from /opt/airflow/dags/my_tasks.py
[2026-10-02T07:26:28.801+0000] {logging_mixin.py:190} INFO - [2026-10-02T07:26:28.801+0000] {dag.py:3239} INFO - Sync 1 DAGs
[2026-10-02T07:26:28.816+0000] {logging_mixin.py:190} INFO - [2026-10-02T07:26:28.816+0000] {dag.py:4180} INFO - Setting next_dagrun for my_dag to None, run_after=None
[2026-10-02T07:26:28.834+0000] {processor.py:208} INFO - Processing /opt/airflow/dags/my_tasks.py took 0.063 seconds
[2026-10-02T07:26:59.037+0000] {processor.py:186} INFO - Started process (PID=1238) to work on /opt/airflow/dags/my_tasks.py
[2026-10-02T07:26:59.039+0000] {processor.py:914} INFO - Processing file /opt/airflow/dags/my_tasks.py for tasks to queue
[2026-10-02T07:26:59.040+0000] {logging_mixin.py:190} INFO - [2026-10-02T07:26:59.040+0000] {dagbag.py:588} INFO - Filling up the DagBag from /opt/airflow/dags/my_tasks.py
[2026-10-02T07:26:59.047+0000] {processor.py:925} INFO - DAG(s) 'my_dag' retrieved from /opt/airflow/dags/my_tasks.py
[2026-10-02T07:26:59.065+0000] {logging_mixin.py:190} INFO - [2026-10-02T07:26:59.065+0000] {dag.py:3239} INFO - Sync 1 DAGs
[2026-10-02T07:26:59.081+0000] {logging_mixin.py:190} INFO - [2026-10-02T07:26:59.081+0000] {dag.py:4180} INFO - Setting next_dagrun for my_dag to None, run_after=None
[2026-10-02T07:26:59.095+0000] {processor.py:208} INFO - Processing /opt/airflow/dags/my_tasks.py took 0.061 seconds
[2026-10-02T07:27:29.308+0000] {processor.py:186} INFO - Started process (PID=1249) to work on /opt/airflow/dags/my_tasks.py
[2026-10-02T07:27:29.308+0000] {processor.py:914} INFO - Processing file /opt/airflow/dags/my_tasks.py for tasks to queue
[2026-10-02T07:27:29.309+0000] {logging_mixin.py:190} INFO - [2026-10-02T07:27:29.309+0000] {dagbag.py:588} INFO - Filling up the DagBag from /opt/airflow/dags/my_tasks.py
[2026-10-02T07:27:29.316+0000] {processor.py:925} INFO - DAG(s) 'my_dag' retrieved from /opt/airflow/dags/my_tasks.py
[2026-10-02T07:27:29.334+0000] {logging_mixin.py:190} INFO - [2026-10-02T07:27:29.334+0000] {dag.py:3239} INFO - Sync 1 DAGs
[2026-10-02T07:27:29.351+0000] {logging_mixin.py:190} INFO - [2026-10-02T07:27:29.351+0000] {dag.py:4180} INFO - Setting next_dagrun for my_dag to None, run_after=None
[2026-10-02T07:27:29.365+0000] {processor.py:208} INFO - Processing /opt/airflow/dags/my_tasks.py took 0.061 seconds
[2026-10-02T07:27:59.568+0000] {processor.py:186} INFO - Started process (PID=1260) to work on /opt/airflow/dags/my_tasks.py
[2026-10-02T07:27:59.568+0000] {processor.py:914} INFO - Processing file /opt/airflow/dags/my_tasks.py for tasks to queue
[2026-10-02T07:27:59.570+0000] {logging_mixin.py:190} INFO - [2026-10-02T07:27:59.569+0000] {dagbag.py:588} INFO - Filling up the DagBag from /opt/airflow/dags/my_tasks.py
[2026-10-02T07:27:59.577+0000] {processor.py:925} INFO - DAG(s) 'my_dag' retrieved from /opt/airflow/dags/my_tasks.py
[2026-10-02T07:27:59.595+0000] {logging_mixin.py:190} INFO - [2026-10-02T07:27:59.595+0000] {dag.py:3239} INFO - Sync 1 DAGs
[2026-10-02T07:27:59.611+0000] {logging_mixin.py:190} INFO - [2026-10-02T07:27:59.611+0000] {dag.py:4180} INFO - Setting next_dagrun for my_dag to None, run_after=None
[2026-10-02T07:27:59.626+0000] {processor.py:208} INFO - Processing /opt/airflow/dags/my_tasks.py took 0.063 seconds
[2026-10-02T07:28:29.835+0000] {processor.py:186} INFO - Started process (PID=1271) to work on /opt/airflow/dags/my_tasks.py
[2026-10-02T07:28:29.843+0000] {processor.py:914} INFO - Processing file /opt/airflow/dags/my_tasks.py for tasks to queue
[2026-10-02T07:28:29.846+0000] {logging_mixin.py:190} INFO - [2026-10-02T07:28:29.846+0000] {dagbag.py:588} INFO - Filling up the DagBag from /opt/airflow/dags/my_tasks.py
[2026-10-02T07:28:29.855+0000] {processor.py:925} INFO - DAG(s) 'my_dag' retrieved from /opt/airflow/dags/my_tasks.py
[2026-10-02T07:28:29.872+0000] {logging_mixin.py:190} INFO - [2026-10-02T07:28:29.872+0000] {dag.py:3239} INFO - Sync 1 DAGs
[2026-10-02T07:28:29.888+0000] {logging_mixin.py:190} INFO - [2026-10-02T07:28:29.888+0000] {dag.py:4180} INFO - Setting next_dagrun for my_dag to None, run_after=None
[2026-10-02T07:28:29.903+0000] {processor.py:208} INFO - Processing /opt/airflow/dags/my_tasks.py took 0.072 seconds
[2026-10-02T07:29:00.107+0000] {processor.py:186} INFO - Started process (PID=1282) to work on /opt/airflow/dags/my_tasks.py
[2026-10-02T07:29:00.107+0000] {processor.py:914} INFO - Processing file /opt/airflow/dags/my_tasks.py for tasks to queue
[2026-10-02T07:29:00.109+0000] {logging_mixin.py:190} INFO - [2026-10-02T07:29:00.109+0000] {dagbag.py:588} INFO - Filling up the DagBag from /opt/airflow/dags/my_tasks.py
[2026-10-02T07:29:00.116+0000] {processor.py:925} INFO - DAG(s) 'my_dag' retrieved from /opt/airflow/dags/my_tasks.py
[2026-10-02T07:29:00.134+0000] {logging_mixin.py:190} INFO - [2026-10-02T07:29:00.133+0000] {dag.py:3239} INFO - Sync 1 DAGs
[2026-10-02T07:29:00.149+0000] {logging_mixin.py:190} INFO - [2026-10-02T07:29:00.149+0000] {dag.py:4180} INFO - Setting next_dagrun for my_dag to None, run_after=None
[2026-10-02T07:29:00.164+0000] {processor.py:208} INFO - Processing /opt/airflow/dags/my_tasks.py took 0.062 seconds
[2026-10-02T07:29:30.359+0000] {processor.py:186} INFO - Started process (PID=1293) to work on /opt/airflow/dags/my_tasks.py
[2026-10-02T07:29:30.367+0000] {processor.py:914} INFO - Processing file /opt/airflow/dags/my_tasks.py for tasks to queue
[2026-10-02T07:29:30.369+0000] {logging_mixin.py:190} INFO - [2026-10-02T07:29:30.368+0000] {dagbag.py:588} INFO - Filling up the DagBag from /opt/airflow/dags/my_tasks.py
[2026-10-02T07:29:30.377+0000] {processor.py:925} INFO - DAG(s) 'my_dag' retrieved from /opt/airflow/dags/my_tasks.py
[2026-10-02T07:29:30.397+0000] {logging_mixin.py:190} INFO - [2026-10-02T07:29:30.397+0000] {dag.py:3239} INFO - Sync 1 DAGs
[2026-10-02T07:29:30.415+0000] {logging_mixin.py:190} INFO - [2026-10-02T07:29:30.415+0000] {dag.py:4180} INFO - Setting next_dagrun for my_dag to None, run_after=None
[2026-10-02T07:29:30.431+0000] {processor.py:208} INFO - Processing /opt/airflow/dags/my_tasks.py took 0.076 seconds
[2026-10-02T07:30:00.632+0000] {processor.py:186} INFO - Started process (PID=1304) to work on /opt/airflow/dags/my_tasks.py
[2026-10-02T07:30:00.633+0000] {processor.py:914} INFO - Processing file /opt/airflow/dags/my_tasks.py for tasks to queue
[2026-10-02T07:30:00.634+0000] {logging_mixin.py:190} INFO - [2026-10-02T07:30:00.634+0000] {dagbag.py:588} INFO - Filling up the DagBag from /opt/airflow/dags/my_tasks.py
[2026-10-02T07:30:00.641+0000] {processor.py:925} INFO - DAG(s) 'my_dag' retrieved from /opt/airflow/dags/my_tasks.py
[2026-10-02T07:30:00.660+0000] {logging_mixin.py:190} INFO - [2026-10-02T07:30:00.660+0000] {dag.py:3239} INFO - Sync 1 DAGs
[2026-10-02T07:30:00.676+0000] {logging_mixin.py:190} INFO - [2026-10-02T07:30:00.676+0000] {dag.py:4180} INFO - Setting next_dagrun for my_dag to None, run_after=None
[2026-10-02T07:30:00.690+0000] {processor.py:208} INFO - Processing /opt/airflow/dags/my_tasks.py took 0.062 seconds
[2026-10-02T07:30:30.902+0000] {processor.py:186} INFO - Started process (PID=1315) to work on /opt/airflow/dags/my_tasks.py
[2026-10-02T07:30:30.903+0000] {processor.py:914} INFO - Processing file /opt/airflow/dags/my_tasks.py for tasks to queue
[2026-10-02T07:30:30.904+0000] {logging_mixin.py:190} INFO - [2026-10-02T07:30:30.904+0000] {dagbag.py:588} INFO - Filling up the DagBag from /opt/airflow/dags/my_tasks.py
[2026-10-02T07:30:30.911+0000] {processor.py:925} INFO - DAG(s) 'my_dag' retrieved from /opt/airflow/dags/my_tasks.py
[2026-10-02T07:30:30.931+0000] {logging_mixin.py:190} INFO - [2026-10-02T07:30:30.931+0000] {dag.py:3239} INFO - Sync 1 DAGs
[2026-10-02T07:30:30.947+0000] {logging_mixin.py:190} INFO - [2026-10-02T07:30:30.947+0000] {dag.py:4180} INFO - Setting next_dagrun for my_dag to None, run_after=None
[2026-10-02T07:30:30.961+0000] {processor.py:208} INFO - Processing /opt/airflow/dags/my_tasks.py took 0.064 seconds
[2026-10-02T07:31:01.170+0000] {processor.py:186} INFO - Started process (PID=1326) to work on /opt/airflow/dags/my_tasks.py
[2026-10-02T07:31:01.171+0000] {processor.py:914} INFO - Processing file /opt/airflow/dags/my_tasks.py for tasks to queue
[2026-10-02T07:31:01.172+0000] {logging_mixin.py:190} INFO - [2026-10-02T07:31:01.172+0000] {dagbag.py:588} INFO - Filling up the DagBag from /opt/airflow/dags/my_tasks.py
[2026-10-02T07:31:01.180+0000] {processor.py:925} INFO - DAG(s) 'my_dag' retrieved from /opt/airflow/dags/my_tasks.py
[2026-10-02T07:31:01.199+0000] {logging_mixin.py:190} INFO - [2026-10-02T07:31:01.198+0000] {dag.py:3239} INFO - Sync 1 DAGs
[2026-10-02T07:31:01.215+0000] {logging_mixin.py:190} INFO - [2026-10-02T07:31:01.215+0000] {dag.py:4180} INFO - Setting next_dagrun for my_dag to None, run_after=None
[2026-10-02T07:31:01.231+0000] {processor.py:208} INFO - Processing /opt/airflow/dags/my_tasks.py took 0.065 seconds
[2026-10-02T07:31:31.438+0000] {processor.py:186} INFO - Started process (PID=1337) to work on /opt/airflow/dags/my_tasks.py
[2026-10-02T07:31:31.446+0000] {processor.py:914} INFO - Processing file /opt/airflow/dags/my_tasks.py for tasks to queue
[2026-10-02T07:31:31.448+0000] {logging_mixin.py:190} INFO - [2026-10-02T07:31:31.448+0000] {dagbag.py:588} INFO - Filling up the DagBag from /opt/airflow/dags/my_tasks.py
[2026-10-02T07:31:31.456+0000] {processor.py:925} INFO - DAG(s) 'my_dag' retrieved from /opt/airflow/dags/my_tasks.py
[2026-10-02T07:31:31.474+0000] {logging_mixin.py:190} INFO - [2026-10-02T07:31:31.473+0000] {dag.py:3239} INFO - Sync 1 DAGs
[2026-10-02T07:31:31.490+0000] {logging_mixin.py:190} INFO - [2026-10-02T07:31:31.490+0000] {dag.py:4180} INFO - Setting next_dagrun for my_dag to None, run_after=None
[2026-10-02T07:31:31.503+0000] {processor.py:208} INFO - Processing /opt/airflow/dags/my_tasks.py took 0.070 seconds
[2026-10-02T07:32:01.675+0000] {processor.py:186} INFO - Started process (PID=1348) to work on /opt/airflow/dags/my_tasks.py
[2026-10-02T07:32:01.675+0000] {processor.py:914} INFO - Processing file /opt/airflow/dags/my_tasks.py for tasks to queue
[2026-10-02T07:32:01.677+0000] {logging_mixin.py:190} INFO - [2026-10-02T07:32:01.677+0000] {dagbag.py:588} INFO - Filling up the DagBag from /opt/airflow/dags/my_tasks.py
[2026-10-02T07:32:01.684+0000] {processor.py:925} INFO - DAG(s) 'my_dag' retrieved from /opt/airflow/dags/my_tasks.py
[2026-10-02T07:32:01.702+0000] {logging_mixin.py:190} INFO - [2026-10-02T07:32:01.702+0000] {dag.py:3239} INFO - Sync 1 DAGs
[2026-10-02T07:32:01.718+0000] {logging_mixin.py:190} INFO - [2026-10-02T07:32:01.718+0000] {dag.py:4180} INFO - Setting next_dagrun for my_dag to None, run_after=None
[2026-10-02T07:32:01.732+0000] {processor.py:208} INFO - Processing /opt/airflow/dags/my_tasks.py took 0.061 seconds
[2026-10-02T07:32:31.943+0000] {processor.py:186} INFO - Started process (PID=1359) to work on /opt/airflow/dags/my_tasks.py
[2026-10-02T07:32:31.951+0000] {processor.py:914} INFO - Processing file /opt/airflow/dags/my_tasks.py for tasks to queue
[2026-10-02T07:32:31.955+0000] {logging_mixin.py:190} INFO - [2026-10-02T07:32:31.954+0000] {dagbag.py:588} INFO - Filling up the DagBag from /opt/airflow/dags/my_tasks.py
[2026-10-02T07:32:31.965+0000] {processor.py:925} INFO - DAG(s) 'my_dag' retrieved from /opt/airflow/dags/my_tasks.py
[2026-10-02T07:32:31.982+0000] {logging_mixin.py:190} INFO - [2026-10-02T07:32:31.982+0000] {dag.py:3239} INFO - Sync 1 DAGs
[2026-10-02T07:32:31.999+0000] {logging_mixin.py:190} INFO - [2026-10-02T07:32:31.999+0000] {dag.py:4180} INFO - Setting next_dagrun for my_dag to None, run_after=None
[2026-10-02T07:32:32.013+0000] {processor.py:208} INFO - Processing /opt/airflow/dags/my_tasks.py took 0.076 seconds
[2026-10-02T07:33:02.213+0000] {processor.py:186} INFO - Started process (PID=1370) to work on /opt/airflow/dags/my_tasks.py
[2026-10-02T07:33:02.214+0000] {processor.py:914} INFO - Processing file /opt/airflow/dags/my_tasks.py for tasks to queue
[2026-10-02T07:33:02.215+0000] {logging_mixin.py:190} INFO - [2026-10-02T07:33:02.215+0000] {dagbag.py:588} INFO - Filling up the DagBag from /opt/airflow/dags/my_tasks.py
[2026-10-02T07:33:02.222+0000] {processor.py:925} INFO - DAG(s) 'my_dag' retrieved from /opt/airflow/dags/my_tasks.py
[2026-10-02T07:33:02.240+0000] {logging_mixin.py:190} INFO - [2026-10-02T07:33:02.240+0000] {dag.py:3239} INFO - Sync 1 DAGs
[2026-10-02T07:33:02.257+0000] {logging_mixin.py:190} INFO - [2026-10-02T07:33:02.257+0000] {dag.py:4180} INFO - Setting next_dagrun for my_dag to None, run_after=None
[2026-10-02T07:33:02.271+0000] {processor.py:208} INFO - Processing /opt/airflow/dags/my_tasks.py took 0.062 seconds
[2026-10-02T07:33:32.483+0000] {processor.py:186} INFO - Started process (PID=1381) to work on /opt/airflow/dags/my_tasks.py
[2026-10-02T07:33:32.491+0000] {processor.py:914} INFO - Processing file /opt/airflow/dags/my_tasks.py for tasks to queue
[2026-10-02T07:33:32.493+0000] {logging_mixin.py:190} INFO - [2026-10-02T07:33:32.492+0000] {dagbag.py:588} INFO - Filling up the DagBag from /opt/airflow/dags/my_tasks.py
[2026-10-02T07:33:32.500+0000] {processor.py:925} INFO - DAG(s) 'my_dag' retrieved from /opt/airflow/dags/my_tasks.py
[2026-10-02T07:33:32.518+0000] {logging_mixin.py:190} INFO - [2026-10-02T07:33:32.518+0000] {dag.py:3239} INFO - Sync 1 DAGs
[2026-10-02T07:33:32.535+0000] {logging_mixin.py:190} INFO - [2026-10-02T07:33:32.534+0000] {dag.py:4180} INFO - Setting next_dagrun for my_dag to None, run_after=None
[2026-10-02T07:33:32.548+0000] {processor.py:208} INFO - Processing /opt/airflow/dags/my_tasks.py took 0.070 seconds
[2026-10-02T07:34:02.748+0000] {processor.py:186} INFO - Started process (PID=1392) to work on /opt/airflow/dags/my_tasks.py
[2026-10-02T07:34:02.748+0000] {processor.py:914} INFO - Processing file /opt/airflow/dags/my_tasks.py for tasks to queue
[2026-10-02T07:34:02.750+0000] {logging_mixin.py:190} INFO - [2026-10-02T07:34:02.750+0000] {dagbag.py:588} INFO - Filling up the DagBag from /opt/airflow/dags/my_tasks.py
[2026-10-02T07:34:02.758+0000] {processor.py:925} INFO - DAG(s) 'my_dag' retrieved from /opt/airflow/dags/my_tasks.py
[2026-10-02T07:34:02.775+0000] {logging_mixin.py:190} INFO - [2026-10-02T07:34:02.775+0000] {dag.py:3239} INFO - Sync 1 DAGs
[2026-10-02T07:34:02.791+0000] {logging_mixin.py:190} INFO - [2026-10-02T07:34:02.791+0000] {dag.py:4180} INFO - Setting next_dagrun for my_dag to None, run_after=None
[2026-10-02T07:34:02.805+0000] {processor.py:208} INFO - Processing /opt/airflow/dags/my_tasks.py took 0.063 seconds
[2026-10-02T07:34:32.993+0000] {processor.py:186} INFO - Started process (PID=1403) to work on /opt/airflow/dags/my_tasks.py
[2026-10-02T07:34:32.994+0000] {processor.py:914} INFO - Processing file /opt/airflow/dags/my_tasks.py for tasks to queue
[2026-10-02T07:34:32.996+0000] {logging_mixin.py:190} INFO - [2026-10-02T07:34:32.996+0000] {dagbag.py:588} INFO - Filling up the DagBag from /opt/airflow/dags/my_tasks.py
[2026-10-02T07:34:33.004+0000] {processor.py:925} INFO - DAG(s) 'my_dag' retrieved from /opt/airflow/dags/my_tasks.py
[2026-10-02T07:34:33.022+0000] {logging_mixin.py:190} INFO - [2026-10-02T07:34:33.022+0000] {dag.py:3239} INFO - Sync 1 DAGs
[2026-10-02T07:34:33.038+0000] {logging_mixin.py:190} INFO - [2026-10-02T07:34:33.038+0000] {dag.py:4180} INFO - Setting next_dagrun for my_dag to None, run_after=None
[2026-10-02T07:34:33.053+0000] {processor.py:208} INFO - Processing /opt/airflow/dags/my_tasks.py took 0.064 seconds
[2026-10-02T07:35:03.262+0000] {processor.py:186} INFO - Started process (PID=1414) to work on /opt/airflow/dags/my_tasks.py
[2026-10-02T07:35:03.270+0000] {processor.py:914} INFO - Processing file /opt/airflow/dags/my_tasks.py for tasks to queue
[2026-10-02T07:35:03.273+0000] {logging_mixin.py:190} INFO - [2026-10-02T07:35:03.272+0000] {dagbag.py:588} INFO - Filling up the DagBag from /opt/airflow/dags/my_tasks.py
[2026-10-02T07:35:03.283+0000] {processor.py:925} INFO - DAG(s) 'my_dag' retrieved from /opt/airflow/dags/my_tasks.py
[2026-10-02T07:35:03.301+0000] {logging_mixin.py:190} INFO - [2026-10-02T07:35:03.301+0000] {dag.py:3239} INFO - Sync 1 DAGs
[2026-10-02T07:35:03.317+0000] {logging_mixin.py:190} INFO - [2026-10-02T07:35:03.317+0000] {dag.py:4180} INFO - Setting next_dagrun for my_dag to None, run_after=None
[2026-10-02T07:35:03.331+0000] {processor.py:208} INFO - Processing /opt/airflow/dags/my_tasks.py took 0.073 seconds
[2026-10-02T07:35:33.537+0000] {processor.py:186} INFO - Started process (PID=1425) to work on /opt/airflow/dags/my_tasks.py
[2026-10-02T07:35:33.545+0000] {processor.py:914} INFO - Processing file /opt/airflow/dags/my_tasks.py for tasks to queue
[2026-10-02T07:35:33.547+0000] {logging_mixin.py:190} INFO - [2026-10-02T07:35:33.547+0000] {dagbag.py:588} INFO - Filling up the DagBag from /opt/airflow/dags/my_tasks.py
[2026-10-02T07:35:33.557+0000] {processor.py:925} INFO - DAG(s) 'my_dag' retrieved from /opt/airflow/dags/my_tasks.py
[2026-10-02T07:35:33.577+0000] {logging_mixin.py:190} INFO - [2026-10-02T07:35:33.577+0000] {dag.py:3239} INFO - Sync 1 DAGs
[2026-10-02T07:35:33.592+0000] {logging_mixin.py:190} INFO - [2026-10-02T07:35:33.592+0000] {dag.py:4180} INFO - Setting next_dagrun for my_dag to None, run_after=None
[2026-10-02T07:35:33.606+0000] {processor.py:208} INFO - Processing /opt/airflow/dags/my_tasks.py took 0.073 seconds
[2026-10-02T07:36:03.813+0000] {processor.py:186} INFO - Started process (PID=1436) to work on /opt/airflow/dags/my_tasks.py
[2026-10-02T07:36:03.821+0000] {processor.py:914} INFO - Processing file /opt/airflow/dags/my_tasks.py for tasks to queue
[2026-10-02T07:36:03.825+0000] {logging_mixin.py:190} INFO - [2026-10-02T07:36:03.825+0000] {dagbag.py:588} INFO - Filling up the DagBag from /opt/airflow/dags/my_tasks.py
[2026-10-02T07:36:03.835+0000] {processor.py:925} INFO - DAG(s) 'my_dag' retrieved from /opt/airflow/dags/my_tasks.py
[2026-10-02T07:36:03.853+0000] {logging_mixin.py:190} INFO - [2026-10-02T07:36:03.853+0000] {dag.py:3239} INFO - Sync 1 DAGs
[2026-10-02T07:36:03.870+0000] {logging_mixin.py:190} INFO - [2026-10-02T07:36:03.869+0000] {dag.py:4180} INFO - Setting next_dagrun for my_dag to None, run_after=None
[2026-10-02T07:36:03.883+0000] {processor.py:208} INFO - Processing /opt/airflow/dags/my_tasks.py took 0.074 seconds
[2026-10-02T07:36:34.086+0000] {processor.py:186} INFO - Started process (PID=1447) to work on /opt/airflow/dags/my_tasks.py
[2026-10-02T07:36:34.087+0000] {processor.py:914} INFO - Processing file /opt/airflow/dags/my_tasks.py for tasks to queue
[2026-10-02T07:36:34.088+0000] {logging_mixin.py:190} INFO - [2026-10-02T07:36:34.088+0000] {dagbag.py:588} INFO - Filling up the DagBag from /opt/airflow/dags/my_tasks.py
[2026-10-02T07:36:34.095+0000] {processor.py:925} INFO - DAG(s) 'my_dag' retrieved from /opt/airflow/dags/my_tasks.py
[2026-10-02T07:36:34.114+0000] {logging_mixin.py:190} INFO - [2026-10-02T07:36:34.113+0000] {dag.py:3239} INFO - Sync 1 DAGs
[2026-10-02T07:36:34.129+0000] {logging_mixin.py:190} INFO - [2026-10-02T07:36:34.129+0000] {dag.py:4180} INFO - Setting next_dagrun for my_dag to None, run_after=None
[2026-10-02T07:36:34.144+0000] {processor.py:208} INFO - Processing /opt/airflow/dags/my_tasks.py took 0.062 seconds
[2026-10-02T07:37:04.354+0000] {processor.py:186} INFO - Started process (PID=1458) to work on /opt/airflow/dags/my_tasks.py
[2026-10-02T07:37:04.355+0000] {processor.py:914} INFO - Processing file /opt/airflow/dags/my_tasks.py for tasks to queue
[2026-10-02T07:37:04.357+0000] {logging_mixin.py:190} INFO - [2026-10-02T07:37:04.356+0000] {dagbag.py:588} INFO - Filling up the DagBag from /opt/airflow/dags/my_tasks.py
[2026-10-02T07:37:04.364+0000] {processor.py:925} INFO - DAG(s) 'my_dag' retrieved from /opt/airflow/dags/my_tasks.py
[2026-10-02T07:37:04.383+0000] {logging_mixin.py:190} INFO - [2026-10-02T07:37:04.383+0000] {dag.py:3239} INFO - Sync 1 DAGs
[2026-10-02T07:37:04.401+0000] {logging_mixin.py:190} INFO - [2026-10-02T07:37:04.401+0000] {dag.py:4180} INFO - Setting next_dagrun for my_dag to None, run_after=None
[2026-10-02T07:37:04.420+0000] {processor.py:208} INFO - Processing /opt/airflow/dags/my_tasks.py took 0.071 seconds
[2026-10-02T07:37:34.591+0000] {processor.py:186} INFO - Started process (PID=1469) to work on /opt/airflow/dags/my_tasks.py
[2026-10-02T07:37:34.599+0000] {processor.py:914} INFO - Processing file /opt/airflow/dags/my_tasks.py for tasks to queue
[2026-10-02T07:37:34.600+0000] {logging_mixin.py:190} INFO - [2026-10-02T07:37:34.600+0000] {dagbag.py:588} INFO - Filling up the DagBag from /opt/airflow/dags/my_tasks.py
[2026-10-02T07:37:34.608+0000] {processor.py:925} INFO - DAG(s) 'my_dag' retrieved from /opt/airflow/dags/my_tasks.py
[2026-10-02T07:37:34.626+0000] {logging_mixin.py:190} INFO - [2026-10-02T07:37:34.626+0000] {dag.py:3239} INFO - Sync 1 DAGs
[2026-10-02T07:37:34.643+0000] {logging_mixin.py:190} INFO - [2026-10-02T07:37:34.642+0000] {dag.py:4180} INFO - Setting next_dagrun for my_dag to None, run_after=None
[2026-10-02T07:37:34.656+0000] {processor.py:208} INFO - Processing /opt/airflow/dags/my_tasks.py took 0.071 seconds
[2026-10-02T07:38:04.858+0000] {processor.py:186} INFO - Started process (PID=1480) to work on /opt/airflow/dags/my_tasks.py
[2026-10-02T07:38:04.866+0000] {processor.py:914} INFO - Processing file /opt/airflow/dags/my_tasks.py for tasks to queue
[2026-10-02T07:38:04.868+0000] {logging_mixin.py:190} INFO - [2026-10-02T07:38:04.868+0000] {dagbag.py:588} INFO - Filling up the DagBag from /opt/airflow/dags/my_tasks.py
[2026-10-02T07:38:04.877+0000] {processor.py:925} INFO - DAG(s) 'my_dag' retrieved from /opt/airflow/dags/my_tasks.py
[2026-10-02T07:38:04.895+0000] {logging_mixin.py:190} INFO - [2026-10-02T07:38:04.895+0000] {dag.py:3239} INFO - Sync 1 DAGs
[2026-10-02T07:38:04.912+0000] {logging_mixin.py:190} INFO - [2026-10-02T07:38:04.912+0000] {dag.py:4180} INFO - Setting next_dagrun for my_dag to None, run_after=None
[2026-10-02T07:38:04.927+0000] {processor.py:208} INFO - Processing /opt/airflow/dags/my_tasks.py took 0.072 seconds
[2026-10-02T07:38:35.130+0000] {processor.py:186} INFO - Started process (PID=1491) to work on /opt/airflow/dags/my_tasks.py
[2026-10-02T07:38:35.138+0000] {processor.py:914} INFO - Processing file /opt/airflow/dags/my_tasks.py for tasks to queue
[2026-10-02T07:38:35.140+0000] {logging_mixin.py:190} INFO - [2026-10-02T07:38:35.140+0000] {dagbag.py:588} INFO - Filling up the DagBag from /opt/airflow/dags/my_tasks.py
[2026-10-02T07:38:35.148+0000] {processor.py:925} INFO - DAG(s) 'my_dag' retrieved from /opt/airflow/dags/my_tasks.py
[2026-10-02T07:38:35.167+0000] {logging_mixin.py:190} INFO - [2026-10-02T07:38:35.167+0000] {dag.py:3239} INFO - Sync 1 DAGs
[2026-10-02T07:38:35.185+0000] {logging_mixin.py:190} INFO - [2026-10-02T07:38:35.185+0000] {dag.py:4180} INFO - Setting next_dagrun for my_dag to None, run_after=None
[2026-10-02T07:38:35.213+0000] {processor.py:208} INFO - Processing /opt/airflow/dags/my_tasks.py took 0.087 seconds
[2026-10-02T07:39:05.400+0000] {processor.py:186} INFO - Started process (PID=1502) to work on /opt/airflow/dags/my_tasks.py
[2026-10-02T07:39:05.401+0000] {processor.py:914} INFO - Processing file /opt/airflow/dags/my_tasks.py for tasks to queue
[2026-10-02T07:39:05.402+0000] {logging_mixin.py:190} INFO - [2026-10-02T07:39:05.402+0000] {dagbag.py:588} INFO - Filling up the DagBag from /opt/airflow/dags/my_tasks.py
[2026-10-02T07:39:05.409+0000] {processor.py:925} INFO - DAG(s) 'my_dag' retrieved from /opt/airflow/dags/my_tasks.py
[2026-10-02T07:39:05.427+0000] {logging_mixin.py:190} INFO - [2026-10-02T07:39:05.427+0000] {dag.py:3239} INFO - Sync 1 DAGs
[2026-10-02T07:39:05.444+0000] {logging_mixin.py:190} INFO - [2026-10-02T07:39:05.444+0000] {dag.py:4180} INFO - Setting next_dagrun for my_dag to None, run_after=None
[2026-10-02T07:39:05.459+0000] {processor.py:208} INFO - Processing /opt/airflow/dags/my_tasks.py took 0.064 seconds
[2026-10-02T07:39:35.639+0000] {processor.py:186} INFO - Started process (PID=1513) to work on /opt/airflow/dags/my_tasks.py
[2026-10-02T07:39:35.640+0000] {processor.py:914} INFO - Processing file /opt/airflow/dags/my_tasks.py for tasks to queue
[2026-10-02T07:39:35.642+0000] {logging_mixin.py:190} INFO - [2026-10-02T07:39:35.642+0000] {dagbag.py:588} INFO - Filling up the DagBag from /opt/airflow/dags/my_tasks.py
[2026-10-02T07:39:35.648+0000] {processor.py:925} INFO - DAG(s) 'my_dag' retrieved from /opt/airflow/dags/my_tasks.py
[2026-10-02T07:39:35.667+0000] {logging_mixin.py:190} INFO - [2026-10-02T07:39:35.666+0000] {dag.py:3239} INFO - Sync 1 DAGs
[2026-10-02T07:39:35.682+0000] {logging_mixin.py:190} INFO - [2026-10-02T07:39:35.682+0000] {dag.py:4180} INFO - Setting next_dagrun for my_dag to None, run_after=None
[2026-10-02T07:39:35.697+0000] {processor.py:208} INFO - Processing /opt/airflow/dags/my_tasks.py took 0.061 seconds
[2026-10-02T07:40:05.882+0000] {processor.py:186} INFO - Started process (PID=1524) to work on /opt/airflow/dags/my_tasks.py
[2026-10-02T07:40:05.883+0000] {processor.py:914} INFO - Processing file /opt/airflow/dags/my_tasks.py for tasks to queue
[2026-10-02T07:40:05.885+0000] {logging_mixin.py:190} INFO - [2026-10-02T07:40:05.884+0000] {dagbag.py:588} INFO - Filling up the DagBag from /opt/airflow/dags/my_tasks.py
[2026-10-02T07:40:05.892+0000] {processor.py:925} INFO - DAG(s) 'my_dag' retrieved from /opt/airflow/dags/my_tasks.py
[2026-10-02T07:40:05.910+0000] {logging_mixin.py:190} INFO - [2026-10-02T07:40:05.910+0000] {dag.py:3239} INFO - Sync 1 DAGs
[2026-10-02T07:40:05.927+0000] {logging_mixin.py:190} INFO - [2026-10-02T07:40:05.926+0000] {dag.py:4180} INFO - Setting next_dagrun for my_dag to None, run_after=None
[2026-10-02T07:40:05.941+0000] {processor.py:208} INFO - Processing /opt/airflow/dags/my_tasks.py took 0.063 seconds
[2026-10-02T07:40:36.137+0000] {processor.py:186} INFO - Started process (PID=1535) to work on /opt/airflow/dags/my_tasks.py
[2026-10-02T07:40:36.145+0000] {processor.py:914} INFO - Processing file /opt/airflow/dags/my_tasks.py for tasks to queue
[2026-10-02T07:40:36.147+0000] {logging_mixin.py:190} INFO - [2026-10-02T07:40:36.147+0000] {dagbag.py:588} INFO - Filling up the DagBag from /opt/airflow/dags/my_tasks.py
[2026-10-02T07:40:36.156+0000] {processor.py:925} INFO - DAG(s) 'my_dag' retrieved from /opt/airflow/dags/my_tasks.py
[2026-10-02T07:40:36.175+0000] {logging_mixin.py:190} INFO - [2026-10-02T07:40:36.174+0000] {dag.py:3239} INFO - Sync 1 DAGs
[2026-10-02T07:40:36.191+0000] {logging_mixin.py:190} INFO - [2026-10-02T07:40:36.191+0000] {dag.py:4180} INFO - Setting next_dagrun for my_dag to None, run_after=None
[2026-10-02T07:40:36.206+0000] {processor.py:208} INFO - Processing /opt/airflow/dags/my_tasks.py took 0.072 seconds
[2026-10-02T07:41:06.401+0000] {processor.py:186} INFO - Started process (PID=1546) to work on /opt/airflow/dags/my_tasks.py
[2026-10-02T07:41:06.409+0000] {processor.py:914} INFO - Processing file /opt/airflow/dags/my_tasks.py for tasks to queue
[2026-10-02T07:41:06.412+0000] {logging_mixin.py:190} INFO - [2026-10-02T07:41:06.411+0000] {dagbag.py:588} INFO - Filling up the DagBag from /opt/airflow/dags/my_tasks.py
[2026-10-02T07:41:06.421+0000] {processor.py:925} INFO - DAG(s) 'my_dag' retrieved from /opt/airflow/dags/my_tasks.py
[2026-10-02T07:41:06.439+0000] {logging_mixin.py:190} INFO - [2026-10-02T07:41:06.439+0000] {dag.py:3239} INFO - Sync 1 DAGs
[2026-10-02T07:41:06.456+0000] {logging_mixin.py:190} INFO - [2026-10-02T07:41:06.456+0000] {dag.py:4180} INFO - Setting next_dagrun for my_dag to None, run_after=None
[2026-10-02T07:41:06.470+0000] {processor.py:208} INFO - Processing /opt/airflow/dags/my_tasks.py took 0.073 seconds
[2026-10-02T07:41:36.636+0000] {processor.py:186} INFO - Started process (PID=1557) to work on /opt/airflow/dags/my_tasks.py
[2026-10-02T07:41:36.636+0000] {processor.py:914} INFO - Processing file /opt/airflow/dags/my_tasks.py for tasks to queue
[2026-10-02T07:41:36.638+0000] {logging_mixin.py:190} INFO - [2026-10-02T07:41:36.638+0000] {dagbag.py:588} INFO - Filling up the DagBag from /opt/airflow/dags/my_tasks.py
[2026-10-02T07:41:36.645+0000] {processor.py:925} INFO - DAG(s) 'my_dag' retrieved from /opt/airflow/dags/my_tasks.py
[2026-10-02T07:41:36.663+0000] {logging_mixin.py:190} INFO - [2026-10-02T07:41:36.663+0000] {dag.py:3239} INFO - Sync 1 DAGs
[2026-10-02T07:41:36.678+0000] {logging_mixin.py:190} INFO - [2026-10-02T07:41:36.678+0000] {dag.py:4180} INFO - Setting next_dagrun for my_dag to None, run_after=None
[2026-10-02T07:41:36.693+0000] {processor.py:208} INFO - Processing /opt/airflow/dags/my_tasks.py took 0.061 seconds
[2026-10-02T07:42:06.899+0000] {processor.py:186} INFO - Started process (PID=1568) to work on /opt/airflow/dags/my_tasks.py
[2026-10-02T07:42:06.900+0000] {processor.py:914} INFO - Processing file /opt/airflow/dags/my_tasks.py for tasks to queue
[2026-10-02T07:42:06.901+0000] {logging_mixin.py:190} INFO - [2026-10-02T07:42:06.901+0000] {dagbag.py:588} INFO - Filling up the DagBag from /opt/airflow/dags/my_tasks.py
[2026-10-02T07:42:06.908+0000] {processor.py:925} INFO - DAG(s) 'my_dag' retrieved from /opt/airflow/dags/my_tasks.py
[2026-10-02T07:42:06.926+0000] {logging_mixin.py:190} INFO - [2026-10-02T07:42:06.926+0000] {dag.py:3239} INFO - Sync 1 DAGs
[2026-10-02T07:42:06.942+0000] {logging_mixin.py:190} INFO - [2026-10-02T07:42:06.942+0000] {dag.py:4180} INFO - Setting next_dagrun for my_dag to None, run_after=None
[2026-10-02T07:42:06.957+0000] {processor.py:208} INFO - Processing /opt/airflow/dags/my_tasks.py took 0.061 seconds
[2026-10-02T07:42:37.165+0000] {processor.py:186} INFO - Started process (PID=1579) to work on /opt/airflow/dags/my_tasks.py
[2026-10-02T07:42:37.176+0000] {processor.py:914} INFO - Processing file /opt/airflow/dags/my_tasks.py for tasks to queue
[2026-10-02T07:42:37.178+0000] {logging_mixin.py:190} INFO - [2026-10-02T07:42:37.178+0000] {dagbag.py:588} INFO - Filling up the DagBag from /opt/airflow/dags/my_tasks.py
[2026-10-02T07:42:37.185+0000] {processor.py:925} INFO - DAG(s) 'my_dag' retrieved from /opt/airflow/dags/my_tasks.py
[2026-10-02T07:42:37.203+0000] {logging_mixin.py:190} INFO - [2026-10-02T07:42:37.203+0000] {dag.py:3239} INFO - Sync 1 DAGs
[2026-10-02T07:42:37.220+0000] {logging_mixin.py:190} INFO - [2026-10-02T07:42:37.219+0000] {dag.py:4180} INFO - Setting next_dagrun for my_dag to None, run_after=None
[2026-10-02T07:42:37.235+0000] {processor.py:208} INFO - Processing /opt/airflow/dags/my_tasks.py took 0.074 seconds
[2026-10-02T07:43:07.423+0000] {processor.py:186} INFO - Started process (PID=1590) to work on /opt/airflow/dags/my_tasks.py
[2026-10-02T07:43:07.431+0000] {processor.py:914} INFO - Processing file /opt/airflow/dags/my_tasks.py for tasks to queue
[2026-10-02T07:43:07.434+0000] {logging_mixin.py:190} INFO - [2026-10-02T07:43:07.434+0000] {dagbag.py:588} INFO - Filling up the DagBag from /opt/airflow/dags/my_tasks.py
[2026-10-02T07:43:07.444+0000] {processor.py:925} INFO - DAG(s) 'my_dag' retrieved from /opt/airflow/dags/my_tasks.py
[2026-10-02T07:43:07.462+0000] {logging_mixin.py:190} INFO - [2026-10-02T07:43:07.462+0000] {dag.py:3239} INFO - Sync 1 DAGs
[2026-10-02T07:43:07.478+0000] {logging_mixin.py:190} INFO - [2026-10-02T07:43:07.478+0000] {dag.py:4180} INFO - Setting next_dagrun for my_dag to None, run_after=None
[2026-10-02T07:43:07.492+0000] {processor.py:208} INFO - Processing /opt/airflow/dags/my_tasks.py took 0.073 seconds
[2026-10-02T07:43:37.693+0000] {processor.py:186} INFO - Started process (PID=1601) to work on /opt/airflow/dags/my_tasks.py
[2026-10-02T07:43:37.701+0000] {processor.py:914} INFO - Processing file /opt/airflow/dags/my_tasks.py for tasks to queue
[2026-10-02T07:43:37.702+0000] {logging_mixin.py:190} INFO - [2026-10-02T07:43:37.702+0000] {dagbag.py:588} INFO - Filling up the DagBag from /opt/airflow/dags/my_tasks.py
[2026-10-02T07:43:37.711+0000] {processor.py:925} INFO - DAG(s) 'my_dag' retrieved from /opt/airflow/dags/my_tasks.py
[2026-10-02T07:43:37.729+0000] {logging_mixin.py:190} INFO - [2026-10-02T07:43:37.729+0000] {dag.py:3239} INFO - Sync 1 DAGs
[2026-10-02T07:43:37.746+0000] {logging_mixin.py:190} INFO - [2026-10-02T07:43:37.745+0000] {dag.py:4180} INFO - Setting next_dagrun for my_dag to None, run_after=None
[2026-10-02T07:43:37.759+0000] {processor.py:208} INFO - Processing /opt/airflow/dags/my_tasks.py took 0.071 seconds
[2026-10-02T07:44:07.968+0000] {processor.py:186} INFO - Started process (PID=1612) to work on /opt/airflow/dags/my_tasks.py
[2026-10-02T07:44:07.976+0000] {processor.py:914} INFO - Processing file /opt/airflow/dags/my_tasks.py for tasks to queue
[2026-10-02T07:44:07.979+0000] {logging_mixin.py:190} INFO - [2026-10-02T07:44:07.978+0000] {dagbag.py:588} INFO - Filling up the DagBag from /opt/airflow/dags/my_tasks.py
[2026-10-02T07:44:07.989+0000] {processor.py:925} INFO - DAG(s) 'my_dag' retrieved from /opt/airflow/dags/my_tasks.py
[2026-10-02T07:44:08.008+0000] {logging_mixin.py:190} INFO - [2026-10-02T07:44:08.007+0000] {dag.py:3239} INFO - Sync 1 DAGs
[2026-10-02T07:44:08.024+0000] {logging_mixin.py:190} INFO - [2026-10-02T07:44:08.024+0000] {dag.py:4180} INFO - Setting next_dagrun for my_dag to None, run_after=None
[2026-10-02T07:44:08.039+0000] {processor.py:208} INFO - Processing /opt/airflow/dags/my_tasks.py took 0.077 seconds
[2026-10-02T07:44:38.230+0000] {processor.py:186} INFO - Started process (PID=1623) to work on /opt/airflow/dags/my_tasks.py
[2026-10-02T07:44:38.238+0000] {processor.py:914} INFO - Processing file /opt/airflow/dags/my_tasks.py for tasks to queue
[2026-10-02T07:44:38.240+0000] {logging_mixin.py:190} INFO - [2026-10-02T07:44:38.239+0000] {dagbag.py:588} INFO - Filling up the DagBag from /opt/airflow/dags/my_tasks.py
[2026-10-02T07:44:38.246+0000] {processor.py:925} INFO - DAG(s) 'my_dag' retrieved from /opt/airflow/dags/my_tasks.py
[2026-10-02T07:44:38.265+0000] {logging_mixin.py:190} INFO - [2026-10-02T07:44:38.264+0000] {dag.py:3239} INFO - Sync 1 DAGs
[2026-10-02T07:44:38.281+0000] {logging_mixin.py:190} INFO - [2026-10-02T07:44:38.280+0000] {dag.py:4180} INFO - Setting next_dagrun for my_dag to None, run_after=None
[2026-10-02T07:44:38.297+0000] {processor.py:208} INFO - Processing /opt/airflow/dags/my_tasks.py took 0.072 seconds
[2026-10-02T07:45:08.504+0000] {processor.py:186} INFO - Started process (PID=1634) to work on /opt/airflow/dags/my_tasks.py
[2026-10-02T07:45:08.512+0000] {processor.py:914} INFO - Processing file /opt/airflow/dags/my_tasks.py for tasks to queue
[2026-10-02T07:45:08.514+0000] {logging_mixin.py:190} INFO - [2026-10-02T07:45:08.514+0000] {dagbag.py:588} INFO - Filling up the DagBag from /opt/airflow/dags/my_tasks.py
[2026-10-02T07:45:08.521+0000] {processor.py:925} INFO - DAG(s) 'my_dag' retrieved from /opt/airflow/dags/my_tasks.py
[2026-10-02T07:45:08.539+0000] {logging_mixin.py:190} INFO - [2026-10-02T07:45:08.539+0000] {dag.py:3239} INFO - Sync 1 DAGs
[2026-10-02T07:45:08.555+0000] {logging_mixin.py:190} INFO - [2026-10-02T07:45:08.555+0000] {dag.py:4180} INFO - Setting next_dagrun for my_dag to None, run_after=None
[2026-10-02T07:45:08.569+0000] {processor.py:208} INFO - Processing /opt/airflow/dags/my_tasks.py took 0.069 seconds
[2026-10-02T07:45:38.779+0000] {processor.py:186} INFO - Started process (PID=1645) to work on /opt/airflow/dags/my_tasks.py
[2026-10-02T07:45:38.787+0000] {processor.py:914} INFO - Processing file /opt/airflow/dags/my_tasks.py for tasks to queue
[2026-10-02T07:45:38.790+0000] {logging_mixin.py:190} INFO - [2026-10-02T07:45:38.789+0000] {dagbag.py:588} INFO - Filling up the DagBag from /opt/airflow/dags/my_tasks.py
[2026-10-02T07:45:38.801+0000] {processor.py:925} INFO - DAG(s) 'my_dag' retrieved from /opt/airflow/dags/my_tasks.py
[2026-10-02T07:45:38.819+0000] {logging_mixin.py:190} INFO - [2026-10-02T07:45:38.819+0000] {dag.py:3239} INFO - Sync 1 DAGs
[2026-10-02T07:45:38.835+0000] {logging_mixin.py:190} INFO - [2026-10-02T07:45:38.835+0000] {dag.py:4180} INFO - Setting next_dagrun for my_dag to None, run_after=None
[2026-10-02T07:45:38.849+0000] {processor.py:208} INFO - Processing /opt/airflow/dags/my_tasks.py took 0.074 seconds
[2026-10-02T07:46:09.041+0000] {processor.py:186} INFO - Started process (PID=1656) to work on /opt/airflow/dags/my_tasks.py
[2026-10-02T07:46:09.049+0000] {processor.py:914} INFO - Processing file /opt/airflow/dags/my_tasks.py for tasks to queue
[2026-10-02T07:46:09.050+0000] {logging_mixin.py:190} INFO - [2026-10-02T07:46:09.050+0000] {dagbag.py:588} INFO - Filling up the DagBag from /opt/airflow/dags/my_tasks.py
[2026-10-02T07:46:09.058+0000] {processor.py:925} INFO - DAG(s) 'my_dag' retrieved from /opt/airflow/dags/my_tasks.py
[2026-10-02T07:46:09.075+0000] {logging_mixin.py:190} INFO - [2026-10-02T07:46:09.075+0000] {dag.py:3239} INFO - Sync 1 DAGs
[2026-10-02T07:46:09.092+0000] {logging_mixin.py:190} INFO - [2026-10-02T07:46:09.092+0000] {dag.py:4180} INFO - Setting next_dagrun for my_dag to None, run_after=None
[2026-10-02T07:46:09.105+0000] {processor.py:208} INFO - Processing /opt/airflow/dags/my_tasks.py took 0.069 seconds
[2026-10-02T07:46:39.319+0000] {processor.py:186} INFO - Started process (PID=1667) to work on /opt/airflow/dags/my_tasks.py
[2026-10-02T07:46:39.326+0000] {processor.py:914} INFO - Processing file /opt/airflow/dags/my_tasks.py for tasks to queue
[2026-10-02T07:46:39.328+0000] {logging_mixin.py:190} INFO - [2026-10-02T07:46:39.328+0000] {dagbag.py:588} INFO - Filling up the DagBag from /opt/airflow/dags/my_tasks.py
[2026-10-02T07:46:39.337+0000] {processor.py:925} INFO - DAG(s) 'my_dag' retrieved from /opt/airflow/dags/my_tasks.py
[2026-10-02T07:46:39.355+0000] {logging_mixin.py:190} INFO - [2026-10-02T07:46:39.355+0000] {dag.py:3239} INFO - Sync 1 DAGs
[2026-10-02T07:46:39.371+0000] {logging_mixin.py:190} INFO - [2026-10-02T07:46:39.371+0000] {dag.py:4180} INFO - Setting next_dagrun for my_dag to None, run_after=None
[2026-10-02T07:46:39.386+0000] {processor.py:208} INFO - Processing /opt/airflow/dags/my_tasks.py took 0.073 seconds
[2026-10-02T07:47:09.587+0000] {processor.py:186} INFO - Started process (PID=1678) to work on /opt/airflow/dags/my_tasks.py
[2026-10-02T07:47:09.588+0000] {processor.py:914} INFO - Processing file /opt/airflow/dags/my_tasks.py for tasks to queue
[2026-10-02T07:47:09.589+0000] {logging_mixin.py:190} INFO - [2026-10-02T07:47:09.589+0000] {dagbag.py:588} INFO - Filling up the DagBag from /opt/airflow/dags/my_tasks.py
[2026-10-02T07:47:09.597+0000] {processor.py:925} INFO - DAG(s) 'my_dag' retrieved from /opt/airflow/dags/my_tasks.py
[2026-10-02T07:47:09.615+0000] {logging_mixin.py:190} INFO - [2026-10-02T07:47:09.614+0000] {dag.py:3239} INFO - Sync 1 DAGs
[2026-10-02T07:47:09.630+0000] {logging_mixin.py:190} INFO - [2026-10-02T07:47:09.630+0000] {dag.py:4180} INFO - Setting next_dagrun for my_dag to None, run_after=None
[2026-10-02T07:47:09.643+0000] {processor.py:208} INFO - Processing /opt/airflow/dags/my_tasks.py took 0.061 seconds
[2026-10-02T07:47:39.846+0000] {processor.py:186} INFO - Started process (PID=1695) to work on /opt/airflow/dags/my_tasks.py
[2026-10-02T07:47:39.846+0000] {processor.py:914} INFO - Processing file /opt/airflow/dags/my_tasks.py for tasks to queue
[2026-10-02T07:47:39.848+0000] {logging_mixin.py:190} INFO - [2026-10-02T07:47:39.848+0000] {dagbag.py:588} INFO - Filling up the DagBag from /opt/airflow/dags/my_tasks.py
[2026-10-02T07:47:39.855+0000] {processor.py:925} INFO - DAG(s) 'my_dag' retrieved from /opt/airflow/dags/my_tasks.py
[2026-10-02T07:47:39.872+0000] {logging_mixin.py:190} INFO - [2026-10-02T07:47:39.872+0000] {dag.py:3239} INFO - Sync 1 DAGs
[2026-10-02T07:47:39.888+0000] {logging_mixin.py:190} INFO - [2026-10-02T07:47:39.888+0000] {dag.py:4180} INFO - Setting next_dagrun for my_dag to None, run_after=None
[2026-10-02T07:47:39.903+0000] {processor.py:208} INFO - Processing /opt/airflow/dags/my_tasks.py took 0.061 seconds
[2026-10-02T07:48:10.098+0000] {processor.py:186} INFO - Started process (PID=1706) to work on /opt/airflow/dags/my_tasks.py
[2026-10-02T07:48:10.106+0000] {processor.py:914} INFO - Processing file /opt/airflow/dags/my_tasks.py for tasks to queue
[2026-10-02T07:48:10.108+0000] {logging_mixin.py:190} INFO - [2026-10-02T07:48:10.107+0000] {dagbag.py:588} INFO - Filling up the DagBag from /opt/airflow/dags/my_tasks.py
[2026-10-02T07:48:10.115+0000] {processor.py:925} INFO - DAG(s) 'my_dag' retrieved from /opt/airflow/dags/my_tasks.py
[2026-10-02T07:48:10.132+0000] {logging_mixin.py:190} INFO - [2026-10-02T07:48:10.132+0000] {dag.py:3239} INFO - Sync 1 DAGs
[2026-10-02T07:48:10.148+0000] {logging_mixin.py:190} INFO - [2026-10-02T07:48:10.148+0000] {dag.py:4180} INFO - Setting next_dagrun for my_dag to None, run_after=None
[2026-10-02T07:48:10.162+0000] {processor.py:208} INFO - Processing /opt/airflow/dags/my_tasks.py took 0.068 seconds
[2026-10-02T07:48:40.358+0000] {processor.py:186} INFO - Started process (PID=1717) to work on /opt/airflow/dags/my_tasks.py
[2026-10-02T07:48:40.358+0000] {processor.py:914} INFO - Processing file /opt/airflow/dags/my_tasks.py for tasks to queue
[2026-10-02T07:48:40.360+0000] {logging_mixin.py:190} INFO - [2026-10-02T07:48:40.360+0000] {dagbag.py:588} INFO - Filling up the DagBag from /opt/airflow/dags/my_tasks.py
[2026-10-02T07:48:40.367+0000] {processor.py:925} INFO - DAG(s) 'my_dag' retrieved from /opt/airflow/dags/my_tasks.py
[2026-10-02T07:48:40.385+0000] {logging_mixin.py:190} INFO - [2026-10-02T07:48:40.385+0000] {dag.py:3239} INFO - Sync 1 DAGs
[2026-10-02T07:48:40.401+0000] {logging_mixin.py:190} INFO - [2026-10-02T07:48:40.401+0000] {dag.py:4180} INFO - Setting next_dagrun for my_dag to None, run_after=None
[2026-10-02T07:48:40.415+0000] {processor.py:208} INFO - Processing /opt/airflow/dags/my_tasks.py took 0.063 seconds
[2026-10-02T07:49:10.613+0000] {processor.py:186} INFO - Started process (PID=1728) to work on /opt/airflow/dags/my_tasks.py
[2026-10-02T07:49:10.617+0000] {processor.py:914} INFO - Processing file /opt/airflow/dags/my_tasks.py for tasks to queue
[2026-10-02T07:49:10.619+0000] {logging_mixin.py:190} INFO - [2026-10-02T07:49:10.619+0000] {dagbag.py:588} INFO - Filling up the DagBag from /opt/airflow/dags/my_tasks.py
[2026-10-02T07:49:10.626+0000] {processor.py:925} INFO - DAG(s) 'my_dag' retrieved from /opt/airflow/dags/my_tasks.py
[2026-10-02T07:49:10.644+0000] {logging_mixin.py:190} INFO - [2026-10-02T07:49:10.644+0000] {dag.py:3239} INFO - Sync 1 DAGs
[2026-10-02T07:49:10.660+0000] {logging_mixin.py:190} INFO - [2026-10-02T07:49:10.660+0000] {dag.py:4180} INFO - Setting next_dagrun for my_dag to None, run_after=None
[2026-10-02T07:49:10.675+0000] {processor.py:208} INFO - Processing /opt/airflow/dags/my_tasks.py took 0.067 seconds
[2026-10-02T07:49:40.885+0000] {processor.py:186} INFO - Started process (PID=1739) to work on /opt/airflow/dags/my_tasks.py
[2026-10-02T07:49:40.886+0000] {processor.py:914} INFO - Processing file /opt/airflow/dags/my_tasks.py for tasks to queue
[2026-10-02T07:49:40.887+0000] {logging_mixin.py:190} INFO - [2026-10-02T07:49:40.887+0000] {dagbag.py:588} INFO - Filling up the DagBag from /opt/airflow/dags/my_tasks.py
[2026-10-02T07:49:40.894+0000] {processor.py:925} INFO - DAG(s) 'my_dag' retrieved from /opt/airflow/dags/my_tasks.py
[2026-10-02T07:49:40.912+0000] {logging_mixin.py:190} INFO - [2026-10-02T07:49:40.912+0000] {dag.py:3239} INFO - Sync 1 DAGs
[2026-10-02T07:49:40.929+0000] {logging_mixin.py:190} INFO - [2026-10-02T07:49:40.928+0000] {dag.py:4180} INFO - Setting next_dagrun for my_dag to None, run_after=None
[2026-10-02T07:49:40.942+0000] {processor.py:208} INFO - Processing /opt/airflow/dags/my_tasks.py took 0.061 seconds
[2026-10-02T07:50:11.149+0000] {processor.py:186} INFO - Started process (PID=1750) to work on /opt/airflow/dags/my_tasks.py
[2026-10-02T07:50:11.157+0000] {processor.py:914} INFO - Processing file /opt/airflow/dags/my_tasks.py for tasks to queue
[2026-10-02T07:50:11.160+0000] {logging_mixin.py:190} INFO - [2026-10-02T07:50:11.159+0000] {dagbag.py:588} INFO - Filling up the DagBag from /opt/airflow/dags/my_tasks.py
[2026-10-02T07:50:11.168+0000] {processor.py:925} INFO - DAG(s) 'my_dag' retrieved from /opt/airflow/dags/my_tasks.py
[2026-10-02T07:50:11.187+0000] {logging_mixin.py:190} INFO - [2026-10-02T07:50:11.186+0000] {dag.py:3239} INFO - Sync 1 DAGs
[2026-10-02T07:50:11.203+0000] {logging_mixin.py:190} INFO - [2026-10-02T07:50:11.203+0000] {dag.py:4180} INFO - Setting next_dagrun for my_dag to None, run_after=None
[2026-10-02T07:50:11.217+0000] {processor.py:208} INFO - Processing /opt/airflow/dags/my_tasks.py took 0.073 seconds
[2026-10-02T07:50:41.415+0000] {processor.py:186} INFO - Started process (PID=1761) to work on /opt/airflow/dags/my_tasks.py
[2026-10-02T07:50:41.416+0000] {processor.py:914} INFO - Processing file /opt/airflow/dags/my_tasks.py for tasks to queue
[2026-10-02T07:50:41.417+0000] {logging_mixin.py:190} INFO - [2026-10-02T07:50:41.417+0000] {dagbag.py:588} INFO - Filling up the DagBag from /opt/airflow/dags/my_tasks.py
[2026-10-02T07:50:41.424+0000] {processor.py:925} INFO - DAG(s) 'my_dag' retrieved from /opt/airflow/dags/my_tasks.py
[2026-10-02T07:50:41.442+0000] {logging_mixin.py:190} INFO - [2026-10-02T07:50:41.441+0000] {dag.py:3239} INFO - Sync 1 DAGs
[2026-10-02T07:50:41.457+0000] {logging_mixin.py:190} INFO - [2026-10-02T07:50:41.457+0000] {dag.py:4180} INFO - Setting next_dagrun for my_dag to None, run_after=None
[2026-10-02T07:50:41.470+0000] {processor.py:208} INFO - Processing /opt/airflow/dags/my_tasks.py took 0.059 seconds
[2026-10-02T07:51:11.681+0000] {processor.py:186} INFO - Started process (PID=1772) to work on /opt/airflow/dags/my_tasks.py
[2026-10-02T07:51:11.681+0000] {processor.py:914} INFO - Processing file /opt/airflow/dags/my_tasks.py for tasks to queue
[2026-10-02T07:51:11.683+0000] {logging_mixin.py:190} INFO - [2026-10-02T07:51:11.683+0000] {dagbag.py:588} INFO - Filling up the DagBag from /opt/airflow/dags/my_tasks.py
[2026-10-02T07:51:11.690+0000] {processor.py:925} INFO - DAG(s) 'my_dag' retrieved from /opt/airflow/dags/my_tasks.py
[2026-10-02T07:51:11.708+0000] {logging_mixin.py:190} INFO - [2026-10-02T07:51:11.708+0000] {dag.py:3239} INFO - Sync 1 DAGs
[2026-10-02T07:51:11.724+0000] {logging_mixin.py:190} INFO - [2026-10-02T07:51:11.723+0000] {dag.py:4180} INFO - Setting next_dagrun for my_dag to None, run_after=None
[2026-10-02T07:51:11.737+0000] {processor.py:208} INFO - Processing /opt/airflow/dags/my_tasks.py took 0.060 seconds
[2026-10-02T07:51:41.958+0000] {processor.py:186} INFO - Started process (PID=1783) to work on /opt/airflow/dags/my_tasks.py
[2026-10-02T07:51:41.958+0000] {processor.py:914} INFO - Processing file /opt/airflow/dags/my_tasks.py for tasks to queue
[2026-10-02T07:51:41.960+0000] {logging_mixin.py:190} INFO - [2026-10-02T07:51:41.960+0000] {dagbag.py:588} INFO - Filling up the DagBag from /opt/airflow/dags/my_tasks.py
[2026-10-02T07:51:41.967+0000] {processor.py:925} INFO - DAG(s) 'my_dag' retrieved from /opt/airflow/dags/my_tasks.py
[2026-10-02T07:51:41.985+0000] {logging_mixin.py:190} INFO - [2026-10-02T07:51:41.985+0000] {dag.py:3239} INFO - Sync 1 DAGs
[2026-10-02T07:51:42.001+0000] {logging_mixin.py:190} INFO - [2026-10-02T07:51:42.001+0000] {dag.py:4180} INFO - Setting next_dagrun for my_dag to None, run_after=None
[2026-10-02T07:51:42.015+0000] {processor.py:208} INFO - Processing /opt/airflow/dags/my_tasks.py took 0.061 seconds
[2026-10-02T07:52:12.211+0000] {processor.py:186} INFO - Started process (PID=1794) to work on /opt/airflow/dags/my_tasks.py
[2026-10-02T07:52:12.219+0000] {processor.py:914} INFO - Processing file /opt/airflow/dags/my_tasks.py for tasks to queue
[2026-10-02T07:52:12.222+0000] {logging_mixin.py:190} INFO - [2026-10-02T07:52:12.221+0000] {dagbag.py:588} INFO - Filling up the DagBag from /opt/airflow/dags/my_tasks.py
[2026-10-02T07:52:12.231+0000] {processor.py:925} INFO - DAG(s) 'my_dag' retrieved from /opt/airflow/dags/my_tasks.py
[2026-10-02T07:52:12.251+0000] {logging_mixin.py:190} INFO - [2026-10-02T07:52:12.251+0000] {dag.py:3239} INFO - Sync 1 DAGs
[2026-10-02T07:52:12.268+0000] {logging_mixin.py:190} INFO - [2026-10-02T07:52:12.268+0000] {dag.py:4180} INFO - Setting next_dagrun for my_dag to None, run_after=None
[2026-10-02T07:52:12.282+0000] {processor.py:208} INFO - Processing /opt/airflow/dags/my_tasks.py took 0.074 seconds
[2026-10-02T07:52:42.492+0000] {processor.py:186} INFO - Started process (PID=1805) to work on /opt/airflow/dags/my_tasks.py
[2026-10-02T07:52:42.492+0000] {processor.py:914} INFO - Processing file /opt/airflow/dags/my_tasks.py for tasks to queue
[2026-10-02T07:52:42.494+0000] {logging_mixin.py:190} INFO - [2026-10-02T07:52:42.494+0000] {dagbag.py:588} INFO - Filling up the DagBag from /opt/airflow/dags/my_tasks.py
[2026-10-02T07:52:42.501+0000] {processor.py:925} INFO - DAG(s) 'my_dag' retrieved from /opt/airflow/dags/my_tasks.py
[2026-10-02T07:52:42.518+0000] {logging_mixin.py:190} INFO - [2026-10-02T07:52:42.518+0000] {dag.py:3239} INFO - Sync 1 DAGs
[2026-10-02T07:52:42.534+0000] {logging_mixin.py:190} INFO - [2026-10-02T07:52:42.534+0000] {dag.py:4180} INFO - Setting next_dagrun for my_dag to None, run_after=None
[2026-10-02T07:52:42.549+0000] {processor.py:208} INFO - Processing /opt/airflow/dags/my_tasks.py took 0.061 seconds
[2026-10-02T07:53:12.765+0000] {processor.py:186} INFO - Started process (PID=1816) to work on /opt/airflow/dags/my_tasks.py
[2026-10-02T07:53:12.773+0000] {processor.py:914} INFO - Processing file /opt/airflow/dags/my_tasks.py for tasks to queue
[2026-10-02T07:53:12.775+0000] {logging_mixin.py:190} INFO - [2026-10-02T07:53:12.775+0000] {dagbag.py:588} INFO - Filling up the DagBag from /opt/airflow/dags/my_tasks.py
[2026-10-02T07:53:12.782+0000] {processor.py:925} INFO - DAG(s) 'my_dag' retrieved from /opt/airflow/dags/my_tasks.py
[2026-10-02T07:53:12.800+0000] {logging_mixin.py:190} INFO - [2026-10-02T07:53:12.800+0000] {dag.py:3239} INFO - Sync 1 DAGs
[2026-10-02T07:53:12.815+0000] {logging_mixin.py:190} INFO - [2026-10-02T07:53:12.815+0000] {dag.py:4180} INFO - Setting next_dagrun for my_dag to None, run_after=None
[2026-10-02T07:53:12.829+0000] {processor.py:208} INFO - Processing /opt/airflow/dags/my_tasks.py took 0.069 seconds
[2026-10-02T07:53:43.032+0000] {processor.py:186} INFO - Started process (PID=1827) to work on /opt/airflow/dags/my_tasks.py
[2026-10-02T07:53:43.040+0000] {processor.py:914} INFO - Processing file /opt/airflow/dags/my_tasks.py for tasks to queue
[2026-10-02T07:53:43.042+0000] {logging_mixin.py:190} INFO - [2026-10-02T07:53:43.042+0000] {dagbag.py:588} INFO - Filling up the DagBag from /opt/airflow/dags/my_tasks.py
[2026-10-02T07:53:43.052+0000] {processor.py:925} INFO - DAG(s) 'my_dag' retrieved from /opt/airflow/dags/my_tasks.py
[2026-10-02T07:53:43.071+0000] {logging_mixin.py:190} INFO - [2026-10-02T07:53:43.071+0000] {dag.py:3239} INFO - Sync 1 DAGs
[2026-10-02T07:53:43.087+0000] {logging_mixin.py:190} INFO - [2026-10-02T07:53:43.087+0000] {dag.py:4180} INFO - Setting next_dagrun for my_dag to None, run_after=None
[2026-10-02T07:53:43.101+0000] {processor.py:208} INFO - Processing /opt/airflow/dags/my_tasks.py took 0.074 seconds
[2026-10-02T07:54:13.298+0000] {processor.py:186} INFO - Started process (PID=1838) to work on /opt/airflow/dags/my_tasks.py
[2026-10-02T07:54:13.306+0000] {processor.py:914} INFO - Processing file /opt/airflow/dags/my_tasks.py for tasks to queue
[2026-10-02T07:54:13.308+0000] {logging_mixin.py:190} INFO - [2026-10-02T07:54:13.307+0000] {dagbag.py:588} INFO - Filling up the DagBag from /opt/airflow/dags/my_tasks.py
[2026-10-02T07:54:13.314+0000] {processor.py:925} INFO - DAG(s) 'my_dag' retrieved from /opt/airflow/dags/my_tasks.py
[2026-10-02T07:54:13.332+0000] {logging_mixin.py:190} INFO - [2026-10-02T07:54:13.332+0000] {dag.py:3239} INFO - Sync 1 DAGs
[2026-10-02T07:54:13.348+0000] {logging_mixin.py:190} INFO - [2026-10-02T07:54:13.348+0000] {dag.py:4180} INFO - Setting next_dagrun for my_dag to None, run_after=None
[2026-10-02T07:54:13.362+0000] {processor.py:208} INFO - Processing /opt/airflow/dags/my_tasks.py took 0.069 seconds
[2026-10-02T07:54:43.569+0000] {processor.py:186} INFO - Started process (PID=1849) to work on /opt/airflow/dags/my_tasks.py
[2026-10-02T07:54:43.577+0000] {processor.py:914} INFO - Processing file /opt/airflow/dags/my_tasks.py for tasks to queue
[2026-10-02T07:54:43.578+0000] {logging_mixin.py:190} INFO - [2026-10-02T07:54:43.578+0000] {dagbag.py:588} INFO - Filling up the DagBag from /opt/airflow/dags/my_tasks.py
[2026-10-02T07:54:43.588+0000] {processor.py:925} INFO - DAG(s) 'my_dag' retrieved from /opt/airflow/dags/my_tasks.py
[2026-10-02T07:54:43.606+0000] {logging_mixin.py:190} INFO - [2026-10-02T07:54:43.605+0000] {dag.py:3239} INFO - Sync 1 DAGs
[2026-10-02T07:54:43.622+0000] {logging_mixin.py:190} INFO - [2026-10-02T07:54:43.622+0000] {dag.py:4180} INFO - Setting next_dagrun for my_dag to None, run_after=None
[2026-10-02T07:54:43.636+0000] {processor.py:208} INFO - Processing /opt/airflow/dags/my_tasks.py took 0.071 seconds
[2026-10-02T07:55:13.830+0000] {processor.py:186} INFO - Started process (PID=1860) to work on /opt/airflow/dags/my_tasks.py
[2026-10-02T07:55:13.831+0000] {processor.py:914} INFO - Processing file /opt/airflow/dags/my_tasks.py for tasks to queue
[2026-10-02T07:55:13.832+0000] {logging_mixin.py:190} INFO - [2026-10-02T07:55:13.832+0000] {dagbag.py:588} INFO - Filling up the DagBag from /opt/airflow/dags/my_tasks.py
[2026-10-02T07:55:13.839+0000] {processor.py:925} INFO - DAG(s) 'my_dag' retrieved from /opt/airflow/dags/my_tasks.py
[2026-10-02T07:55:13.857+0000] {logging_mixin.py:190} INFO - [2026-10-02T07:55:13.856+0000] {dag.py:3239} INFO - Sync 1 DAGs
[2026-10-02T07:55:13.873+0000] {logging_mixin.py:190} INFO - [2026-10-02T07:55:13.873+0000] {dag.py:4180} INFO - Setting next_dagrun for my_dag to None, run_after=None
[2026-10-02T07:55:13.887+0000] {processor.py:208} INFO - Processing /opt/airflow/dags/my_tasks.py took 0.061 seconds
[2026-10-02T07:55:44.098+0000] {processor.py:186} INFO - Started process (PID=1871) to work on /opt/airflow/dags/my_tasks.py
[2026-10-02T07:55:44.106+0000] {processor.py:914} INFO - Processing file /opt/airflow/dags/my_tasks.py for tasks to queue
[2026-10-02T07:55:44.108+0000] {logging_mixin.py:190} INFO - [2026-10-02T07:55:44.108+0000] {dagbag.py:588} INFO - Filling up the DagBag from /opt/airflow/dags/my_tasks.py
[2026-10-02T07:55:44.117+0000] {processor.py:925} INFO - DAG(s) 'my_dag' retrieved from /opt/airflow/dags/my_tasks.py
[2026-10-02T07:55:44.139+0000] {logging_mixin.py:190} INFO - [2026-10-02T07:55:44.139+0000] {dag.py:3239} INFO - Sync 1 DAGs
[2026-10-02T07:55:44.156+0000] {logging_mixin.py:190} INFO - [2026-10-02T07:55:44.156+0000] {dag.py:4180} INFO - Setting next_dagrun for my_dag to None, run_after=None
[2026-10-02T07:55:44.171+0000] {processor.py:208} INFO - Processing /opt/airflow/dags/my_tasks.py took 0.077 seconds
[2026-10-02T07:56:14.358+0000] {processor.py:186} INFO - Started process (PID=1882) to work on /opt/airflow/dags/my_tasks.py
[2026-10-02T07:56:14.358+0000] {processor.py:914} INFO - Processing file /opt/airflow/dags/my_tasks.py for tasks to queue
[2026-10-02T07:56:14.360+0000] {logging_mixin.py:190} INFO - [2026-10-02T07:56:14.360+0000] {dagbag.py:588} INFO - Filling up the DagBag from /opt/airflow/dags/my_tasks.py
[2026-10-02T07:56:14.366+0000] {processor.py:925} INFO - DAG(s) 'my_dag' retrieved from /opt/airflow/dags/my_tasks.py
[2026-10-02T07:56:14.384+0000] {logging_mixin.py:190} INFO - [2026-10-02T07:56:14.384+0000] {dag.py:3239} INFO - Sync 1 DAGs
[2026-10-02T07:56:14.399+0000] {logging_mixin.py:190} INFO - [2026-10-02T07:56:14.399+0000] {dag.py:4180} INFO - Setting next_dagrun for my_dag to None, run_after=None
[2026-10-02T07:56:14.413+0000] {processor.py:208} INFO - Processing /opt/airflow/dags/my_tasks.py took 0.060 seconds
[2026-10-02T07:56:44.602+0000] {processor.py:186} INFO - Started process (PID=1893) to work on /opt/airflow/dags/my_tasks.py
[2026-10-02T07:56:44.604+0000] {processor.py:914} INFO - Processing file /opt/airflow/dags/my_tasks.py for tasks to queue
[2026-10-02T07:56:44.606+0000] {logging_mixin.py:190} INFO - [2026-10-02T07:56:44.606+0000] {dagbag.py:588} INFO - Filling up the DagBag from /opt/airflow/dags/my_tasks.py
[2026-10-02T07:56:44.613+0000] {processor.py:925} INFO - DAG(s) 'my_dag' retrieved from /opt/airflow/dags/my_tasks.py
[2026-10-02T07:56:44.631+0000] {logging_mixin.py:190} INFO - [2026-10-02T07:56:44.631+0000] {dag.py:3239} INFO - Sync 1 DAGs
[2026-10-02T07:56:44.648+0000] {logging_mixin.py:190} INFO - [2026-10-02T07:56:44.648+0000] {dag.py:4180} INFO - Setting next_dagrun for my_dag to None, run_after=None
[2026-10-02T07:56:44.662+0000] {processor.py:208} INFO - Processing /opt/airflow/dags/my_tasks.py took 0.064 seconds
[2026-10-02T07:57:14.862+0000] {processor.py:186} INFO - Started process (PID=1904) to work on /opt/airflow/dags/my_tasks.py
[2026-10-02T07:57:14.870+0000] {processor.py:914} INFO - Processing file /opt/airflow/dags/my_tasks.py for tasks to queue
[2026-10-02T07:57:14.871+0000] {logging_mixin.py:190} INFO - [2026-10-02T07:57:14.871+0000] {dagbag.py:588} INFO - Filling up the DagBag from /opt/airflow/dags/my_tasks.py
[2026-10-02T07:57:14.881+0000] {processor.py:925} INFO - DAG(s) 'my_dag' retrieved from /opt/airflow/dags/my_tasks.py
[2026-10-02T07:57:14.899+0000] {logging_mixin.py:190} INFO - [2026-10-02T07:57:14.898+0000] {dag.py:3239} INFO - Sync 1 DAGs
[2026-10-02T07:57:14.915+0000] {logging_mixin.py:190} INFO - [2026-10-02T07:57:14.915+0000] {dag.py:4180} INFO - Setting next_dagrun for my_dag to None, run_after=None
[2026-10-02T07:57:14.930+0000] {processor.py:208} INFO - Processing /opt/airflow/dags/my_tasks.py took 0.072 seconds
[2026-10-02T07:57:45.117+0000] {processor.py:186} INFO - Started process (PID=1915) to work on /opt/airflow/dags/my_tasks.py
[2026-10-02T07:57:45.125+0000] {processor.py:914} INFO - Processing file /opt/airflow/dags/my_tasks.py for tasks to queue
[2026-10-02T07:57:45.126+0000] {logging_mixin.py:190} INFO - [2026-10-02T07:57:45.126+0000] {dagbag.py:588} INFO - Filling up the DagBag from /opt/airflow/dags/my_tasks.py
[2026-10-02T07:57:45.133+0000] {processor.py:925} INFO - DAG(s) 'my_dag' retrieved from /opt/airflow/dags/my_tasks.py
[2026-10-02T07:57:45.152+0000] {logging_mixin.py:190} INFO - [2026-10-02T07:57:45.151+0000] {dag.py:3239} INFO - Sync 1 DAGs
[2026-10-02T07:57:45.168+0000] {logging_mixin.py:190} INFO - [2026-10-02T07:57:45.168+0000] {dag.py:4180} INFO - Setting next_dagrun for my_dag to None, run_after=None
[2026-10-02T07:57:45.183+0000] {processor.py:208} INFO - Processing /opt/airflow/dags/my_tasks.py took 0.070 seconds
[2026-10-02T07:58:15.393+0000] {processor.py:186} INFO - Started process (PID=1926) to work on /opt/airflow/dags/my_tasks.py
[2026-10-02T07:58:15.401+0000] {processor.py:914} INFO - Processing file /opt/airflow/dags/my_tasks.py for tasks to queue
[2026-10-02T07:58:15.403+0000] {logging_mixin.py:190} INFO - [2026-10-02T07:58:15.402+0000] {dagbag.py:588} INFO - Filling up the DagBag from /opt/airflow/dags/my_tasks.py
[2026-10-02T07:58:15.411+0000] {processor.py:925} INFO - DAG(s) 'my_dag' retrieved from /opt/airflow/dags/my_tasks.py
[2026-10-02T07:58:15.429+0000] {logging_mixin.py:190} INFO - [2026-10-02T07:58:15.429+0000] {dag.py:3239} INFO - Sync 1 DAGs
[2026-10-02T07:58:15.445+0000] {logging_mixin.py:190} INFO - [2026-10-02T07:58:15.445+0000] {dag.py:4180} INFO - Setting next_dagrun for my_dag to None, run_after=None
[2026-10-02T07:58:15.459+0000] {processor.py:208} INFO - Processing /opt/airflow/dags/my_tasks.py took 0.070 seconds
[2026-10-02T07:58:45.649+0000] {processor.py:186} INFO - Started process (PID=1937) to work on /opt/airflow/dags/my_tasks.py
[2026-10-02T07:58:45.650+0000] {processor.py:914} INFO - Processing file /opt/airflow/dags/my_tasks.py for tasks to queue
[2026-10-02T07:58:45.651+0000] {logging_mixin.py:190} INFO - [2026-10-02T07:58:45.651+0000] {dagbag.py:588} INFO - Filling up the DagBag from /opt/airflow/dags/my_tasks.py
[2026-10-02T07:58:45.658+0000] {processor.py:925} INFO - DAG(s) 'my_dag' retrieved from /opt/airflow/dags/my_tasks.py
[2026-10-02T07:58:45.676+0000] {logging_mixin.py:190} INFO - [2026-10-02T07:58:45.675+0000] {dag.py:3239} INFO - Sync 1 DAGs
[2026-10-02T07:58:45.691+0000] {logging_mixin.py:190} INFO - [2026-10-02T07:58:45.691+0000] {dag.py:4180} INFO - Setting next_dagrun for my_dag to None, run_after=None
[2026-10-02T07:58:45.706+0000] {processor.py:208} INFO - Processing /opt/airflow/dags/my_tasks.py took 0.061 seconds
[2026-10-02T07:59:15.920+0000] {processor.py:186} INFO - Started process (PID=1948) to work on /opt/airflow/dags/my_tasks.py
[2026-10-02T07:59:15.920+0000] {processor.py:914} INFO - Processing file /opt/airflow/dags/my_tasks.py for tasks to queue
[2026-10-02T07:59:15.922+0000] {logging_mixin.py:190} INFO - [2026-10-02T07:59:15.921+0000] {dagbag.py:588} INFO - Filling up the DagBag from /opt/airflow/dags/my_tasks.py
[2026-10-02T07:59:15.929+0000] {processor.py:925} INFO - DAG(s) 'my_dag' retrieved from /opt/airflow/dags/my_tasks.py
[2026-10-02T07:59:15.946+0000] {logging_mixin.py:190} INFO - [2026-10-02T07:59:15.946+0000] {dag.py:3239} INFO - Sync 1 DAGs
[2026-10-02T07:59:15.963+0000] {logging_mixin.py:190} INFO - [2026-10-02T07:59:15.963+0000] {dag.py:4180} INFO - Setting next_dagrun for my_dag to None, run_after=None
[2026-10-02T07:59:15.977+0000] {processor.py:208} INFO - Processing /opt/airflow/dags/my_tasks.py took 0.061 seconds
[2026-10-02T07:59:46.200+0000] {processor.py:186} INFO - Started process (PID=1959) to work on /opt/airflow/dags/my_tasks.py
[2026-10-02T07:59:46.200+0000] {processor.py:914} INFO - Processing file /opt/airflow/dags/my_tasks.py for tasks to queue
[2026-10-02T07:59:46.202+0000] {logging_mixin.py:190} INFO - [2026-10-02T07:59:46.202+0000] {dagbag.py:588} INFO - Filling up the DagBag from /opt/airflow/dags/my_tasks.py
[2026-10-02T07:59:46.209+0000] {processor.py:925} INFO - DAG(s) 'my_dag' retrieved from /opt/airflow/dags/my_tasks.py
[2026-10-02T07:59:46.227+0000] {logging_mixin.py:190} INFO - [2026-10-02T07:59:46.227+0000] {dag.py:3239} INFO - Sync 1 DAGs
[2026-10-02T07:59:46.245+0000] {logging_mixin.py:190} INFO - [2026-10-02T07:59:46.244+0000] {dag.py:4180} INFO - Setting next_dagrun for my_dag to None, run_after=None
[2026-10-02T07:59:46.258+0000] {processor.py:208} INFO - Processing /opt/airflow/dags/my_tasks.py took 0.063 seconds
[2026-10-02T08:00:16.473+0000] {processor.py:186} INFO - Started process (PID=1970) to work on /opt/airflow/dags/my_tasks.py
[2026-10-02T08:00:16.474+0000] {processor.py:914} INFO - Processing file /opt/airflow/dags/my_tasks.py for tasks to queue
[2026-10-02T08:00:16.475+0000] {logging_mixin.py:190} INFO - [2026-10-02T08:00:16.475+0000] {dagbag.py:588} INFO - Filling up the DagBag from /opt/airflow/dags/my_tasks.py
[2026-10-02T08:00:16.482+0000] {processor.py:925} INFO - DAG(s) 'my_dag' retrieved from /opt/airflow/dags/my_tasks.py
[2026-10-02T08:00:16.500+0000] {logging_mixin.py:190} INFO - [2026-10-02T08:00:16.500+0000] {dag.py:3239} INFO - Sync 1 DAGs
[2026-10-02T08:00:16.516+0000] {logging_mixin.py:190} INFO - [2026-10-02T08:00:16.516+0000] {dag.py:4180} INFO - Setting next_dagrun for my_dag to None, run_after=None
[2026-10-02T08:00:16.530+0000] {processor.py:208} INFO - Processing /opt/airflow/dags/my_tasks.py took 0.061 seconds
[2026-10-02T08:00:46.733+0000] {processor.py:186} INFO - Started process (PID=1981) to work on /opt/airflow/dags/my_tasks.py
[2026-10-02T08:00:46.741+0000] {processor.py:914} INFO - Processing file /opt/airflow/dags/my_tasks.py for tasks to queue
[2026-10-02T08:00:46.743+0000] {logging_mixin.py:190} INFO - [2026-10-02T08:00:46.742+0000] {dagbag.py:588} INFO - Filling up the DagBag from /opt/airflow/dags/my_tasks.py
[2026-10-02T08:00:46.752+0000] {processor.py:925} INFO - DAG(s) 'my_dag' retrieved from /opt/airflow/dags/my_tasks.py
[2026-10-02T08:00:46.769+0000] {logging_mixin.py:190} INFO - [2026-10-02T08:00:46.769+0000] {dag.py:3239} INFO - Sync 1 DAGs
[2026-10-02T08:00:46.786+0000] {logging_mixin.py:190} INFO - [2026-10-02T08:00:46.785+0000] {dag.py:4180} INFO - Setting next_dagrun for my_dag to None, run_after=None
[2026-10-02T08:00:46.800+0000] {processor.py:208} INFO - Processing /opt/airflow/dags/my_tasks.py took 0.071 seconds
[2026-10-02T08:01:16.996+0000] {processor.py:186} INFO - Started process (PID=1992) to work on /opt/airflow/dags/my_tasks.py
[2026-10-02T08:01:16.996+0000] {processor.py:914} INFO - Processing file /opt/airflow/dags/my_tasks.py for tasks to queue
[2026-10-02T08:01:16.998+0000] {logging_mixin.py:190} INFO - [2026-10-02T08:01:16.997+0000] {dagbag.py:588} INFO - Filling up the DagBag from /opt/airflow/dags/my_tasks.py
[2026-10-02T08:01:17.004+0000] {processor.py:925} INFO - DAG(s) 'my_dag' retrieved from /opt/airflow/dags/my_tasks.py
[2026-10-02T08:01:17.022+0000] {logging_mixin.py:190} INFO - [2026-10-02T08:01:17.022+0000] {dag.py:3239} INFO - Sync 1 DAGs
[2026-10-02T08:01:17.038+0000] {logging_mixin.py:190} INFO - [2026-10-02T08:01:17.038+0000] {dag.py:4180} INFO - Setting next_dagrun for my_dag to None, run_after=None
[2026-10-02T08:01:17.053+0000] {processor.py:208} INFO - Processing /opt/airflow/dags/my_tasks.py took 0.061 seconds
[2026-10-02T08:01:47.228+0000] {processor.py:186} INFO - Started process (PID=2003) to work on /opt/airflow/dags/my_tasks.py
[2026-10-02T08:01:47.236+0000] {processor.py:914} INFO - Processing file /opt/airflow/dags/my_tasks.py for tasks to queue
[2026-10-02T08:01:47.238+0000] {logging_mixin.py:190} INFO - [2026-10-02T08:01:47.238+0000] {dagbag.py:588} INFO - Filling up the DagBag from /opt/airflow/dags/my_tasks.py
[2026-10-02T08:01:47.247+0000] {processor.py:925} INFO - DAG(s) 'my_dag' retrieved from /opt/airflow/dags/my_tasks.py
[2026-10-02T08:01:47.266+0000] {logging_mixin.py:190} INFO - [2026-10-02T08:01:47.265+0000] {dag.py:3239} INFO - Sync 1 DAGs
[2026-10-02T08:01:47.281+0000] {logging_mixin.py:190} INFO - [2026-10-02T08:01:47.281+0000] {dag.py:4180} INFO - Setting next_dagrun for my_dag to None, run_after=None
[2026-10-02T08:01:47.296+0000] {processor.py:208} INFO - Processing /opt/airflow/dags/my_tasks.py took 0.072 seconds
[2026-10-02T08:02:17.492+0000] {processor.py:186} INFO - Started process (PID=2014) to work on /opt/airflow/dags/my_tasks.py
[2026-10-02T08:02:17.496+0000] {processor.py:914} INFO - Processing file /opt/airflow/dags/my_tasks.py for tasks to queue
[2026-10-02T08:02:17.498+0000] {logging_mixin.py:190} INFO - [2026-10-02T08:02:17.498+0000] {dagbag.py:588} INFO - Filling up the DagBag from /opt/airflow/dags/my_tasks.py
[2026-10-02T08:02:17.506+0000] {processor.py:925} INFO - DAG(s) 'my_dag' retrieved from /opt/airflow/dags/my_tasks.py
[2026-10-02T08:02:17.524+0000] {logging_mixin.py:190} INFO - [2026-10-02T08:02:17.524+0000] {dag.py:3239} INFO - Sync 1 DAGs
[2026-10-02T08:02:17.540+0000] {logging_mixin.py:190} INFO - [2026-10-02T08:02:17.540+0000] {dag.py:4180} INFO - Setting next_dagrun for my_dag to None, run_after=None
[2026-10-02T08:02:17.554+0000] {processor.py:208} INFO - Processing /opt/airflow/dags/my_tasks.py took 0.066 seconds
[2026-10-02T08:02:47.755+0000] {processor.py:186} INFO - Started process (PID=2025) to work on /opt/airflow/dags/my_tasks.py
[2026-10-02T08:02:47.757+0000] {processor.py:914} INFO - Processing file /opt/airflow/dags/my_tasks.py for tasks to queue
[2026-10-02T08:02:47.758+0000] {logging_mixin.py:190} INFO - [2026-10-02T08:02:47.758+0000] {dagbag.py:588} INFO - Filling up the DagBag from /opt/airflow/dags/my_tasks.py
[2026-10-02T08:02:47.765+0000] {processor.py:925} INFO - DAG(s) 'my_dag' retrieved from /opt/airflow/dags/my_tasks.py
[2026-10-02T08:02:47.783+0000] {logging_mixin.py:190} INFO - [2026-10-02T08:02:47.782+0000] {dag.py:3239} INFO - Sync 1 DAGs
[2026-10-02T08:02:47.798+0000] {logging_mixin.py:190} INFO - [2026-10-02T08:02:47.798+0000] {dag.py:4180} INFO - Setting next_dagrun for my_dag to None, run_after=None
[2026-10-02T08:02:47.813+0000] {processor.py:208} INFO - Processing /opt/airflow/dags/my_tasks.py took 0.062 seconds
[2026-10-02T08:03:18.011+0000] {processor.py:186} INFO - Started process (PID=2036) to work on /opt/airflow/dags/my_tasks.py
[2026-10-02T08:03:18.025+0000] {processor.py:914} INFO - Processing file /opt/airflow/dags/my_tasks.py for tasks to queue
[2026-10-02T08:03:18.027+0000] {logging_mixin.py:190} INFO - [2026-10-02T08:03:18.027+0000] {dagbag.py:588} INFO - Filling up the DagBag from /opt/airflow/dags/my_tasks.py
[2026-10-02T08:03:18.038+0000] {processor.py:925} INFO - DAG(s) 'my_dag' retrieved from /opt/airflow/dags/my_tasks.py
[2026-10-02T08:03:18.056+0000] {logging_mixin.py:190} INFO - [2026-10-02T08:03:18.056+0000] {dag.py:3239} INFO - Sync 1 DAGs
[2026-10-02T08:03:18.073+0000] {logging_mixin.py:190} INFO - [2026-10-02T08:03:18.073+0000] {dag.py:4180} INFO - Setting next_dagrun for my_dag to None, run_after=None
[2026-10-02T08:03:18.087+0000] {processor.py:208} INFO - Processing /opt/airflow/dags/my_tasks.py took 0.081 seconds
[2026-10-02T08:03:48.280+0000] {processor.py:186} INFO - Started process (PID=2047) to work on /opt/airflow/dags/my_tasks.py
[2026-10-02T08:03:48.281+0000] {processor.py:914} INFO - Processing file /opt/airflow/dags/my_tasks.py for tasks to queue
[2026-10-02T08:03:48.283+0000] {logging_mixin.py:190} INFO - [2026-10-02T08:03:48.283+0000] {dagbag.py:588} INFO - Filling up the DagBag from /opt/airflow/dags/my_tasks.py
[2026-10-02T08:03:48.290+0000] {processor.py:925} INFO - DAG(s) 'my_dag' retrieved from /opt/airflow/dags/my_tasks.py
[2026-10-02T08:03:48.308+0000] {logging_mixin.py:190} INFO - [2026-10-02T08:03:48.308+0000] {dag.py:3239} INFO - Sync 1 DAGs
[2026-10-02T08:03:48.323+0000] {logging_mixin.py:190} INFO - [2026-10-02T08:03:48.323+0000] {dag.py:4180} INFO - Setting next_dagrun for my_dag to None, run_after=None
[2026-10-02T08:03:48.338+0000] {processor.py:208} INFO - Processing /opt/airflow/dags/my_tasks.py took 0.062 seconds
[2026-10-02T08:04:18.544+0000] {processor.py:186} INFO - Started process (PID=2058) to work on /opt/airflow/dags/my_tasks.py
[2026-10-02T08:04:18.545+0000] {processor.py:914} INFO - Processing file /opt/airflow/dags/my_tasks.py for tasks to queue
[2026-10-02T08:04:18.546+0000] {logging_mixin.py:190} INFO - [2026-10-02T08:04:18.546+0000] {dagbag.py:588} INFO - Filling up the DagBag from /opt/airflow/dags/my_tasks.py
[2026-10-02T08:04:18.553+0000] {processor.py:925} INFO - DAG(s) 'my_dag' retrieved from /opt/airflow/dags/my_tasks.py
[2026-10-02T08:04:18.574+0000] {logging_mixin.py:190} INFO - [2026-10-02T08:04:18.574+0000] {dag.py:3239} INFO - Sync 1 DAGs
[2026-10-02T08:04:18.601+0000] {logging_mixin.py:190} INFO - [2026-10-02T08:04:18.600+0000] {dag.py:4180} INFO - Setting next_dagrun for my_dag to None, run_after=None
[2026-10-02T08:04:18.620+0000] {processor.py:208} INFO - Processing /opt/airflow/dags/my_tasks.py took 0.082 seconds
[2026-10-02T08:04:48.818+0000] {processor.py:186} INFO - Started process (PID=2069) to work on /opt/airflow/dags/my_tasks.py
[2026-10-02T08:04:48.818+0000] {processor.py:914} INFO - Processing file /opt/airflow/dags/my_tasks.py for tasks to queue
[2026-10-02T08:04:48.820+0000] {logging_mixin.py:190} INFO - [2026-10-02T08:04:48.819+0000] {dagbag.py:588} INFO - Filling up the DagBag from /opt/airflow/dags/my_tasks.py
[2026-10-02T08:04:48.827+0000] {processor.py:925} INFO - DAG(s) 'my_dag' retrieved from /opt/airflow/dags/my_tasks.py
[2026-10-02T08:04:48.845+0000] {logging_mixin.py:190} INFO - [2026-10-02T08:04:48.845+0000] {dag.py:3239} INFO - Sync 1 DAGs
[2026-10-02T08:04:48.863+0000] {logging_mixin.py:190} INFO - [2026-10-02T08:04:48.863+0000] {dag.py:4180} INFO - Setting next_dagrun for my_dag to None, run_after=None
[2026-10-02T08:04:48.886+0000] {processor.py:208} INFO - Processing /opt/airflow/dags/my_tasks.py took 0.072 seconds
[2026-10-02T08:05:19.050+0000] {processor.py:186} INFO - Started process (PID=2080) to work on /opt/airflow/dags/my_tasks.py
[2026-10-02T08:05:19.050+0000] {processor.py:914} INFO - Processing file /opt/airflow/dags/my_tasks.py for tasks to queue
[2026-10-02T08:05:19.052+0000] {logging_mixin.py:190} INFO - [2026-10-02T08:05:19.052+0000] {dagbag.py:588} INFO - Filling up the DagBag from /opt/airflow/dags/my_tasks.py
[2026-10-02T08:05:19.059+0000] {processor.py:925} INFO - DAG(s) 'my_dag' retrieved from /opt/airflow/dags/my_tasks.py
[2026-10-02T08:05:19.077+0000] {logging_mixin.py:190} INFO - [2026-10-02T08:05:19.077+0000] {dag.py:3239} INFO - Sync 1 DAGs
[2026-10-02T08:05:19.093+0000] {logging_mixin.py:190} INFO - [2026-10-02T08:05:19.092+0000] {dag.py:4180} INFO - Setting next_dagrun for my_dag to None, run_after=None
[2026-10-02T08:05:19.107+0000] {processor.py:208} INFO - Processing /opt/airflow/dags/my_tasks.py took 0.062 seconds
[2026-10-02T08:05:49.308+0000] {processor.py:186} INFO - Started process (PID=2091) to work on /opt/airflow/dags/my_tasks.py
[2026-10-02T08:05:49.316+0000] {processor.py:914} INFO - Processing file /opt/airflow/dags/my_tasks.py for tasks to queue
[2026-10-02T08:05:49.318+0000] {logging_mixin.py:190} INFO - [2026-10-02T08:05:49.317+0000] {dagbag.py:588} INFO - Filling up the DagBag from /opt/airflow/dags/my_tasks.py
[2026-10-02T08:05:49.324+0000] {processor.py:925} INFO - DAG(s) 'my_dag' retrieved from /opt/airflow/dags/my_tasks.py
[2026-10-02T08:05:49.343+0000] {logging_mixin.py:190} INFO - [2026-10-02T08:05:49.342+0000] {dag.py:3239} INFO - Sync 1 DAGs
[2026-10-02T08:05:49.358+0000] {logging_mixin.py:190} INFO - [2026-10-02T08:05:49.358+0000] {dag.py:4180} INFO - Setting next_dagrun for my_dag to None, run_after=None
[2026-10-02T08:05:49.372+0000] {processor.py:208} INFO - Processing /opt/airflow/dags/my_tasks.py took 0.070 seconds
[2026-10-02T08:06:19.575+0000] {processor.py:186} INFO - Started process (PID=2102) to work on /opt/airflow/dags/my_tasks.py
[2026-10-02T08:06:19.575+0000] {processor.py:914} INFO - Processing file /opt/airflow/dags/my_tasks.py for tasks to queue
[2026-10-02T08:06:19.577+0000] {logging_mixin.py:190} INFO - [2026-10-02T08:06:19.577+0000] {dagbag.py:588} INFO - Filling up the DagBag from /opt/airflow/dags/my_tasks.py
[2026-10-02T08:06:19.584+0000] {processor.py:925} INFO - DAG(s) 'my_dag' retrieved from /opt/airflow/dags/my_tasks.py
[2026-10-02T08:06:19.601+0000] {logging_mixin.py:190} INFO - [2026-10-02T08:06:19.601+0000] {dag.py:3239} INFO - Sync 1 DAGs
[2026-10-02T08:06:19.617+0000] {logging_mixin.py:190} INFO - [2026-10-02T08:06:19.617+0000] {dag.py:4180} INFO - Setting next_dagrun for my_dag to None, run_after=None
[2026-10-02T08:06:19.632+0000] {processor.py:208} INFO - Processing /opt/airflow/dags/my_tasks.py took 0.061 seconds
[2026-10-02T08:06:49.832+0000] {processor.py:186} INFO - Started process (PID=2113) to work on /opt/airflow/dags/my_tasks.py
[2026-10-02T08:06:49.840+0000] {processor.py:914} INFO - Processing file /opt/airflow/dags/my_tasks.py for tasks to queue
[2026-10-02T08:06:49.843+0000] {logging_mixin.py:190} INFO - [2026-10-02T08:06:49.842+0000] {dagbag.py:588} INFO - Filling up the DagBag from /opt/airflow/dags/my_tasks.py
[2026-10-02T08:06:49.853+0000] {processor.py:925} INFO - DAG(s) 'my_dag' retrieved from /opt/airflow/dags/my_tasks.py
[2026-10-02T08:06:49.871+0000] {logging_mixin.py:190} INFO - [2026-10-02T08:06:49.870+0000] {dag.py:3239} INFO - Sync 1 DAGs
[2026-10-02T08:06:49.887+0000] {logging_mixin.py:190} INFO - [2026-10-02T08:06:49.887+0000] {dag.py:4180} INFO - Setting next_dagrun for my_dag to None, run_after=None
[2026-10-02T08:06:49.901+0000] {processor.py:208} INFO - Processing /opt/airflow/dags/my_tasks.py took 0.073 seconds
[2026-10-02T08:07:20.103+0000] {processor.py:186} INFO - Started process (PID=2124) to work on /opt/airflow/dags/my_tasks.py
[2026-10-02T08:07:20.103+0000] {processor.py:914} INFO - Processing file /opt/airflow/dags/my_tasks.py for tasks to queue
[2026-10-02T08:07:20.105+0000] {logging_mixin.py:190} INFO - [2026-10-02T08:07:20.105+0000] {dagbag.py:588} INFO - Filling up the DagBag from /opt/airflow/dags/my_tasks.py
[2026-10-02T08:07:20.112+0000] {processor.py:925} INFO - DAG(s) 'my_dag' retrieved from /opt/airflow/dags/my_tasks.py
[2026-10-02T08:07:20.129+0000] {logging_mixin.py:190} INFO - [2026-10-02T08:07:20.129+0000] {dag.py:3239} INFO - Sync 1 DAGs
[2026-10-02T08:07:20.145+0000] {logging_mixin.py:190} INFO - [2026-10-02T08:07:20.145+0000] {dag.py:4180} INFO - Setting next_dagrun for my_dag to None, run_after=None
[2026-10-02T08:07:20.160+0000] {processor.py:208} INFO - Processing /opt/airflow/dags/my_tasks.py took 0.061 seconds
[2026-10-02T08:07:50.362+0000] {processor.py:186} INFO - Started process (PID=2135) to work on /opt/airflow/dags/my_tasks.py
[2026-10-02T08:07:50.367+0000] {processor.py:914} INFO - Processing file /opt/airflow/dags/my_tasks.py for tasks to queue
[2026-10-02T08:07:50.369+0000] {logging_mixin.py:190} INFO - [2026-10-02T08:07:50.369+0000] {dagbag.py:588} INFO - Filling up the DagBag from /opt/airflow/dags/my_tasks.py
[2026-10-02T08:07:50.377+0000] {processor.py:925} INFO - DAG(s) 'my_dag' retrieved from /opt/airflow/dags/my_tasks.py
[2026-10-02T08:07:50.396+0000] {logging_mixin.py:190} INFO - [2026-10-02T08:07:50.395+0000] {dag.py:3239} INFO - Sync 1 DAGs
[2026-10-02T08:07:50.411+0000] {logging_mixin.py:190} INFO - [2026-10-02T08:07:50.411+0000] {dag.py:4180} INFO - Setting next_dagrun for my_dag to None, run_after=None
[2026-10-02T08:07:50.429+0000] {processor.py:208} INFO - Processing /opt/airflow/dags/my_tasks.py took 0.070 seconds
[2026-10-02T08:08:20.639+0000] {processor.py:186} INFO - Started process (PID=2146) to work on /opt/airflow/dags/my_tasks.py
[2026-10-02T08:08:20.640+0000] {processor.py:914} INFO - Processing file /opt/airflow/dags/my_tasks.py for tasks to queue
[2026-10-02T08:08:20.642+0000] {logging_mixin.py:190} INFO - [2026-10-02T08:08:20.642+0000] {dagbag.py:588} INFO - Filling up the DagBag from /opt/airflow/dags/my_tasks.py
[2026-10-02T08:08:20.653+0000] {processor.py:925} INFO - DAG(s) 'my_dag' retrieved from /opt/airflow/dags/my_tasks.py
[2026-10-02T08:08:20.672+0000] {logging_mixin.py:190} INFO - [2026-10-02T08:08:20.672+0000] {dag.py:3239} INFO - Sync 1 DAGs
[2026-10-02T08:08:20.688+0000] {logging_mixin.py:190} INFO - [2026-10-02T08:08:20.688+0000] {dag.py:4180} INFO - Setting next_dagrun for my_dag to None, run_after=None
[2026-10-02T08:08:20.702+0000] {processor.py:208} INFO - Processing /opt/airflow/dags/my_tasks.py took 0.068 seconds
[2026-10-02T08:08:50.915+0000] {processor.py:186} INFO - Started process (PID=2157) to work on /opt/airflow/dags/my_tasks.py
[2026-10-02T08:08:50.915+0000] {processor.py:914} INFO - Processing file /opt/airflow/dags/my_tasks.py for tasks to queue
[2026-10-02T08:08:50.917+0000] {logging_mixin.py:190} INFO - [2026-10-02T08:08:50.916+0000] {dagbag.py:588} INFO - Filling up the DagBag from /opt/airflow/dags/my_tasks.py
[2026-10-02T08:08:50.923+0000] {processor.py:925} INFO - DAG(s) 'my_dag' retrieved from /opt/airflow/dags/my_tasks.py
[2026-10-02T08:08:50.941+0000] {logging_mixin.py:190} INFO - [2026-10-02T08:08:50.941+0000] {dag.py:3239} INFO - Sync 1 DAGs
[2026-10-02T08:08:50.957+0000] {logging_mixin.py:190} INFO - [2026-10-02T08:08:50.957+0000] {dag.py:4180} INFO - Setting next_dagrun for my_dag to None, run_after=None
[2026-10-02T08:08:50.971+0000] {processor.py:208} INFO - Processing /opt/airflow/dags/my_tasks.py took 0.060 seconds
[2026-10-02T08:09:21.200+0000] {processor.py:186} INFO - Started process (PID=2168) to work on /opt/airflow/dags/my_tasks.py
[2026-10-02T08:09:21.201+0000] {processor.py:914} INFO - Processing file /opt/airflow/dags/my_tasks.py for tasks to queue
[2026-10-02T08:09:21.203+0000] {logging_mixin.py:190} INFO - [2026-10-02T08:09:21.202+0000] {dagbag.py:588} INFO - Filling up the DagBag from /opt/airflow/dags/my_tasks.py
[2026-10-02T08:09:21.209+0000] {processor.py:925} INFO - DAG(s) 'my_dag' retrieved from /opt/airflow/dags/my_tasks.py
[2026-10-02T08:09:21.227+0000] {logging_mixin.py:190} INFO - [2026-10-02T08:09:21.226+0000] {dag.py:3239} INFO - Sync 1 DAGs
[2026-10-02T08:09:21.244+0000] {logging_mixin.py:190} INFO - [2026-10-02T08:09:21.244+0000] {dag.py:4180} INFO - Setting next_dagrun for my_dag to None, run_after=None
[2026-10-02T08:09:21.259+0000] {processor.py:208} INFO - Processing /opt/airflow/dags/my_tasks.py took 0.063 seconds
[2026-10-02T08:09:51.465+0000] {processor.py:186} INFO - Started process (PID=2179) to work on /opt/airflow/dags/my_tasks.py
[2026-10-02T08:09:51.473+0000] {processor.py:914} INFO - Processing file /opt/airflow/dags/my_tasks.py for tasks to queue
[2026-10-02T08:09:51.475+0000] {logging_mixin.py:190} INFO - [2026-10-02T08:09:51.475+0000] {dagbag.py:588} INFO - Filling up the DagBag from /opt/airflow/dags/my_tasks.py
[2026-10-02T08:09:51.485+0000] {processor.py:925} INFO - DAG(s) 'my_dag' retrieved from /opt/airflow/dags/my_tasks.py
[2026-10-02T08:09:51.503+0000] {logging_mixin.py:190} INFO - [2026-10-02T08:09:51.503+0000] {dag.py:3239} INFO - Sync 1 DAGs
[2026-10-02T08:09:51.521+0000] {logging_mixin.py:190} INFO - [2026-10-02T08:09:51.520+0000] {dag.py:4180} INFO - Setting next_dagrun for my_dag to None, run_after=None
[2026-10-02T08:09:51.535+0000] {processor.py:208} INFO - Processing /opt/airflow/dags/my_tasks.py took 0.074 seconds
[2026-10-02T08:10:21.746+0000] {processor.py:186} INFO - Started process (PID=2190) to work on /opt/airflow/dags/my_tasks.py
[2026-10-02T08:10:21.754+0000] {processor.py:914} INFO - Processing file /opt/airflow/dags/my_tasks.py for tasks to queue
[2026-10-02T08:10:21.756+0000] {logging_mixin.py:190} INFO - [2026-10-02T08:10:21.756+0000] {dagbag.py:588} INFO - Filling up the DagBag from /opt/airflow/dags/my_tasks.py
[2026-10-02T08:10:21.763+0000] {processor.py:925} INFO - DAG(s) 'my_dag' retrieved from /opt/airflow/dags/my_tasks.py
[2026-10-02T08:10:21.782+0000] {logging_mixin.py:190} INFO - [2026-10-02T08:10:21.781+0000] {dag.py:3239} INFO - Sync 1 DAGs
[2026-10-02T08:10:21.799+0000] {logging_mixin.py:190} INFO - [2026-10-02T08:10:21.798+0000] {dag.py:4180} INFO - Setting next_dagrun for my_dag to None, run_after=None
[2026-10-02T08:10:21.817+0000] {processor.py:208} INFO - Processing /opt/airflow/dags/my_tasks.py took 0.075 seconds
[2026-10-02T08:10:52.004+0000] {processor.py:186} INFO - Started process (PID=2201) to work on /opt/airflow/dags/my_tasks.py
[2026-10-02T08:10:52.012+0000] {processor.py:914} INFO - Processing file /opt/airflow/dags/my_tasks.py for tasks to queue
[2026-10-02T08:10:52.014+0000] {logging_mixin.py:190} INFO - [2026-10-02T08:10:52.014+0000] {dagbag.py:588} INFO - Filling up the DagBag from /opt/airflow/dags/my_tasks.py
[2026-10-02T08:10:52.023+0000] {processor.py:925} INFO - DAG(s) 'my_dag' retrieved from /opt/airflow/dags/my_tasks.py
[2026-10-02T08:10:52.041+0000] {logging_mixin.py:190} INFO - [2026-10-02T08:10:52.041+0000] {dag.py:3239} INFO - Sync 1 DAGs
[2026-10-02T08:10:52.057+0000] {logging_mixin.py:190} INFO - [2026-10-02T08:10:52.057+0000] {dag.py:4180} INFO - Setting next_dagrun for my_dag to None, run_after=None
[2026-10-02T08:10:52.071+0000] {processor.py:208} INFO - Processing /opt/airflow/dags/my_tasks.py took 0.071 seconds
[2026-10-02T08:11:22.266+0000] {processor.py:186} INFO - Started process (PID=2212) to work on /opt/airflow/dags/my_tasks.py
[2026-10-02T08:11:22.274+0000] {processor.py:914} INFO - Processing file /opt/airflow/dags/my_tasks.py for tasks to queue
[2026-10-02T08:11:22.275+0000] {logging_mixin.py:190} INFO - [2026-10-02T08:11:22.275+0000] {dagbag.py:588} INFO - Filling up the DagBag from /opt/airflow/dags/my_tasks.py
[2026-10-02T08:11:22.282+0000] {processor.py:925} INFO - DAG(s) 'my_dag' retrieved from /opt/airflow/dags/my_tasks.py
[2026-10-02T08:11:22.300+0000] {logging_mixin.py:190} INFO - [2026-10-02T08:11:22.300+0000] {dag.py:3239} INFO - Sync 1 DAGs
[2026-10-02T08:11:22.316+0000] {logging_mixin.py:190} INFO - [2026-10-02T08:11:22.316+0000] {dag.py:4180} INFO - Setting next_dagrun for my_dag to None, run_after=None
[2026-10-02T08:11:22.330+0000] {processor.py:208} INFO - Processing /opt/airflow/dags/my_tasks.py took 0.069 seconds
[2026-10-02T08:11:52.536+0000] {processor.py:186} INFO - Started process (PID=2223) to work on /opt/airflow/dags/my_tasks.py
[2026-10-02T08:11:52.544+0000] {processor.py:914} INFO - Processing file /opt/airflow/dags/my_tasks.py for tasks to queue
[2026-10-02T08:11:52.546+0000] {logging_mixin.py:190} INFO - [2026-10-02T08:11:52.546+0000] {dagbag.py:588} INFO - Filling up the DagBag from /opt/airflow/dags/my_tasks.py
[2026-10-02T08:11:52.556+0000] {processor.py:925} INFO - DAG(s) 'my_dag' retrieved from /opt/airflow/dags/my_tasks.py
[2026-10-02T08:11:52.575+0000] {logging_mixin.py:190} INFO - [2026-10-02T08:11:52.575+0000] {dag.py:3239} INFO - Sync 1 DAGs
[2026-10-02T08:11:52.591+0000] {logging_mixin.py:190} INFO - [2026-10-02T08:11:52.591+0000] {dag.py:4180} INFO - Setting next_dagrun for my_dag to None, run_after=None
[2026-10-02T08:11:52.606+0000] {processor.py:208} INFO - Processing /opt/airflow/dags/my_tasks.py took 0.073 seconds
[2026-10-02T08:12:22.807+0000] {processor.py:186} INFO - Started process (PID=2234) to work on /opt/airflow/dags/my_tasks.py
[2026-10-02T08:12:22.815+0000] {processor.py:914} INFO - Processing file /opt/airflow/dags/my_tasks.py for tasks to queue
[2026-10-02T08:12:22.818+0000] {logging_mixin.py:190} INFO - [2026-10-02T08:12:22.817+0000] {dagbag.py:588} INFO - Filling up the DagBag from /opt/airflow/dags/my_tasks.py
[2026-10-02T08:12:22.827+0000] {processor.py:925} INFO - DAG(s) 'my_dag' retrieved from /opt/airflow/dags/my_tasks.py
[2026-10-02T08:12:22.845+0000] {logging_mixin.py:190} INFO - [2026-10-02T08:12:22.844+0000] {dag.py:3239} INFO - Sync 1 DAGs
[2026-10-02T08:12:22.860+0000] {logging_mixin.py:190} INFO - [2026-10-02T08:12:22.860+0000] {dag.py:4180} INFO - Setting next_dagrun for my_dag to None, run_after=None
[2026-10-02T08:12:22.875+0000] {processor.py:208} INFO - Processing /opt/airflow/dags/my_tasks.py took 0.071 seconds
[2026-10-02T08:12:53.069+0000] {processor.py:186} INFO - Started process (PID=2245) to work on /opt/airflow/dags/my_tasks.py
[2026-10-02T08:12:53.077+0000] {processor.py:914} INFO - Processing file /opt/airflow/dags/my_tasks.py for tasks to queue
[2026-10-02T08:12:53.079+0000] {logging_mixin.py:190} INFO - [2026-10-02T08:12:53.079+0000] {dagbag.py:588} INFO - Filling up the DagBag from /opt/airflow/dags/my_tasks.py
[2026-10-02T08:12:53.088+0000] {processor.py:925} INFO - DAG(s) 'my_dag' retrieved from /opt/airflow/dags/my_tasks.py
[2026-10-02T08:12:53.105+0000] {logging_mixin.py:190} INFO - [2026-10-02T08:12:53.105+0000] {dag.py:3239} INFO - Sync 1 DAGs
[2026-10-02T08:12:53.122+0000] {logging_mixin.py:190} INFO - [2026-10-02T08:12:53.121+0000] {dag.py:4180} INFO - Setting next_dagrun for my_dag to None, run_after=None
[2026-10-02T08:12:53.136+0000] {processor.py:208} INFO - Processing /opt/airflow/dags/my_tasks.py took 0.071 seconds
[2026-10-02T08:13:23.333+0000] {processor.py:186} INFO - Started process (PID=2256) to work on /opt/airflow/dags/my_tasks.py
[2026-10-02T08:13:23.334+0000] {processor.py:914} INFO - Processing file /opt/airflow/dags/my_tasks.py for tasks to queue
[2026-10-02T08:13:23.336+0000] {logging_mixin.py:190} INFO - [2026-10-02T08:13:23.335+0000] {dagbag.py:588} INFO - Filling up the DagBag from /opt/airflow/dags/my_tasks.py
[2026-10-02T08:13:23.343+0000] {processor.py:925} INFO - DAG(s) 'my_dag' retrieved from /opt/airflow/dags/my_tasks.py
[2026-10-02T08:13:23.361+0000] {logging_mixin.py:190} INFO - [2026-10-02T08:13:23.361+0000] {dag.py:3239} INFO - Sync 1 DAGs
[2026-10-02T08:13:23.377+0000] {logging_mixin.py:190} INFO - [2026-10-02T08:13:23.377+0000] {dag.py:4180} INFO - Setting next_dagrun for my_dag to None, run_after=None
[2026-10-02T08:13:23.391+0000] {processor.py:208} INFO - Processing /opt/airflow/dags/my_tasks.py took 0.061 seconds
[2026-10-02T08:13:53.608+0000] {processor.py:186} INFO - Started process (PID=2267) to work on /opt/airflow/dags/my_tasks.py
[2026-10-02T08:13:53.609+0000] {processor.py:914} INFO - Processing file /opt/airflow/dags/my_tasks.py for tasks to queue
[2026-10-02T08:13:53.610+0000] {logging_mixin.py:190} INFO - [2026-10-02T08:13:53.610+0000] {dagbag.py:588} INFO - Filling up the DagBag from /opt/airflow/dags/my_tasks.py
[2026-10-02T08:13:53.617+0000] {processor.py:925} INFO - DAG(s) 'my_dag' retrieved from /opt/airflow/dags/my_tasks.py
[2026-10-02T08:13:53.635+0000] {logging_mixin.py:190} INFO - [2026-10-02T08:13:53.635+0000] {dag.py:3239} INFO - Sync 1 DAGs
[2026-10-02T08:13:53.652+0000] {logging_mixin.py:190} INFO - [2026-10-02T08:13:53.651+0000] {dag.py:4180} INFO - Setting next_dagrun for my_dag to None, run_after=None
[2026-10-02T08:13:53.666+0000] {processor.py:208} INFO - Processing /opt/airflow/dags/my_tasks.py took 0.062 seconds
[2026-10-02T08:14:23.880+0000] {processor.py:186} INFO - Started process (PID=2278) to work on /opt/airflow/dags/my_tasks.py
[2026-10-02T08:14:23.888+0000] {processor.py:914} INFO - Processing file /opt/airflow/dags/my_tasks.py for tasks to queue
[2026-10-02T08:14:23.890+0000] {logging_mixin.py:190} INFO - [2026-10-02T08:14:23.890+0000] {dagbag.py:588} INFO - Filling up the DagBag from /opt/airflow/dags/my_tasks.py
[2026-10-02T08:14:23.900+0000] {processor.py:925} INFO - DAG(s) 'my_dag' retrieved from /opt/airflow/dags/my_tasks.py
[2026-10-02T08:14:23.920+0000] {logging_mixin.py:190} INFO - [2026-10-02T08:14:23.920+0000] {dag.py:3239} INFO - Sync 1 DAGs
[2026-10-02T08:14:23.936+0000] {logging_mixin.py:190} INFO - [2026-10-02T08:14:23.936+0000] {dag.py:4180} INFO - Setting next_dagrun for my_dag to None, run_after=None
[2026-10-02T08:14:23.950+0000] {processor.py:208} INFO - Processing /opt/airflow/dags/my_tasks.py took 0.074 seconds
[2026-10-02T08:14:54.145+0000] {processor.py:186} INFO - Started process (PID=2289) to work on /opt/airflow/dags/my_tasks.py
[2026-10-02T08:14:54.145+0000] {processor.py:914} INFO - Processing file /opt/airflow/dags/my_tasks.py for tasks to queue
[2026-10-02T08:14:54.147+0000] {logging_mixin.py:190} INFO - [2026-10-02T08:14:54.147+0000] {dagbag.py:588} INFO - Filling up the DagBag from /opt/airflow/dags/my_tasks.py
[2026-10-02T08:14:54.154+0000] {processor.py:925} INFO - DAG(s) 'my_dag' retrieved from /opt/airflow/dags/my_tasks.py
[2026-10-02T08:14:54.172+0000] {logging_mixin.py:190} INFO - [2026-10-02T08:14:54.172+0000] {dag.py:3239} INFO - Sync 1 DAGs
[2026-10-02T08:14:54.187+0000] {logging_mixin.py:190} INFO - [2026-10-02T08:14:54.187+0000] {dag.py:4180} INFO - Setting next_dagrun for my_dag to None, run_after=None
[2026-10-02T08:14:54.202+0000] {processor.py:208} INFO - Processing /opt/airflow/dags/my_tasks.py took 0.062 seconds
[2026-10-02T08:15:24.412+0000] {processor.py:186} INFO - Started process (PID=2300) to work on /opt/airflow/dags/my_tasks.py
[2026-10-02T08:15:24.419+0000] {processor.py:914} INFO - Processing file /opt/airflow/dags/my_tasks.py for tasks to queue
[2026-10-02T08:15:24.421+0000] {logging_mixin.py:190} INFO - [2026-10-02T08:15:24.421+0000] {dagbag.py:588} INFO - Filling up the DagBag from /opt/airflow/dags/my_tasks.py
[2026-10-02T08:15:24.431+0000] {processor.py:925} INFO - DAG(s) 'my_dag' retrieved from /opt/airflow/dags/my_tasks.py
[2026-10-02T08:15:24.449+0000] {logging_mixin.py:190} INFO - [2026-10-02T08:15:24.449+0000] {dag.py:3239} INFO - Sync 1 DAGs
[2026-10-02T08:15:24.465+0000] {logging_mixin.py:190} INFO - [2026-10-02T08:15:24.465+0000] {dag.py:4180} INFO - Setting next_dagrun for my_dag to None, run_after=None
[2026-10-02T08:15:24.479+0000] {processor.py:208} INFO - Processing /opt/airflow/dags/my_tasks.py took 0.072 seconds
[2026-10-02T08:15:54.679+0000] {processor.py:186} INFO - Started process (PID=2311) to work on /opt/airflow/dags/my_tasks.py
[2026-10-02T08:15:54.679+0000] {processor.py:914} INFO - Processing file /opt/airflow/dags/my_tasks.py for tasks to queue
[2026-10-02T08:15:54.681+0000] {logging_mixin.py:190} INFO - [2026-10-02T08:15:54.681+0000] {dagbag.py:588} INFO - Filling up the DagBag from /opt/airflow/dags/my_tasks.py
[2026-10-02T08:15:54.688+0000] {processor.py:925} INFO - DAG(s) 'my_dag' retrieved from /opt/airflow/dags/my_tasks.py
[2026-10-02T08:15:54.706+0000] {logging_mixin.py:190} INFO - [2026-10-02T08:15:54.706+0000] {dag.py:3239} INFO - Sync 1 DAGs
[2026-10-02T08:15:54.722+0000] {logging_mixin.py:190} INFO - [2026-10-02T08:15:54.722+0000] {dag.py:4180} INFO - Setting next_dagrun for my_dag to None, run_after=None
[2026-10-02T08:15:54.736+0000] {processor.py:208} INFO - Processing /opt/airflow/dags/my_tasks.py took 0.061 seconds
[2026-10-02T08:16:24.938+0000] {processor.py:186} INFO - Started process (PID=2322) to work on /opt/airflow/dags/my_tasks.py
[2026-10-02T08:16:24.939+0000] {processor.py:914} INFO - Processing file /opt/airflow/dags/my_tasks.py for tasks to queue
[2026-10-02T08:16:24.941+0000] {logging_mixin.py:190} INFO - [2026-10-02T08:16:24.941+0000] {dagbag.py:588} INFO - Filling up the DagBag from /opt/airflow/dags/my_tasks.py
[2026-10-02T08:16:24.948+0000] {processor.py:925} INFO - DAG(s) 'my_dag' retrieved from /opt/airflow/dags/my_tasks.py
[2026-10-02T08:16:24.965+0000] {logging_mixin.py:190} INFO - [2026-10-02T08:16:24.965+0000] {dag.py:3239} INFO - Sync 1 DAGs
[2026-10-02T08:16:24.981+0000] {logging_mixin.py:190} INFO - [2026-10-02T08:16:24.981+0000] {dag.py:4180} INFO - Setting next_dagrun for my_dag to None, run_after=None
[2026-10-02T08:16:24.995+0000] {processor.py:208} INFO - Processing /opt/airflow/dags/my_tasks.py took 0.061 seconds
[2026-10-02T08:16:55.209+0000] {processor.py:186} INFO - Started process (PID=2333) to work on /opt/airflow/dags/my_tasks.py
[2026-10-02T08:16:55.209+0000] {processor.py:914} INFO - Processing file /opt/airflow/dags/my_tasks.py for tasks to queue
[2026-10-02T08:16:55.211+0000] {logging_mixin.py:190} INFO - [2026-10-02T08:16:55.210+0000] {dagbag.py:588} INFO - Filling up the DagBag from /opt/airflow/dags/my_tasks.py
[2026-10-02T08:16:55.218+0000] {processor.py:925} INFO - DAG(s) 'my_dag' retrieved from /opt/airflow/dags/my_tasks.py
[2026-10-02T08:16:55.237+0000] {logging_mixin.py:190} INFO - [2026-10-02T08:16:55.237+0000] {dag.py:3239} INFO - Sync 1 DAGs
[2026-10-02T08:16:55.253+0000] {logging_mixin.py:190} INFO - [2026-10-02T08:16:55.253+0000] {dag.py:4180} INFO - Setting next_dagrun for my_dag to None, run_after=None
[2026-10-02T08:16:55.267+0000] {processor.py:208} INFO - Processing /opt/airflow/dags/my_tasks.py took 0.063 seconds
[2026-10-02T08:17:25.482+0000] {processor.py:186} INFO - Started process (PID=2344) to work on /opt/airflow/dags/my_tasks.py
[2026-10-02T08:17:25.490+0000] {processor.py:914} INFO - Processing file /opt/airflow/dags/my_tasks.py for tasks to queue
[2026-10-02T08:17:25.492+0000] {logging_mixin.py:190} INFO - [2026-10-02T08:17:25.492+0000] {dagbag.py:588} INFO - Filling up the DagBag from /opt/airflow/dags/my_tasks.py
[2026-10-02T08:17:25.502+0000] {processor.py:925} INFO - DAG(s) 'my_dag' retrieved from /opt/airflow/dags/my_tasks.py
[2026-10-02T08:17:25.521+0000] {logging_mixin.py:190} INFO - [2026-10-02T08:17:25.521+0000] {dag.py:3239} INFO - Sync 1 DAGs
[2026-10-02T08:17:25.537+0000] {logging_mixin.py:190} INFO - [2026-10-02T08:17:25.537+0000] {dag.py:4180} INFO - Setting next_dagrun for my_dag to None, run_after=None
[2026-10-02T08:17:25.551+0000] {processor.py:208} INFO - Processing /opt/airflow/dags/my_tasks.py took 0.073 seconds
[2026-10-02T08:17:55.753+0000] {processor.py:186} INFO - Started process (PID=2355) to work on /opt/airflow/dags/my_tasks.py
[2026-10-02T08:17:55.753+0000] {processor.py:914} INFO - Processing file /opt/airflow/dags/my_tasks.py for tasks to queue
[2026-10-02T08:17:55.755+0000] {logging_mixin.py:190} INFO - [2026-10-02T08:17:55.754+0000] {dagbag.py:588} INFO - Filling up the DagBag from /opt/airflow/dags/my_tasks.py
[2026-10-02T08:17:55.762+0000] {processor.py:925} INFO - DAG(s) 'my_dag' retrieved from /opt/airflow/dags/my_tasks.py
[2026-10-02T08:17:55.781+0000] {logging_mixin.py:190} INFO - [2026-10-02T08:17:55.781+0000] {dag.py:3239} INFO - Sync 1 DAGs
[2026-10-02T08:17:55.797+0000] {logging_mixin.py:190} INFO - [2026-10-02T08:17:55.797+0000] {dag.py:4180} INFO - Setting next_dagrun for my_dag to None, run_after=None
[2026-10-02T08:17:55.811+0000] {processor.py:208} INFO - Processing /opt/airflow/dags/my_tasks.py took 0.063 seconds
[2026-10-02T08:18:26.027+0000] {processor.py:186} INFO - Started process (PID=2366) to work on /opt/airflow/dags/my_tasks.py
[2026-10-02T08:18:26.035+0000] {processor.py:914} INFO - Processing file /opt/airflow/dags/my_tasks.py for tasks to queue
[2026-10-02T08:18:26.038+0000] {logging_mixin.py:190} INFO - [2026-10-02T08:18:26.038+0000] {dagbag.py:588} INFO - Filling up the DagBag from /opt/airflow/dags/my_tasks.py
[2026-10-02T08:18:26.048+0000] {processor.py:925} INFO - DAG(s) 'my_dag' retrieved from /opt/airflow/dags/my_tasks.py
[2026-10-02T08:18:26.066+0000] {logging_mixin.py:190} INFO - [2026-10-02T08:18:26.066+0000] {dag.py:3239} INFO - Sync 1 DAGs
[2026-10-02T08:18:26.082+0000] {logging_mixin.py:190} INFO - [2026-10-02T08:18:26.082+0000] {dag.py:4180} INFO - Setting next_dagrun for my_dag to None, run_after=None
[2026-10-02T08:18:26.096+0000] {processor.py:208} INFO - Processing /opt/airflow/dags/my_tasks.py took 0.073 seconds
[2026-10-02T08:18:56.291+0000] {processor.py:186} INFO - Started process (PID=2377) to work on /opt/airflow/dags/my_tasks.py
[2026-10-02T08:18:56.291+0000] {processor.py:914} INFO - Processing file /opt/airflow/dags/my_tasks.py for tasks to queue
[2026-10-02T08:18:56.293+0000] {logging_mixin.py:190} INFO - [2026-10-02T08:18:56.293+0000] {dagbag.py:588} INFO - Filling up the DagBag from /opt/airflow/dags/my_tasks.py
[2026-10-02T08:18:56.299+0000] {processor.py:925} INFO - DAG(s) 'my_dag' retrieved from /opt/airflow/dags/my_tasks.py
[2026-10-02T08:18:56.318+0000] {logging_mixin.py:190} INFO - [2026-10-02T08:18:56.317+0000] {dag.py:3239} INFO - Sync 1 DAGs
[2026-10-02T08:18:56.334+0000] {logging_mixin.py:190} INFO - [2026-10-02T08:18:56.334+0000] {dag.py:4180} INFO - Setting next_dagrun for my_dag to None, run_after=None
[2026-10-02T08:18:56.349+0000] {processor.py:208} INFO - Processing /opt/airflow/dags/my_tasks.py took 0.064 seconds
[2026-10-02T08:19:26.559+0000] {processor.py:186} INFO - Started process (PID=2388) to work on /opt/airflow/dags/my_tasks.py
[2026-10-02T08:19:26.567+0000] {processor.py:914} INFO - Processing file /opt/airflow/dags/my_tasks.py for tasks to queue
[2026-10-02T08:19:26.570+0000] {logging_mixin.py:190} INFO - [2026-10-02T08:19:26.569+0000] {dagbag.py:588} INFO - Filling up the DagBag from /opt/airflow/dags/my_tasks.py
[2026-10-02T08:19:26.578+0000] {processor.py:925} INFO - DAG(s) 'my_dag' retrieved from /opt/airflow/dags/my_tasks.py
[2026-10-02T08:19:26.596+0000] {logging_mixin.py:190} INFO - [2026-10-02T08:19:26.596+0000] {dag.py:3239} INFO - Sync 1 DAGs
[2026-10-02T08:19:26.613+0000] {logging_mixin.py:190} INFO - [2026-10-02T08:19:26.613+0000] {dag.py:4180} INFO - Setting next_dagrun for my_dag to None, run_after=None
[2026-10-02T08:19:26.629+0000] {processor.py:208} INFO - Processing /opt/airflow/dags/my_tasks.py took 0.074 seconds
[2026-10-02T08:19:56.842+0000] {processor.py:186} INFO - Started process (PID=2399) to work on /opt/airflow/dags/my_tasks.py
[2026-10-02T08:19:56.850+0000] {processor.py:914} INFO - Processing file /opt/airflow/dags/my_tasks.py for tasks to queue
[2026-10-02T08:19:56.852+0000] {logging_mixin.py:190} INFO - [2026-10-02T08:19:56.851+0000] {dagbag.py:588} INFO - Filling up the DagBag from /opt/airflow/dags/my_tasks.py
[2026-10-02T08:19:56.859+0000] {processor.py:925} INFO - DAG(s) 'my_dag' retrieved from /opt/airflow/dags/my_tasks.py
[2026-10-02T08:19:56.877+0000] {logging_mixin.py:190} INFO - [2026-10-02T08:19:56.877+0000] {dag.py:3239} INFO - Sync 1 DAGs
[2026-10-02T08:19:56.893+0000] {logging_mixin.py:190} INFO - [2026-10-02T08:19:56.893+0000] {dag.py:4180} INFO - Setting next_dagrun for my_dag to None, run_after=None
[2026-10-02T08:19:56.908+0000] {processor.py:208} INFO - Processing /opt/airflow/dags/my_tasks.py took 0.071 seconds
[2026-10-02T08:20:27.109+0000] {processor.py:186} INFO - Started process (PID=2410) to work on /opt/airflow/dags/my_tasks.py
[2026-10-02T08:20:27.117+0000] {processor.py:914} INFO - Processing file /opt/airflow/dags/my_tasks.py for tasks to queue
[2026-10-02T08:20:27.120+0000] {logging_mixin.py:190} INFO - [2026-10-02T08:20:27.119+0000] {dagbag.py:588} INFO - Filling up the DagBag from /opt/airflow/dags/my_tasks.py
[2026-10-02T08:20:27.129+0000] {processor.py:925} INFO - DAG(s) 'my_dag' retrieved from /opt/airflow/dags/my_tasks.py
[2026-10-02T08:20:27.147+0000] {logging_mixin.py:190} INFO - [2026-10-02T08:20:27.146+0000] {dag.py:3239} INFO - Sync 1 DAGs
[2026-10-02T08:20:27.163+0000] {logging_mixin.py:190} INFO - [2026-10-02T08:20:27.163+0000] {dag.py:4180} INFO - Setting next_dagrun for my_dag to None, run_after=None
[2026-10-02T08:20:27.177+0000] {processor.py:208} INFO - Processing /opt/airflow/dags/my_tasks.py took 0.072 seconds
[2026-10-02T08:20:57.382+0000] {processor.py:186} INFO - Started process (PID=2421) to work on /opt/airflow/dags/my_tasks.py
[2026-10-02T08:20:57.390+0000] {processor.py:914} INFO - Processing file /opt/airflow/dags/my_tasks.py for tasks to queue
[2026-10-02T08:20:57.391+0000] {logging_mixin.py:190} INFO - [2026-10-02T08:20:57.391+0000] {dagbag.py:588} INFO - Filling up the DagBag from /opt/airflow/dags/my_tasks.py
[2026-10-02T08:20:57.401+0000] {processor.py:925} INFO - DAG(s) 'my_dag' retrieved from /opt/airflow/dags/my_tasks.py
[2026-10-02T08:20:57.418+0000] {logging_mixin.py:190} INFO - [2026-10-02T08:20:57.418+0000] {dag.py:3239} INFO - Sync 1 DAGs
[2026-10-02T08:20:57.434+0000] {logging_mixin.py:190} INFO - [2026-10-02T08:20:57.434+0000] {dag.py:4180} INFO - Setting next_dagrun for my_dag to None, run_after=None
[2026-10-02T08:20:57.448+0000] {processor.py:208} INFO - Processing /opt/airflow/dags/my_tasks.py took 0.070 seconds
[2026-10-02T08:21:27.651+0000] {processor.py:186} INFO - Started process (PID=2432) to work on /opt/airflow/dags/my_tasks.py
[2026-10-02T08:21:27.652+0000] {processor.py:914} INFO - Processing file /opt/airflow/dags/my_tasks.py for tasks to queue
[2026-10-02T08:21:27.653+0000] {logging_mixin.py:190} INFO - [2026-10-02T08:21:27.653+0000] {dagbag.py:588} INFO - Filling up the DagBag from /opt/airflow/dags/my_tasks.py
[2026-10-02T08:21:27.660+0000] {processor.py:925} INFO - DAG(s) 'my_dag' retrieved from /opt/airflow/dags/my_tasks.py
[2026-10-02T08:21:27.678+0000] {logging_mixin.py:190} INFO - [2026-10-02T08:21:27.678+0000] {dag.py:3239} INFO - Sync 1 DAGs
[2026-10-02T08:21:27.694+0000] {logging_mixin.py:190} INFO - [2026-10-02T08:21:27.694+0000] {dag.py:4180} INFO - Setting next_dagrun for my_dag to None, run_after=None
[2026-10-02T08:21:27.708+0000] {processor.py:208} INFO - Processing /opt/airflow/dags/my_tasks.py took 0.060 seconds
[2026-10-02T08:21:57.911+0000] {processor.py:186} INFO - Started process (PID=2443) to work on /opt/airflow/dags/my_tasks.py
[2026-10-02T08:21:57.912+0000] {processor.py:914} INFO - Processing file /opt/airflow/dags/my_tasks.py for tasks to queue
[2026-10-02T08:21:57.913+0000] {logging_mixin.py:190} INFO - [2026-10-02T08:21:57.913+0000] {dagbag.py:588} INFO - Filling up the DagBag from /opt/airflow/dags/my_tasks.py
[2026-10-02T08:21:57.920+0000] {processor.py:925} INFO - DAG(s) 'my_dag' retrieved from /opt/airflow/dags/my_tasks.py
[2026-10-02T08:21:57.938+0000] {logging_mixin.py:190} INFO - [2026-10-02T08:21:57.938+0000] {dag.py:3239} INFO - Sync 1 DAGs
[2026-10-02T08:21:57.954+0000] {logging_mixin.py:190} INFO - [2026-10-02T08:21:57.954+0000] {dag.py:4180} INFO - Setting next_dagrun for my_dag to None, run_after=None
[2026-10-02T08:21:57.968+0000] {processor.py:208} INFO - Processing /opt/airflow/dags/my_tasks.py took 0.061 seconds
[2026-10-02T08:22:28.167+0000] {processor.py:186} INFO - Started process (PID=2454) to work on /opt/airflow/dags/my_tasks.py
[2026-10-02T08:22:28.168+0000] {processor.py:914} INFO - Processing file /opt/airflow/dags/my_tasks.py for tasks to queue
[2026-10-02T08:22:28.169+0000] {logging_mixin.py:190} INFO - [2026-10-02T08:22:28.169+0000] {dagbag.py:588} INFO - Filling up the DagBag from /opt/airflow/dags/my_tasks.py
[2026-10-02T08:22:28.176+0000] {processor.py:925} INFO - DAG(s) 'my_dag' retrieved from /opt/airflow/dags/my_tasks.py
[2026-10-02T08:22:28.194+0000] {logging_mixin.py:190} INFO - [2026-10-02T08:22:28.194+0000] {dag.py:3239} INFO - Sync 1 DAGs
[2026-10-02T08:22:28.212+0000] {logging_mixin.py:190} INFO - [2026-10-02T08:22:28.211+0000] {dag.py:4180} INFO - Setting next_dagrun for my_dag to None, run_after=None
[2026-10-02T08:22:28.226+0000] {processor.py:208} INFO - Processing /opt/airflow/dags/my_tasks.py took 0.063 seconds
[2026-10-02T08:22:58.422+0000] {processor.py:186} INFO - Started process (PID=2465) to work on /opt/airflow/dags/my_tasks.py
[2026-10-02T08:22:58.430+0000] {processor.py:914} INFO - Processing file /opt/airflow/dags/my_tasks.py for tasks to queue
[2026-10-02T08:22:58.432+0000] {logging_mixin.py:190} INFO - [2026-10-02T08:22:58.432+0000] {dagbag.py:588} INFO - Filling up the DagBag from /opt/airflow/dags/my_tasks.py
[2026-10-02T08:22:58.440+0000] {processor.py:925} INFO - DAG(s) 'my_dag' retrieved from /opt/airflow/dags/my_tasks.py
[2026-10-02T08:22:58.458+0000] {logging_mixin.py:190} INFO - [2026-10-02T08:22:58.458+0000] {dag.py:3239} INFO - Sync 1 DAGs
[2026-10-02T08:22:58.474+0000] {logging_mixin.py:190} INFO - [2026-10-02T08:22:58.474+0000] {dag.py:4180} INFO - Setting next_dagrun for my_dag to None, run_after=None
[2026-10-02T08:22:58.489+0000] {processor.py:208} INFO - Processing /opt/airflow/dags/my_tasks.py took 0.070 seconds
[2026-10-02T08:23:28.696+0000] {processor.py:186} INFO - Started process (PID=2476) to work on /opt/airflow/dags/my_tasks.py
[2026-10-02T08:23:28.702+0000] {processor.py:914} INFO - Processing file /opt/airflow/dags/my_tasks.py for tasks to queue
[2026-10-02T08:23:28.705+0000] {logging_mixin.py:190} INFO - [2026-10-02T08:23:28.704+0000] {dagbag.py:588} INFO - Filling up the DagBag from /opt/airflow/dags/my_tasks.py
[2026-10-02T08:23:28.713+0000] {processor.py:925} INFO - DAG(s) 'my_dag' retrieved from /opt/airflow/dags/my_tasks.py
[2026-10-02T08:23:28.731+0000] {logging_mixin.py:190} INFO - [2026-10-02T08:23:28.731+0000] {dag.py:3239} INFO - Sync 1 DAGs
[2026-10-02T08:23:28.747+0000] {logging_mixin.py:190} INFO - [2026-10-02T08:23:28.747+0000] {dag.py:4180} INFO - Setting next_dagrun for my_dag to None, run_after=None
[2026-10-02T08:23:28.761+0000] {processor.py:208} INFO - Processing /opt/airflow/dags/my_tasks.py took 0.069 seconds
[2026-10-02T08:23:58.960+0000] {processor.py:186} INFO - Started process (PID=2487) to work on /opt/airflow/dags/my_tasks.py
[2026-10-02T08:23:58.968+0000] {processor.py:914} INFO - Processing file /opt/airflow/dags/my_tasks.py for tasks to queue
[2026-10-02T08:23:58.972+0000] {logging_mixin.py:190} INFO - [2026-10-02T08:23:58.972+0000] {dagbag.py:588} INFO - Filling up the DagBag from /opt/airflow/dags/my_tasks.py
[2026-10-02T08:23:58.981+0000] {processor.py:925} INFO - DAG(s) 'my_dag' retrieved from /opt/airflow/dags/my_tasks.py
[2026-10-02T08:23:58.999+0000] {logging_mixin.py:190} INFO - [2026-10-02T08:23:58.999+0000] {dag.py:3239} INFO - Sync 1 DAGs
[2026-10-02T08:23:59.015+0000] {logging_mixin.py:190} INFO - [2026-10-02T08:23:59.015+0000] {dag.py:4180} INFO - Setting next_dagrun for my_dag to None, run_after=None
[2026-10-02T08:23:59.029+0000] {processor.py:208} INFO - Processing /opt/airflow/dags/my_tasks.py took 0.074 seconds
[2026-10-02T08:24:29.235+0000] {processor.py:186} INFO - Started process (PID=2498) to work on /opt/airflow/dags/my_tasks.py
[2026-10-02T08:24:29.243+0000] {processor.py:914} INFO - Processing file /opt/airflow/dags/my_tasks.py for tasks to queue
[2026-10-02T08:24:29.245+0000] {logging_mixin.py:190} INFO - [2026-10-02T08:24:29.245+0000] {dagbag.py:588} INFO - Filling up the DagBag from /opt/airflow/dags/my_tasks.py
[2026-10-02T08:24:29.252+0000] {processor.py:925} INFO - DAG(s) 'my_dag' retrieved from /opt/airflow/dags/my_tasks.py
[2026-10-02T08:24:29.270+0000] {logging_mixin.py:190} INFO - [2026-10-02T08:24:29.270+0000] {dag.py:3239} INFO - Sync 1 DAGs
[2026-10-02T08:24:29.289+0000] {logging_mixin.py:190} INFO - [2026-10-02T08:24:29.288+0000] {dag.py:4180} INFO - Setting next_dagrun for my_dag to None, run_after=None
[2026-10-02T08:24:29.302+0000] {processor.py:208} INFO - Processing /opt/airflow/dags/my_tasks.py took 0.072 seconds
[2026-10-02T08:24:59.484+0000] {processor.py:186} INFO - Started process (PID=2509) to work on /opt/airflow/dags/my_tasks.py
[2026-10-02T08:24:59.485+0000] {processor.py:914} INFO - Processing file /opt/airflow/dags/my_tasks.py for tasks to queue
[2026-10-02T08:24:59.487+0000] {logging_mixin.py:190} INFO - [2026-10-02T08:24:59.487+0000] {dagbag.py:588} INFO - Filling up the DagBag from /opt/airflow/dags/my_tasks.py
[2026-10-02T08:24:59.497+0000] {processor.py:925} INFO - DAG(s) 'my_dag' retrieved from /opt/airflow/dags/my_tasks.py
[2026-10-02T08:24:59.516+0000] {logging_mixin.py:190} INFO - [2026-10-02T08:24:59.516+0000] {dag.py:3239} INFO - Sync 1 DAGs
[2026-10-02T08:24:59.532+0000] {logging_mixin.py:190} INFO - [2026-10-02T08:24:59.532+0000] {dag.py:4180} INFO - Setting next_dagrun for my_dag to None, run_after=None
[2026-10-02T08:24:59.546+0000] {processor.py:208} INFO - Processing /opt/airflow/dags/my_tasks.py took 0.068 seconds
[2026-10-02T08:25:29.727+0000] {processor.py:186} INFO - Started process (PID=2520) to work on /opt/airflow/dags/my_tasks.py
[2026-10-02T08:25:29.735+0000] {processor.py:914} INFO - Processing file /opt/airflow/dags/my_tasks.py for tasks to queue
[2026-10-02T08:25:29.737+0000] {logging_mixin.py:190} INFO - [2026-10-02T08:25:29.736+0000] {dagbag.py:588} INFO - Filling up the DagBag from /opt/airflow/dags/my_tasks.py
[2026-10-02T08:25:29.744+0000] {processor.py:925} INFO - DAG(s) 'my_dag' retrieved from /opt/airflow/dags/my_tasks.py
[2026-10-02T08:25:29.762+0000] {logging_mixin.py:190} INFO - [2026-10-02T08:25:29.762+0000] {dag.py:3239} INFO - Sync 1 DAGs
[2026-10-02T08:25:29.778+0000] {logging_mixin.py:190} INFO - [2026-10-02T08:25:29.778+0000] {dag.py:4180} INFO - Setting next_dagrun for my_dag to None, run_after=None
[2026-10-02T08:25:29.792+0000] {processor.py:208} INFO - Processing /opt/airflow/dags/my_tasks.py took 0.070 seconds
[2026-10-02T08:25:59.999+0000] {processor.py:186} INFO - Started process (PID=2531) to work on /opt/airflow/dags/my_tasks.py
[2026-10-02T08:26:00.007+0000] {processor.py:914} INFO - Processing file /opt/airflow/dags/my_tasks.py for tasks to queue
[2026-10-02T08:26:00.009+0000] {logging_mixin.py:190} INFO - [2026-10-02T08:26:00.009+0000] {dagbag.py:588} INFO - Filling up the DagBag from /opt/airflow/dags/my_tasks.py
[2026-10-02T08:26:00.018+0000] {processor.py:925} INFO - DAG(s) 'my_dag' retrieved from /opt/airflow/dags/my_tasks.py
[2026-10-02T08:26:00.035+0000] {logging_mixin.py:190} INFO - [2026-10-02T08:26:00.035+0000] {dag.py:3239} INFO - Sync 1 DAGs
[2026-10-02T08:26:00.051+0000] {logging_mixin.py:190} INFO - [2026-10-02T08:26:00.051+0000] {dag.py:4180} INFO - Setting next_dagrun for my_dag to None, run_after=None
[2026-10-02T08:26:00.065+0000] {processor.py:208} INFO - Processing /opt/airflow/dags/my_tasks.py took 0.070 seconds
[2026-10-02T08:26:30.274+0000] {processor.py:186} INFO - Started process (PID=2542) to work on /opt/airflow/dags/my_tasks.py
[2026-10-02T08:26:30.282+0000] {processor.py:914} INFO - Processing file /opt/airflow/dags/my_tasks.py for tasks to queue
[2026-10-02T08:26:30.284+0000] {logging_mixin.py:190} INFO - [2026-10-02T08:26:30.284+0000] {dagbag.py:588} INFO - Filling up the DagBag from /opt/airflow/dags/my_tasks.py
[2026-10-02T08:26:30.293+0000] {processor.py:925} INFO - DAG(s) 'my_dag' retrieved from /opt/airflow/dags/my_tasks.py
[2026-10-02T08:26:30.311+0000] {logging_mixin.py:190} INFO - [2026-10-02T08:26:30.311+0000] {dag.py:3239} INFO - Sync 1 DAGs
[2026-10-02T08:26:30.328+0000] {logging_mixin.py:190} INFO - [2026-10-02T08:26:30.328+0000] {dag.py:4180} INFO - Setting next_dagrun for my_dag to None, run_after=None
[2026-10-02T08:26:30.345+0000] {processor.py:208} INFO - Processing /opt/airflow/dags/my_tasks.py took 0.075 seconds
[2026-10-02T08:27:00.544+0000] {processor.py:186} INFO - Started process (PID=2553) to work on /opt/airflow/dags/my_tasks.py
[2026-10-02T08:27:00.544+0000] {processor.py:914} INFO - Processing file /opt/airflow/dags/my_tasks.py for tasks to queue
[2026-10-02T08:27:00.545+0000] {logging_mixin.py:190} INFO - [2026-10-02T08:27:00.545+0000] {dagbag.py:588} INFO - Filling up the DagBag from /opt/airflow/dags/my_tasks.py
[2026-10-02T08:27:00.552+0000] {processor.py:925} INFO - DAG(s) 'my_dag' retrieved from /opt/airflow/dags/my_tasks.py
[2026-10-02T08:27:00.570+0000] {logging_mixin.py:190} INFO - [2026-10-02T08:27:00.570+0000] {dag.py:3239} INFO - Sync 1 DAGs
[2026-10-02T08:27:00.586+0000] {logging_mixin.py:190} INFO - [2026-10-02T08:27:00.586+0000] {dag.py:4180} INFO - Setting next_dagrun for my_dag to None, run_after=None
[2026-10-02T08:27:00.600+0000] {processor.py:208} INFO - Processing /opt/airflow/dags/my_tasks.py took 0.061 seconds
[2026-10-02T08:27:30.805+0000] {processor.py:186} INFO - Started process (PID=2564) to work on /opt/airflow/dags/my_tasks.py
[2026-10-02T08:27:30.806+0000] {processor.py:914} INFO - Processing file /opt/airflow/dags/my_tasks.py for tasks to queue
[2026-10-02T08:27:30.808+0000] {logging_mixin.py:190} INFO - [2026-10-02T08:27:30.808+0000] {dagbag.py:588} INFO - Filling up the DagBag from /opt/airflow/dags/my_tasks.py
[2026-10-02T08:27:30.814+0000] {processor.py:925} INFO - DAG(s) 'my_dag' retrieved from /opt/airflow/dags/my_tasks.py
[2026-10-02T08:27:30.833+0000] {logging_mixin.py:190} INFO - [2026-10-02T08:27:30.833+0000] {dag.py:3239} INFO - Sync 1 DAGs
[2026-10-02T08:27:30.850+0000] {logging_mixin.py:190} INFO - [2026-10-02T08:27:30.849+0000] {dag.py:4180} INFO - Setting next_dagrun for my_dag to None, run_after=None
[2026-10-02T08:27:30.864+0000] {processor.py:208} INFO - Processing /opt/airflow/dags/my_tasks.py took 0.065 seconds
[2026-10-02T08:28:01.078+0000] {processor.py:186} INFO - Started process (PID=2575) to work on /opt/airflow/dags/my_tasks.py
[2026-10-02T08:28:01.086+0000] {processor.py:914} INFO - Processing file /opt/airflow/dags/my_tasks.py for tasks to queue
[2026-10-02T08:28:01.088+0000] {logging_mixin.py:190} INFO - [2026-10-02T08:28:01.088+0000] {dagbag.py:588} INFO - Filling up the DagBag from /opt/airflow/dags/my_tasks.py
[2026-10-02T08:28:01.095+0000] {processor.py:925} INFO - DAG(s) 'my_dag' retrieved from /opt/airflow/dags/my_tasks.py
[2026-10-02T08:28:01.114+0000] {logging_mixin.py:190} INFO - [2026-10-02T08:28:01.114+0000] {dag.py:3239} INFO - Sync 1 DAGs
[2026-10-02T08:28:01.130+0000] {logging_mixin.py:190} INFO - [2026-10-02T08:28:01.129+0000] {dag.py:4180} INFO - Setting next_dagrun for my_dag to None, run_after=None
[2026-10-02T08:28:01.144+0000] {processor.py:208} INFO - Processing /opt/airflow/dags/my_tasks.py took 0.070 seconds
[2026-10-02T08:28:31.329+0000] {processor.py:186} INFO - Started process (PID=2586) to work on /opt/airflow/dags/my_tasks.py
[2026-10-02T08:28:31.329+0000] {processor.py:914} INFO - Processing file /opt/airflow/dags/my_tasks.py for tasks to queue
[2026-10-02T08:28:31.331+0000] {logging_mixin.py:190} INFO - [2026-10-02T08:28:31.331+0000] {dagbag.py:588} INFO - Filling up the DagBag from /opt/airflow/dags/my_tasks.py
[2026-10-02T08:28:31.338+0000] {processor.py:925} INFO - DAG(s) 'my_dag' retrieved from /opt/airflow/dags/my_tasks.py
[2026-10-02T08:28:31.356+0000] {logging_mixin.py:190} INFO - [2026-10-02T08:28:31.356+0000] {dag.py:3239} INFO - Sync 1 DAGs
[2026-10-02T08:28:31.373+0000] {logging_mixin.py:190} INFO - [2026-10-02T08:28:31.373+0000] {dag.py:4180} INFO - Setting next_dagrun for my_dag to None, run_after=None
[2026-10-02T08:28:31.387+0000] {processor.py:208} INFO - Processing /opt/airflow/dags/my_tasks.py took 0.063 seconds
[2026-10-02T08:29:01.590+0000] {processor.py:186} INFO - Started process (PID=2597) to work on /opt/airflow/dags/my_tasks.py
[2026-10-02T08:29:01.592+0000] {processor.py:914} INFO - Processing file /opt/airflow/dags/my_tasks.py for tasks to queue
[2026-10-02T08:29:01.594+0000] {logging_mixin.py:190} INFO - [2026-10-02T08:29:01.593+0000] {dagbag.py:588} INFO - Filling up the DagBag from /opt/airflow/dags/my_tasks.py
[2026-10-02T08:29:01.602+0000] {processor.py:925} INFO - DAG(s) 'my_dag' retrieved from /opt/airflow/dags/my_tasks.py
[2026-10-02T08:29:01.620+0000] {logging_mixin.py:190} INFO - [2026-10-02T08:29:01.619+0000] {dag.py:3239} INFO - Sync 1 DAGs
[2026-10-02T08:29:01.635+0000] {logging_mixin.py:190} INFO - [2026-10-02T08:29:01.635+0000] {dag.py:4180} INFO - Setting next_dagrun for my_dag to None, run_after=None
[2026-10-02T08:29:01.649+0000] {processor.py:208} INFO - Processing /opt/airflow/dags/my_tasks.py took 0.063 seconds
[2026-10-02T08:29:31.846+0000] {processor.py:186} INFO - Started process (PID=2609) to work on /opt/airflow/dags/my_tasks.py
[2026-10-02T08:29:31.846+0000] {processor.py:914} INFO - Processing file /opt/airflow/dags/my_tasks.py for tasks to queue
[2026-10-02T08:29:31.848+0000] {logging_mixin.py:190} INFO - [2026-10-02T08:29:31.848+0000] {dagbag.py:588} INFO - Filling up the DagBag from /opt/airflow/dags/my_tasks.py
[2026-10-02T08:29:31.855+0000] {processor.py:925} INFO - DAG(s) 'my_dag' retrieved from /opt/airflow/dags/my_tasks.py
[2026-10-02T08:29:31.872+0000] {logging_mixin.py:190} INFO - [2026-10-02T08:29:31.872+0000] {dag.py:3239} INFO - Sync 1 DAGs
[2026-10-02T08:29:31.887+0000] {logging_mixin.py:190} INFO - [2026-10-02T08:29:31.887+0000] {dag.py:4180} INFO - Setting next_dagrun for my_dag to None, run_after=None
[2026-10-02T08:29:31.902+0000] {processor.py:208} INFO - Processing /opt/airflow/dags/my_tasks.py took 0.060 seconds
[2026-10-02T08:30:02.104+0000] {processor.py:186} INFO - Started process (PID=2620) to work on /opt/airflow/dags/my_tasks.py
[2026-10-02T08:30:02.112+0000] {processor.py:914} INFO - Processing file /opt/airflow/dags/my_tasks.py for tasks to queue
[2026-10-02T08:30:02.114+0000] {logging_mixin.py:190} INFO - [2026-10-02T08:30:02.114+0000] {dagbag.py:588} INFO - Filling up the DagBag from /opt/airflow/dags/my_tasks.py
[2026-10-02T08:30:02.121+0000] {processor.py:925} INFO - DAG(s) 'my_dag' retrieved from /opt/airflow/dags/my_tasks.py
[2026-10-02T08:30:02.140+0000] {logging_mixin.py:190} INFO - [2026-10-02T08:30:02.139+0000] {dag.py:3239} INFO - Sync 1 DAGs
[2026-10-02T08:30:02.155+0000] {logging_mixin.py:190} INFO - [2026-10-02T08:30:02.155+0000] {dag.py:4180} INFO - Setting next_dagrun for my_dag to None, run_after=None
[2026-10-02T08:30:02.169+0000] {processor.py:208} INFO - Processing /opt/airflow/dags/my_tasks.py took 0.069 seconds
[2026-10-02T08:30:32.360+0000] {processor.py:186} INFO - Started process (PID=2631) to work on /opt/airflow/dags/my_tasks.py
[2026-10-02T08:30:32.360+0000] {processor.py:914} INFO - Processing file /opt/airflow/dags/my_tasks.py for tasks to queue
[2026-10-02T08:30:32.362+0000] {logging_mixin.py:190} INFO - [2026-10-02T08:30:32.361+0000] {dagbag.py:588} INFO - Filling up the DagBag from /opt/airflow/dags/my_tasks.py
[2026-10-02T08:30:32.369+0000] {processor.py:925} INFO - DAG(s) 'my_dag' retrieved from /opt/airflow/dags/my_tasks.py
[2026-10-02T08:30:32.387+0000] {logging_mixin.py:190} INFO - [2026-10-02T08:30:32.387+0000] {dag.py:3239} INFO - Sync 1 DAGs
[2026-10-02T08:30:32.403+0000] {logging_mixin.py:190} INFO - [2026-10-02T08:30:32.403+0000] {dag.py:4180} INFO - Setting next_dagrun for my_dag to None, run_after=None
[2026-10-02T08:30:32.418+0000] {processor.py:208} INFO - Processing /opt/airflow/dags/my_tasks.py took 0.062 seconds
[2026-10-02T08:31:02.629+0000] {processor.py:186} INFO - Started process (PID=2642) to work on /opt/airflow/dags/my_tasks.py
[2026-10-02T08:31:02.637+0000] {processor.py:914} INFO - Processing file /opt/airflow/dags/my_tasks.py for tasks to queue
[2026-10-02T08:31:02.639+0000] {logging_mixin.py:190} INFO - [2026-10-02T08:31:02.638+0000] {dagbag.py:588} INFO - Filling up the DagBag from /opt/airflow/dags/my_tasks.py
[2026-10-02T08:31:02.647+0000] {processor.py:925} INFO - DAG(s) 'my_dag' retrieved from /opt/airflow/dags/my_tasks.py
[2026-10-02T08:31:02.666+0000] {logging_mixin.py:190} INFO - [2026-10-02T08:31:02.666+0000] {dag.py:3239} INFO - Sync 1 DAGs
[2026-10-02T08:31:02.682+0000] {logging_mixin.py:190} INFO - [2026-10-02T08:31:02.682+0000] {dag.py:4180} INFO - Setting next_dagrun for my_dag to None, run_after=None
[2026-10-02T08:31:02.696+0000] {processor.py:208} INFO - Processing /opt/airflow/dags/my_tasks.py took 0.071 seconds
[2026-10-02T08:31:32.892+0000] {processor.py:186} INFO - Started process (PID=2653) to work on /opt/airflow/dags/my_tasks.py
[2026-10-02T08:31:32.892+0000] {processor.py:914} INFO - Processing file /opt/airflow/dags/my_tasks.py for tasks to queue
[2026-10-02T08:31:32.894+0000] {logging_mixin.py:190} INFO - [2026-10-02T08:31:32.894+0000] {dagbag.py:588} INFO - Filling up the DagBag from /opt/airflow/dags/my_tasks.py
[2026-10-02T08:31:32.901+0000] {processor.py:925} INFO - DAG(s) 'my_dag' retrieved from /opt/airflow/dags/my_tasks.py
[2026-10-02T08:31:32.919+0000] {logging_mixin.py:190} INFO - [2026-10-02T08:31:32.919+0000] {dag.py:3239} INFO - Sync 1 DAGs
[2026-10-02T08:31:32.935+0000] {logging_mixin.py:190} INFO - [2026-10-02T08:31:32.935+0000] {dag.py:4180} INFO - Setting next_dagrun for my_dag to None, run_after=None
[2026-10-02T08:31:32.949+0000] {processor.py:208} INFO - Processing /opt/airflow/dags/my_tasks.py took 0.061 seconds
[2026-10-02T08:32:03.162+0000] {processor.py:186} INFO - Started process (PID=2664) to work on /opt/airflow/dags/my_tasks.py
[2026-10-02T08:32:03.170+0000] {processor.py:914} INFO - Processing file /opt/airflow/dags/my_tasks.py for tasks to queue
[2026-10-02T08:32:03.172+0000] {logging_mixin.py:190} INFO - [2026-10-02T08:32:03.172+0000] {dagbag.py:588} INFO - Filling up the DagBag from /opt/airflow/dags/my_tasks.py
[2026-10-02T08:32:03.182+0000] {processor.py:925} INFO - DAG(s) 'my_dag' retrieved from /opt/airflow/dags/my_tasks.py
[2026-10-02T08:32:03.201+0000] {logging_mixin.py:190} INFO - [2026-10-02T08:32:03.200+0000] {dag.py:3239} INFO - Sync 1 DAGs
[2026-10-02T08:32:03.217+0000] {logging_mixin.py:190} INFO - [2026-10-02T08:32:03.217+0000] {dag.py:4180} INFO - Setting next_dagrun for my_dag to None, run_after=None
[2026-10-02T08:32:03.232+0000] {processor.py:208} INFO - Processing /opt/airflow/dags/my_tasks.py took 0.073 seconds
[2026-10-02T08:32:33.425+0000] {processor.py:186} INFO - Started process (PID=2675) to work on /opt/airflow/dags/my_tasks.py
[2026-10-02T08:32:33.425+0000] {processor.py:914} INFO - Processing file /opt/airflow/dags/my_tasks.py for tasks to queue
[2026-10-02T08:32:33.427+0000] {logging_mixin.py:190} INFO - [2026-10-02T08:32:33.426+0000] {dagbag.py:588} INFO - Filling up the DagBag from /opt/airflow/dags/my_tasks.py
[2026-10-02T08:32:33.434+0000] {processor.py:925} INFO - DAG(s) 'my_dag' retrieved from /opt/airflow/dags/my_tasks.py
[2026-10-02T08:32:33.451+0000] {logging_mixin.py:190} INFO - [2026-10-02T08:32:33.451+0000] {dag.py:3239} INFO - Sync 1 DAGs
[2026-10-02T08:32:33.467+0000] {logging_mixin.py:190} INFO - [2026-10-02T08:32:33.467+0000] {dag.py:4180} INFO - Setting next_dagrun for my_dag to None, run_after=None
[2026-10-02T08:32:33.482+0000] {processor.py:208} INFO - Processing /opt/airflow/dags/my_tasks.py took 0.061 seconds
[2026-10-02T08:33:03.697+0000] {processor.py:186} INFO - Started process (PID=2686) to work on /opt/airflow/dags/my_tasks.py
[2026-10-02T08:33:03.705+0000] {processor.py:914} INFO - Processing file /opt/airflow/dags/my_tasks.py for tasks to queue
[2026-10-02T08:33:03.708+0000] {logging_mixin.py:190} INFO - [2026-10-02T08:33:03.708+0000] {dagbag.py:588} INFO - Filling up the DagBag from /opt/airflow/dags/my_tasks.py
[2026-10-02T08:33:03.716+0000] {processor.py:925} INFO - DAG(s) 'my_dag' retrieved from /opt/airflow/dags/my_tasks.py
[2026-10-02T08:33:03.735+0000] {logging_mixin.py:190} INFO - [2026-10-02T08:33:03.735+0000] {dag.py:3239} INFO - Sync 1 DAGs
[2026-10-02T08:33:03.752+0000] {logging_mixin.py:190} INFO - [2026-10-02T08:33:03.751+0000] {dag.py:4180} INFO - Setting next_dagrun for my_dag to None, run_after=None
[2026-10-02T08:33:03.765+0000] {processor.py:208} INFO - Processing /opt/airflow/dags/my_tasks.py took 0.072 seconds
[2026-10-02T08:33:33.959+0000] {processor.py:186} INFO - Started process (PID=2697) to work on /opt/airflow/dags/my_tasks.py
[2026-10-02T08:33:33.960+0000] {processor.py:914} INFO - Processing file /opt/airflow/dags/my_tasks.py for tasks to queue
[2026-10-02T08:33:33.961+0000] {logging_mixin.py:190} INFO - [2026-10-02T08:33:33.961+0000] {dagbag.py:588} INFO - Filling up the DagBag from /opt/airflow/dags/my_tasks.py
[2026-10-02T08:33:33.968+0000] {processor.py:925} INFO - DAG(s) 'my_dag' retrieved from /opt/airflow/dags/my_tasks.py
[2026-10-02T08:33:33.986+0000] {logging_mixin.py:190} INFO - [2026-10-02T08:33:33.986+0000] {dag.py:3239} INFO - Sync 1 DAGs
[2026-10-02T08:33:34.001+0000] {logging_mixin.py:190} INFO - [2026-10-02T08:33:34.001+0000] {dag.py:4180} INFO - Setting next_dagrun for my_dag to None, run_after=None
[2026-10-02T08:33:34.021+0000] {processor.py:208} INFO - Processing /opt/airflow/dags/my_tasks.py took 0.066 seconds
[2026-10-02T08:34:04.230+0000] {processor.py:186} INFO - Started process (PID=2708) to work on /opt/airflow/dags/my_tasks.py
[2026-10-02T08:34:04.238+0000] {processor.py:914} INFO - Processing file /opt/airflow/dags/my_tasks.py for tasks to queue
[2026-10-02T08:34:04.240+0000] {logging_mixin.py:190} INFO - [2026-10-02T08:34:04.239+0000] {dagbag.py:588} INFO - Filling up the DagBag from /opt/airflow/dags/my_tasks.py
[2026-10-02T08:34:04.247+0000] {processor.py:925} INFO - DAG(s) 'my_dag' retrieved from /opt/airflow/dags/my_tasks.py
[2026-10-02T08:34:04.266+0000] {logging_mixin.py:190} INFO - [2026-10-02T08:34:04.266+0000] {dag.py:3239} INFO - Sync 1 DAGs
[2026-10-02T08:34:04.283+0000] {logging_mixin.py:190} INFO - [2026-10-02T08:34:04.283+0000] {dag.py:4180} INFO - Setting next_dagrun for my_dag to None, run_after=None
[2026-10-02T08:34:04.395+0000] {processor.py:208} INFO - Processing /opt/airflow/dags/my_tasks.py took 0.169 seconds
[2026-10-02T08:34:34.498+0000] {processor.py:186} INFO - Started process (PID=2719) to work on /opt/airflow/dags/my_tasks.py
[2026-10-02T08:34:34.507+0000] {processor.py:914} INFO - Processing file /opt/airflow/dags/my_tasks.py for tasks to queue
[2026-10-02T08:34:34.510+0000] {logging_mixin.py:190} INFO - [2026-10-02T08:34:34.509+0000] {dagbag.py:588} INFO - Filling up the DagBag from /opt/airflow/dags/my_tasks.py
[2026-10-02T08:34:34.519+0000] {processor.py:925} INFO - DAG(s) 'my_dag' retrieved from /opt/airflow/dags/my_tasks.py
[2026-10-02T08:34:34.538+0000] {logging_mixin.py:190} INFO - [2026-10-02T08:34:34.538+0000] {dag.py:3239} INFO - Sync 1 DAGs
[2026-10-02T08:34:34.554+0000] {logging_mixin.py:190} INFO - [2026-10-02T08:34:34.554+0000] {dag.py:4180} INFO - Setting next_dagrun for my_dag to None, run_after=None
[2026-10-02T08:34:34.568+0000] {processor.py:208} INFO - Processing /opt/airflow/dags/my_tasks.py took 0.075 seconds
[2026-10-02T08:35:04.839+0000] {processor.py:186} INFO - Started process (PID=2730) to work on /opt/airflow/dags/my_tasks.py
[2026-10-02T08:35:04.841+0000] {processor.py:914} INFO - Processing file /opt/airflow/dags/my_tasks.py for tasks to queue
[2026-10-02T08:35:04.843+0000] {logging_mixin.py:190} INFO - [2026-10-02T08:35:04.843+0000] {dagbag.py:588} INFO - Filling up the DagBag from /opt/airflow/dags/my_tasks.py
[2026-10-02T08:35:04.849+0000] {processor.py:925} INFO - DAG(s) 'my_dag' retrieved from /opt/airflow/dags/my_tasks.py
[2026-10-02T08:35:04.867+0000] {logging_mixin.py:190} INFO - [2026-10-02T08:35:04.867+0000] {dag.py:3239} INFO - Sync 1 DAGs
[2026-10-02T08:35:04.883+0000] {logging_mixin.py:190} INFO - [2026-10-02T08:35:04.883+0000] {dag.py:4180} INFO - Setting next_dagrun for my_dag to None, run_after=None
[2026-10-02T08:35:04.897+0000] {processor.py:208} INFO - Processing /opt/airflow/dags/my_tasks.py took 0.062 seconds
[2026-10-02T08:35:35.111+0000] {processor.py:186} INFO - Started process (PID=2741) to work on /opt/airflow/dags/my_tasks.py
[2026-10-02T08:35:35.119+0000] {processor.py:914} INFO - Processing file /opt/airflow/dags/my_tasks.py for tasks to queue
[2026-10-02T08:35:35.122+0000] {logging_mixin.py:190} INFO - [2026-10-02T08:35:35.121+0000] {dagbag.py:588} INFO - Filling up the DagBag from /opt/airflow/dags/my_tasks.py
[2026-10-02T08:35:35.130+0000] {processor.py:925} INFO - DAG(s) 'my_dag' retrieved from /opt/airflow/dags/my_tasks.py
[2026-10-02T08:35:35.149+0000] {logging_mixin.py:190} INFO - [2026-10-02T08:35:35.148+0000] {dag.py:3239} INFO - Sync 1 DAGs
[2026-10-02T08:35:35.165+0000] {logging_mixin.py:190} INFO - [2026-10-02T08:35:35.165+0000] {dag.py:4180} INFO - Setting next_dagrun for my_dag to None, run_after=None
[2026-10-02T08:35:35.178+0000] {processor.py:208} INFO - Processing /opt/airflow/dags/my_tasks.py took 0.071 seconds
[2026-10-02T08:36:05.377+0000] {processor.py:186} INFO - Started process (PID=2752) to work on /opt/airflow/dags/my_tasks.py
[2026-10-02T08:36:05.385+0000] {processor.py:914} INFO - Processing file /opt/airflow/dags/my_tasks.py for tasks to queue
[2026-10-02T08:36:05.387+0000] {logging_mixin.py:190} INFO - [2026-10-02T08:36:05.386+0000] {dagbag.py:588} INFO - Filling up the DagBag from /opt/airflow/dags/my_tasks.py
[2026-10-02T08:36:05.398+0000] {processor.py:925} INFO - DAG(s) 'my_dag' retrieved from /opt/airflow/dags/my_tasks.py
[2026-10-02T08:36:05.416+0000] {logging_mixin.py:190} INFO - [2026-10-02T08:36:05.416+0000] {dag.py:3239} INFO - Sync 1 DAGs
[2026-10-02T08:36:05.432+0000] {logging_mixin.py:190} INFO - [2026-10-02T08:36:05.432+0000] {dag.py:4180} INFO - Setting next_dagrun for my_dag to None, run_after=None
[2026-10-02T08:36:05.446+0000] {processor.py:208} INFO - Processing /opt/airflow/dags/my_tasks.py took 0.074 seconds
[2026-10-02T08:36:35.639+0000] {processor.py:186} INFO - Started process (PID=2763) to work on /opt/airflow/dags/my_tasks.py
[2026-10-02T08:36:35.647+0000] {processor.py:914} INFO - Processing file /opt/airflow/dags/my_tasks.py for tasks to queue
[2026-10-02T08:36:35.649+0000] {logging_mixin.py:190} INFO - [2026-10-02T08:36:35.648+0000] {dagbag.py:588} INFO - Filling up the DagBag from /opt/airflow/dags/my_tasks.py
[2026-10-02T08:36:35.658+0000] {processor.py:925} INFO - DAG(s) 'my_dag' retrieved from /opt/airflow/dags/my_tasks.py
[2026-10-02T08:36:35.679+0000] {logging_mixin.py:190} INFO - [2026-10-02T08:36:35.679+0000] {dag.py:3239} INFO - Sync 1 DAGs
[2026-10-02T08:36:35.696+0000] {logging_mixin.py:190} INFO - [2026-10-02T08:36:35.696+0000] {dag.py:4180} INFO - Setting next_dagrun for my_dag to None, run_after=None
[2026-10-02T08:36:35.710+0000] {processor.py:208} INFO - Processing /opt/airflow/dags/my_tasks.py took 0.074 seconds
[2026-10-02T08:37:05.912+0000] {processor.py:186} INFO - Started process (PID=2774) to work on /opt/airflow/dags/my_tasks.py
[2026-10-02T08:37:05.913+0000] {processor.py:914} INFO - Processing file /opt/airflow/dags/my_tasks.py for tasks to queue
[2026-10-02T08:37:05.915+0000] {logging_mixin.py:190} INFO - [2026-10-02T08:37:05.915+0000] {dagbag.py:588} INFO - Filling up the DagBag from /opt/airflow/dags/my_tasks.py
[2026-10-02T08:37:05.921+0000] {processor.py:925} INFO - DAG(s) 'my_dag' retrieved from /opt/airflow/dags/my_tasks.py
[2026-10-02T08:37:05.939+0000] {logging_mixin.py:190} INFO - [2026-10-02T08:37:05.939+0000] {dag.py:3239} INFO - Sync 1 DAGs
[2026-10-02T08:37:05.954+0000] {logging_mixin.py:190} INFO - [2026-10-02T08:37:05.954+0000] {dag.py:4180} INFO - Setting next_dagrun for my_dag to None, run_after=None
[2026-10-02T08:37:05.968+0000] {processor.py:208} INFO - Processing /opt/airflow/dags/my_tasks.py took 0.060 seconds
[2026-10-02T08:37:36.180+0000] {processor.py:186} INFO - Started process (PID=2785) to work on /opt/airflow/dags/my_tasks.py
[2026-10-02T08:37:36.180+0000] {processor.py:914} INFO - Processing file /opt/airflow/dags/my_tasks.py for tasks to queue
[2026-10-02T08:37:36.182+0000] {logging_mixin.py:190} INFO - [2026-10-02T08:37:36.181+0000] {dagbag.py:588} INFO - Filling up the DagBag from /opt/airflow/dags/my_tasks.py
[2026-10-02T08:37:36.189+0000] {processor.py:925} INFO - DAG(s) 'my_dag' retrieved from /opt/airflow/dags/my_tasks.py
[2026-10-02T08:37:36.207+0000] {logging_mixin.py:190} INFO - [2026-10-02T08:37:36.207+0000] {dag.py:3239} INFO - Sync 1 DAGs
[2026-10-02T08:37:36.223+0000] {logging_mixin.py:190} INFO - [2026-10-02T08:37:36.223+0000] {dag.py:4180} INFO - Setting next_dagrun for my_dag to None, run_after=None
[2026-10-02T08:37:36.240+0000] {processor.py:208} INFO - Processing /opt/airflow/dags/my_tasks.py took 0.064 seconds
[2026-10-02T08:38:06.442+0000] {processor.py:186} INFO - Started process (PID=2796) to work on /opt/airflow/dags/my_tasks.py
[2026-10-02T08:38:06.443+0000] {processor.py:914} INFO - Processing file /opt/airflow/dags/my_tasks.py for tasks to queue
[2026-10-02T08:38:06.444+0000] {logging_mixin.py:190} INFO - [2026-10-02T08:38:06.444+0000] {dagbag.py:588} INFO - Filling up the DagBag from /opt/airflow/dags/my_tasks.py
[2026-10-02T08:38:06.451+0000] {processor.py:925} INFO - DAG(s) 'my_dag' retrieved from /opt/airflow/dags/my_tasks.py
[2026-10-02T08:38:06.470+0000] {logging_mixin.py:190} INFO - [2026-10-02T08:38:06.469+0000] {dag.py:3239} INFO - Sync 1 DAGs
[2026-10-02T08:38:06.486+0000] {logging_mixin.py:190} INFO - [2026-10-02T08:38:06.486+0000] {dag.py:4180} INFO - Setting next_dagrun for my_dag to None, run_after=None
[2026-10-02T08:38:06.501+0000] {processor.py:208} INFO - Processing /opt/airflow/dags/my_tasks.py took 0.063 seconds
[2026-10-02T08:38:36.709+0000] {processor.py:186} INFO - Started process (PID=2807) to work on /opt/airflow/dags/my_tasks.py
[2026-10-02T08:38:36.717+0000] {processor.py:914} INFO - Processing file /opt/airflow/dags/my_tasks.py for tasks to queue
[2026-10-02T08:38:36.720+0000] {logging_mixin.py:190} INFO - [2026-10-02T08:38:36.720+0000] {dagbag.py:588} INFO - Filling up the DagBag from /opt/airflow/dags/my_tasks.py
[2026-10-02T08:38:36.728+0000] {processor.py:925} INFO - DAG(s) 'my_dag' retrieved from /opt/airflow/dags/my_tasks.py
[2026-10-02T08:38:36.746+0000] {logging_mixin.py:190} INFO - [2026-10-02T08:38:36.746+0000] {dag.py:3239} INFO - Sync 1 DAGs
[2026-10-02T08:38:36.762+0000] {logging_mixin.py:190} INFO - [2026-10-02T08:38:36.762+0000] {dag.py:4180} INFO - Setting next_dagrun for my_dag to None, run_after=None
[2026-10-02T08:38:36.775+0000] {processor.py:208} INFO - Processing /opt/airflow/dags/my_tasks.py took 0.073 seconds
[2026-10-02T08:39:06.982+0000] {processor.py:186} INFO - Started process (PID=2818) to work on /opt/airflow/dags/my_tasks.py
[2026-10-02T08:39:06.983+0000] {processor.py:914} INFO - Processing file /opt/airflow/dags/my_tasks.py for tasks to queue
[2026-10-02T08:39:06.985+0000] {logging_mixin.py:190} INFO - [2026-10-02T08:39:06.984+0000] {dagbag.py:588} INFO - Filling up the DagBag from /opt/airflow/dags/my_tasks.py
[2026-10-02T08:39:06.991+0000] {processor.py:925} INFO - DAG(s) 'my_dag' retrieved from /opt/airflow/dags/my_tasks.py
[2026-10-02T08:39:07.009+0000] {logging_mixin.py:190} INFO - [2026-10-02T08:39:07.009+0000] {dag.py:3239} INFO - Sync 1 DAGs
[2026-10-02T08:39:07.025+0000] {logging_mixin.py:190} INFO - [2026-10-02T08:39:07.025+0000] {dag.py:4180} INFO - Setting next_dagrun for my_dag to None, run_after=None
[2026-10-02T08:39:07.039+0000] {processor.py:208} INFO - Processing /opt/airflow/dags/my_tasks.py took 0.060 seconds
[2026-10-02T08:39:37.246+0000] {processor.py:186} INFO - Started process (PID=2829) to work on /opt/airflow/dags/my_tasks.py
[2026-10-02T08:39:37.247+0000] {processor.py:914} INFO - Processing file /opt/airflow/dags/my_tasks.py for tasks to queue
[2026-10-02T08:39:37.248+0000] {logging_mixin.py:190} INFO - [2026-10-02T08:39:37.248+0000] {dagbag.py:588} INFO - Filling up the DagBag from /opt/airflow/dags/my_tasks.py
[2026-10-02T08:39:37.256+0000] {processor.py:925} INFO - DAG(s) 'my_dag' retrieved from /opt/airflow/dags/my_tasks.py
[2026-10-02T08:39:37.274+0000] {logging_mixin.py:190} INFO - [2026-10-02T08:39:37.274+0000] {dag.py:3239} INFO - Sync 1 DAGs
[2026-10-02T08:39:37.290+0000] {logging_mixin.py:190} INFO - [2026-10-02T08:39:37.290+0000] {dag.py:4180} INFO - Setting next_dagrun for my_dag to None, run_after=None
[2026-10-02T08:39:37.403+0000] {processor.py:208} INFO - Processing /opt/airflow/dags/my_tasks.py took 0.161 seconds
[2026-10-02T08:40:07.512+0000] {processor.py:186} INFO - Started process (PID=2840) to work on /opt/airflow/dags/my_tasks.py
[2026-10-02T08:40:07.512+0000] {processor.py:914} INFO - Processing file /opt/airflow/dags/my_tasks.py for tasks to queue
[2026-10-02T08:40:07.515+0000] {logging_mixin.py:190} INFO - [2026-10-02T08:40:07.514+0000] {dagbag.py:588} INFO - Filling up the DagBag from /opt/airflow/dags/my_tasks.py
[2026-10-02T08:40:07.523+0000] {processor.py:925} INFO - DAG(s) 'my_dag' retrieved from /opt/airflow/dags/my_tasks.py
[2026-10-02T08:40:07.541+0000] {logging_mixin.py:190} INFO - [2026-10-02T08:40:07.541+0000] {dag.py:3239} INFO - Sync 1 DAGs
[2026-10-02T08:40:07.556+0000] {logging_mixin.py:190} INFO - [2026-10-02T08:40:07.556+0000] {dag.py:4180} INFO - Setting next_dagrun for my_dag to None, run_after=None
[2026-10-02T08:40:07.570+0000] {processor.py:208} INFO - Processing /opt/airflow/dags/my_tasks.py took 0.063 seconds
[2026-10-02T08:40:37.851+0000] {processor.py:186} INFO - Started process (PID=2851) to work on /opt/airflow/dags/my_tasks.py
[2026-10-02T08:40:37.859+0000] {processor.py:914} INFO - Processing file /opt/airflow/dags/my_tasks.py for tasks to queue
[2026-10-02T08:40:37.861+0000] {logging_mixin.py:190} INFO - [2026-10-02T08:40:37.861+0000] {dagbag.py:588} INFO - Filling up the DagBag from /opt/airflow/dags/my_tasks.py
[2026-10-02T08:40:37.868+0000] {processor.py:925} INFO - DAG(s) 'my_dag' retrieved from /opt/airflow/dags/my_tasks.py
[2026-10-02T08:40:37.886+0000] {logging_mixin.py:190} INFO - [2026-10-02T08:40:37.886+0000] {dag.py:3239} INFO - Sync 1 DAGs
[2026-10-02T08:40:37.903+0000] {logging_mixin.py:190} INFO - [2026-10-02T08:40:37.903+0000] {dag.py:4180} INFO - Setting next_dagrun for my_dag to None, run_after=None
[2026-10-02T08:40:37.918+0000] {processor.py:208} INFO - Processing /opt/airflow/dags/my_tasks.py took 0.071 seconds
[2026-10-02T08:41:08.120+0000] {processor.py:186} INFO - Started process (PID=2862) to work on /opt/airflow/dags/my_tasks.py
[2026-10-02T08:41:08.128+0000] {processor.py:914} INFO - Processing file /opt/airflow/dags/my_tasks.py for tasks to queue
[2026-10-02T08:41:08.131+0000] {logging_mixin.py:190} INFO - [2026-10-02T08:41:08.131+0000] {dagbag.py:588} INFO - Filling up the DagBag from /opt/airflow/dags/my_tasks.py
[2026-10-02T08:41:08.141+0000] {processor.py:925} INFO - DAG(s) 'my_dag' retrieved from /opt/airflow/dags/my_tasks.py
[2026-10-02T08:41:08.159+0000] {logging_mixin.py:190} INFO - [2026-10-02T08:41:08.159+0000] {dag.py:3239} INFO - Sync 1 DAGs
[2026-10-02T08:41:08.175+0000] {logging_mixin.py:190} INFO - [2026-10-02T08:41:08.175+0000] {dag.py:4180} INFO - Setting next_dagrun for my_dag to None, run_after=None
[2026-10-02T08:41:08.189+0000] {processor.py:208} INFO - Processing /opt/airflow/dags/my_tasks.py took 0.073 seconds
[2026-10-02T08:41:38.391+0000] {processor.py:186} INFO - Started process (PID=2873) to work on /opt/airflow/dags/my_tasks.py
[2026-10-02T08:41:38.399+0000] {processor.py:914} INFO - Processing file /opt/airflow/dags/my_tasks.py for tasks to queue
[2026-10-02T08:41:38.402+0000] {logging_mixin.py:190} INFO - [2026-10-02T08:41:38.401+0000] {dagbag.py:588} INFO - Filling up the DagBag from /opt/airflow/dags/my_tasks.py
[2026-10-02T08:41:38.411+0000] {processor.py:925} INFO - DAG(s) 'my_dag' retrieved from /opt/airflow/dags/my_tasks.py
[2026-10-02T08:41:38.428+0000] {logging_mixin.py:190} INFO - [2026-10-02T08:41:38.428+0000] {dag.py:3239} INFO - Sync 1 DAGs
[2026-10-02T08:41:38.446+0000] {logging_mixin.py:190} INFO - [2026-10-02T08:41:38.446+0000] {dag.py:4180} INFO - Setting next_dagrun for my_dag to None, run_after=None
[2026-10-02T08:41:38.473+0000] {processor.py:208} INFO - Processing /opt/airflow/dags/my_tasks.py took 0.085 seconds
[2026-10-02T08:42:08.653+0000] {processor.py:186} INFO - Started process (PID=2884) to work on /opt/airflow/dags/my_tasks.py
[2026-10-02T08:42:08.661+0000] {processor.py:914} INFO - Processing file /opt/airflow/dags/my_tasks.py for tasks to queue
[2026-10-02T08:42:08.663+0000] {logging_mixin.py:190} INFO - [2026-10-02T08:42:08.662+0000] {dagbag.py:588} INFO - Filling up the DagBag from /opt/airflow/dags/my_tasks.py
[2026-10-02T08:42:08.671+0000] {processor.py:925} INFO - DAG(s) 'my_dag' retrieved from /opt/airflow/dags/my_tasks.py
[2026-10-02T08:42:08.689+0000] {logging_mixin.py:190} INFO - [2026-10-02T08:42:08.689+0000] {dag.py:3239} INFO - Sync 1 DAGs
[2026-10-02T08:42:08.705+0000] {logging_mixin.py:190} INFO - [2026-10-02T08:42:08.705+0000] {dag.py:4180} INFO - Setting next_dagrun for my_dag to None, run_after=None
[2026-10-02T08:42:08.719+0000] {processor.py:208} INFO - Processing /opt/airflow/dags/my_tasks.py took 0.070 seconds
[2026-10-02T08:42:38.926+0000] {processor.py:186} INFO - Started process (PID=2895) to work on /opt/airflow/dags/my_tasks.py
[2026-10-02T08:42:38.934+0000] {processor.py:914} INFO - Processing file /opt/airflow/dags/my_tasks.py for tasks to queue
[2026-10-02T08:42:38.938+0000] {logging_mixin.py:190} INFO - [2026-10-02T08:42:38.937+0000] {dagbag.py:588} INFO - Filling up the DagBag from /opt/airflow/dags/my_tasks.py
[2026-10-02T08:42:38.947+0000] {processor.py:925} INFO - DAG(s) 'my_dag' retrieved from /opt/airflow/dags/my_tasks.py
[2026-10-02T08:42:38.965+0000] {logging_mixin.py:190} INFO - [2026-10-02T08:42:38.965+0000] {dag.py:3239} INFO - Sync 1 DAGs
[2026-10-02T08:42:38.982+0000] {logging_mixin.py:190} INFO - [2026-10-02T08:42:38.982+0000] {dag.py:4180} INFO - Setting next_dagrun for my_dag to None, run_after=None
[2026-10-02T08:42:38.996+0000] {processor.py:208} INFO - Processing /opt/airflow/dags/my_tasks.py took 0.073 seconds
[2026-10-02T08:43:09.193+0000] {processor.py:186} INFO - Started process (PID=2906) to work on /opt/airflow/dags/my_tasks.py
[2026-10-02T08:43:09.194+0000] {processor.py:914} INFO - Processing file /opt/airflow/dags/my_tasks.py for tasks to queue
[2026-10-02T08:43:09.195+0000] {logging_mixin.py:190} INFO - [2026-10-02T08:43:09.195+0000] {dagbag.py:588} INFO - Filling up the DagBag from /opt/airflow/dags/my_tasks.py
[2026-10-02T08:43:09.202+0000] {processor.py:925} INFO - DAG(s) 'my_dag' retrieved from /opt/airflow/dags/my_tasks.py
[2026-10-02T08:43:09.220+0000] {logging_mixin.py:190} INFO - [2026-10-02T08:43:09.220+0000] {dag.py:3239} INFO - Sync 1 DAGs
[2026-10-02T08:43:09.237+0000] {logging_mixin.py:190} INFO - [2026-10-02T08:43:09.237+0000] {dag.py:4180} INFO - Setting next_dagrun for my_dag to None, run_after=None
[2026-10-02T08:43:09.252+0000] {processor.py:208} INFO - Processing /opt/airflow/dags/my_tasks.py took 0.064 seconds
[2026-10-02T08:43:39.443+0000] {processor.py:186} INFO - Started process (PID=2917) to work on /opt/airflow/dags/my_tasks.py
[2026-10-02T08:43:39.444+0000] {processor.py:914} INFO - Processing file /opt/airflow/dags/my_tasks.py for tasks to queue
[2026-10-02T08:43:39.445+0000] {logging_mixin.py:190} INFO - [2026-10-02T08:43:39.445+0000] {dagbag.py:588} INFO - Filling up the DagBag from /opt/airflow/dags/my_tasks.py
[2026-10-02T08:43:39.452+0000] {processor.py:925} INFO - DAG(s) 'my_dag' retrieved from /opt/airflow/dags/my_tasks.py
[2026-10-02T08:43:39.470+0000] {logging_mixin.py:190} INFO - [2026-10-02T08:43:39.470+0000] {dag.py:3239} INFO - Sync 1 DAGs
[2026-10-02T08:43:39.486+0000] {logging_mixin.py:190} INFO - [2026-10-02T08:43:39.486+0000] {dag.py:4180} INFO - Setting next_dagrun for my_dag to None, run_after=None
[2026-10-02T08:43:39.500+0000] {processor.py:208} INFO - Processing /opt/airflow/dags/my_tasks.py took 0.060 seconds
[2026-10-02T08:44:09.717+0000] {processor.py:186} INFO - Started process (PID=2928) to work on /opt/airflow/dags/my_tasks.py
[2026-10-02T08:44:09.725+0000] {processor.py:914} INFO - Processing file /opt/airflow/dags/my_tasks.py for tasks to queue
[2026-10-02T08:44:09.728+0000] {logging_mixin.py:190} INFO - [2026-10-02T08:44:09.728+0000] {dagbag.py:588} INFO - Filling up the DagBag from /opt/airflow/dags/my_tasks.py
[2026-10-02T08:44:09.737+0000] {processor.py:925} INFO - DAG(s) 'my_dag' retrieved from /opt/airflow/dags/my_tasks.py
[2026-10-02T08:44:09.755+0000] {logging_mixin.py:190} INFO - [2026-10-02T08:44:09.755+0000] {dag.py:3239} INFO - Sync 1 DAGs
[2026-10-02T08:44:09.771+0000] {logging_mixin.py:190} INFO - [2026-10-02T08:44:09.771+0000] {dag.py:4180} INFO - Setting next_dagrun for my_dag to None, run_after=None
[2026-10-02T08:44:09.785+0000] {processor.py:208} INFO - Processing /opt/airflow/dags/my_tasks.py took 0.072 seconds
[2026-10-02T08:44:39.991+0000] {processor.py:186} INFO - Started process (PID=2939) to work on /opt/airflow/dags/my_tasks.py
[2026-10-02T08:44:39.994+0000] {processor.py:914} INFO - Processing file /opt/airflow/dags/my_tasks.py for tasks to queue
[2026-10-02T08:44:39.995+0000] {logging_mixin.py:190} INFO - [2026-10-02T08:44:39.995+0000] {dagbag.py:588} INFO - Filling up the DagBag from /opt/airflow/dags/my_tasks.py
[2026-10-02T08:44:40.003+0000] {processor.py:925} INFO - DAG(s) 'my_dag' retrieved from /opt/airflow/dags/my_tasks.py
[2026-10-02T08:44:40.021+0000] {logging_mixin.py:190} INFO - [2026-10-02T08:44:40.021+0000] {dag.py:3239} INFO - Sync 1 DAGs
[2026-10-02T08:44:40.037+0000] {logging_mixin.py:190} INFO - [2026-10-02T08:44:40.037+0000] {dag.py:4180} INFO - Setting next_dagrun for my_dag to None, run_after=None
[2026-10-02T08:44:40.052+0000] {processor.py:208} INFO - Processing /opt/airflow/dags/my_tasks.py took 0.065 seconds
[2026-10-02T08:45:10.261+0000] {processor.py:186} INFO - Started process (PID=2950) to work on /opt/airflow/dags/my_tasks.py
[2026-10-02T08:45:10.269+0000] {processor.py:914} INFO - Processing file /opt/airflow/dags/my_tasks.py for tasks to queue
[2026-10-02T08:45:10.270+0000] {logging_mixin.py:190} INFO - [2026-10-02T08:45:10.270+0000] {dagbag.py:588} INFO - Filling up the DagBag from /opt/airflow/dags/my_tasks.py
[2026-10-02T08:45:10.278+0000] {processor.py:925} INFO - DAG(s) 'my_dag' retrieved from /opt/airflow/dags/my_tasks.py
[2026-10-02T08:45:10.296+0000] {logging_mixin.py:190} INFO - [2026-10-02T08:45:10.296+0000] {dag.py:3239} INFO - Sync 1 DAGs
[2026-10-02T08:45:10.313+0000] {logging_mixin.py:190} INFO - [2026-10-02T08:45:10.312+0000] {dag.py:4180} INFO - Setting next_dagrun for my_dag to None, run_after=None
[2026-10-02T08:45:10.433+0000] {processor.py:208} INFO - Processing /opt/airflow/dags/my_tasks.py took 0.176 seconds
[2026-10-02T08:45:40.533+0000] {processor.py:186} INFO - Started process (PID=2961) to work on /opt/airflow/dags/my_tasks.py
[2026-10-02T08:45:40.534+0000] {processor.py:914} INFO - Processing file /opt/airflow/dags/my_tasks.py for tasks to queue
[2026-10-02T08:45:40.536+0000] {logging_mixin.py:190} INFO - [2026-10-02T08:45:40.535+0000] {dagbag.py:588} INFO - Filling up the DagBag from /opt/airflow/dags/my_tasks.py
[2026-10-02T08:45:40.543+0000] {processor.py:925} INFO - DAG(s) 'my_dag' retrieved from /opt/airflow/dags/my_tasks.py
[2026-10-02T08:45:40.562+0000] {logging_mixin.py:190} INFO - [2026-10-02T08:45:40.561+0000] {dag.py:3239} INFO - Sync 1 DAGs
[2026-10-02T08:45:40.578+0000] {logging_mixin.py:190} INFO - [2026-10-02T08:45:40.577+0000] {dag.py:4180} INFO - Setting next_dagrun for my_dag to None, run_after=None
[2026-10-02T08:45:40.591+0000] {processor.py:208} INFO - Processing /opt/airflow/dags/my_tasks.py took 0.065 seconds
[2026-10-02T08:46:10.786+0000] {processor.py:186} INFO - Started process (PID=2972) to work on /opt/airflow/dags/my_tasks.py
[2026-10-02T08:46:10.787+0000] {processor.py:914} INFO - Processing file /opt/airflow/dags/my_tasks.py for tasks to queue
[2026-10-02T08:46:10.789+0000] {logging_mixin.py:190} INFO - [2026-10-02T08:46:10.788+0000] {dagbag.py:588} INFO - Filling up the DagBag from /opt/airflow/dags/my_tasks.py
[2026-10-02T08:46:10.796+0000] {processor.py:925} INFO - DAG(s) 'my_dag' retrieved from /opt/airflow/dags/my_tasks.py
[2026-10-02T08:46:10.814+0000] {logging_mixin.py:190} INFO - [2026-10-02T08:46:10.813+0000] {dag.py:3239} INFO - Sync 1 DAGs
[2026-10-02T08:46:10.829+0000] {logging_mixin.py:190} INFO - [2026-10-02T08:46:10.829+0000] {dag.py:4180} INFO - Setting next_dagrun for my_dag to None, run_after=None
[2026-10-02T08:46:10.851+0000] {processor.py:208} INFO - Processing /opt/airflow/dags/my_tasks.py took 0.068 seconds
[2026-10-02T08:46:41.055+0000] {processor.py:186} INFO - Started process (PID=2983) to work on /opt/airflow/dags/my_tasks.py
[2026-10-02T08:46:41.056+0000] {processor.py:914} INFO - Processing file /opt/airflow/dags/my_tasks.py for tasks to queue
[2026-10-02T08:46:41.058+0000] {logging_mixin.py:190} INFO - [2026-10-02T08:46:41.057+0000] {dagbag.py:588} INFO - Filling up the DagBag from /opt/airflow/dags/my_tasks.py
[2026-10-02T08:46:41.064+0000] {processor.py:925} INFO - DAG(s) 'my_dag' retrieved from /opt/airflow/dags/my_tasks.py
[2026-10-02T08:46:41.083+0000] {logging_mixin.py:190} INFO - [2026-10-02T08:46:41.083+0000] {dag.py:3239} INFO - Sync 1 DAGs
[2026-10-02T08:46:41.099+0000] {logging_mixin.py:190} INFO - [2026-10-02T08:46:41.099+0000] {dag.py:4180} INFO - Setting next_dagrun for my_dag to None, run_after=None
[2026-10-02T08:46:41.113+0000] {processor.py:208} INFO - Processing /opt/airflow/dags/my_tasks.py took 0.062 seconds
[2026-10-02T08:47:11.309+0000] {processor.py:186} INFO - Started process (PID=2994) to work on /opt/airflow/dags/my_tasks.py
[2026-10-02T08:47:11.310+0000] {processor.py:914} INFO - Processing file /opt/airflow/dags/my_tasks.py for tasks to queue
[2026-10-02T08:47:11.312+0000] {logging_mixin.py:190} INFO - [2026-10-02T08:47:11.311+0000] {dagbag.py:588} INFO - Filling up the DagBag from /opt/airflow/dags/my_tasks.py
[2026-10-02T08:47:11.319+0000] {processor.py:925} INFO - DAG(s) 'my_dag' retrieved from /opt/airflow/dags/my_tasks.py
[2026-10-02T08:47:11.337+0000] {logging_mixin.py:190} INFO - [2026-10-02T08:47:11.337+0000] {dag.py:3239} INFO - Sync 1 DAGs
[2026-10-02T08:47:11.452+0000] {logging_mixin.py:190} INFO - [2026-10-02T08:47:11.452+0000] {dag.py:4180} INFO - Setting next_dagrun for my_dag to None, run_after=None
[2026-10-02T08:47:11.485+0000] {processor.py:208} INFO - Processing /opt/airflow/dags/my_tasks.py took 0.181 seconds
[2026-10-02T08:47:41.570+0000] {processor.py:186} INFO - Started process (PID=3005) to work on /opt/airflow/dags/my_tasks.py
[2026-10-02T08:47:41.571+0000] {processor.py:914} INFO - Processing file /opt/airflow/dags/my_tasks.py for tasks to queue
[2026-10-02T08:47:41.572+0000] {logging_mixin.py:190} INFO - [2026-10-02T08:47:41.572+0000] {dagbag.py:588} INFO - Filling up the DagBag from /opt/airflow/dags/my_tasks.py
[2026-10-02T08:47:41.579+0000] {processor.py:925} INFO - DAG(s) 'my_dag' retrieved from /opt/airflow/dags/my_tasks.py
[2026-10-02T08:47:41.599+0000] {logging_mixin.py:190} INFO - [2026-10-02T08:47:41.599+0000] {dag.py:3239} INFO - Sync 1 DAGs
[2026-10-02T08:47:41.615+0000] {logging_mixin.py:190} INFO - [2026-10-02T08:47:41.615+0000] {dag.py:4180} INFO - Setting next_dagrun for my_dag to None, run_after=None
[2026-10-02T08:47:41.628+0000] {processor.py:208} INFO - Processing /opt/airflow/dags/my_tasks.py took 0.063 seconds
[2026-10-02T08:48:11.834+0000] {processor.py:186} INFO - Started process (PID=3016) to work on /opt/airflow/dags/my_tasks.py
[2026-10-02T08:48:11.835+0000] {processor.py:914} INFO - Processing file /opt/airflow/dags/my_tasks.py for tasks to queue
[2026-10-02T08:48:11.837+0000] {logging_mixin.py:190} INFO - [2026-10-02T08:48:11.836+0000] {dagbag.py:588} INFO - Filling up the DagBag from /opt/airflow/dags/my_tasks.py
[2026-10-02T08:48:11.843+0000] {processor.py:925} INFO - DAG(s) 'my_dag' retrieved from /opt/airflow/dags/my_tasks.py
[2026-10-02T08:48:11.861+0000] {logging_mixin.py:190} INFO - [2026-10-02T08:48:11.861+0000] {dag.py:3239} INFO - Sync 1 DAGs
[2026-10-02T08:48:11.878+0000] {logging_mixin.py:190} INFO - [2026-10-02T08:48:11.877+0000] {dag.py:4180} INFO - Setting next_dagrun for my_dag to None, run_after=None
[2026-10-02T08:48:11.893+0000] {processor.py:208} INFO - Processing /opt/airflow/dags/my_tasks.py took 0.062 seconds
[2026-10-02T08:48:42.084+0000] {processor.py:186} INFO - Started process (PID=3027) to work on /opt/airflow/dags/my_tasks.py
[2026-10-02T08:48:42.085+0000] {processor.py:914} INFO - Processing file /opt/airflow/dags/my_tasks.py for tasks to queue
[2026-10-02T08:48:42.086+0000] {logging_mixin.py:190} INFO - [2026-10-02T08:48:42.086+0000] {dagbag.py:588} INFO - Filling up the DagBag from /opt/airflow/dags/my_tasks.py
[2026-10-02T08:48:42.093+0000] {processor.py:925} INFO - DAG(s) 'my_dag' retrieved from /opt/airflow/dags/my_tasks.py
[2026-10-02T08:48:42.111+0000] {logging_mixin.py:190} INFO - [2026-10-02T08:48:42.111+0000] {dag.py:3239} INFO - Sync 1 DAGs
[2026-10-02T08:48:42.127+0000] {logging_mixin.py:190} INFO - [2026-10-02T08:48:42.126+0000] {dag.py:4180} INFO - Setting next_dagrun for my_dag to None, run_after=None
[2026-10-02T08:48:42.143+0000] {processor.py:208} INFO - Processing /opt/airflow/dags/my_tasks.py took 0.063 seconds
[2026-10-02T08:49:12.357+0000] {processor.py:186} INFO - Started process (PID=3038) to work on /opt/airflow/dags/my_tasks.py
[2026-10-02T08:49:12.365+0000] {processor.py:914} INFO - Processing file /opt/airflow/dags/my_tasks.py for tasks to queue
[2026-10-02T08:49:12.367+0000] {logging_mixin.py:190} INFO - [2026-10-02T08:49:12.367+0000] {dagbag.py:588} INFO - Filling up the DagBag from /opt/airflow/dags/my_tasks.py
[2026-10-02T08:49:12.375+0000] {processor.py:925} INFO - DAG(s) 'my_dag' retrieved from /opt/airflow/dags/my_tasks.py
[2026-10-02T08:49:12.392+0000] {logging_mixin.py:190} INFO - [2026-10-02T08:49:12.392+0000] {dag.py:3239} INFO - Sync 1 DAGs
[2026-10-02T08:49:12.409+0000] {logging_mixin.py:190} INFO - [2026-10-02T08:49:12.409+0000] {dag.py:4180} INFO - Setting next_dagrun for my_dag to None, run_after=None
[2026-10-02T08:49:12.423+0000] {processor.py:208} INFO - Processing /opt/airflow/dags/my_tasks.py took 0.071 seconds
[2026-10-02T08:49:42.637+0000] {processor.py:186} INFO - Started process (PID=3049) to work on /opt/airflow/dags/my_tasks.py
[2026-10-02T08:49:42.638+0000] {processor.py:914} INFO - Processing file /opt/airflow/dags/my_tasks.py for tasks to queue
[2026-10-02T08:49:42.640+0000] {logging_mixin.py:190} INFO - [2026-10-02T08:49:42.639+0000] {dagbag.py:588} INFO - Filling up the DagBag from /opt/airflow/dags/my_tasks.py
[2026-10-02T08:49:42.646+0000] {processor.py:925} INFO - DAG(s) 'my_dag' retrieved from /opt/airflow/dags/my_tasks.py
[2026-10-02T08:49:42.664+0000] {logging_mixin.py:190} INFO - [2026-10-02T08:49:42.664+0000] {dag.py:3239} INFO - Sync 1 DAGs
[2026-10-02T08:49:42.679+0000] {logging_mixin.py:190} INFO - [2026-10-02T08:49:42.679+0000] {dag.py:4180} INFO - Setting next_dagrun for my_dag to None, run_after=None
[2026-10-02T08:49:42.697+0000] {processor.py:208} INFO - Processing /opt/airflow/dags/my_tasks.py took 0.064 seconds
[2026-10-02T08:50:12.901+0000] {processor.py:186} INFO - Started process (PID=3060) to work on /opt/airflow/dags/my_tasks.py
[2026-10-02T08:50:12.909+0000] {processor.py:914} INFO - Processing file /opt/airflow/dags/my_tasks.py for tasks to queue
[2026-10-02T08:50:12.911+0000] {logging_mixin.py:190} INFO - [2026-10-02T08:50:12.911+0000] {dagbag.py:588} INFO - Filling up the DagBag from /opt/airflow/dags/my_tasks.py
[2026-10-02T08:50:12.921+0000] {processor.py:925} INFO - DAG(s) 'my_dag' retrieved from /opt/airflow/dags/my_tasks.py
[2026-10-02T08:50:12.941+0000] {logging_mixin.py:190} INFO - [2026-10-02T08:50:12.941+0000] {dag.py:3239} INFO - Sync 1 DAGs
[2026-10-02T08:50:12.957+0000] {logging_mixin.py:190} INFO - [2026-10-02T08:50:12.957+0000] {dag.py:4180} INFO - Setting next_dagrun for my_dag to None, run_after=None
[2026-10-02T08:50:12.972+0000] {processor.py:208} INFO - Processing /opt/airflow/dags/my_tasks.py took 0.075 seconds
[2026-10-02T08:50:43.168+0000] {processor.py:186} INFO - Started process (PID=3071) to work on /opt/airflow/dags/my_tasks.py
[2026-10-02T08:50:43.168+0000] {processor.py:914} INFO - Processing file /opt/airflow/dags/my_tasks.py for tasks to queue
[2026-10-02T08:50:43.170+0000] {logging_mixin.py:190} INFO - [2026-10-02T08:50:43.170+0000] {dagbag.py:588} INFO - Filling up the DagBag from /opt/airflow/dags/my_tasks.py
[2026-10-02T08:50:43.177+0000] {processor.py:925} INFO - DAG(s) 'my_dag' retrieved from /opt/airflow/dags/my_tasks.py
[2026-10-02T08:50:43.195+0000] {logging_mixin.py:190} INFO - [2026-10-02T08:50:43.195+0000] {dag.py:3239} INFO - Sync 1 DAGs
[2026-10-02T08:50:43.212+0000] {logging_mixin.py:190} INFO - [2026-10-02T08:50:43.211+0000] {dag.py:4180} INFO - Setting next_dagrun for my_dag to None, run_after=None
[2026-10-02T08:50:43.332+0000] {processor.py:208} INFO - Processing /opt/airflow/dags/my_tasks.py took 0.168 seconds
[2026-10-02T08:51:13.436+0000] {processor.py:186} INFO - Started process (PID=3082) to work on /opt/airflow/dags/my_tasks.py
[2026-10-02T08:51:13.444+0000] {processor.py:914} INFO - Processing file /opt/airflow/dags/my_tasks.py for tasks to queue
[2026-10-02T08:51:13.446+0000] {logging_mixin.py:190} INFO - [2026-10-02T08:51:13.446+0000] {dagbag.py:588} INFO - Filling up the DagBag from /opt/airflow/dags/my_tasks.py
[2026-10-02T08:51:13.454+0000] {processor.py:925} INFO - DAG(s) 'my_dag' retrieved from /opt/airflow/dags/my_tasks.py
[2026-10-02T08:51:13.473+0000] {logging_mixin.py:190} INFO - [2026-10-02T08:51:13.473+0000] {dag.py:3239} INFO - Sync 1 DAGs
[2026-10-02T08:51:13.491+0000] {logging_mixin.py:190} INFO - [2026-10-02T08:51:13.491+0000] {dag.py:4180} INFO - Setting next_dagrun for my_dag to None, run_after=None
[2026-10-02T08:51:13.505+0000] {processor.py:208} INFO - Processing /opt/airflow/dags/my_tasks.py took 0.073 seconds
[2026-10-02T08:51:43.757+0000] {processor.py:186} INFO - Started process (PID=3093) to work on /opt/airflow/dags/my_tasks.py
[2026-10-02T08:51:43.765+0000] {processor.py:914} INFO - Processing file /opt/airflow/dags/my_tasks.py for tasks to queue
[2026-10-02T08:51:43.767+0000] {logging_mixin.py:190} INFO - [2026-10-02T08:51:43.767+0000] {dagbag.py:588} INFO - Filling up the DagBag from /opt/airflow/dags/my_tasks.py
[2026-10-02T08:51:43.776+0000] {processor.py:925} INFO - DAG(s) 'my_dag' retrieved from /opt/airflow/dags/my_tasks.py
[2026-10-02T08:51:43.794+0000] {logging_mixin.py:190} INFO - [2026-10-02T08:51:43.794+0000] {dag.py:3239} INFO - Sync 1 DAGs
[2026-10-02T08:51:43.810+0000] {logging_mixin.py:190} INFO - [2026-10-02T08:51:43.810+0000] {dag.py:4180} INFO - Setting next_dagrun for my_dag to None, run_after=None
[2026-10-02T08:51:43.825+0000] {processor.py:208} INFO - Processing /opt/airflow/dags/my_tasks.py took 0.071 seconds
[2026-10-02T08:52:14.037+0000] {processor.py:186} INFO - Started process (PID=3104) to work on /opt/airflow/dags/my_tasks.py
[2026-10-02T08:52:14.037+0000] {processor.py:914} INFO - Processing file /opt/airflow/dags/my_tasks.py for tasks to queue
[2026-10-02T08:52:14.039+0000] {logging_mixin.py:190} INFO - [2026-10-02T08:52:14.038+0000] {dagbag.py:588} INFO - Filling up the DagBag from /opt/airflow/dags/my_tasks.py
[2026-10-02T08:52:14.046+0000] {processor.py:925} INFO - DAG(s) 'my_dag' retrieved from /opt/airflow/dags/my_tasks.py
[2026-10-02T08:52:14.063+0000] {logging_mixin.py:190} INFO - [2026-10-02T08:52:14.063+0000] {dag.py:3239} INFO - Sync 1 DAGs
[2026-10-02T08:52:14.079+0000] {logging_mixin.py:190} INFO - [2026-10-02T08:52:14.079+0000] {dag.py:4180} INFO - Setting next_dagrun for my_dag to None, run_after=None
[2026-10-02T08:52:14.096+0000] {processor.py:208} INFO - Processing /opt/airflow/dags/my_tasks.py took 0.064 seconds
[2026-10-02T08:52:44.306+0000] {processor.py:186} INFO - Started process (PID=3115) to work on /opt/airflow/dags/my_tasks.py
[2026-10-02T08:52:44.314+0000] {processor.py:914} INFO - Processing file /opt/airflow/dags/my_tasks.py for tasks to queue
[2026-10-02T08:52:44.316+0000] {logging_mixin.py:190} INFO - [2026-10-02T08:52:44.316+0000] {dagbag.py:588} INFO - Filling up the DagBag from /opt/airflow/dags/my_tasks.py
[2026-10-02T08:52:44.326+0000] {processor.py:925} INFO - DAG(s) 'my_dag' retrieved from /opt/airflow/dags/my_tasks.py
[2026-10-02T08:52:44.344+0000] {logging_mixin.py:190} INFO - [2026-10-02T08:52:44.344+0000] {dag.py:3239} INFO - Sync 1 DAGs
[2026-10-02T08:52:44.461+0000] {logging_mixin.py:190} INFO - [2026-10-02T08:52:44.461+0000] {dag.py:4180} INFO - Setting next_dagrun for my_dag to None, run_after=None
[2026-10-02T08:52:44.475+0000] {processor.py:208} INFO - Processing /opt/airflow/dags/my_tasks.py took 0.172 seconds
[2026-10-02T08:53:14.577+0000] {processor.py:186} INFO - Started process (PID=3126) to work on /opt/airflow/dags/my_tasks.py
[2026-10-02T08:53:14.578+0000] {processor.py:914} INFO - Processing file /opt/airflow/dags/my_tasks.py for tasks to queue
[2026-10-02T08:53:14.580+0000] {logging_mixin.py:190} INFO - [2026-10-02T08:53:14.579+0000] {dagbag.py:588} INFO - Filling up the DagBag from /opt/airflow/dags/my_tasks.py
[2026-10-02T08:53:14.587+0000] {processor.py:925} INFO - DAG(s) 'my_dag' retrieved from /opt/airflow/dags/my_tasks.py
[2026-10-02T08:53:14.606+0000] {logging_mixin.py:190} INFO - [2026-10-02T08:53:14.605+0000] {dag.py:3239} INFO - Sync 1 DAGs
[2026-10-02T08:53:14.622+0000] {logging_mixin.py:190} INFO - [2026-10-02T08:53:14.622+0000] {dag.py:4180} INFO - Setting next_dagrun for my_dag to None, run_after=None
[2026-10-02T08:53:14.635+0000] {processor.py:208} INFO - Processing /opt/airflow/dags/my_tasks.py took 0.065 seconds
[2026-10-02T08:53:44.835+0000] {processor.py:186} INFO - Started process (PID=3143) to work on /opt/airflow/dags/my_tasks.py
[2026-10-02T08:53:44.842+0000] {processor.py:914} INFO - Processing file /opt/airflow/dags/my_tasks.py for tasks to queue
[2026-10-02T08:53:44.844+0000] {logging_mixin.py:190} INFO - [2026-10-02T08:53:44.844+0000] {dagbag.py:588} INFO - Filling up the DagBag from /opt/airflow/dags/my_tasks.py
[2026-10-02T08:53:44.851+0000] {processor.py:925} INFO - DAG(s) 'my_dag' retrieved from /opt/airflow/dags/my_tasks.py
[2026-10-02T08:53:44.869+0000] {logging_mixin.py:190} INFO - [2026-10-02T08:53:44.869+0000] {dag.py:3239} INFO - Sync 1 DAGs
[2026-10-02T08:53:44.885+0000] {logging_mixin.py:190} INFO - [2026-10-02T08:53:44.884+0000] {dag.py:4180} INFO - Setting next_dagrun for my_dag to None, run_after=None
[2026-10-02T08:53:44.898+0000] {processor.py:208} INFO - Processing /opt/airflow/dags/my_tasks.py took 0.069 seconds
[2026-10-02T08:54:15.098+0000] {processor.py:186} INFO - Started process (PID=3154) to work on /opt/airflow/dags/my_tasks.py
[2026-10-02T08:54:15.106+0000] {processor.py:914} INFO - Processing file /opt/airflow/dags/my_tasks.py for tasks to queue
[2026-10-02T08:54:15.108+0000] {logging_mixin.py:190} INFO - [2026-10-02T08:54:15.107+0000] {dagbag.py:588} INFO - Filling up the DagBag from /opt/airflow/dags/my_tasks.py
[2026-10-02T08:54:15.117+0000] {processor.py:925} INFO - DAG(s) 'my_dag' retrieved from /opt/airflow/dags/my_tasks.py
[2026-10-02T08:54:15.137+0000] {logging_mixin.py:190} INFO - [2026-10-02T08:54:15.136+0000] {dag.py:3239} INFO - Sync 1 DAGs
[2026-10-02T08:54:15.154+0000] {logging_mixin.py:190} INFO - [2026-10-02T08:54:15.154+0000] {dag.py:4180} INFO - Setting next_dagrun for my_dag to None, run_after=None
[2026-10-02T08:54:15.170+0000] {processor.py:208} INFO - Processing /opt/airflow/dags/my_tasks.py took 0.076 seconds
[2026-10-02T08:54:45.361+0000] {processor.py:186} INFO - Started process (PID=3165) to work on /opt/airflow/dags/my_tasks.py
[2026-10-02T08:54:45.369+0000] {processor.py:914} INFO - Processing file /opt/airflow/dags/my_tasks.py for tasks to queue
[2026-10-02T08:54:45.372+0000] {logging_mixin.py:190} INFO - [2026-10-02T08:54:45.371+0000] {dagbag.py:588} INFO - Filling up the DagBag from /opt/airflow/dags/my_tasks.py
[2026-10-02T08:54:45.382+0000] {processor.py:925} INFO - DAG(s) 'my_dag' retrieved from /opt/airflow/dags/my_tasks.py
[2026-10-02T08:54:45.399+0000] {logging_mixin.py:190} INFO - [2026-10-02T08:54:45.399+0000] {dag.py:3239} INFO - Sync 1 DAGs
[2026-10-02T08:54:45.416+0000] {logging_mixin.py:190} INFO - [2026-10-02T08:54:45.415+0000] {dag.py:4180} INFO - Setting next_dagrun for my_dag to None, run_after=None
[2026-10-02T08:54:45.429+0000] {processor.py:208} INFO - Processing /opt/airflow/dags/my_tasks.py took 0.072 seconds
[2026-10-02T08:55:15.640+0000] {processor.py:186} INFO - Started process (PID=3176) to work on /opt/airflow/dags/my_tasks.py
[2026-10-02T08:55:15.640+0000] {processor.py:914} INFO - Processing file /opt/airflow/dags/my_tasks.py for tasks to queue
[2026-10-02T08:55:15.642+0000] {logging_mixin.py:190} INFO - [2026-10-02T08:55:15.642+0000] {dagbag.py:588} INFO - Filling up the DagBag from /opt/airflow/dags/my_tasks.py
[2026-10-02T08:55:15.649+0000] {processor.py:925} INFO - DAG(s) 'my_dag' retrieved from /opt/airflow/dags/my_tasks.py
[2026-10-02T08:55:15.667+0000] {logging_mixin.py:190} INFO - [2026-10-02T08:55:15.666+0000] {dag.py:3239} INFO - Sync 1 DAGs
[2026-10-02T08:55:15.683+0000] {logging_mixin.py:190} INFO - [2026-10-02T08:55:15.683+0000] {dag.py:4180} INFO - Setting next_dagrun for my_dag to None, run_after=None
[2026-10-02T08:55:15.698+0000] {processor.py:208} INFO - Processing /opt/airflow/dags/my_tasks.py took 0.063 seconds
[2026-10-02T08:55:45.908+0000] {processor.py:186} INFO - Started process (PID=3187) to work on /opt/airflow/dags/my_tasks.py
[2026-10-02T08:55:45.908+0000] {processor.py:914} INFO - Processing file /opt/airflow/dags/my_tasks.py for tasks to queue
[2026-10-02T08:55:45.909+0000] {logging_mixin.py:190} INFO - [2026-10-02T08:55:45.909+0000] {dagbag.py:588} INFO - Filling up the DagBag from /opt/airflow/dags/my_tasks.py
[2026-10-02T08:55:45.917+0000] {processor.py:925} INFO - DAG(s) 'my_dag' retrieved from /opt/airflow/dags/my_tasks.py
[2026-10-02T08:55:45.934+0000] {logging_mixin.py:190} INFO - [2026-10-02T08:55:45.934+0000] {dag.py:3239} INFO - Sync 1 DAGs
[2026-10-02T08:55:45.950+0000] {logging_mixin.py:190} INFO - [2026-10-02T08:55:45.950+0000] {dag.py:4180} INFO - Setting next_dagrun for my_dag to None, run_after=None
[2026-10-02T08:55:45.964+0000] {processor.py:208} INFO - Processing /opt/airflow/dags/my_tasks.py took 0.061 seconds
[2026-10-02T08:56:16.161+0000] {processor.py:186} INFO - Started process (PID=3198) to work on /opt/airflow/dags/my_tasks.py
[2026-10-02T08:56:16.161+0000] {processor.py:914} INFO - Processing file /opt/airflow/dags/my_tasks.py for tasks to queue
[2026-10-02T08:56:16.163+0000] {logging_mixin.py:190} INFO - [2026-10-02T08:56:16.163+0000] {dagbag.py:588} INFO - Filling up the DagBag from /opt/airflow/dags/my_tasks.py
[2026-10-02T08:56:16.170+0000] {processor.py:925} INFO - DAG(s) 'my_dag' retrieved from /opt/airflow/dags/my_tasks.py
[2026-10-02T08:56:16.188+0000] {logging_mixin.py:190} INFO - [2026-10-02T08:56:16.188+0000] {dag.py:3239} INFO - Sync 1 DAGs
[2026-10-02T08:56:16.205+0000] {logging_mixin.py:190} INFO - [2026-10-02T08:56:16.205+0000] {dag.py:4180} INFO - Setting next_dagrun for my_dag to None, run_after=None
[2026-10-02T08:56:16.326+0000] {processor.py:208} INFO - Processing /opt/airflow/dags/my_tasks.py took 0.170 seconds
[2026-10-02T08:56:46.440+0000] {processor.py:186} INFO - Started process (PID=3209) to work on /opt/airflow/dags/my_tasks.py
[2026-10-02T08:56:46.446+0000] {processor.py:914} INFO - Processing file /opt/airflow/dags/my_tasks.py for tasks to queue
[2026-10-02T08:56:46.449+0000] {logging_mixin.py:190} INFO - [2026-10-02T08:56:46.448+0000] {dagbag.py:588} INFO - Filling up the DagBag from /opt/airflow/dags/my_tasks.py
[2026-10-02T08:56:46.456+0000] {processor.py:925} INFO - DAG(s) 'my_dag' retrieved from /opt/airflow/dags/my_tasks.py
[2026-10-02T08:56:46.475+0000] {logging_mixin.py:190} INFO - [2026-10-02T08:56:46.475+0000] {dag.py:3239} INFO - Sync 1 DAGs
[2026-10-02T08:56:46.491+0000] {logging_mixin.py:190} INFO - [2026-10-02T08:56:46.491+0000] {dag.py:4180} INFO - Setting next_dagrun for my_dag to None, run_after=None
[2026-10-02T08:56:46.506+0000] {processor.py:208} INFO - Processing /opt/airflow/dags/my_tasks.py took 0.072 seconds
[2026-10-02T08:57:16.770+0000] {processor.py:186} INFO - Started process (PID=3220) to work on /opt/airflow/dags/my_tasks.py
[2026-10-02T08:57:16.778+0000] {processor.py:914} INFO - Processing file /opt/airflow/dags/my_tasks.py for tasks to queue
[2026-10-02T08:57:16.781+0000] {logging_mixin.py:190} INFO - [2026-10-02T08:57:16.780+0000] {dagbag.py:588} INFO - Filling up the DagBag from /opt/airflow/dags/my_tasks.py
[2026-10-02T08:57:16.790+0000] {processor.py:925} INFO - DAG(s) 'my_dag' retrieved from /opt/airflow/dags/my_tasks.py
[2026-10-02T08:57:16.808+0000] {logging_mixin.py:190} INFO - [2026-10-02T08:57:16.808+0000] {dag.py:3239} INFO - Sync 1 DAGs
[2026-10-02T08:57:16.824+0000] {logging_mixin.py:190} INFO - [2026-10-02T08:57:16.824+0000] {dag.py:4180} INFO - Setting next_dagrun for my_dag to None, run_after=None
[2026-10-02T08:57:16.837+0000] {processor.py:208} INFO - Processing /opt/airflow/dags/my_tasks.py took 0.071 seconds
[2026-10-02T08:57:47.025+0000] {processor.py:186} INFO - Started process (PID=3231) to work on /opt/airflow/dags/my_tasks.py
[2026-10-02T08:57:47.026+0000] {processor.py:914} INFO - Processing file /opt/airflow/dags/my_tasks.py for tasks to queue
[2026-10-02T08:57:47.027+0000] {logging_mixin.py:190} INFO - [2026-10-02T08:57:47.027+0000] {dagbag.py:588} INFO - Filling up the DagBag from /opt/airflow/dags/my_tasks.py
[2026-10-02T08:57:47.034+0000] {processor.py:925} INFO - DAG(s) 'my_dag' retrieved from /opt/airflow/dags/my_tasks.py
[2026-10-02T08:57:47.052+0000] {logging_mixin.py:190} INFO - [2026-10-02T08:57:47.052+0000] {dag.py:3239} INFO - Sync 1 DAGs
[2026-10-02T08:57:47.068+0000] {logging_mixin.py:190} INFO - [2026-10-02T08:57:47.067+0000] {dag.py:4180} INFO - Setting next_dagrun for my_dag to None, run_after=None
[2026-10-02T08:57:47.081+0000] {processor.py:208} INFO - Processing /opt/airflow/dags/my_tasks.py took 0.060 seconds
[2026-10-02T08:58:17.297+0000] {processor.py:186} INFO - Started process (PID=3242) to work on /opt/airflow/dags/my_tasks.py
[2026-10-02T08:58:17.305+0000] {processor.py:914} INFO - Processing file /opt/airflow/dags/my_tasks.py for tasks to queue
[2026-10-02T08:58:17.307+0000] {logging_mixin.py:190} INFO - [2026-10-02T08:58:17.307+0000] {dagbag.py:588} INFO - Filling up the DagBag from /opt/airflow/dags/my_tasks.py
[2026-10-02T08:58:17.314+0000] {processor.py:925} INFO - DAG(s) 'my_dag' retrieved from /opt/airflow/dags/my_tasks.py
[2026-10-02T08:58:17.332+0000] {logging_mixin.py:190} INFO - [2026-10-02T08:58:17.332+0000] {dag.py:3239} INFO - Sync 1 DAGs
[2026-10-02T08:58:17.447+0000] {logging_mixin.py:190} INFO - [2026-10-02T08:58:17.447+0000] {dag.py:4180} INFO - Setting next_dagrun for my_dag to None, run_after=None
[2026-10-02T08:58:17.469+0000] {processor.py:208} INFO - Processing /opt/airflow/dags/my_tasks.py took 0.176 seconds
[2026-10-02T08:58:47.572+0000] {processor.py:186} INFO - Started process (PID=3253) to work on /opt/airflow/dags/my_tasks.py
[2026-10-02T08:58:47.580+0000] {processor.py:914} INFO - Processing file /opt/airflow/dags/my_tasks.py for tasks to queue
[2026-10-02T08:58:47.583+0000] {logging_mixin.py:190} INFO - [2026-10-02T08:58:47.582+0000] {dagbag.py:588} INFO - Filling up the DagBag from /opt/airflow/dags/my_tasks.py
[2026-10-02T08:58:47.591+0000] {processor.py:925} INFO - DAG(s) 'my_dag' retrieved from /opt/airflow/dags/my_tasks.py
[2026-10-02T08:58:47.610+0000] {logging_mixin.py:190} INFO - [2026-10-02T08:58:47.609+0000] {dag.py:3239} INFO - Sync 1 DAGs
[2026-10-02T08:58:47.625+0000] {logging_mixin.py:190} INFO - [2026-10-02T08:58:47.625+0000] {dag.py:4180} INFO - Setting next_dagrun for my_dag to None, run_after=None
[2026-10-02T08:58:47.640+0000] {processor.py:208} INFO - Processing /opt/airflow/dags/my_tasks.py took 0.074 seconds
[2026-10-02T08:59:17.920+0000] {processor.py:186} INFO - Started process (PID=3264) to work on /opt/airflow/dags/my_tasks.py
[2026-10-02T08:59:17.920+0000] {processor.py:914} INFO - Processing file /opt/airflow/dags/my_tasks.py for tasks to queue
[2026-10-02T08:59:17.922+0000] {logging_mixin.py:190} INFO - [2026-10-02T08:59:17.922+0000] {dagbag.py:588} INFO - Filling up the DagBag from /opt/airflow/dags/my_tasks.py
[2026-10-02T08:59:17.929+0000] {processor.py:925} INFO - DAG(s) 'my_dag' retrieved from /opt/airflow/dags/my_tasks.py
[2026-10-02T08:59:17.947+0000] {logging_mixin.py:190} INFO - [2026-10-02T08:59:17.946+0000] {dag.py:3239} INFO - Sync 1 DAGs
[2026-10-02T08:59:17.962+0000] {logging_mixin.py:190} INFO - [2026-10-02T08:59:17.962+0000] {dag.py:4180} INFO - Setting next_dagrun for my_dag to None, run_after=None
[2026-10-02T08:59:17.976+0000] {processor.py:208} INFO - Processing /opt/airflow/dags/my_tasks.py took 0.061 seconds
[2026-10-02T08:59:48.193+0000] {processor.py:186} INFO - Started process (PID=3275) to work on /opt/airflow/dags/my_tasks.py
[2026-10-02T08:59:48.194+0000] {processor.py:914} INFO - Processing file /opt/airflow/dags/my_tasks.py for tasks to queue
[2026-10-02T08:59:48.195+0000] {logging_mixin.py:190} INFO - [2026-10-02T08:59:48.195+0000] {dagbag.py:588} INFO - Filling up the DagBag from /opt/airflow/dags/my_tasks.py
[2026-10-02T08:59:48.202+0000] {processor.py:925} INFO - DAG(s) 'my_dag' retrieved from /opt/airflow/dags/my_tasks.py
[2026-10-02T08:59:48.220+0000] {logging_mixin.py:190} INFO - [2026-10-02T08:59:48.220+0000] {dag.py:3239} INFO - Sync 1 DAGs
[2026-10-02T08:59:48.236+0000] {logging_mixin.py:190} INFO - [2026-10-02T08:59:48.236+0000] {dag.py:4180} INFO - Setting next_dagrun for my_dag to None, run_after=None
[2026-10-02T08:59:48.251+0000] {processor.py:208} INFO - Processing /opt/airflow/dags/my_tasks.py took 0.062 seconds
[2026-10-02T09:00:18.463+0000] {processor.py:186} INFO - Started process (PID=3286) to work on /opt/airflow/dags/my_tasks.py
[2026-10-02T09:00:18.470+0000] {processor.py:914} INFO - Processing file /opt/airflow/dags/my_tasks.py for tasks to queue
[2026-10-02T09:00:18.473+0000] {logging_mixin.py:190} INFO - [2026-10-02T09:00:18.473+0000] {dagbag.py:588} INFO - Filling up the DagBag from /opt/airflow/dags/my_tasks.py
[2026-10-02T09:00:18.482+0000] {processor.py:925} INFO - DAG(s) 'my_dag' retrieved from /opt/airflow/dags/my_tasks.py
[2026-10-02T09:00:18.500+0000] {logging_mixin.py:190} INFO - [2026-10-02T09:00:18.500+0000] {dag.py:3239} INFO - Sync 1 DAGs
[2026-10-02T09:00:18.618+0000] {logging_mixin.py:190} INFO - [2026-10-02T09:00:18.618+0000] {dag.py:4180} INFO - Setting next_dagrun for my_dag to None, run_after=None
[2026-10-02T09:00:18.644+0000] {processor.py:208} INFO - Processing /opt/airflow/dags/my_tasks.py took 0.185 seconds
[2026-10-02T09:00:48.724+0000] {processor.py:186} INFO - Started process (PID=3297) to work on /opt/airflow/dags/my_tasks.py
[2026-10-02T09:00:48.725+0000] {processor.py:914} INFO - Processing file /opt/airflow/dags/my_tasks.py for tasks to queue
[2026-10-02T09:00:48.727+0000] {logging_mixin.py:190} INFO - [2026-10-02T09:00:48.727+0000] {dagbag.py:588} INFO - Filling up the DagBag from /opt/airflow/dags/my_tasks.py
[2026-10-02T09:00:48.733+0000] {processor.py:925} INFO - DAG(s) 'my_dag' retrieved from /opt/airflow/dags/my_tasks.py
[2026-10-02T09:00:48.751+0000] {logging_mixin.py:190} INFO - [2026-10-02T09:00:48.751+0000] {dag.py:3239} INFO - Sync 1 DAGs
[2026-10-02T09:00:48.767+0000] {logging_mixin.py:190} INFO - [2026-10-02T09:00:48.767+0000] {dag.py:4180} INFO - Setting next_dagrun for my_dag to None, run_after=None
[2026-10-02T09:00:48.781+0000] {processor.py:208} INFO - Processing /opt/airflow/dags/my_tasks.py took 0.060 seconds
[2026-10-02T09:01:18.992+0000] {processor.py:186} INFO - Started process (PID=3308) to work on /opt/airflow/dags/my_tasks.py
[2026-10-02T09:01:19.000+0000] {processor.py:914} INFO - Processing file /opt/airflow/dags/my_tasks.py for tasks to queue
[2026-10-02T09:01:19.002+0000] {logging_mixin.py:190} INFO - [2026-10-02T09:01:19.002+0000] {dagbag.py:588} INFO - Filling up the DagBag from /opt/airflow/dags/my_tasks.py
[2026-10-02T09:01:19.011+0000] {processor.py:925} INFO - DAG(s) 'my_dag' retrieved from /opt/airflow/dags/my_tasks.py
[2026-10-02T09:01:19.029+0000] {logging_mixin.py:190} INFO - [2026-10-02T09:01:19.029+0000] {dag.py:3239} INFO - Sync 1 DAGs
[2026-10-02T09:01:19.045+0000] {logging_mixin.py:190} INFO - [2026-10-02T09:01:19.044+0000] {dag.py:4180} INFO - Setting next_dagrun for my_dag to None, run_after=None
[2026-10-02T09:01:19.059+0000] {processor.py:208} INFO - Processing /opt/airflow/dags/my_tasks.py took 0.071 seconds
[2026-10-02T09:01:49.258+0000] {processor.py:186} INFO - Started process (PID=3319) to work on /opt/airflow/dags/my_tasks.py
[2026-10-02T09:01:49.259+0000] {processor.py:914} INFO - Processing file /opt/airflow/dags/my_tasks.py for tasks to queue
[2026-10-02T09:01:49.260+0000] {logging_mixin.py:190} INFO - [2026-10-02T09:01:49.260+0000] {dagbag.py:588} INFO - Filling up the DagBag from /opt/airflow/dags/my_tasks.py
[2026-10-02T09:01:49.267+0000] {processor.py:925} INFO - DAG(s) 'my_dag' retrieved from /opt/airflow/dags/my_tasks.py
[2026-10-02T09:01:49.285+0000] {logging_mixin.py:190} INFO - [2026-10-02T09:01:49.285+0000] {dag.py:3239} INFO - Sync 1 DAGs
[2026-10-02T09:01:49.302+0000] {logging_mixin.py:190} INFO - [2026-10-02T09:01:49.301+0000] {dag.py:4180} INFO - Setting next_dagrun for my_dag to None, run_after=None
[2026-10-02T09:01:49.420+0000] {processor.py:208} INFO - Processing /opt/airflow/dags/my_tasks.py took 0.167 seconds
[2026-10-02T09:02:19.526+0000] {processor.py:186} INFO - Started process (PID=3330) to work on /opt/airflow/dags/my_tasks.py
[2026-10-02T09:02:19.534+0000] {processor.py:914} INFO - Processing file /opt/airflow/dags/my_tasks.py for tasks to queue
[2026-10-02T09:02:19.537+0000] {logging_mixin.py:190} INFO - [2026-10-02T09:02:19.537+0000] {dagbag.py:588} INFO - Filling up the DagBag from /opt/airflow/dags/my_tasks.py
[2026-10-02T09:02:19.547+0000] {processor.py:925} INFO - DAG(s) 'my_dag' retrieved from /opt/airflow/dags/my_tasks.py
[2026-10-02T09:02:19.565+0000] {logging_mixin.py:190} INFO - [2026-10-02T09:02:19.565+0000] {dag.py:3239} INFO - Sync 1 DAGs
[2026-10-02T09:02:19.581+0000] {logging_mixin.py:190} INFO - [2026-10-02T09:02:19.581+0000] {dag.py:4180} INFO - Setting next_dagrun for my_dag to None, run_after=None
[2026-10-02T09:02:19.596+0000] {processor.py:208} INFO - Processing /opt/airflow/dags/my_tasks.py took 0.074 seconds
[2026-10-02T09:02:49.857+0000] {processor.py:186} INFO - Started process (PID=3341) to work on /opt/airflow/dags/my_tasks.py
[2026-10-02T09:02:49.858+0000] {processor.py:914} INFO - Processing file /opt/airflow/dags/my_tasks.py for tasks to queue
[2026-10-02T09:02:49.859+0000] {logging_mixin.py:190} INFO - [2026-10-02T09:02:49.859+0000] {dagbag.py:588} INFO - Filling up the DagBag from /opt/airflow/dags/my_tasks.py
[2026-10-02T09:02:49.866+0000] {processor.py:925} INFO - DAG(s) 'my_dag' retrieved from /opt/airflow/dags/my_tasks.py
[2026-10-02T09:02:49.886+0000] {logging_mixin.py:190} INFO - [2026-10-02T09:02:49.886+0000] {dag.py:3239} INFO - Sync 1 DAGs
[2026-10-02T09:02:49.903+0000] {logging_mixin.py:190} INFO - [2026-10-02T09:02:49.903+0000] {dag.py:4180} INFO - Setting next_dagrun for my_dag to None, run_after=None
[2026-10-02T09:02:49.918+0000] {processor.py:208} INFO - Processing /opt/airflow/dags/my_tasks.py took 0.065 seconds
[2026-10-02T09:03:20.123+0000] {processor.py:186} INFO - Started process (PID=3352) to work on /opt/airflow/dags/my_tasks.py
[2026-10-02T09:03:20.131+0000] {processor.py:914} INFO - Processing file /opt/airflow/dags/my_tasks.py for tasks to queue
[2026-10-02T09:03:20.133+0000] {logging_mixin.py:190} INFO - [2026-10-02T09:03:20.133+0000] {dagbag.py:588} INFO - Filling up the DagBag from /opt/airflow/dags/my_tasks.py
[2026-10-02T09:03:20.142+0000] {processor.py:925} INFO - DAG(s) 'my_dag' retrieved from /opt/airflow/dags/my_tasks.py
[2026-10-02T09:03:20.161+0000] {logging_mixin.py:190} INFO - [2026-10-02T09:03:20.161+0000] {dag.py:3239} INFO - Sync 1 DAGs
[2026-10-02T09:03:20.177+0000] {logging_mixin.py:190} INFO - [2026-10-02T09:03:20.177+0000] {dag.py:4180} INFO - Setting next_dagrun for my_dag to None, run_after=None
[2026-10-02T09:03:20.191+0000] {processor.py:208} INFO - Processing /opt/airflow/dags/my_tasks.py took 0.072 seconds
[2026-10-02T09:03:50.386+0000] {processor.py:186} INFO - Started process (PID=3363) to work on /opt/airflow/dags/my_tasks.py
[2026-10-02T09:03:50.388+0000] {processor.py:914} INFO - Processing file /opt/airflow/dags/my_tasks.py for tasks to queue
[2026-10-02T09:03:50.389+0000] {logging_mixin.py:190} INFO - [2026-10-02T09:03:50.389+0000] {dagbag.py:588} INFO - Filling up the DagBag from /opt/airflow/dags/my_tasks.py
[2026-10-02T09:03:50.396+0000] {processor.py:925} INFO - DAG(s) 'my_dag' retrieved from /opt/airflow/dags/my_tasks.py
[2026-10-02T09:03:50.414+0000] {logging_mixin.py:190} INFO - [2026-10-02T09:03:50.414+0000] {dag.py:3239} INFO - Sync 1 DAGs
[2026-10-02T09:03:50.528+0000] {logging_mixin.py:190} INFO - [2026-10-02T09:03:50.528+0000] {dag.py:4180} INFO - Setting next_dagrun for my_dag to None, run_after=None
[2026-10-02T09:03:50.549+0000] {processor.py:208} INFO - Processing /opt/airflow/dags/my_tasks.py took 0.168 seconds
[2026-10-02T09:04:20.638+0000] {processor.py:186} INFO - Started process (PID=3374) to work on /opt/airflow/dags/my_tasks.py
[2026-10-02T09:04:20.639+0000] {processor.py:914} INFO - Processing file /opt/airflow/dags/my_tasks.py for tasks to queue
[2026-10-02T09:04:20.640+0000] {logging_mixin.py:190} INFO - [2026-10-02T09:04:20.640+0000] {dagbag.py:588} INFO - Filling up the DagBag from /opt/airflow/dags/my_tasks.py
[2026-10-02T09:04:20.647+0000] {processor.py:925} INFO - DAG(s) 'my_dag' retrieved from /opt/airflow/dags/my_tasks.py
[2026-10-02T09:04:20.666+0000] {logging_mixin.py:190} INFO - [2026-10-02T09:04:20.665+0000] {dag.py:3239} INFO - Sync 1 DAGs
[2026-10-02T09:04:20.681+0000] {logging_mixin.py:190} INFO - [2026-10-02T09:04:20.681+0000] {dag.py:4180} INFO - Setting next_dagrun for my_dag to None, run_after=None
[2026-10-02T09:04:20.695+0000] {processor.py:208} INFO - Processing /opt/airflow/dags/my_tasks.py took 0.061 seconds
[2026-10-02T09:04:50.886+0000] {processor.py:186} INFO - Started process (PID=3385) to work on /opt/airflow/dags/my_tasks.py
[2026-10-02T09:04:50.887+0000] {processor.py:914} INFO - Processing file /opt/airflow/dags/my_tasks.py for tasks to queue
[2026-10-02T09:04:50.889+0000] {logging_mixin.py:190} INFO - [2026-10-02T09:04:50.889+0000] {dagbag.py:588} INFO - Filling up the DagBag from /opt/airflow/dags/my_tasks.py
[2026-10-02T09:04:50.896+0000] {processor.py:925} INFO - DAG(s) 'my_dag' retrieved from /opt/airflow/dags/my_tasks.py
[2026-10-02T09:04:50.915+0000] {logging_mixin.py:190} INFO - [2026-10-02T09:04:50.915+0000] {dag.py:3239} INFO - Sync 1 DAGs
[2026-10-02T09:04:50.931+0000] {logging_mixin.py:190} INFO - [2026-10-02T09:04:50.930+0000] {dag.py:4180} INFO - Setting next_dagrun for my_dag to None, run_after=None
[2026-10-02T09:04:50.946+0000] {processor.py:208} INFO - Processing /opt/airflow/dags/my_tasks.py took 0.063 seconds
[2026-10-02T09:05:21.159+0000] {processor.py:186} INFO - Started process (PID=3396) to work on /opt/airflow/dags/my_tasks.py
[2026-10-02T09:05:21.167+0000] {processor.py:914} INFO - Processing file /opt/airflow/dags/my_tasks.py for tasks to queue
[2026-10-02T09:05:21.169+0000] {logging_mixin.py:190} INFO - [2026-10-02T09:05:21.168+0000] {dagbag.py:588} INFO - Filling up the DagBag from /opt/airflow/dags/my_tasks.py
[2026-10-02T09:05:21.178+0000] {processor.py:925} INFO - DAG(s) 'my_dag' retrieved from /opt/airflow/dags/my_tasks.py
[2026-10-02T09:05:21.197+0000] {logging_mixin.py:190} INFO - [2026-10-02T09:05:21.197+0000] {dag.py:3239} INFO - Sync 1 DAGs
[2026-10-02T09:05:21.214+0000] {logging_mixin.py:190} INFO - [2026-10-02T09:05:21.213+0000] {dag.py:4180} INFO - Setting next_dagrun for my_dag to None, run_after=None
[2026-10-02T09:05:21.228+0000] {processor.py:208} INFO - Processing /opt/airflow/dags/my_tasks.py took 0.074 seconds
[2026-10-02T09:05:51.434+0000] {processor.py:186} INFO - Started process (PID=3407) to work on /opt/airflow/dags/my_tasks.py
[2026-10-02T09:05:51.442+0000] {processor.py:914} INFO - Processing file /opt/airflow/dags/my_tasks.py for tasks to queue
[2026-10-02T09:05:51.445+0000] {logging_mixin.py:190} INFO - [2026-10-02T09:05:51.444+0000] {dagbag.py:588} INFO - Filling up the DagBag from /opt/airflow/dags/my_tasks.py
[2026-10-02T09:05:51.454+0000] {processor.py:925} INFO - DAG(s) 'my_dag' retrieved from /opt/airflow/dags/my_tasks.py
[2026-10-02T09:05:51.472+0000] {logging_mixin.py:190} INFO - [2026-10-02T09:05:51.472+0000] {dag.py:3239} INFO - Sync 1 DAGs
[2026-10-02T09:05:51.587+0000] {logging_mixin.py:190} INFO - [2026-10-02T09:05:51.586+0000] {dag.py:4180} INFO - Setting next_dagrun for my_dag to None, run_after=None
[2026-10-02T09:05:51.608+0000] {processor.py:208} INFO - Processing /opt/airflow/dags/my_tasks.py took 0.178 seconds
[2026-10-02T09:06:21.694+0000] {processor.py:186} INFO - Started process (PID=3418) to work on /opt/airflow/dags/my_tasks.py
[2026-10-02T09:06:21.702+0000] {processor.py:914} INFO - Processing file /opt/airflow/dags/my_tasks.py for tasks to queue
[2026-10-02T09:06:21.706+0000] {logging_mixin.py:190} INFO - [2026-10-02T09:06:21.704+0000] {dagbag.py:588} INFO - Filling up the DagBag from /opt/airflow/dags/my_tasks.py
[2026-10-02T09:06:21.715+0000] {processor.py:925} INFO - DAG(s) 'my_dag' retrieved from /opt/airflow/dags/my_tasks.py
[2026-10-02T09:06:21.734+0000] {logging_mixin.py:190} INFO - [2026-10-02T09:06:21.734+0000] {dag.py:3239} INFO - Sync 1 DAGs
[2026-10-02T09:06:21.750+0000] {logging_mixin.py:190} INFO - [2026-10-02T09:06:21.750+0000] {dag.py:4180} INFO - Setting next_dagrun for my_dag to None, run_after=None
[2026-10-02T09:06:21.765+0000] {processor.py:208} INFO - Processing /opt/airflow/dags/my_tasks.py took 0.075 seconds
[2026-10-02T09:06:51.967+0000] {processor.py:186} INFO - Started process (PID=3429) to work on /opt/airflow/dags/my_tasks.py
[2026-10-02T09:06:51.975+0000] {processor.py:914} INFO - Processing file /opt/airflow/dags/my_tasks.py for tasks to queue
[2026-10-02T09:06:51.979+0000] {logging_mixin.py:190} INFO - [2026-10-02T09:06:51.978+0000] {dagbag.py:588} INFO - Filling up the DagBag from /opt/airflow/dags/my_tasks.py
[2026-10-02T09:06:51.988+0000] {processor.py:925} INFO - DAG(s) 'my_dag' retrieved from /opt/airflow/dags/my_tasks.py
[2026-10-02T09:06:52.005+0000] {logging_mixin.py:190} INFO - [2026-10-02T09:06:52.005+0000] {dag.py:3239} INFO - Sync 1 DAGs
[2026-10-02T09:06:52.022+0000] {logging_mixin.py:190} INFO - [2026-10-02T09:06:52.021+0000] {dag.py:4180} INFO - Setting next_dagrun for my_dag to None, run_after=None
[2026-10-02T09:06:52.035+0000] {processor.py:208} INFO - Processing /opt/airflow/dags/my_tasks.py took 0.075 seconds
[2026-10-02T09:07:22.232+0000] {processor.py:186} INFO - Started process (PID=3440) to work on /opt/airflow/dags/my_tasks.py
[2026-10-02T09:07:22.236+0000] {processor.py:914} INFO - Processing file /opt/airflow/dags/my_tasks.py for tasks to queue
[2026-10-02T09:07:22.238+0000] {logging_mixin.py:190} INFO - [2026-10-02T09:07:22.238+0000] {dagbag.py:588} INFO - Filling up the DagBag from /opt/airflow/dags/my_tasks.py
[2026-10-02T09:07:22.248+0000] {processor.py:925} INFO - DAG(s) 'my_dag' retrieved from /opt/airflow/dags/my_tasks.py
[2026-10-02T09:07:22.267+0000] {logging_mixin.py:190} INFO - [2026-10-02T09:07:22.267+0000] {dag.py:3239} INFO - Sync 1 DAGs
[2026-10-02T09:07:22.284+0000] {logging_mixin.py:190} INFO - [2026-10-02T09:07:22.284+0000] {dag.py:4180} INFO - Setting next_dagrun for my_dag to None, run_after=None
[2026-10-02T09:07:22.404+0000] {processor.py:208} INFO - Processing /opt/airflow/dags/my_tasks.py took 0.176 seconds
[2026-10-02T09:07:52.487+0000] {processor.py:186} INFO - Started process (PID=3451) to work on /opt/airflow/dags/my_tasks.py
[2026-10-02T09:07:52.487+0000] {processor.py:914} INFO - Processing file /opt/airflow/dags/my_tasks.py for tasks to queue
[2026-10-02T09:07:52.489+0000] {logging_mixin.py:190} INFO - [2026-10-02T09:07:52.488+0000] {dagbag.py:588} INFO - Filling up the DagBag from /opt/airflow/dags/my_tasks.py
[2026-10-02T09:07:52.496+0000] {processor.py:925} INFO - DAG(s) 'my_dag' retrieved from /opt/airflow/dags/my_tasks.py
[2026-10-02T09:07:52.515+0000] {logging_mixin.py:190} INFO - [2026-10-02T09:07:52.515+0000] {dag.py:3239} INFO - Sync 1 DAGs
[2026-10-02T09:07:52.634+0000] {logging_mixin.py:190} INFO - [2026-10-02T09:07:52.633+0000] {dag.py:4180} INFO - Setting next_dagrun for my_dag to None, run_after=None
[2026-10-02T09:07:52.654+0000] {processor.py:208} INFO - Processing /opt/airflow/dags/my_tasks.py took 0.172 seconds
[2026-10-02T09:08:22.853+0000] {processor.py:186} INFO - Started process (PID=3462) to work on /opt/airflow/dags/my_tasks.py
[2026-10-02T09:08:22.856+0000] {processor.py:914} INFO - Processing file /opt/airflow/dags/my_tasks.py for tasks to queue
[2026-10-02T09:08:22.858+0000] {logging_mixin.py:190} INFO - [2026-10-02T09:08:22.858+0000] {dagbag.py:588} INFO - Filling up the DagBag from /opt/airflow/dags/my_tasks.py
[2026-10-02T09:08:22.866+0000] {processor.py:925} INFO - DAG(s) 'my_dag' retrieved from /opt/airflow/dags/my_tasks.py
[2026-10-02T09:08:22.884+0000] {logging_mixin.py:190} INFO - [2026-10-02T09:08:22.884+0000] {dag.py:3239} INFO - Sync 1 DAGs
[2026-10-02T09:08:22.899+0000] {logging_mixin.py:190} INFO - [2026-10-02T09:08:22.899+0000] {dag.py:4180} INFO - Setting next_dagrun for my_dag to None, run_after=None
[2026-10-02T09:08:22.914+0000] {processor.py:208} INFO - Processing /opt/airflow/dags/my_tasks.py took 0.066 seconds
[2026-10-02T09:08:53.118+0000] {processor.py:186} INFO - Started process (PID=3473) to work on /opt/airflow/dags/my_tasks.py
[2026-10-02T09:08:53.126+0000] {processor.py:914} INFO - Processing file /opt/airflow/dags/my_tasks.py for tasks to queue
[2026-10-02T09:08:53.128+0000] {logging_mixin.py:190} INFO - [2026-10-02T09:08:53.127+0000] {dagbag.py:588} INFO - Filling up the DagBag from /opt/airflow/dags/my_tasks.py
[2026-10-02T09:08:53.136+0000] {processor.py:925} INFO - DAG(s) 'my_dag' retrieved from /opt/airflow/dags/my_tasks.py
[2026-10-02T09:08:53.153+0000] {logging_mixin.py:190} INFO - [2026-10-02T09:08:53.153+0000] {dag.py:3239} INFO - Sync 1 DAGs
[2026-10-02T09:08:53.170+0000] {logging_mixin.py:190} INFO - [2026-10-02T09:08:53.169+0000] {dag.py:4180} INFO - Setting next_dagrun for my_dag to None, run_after=None
[2026-10-02T09:08:53.184+0000] {processor.py:208} INFO - Processing /opt/airflow/dags/my_tasks.py took 0.070 seconds
[2026-10-02T09:09:23.403+0000] {processor.py:186} INFO - Started process (PID=3484) to work on /opt/airflow/dags/my_tasks.py
[2026-10-02T09:09:23.405+0000] {processor.py:914} INFO - Processing file /opt/airflow/dags/my_tasks.py for tasks to queue
[2026-10-02T09:09:23.407+0000] {logging_mixin.py:190} INFO - [2026-10-02T09:09:23.406+0000] {dagbag.py:588} INFO - Filling up the DagBag from /opt/airflow/dags/my_tasks.py
[2026-10-02T09:09:23.413+0000] {processor.py:925} INFO - DAG(s) 'my_dag' retrieved from /opt/airflow/dags/my_tasks.py
[2026-10-02T09:09:23.432+0000] {logging_mixin.py:190} INFO - [2026-10-02T09:09:23.432+0000] {dag.py:3239} INFO - Sync 1 DAGs
[2026-10-02T09:09:23.550+0000] {logging_mixin.py:190} INFO - [2026-10-02T09:09:23.550+0000] {dag.py:4180} INFO - Setting next_dagrun for my_dag to None, run_after=None
[2026-10-02T09:09:23.571+0000] {processor.py:208} INFO - Processing /opt/airflow/dags/my_tasks.py took 0.172 seconds
[2026-10-02T09:09:53.664+0000] {processor.py:186} INFO - Started process (PID=3495) to work on /opt/airflow/dags/my_tasks.py
[2026-10-02T09:09:53.672+0000] {processor.py:914} INFO - Processing file /opt/airflow/dags/my_tasks.py for tasks to queue
[2026-10-02T09:09:53.674+0000] {logging_mixin.py:190} INFO - [2026-10-02T09:09:53.674+0000] {dagbag.py:588} INFO - Filling up the DagBag from /opt/airflow/dags/my_tasks.py
[2026-10-02T09:09:53.683+0000] {processor.py:925} INFO - DAG(s) 'my_dag' retrieved from /opt/airflow/dags/my_tasks.py
[2026-10-02T09:09:53.704+0000] {logging_mixin.py:190} INFO - [2026-10-02T09:09:53.703+0000] {dag.py:3239} INFO - Sync 1 DAGs
[2026-10-02T09:09:53.720+0000] {logging_mixin.py:190} INFO - [2026-10-02T09:09:53.720+0000] {dag.py:4180} INFO - Setting next_dagrun for my_dag to None, run_after=None
[2026-10-02T09:09:53.734+0000] {processor.py:208} INFO - Processing /opt/airflow/dags/my_tasks.py took 0.074 seconds
[2026-10-02T09:10:23.903+0000] {processor.py:186} INFO - Started process (PID=3506) to work on /opt/airflow/dags/my_tasks.py
[2026-10-02T09:10:23.911+0000] {processor.py:914} INFO - Processing file /opt/airflow/dags/my_tasks.py for tasks to queue
[2026-10-02T09:10:23.914+0000] {logging_mixin.py:190} INFO - [2026-10-02T09:10:23.914+0000] {dagbag.py:588} INFO - Filling up the DagBag from /opt/airflow/dags/my_tasks.py
[2026-10-02T09:10:23.922+0000] {processor.py:925} INFO - DAG(s) 'my_dag' retrieved from /opt/airflow/dags/my_tasks.py
[2026-10-02T09:10:23.940+0000] {logging_mixin.py:190} INFO - [2026-10-02T09:10:23.939+0000] {dag.py:3239} INFO - Sync 1 DAGs
[2026-10-02T09:10:23.957+0000] {logging_mixin.py:190} INFO - [2026-10-02T09:10:23.956+0000] {dag.py:4180} INFO - Setting next_dagrun for my_dag to None, run_after=None
[2026-10-02T09:10:23.971+0000] {processor.py:208} INFO - Processing /opt/airflow/dags/my_tasks.py took 0.072 seconds
[2026-10-02T09:10:54.175+0000] {processor.py:186} INFO - Started process (PID=3517) to work on /opt/airflow/dags/my_tasks.py
[2026-10-02T09:10:54.182+0000] {processor.py:914} INFO - Processing file /opt/airflow/dags/my_tasks.py for tasks to queue
[2026-10-02T09:10:54.184+0000] {logging_mixin.py:190} INFO - [2026-10-02T09:10:54.184+0000] {dagbag.py:588} INFO - Filling up the DagBag from /opt/airflow/dags/my_tasks.py
[2026-10-02T09:10:54.191+0000] {processor.py:925} INFO - DAG(s) 'my_dag' retrieved from /opt/airflow/dags/my_tasks.py
[2026-10-02T09:10:54.209+0000] {logging_mixin.py:190} INFO - [2026-10-02T09:10:54.209+0000] {dag.py:3239} INFO - Sync 1 DAGs
[2026-10-02T09:10:54.225+0000] {logging_mixin.py:190} INFO - [2026-10-02T09:10:54.225+0000] {dag.py:4180} INFO - Setting next_dagrun for my_dag to None, run_after=None
[2026-10-02T09:10:54.240+0000] {processor.py:208} INFO - Processing /opt/airflow/dags/my_tasks.py took 0.070 seconds
[2026-10-02T09:11:24.450+0000] {processor.py:186} INFO - Started process (PID=3528) to work on /opt/airflow/dags/my_tasks.py
[2026-10-02T09:11:24.451+0000] {processor.py:914} INFO - Processing file /opt/airflow/dags/my_tasks.py for tasks to queue
[2026-10-02T09:11:24.452+0000] {logging_mixin.py:190} INFO - [2026-10-02T09:11:24.452+0000] {dagbag.py:588} INFO - Filling up the DagBag from /opt/airflow/dags/my_tasks.py
[2026-10-02T09:11:24.460+0000] {processor.py:925} INFO - DAG(s) 'my_dag' retrieved from /opt/airflow/dags/my_tasks.py
[2026-10-02T09:11:24.479+0000] {logging_mixin.py:190} INFO - [2026-10-02T09:11:24.478+0000] {dag.py:3239} INFO - Sync 1 DAGs
[2026-10-02T09:11:24.597+0000] {logging_mixin.py:190} INFO - [2026-10-02T09:11:24.596+0000] {dag.py:4180} INFO - Setting next_dagrun for my_dag to None, run_after=None
[2026-10-02T09:11:24.618+0000] {processor.py:208} INFO - Processing /opt/airflow/dags/my_tasks.py took 0.172 seconds
[2026-10-02T09:11:54.723+0000] {processor.py:186} INFO - Started process (PID=3539) to work on /opt/airflow/dags/my_tasks.py
[2026-10-02T09:11:54.729+0000] {processor.py:914} INFO - Processing file /opt/airflow/dags/my_tasks.py for tasks to queue
[2026-10-02T09:11:54.733+0000] {logging_mixin.py:190} INFO - [2026-10-02T09:11:54.733+0000] {dagbag.py:588} INFO - Filling up the DagBag from /opt/airflow/dags/my_tasks.py
[2026-10-02T09:11:54.742+0000] {processor.py:925} INFO - DAG(s) 'my_dag' retrieved from /opt/airflow/dags/my_tasks.py
[2026-10-02T09:11:54.761+0000] {logging_mixin.py:190} INFO - [2026-10-02T09:11:54.761+0000] {dag.py:3239} INFO - Sync 1 DAGs
[2026-10-02T09:11:54.777+0000] {logging_mixin.py:190} INFO - [2026-10-02T09:11:54.777+0000] {dag.py:4180} INFO - Setting next_dagrun for my_dag to None, run_after=None
[2026-10-02T09:11:54.791+0000] {processor.py:208} INFO - Processing /opt/airflow/dags/my_tasks.py took 0.072 seconds
[2026-10-02T09:12:25.061+0000] {processor.py:186} INFO - Started process (PID=3550) to work on /opt/airflow/dags/my_tasks.py
[2026-10-02T09:12:25.062+0000] {processor.py:914} INFO - Processing file /opt/airflow/dags/my_tasks.py for tasks to queue
[2026-10-02T09:12:25.063+0000] {logging_mixin.py:190} INFO - [2026-10-02T09:12:25.063+0000] {dagbag.py:588} INFO - Filling up the DagBag from /opt/airflow/dags/my_tasks.py
[2026-10-02T09:12:25.070+0000] {processor.py:925} INFO - DAG(s) 'my_dag' retrieved from /opt/airflow/dags/my_tasks.py
[2026-10-02T09:12:25.088+0000] {logging_mixin.py:190} INFO - [2026-10-02T09:12:25.087+0000] {dag.py:3239} INFO - Sync 1 DAGs
[2026-10-02T09:12:25.103+0000] {logging_mixin.py:190} INFO - [2026-10-02T09:12:25.103+0000] {dag.py:4180} INFO - Setting next_dagrun for my_dag to None, run_after=None
[2026-10-02T09:12:25.117+0000] {processor.py:208} INFO - Processing /opt/airflow/dags/my_tasks.py took 0.060 seconds
[2026-10-02T09:12:55.303+0000] {processor.py:186} INFO - Started process (PID=3561) to work on /opt/airflow/dags/my_tasks.py
[2026-10-02T09:12:55.307+0000] {processor.py:914} INFO - Processing file /opt/airflow/dags/my_tasks.py for tasks to queue
[2026-10-02T09:12:55.309+0000] {logging_mixin.py:190} INFO - [2026-10-02T09:12:55.308+0000] {dagbag.py:588} INFO - Filling up the DagBag from /opt/airflow/dags/my_tasks.py
[2026-10-02T09:12:55.316+0000] {processor.py:925} INFO - DAG(s) 'my_dag' retrieved from /opt/airflow/dags/my_tasks.py
[2026-10-02T09:12:55.334+0000] {logging_mixin.py:190} INFO - [2026-10-02T09:12:55.334+0000] {dag.py:3239} INFO - Sync 1 DAGs
[2026-10-02T09:12:55.351+0000] {logging_mixin.py:190} INFO - [2026-10-02T09:12:55.351+0000] {dag.py:4180} INFO - Setting next_dagrun for my_dag to None, run_after=None
[2026-10-02T09:12:55.466+0000] {processor.py:208} INFO - Processing /opt/airflow/dags/my_tasks.py took 0.167 seconds
[2026-10-02T09:13:25.553+0000] {processor.py:186} INFO - Started process (PID=3572) to work on /opt/airflow/dags/my_tasks.py
[2026-10-02T09:13:25.561+0000] {processor.py:914} INFO - Processing file /opt/airflow/dags/my_tasks.py for tasks to queue
[2026-10-02T09:13:25.565+0000] {logging_mixin.py:190} INFO - [2026-10-02T09:13:25.563+0000] {dagbag.py:588} INFO - Filling up the DagBag from /opt/airflow/dags/my_tasks.py
[2026-10-02T09:13:25.573+0000] {processor.py:925} INFO - DAG(s) 'my_dag' retrieved from /opt/airflow/dags/my_tasks.py
[2026-10-02T09:13:25.592+0000] {logging_mixin.py:190} INFO - [2026-10-02T09:13:25.592+0000] {dag.py:3239} INFO - Sync 1 DAGs
[2026-10-02T09:13:25.706+0000] {logging_mixin.py:190} INFO - [2026-10-02T09:13:25.706+0000] {dag.py:4180} INFO - Setting next_dagrun for my_dag to None, run_after=None
[2026-10-02T09:13:25.723+0000] {processor.py:208} INFO - Processing /opt/airflow/dags/my_tasks.py took 0.174 seconds
[2026-10-02T09:13:55.910+0000] {processor.py:186} INFO - Started process (PID=3583) to work on /opt/airflow/dags/my_tasks.py
[2026-10-02T09:13:55.911+0000] {processor.py:914} INFO - Processing file /opt/airflow/dags/my_tasks.py for tasks to queue
[2026-10-02T09:13:55.913+0000] {logging_mixin.py:190} INFO - [2026-10-02T09:13:55.913+0000] {dagbag.py:588} INFO - Filling up the DagBag from /opt/airflow/dags/my_tasks.py
[2026-10-02T09:13:55.919+0000] {processor.py:925} INFO - DAG(s) 'my_dag' retrieved from /opt/airflow/dags/my_tasks.py
[2026-10-02T09:13:55.937+0000] {logging_mixin.py:190} INFO - [2026-10-02T09:13:55.937+0000] {dag.py:3239} INFO - Sync 1 DAGs
[2026-10-02T09:13:55.953+0000] {logging_mixin.py:190} INFO - [2026-10-02T09:13:55.953+0000] {dag.py:4180} INFO - Setting next_dagrun for my_dag to None, run_after=None
[2026-10-02T09:13:55.970+0000] {processor.py:208} INFO - Processing /opt/airflow/dags/my_tasks.py took 0.064 seconds
[2026-10-02T09:14:26.187+0000] {processor.py:186} INFO - Started process (PID=3594) to work on /opt/airflow/dags/my_tasks.py
[2026-10-02T09:14:26.188+0000] {processor.py:914} INFO - Processing file /opt/airflow/dags/my_tasks.py for tasks to queue
[2026-10-02T09:14:26.191+0000] {logging_mixin.py:190} INFO - [2026-10-02T09:14:26.190+0000] {dagbag.py:588} INFO - Filling up the DagBag from /opt/airflow/dags/my_tasks.py
[2026-10-02T09:14:26.197+0000] {processor.py:925} INFO - DAG(s) 'my_dag' retrieved from /opt/airflow/dags/my_tasks.py
[2026-10-02T09:14:26.216+0000] {logging_mixin.py:190} INFO - [2026-10-02T09:14:26.215+0000] {dag.py:3239} INFO - Sync 1 DAGs
[2026-10-02T09:14:26.232+0000] {logging_mixin.py:190} INFO - [2026-10-02T09:14:26.232+0000] {dag.py:4180} INFO - Setting next_dagrun for my_dag to None, run_after=None
[2026-10-02T09:14:26.248+0000] {processor.py:208} INFO - Processing /opt/airflow/dags/my_tasks.py took 0.067 seconds
[2026-10-02T09:14:56.464+0000] {processor.py:186} INFO - Started process (PID=3605) to work on /opt/airflow/dags/my_tasks.py
[2026-10-02T09:14:56.465+0000] {processor.py:914} INFO - Processing file /opt/airflow/dags/my_tasks.py for tasks to queue
[2026-10-02T09:14:56.466+0000] {logging_mixin.py:190} INFO - [2026-10-02T09:14:56.466+0000] {dagbag.py:588} INFO - Filling up the DagBag from /opt/airflow/dags/my_tasks.py
[2026-10-02T09:14:56.473+0000] {processor.py:925} INFO - DAG(s) 'my_dag' retrieved from /opt/airflow/dags/my_tasks.py
[2026-10-02T09:14:56.491+0000] {logging_mixin.py:190} INFO - [2026-10-02T09:14:56.491+0000] {dag.py:3239} INFO - Sync 1 DAGs
[2026-10-02T09:14:56.605+0000] {logging_mixin.py:190} INFO - [2026-10-02T09:14:56.605+0000] {dag.py:4180} INFO - Setting next_dagrun for my_dag to None, run_after=None
[2026-10-02T09:14:56.626+0000] {processor.py:208} INFO - Processing /opt/airflow/dags/my_tasks.py took 0.166 seconds
[2026-10-02T09:15:26.745+0000] {processor.py:186} INFO - Started process (PID=3616) to work on /opt/airflow/dags/my_tasks.py
[2026-10-02T09:15:26.754+0000] {processor.py:914} INFO - Processing file /opt/airflow/dags/my_tasks.py for tasks to queue
[2026-10-02T09:15:26.757+0000] {logging_mixin.py:190} INFO - [2026-10-02T09:15:26.757+0000] {dagbag.py:588} INFO - Filling up the DagBag from /opt/airflow/dags/my_tasks.py
[2026-10-02T09:15:26.767+0000] {processor.py:925} INFO - DAG(s) 'my_dag' retrieved from /opt/airflow/dags/my_tasks.py
[2026-10-02T09:15:26.786+0000] {logging_mixin.py:190} INFO - [2026-10-02T09:15:26.786+0000] {dag.py:3239} INFO - Sync 1 DAGs
[2026-10-02T09:15:26.802+0000] {logging_mixin.py:190} INFO - [2026-10-02T09:15:26.802+0000] {dag.py:4180} INFO - Setting next_dagrun for my_dag to None, run_after=None
[2026-10-02T09:15:26.816+0000] {processor.py:208} INFO - Processing /opt/airflow/dags/my_tasks.py took 0.078 seconds
[2026-10-02T09:15:57.053+0000] {processor.py:186} INFO - Started process (PID=3627) to work on /opt/airflow/dags/my_tasks.py
[2026-10-02T09:15:57.061+0000] {processor.py:914} INFO - Processing file /opt/airflow/dags/my_tasks.py for tasks to queue
[2026-10-02T09:15:57.064+0000] {logging_mixin.py:190} INFO - [2026-10-02T09:15:57.063+0000] {dagbag.py:588} INFO - Filling up the DagBag from /opt/airflow/dags/my_tasks.py
[2026-10-02T09:15:57.073+0000] {processor.py:925} INFO - DAG(s) 'my_dag' retrieved from /opt/airflow/dags/my_tasks.py
[2026-10-02T09:15:57.091+0000] {logging_mixin.py:190} INFO - [2026-10-02T09:15:57.091+0000] {dag.py:3239} INFO - Sync 1 DAGs
[2026-10-02T09:15:57.108+0000] {logging_mixin.py:190} INFO - [2026-10-02T09:15:57.107+0000] {dag.py:4180} INFO - Setting next_dagrun for my_dag to None, run_after=None
[2026-10-02T09:15:57.122+0000] {processor.py:208} INFO - Processing /opt/airflow/dags/my_tasks.py took 0.073 seconds
[2026-10-02T09:16:27.316+0000] {processor.py:186} INFO - Started process (PID=3638) to work on /opt/airflow/dags/my_tasks.py
[2026-10-02T09:16:27.324+0000] {processor.py:914} INFO - Processing file /opt/airflow/dags/my_tasks.py for tasks to queue
[2026-10-02T09:16:27.325+0000] {logging_mixin.py:190} INFO - [2026-10-02T09:16:27.325+0000] {dagbag.py:588} INFO - Filling up the DagBag from /opt/airflow/dags/my_tasks.py
[2026-10-02T09:16:27.332+0000] {processor.py:925} INFO - DAG(s) 'my_dag' retrieved from /opt/airflow/dags/my_tasks.py
[2026-10-02T09:16:27.350+0000] {logging_mixin.py:190} INFO - [2026-10-02T09:16:27.350+0000] {dag.py:3239} INFO - Sync 1 DAGs
[2026-10-02T09:16:27.368+0000] {logging_mixin.py:190} INFO - [2026-10-02T09:16:27.367+0000] {dag.py:4180} INFO - Setting next_dagrun for my_dag to None, run_after=None
[2026-10-02T09:16:27.384+0000] {processor.py:208} INFO - Processing /opt/airflow/dags/my_tasks.py took 0.072 seconds
[2026-10-02T09:16:57.587+0000] {processor.py:186} INFO - Started process (PID=3649) to work on /opt/airflow/dags/my_tasks.py
[2026-10-02T09:16:57.595+0000] {processor.py:914} INFO - Processing file /opt/airflow/dags/my_tasks.py for tasks to queue
[2026-10-02T09:16:57.597+0000] {logging_mixin.py:190} INFO - [2026-10-02T09:16:57.597+0000] {dagbag.py:588} INFO - Filling up the DagBag from /opt/airflow/dags/my_tasks.py
[2026-10-02T09:16:57.606+0000] {processor.py:925} INFO - DAG(s) 'my_dag' retrieved from /opt/airflow/dags/my_tasks.py
[2026-10-02T09:16:57.624+0000] {logging_mixin.py:190} INFO - [2026-10-02T09:16:57.624+0000] {dag.py:3239} INFO - Sync 1 DAGs
[2026-10-02T09:16:57.739+0000] {logging_mixin.py:190} INFO - [2026-10-02T09:16:57.739+0000] {dag.py:4180} INFO - Setting next_dagrun for my_dag to None, run_after=None
[2026-10-02T09:16:57.753+0000] {processor.py:208} INFO - Processing /opt/airflow/dags/my_tasks.py took 0.170 seconds
[2026-10-02T09:17:27.848+0000] {processor.py:186} INFO - Started process (PID=3660) to work on /opt/airflow/dags/my_tasks.py
[2026-10-02T09:17:27.856+0000] {processor.py:914} INFO - Processing file /opt/airflow/dags/my_tasks.py for tasks to queue
[2026-10-02T09:17:27.858+0000] {logging_mixin.py:190} INFO - [2026-10-02T09:17:27.858+0000] {dagbag.py:588} INFO - Filling up the DagBag from /opt/airflow/dags/my_tasks.py
[2026-10-02T09:17:27.865+0000] {processor.py:925} INFO - DAG(s) 'my_dag' retrieved from /opt/airflow/dags/my_tasks.py
[2026-10-02T09:17:27.884+0000] {logging_mixin.py:190} INFO - [2026-10-02T09:17:27.884+0000] {dag.py:3239} INFO - Sync 1 DAGs
[2026-10-02T09:17:27.901+0000] {logging_mixin.py:190} INFO - [2026-10-02T09:17:27.900+0000] {dag.py:4180} INFO - Setting next_dagrun for my_dag to None, run_after=None
[2026-10-02T09:17:27.915+0000] {processor.py:208} INFO - Processing /opt/airflow/dags/my_tasks.py took 0.072 seconds
[2026-10-02T09:17:58.185+0000] {processor.py:186} INFO - Started process (PID=3671) to work on /opt/airflow/dags/my_tasks.py
[2026-10-02T09:17:58.193+0000] {processor.py:914} INFO - Processing file /opt/airflow/dags/my_tasks.py for tasks to queue
[2026-10-02T09:17:58.196+0000] {logging_mixin.py:190} INFO - [2026-10-02T09:17:58.195+0000] {dagbag.py:588} INFO - Filling up the DagBag from /opt/airflow/dags/my_tasks.py
[2026-10-02T09:17:58.205+0000] {processor.py:925} INFO - DAG(s) 'my_dag' retrieved from /opt/airflow/dags/my_tasks.py
[2026-10-02T09:17:58.223+0000] {logging_mixin.py:190} INFO - [2026-10-02T09:17:58.222+0000] {dag.py:3239} INFO - Sync 1 DAGs
[2026-10-02T09:17:58.239+0000] {logging_mixin.py:190} INFO - [2026-10-02T09:17:58.239+0000] {dag.py:4180} INFO - Setting next_dagrun for my_dag to None, run_after=None
[2026-10-02T09:17:58.253+0000] {processor.py:208} INFO - Processing /opt/airflow/dags/my_tasks.py took 0.072 seconds
[2026-10-02T09:18:28.450+0000] {processor.py:186} INFO - Started process (PID=3682) to work on /opt/airflow/dags/my_tasks.py
[2026-10-02T09:18:28.450+0000] {processor.py:914} INFO - Processing file /opt/airflow/dags/my_tasks.py for tasks to queue
[2026-10-02T09:18:28.452+0000] {logging_mixin.py:190} INFO - [2026-10-02T09:18:28.451+0000] {dagbag.py:588} INFO - Filling up the DagBag from /opt/airflow/dags/my_tasks.py
[2026-10-02T09:18:28.458+0000] {processor.py:925} INFO - DAG(s) 'my_dag' retrieved from /opt/airflow/dags/my_tasks.py
[2026-10-02T09:18:28.477+0000] {logging_mixin.py:190} INFO - [2026-10-02T09:18:28.476+0000] {dag.py:3239} INFO - Sync 1 DAGs
[2026-10-02T09:18:28.493+0000] {logging_mixin.py:190} INFO - [2026-10-02T09:18:28.493+0000] {dag.py:4180} INFO - Setting next_dagrun for my_dag to None, run_after=None
[2026-10-02T09:18:28.616+0000] {processor.py:208} INFO - Processing /opt/airflow/dags/my_tasks.py took 0.170 seconds
[2026-10-02T09:18:58.714+0000] {processor.py:186} INFO - Started process (PID=3693) to work on /opt/airflow/dags/my_tasks.py
[2026-10-02T09:18:58.722+0000] {processor.py:914} INFO - Processing file /opt/airflow/dags/my_tasks.py for tasks to queue
[2026-10-02T09:18:58.725+0000] {logging_mixin.py:190} INFO - [2026-10-02T09:18:58.724+0000] {dagbag.py:588} INFO - Filling up the DagBag from /opt/airflow/dags/my_tasks.py
[2026-10-02T09:18:58.735+0000] {processor.py:925} INFO - DAG(s) 'my_dag' retrieved from /opt/airflow/dags/my_tasks.py
[2026-10-02T09:18:58.753+0000] {logging_mixin.py:190} INFO - [2026-10-02T09:18:58.753+0000] {dag.py:3239} INFO - Sync 1 DAGs
[2026-10-02T09:18:58.868+0000] {logging_mixin.py:190} INFO - [2026-10-02T09:18:58.867+0000] {dag.py:4180} INFO - Setting next_dagrun for my_dag to None, run_after=None
[2026-10-02T09:18:58.888+0000] {processor.py:208} INFO - Processing /opt/airflow/dags/my_tasks.py took 0.179 seconds
[2026-10-02T09:19:29.065+0000] {processor.py:186} INFO - Started process (PID=3704) to work on /opt/airflow/dags/my_tasks.py
[2026-10-02T09:19:29.073+0000] {processor.py:914} INFO - Processing file /opt/airflow/dags/my_tasks.py for tasks to queue
[2026-10-02T09:19:29.077+0000] {logging_mixin.py:190} INFO - [2026-10-02T09:19:29.077+0000] {dagbag.py:588} INFO - Filling up the DagBag from /opt/airflow/dags/my_tasks.py
[2026-10-02T09:19:29.084+0000] {processor.py:925} INFO - DAG(s) 'my_dag' retrieved from /opt/airflow/dags/my_tasks.py
[2026-10-02T09:19:29.102+0000] {logging_mixin.py:190} INFO - [2026-10-02T09:19:29.102+0000] {dag.py:3239} INFO - Sync 1 DAGs
[2026-10-02T09:19:29.119+0000] {logging_mixin.py:190} INFO - [2026-10-02T09:19:29.119+0000] {dag.py:4180} INFO - Setting next_dagrun for my_dag to None, run_after=None
[2026-10-02T09:19:29.134+0000] {processor.py:208} INFO - Processing /opt/airflow/dags/my_tasks.py took 0.073 seconds
[2026-10-02T09:19:59.319+0000] {processor.py:186} INFO - Started process (PID=3715) to work on /opt/airflow/dags/my_tasks.py
[2026-10-02T09:19:59.326+0000] {processor.py:914} INFO - Processing file /opt/airflow/dags/my_tasks.py for tasks to queue
[2026-10-02T09:19:59.329+0000] {logging_mixin.py:190} INFO - [2026-10-02T09:19:59.329+0000] {dagbag.py:588} INFO - Filling up the DagBag from /opt/airflow/dags/my_tasks.py
[2026-10-02T09:19:59.337+0000] {processor.py:925} INFO - DAG(s) 'my_dag' retrieved from /opt/airflow/dags/my_tasks.py
[2026-10-02T09:19:59.356+0000] {logging_mixin.py:190} INFO - [2026-10-02T09:19:59.356+0000] {dag.py:3239} INFO - Sync 1 DAGs
[2026-10-02T09:19:59.372+0000] {logging_mixin.py:190} INFO - [2026-10-02T09:19:59.372+0000] {dag.py:4180} INFO - Setting next_dagrun for my_dag to None, run_after=None
[2026-10-02T09:19:59.387+0000] {processor.py:208} INFO - Processing /opt/airflow/dags/my_tasks.py took 0.072 seconds
[2026-10-02T09:20:29.589+0000] {processor.py:186} INFO - Started process (PID=3726) to work on /opt/airflow/dags/my_tasks.py
[2026-10-02T09:20:29.593+0000] {processor.py:914} INFO - Processing file /opt/airflow/dags/my_tasks.py for tasks to queue
[2026-10-02T09:20:29.595+0000] {logging_mixin.py:190} INFO - [2026-10-02T09:20:29.594+0000] {dagbag.py:588} INFO - Filling up the DagBag from /opt/airflow/dags/my_tasks.py
[2026-10-02T09:20:29.601+0000] {processor.py:925} INFO - DAG(s) 'my_dag' retrieved from /opt/airflow/dags/my_tasks.py
[2026-10-02T09:20:29.619+0000] {logging_mixin.py:190} INFO - [2026-10-02T09:20:29.619+0000] {dag.py:3239} INFO - Sync 1 DAGs
[2026-10-02T09:20:29.735+0000] {logging_mixin.py:190} INFO - [2026-10-02T09:20:29.735+0000] {dag.py:4180} INFO - Setting next_dagrun for my_dag to None, run_after=None
[2026-10-02T09:20:29.749+0000] {processor.py:208} INFO - Processing /opt/airflow/dags/my_tasks.py took 0.165 seconds
[2026-10-02T09:20:59.847+0000] {processor.py:186} INFO - Started process (PID=3737) to work on /opt/airflow/dags/my_tasks.py
[2026-10-02T09:20:59.851+0000] {processor.py:914} INFO - Processing file /opt/airflow/dags/my_tasks.py for tasks to queue
[2026-10-02T09:20:59.854+0000] {logging_mixin.py:190} INFO - [2026-10-02T09:20:59.853+0000] {dagbag.py:588} INFO - Filling up the DagBag from /opt/airflow/dags/my_tasks.py
[2026-10-02T09:20:59.862+0000] {processor.py:925} INFO - DAG(s) 'my_dag' retrieved from /opt/airflow/dags/my_tasks.py
[2026-10-02T09:20:59.981+0000] {logging_mixin.py:190} INFO - [2026-10-02T09:20:59.981+0000] {dag.py:3239} INFO - Sync 1 DAGs
[2026-10-02T09:20:59.995+0000] {logging_mixin.py:190} INFO - [2026-10-02T09:20:59.995+0000] {dag.py:4180} INFO - Setting next_dagrun for my_dag to None, run_after=None
[2026-10-02T09:21:00.009+0000] {processor.py:208} INFO - Processing /opt/airflow/dags/my_tasks.py took 0.166 seconds
[2026-10-02T09:21:30.182+0000] {processor.py:186} INFO - Started process (PID=3748) to work on /opt/airflow/dags/my_tasks.py
[2026-10-02T09:21:30.189+0000] {processor.py:914} INFO - Processing file /opt/airflow/dags/my_tasks.py for tasks to queue
[2026-10-02T09:21:30.192+0000] {logging_mixin.py:190} INFO - [2026-10-02T09:21:30.192+0000] {dagbag.py:588} INFO - Filling up the DagBag from /opt/airflow/dags/my_tasks.py
[2026-10-02T09:21:30.202+0000] {processor.py:925} INFO - DAG(s) 'my_dag' retrieved from /opt/airflow/dags/my_tasks.py
[2026-10-02T09:21:30.220+0000] {logging_mixin.py:190} INFO - [2026-10-02T09:21:30.219+0000] {dag.py:3239} INFO - Sync 1 DAGs
[2026-10-02T09:21:30.238+0000] {logging_mixin.py:190} INFO - [2026-10-02T09:21:30.237+0000] {dag.py:4180} INFO - Setting next_dagrun for my_dag to None, run_after=None
[2026-10-02T09:21:30.252+0000] {processor.py:208} INFO - Processing /opt/airflow/dags/my_tasks.py took 0.075 seconds
[2026-10-02T09:22:00.444+0000] {processor.py:186} INFO - Started process (PID=3759) to work on /opt/airflow/dags/my_tasks.py
[2026-10-02T09:22:00.445+0000] {processor.py:914} INFO - Processing file /opt/airflow/dags/my_tasks.py for tasks to queue
[2026-10-02T09:22:00.446+0000] {logging_mixin.py:190} INFO - [2026-10-02T09:22:00.446+0000] {dagbag.py:588} INFO - Filling up the DagBag from /opt/airflow/dags/my_tasks.py
[2026-10-02T09:22:00.453+0000] {processor.py:925} INFO - DAG(s) 'my_dag' retrieved from /opt/airflow/dags/my_tasks.py
[2026-10-02T09:22:00.470+0000] {logging_mixin.py:190} INFO - [2026-10-02T09:22:00.470+0000] {dag.py:3239} INFO - Sync 1 DAGs
[2026-10-02T09:22:00.486+0000] {logging_mixin.py:190} INFO - [2026-10-02T09:22:00.486+0000] {dag.py:4180} INFO - Setting next_dagrun for my_dag to None, run_after=None
[2026-10-02T09:22:00.502+0000] {processor.py:208} INFO - Processing /opt/airflow/dags/my_tasks.py took 0.062 seconds
[2026-10-02T09:22:30.700+0000] {processor.py:186} INFO - Started process (PID=3770) to work on /opt/airflow/dags/my_tasks.py
[2026-10-02T09:22:30.700+0000] {processor.py:914} INFO - Processing file /opt/airflow/dags/my_tasks.py for tasks to queue
[2026-10-02T09:22:30.702+0000] {logging_mixin.py:190} INFO - [2026-10-02T09:22:30.701+0000] {dagbag.py:588} INFO - Filling up the DagBag from /opt/airflow/dags/my_tasks.py
[2026-10-02T09:22:30.709+0000] {processor.py:925} INFO - DAG(s) 'my_dag' retrieved from /opt/airflow/dags/my_tasks.py
[2026-10-02T09:22:30.727+0000] {logging_mixin.py:190} INFO - [2026-10-02T09:22:30.726+0000] {dag.py:3239} INFO - Sync 1 DAGs
[2026-10-02T09:22:30.843+0000] {logging_mixin.py:190} INFO - [2026-10-02T09:22:30.843+0000] {dag.py:4180} INFO - Setting next_dagrun for my_dag to None, run_after=None
[2026-10-02T09:22:30.857+0000] {processor.py:208} INFO - Processing /opt/airflow/dags/my_tasks.py took 0.162 seconds
[2026-10-02T09:23:00.974+0000] {processor.py:186} INFO - Started process (PID=3781) to work on /opt/airflow/dags/my_tasks.py
[2026-10-02T09:23:00.975+0000] {processor.py:914} INFO - Processing file /opt/airflow/dags/my_tasks.py for tasks to queue
[2026-10-02T09:23:00.977+0000] {logging_mixin.py:190} INFO - [2026-10-02T09:23:00.977+0000] {dagbag.py:588} INFO - Filling up the DagBag from /opt/airflow/dags/my_tasks.py
[2026-10-02T09:23:00.984+0000] {processor.py:925} INFO - DAG(s) 'my_dag' retrieved from /opt/airflow/dags/my_tasks.py
[2026-10-02T09:23:01.004+0000] {logging_mixin.py:190} INFO - [2026-10-02T09:23:01.003+0000] {dag.py:3239} INFO - Sync 1 DAGs
[2026-10-02T09:23:01.019+0000] {logging_mixin.py:190} INFO - [2026-10-02T09:23:01.019+0000] {dag.py:4180} INFO - Setting next_dagrun for my_dag to None, run_after=None
[2026-10-02T09:23:01.033+0000] {processor.py:208} INFO - Processing /opt/airflow/dags/my_tasks.py took 0.066 seconds
[2026-10-02T09:23:31.301+0000] {processor.py:186} INFO - Started process (PID=3792) to work on /opt/airflow/dags/my_tasks.py
[2026-10-02T09:23:31.309+0000] {processor.py:914} INFO - Processing file /opt/airflow/dags/my_tasks.py for tasks to queue
[2026-10-02T09:23:31.311+0000] {logging_mixin.py:190} INFO - [2026-10-02T09:23:31.311+0000] {dagbag.py:588} INFO - Filling up the DagBag from /opt/airflow/dags/my_tasks.py
[2026-10-02T09:23:31.320+0000] {processor.py:925} INFO - DAG(s) 'my_dag' retrieved from /opt/airflow/dags/my_tasks.py
[2026-10-02T09:23:31.338+0000] {logging_mixin.py:190} INFO - [2026-10-02T09:23:31.338+0000] {dag.py:3239} INFO - Sync 1 DAGs
[2026-10-02T09:23:31.354+0000] {logging_mixin.py:190} INFO - [2026-10-02T09:23:31.353+0000] {dag.py:4180} INFO - Setting next_dagrun for my_dag to None, run_after=None
[2026-10-02T09:23:31.368+0000] {processor.py:208} INFO - Processing /opt/airflow/dags/my_tasks.py took 0.071 seconds
[2026-10-02T09:24:01.572+0000] {processor.py:186} INFO - Started process (PID=3803) to work on /opt/airflow/dags/my_tasks.py
[2026-10-02T09:24:01.579+0000] {processor.py:914} INFO - Processing file /opt/airflow/dags/my_tasks.py for tasks to queue
[2026-10-02T09:24:01.582+0000] {logging_mixin.py:190} INFO - [2026-10-02T09:24:01.581+0000] {dagbag.py:588} INFO - Filling up the DagBag from /opt/airflow/dags/my_tasks.py
[2026-10-02T09:24:01.593+0000] {processor.py:925} INFO - DAG(s) 'my_dag' retrieved from /opt/airflow/dags/my_tasks.py
[2026-10-02T09:24:01.611+0000] {logging_mixin.py:190} INFO - [2026-10-02T09:24:01.611+0000] {dag.py:3239} INFO - Sync 1 DAGs
[2026-10-02T09:24:01.628+0000] {logging_mixin.py:190} INFO - [2026-10-02T09:24:01.627+0000] {dag.py:4180} INFO - Setting next_dagrun for my_dag to None, run_after=None
[2026-10-02T09:24:01.741+0000] {processor.py:208} INFO - Processing /opt/airflow/dags/my_tasks.py took 0.173 seconds
[2026-10-02T09:24:31.844+0000] {processor.py:186} INFO - Started process (PID=3814) to work on /opt/airflow/dags/my_tasks.py
[2026-10-02T09:24:31.852+0000] {processor.py:914} INFO - Processing file /opt/airflow/dags/my_tasks.py for tasks to queue
[2026-10-02T09:24:31.856+0000] {logging_mixin.py:190} INFO - [2026-10-02T09:24:31.854+0000] {dagbag.py:588} INFO - Filling up the DagBag from /opt/airflow/dags/my_tasks.py
[2026-10-02T09:24:31.865+0000] {processor.py:925} INFO - DAG(s) 'my_dag' retrieved from /opt/airflow/dags/my_tasks.py
[2026-10-02T09:24:31.885+0000] {logging_mixin.py:190} INFO - [2026-10-02T09:24:31.884+0000] {dag.py:3239} INFO - Sync 1 DAGs
[2026-10-02T09:24:31.998+0000] {logging_mixin.py:190} INFO - [2026-10-02T09:24:31.998+0000] {dag.py:4180} INFO - Setting next_dagrun for my_dag to None, run_after=None
[2026-10-02T09:24:32.011+0000] {processor.py:208} INFO - Processing /opt/airflow/dags/my_tasks.py took 0.171 seconds
[2026-10-02T09:25:02.192+0000] {processor.py:186} INFO - Started process (PID=3825) to work on /opt/airflow/dags/my_tasks.py
[2026-10-02T09:25:02.200+0000] {processor.py:914} INFO - Processing file /opt/airflow/dags/my_tasks.py for tasks to queue
[2026-10-02T09:25:02.204+0000] {logging_mixin.py:190} INFO - [2026-10-02T09:25:02.203+0000] {dagbag.py:588} INFO - Filling up the DagBag from /opt/airflow/dags/my_tasks.py
[2026-10-02T09:25:02.213+0000] {processor.py:925} INFO - DAG(s) 'my_dag' retrieved from /opt/airflow/dags/my_tasks.py
[2026-10-02T09:25:02.232+0000] {logging_mixin.py:190} INFO - [2026-10-02T09:25:02.232+0000] {dag.py:3239} INFO - Sync 1 DAGs
[2026-10-02T09:25:02.248+0000] {logging_mixin.py:190} INFO - [2026-10-02T09:25:02.248+0000] {dag.py:4180} INFO - Setting next_dagrun for my_dag to None, run_after=None
[2026-10-02T09:25:02.262+0000] {processor.py:208} INFO - Processing /opt/airflow/dags/my_tasks.py took 0.075 seconds
[2026-10-02T09:25:32.462+0000] {processor.py:186} INFO - Started process (PID=3836) to work on /opt/airflow/dags/my_tasks.py
[2026-10-02T09:25:32.463+0000] {processor.py:914} INFO - Processing file /opt/airflow/dags/my_tasks.py for tasks to queue
[2026-10-02T09:25:32.465+0000] {logging_mixin.py:190} INFO - [2026-10-02T09:25:32.465+0000] {dagbag.py:588} INFO - Filling up the DagBag from /opt/airflow/dags/my_tasks.py
[2026-10-02T09:25:32.472+0000] {processor.py:925} INFO - DAG(s) 'my_dag' retrieved from /opt/airflow/dags/my_tasks.py
[2026-10-02T09:25:32.490+0000] {logging_mixin.py:190} INFO - [2026-10-02T09:25:32.490+0000] {dag.py:3239} INFO - Sync 1 DAGs
[2026-10-02T09:25:32.505+0000] {logging_mixin.py:190} INFO - [2026-10-02T09:25:32.505+0000] {dag.py:4180} INFO - Setting next_dagrun for my_dag to None, run_after=None
[2026-10-02T09:25:32.520+0000] {processor.py:208} INFO - Processing /opt/airflow/dags/my_tasks.py took 0.063 seconds
[2026-10-02T09:26:02.727+0000] {processor.py:186} INFO - Started process (PID=3847) to work on /opt/airflow/dags/my_tasks.py
[2026-10-02T09:26:02.735+0000] {processor.py:914} INFO - Processing file /opt/airflow/dags/my_tasks.py for tasks to queue
[2026-10-02T09:26:02.738+0000] {logging_mixin.py:190} INFO - [2026-10-02T09:26:02.737+0000] {dagbag.py:588} INFO - Filling up the DagBag from /opt/airflow/dags/my_tasks.py
[2026-10-02T09:26:02.748+0000] {processor.py:925} INFO - DAG(s) 'my_dag' retrieved from /opt/airflow/dags/my_tasks.py
[2026-10-02T09:26:02.765+0000] {logging_mixin.py:190} INFO - [2026-10-02T09:26:02.765+0000] {dag.py:3239} INFO - Sync 1 DAGs
[2026-10-02T09:26:02.880+0000] {logging_mixin.py:190} INFO - [2026-10-02T09:26:02.880+0000] {dag.py:4180} INFO - Setting next_dagrun for my_dag to None, run_after=None
[2026-10-02T09:26:02.900+0000] {processor.py:208} INFO - Processing /opt/airflow/dags/my_tasks.py took 0.177 seconds
[2026-10-02T09:26:32.999+0000] {processor.py:186} INFO - Started process (PID=3858) to work on /opt/airflow/dags/my_tasks.py
[2026-10-02T09:26:33.000+0000] {processor.py:914} INFO - Processing file /opt/airflow/dags/my_tasks.py for tasks to queue
[2026-10-02T09:26:33.002+0000] {logging_mixin.py:190} INFO - [2026-10-02T09:26:33.002+0000] {dagbag.py:588} INFO - Filling up the DagBag from /opt/airflow/dags/my_tasks.py
[2026-10-02T09:26:33.009+0000] {processor.py:925} INFO - DAG(s) 'my_dag' retrieved from /opt/airflow/dags/my_tasks.py
[2026-10-02T09:26:33.130+0000] {logging_mixin.py:190} INFO - [2026-10-02T09:26:33.130+0000] {dag.py:3239} INFO - Sync 1 DAGs
[2026-10-02T09:26:33.145+0000] {logging_mixin.py:190} INFO - [2026-10-02T09:26:33.145+0000] {dag.py:4180} INFO - Setting next_dagrun for my_dag to None, run_after=None
[2026-10-02T09:26:33.167+0000] {processor.py:208} INFO - Processing /opt/airflow/dags/my_tasks.py took 0.173 seconds
[2026-10-02T09:27:03.345+0000] {processor.py:186} INFO - Started process (PID=3869) to work on /opt/airflow/dags/my_tasks.py
[2026-10-02T09:27:03.353+0000] {processor.py:914} INFO - Processing file /opt/airflow/dags/my_tasks.py for tasks to queue
[2026-10-02T09:27:03.356+0000] {logging_mixin.py:190} INFO - [2026-10-02T09:27:03.355+0000] {dagbag.py:588} INFO - Filling up the DagBag from /opt/airflow/dags/my_tasks.py
[2026-10-02T09:27:03.364+0000] {processor.py:925} INFO - DAG(s) 'my_dag' retrieved from /opt/airflow/dags/my_tasks.py
[2026-10-02T09:27:03.382+0000] {logging_mixin.py:190} INFO - [2026-10-02T09:27:03.382+0000] {dag.py:3239} INFO - Sync 1 DAGs
[2026-10-02T09:27:03.399+0000] {logging_mixin.py:190} INFO - [2026-10-02T09:27:03.398+0000] {dag.py:4180} INFO - Setting next_dagrun for my_dag to None, run_after=None
[2026-10-02T09:27:03.412+0000] {processor.py:208} INFO - Processing /opt/airflow/dags/my_tasks.py took 0.072 seconds
[2026-10-02T09:27:33.621+0000] {processor.py:186} INFO - Started process (PID=3880) to work on /opt/airflow/dags/my_tasks.py
[2026-10-02T09:27:33.623+0000] {processor.py:914} INFO - Processing file /opt/airflow/dags/my_tasks.py for tasks to queue
[2026-10-02T09:27:33.625+0000] {logging_mixin.py:190} INFO - [2026-10-02T09:27:33.625+0000] {dagbag.py:588} INFO - Filling up the DagBag from /opt/airflow/dags/my_tasks.py
[2026-10-02T09:27:33.635+0000] {processor.py:925} INFO - DAG(s) 'my_dag' retrieved from /opt/airflow/dags/my_tasks.py
[2026-10-02T09:27:33.653+0000] {logging_mixin.py:190} INFO - [2026-10-02T09:27:33.652+0000] {dag.py:3239} INFO - Sync 1 DAGs
[2026-10-02T09:27:33.668+0000] {logging_mixin.py:190} INFO - [2026-10-02T09:27:33.668+0000] {dag.py:4180} INFO - Setting next_dagrun for my_dag to None, run_after=None
[2026-10-02T09:27:33.683+0000] {processor.py:208} INFO - Processing /opt/airflow/dags/my_tasks.py took 0.066 seconds
[2026-10-02T09:28:03.899+0000] {processor.py:186} INFO - Started process (PID=3891) to work on /opt/airflow/dags/my_tasks.py
[2026-10-02T09:28:03.899+0000] {processor.py:914} INFO - Processing file /opt/airflow/dags/my_tasks.py for tasks to queue
[2026-10-02T09:28:03.901+0000] {logging_mixin.py:190} INFO - [2026-10-02T09:28:03.900+0000] {dagbag.py:588} INFO - Filling up the DagBag from /opt/airflow/dags/my_tasks.py
[2026-10-02T09:28:03.908+0000] {processor.py:925} INFO - DAG(s) 'my_dag' retrieved from /opt/airflow/dags/my_tasks.py
[2026-10-02T09:28:03.926+0000] {logging_mixin.py:190} INFO - [2026-10-02T09:28:03.926+0000] {dag.py:3239} INFO - Sync 1 DAGs
[2026-10-02T09:28:04.042+0000] {logging_mixin.py:190} INFO - [2026-10-02T09:28:04.042+0000] {dag.py:4180} INFO - Setting next_dagrun for my_dag to None, run_after=None
[2026-10-02T09:28:04.055+0000] {processor.py:208} INFO - Processing /opt/airflow/dags/my_tasks.py took 0.160 seconds
[2026-10-02T09:28:34.163+0000] {processor.py:186} INFO - Started process (PID=3902) to work on /opt/airflow/dags/my_tasks.py
[2026-10-02T09:28:34.163+0000] {processor.py:914} INFO - Processing file /opt/airflow/dags/my_tasks.py for tasks to queue
[2026-10-02T09:28:34.165+0000] {logging_mixin.py:190} INFO - [2026-10-02T09:28:34.165+0000] {dagbag.py:588} INFO - Filling up the DagBag from /opt/airflow/dags/my_tasks.py
[2026-10-02T09:28:34.173+0000] {processor.py:925} INFO - DAG(s) 'my_dag' retrieved from /opt/airflow/dags/my_tasks.py
[2026-10-02T09:28:34.191+0000] {logging_mixin.py:190} INFO - [2026-10-02T09:28:34.191+0000] {dag.py:3239} INFO - Sync 1 DAGs
[2026-10-02T09:28:34.207+0000] {logging_mixin.py:190} INFO - [2026-10-02T09:28:34.207+0000] {dag.py:4180} INFO - Setting next_dagrun for my_dag to None, run_after=None
[2026-10-02T09:28:34.221+0000] {processor.py:208} INFO - Processing /opt/airflow/dags/my_tasks.py took 0.062 seconds
[2026-10-02T09:29:04.498+0000] {processor.py:186} INFO - Started process (PID=3913) to work on /opt/airflow/dags/my_tasks.py
[2026-10-02T09:29:04.504+0000] {processor.py:914} INFO - Processing file /opt/airflow/dags/my_tasks.py for tasks to queue
[2026-10-02T09:29:04.506+0000] {logging_mixin.py:190} INFO - [2026-10-02T09:29:04.505+0000] {dagbag.py:588} INFO - Filling up the DagBag from /opt/airflow/dags/my_tasks.py
[2026-10-02T09:29:04.513+0000] {processor.py:925} INFO - DAG(s) 'my_dag' retrieved from /opt/airflow/dags/my_tasks.py
[2026-10-02T09:29:04.531+0000] {logging_mixin.py:190} INFO - [2026-10-02T09:29:04.531+0000] {dag.py:3239} INFO - Sync 1 DAGs
[2026-10-02T09:29:04.547+0000] {logging_mixin.py:190} INFO - [2026-10-02T09:29:04.547+0000] {dag.py:4180} INFO - Setting next_dagrun for my_dag to None, run_after=None
[2026-10-02T09:29:04.561+0000] {processor.py:208} INFO - Processing /opt/airflow/dags/my_tasks.py took 0.067 seconds
[2026-10-02T09:29:34.767+0000] {processor.py:186} INFO - Started process (PID=3924) to work on /opt/airflow/dags/my_tasks.py
[2026-10-02T09:29:34.775+0000] {processor.py:914} INFO - Processing file /opt/airflow/dags/my_tasks.py for tasks to queue
[2026-10-02T09:29:34.776+0000] {logging_mixin.py:190} INFO - [2026-10-02T09:29:34.776+0000] {dagbag.py:588} INFO - Filling up the DagBag from /opt/airflow/dags/my_tasks.py
[2026-10-02T09:29:34.785+0000] {processor.py:925} INFO - DAG(s) 'my_dag' retrieved from /opt/airflow/dags/my_tasks.py
[2026-10-02T09:29:34.804+0000] {logging_mixin.py:190} INFO - [2026-10-02T09:29:34.804+0000] {dag.py:3239} INFO - Sync 1 DAGs
[2026-10-02T09:29:34.820+0000] {logging_mixin.py:190} INFO - [2026-10-02T09:29:34.820+0000] {dag.py:4180} INFO - Setting next_dagrun for my_dag to None, run_after=None
[2026-10-02T09:29:34.943+0000] {processor.py:208} INFO - Processing /opt/airflow/dags/my_tasks.py took 0.180 seconds
[2026-10-02T09:30:05.042+0000] {processor.py:186} INFO - Started process (PID=3935) to work on /opt/airflow/dags/my_tasks.py
[2026-10-02T09:30:05.043+0000] {processor.py:914} INFO - Processing file /opt/airflow/dags/my_tasks.py for tasks to queue
[2026-10-02T09:30:05.045+0000] {logging_mixin.py:190} INFO - [2026-10-02T09:30:05.045+0000] {dagbag.py:588} INFO - Filling up the DagBag from /opt/airflow/dags/my_tasks.py
[2026-10-02T09:30:05.053+0000] {processor.py:925} INFO - DAG(s) 'my_dag' retrieved from /opt/airflow/dags/my_tasks.py
[2026-10-02T09:30:05.071+0000] {logging_mixin.py:190} INFO - [2026-10-02T09:30:05.071+0000] {dag.py:3239} INFO - Sync 1 DAGs
[2026-10-02T09:30:05.186+0000] {logging_mixin.py:190} INFO - [2026-10-02T09:30:05.186+0000] {dag.py:4180} INFO - Setting next_dagrun for my_dag to None, run_after=None
[2026-10-02T09:30:05.207+0000] {processor.py:208} INFO - Processing /opt/airflow/dags/my_tasks.py took 0.169 seconds
[2026-10-02T09:30:35.377+0000] {processor.py:186} INFO - Started process (PID=3946) to work on /opt/airflow/dags/my_tasks.py
[2026-10-02T09:30:35.378+0000] {processor.py:914} INFO - Processing file /opt/airflow/dags/my_tasks.py for tasks to queue
[2026-10-02T09:30:35.380+0000] {logging_mixin.py:190} INFO - [2026-10-02T09:30:35.380+0000] {dagbag.py:588} INFO - Filling up the DagBag from /opt/airflow/dags/my_tasks.py
[2026-10-02T09:30:35.386+0000] {processor.py:925} INFO - DAG(s) 'my_dag' retrieved from /opt/airflow/dags/my_tasks.py
[2026-10-02T09:30:35.404+0000] {logging_mixin.py:190} INFO - [2026-10-02T09:30:35.404+0000] {dag.py:3239} INFO - Sync 1 DAGs
[2026-10-02T09:30:35.420+0000] {logging_mixin.py:190} INFO - [2026-10-02T09:30:35.420+0000] {dag.py:4180} INFO - Setting next_dagrun for my_dag to None, run_after=None
[2026-10-02T09:30:35.436+0000] {processor.py:208} INFO - Processing /opt/airflow/dags/my_tasks.py took 0.063 seconds
[2026-10-02T09:31:05.650+0000] {processor.py:186} INFO - Started process (PID=3957) to work on /opt/airflow/dags/my_tasks.py
[2026-10-02T09:31:05.650+0000] {processor.py:914} INFO - Processing file /opt/airflow/dags/my_tasks.py for tasks to queue
[2026-10-02T09:31:05.652+0000] {logging_mixin.py:190} INFO - [2026-10-02T09:31:05.652+0000] {dagbag.py:588} INFO - Filling up the DagBag from /opt/airflow/dags/my_tasks.py
[2026-10-02T09:31:05.659+0000] {processor.py:925} INFO - DAG(s) 'my_dag' retrieved from /opt/airflow/dags/my_tasks.py
[2026-10-02T09:31:05.676+0000] {logging_mixin.py:190} INFO - [2026-10-02T09:31:05.676+0000] {dag.py:3239} INFO - Sync 1 DAGs
[2026-10-02T09:31:05.692+0000] {logging_mixin.py:190} INFO - [2026-10-02T09:31:05.692+0000] {dag.py:4180} INFO - Setting next_dagrun for my_dag to None, run_after=None
[2026-10-02T09:31:05.707+0000] {processor.py:208} INFO - Processing /opt/airflow/dags/my_tasks.py took 0.061 seconds
[2026-10-02T09:31:35.923+0000] {processor.py:186} INFO - Started process (PID=3968) to work on /opt/airflow/dags/my_tasks.py
[2026-10-02T09:31:35.924+0000] {processor.py:914} INFO - Processing file /opt/airflow/dags/my_tasks.py for tasks to queue
[2026-10-02T09:31:35.925+0000] {logging_mixin.py:190} INFO - [2026-10-02T09:31:35.925+0000] {dagbag.py:588} INFO - Filling up the DagBag from /opt/airflow/dags/my_tasks.py
[2026-10-02T09:31:35.932+0000] {processor.py:925} INFO - DAG(s) 'my_dag' retrieved from /opt/airflow/dags/my_tasks.py
[2026-10-02T09:31:35.949+0000] {logging_mixin.py:190} INFO - [2026-10-02T09:31:35.949+0000] {dag.py:3239} INFO - Sync 1 DAGs
[2026-10-02T09:31:36.065+0000] {logging_mixin.py:190} INFO - [2026-10-02T09:31:36.065+0000] {dag.py:4180} INFO - Setting next_dagrun for my_dag to None, run_after=None
[2026-10-02T09:31:36.078+0000] {processor.py:208} INFO - Processing /opt/airflow/dags/my_tasks.py took 0.160 seconds
[2026-10-02T09:32:06.195+0000] {processor.py:186} INFO - Started process (PID=3979) to work on /opt/airflow/dags/my_tasks.py
[2026-10-02T09:32:06.203+0000] {processor.py:914} INFO - Processing file /opt/airflow/dags/my_tasks.py for tasks to queue
[2026-10-02T09:32:06.206+0000] {logging_mixin.py:190} INFO - [2026-10-02T09:32:06.205+0000] {dagbag.py:588} INFO - Filling up the DagBag from /opt/airflow/dags/my_tasks.py
[2026-10-02T09:32:06.215+0000] {processor.py:925} INFO - DAG(s) 'my_dag' retrieved from /opt/airflow/dags/my_tasks.py
[2026-10-02T09:32:06.336+0000] {logging_mixin.py:190} INFO - [2026-10-02T09:32:06.336+0000] {dag.py:3239} INFO - Sync 1 DAGs
[2026-10-02T09:32:06.351+0000] {logging_mixin.py:190} INFO - [2026-10-02T09:32:06.351+0000] {dag.py:4180} INFO - Setting next_dagrun for my_dag to None, run_after=None
[2026-10-02T09:32:06.372+0000] {processor.py:208} INFO - Processing /opt/airflow/dags/my_tasks.py took 0.181 seconds
[2026-10-02T09:32:36.485+0000] {processor.py:186} INFO - Started process (PID=3990) to work on /opt/airflow/dags/my_tasks.py
[2026-10-02T09:32:36.493+0000] {processor.py:914} INFO - Processing file /opt/airflow/dags/my_tasks.py for tasks to queue
[2026-10-02T09:32:36.497+0000] {logging_mixin.py:190} INFO - [2026-10-02T09:32:36.496+0000] {dagbag.py:588} INFO - Filling up the DagBag from /opt/airflow/dags/my_tasks.py
[2026-10-02T09:32:36.506+0000] {processor.py:925} INFO - DAG(s) 'my_dag' retrieved from /opt/airflow/dags/my_tasks.py
[2026-10-02T09:32:36.524+0000] {logging_mixin.py:190} INFO - [2026-10-02T09:32:36.524+0000] {dag.py:3239} INFO - Sync 1 DAGs
[2026-10-02T09:32:36.540+0000] {logging_mixin.py:190} INFO - [2026-10-02T09:32:36.540+0000] {dag.py:4180} INFO - Setting next_dagrun for my_dag to None, run_after=None
[2026-10-02T09:32:36.554+0000] {processor.py:208} INFO - Processing /opt/airflow/dags/my_tasks.py took 0.073 seconds
[2026-10-02T09:33:06.811+0000] {processor.py:186} INFO - Started process (PID=4001) to work on /opt/airflow/dags/my_tasks.py
[2026-10-02T09:33:06.819+0000] {processor.py:914} INFO - Processing file /opt/airflow/dags/my_tasks.py for tasks to queue
[2026-10-02T09:33:06.821+0000] {logging_mixin.py:190} INFO - [2026-10-02T09:33:06.821+0000] {dagbag.py:588} INFO - Filling up the DagBag from /opt/airflow/dags/my_tasks.py
[2026-10-02T09:33:06.831+0000] {processor.py:925} INFO - DAG(s) 'my_dag' retrieved from /opt/airflow/dags/my_tasks.py
[2026-10-02T09:33:06.850+0000] {logging_mixin.py:190} INFO - [2026-10-02T09:33:06.849+0000] {dag.py:3239} INFO - Sync 1 DAGs
[2026-10-02T09:33:06.866+0000] {logging_mixin.py:190} INFO - [2026-10-02T09:33:06.866+0000] {dag.py:4180} INFO - Setting next_dagrun for my_dag to None, run_after=None
[2026-10-02T09:33:06.980+0000] {processor.py:208} INFO - Processing /opt/airflow/dags/my_tasks.py took 0.173 seconds
[2026-10-02T09:33:37.084+0000] {processor.py:186} INFO - Started process (PID=4012) to work on /opt/airflow/dags/my_tasks.py
[2026-10-02T09:33:37.086+0000] {processor.py:914} INFO - Processing file /opt/airflow/dags/my_tasks.py for tasks to queue
[2026-10-02T09:33:37.088+0000] {logging_mixin.py:190} INFO - [2026-10-02T09:33:37.087+0000] {dagbag.py:588} INFO - Filling up the DagBag from /opt/airflow/dags/my_tasks.py
[2026-10-02T09:33:37.096+0000] {processor.py:925} INFO - DAG(s) 'my_dag' retrieved from /opt/airflow/dags/my_tasks.py
[2026-10-02T09:33:37.114+0000] {logging_mixin.py:190} INFO - [2026-10-02T09:33:37.113+0000] {dag.py:3239} INFO - Sync 1 DAGs
[2026-10-02T09:33:37.234+0000] {logging_mixin.py:190} INFO - [2026-10-02T09:33:37.234+0000] {dag.py:4180} INFO - Setting next_dagrun for my_dag to None, run_after=None
[2026-10-02T09:33:37.250+0000] {processor.py:208} INFO - Processing /opt/airflow/dags/my_tasks.py took 0.171 seconds
[2026-10-02T09:34:07.417+0000] {processor.py:186} INFO - Started process (PID=4023) to work on /opt/airflow/dags/my_tasks.py
[2026-10-02T09:34:07.425+0000] {processor.py:914} INFO - Processing file /opt/airflow/dags/my_tasks.py for tasks to queue
[2026-10-02T09:34:07.428+0000] {logging_mixin.py:190} INFO - [2026-10-02T09:34:07.427+0000] {dagbag.py:588} INFO - Filling up the DagBag from /opt/airflow/dags/my_tasks.py
[2026-10-02T09:34:07.437+0000] {processor.py:925} INFO - DAG(s) 'my_dag' retrieved from /opt/airflow/dags/my_tasks.py
[2026-10-02T09:34:07.556+0000] {logging_mixin.py:190} INFO - [2026-10-02T09:34:07.556+0000] {dag.py:3239} INFO - Sync 1 DAGs
[2026-10-02T09:34:07.571+0000] {logging_mixin.py:190} INFO - [2026-10-02T09:34:07.571+0000] {dag.py:4180} INFO - Setting next_dagrun for my_dag to None, run_after=None
[2026-10-02T09:34:07.584+0000] {processor.py:208} INFO - Processing /opt/airflow/dags/my_tasks.py took 0.171 seconds
[2026-10-02T09:34:37.793+0000] {processor.py:186} INFO - Started process (PID=4034) to work on /opt/airflow/dags/my_tasks.py
[2026-10-02T09:34:37.801+0000] {processor.py:914} INFO - Processing file /opt/airflow/dags/my_tasks.py for tasks to queue
[2026-10-02T09:34:37.804+0000] {logging_mixin.py:190} INFO - [2026-10-02T09:34:37.803+0000] {dagbag.py:588} INFO - Filling up the DagBag from /opt/airflow/dags/my_tasks.py
[2026-10-02T09:34:37.812+0000] {processor.py:925} INFO - DAG(s) 'my_dag' retrieved from /opt/airflow/dags/my_tasks.py
[2026-10-02T09:34:37.829+0000] {logging_mixin.py:190} INFO - [2026-10-02T09:34:37.829+0000] {dag.py:3239} INFO - Sync 1 DAGs
[2026-10-02T09:34:37.845+0000] {logging_mixin.py:190} INFO - [2026-10-02T09:34:37.845+0000] {dag.py:4180} INFO - Setting next_dagrun for my_dag to None, run_after=None
[2026-10-02T09:34:37.861+0000] {processor.py:208} INFO - Processing /opt/airflow/dags/my_tasks.py took 0.073 seconds
[2026-10-02T09:35:08.056+0000] {processor.py:186} INFO - Started process (PID=4045) to work on /opt/airflow/dags/my_tasks.py
[2026-10-02T09:35:08.056+0000] {processor.py:914} INFO - Processing file /opt/airflow/dags/my_tasks.py for tasks to queue
[2026-10-02T09:35:08.057+0000] {logging_mixin.py:190} INFO - [2026-10-02T09:35:08.057+0000] {dagbag.py:588} INFO - Filling up the DagBag from /opt/airflow/dags/my_tasks.py
[2026-10-02T09:35:08.065+0000] {processor.py:925} INFO - DAG(s) 'my_dag' retrieved from /opt/airflow/dags/my_tasks.py
[2026-10-02T09:35:08.082+0000] {logging_mixin.py:190} INFO - [2026-10-02T09:35:08.082+0000] {dag.py:3239} INFO - Sync 1 DAGs
[2026-10-02T09:35:08.099+0000] {logging_mixin.py:190} INFO - [2026-10-02T09:35:08.099+0000] {dag.py:4180} INFO - Setting next_dagrun for my_dag to None, run_after=None
[2026-10-02T09:35:08.114+0000] {processor.py:208} INFO - Processing /opt/airflow/dags/my_tasks.py took 0.062 seconds
[2026-10-02T09:35:38.319+0000] {processor.py:186} INFO - Started process (PID=4056) to work on /opt/airflow/dags/my_tasks.py
[2026-10-02T09:35:38.320+0000] {processor.py:914} INFO - Processing file /opt/airflow/dags/my_tasks.py for tasks to queue
[2026-10-02T09:35:38.321+0000] {logging_mixin.py:190} INFO - [2026-10-02T09:35:38.321+0000] {dagbag.py:588} INFO - Filling up the DagBag from /opt/airflow/dags/my_tasks.py
[2026-10-02T09:35:38.328+0000] {processor.py:925} INFO - DAG(s) 'my_dag' retrieved from /opt/airflow/dags/my_tasks.py
[2026-10-02T09:35:38.346+0000] {logging_mixin.py:190} INFO - [2026-10-02T09:35:38.346+0000] {dag.py:3239} INFO - Sync 1 DAGs
[2026-10-02T09:35:38.362+0000] {logging_mixin.py:190} INFO - [2026-10-02T09:35:38.362+0000] {dag.py:4180} INFO - Setting next_dagrun for my_dag to None, run_after=None
[2026-10-02T09:35:38.376+0000] {processor.py:208} INFO - Processing /opt/airflow/dags/my_tasks.py took 0.061 seconds
[2026-10-02T09:36:08.570+0000] {processor.py:186} INFO - Started process (PID=4067) to work on /opt/airflow/dags/my_tasks.py
[2026-10-02T09:36:08.576+0000] {processor.py:914} INFO - Processing file /opt/airflow/dags/my_tasks.py for tasks to queue
[2026-10-02T09:36:08.578+0000] {logging_mixin.py:190} INFO - [2026-10-02T09:36:08.578+0000] {dagbag.py:588} INFO - Filling up the DagBag from /opt/airflow/dags/my_tasks.py
[2026-10-02T09:36:08.585+0000] {processor.py:925} INFO - DAG(s) 'my_dag' retrieved from /opt/airflow/dags/my_tasks.py
[2026-10-02T09:36:08.604+0000] {logging_mixin.py:190} INFO - [2026-10-02T09:36:08.604+0000] {dag.py:3239} INFO - Sync 1 DAGs
[2026-10-02T09:36:08.622+0000] {logging_mixin.py:190} INFO - [2026-10-02T09:36:08.621+0000] {dag.py:4180} INFO - Setting next_dagrun for my_dag to None, run_after=None
[2026-10-02T09:36:08.635+0000] {processor.py:208} INFO - Processing /opt/airflow/dags/my_tasks.py took 0.069 seconds
[2026-10-02T09:36:38.841+0000] {processor.py:186} INFO - Started process (PID=4078) to work on /opt/airflow/dags/my_tasks.py
[2026-10-02T09:36:38.849+0000] {processor.py:914} INFO - Processing file /opt/airflow/dags/my_tasks.py for tasks to queue
[2026-10-02T09:36:38.852+0000] {logging_mixin.py:190} INFO - [2026-10-02T09:36:38.851+0000] {dagbag.py:588} INFO - Filling up the DagBag from /opt/airflow/dags/my_tasks.py
[2026-10-02T09:36:38.861+0000] {processor.py:925} INFO - DAG(s) 'my_dag' retrieved from /opt/airflow/dags/my_tasks.py
[2026-10-02T09:36:38.880+0000] {logging_mixin.py:190} INFO - [2026-10-02T09:36:38.880+0000] {dag.py:3239} INFO - Sync 1 DAGs
[2026-10-02T09:36:38.898+0000] {logging_mixin.py:190} INFO - [2026-10-02T09:36:38.898+0000] {dag.py:4180} INFO - Setting next_dagrun for my_dag to None, run_after=None
[2026-10-02T09:36:38.914+0000] {processor.py:208} INFO - Processing /opt/airflow/dags/my_tasks.py took 0.077 seconds
[2026-10-02T09:37:09.101+0000] {processor.py:186} INFO - Started process (PID=4089) to work on /opt/airflow/dags/my_tasks.py
[2026-10-02T09:37:09.101+0000] {processor.py:914} INFO - Processing file /opt/airflow/dags/my_tasks.py for tasks to queue
[2026-10-02T09:37:09.103+0000] {logging_mixin.py:190} INFO - [2026-10-02T09:37:09.102+0000] {dagbag.py:588} INFO - Filling up the DagBag from /opt/airflow/dags/my_tasks.py
[2026-10-02T09:37:09.110+0000] {processor.py:925} INFO - DAG(s) 'my_dag' retrieved from /opt/airflow/dags/my_tasks.py
[2026-10-02T09:37:09.127+0000] {logging_mixin.py:190} INFO - [2026-10-02T09:37:09.127+0000] {dag.py:3239} INFO - Sync 1 DAGs
[2026-10-02T09:37:09.144+0000] {logging_mixin.py:190} INFO - [2026-10-02T09:37:09.144+0000] {dag.py:4180} INFO - Setting next_dagrun for my_dag to None, run_after=None
[2026-10-02T09:37:09.158+0000] {processor.py:208} INFO - Processing /opt/airflow/dags/my_tasks.py took 0.062 seconds
[2026-10-02T09:37:39.368+0000] {processor.py:186} INFO - Started process (PID=4100) to work on /opt/airflow/dags/my_tasks.py
[2026-10-02T09:37:39.369+0000] {processor.py:914} INFO - Processing file /opt/airflow/dags/my_tasks.py for tasks to queue
[2026-10-02T09:37:39.370+0000] {logging_mixin.py:190} INFO - [2026-10-02T09:37:39.370+0000] {dagbag.py:588} INFO - Filling up the DagBag from /opt/airflow/dags/my_tasks.py
[2026-10-02T09:37:39.377+0000] {processor.py:925} INFO - DAG(s) 'my_dag' retrieved from /opt/airflow/dags/my_tasks.py
[2026-10-02T09:37:39.395+0000] {logging_mixin.py:190} INFO - [2026-10-02T09:37:39.395+0000] {dag.py:3239} INFO - Sync 1 DAGs
[2026-10-02T09:37:39.412+0000] {logging_mixin.py:190} INFO - [2026-10-02T09:37:39.412+0000] {dag.py:4180} INFO - Setting next_dagrun for my_dag to None, run_after=None
[2026-10-02T09:37:39.427+0000] {processor.py:208} INFO - Processing /opt/airflow/dags/my_tasks.py took 0.064 seconds
[2026-10-02T09:38:09.649+0000] {processor.py:186} INFO - Started process (PID=4111) to work on /opt/airflow/dags/my_tasks.py
[2026-10-02T09:38:09.650+0000] {processor.py:914} INFO - Processing file /opt/airflow/dags/my_tasks.py for tasks to queue
[2026-10-02T09:38:09.652+0000] {logging_mixin.py:190} INFO - [2026-10-02T09:38:09.651+0000] {dagbag.py:588} INFO - Filling up the DagBag from /opt/airflow/dags/my_tasks.py
[2026-10-02T09:38:09.659+0000] {processor.py:925} INFO - DAG(s) 'my_dag' retrieved from /opt/airflow/dags/my_tasks.py
[2026-10-02T09:38:09.677+0000] {logging_mixin.py:190} INFO - [2026-10-02T09:38:09.677+0000] {dag.py:3239} INFO - Sync 1 DAGs
[2026-10-02T09:38:09.692+0000] {logging_mixin.py:190} INFO - [2026-10-02T09:38:09.692+0000] {dag.py:4180} INFO - Setting next_dagrun for my_dag to None, run_after=None
[2026-10-02T09:38:09.707+0000] {processor.py:208} INFO - Processing /opt/airflow/dags/my_tasks.py took 0.062 seconds
[2026-10-02T09:38:39.921+0000] {processor.py:186} INFO - Started process (PID=4122) to work on /opt/airflow/dags/my_tasks.py
[2026-10-02T09:38:39.929+0000] {processor.py:914} INFO - Processing file /opt/airflow/dags/my_tasks.py for tasks to queue
[2026-10-02T09:38:39.931+0000] {logging_mixin.py:190} INFO - [2026-10-02T09:38:39.931+0000] {dagbag.py:588} INFO - Filling up the DagBag from /opt/airflow/dags/my_tasks.py
[2026-10-02T09:38:39.938+0000] {processor.py:925} INFO - DAG(s) 'my_dag' retrieved from /opt/airflow/dags/my_tasks.py
[2026-10-02T09:38:39.956+0000] {logging_mixin.py:190} INFO - [2026-10-02T09:38:39.956+0000] {dag.py:3239} INFO - Sync 1 DAGs
[2026-10-02T09:38:39.972+0000] {logging_mixin.py:190} INFO - [2026-10-02T09:38:39.972+0000] {dag.py:4180} INFO - Setting next_dagrun for my_dag to None, run_after=None
[2026-10-02T09:38:39.987+0000] {processor.py:208} INFO - Processing /opt/airflow/dags/my_tasks.py took 0.070 seconds
[2026-10-02T09:39:10.197+0000] {processor.py:186} INFO - Started process (PID=4133) to work on /opt/airflow/dags/my_tasks.py
[2026-10-02T09:39:10.197+0000] {processor.py:914} INFO - Processing file /opt/airflow/dags/my_tasks.py for tasks to queue
[2026-10-02T09:39:10.198+0000] {logging_mixin.py:190} INFO - [2026-10-02T09:39:10.198+0000] {dagbag.py:588} INFO - Filling up the DagBag from /opt/airflow/dags/my_tasks.py
[2026-10-02T09:39:10.205+0000] {processor.py:925} INFO - DAG(s) 'my_dag' retrieved from /opt/airflow/dags/my_tasks.py
[2026-10-02T09:39:10.223+0000] {logging_mixin.py:190} INFO - [2026-10-02T09:39:10.223+0000] {dag.py:3239} INFO - Sync 1 DAGs
[2026-10-02T09:39:10.241+0000] {logging_mixin.py:190} INFO - [2026-10-02T09:39:10.240+0000] {dag.py:4180} INFO - Setting next_dagrun for my_dag to None, run_after=None
[2026-10-02T09:39:10.256+0000] {processor.py:208} INFO - Processing /opt/airflow/dags/my_tasks.py took 0.064 seconds
[2026-10-02T09:39:40.459+0000] {processor.py:186} INFO - Started process (PID=4144) to work on /opt/airflow/dags/my_tasks.py
[2026-10-02T09:39:40.467+0000] {processor.py:914} INFO - Processing file /opt/airflow/dags/my_tasks.py for tasks to queue
[2026-10-02T09:39:40.469+0000] {logging_mixin.py:190} INFO - [2026-10-02T09:39:40.469+0000] {dagbag.py:588} INFO - Filling up the DagBag from /opt/airflow/dags/my_tasks.py
[2026-10-02T09:39:40.478+0000] {processor.py:925} INFO - DAG(s) 'my_dag' retrieved from /opt/airflow/dags/my_tasks.py
[2026-10-02T09:39:40.496+0000] {logging_mixin.py:190} INFO - [2026-10-02T09:39:40.496+0000] {dag.py:3239} INFO - Sync 1 DAGs
[2026-10-02T09:39:40.512+0000] {logging_mixin.py:190} INFO - [2026-10-02T09:39:40.512+0000] {dag.py:4180} INFO - Setting next_dagrun for my_dag to None, run_after=None
[2026-10-02T09:39:40.527+0000] {processor.py:208} INFO - Processing /opt/airflow/dags/my_tasks.py took 0.072 seconds
[2026-10-02T09:40:10.729+0000] {processor.py:186} INFO - Started process (PID=4155) to work on /opt/airflow/dags/my_tasks.py
[2026-10-02T09:40:10.729+0000] {processor.py:914} INFO - Processing file /opt/airflow/dags/my_tasks.py for tasks to queue
[2026-10-02T09:40:10.731+0000] {logging_mixin.py:190} INFO - [2026-10-02T09:40:10.731+0000] {dagbag.py:588} INFO - Filling up the DagBag from /opt/airflow/dags/my_tasks.py
[2026-10-02T09:40:10.738+0000] {processor.py:925} INFO - DAG(s) 'my_dag' retrieved from /opt/airflow/dags/my_tasks.py
[2026-10-02T09:40:10.756+0000] {logging_mixin.py:190} INFO - [2026-10-02T09:40:10.756+0000] {dag.py:3239} INFO - Sync 1 DAGs
[2026-10-02T09:40:10.772+0000] {logging_mixin.py:190} INFO - [2026-10-02T09:40:10.772+0000] {dag.py:4180} INFO - Setting next_dagrun for my_dag to None, run_after=None
[2026-10-02T09:40:10.787+0000] {processor.py:208} INFO - Processing /opt/airflow/dags/my_tasks.py took 0.062 seconds
[2026-10-02T09:40:41.004+0000] {processor.py:186} INFO - Started process (PID=4166) to work on /opt/airflow/dags/my_tasks.py
[2026-10-02T09:40:41.012+0000] {processor.py:914} INFO - Processing file /opt/airflow/dags/my_tasks.py for tasks to queue
[2026-10-02T09:40:41.015+0000] {logging_mixin.py:190} INFO - [2026-10-02T09:40:41.015+0000] {dagbag.py:588} INFO - Filling up the DagBag from /opt/airflow/dags/my_tasks.py
[2026-10-02T09:40:41.024+0000] {processor.py:925} INFO - DAG(s) 'my_dag' retrieved from /opt/airflow/dags/my_tasks.py
[2026-10-02T09:40:41.042+0000] {logging_mixin.py:190} INFO - [2026-10-02T09:40:41.041+0000] {dag.py:3239} INFO - Sync 1 DAGs
[2026-10-02T09:40:41.058+0000] {logging_mixin.py:190} INFO - [2026-10-02T09:40:41.058+0000] {dag.py:4180} INFO - Setting next_dagrun for my_dag to None, run_after=None
[2026-10-02T09:40:41.072+0000] {processor.py:208} INFO - Processing /opt/airflow/dags/my_tasks.py took 0.071 seconds
[2026-10-02T09:41:11.271+0000] {processor.py:186} INFO - Started process (PID=4177) to work on /opt/airflow/dags/my_tasks.py
[2026-10-02T09:41:11.278+0000] {processor.py:914} INFO - Processing file /opt/airflow/dags/my_tasks.py for tasks to queue
[2026-10-02T09:41:11.281+0000] {logging_mixin.py:190} INFO - [2026-10-02T09:41:11.280+0000] {dagbag.py:588} INFO - Filling up the DagBag from /opt/airflow/dags/my_tasks.py
[2026-10-02T09:41:11.288+0000] {processor.py:925} INFO - DAG(s) 'my_dag' retrieved from /opt/airflow/dags/my_tasks.py
[2026-10-02T09:41:11.306+0000] {logging_mixin.py:190} INFO - [2026-10-02T09:41:11.306+0000] {dag.py:3239} INFO - Sync 1 DAGs
[2026-10-02T09:41:11.323+0000] {logging_mixin.py:190} INFO - [2026-10-02T09:41:11.323+0000] {dag.py:4180} INFO - Setting next_dagrun for my_dag to None, run_after=None
[2026-10-02T09:41:11.337+0000] {processor.py:208} INFO - Processing /opt/airflow/dags/my_tasks.py took 0.070 seconds
[2026-10-02T09:41:41.536+0000] {processor.py:186} INFO - Started process (PID=4188) to work on /opt/airflow/dags/my_tasks.py
[2026-10-02T09:41:41.537+0000] {processor.py:914} INFO - Processing file /opt/airflow/dags/my_tasks.py for tasks to queue
[2026-10-02T09:41:41.538+0000] {logging_mixin.py:190} INFO - [2026-10-02T09:41:41.538+0000] {dagbag.py:588} INFO - Filling up the DagBag from /opt/airflow/dags/my_tasks.py
[2026-10-02T09:41:41.545+0000] {processor.py:925} INFO - DAG(s) 'my_dag' retrieved from /opt/airflow/dags/my_tasks.py
[2026-10-02T09:41:41.563+0000] {logging_mixin.py:190} INFO - [2026-10-02T09:41:41.563+0000] {dag.py:3239} INFO - Sync 1 DAGs
[2026-10-02T09:41:41.579+0000] {logging_mixin.py:190} INFO - [2026-10-02T09:41:41.579+0000] {dag.py:4180} INFO - Setting next_dagrun for my_dag to None, run_after=None
[2026-10-02T09:41:41.593+0000] {processor.py:208} INFO - Processing /opt/airflow/dags/my_tasks.py took 0.061 seconds
[2026-10-02T09:42:11.803+0000] {processor.py:186} INFO - Started process (PID=4200) to work on /opt/airflow/dags/my_tasks.py
[2026-10-02T09:42:11.806+0000] {processor.py:914} INFO - Processing file /opt/airflow/dags/my_tasks.py for tasks to queue
[2026-10-02T09:42:11.807+0000] {logging_mixin.py:190} INFO - [2026-10-02T09:42:11.807+0000] {dagbag.py:588} INFO - Filling up the DagBag from /opt/airflow/dags/my_tasks.py
[2026-10-02T09:42:11.814+0000] {processor.py:925} INFO - DAG(s) 'my_dag' retrieved from /opt/airflow/dags/my_tasks.py
[2026-10-02T09:42:11.832+0000] {logging_mixin.py:190} INFO - [2026-10-02T09:42:11.832+0000] {dag.py:3239} INFO - Sync 1 DAGs
[2026-10-02T09:42:11.848+0000] {logging_mixin.py:190} INFO - [2026-10-02T09:42:11.848+0000] {dag.py:4180} INFO - Setting next_dagrun for my_dag to None, run_after=None
[2026-10-02T09:42:11.862+0000] {processor.py:208} INFO - Processing /opt/airflow/dags/my_tasks.py took 0.063 seconds
[2026-10-02T09:42:42.075+0000] {processor.py:186} INFO - Started process (PID=4211) to work on /opt/airflow/dags/my_tasks.py
[2026-10-02T09:42:42.083+0000] {processor.py:914} INFO - Processing file /opt/airflow/dags/my_tasks.py for tasks to queue
[2026-10-02T09:42:42.087+0000] {logging_mixin.py:190} INFO - [2026-10-02T09:42:42.087+0000] {dagbag.py:588} INFO - Filling up the DagBag from /opt/airflow/dags/my_tasks.py
[2026-10-02T09:42:42.095+0000] {processor.py:925} INFO - DAG(s) 'my_dag' retrieved from /opt/airflow/dags/my_tasks.py
[2026-10-02T09:42:42.116+0000] {logging_mixin.py:190} INFO - [2026-10-02T09:42:42.116+0000] {dag.py:3239} INFO - Sync 1 DAGs
[2026-10-02T09:42:42.133+0000] {logging_mixin.py:190} INFO - [2026-10-02T09:42:42.132+0000] {dag.py:4180} INFO - Setting next_dagrun for my_dag to None, run_after=None
[2026-10-02T09:42:42.147+0000] {processor.py:208} INFO - Processing /opt/airflow/dags/my_tasks.py took 0.076 seconds
[2026-10-02T09:43:12.349+0000] {processor.py:186} INFO - Started process (PID=4222) to work on /opt/airflow/dags/my_tasks.py
[2026-10-02T09:43:12.357+0000] {processor.py:914} INFO - Processing file /opt/airflow/dags/my_tasks.py for tasks to queue
[2026-10-02T09:43:12.360+0000] {logging_mixin.py:190} INFO - [2026-10-02T09:43:12.360+0000] {dagbag.py:588} INFO - Filling up the DagBag from /opt/airflow/dags/my_tasks.py
[2026-10-02T09:43:12.370+0000] {processor.py:925} INFO - DAG(s) 'my_dag' retrieved from /opt/airflow/dags/my_tasks.py
[2026-10-02T09:43:12.389+0000] {logging_mixin.py:190} INFO - [2026-10-02T09:43:12.388+0000] {dag.py:3239} INFO - Sync 1 DAGs
[2026-10-02T09:43:12.405+0000] {logging_mixin.py:190} INFO - [2026-10-02T09:43:12.405+0000] {dag.py:4180} INFO - Setting next_dagrun for my_dag to None, run_after=None
[2026-10-02T09:43:12.422+0000] {processor.py:208} INFO - Processing /opt/airflow/dags/my_tasks.py took 0.078 seconds
[2026-10-02T09:43:42.622+0000] {processor.py:186} INFO - Started process (PID=4233) to work on /opt/airflow/dags/my_tasks.py
[2026-10-02T09:43:42.629+0000] {processor.py:914} INFO - Processing file /opt/airflow/dags/my_tasks.py for tasks to queue
[2026-10-02T09:43:42.631+0000] {logging_mixin.py:190} INFO - [2026-10-02T09:43:42.630+0000] {dagbag.py:588} INFO - Filling up the DagBag from /opt/airflow/dags/my_tasks.py
[2026-10-02T09:43:42.639+0000] {processor.py:925} INFO - DAG(s) 'my_dag' retrieved from /opt/airflow/dags/my_tasks.py
[2026-10-02T09:43:42.657+0000] {logging_mixin.py:190} INFO - [2026-10-02T09:43:42.657+0000] {dag.py:3239} INFO - Sync 1 DAGs
[2026-10-02T09:43:42.673+0000] {logging_mixin.py:190} INFO - [2026-10-02T09:43:42.673+0000] {dag.py:4180} INFO - Setting next_dagrun for my_dag to None, run_after=None
[2026-10-02T09:43:42.688+0000] {processor.py:208} INFO - Processing /opt/airflow/dags/my_tasks.py took 0.070 seconds
[2026-10-02T09:44:12.895+0000] {processor.py:186} INFO - Started process (PID=4244) to work on /opt/airflow/dags/my_tasks.py
[2026-10-02T09:44:12.903+0000] {processor.py:914} INFO - Processing file /opt/airflow/dags/my_tasks.py for tasks to queue
[2026-10-02T09:44:12.905+0000] {logging_mixin.py:190} INFO - [2026-10-02T09:44:12.905+0000] {dagbag.py:588} INFO - Filling up the DagBag from /opt/airflow/dags/my_tasks.py
[2026-10-02T09:44:12.914+0000] {processor.py:925} INFO - DAG(s) 'my_dag' retrieved from /opt/airflow/dags/my_tasks.py
[2026-10-02T09:44:12.932+0000] {logging_mixin.py:190} INFO - [2026-10-02T09:44:12.932+0000] {dag.py:3239} INFO - Sync 1 DAGs
[2026-10-02T09:44:12.949+0000] {logging_mixin.py:190} INFO - [2026-10-02T09:44:12.948+0000] {dag.py:4180} INFO - Setting next_dagrun for my_dag to None, run_after=None
[2026-10-02T09:44:12.963+0000] {processor.py:208} INFO - Processing /opt/airflow/dags/my_tasks.py took 0.073 seconds
[2026-10-02T09:44:43.145+0000] {processor.py:186} INFO - Started process (PID=4255) to work on /opt/airflow/dags/my_tasks.py
[2026-10-02T09:44:43.153+0000] {processor.py:914} INFO - Processing file /opt/airflow/dags/my_tasks.py for tasks to queue
[2026-10-02T09:44:43.156+0000] {logging_mixin.py:190} INFO - [2026-10-02T09:44:43.155+0000] {dagbag.py:588} INFO - Filling up the DagBag from /opt/airflow/dags/my_tasks.py
[2026-10-02T09:44:43.164+0000] {processor.py:925} INFO - DAG(s) 'my_dag' retrieved from /opt/airflow/dags/my_tasks.py
[2026-10-02T09:44:43.183+0000] {logging_mixin.py:190} INFO - [2026-10-02T09:44:43.182+0000] {dag.py:3239} INFO - Sync 1 DAGs
[2026-10-02T09:44:43.199+0000] {logging_mixin.py:190} INFO - [2026-10-02T09:44:43.199+0000] {dag.py:4180} INFO - Setting next_dagrun for my_dag to None, run_after=None
[2026-10-02T09:44:43.216+0000] {processor.py:208} INFO - Processing /opt/airflow/dags/my_tasks.py took 0.074 seconds
[2026-10-02T09:45:13.407+0000] {processor.py:186} INFO - Started process (PID=4266) to work on /opt/airflow/dags/my_tasks.py
[2026-10-02T09:45:13.415+0000] {processor.py:914} INFO - Processing file /opt/airflow/dags/my_tasks.py for tasks to queue
[2026-10-02T09:45:13.417+0000] {logging_mixin.py:190} INFO - [2026-10-02T09:45:13.417+0000] {dagbag.py:588} INFO - Filling up the DagBag from /opt/airflow/dags/my_tasks.py
[2026-10-02T09:45:13.427+0000] {processor.py:925} INFO - DAG(s) 'my_dag' retrieved from /opt/airflow/dags/my_tasks.py
[2026-10-02T09:45:13.445+0000] {logging_mixin.py:190} INFO - [2026-10-02T09:45:13.445+0000] {dag.py:3239} INFO - Sync 1 DAGs
[2026-10-02T09:45:13.461+0000] {logging_mixin.py:190} INFO - [2026-10-02T09:45:13.461+0000] {dag.py:4180} INFO - Setting next_dagrun for my_dag to None, run_after=None
[2026-10-02T09:45:13.475+0000] {processor.py:208} INFO - Processing /opt/airflow/dags/my_tasks.py took 0.072 seconds
[2026-10-02T09:45:43.689+0000] {processor.py:186} INFO - Started process (PID=4277) to work on /opt/airflow/dags/my_tasks.py
[2026-10-02T09:45:43.691+0000] {processor.py:914} INFO - Processing file /opt/airflow/dags/my_tasks.py for tasks to queue
[2026-10-02T09:45:43.692+0000] {logging_mixin.py:190} INFO - [2026-10-02T09:45:43.692+0000] {dagbag.py:588} INFO - Filling up the DagBag from /opt/airflow/dags/my_tasks.py
[2026-10-02T09:45:43.699+0000] {processor.py:925} INFO - DAG(s) 'my_dag' retrieved from /opt/airflow/dags/my_tasks.py
[2026-10-02T09:45:43.718+0000] {logging_mixin.py:190} INFO - [2026-10-02T09:45:43.718+0000] {dag.py:3239} INFO - Sync 1 DAGs
[2026-10-02T09:45:43.734+0000] {logging_mixin.py:190} INFO - [2026-10-02T09:45:43.734+0000] {dag.py:4180} INFO - Setting next_dagrun for my_dag to None, run_after=None
[2026-10-02T09:45:43.750+0000] {processor.py:208} INFO - Processing /opt/airflow/dags/my_tasks.py took 0.065 seconds
[2026-10-02T09:46:13.951+0000] {processor.py:186} INFO - Started process (PID=4288) to work on /opt/airflow/dags/my_tasks.py
[2026-10-02T09:46:13.952+0000] {processor.py:914} INFO - Processing file /opt/airflow/dags/my_tasks.py for tasks to queue
[2026-10-02T09:46:13.954+0000] {logging_mixin.py:190} INFO - [2026-10-02T09:46:13.953+0000] {dagbag.py:588} INFO - Filling up the DagBag from /opt/airflow/dags/my_tasks.py
[2026-10-02T09:46:13.960+0000] {processor.py:925} INFO - DAG(s) 'my_dag' retrieved from /opt/airflow/dags/my_tasks.py
[2026-10-02T09:46:13.977+0000] {logging_mixin.py:190} INFO - [2026-10-02T09:46:13.977+0000] {dag.py:3239} INFO - Sync 1 DAGs
[2026-10-02T09:46:13.993+0000] {logging_mixin.py:190} INFO - [2026-10-02T09:46:13.993+0000] {dag.py:4180} INFO - Setting next_dagrun for my_dag to None, run_after=None
[2026-10-02T09:46:14.008+0000] {processor.py:208} INFO - Processing /opt/airflow/dags/my_tasks.py took 0.061 seconds
[2026-10-02T09:46:44.226+0000] {processor.py:186} INFO - Started process (PID=4299) to work on /opt/airflow/dags/my_tasks.py
[2026-10-02T09:46:44.227+0000] {processor.py:914} INFO - Processing file /opt/airflow/dags/my_tasks.py for tasks to queue
[2026-10-02T09:46:44.229+0000] {logging_mixin.py:190} INFO - [2026-10-02T09:46:44.229+0000] {dagbag.py:588} INFO - Filling up the DagBag from /opt/airflow/dags/my_tasks.py
[2026-10-02T09:46:44.238+0000] {processor.py:925} INFO - DAG(s) 'my_dag' retrieved from /opt/airflow/dags/my_tasks.py
[2026-10-02T09:46:44.256+0000] {logging_mixin.py:190} INFO - [2026-10-02T09:46:44.256+0000] {dag.py:3239} INFO - Sync 1 DAGs
[2026-10-02T09:46:44.272+0000] {logging_mixin.py:190} INFO - [2026-10-02T09:46:44.272+0000] {dag.py:4180} INFO - Setting next_dagrun for my_dag to None, run_after=None
[2026-10-02T09:46:44.291+0000] {processor.py:208} INFO - Processing /opt/airflow/dags/my_tasks.py took 0.069 seconds
[2026-10-02T09:47:14.489+0000] {processor.py:186} INFO - Started process (PID=4310) to work on /opt/airflow/dags/my_tasks.py
[2026-10-02T09:47:14.497+0000] {processor.py:914} INFO - Processing file /opt/airflow/dags/my_tasks.py for tasks to queue
[2026-10-02T09:47:14.499+0000] {logging_mixin.py:190} INFO - [2026-10-02T09:47:14.499+0000] {dagbag.py:588} INFO - Filling up the DagBag from /opt/airflow/dags/my_tasks.py
[2026-10-02T09:47:14.509+0000] {processor.py:925} INFO - DAG(s) 'my_dag' retrieved from /opt/airflow/dags/my_tasks.py
[2026-10-02T09:47:14.528+0000] {logging_mixin.py:190} INFO - [2026-10-02T09:47:14.528+0000] {dag.py:3239} INFO - Sync 1 DAGs
[2026-10-02T09:47:14.544+0000] {logging_mixin.py:190} INFO - [2026-10-02T09:47:14.544+0000] {dag.py:4180} INFO - Setting next_dagrun for my_dag to None, run_after=None
[2026-10-02T09:47:14.558+0000] {processor.py:208} INFO - Processing /opt/airflow/dags/my_tasks.py took 0.073 seconds
[2026-10-02T09:47:44.750+0000] {processor.py:186} INFO - Started process (PID=4321) to work on /opt/airflow/dags/my_tasks.py
[2026-10-02T09:47:44.751+0000] {processor.py:914} INFO - Processing file /opt/airflow/dags/my_tasks.py for tasks to queue
[2026-10-02T09:47:44.752+0000] {logging_mixin.py:190} INFO - [2026-10-02T09:47:44.752+0000] {dagbag.py:588} INFO - Filling up the DagBag from /opt/airflow/dags/my_tasks.py
[2026-10-02T09:47:44.759+0000] {processor.py:925} INFO - DAG(s) 'my_dag' retrieved from /opt/airflow/dags/my_tasks.py
[2026-10-02T09:47:44.777+0000] {logging_mixin.py:190} INFO - [2026-10-02T09:47:44.777+0000] {dag.py:3239} INFO - Sync 1 DAGs
[2026-10-02T09:47:44.794+0000] {logging_mixin.py:190} INFO - [2026-10-02T09:47:44.794+0000] {dag.py:4180} INFO - Setting next_dagrun for my_dag to None, run_after=None
[2026-10-02T09:47:44.809+0000] {processor.py:208} INFO - Processing /opt/airflow/dags/my_tasks.py took 0.063 seconds
[2026-10-02T09:48:14.999+0000] {processor.py:186} INFO - Started process (PID=4332) to work on /opt/airflow/dags/my_tasks.py
[2026-10-02T09:48:14.999+0000] {processor.py:914} INFO - Processing file /opt/airflow/dags/my_tasks.py for tasks to queue
[2026-10-02T09:48:15.001+0000] {logging_mixin.py:190} INFO - [2026-10-02T09:48:15.001+0000] {dagbag.py:588} INFO - Filling up the DagBag from /opt/airflow/dags/my_tasks.py
[2026-10-02T09:48:15.008+0000] {processor.py:925} INFO - DAG(s) 'my_dag' retrieved from /opt/airflow/dags/my_tasks.py
[2026-10-02T09:48:15.026+0000] {logging_mixin.py:190} INFO - [2026-10-02T09:48:15.026+0000] {dag.py:3239} INFO - Sync 1 DAGs
[2026-10-02T09:48:15.042+0000] {logging_mixin.py:190} INFO - [2026-10-02T09:48:15.042+0000] {dag.py:4180} INFO - Setting next_dagrun for my_dag to None, run_after=None
[2026-10-02T09:48:15.056+0000] {processor.py:208} INFO - Processing /opt/airflow/dags/my_tasks.py took 0.061 seconds
[2026-10-02T09:48:45.272+0000] {processor.py:186} INFO - Started process (PID=4343) to work on /opt/airflow/dags/my_tasks.py
[2026-10-02T09:48:45.272+0000] {processor.py:914} INFO - Processing file /opt/airflow/dags/my_tasks.py for tasks to queue
[2026-10-02T09:48:45.274+0000] {logging_mixin.py:190} INFO - [2026-10-02T09:48:45.274+0000] {dagbag.py:588} INFO - Filling up the DagBag from /opt/airflow/dags/my_tasks.py
[2026-10-02T09:48:45.281+0000] {processor.py:925} INFO - DAG(s) 'my_dag' retrieved from /opt/airflow/dags/my_tasks.py
[2026-10-02T09:48:45.299+0000] {logging_mixin.py:190} INFO - [2026-10-02T09:48:45.299+0000] {dag.py:3239} INFO - Sync 1 DAGs
[2026-10-02T09:48:45.314+0000] {logging_mixin.py:190} INFO - [2026-10-02T09:48:45.314+0000] {dag.py:4180} INFO - Setting next_dagrun for my_dag to None, run_after=None
[2026-10-02T09:48:45.333+0000] {processor.py:208} INFO - Processing /opt/airflow/dags/my_tasks.py took 0.066 seconds
[2026-10-02T09:49:15.546+0000] {processor.py:186} INFO - Started process (PID=4354) to work on /opt/airflow/dags/my_tasks.py
[2026-10-02T09:49:15.554+0000] {processor.py:914} INFO - Processing file /opt/airflow/dags/my_tasks.py for tasks to queue
[2026-10-02T09:49:15.556+0000] {logging_mixin.py:190} INFO - [2026-10-02T09:49:15.556+0000] {dagbag.py:588} INFO - Filling up the DagBag from /opt/airflow/dags/my_tasks.py
[2026-10-02T09:49:15.566+0000] {processor.py:925} INFO - DAG(s) 'my_dag' retrieved from /opt/airflow/dags/my_tasks.py
[2026-10-02T09:49:15.584+0000] {logging_mixin.py:190} INFO - [2026-10-02T09:49:15.584+0000] {dag.py:3239} INFO - Sync 1 DAGs
[2026-10-02T09:49:15.602+0000] {logging_mixin.py:190} INFO - [2026-10-02T09:49:15.601+0000] {dag.py:4180} INFO - Setting next_dagrun for my_dag to None, run_after=None
[2026-10-02T09:49:15.615+0000] {processor.py:208} INFO - Processing /opt/airflow/dags/my_tasks.py took 0.075 seconds
[2026-10-02T09:49:45.806+0000] {processor.py:186} INFO - Started process (PID=4365) to work on /opt/airflow/dags/my_tasks.py
[2026-10-02T09:49:45.807+0000] {processor.py:914} INFO - Processing file /opt/airflow/dags/my_tasks.py for tasks to queue
[2026-10-02T09:49:45.808+0000] {logging_mixin.py:190} INFO - [2026-10-02T09:49:45.808+0000] {dagbag.py:588} INFO - Filling up the DagBag from /opt/airflow/dags/my_tasks.py
[2026-10-02T09:49:45.815+0000] {processor.py:925} INFO - DAG(s) 'my_dag' retrieved from /opt/airflow/dags/my_tasks.py
[2026-10-02T09:49:45.833+0000] {logging_mixin.py:190} INFO - [2026-10-02T09:49:45.833+0000] {dag.py:3239} INFO - Sync 1 DAGs
[2026-10-02T09:49:45.849+0000] {logging_mixin.py:190} INFO - [2026-10-02T09:49:45.849+0000] {dag.py:4180} INFO - Setting next_dagrun for my_dag to None, run_after=None
[2026-10-02T09:49:45.867+0000] {processor.py:208} INFO - Processing /opt/airflow/dags/my_tasks.py took 0.065 seconds
[2026-10-02T09:50:16.061+0000] {processor.py:186} INFO - Started process (PID=4376) to work on /opt/airflow/dags/my_tasks.py
[2026-10-02T09:50:16.069+0000] {processor.py:914} INFO - Processing file /opt/airflow/dags/my_tasks.py for tasks to queue
[2026-10-02T09:50:16.073+0000] {logging_mixin.py:190} INFO - [2026-10-02T09:50:16.073+0000] {dagbag.py:588} INFO - Filling up the DagBag from /opt/airflow/dags/my_tasks.py
[2026-10-02T09:50:16.082+0000] {processor.py:925} INFO - DAG(s) 'my_dag' retrieved from /opt/airflow/dags/my_tasks.py
[2026-10-02T09:50:16.105+0000] {logging_mixin.py:190} INFO - [2026-10-02T09:50:16.105+0000] {dag.py:3239} INFO - Sync 1 DAGs
[2026-10-02T09:50:16.122+0000] {logging_mixin.py:190} INFO - [2026-10-02T09:50:16.121+0000] {dag.py:4180} INFO - Setting next_dagrun for my_dag to None, run_after=None
[2026-10-02T09:50:16.135+0000] {processor.py:208} INFO - Processing /opt/airflow/dags/my_tasks.py took 0.078 seconds
[2026-10-02T09:50:46.330+0000] {processor.py:186} INFO - Started process (PID=4387) to work on /opt/airflow/dags/my_tasks.py
[2026-10-02T09:50:46.331+0000] {processor.py:914} INFO - Processing file /opt/airflow/dags/my_tasks.py for tasks to queue
[2026-10-02T09:50:46.332+0000] {logging_mixin.py:190} INFO - [2026-10-02T09:50:46.332+0000] {dagbag.py:588} INFO - Filling up the DagBag from /opt/airflow/dags/my_tasks.py
[2026-10-02T09:50:46.340+0000] {processor.py:925} INFO - DAG(s) 'my_dag' retrieved from /opt/airflow/dags/my_tasks.py
[2026-10-02T09:50:46.359+0000] {logging_mixin.py:190} INFO - [2026-10-02T09:50:46.359+0000] {dag.py:3239} INFO - Sync 1 DAGs
[2026-10-02T09:50:46.375+0000] {logging_mixin.py:190} INFO - [2026-10-02T09:50:46.375+0000] {dag.py:4180} INFO - Setting next_dagrun for my_dag to None, run_after=None
[2026-10-02T09:50:46.390+0000] {processor.py:208} INFO - Processing /opt/airflow/dags/my_tasks.py took 0.064 seconds
[2026-10-02T09:51:16.594+0000] {processor.py:186} INFO - Started process (PID=4398) to work on /opt/airflow/dags/my_tasks.py
[2026-10-02T09:51:16.596+0000] {processor.py:914} INFO - Processing file /opt/airflow/dags/my_tasks.py for tasks to queue
[2026-10-02T09:51:16.598+0000] {logging_mixin.py:190} INFO - [2026-10-02T09:51:16.598+0000] {dagbag.py:588} INFO - Filling up the DagBag from /opt/airflow/dags/my_tasks.py
[2026-10-02T09:51:16.606+0000] {processor.py:925} INFO - DAG(s) 'my_dag' retrieved from /opt/airflow/dags/my_tasks.py
[2026-10-02T09:51:16.623+0000] {logging_mixin.py:190} INFO - [2026-10-02T09:51:16.623+0000] {dag.py:3239} INFO - Sync 1 DAGs
[2026-10-02T09:51:16.639+0000] {logging_mixin.py:190} INFO - [2026-10-02T09:51:16.639+0000] {dag.py:4180} INFO - Setting next_dagrun for my_dag to None, run_after=None
[2026-10-02T09:51:16.654+0000] {processor.py:208} INFO - Processing /opt/airflow/dags/my_tasks.py took 0.064 seconds
[2026-10-02T09:51:46.861+0000] {processor.py:186} INFO - Started process (PID=4409) to work on /opt/airflow/dags/my_tasks.py
[2026-10-02T09:51:46.862+0000] {processor.py:914} INFO - Processing file /opt/airflow/dags/my_tasks.py for tasks to queue
[2026-10-02T09:51:46.863+0000] {logging_mixin.py:190} INFO - [2026-10-02T09:51:46.863+0000] {dagbag.py:588} INFO - Filling up the DagBag from /opt/airflow/dags/my_tasks.py
[2026-10-02T09:51:46.870+0000] {processor.py:925} INFO - DAG(s) 'my_dag' retrieved from /opt/airflow/dags/my_tasks.py
[2026-10-02T09:51:46.888+0000] {logging_mixin.py:190} INFO - [2026-10-02T09:51:46.888+0000] {dag.py:3239} INFO - Sync 1 DAGs
[2026-10-02T09:51:46.906+0000] {logging_mixin.py:190} INFO - [2026-10-02T09:51:46.905+0000] {dag.py:4180} INFO - Setting next_dagrun for my_dag to None, run_after=None
[2026-10-02T09:51:46.919+0000] {processor.py:208} INFO - Processing /opt/airflow/dags/my_tasks.py took 0.062 seconds
[2026-10-02T09:52:17.106+0000] {processor.py:186} INFO - Started process (PID=4420) to work on /opt/airflow/dags/my_tasks.py
[2026-10-02T09:52:17.114+0000] {processor.py:914} INFO - Processing file /opt/airflow/dags/my_tasks.py for tasks to queue
[2026-10-02T09:52:17.115+0000] {logging_mixin.py:190} INFO - [2026-10-02T09:52:17.115+0000] {dagbag.py:588} INFO - Filling up the DagBag from /opt/airflow/dags/my_tasks.py
[2026-10-02T09:52:17.122+0000] {processor.py:925} INFO - DAG(s) 'my_dag' retrieved from /opt/airflow/dags/my_tasks.py
[2026-10-02T09:52:17.141+0000] {logging_mixin.py:190} INFO - [2026-10-02T09:52:17.140+0000] {dag.py:3239} INFO - Sync 1 DAGs
[2026-10-02T09:52:17.156+0000] {logging_mixin.py:190} INFO - [2026-10-02T09:52:17.156+0000] {dag.py:4180} INFO - Setting next_dagrun for my_dag to None, run_after=None
[2026-10-02T09:52:17.170+0000] {processor.py:208} INFO - Processing /opt/airflow/dags/my_tasks.py took 0.070 seconds
[2026-10-02T09:52:47.366+0000] {processor.py:186} INFO - Started process (PID=4431) to work on /opt/airflow/dags/my_tasks.py
[2026-10-02T09:52:47.366+0000] {processor.py:914} INFO - Processing file /opt/airflow/dags/my_tasks.py for tasks to queue
[2026-10-02T09:52:47.368+0000] {logging_mixin.py:190} INFO - [2026-10-02T09:52:47.368+0000] {dagbag.py:588} INFO - Filling up the DagBag from /opt/airflow/dags/my_tasks.py
[2026-10-02T09:52:47.375+0000] {processor.py:925} INFO - DAG(s) 'my_dag' retrieved from /opt/airflow/dags/my_tasks.py
[2026-10-02T09:52:47.393+0000] {logging_mixin.py:190} INFO - [2026-10-02T09:52:47.392+0000] {dag.py:3239} INFO - Sync 1 DAGs
[2026-10-02T09:52:47.408+0000] {logging_mixin.py:190} INFO - [2026-10-02T09:52:47.408+0000] {dag.py:4180} INFO - Setting next_dagrun for my_dag to None, run_after=None
[2026-10-02T09:52:47.421+0000] {processor.py:208} INFO - Processing /opt/airflow/dags/my_tasks.py took 0.060 seconds
[2026-10-02T09:53:17.616+0000] {processor.py:186} INFO - Started process (PID=4442) to work on /opt/airflow/dags/my_tasks.py
[2026-10-02T09:53:17.624+0000] {processor.py:914} INFO - Processing file /opt/airflow/dags/my_tasks.py for tasks to queue
[2026-10-02T09:53:17.626+0000] {logging_mixin.py:190} INFO - [2026-10-02T09:53:17.625+0000] {dagbag.py:588} INFO - Filling up the DagBag from /opt/airflow/dags/my_tasks.py
[2026-10-02T09:53:17.634+0000] {processor.py:925} INFO - DAG(s) 'my_dag' retrieved from /opt/airflow/dags/my_tasks.py
[2026-10-02T09:53:17.652+0000] {logging_mixin.py:190} INFO - [2026-10-02T09:53:17.652+0000] {dag.py:3239} INFO - Sync 1 DAGs
[2026-10-02T09:53:17.671+0000] {logging_mixin.py:190} INFO - [2026-10-02T09:53:17.670+0000] {dag.py:4180} INFO - Setting next_dagrun for my_dag to None, run_after=None
[2026-10-02T09:53:17.685+0000] {processor.py:208} INFO - Processing /opt/airflow/dags/my_tasks.py took 0.073 seconds
[2026-10-02T09:53:47.881+0000] {processor.py:186} INFO - Started process (PID=4453) to work on /opt/airflow/dags/my_tasks.py
[2026-10-02T09:53:47.881+0000] {processor.py:914} INFO - Processing file /opt/airflow/dags/my_tasks.py for tasks to queue
[2026-10-02T09:53:47.883+0000] {logging_mixin.py:190} INFO - [2026-10-02T09:53:47.883+0000] {dagbag.py:588} INFO - Filling up the DagBag from /opt/airflow/dags/my_tasks.py
[2026-10-02T09:53:47.890+0000] {processor.py:925} INFO - DAG(s) 'my_dag' retrieved from /opt/airflow/dags/my_tasks.py
[2026-10-02T09:53:47.907+0000] {logging_mixin.py:190} INFO - [2026-10-02T09:53:47.907+0000] {dag.py:3239} INFO - Sync 1 DAGs
[2026-10-02T09:53:47.923+0000] {logging_mixin.py:190} INFO - [2026-10-02T09:53:47.923+0000] {dag.py:4180} INFO - Setting next_dagrun for my_dag to None, run_after=None
[2026-10-02T09:53:47.937+0000] {processor.py:208} INFO - Processing /opt/airflow/dags/my_tasks.py took 0.061 seconds
[2026-10-02T09:54:18.141+0000] {processor.py:186} INFO - Started process (PID=4464) to work on /opt/airflow/dags/my_tasks.py
[2026-10-02T09:54:18.149+0000] {processor.py:914} INFO - Processing file /opt/airflow/dags/my_tasks.py for tasks to queue
[2026-10-02T09:54:18.153+0000] {logging_mixin.py:190} INFO - [2026-10-02T09:54:18.153+0000] {dagbag.py:588} INFO - Filling up the DagBag from /opt/airflow/dags/my_tasks.py
[2026-10-02T09:54:18.162+0000] {processor.py:925} INFO - DAG(s) 'my_dag' retrieved from /opt/airflow/dags/my_tasks.py
[2026-10-02T09:54:18.180+0000] {logging_mixin.py:190} INFO - [2026-10-02T09:54:18.180+0000] {dag.py:3239} INFO - Sync 1 DAGs
[2026-10-02T09:54:18.196+0000] {logging_mixin.py:190} INFO - [2026-10-02T09:54:18.196+0000] {dag.py:4180} INFO - Setting next_dagrun for my_dag to None, run_after=None
[2026-10-02T09:54:18.210+0000] {processor.py:208} INFO - Processing /opt/airflow/dags/my_tasks.py took 0.074 seconds
[2026-10-02T09:54:48.418+0000] {processor.py:186} INFO - Started process (PID=4475) to work on /opt/airflow/dags/my_tasks.py
[2026-10-02T09:54:48.421+0000] {processor.py:914} INFO - Processing file /opt/airflow/dags/my_tasks.py for tasks to queue
[2026-10-02T09:54:48.423+0000] {logging_mixin.py:190} INFO - [2026-10-02T09:54:48.423+0000] {dagbag.py:588} INFO - Filling up the DagBag from /opt/airflow/dags/my_tasks.py
[2026-10-02T09:54:48.431+0000] {processor.py:925} INFO - DAG(s) 'my_dag' retrieved from /opt/airflow/dags/my_tasks.py
[2026-10-02T09:54:48.448+0000] {logging_mixin.py:190} INFO - [2026-10-02T09:54:48.448+0000] {dag.py:3239} INFO - Sync 1 DAGs
[2026-10-02T09:54:48.464+0000] {logging_mixin.py:190} INFO - [2026-10-02T09:54:48.464+0000] {dag.py:4180} INFO - Setting next_dagrun for my_dag to None, run_after=None
[2026-10-02T09:54:48.478+0000] {processor.py:208} INFO - Processing /opt/airflow/dags/my_tasks.py took 0.064 seconds
[2026-10-02T09:55:18.670+0000] {processor.py:186} INFO - Started process (PID=4486) to work on /opt/airflow/dags/my_tasks.py
[2026-10-02T09:55:18.671+0000] {processor.py:914} INFO - Processing file /opt/airflow/dags/my_tasks.py for tasks to queue
[2026-10-02T09:55:18.672+0000] {logging_mixin.py:190} INFO - [2026-10-02T09:55:18.672+0000] {dagbag.py:588} INFO - Filling up the DagBag from /opt/airflow/dags/my_tasks.py
[2026-10-02T09:55:18.680+0000] {processor.py:925} INFO - DAG(s) 'my_dag' retrieved from /opt/airflow/dags/my_tasks.py
[2026-10-02T09:55:18.697+0000] {logging_mixin.py:190} INFO - [2026-10-02T09:55:18.697+0000] {dag.py:3239} INFO - Sync 1 DAGs
[2026-10-02T09:55:18.714+0000] {logging_mixin.py:190} INFO - [2026-10-02T09:55:18.714+0000] {dag.py:4180} INFO - Setting next_dagrun for my_dag to None, run_after=None
[2026-10-02T09:55:18.728+0000] {processor.py:208} INFO - Processing /opt/airflow/dags/my_tasks.py took 0.062 seconds
[2026-10-02T09:55:48.938+0000] {processor.py:186} INFO - Started process (PID=4497) to work on /opt/airflow/dags/my_tasks.py
[2026-10-02T09:55:48.946+0000] {processor.py:914} INFO - Processing file /opt/airflow/dags/my_tasks.py for tasks to queue
[2026-10-02T09:55:48.949+0000] {logging_mixin.py:190} INFO - [2026-10-02T09:55:48.949+0000] {dagbag.py:588} INFO - Filling up the DagBag from /opt/airflow/dags/my_tasks.py
[2026-10-02T09:55:48.958+0000] {processor.py:925} INFO - DAG(s) 'my_dag' retrieved from /opt/airflow/dags/my_tasks.py
[2026-10-02T09:55:48.976+0000] {logging_mixin.py:190} INFO - [2026-10-02T09:55:48.976+0000] {dag.py:3239} INFO - Sync 1 DAGs
[2026-10-02T09:55:48.993+0000] {logging_mixin.py:190} INFO - [2026-10-02T09:55:48.992+0000] {dag.py:4180} INFO - Setting next_dagrun for my_dag to None, run_after=None
[2026-10-02T09:55:49.007+0000] {processor.py:208} INFO - Processing /opt/airflow/dags/my_tasks.py took 0.072 seconds
[2026-10-02T09:56:19.198+0000] {processor.py:186} INFO - Started process (PID=4508) to work on /opt/airflow/dags/my_tasks.py
[2026-10-02T09:56:19.206+0000] {processor.py:914} INFO - Processing file /opt/airflow/dags/my_tasks.py for tasks to queue
[2026-10-02T09:56:19.209+0000] {logging_mixin.py:190} INFO - [2026-10-02T09:56:19.208+0000] {dagbag.py:588} INFO - Filling up the DagBag from /opt/airflow/dags/my_tasks.py
[2026-10-02T09:56:19.217+0000] {processor.py:925} INFO - DAG(s) 'my_dag' retrieved from /opt/airflow/dags/my_tasks.py
[2026-10-02T09:56:19.235+0000] {logging_mixin.py:190} INFO - [2026-10-02T09:56:19.235+0000] {dag.py:3239} INFO - Sync 1 DAGs
[2026-10-02T09:56:19.252+0000] {logging_mixin.py:190} INFO - [2026-10-02T09:56:19.252+0000] {dag.py:4180} INFO - Setting next_dagrun for my_dag to None, run_after=None
[2026-10-02T09:56:19.267+0000] {processor.py:208} INFO - Processing /opt/airflow/dags/my_tasks.py took 0.073 seconds
[2026-10-02T09:56:49.470+0000] {processor.py:186} INFO - Started process (PID=4519) to work on /opt/airflow/dags/my_tasks.py
[2026-10-02T09:56:49.471+0000] {processor.py:914} INFO - Processing file /opt/airflow/dags/my_tasks.py for tasks to queue
[2026-10-02T09:56:49.472+0000] {logging_mixin.py:190} INFO - [2026-10-02T09:56:49.472+0000] {dagbag.py:588} INFO - Filling up the DagBag from /opt/airflow/dags/my_tasks.py
[2026-10-02T09:56:49.479+0000] {processor.py:925} INFO - DAG(s) 'my_dag' retrieved from /opt/airflow/dags/my_tasks.py
[2026-10-02T09:56:49.496+0000] {logging_mixin.py:190} INFO - [2026-10-02T09:56:49.496+0000] {dag.py:3239} INFO - Sync 1 DAGs
[2026-10-02T09:56:49.512+0000] {logging_mixin.py:190} INFO - [2026-10-02T09:56:49.512+0000] {dag.py:4180} INFO - Setting next_dagrun for my_dag to None, run_after=None
[2026-10-02T09:56:49.532+0000] {processor.py:208} INFO - Processing /opt/airflow/dags/my_tasks.py took 0.067 seconds
[2026-10-02T09:57:19.739+0000] {processor.py:186} INFO - Started process (PID=4536) to work on /opt/airflow/dags/my_tasks.py
[2026-10-02T09:57:19.747+0000] {processor.py:914} INFO - Processing file /opt/airflow/dags/my_tasks.py for tasks to queue
[2026-10-02T09:57:19.750+0000] {logging_mixin.py:190} INFO - [2026-10-02T09:57:19.749+0000] {dagbag.py:588} INFO - Filling up the DagBag from /opt/airflow/dags/my_tasks.py
[2026-10-02T09:57:19.760+0000] {processor.py:925} INFO - DAG(s) 'my_dag' retrieved from /opt/airflow/dags/my_tasks.py
[2026-10-02T09:57:19.778+0000] {logging_mixin.py:190} INFO - [2026-10-02T09:57:19.777+0000] {dag.py:3239} INFO - Sync 1 DAGs
[2026-10-02T09:57:19.795+0000] {logging_mixin.py:190} INFO - [2026-10-02T09:57:19.794+0000] {dag.py:4180} INFO - Setting next_dagrun for my_dag to None, run_after=None
[2026-10-02T09:57:19.808+0000] {processor.py:208} INFO - Processing /opt/airflow/dags/my_tasks.py took 0.072 seconds
[2026-10-02T09:57:50.015+0000] {processor.py:186} INFO - Started process (PID=4547) to work on /opt/airflow/dags/my_tasks.py
[2026-10-02T09:57:50.023+0000] {processor.py:914} INFO - Processing file /opt/airflow/dags/my_tasks.py for tasks to queue
[2026-10-02T09:57:50.027+0000] {logging_mixin.py:190} INFO - [2026-10-02T09:57:50.026+0000] {dagbag.py:588} INFO - Filling up the DagBag from /opt/airflow/dags/my_tasks.py
[2026-10-02T09:57:50.035+0000] {processor.py:925} INFO - DAG(s) 'my_dag' retrieved from /opt/airflow/dags/my_tasks.py
[2026-10-02T09:57:50.054+0000] {logging_mixin.py:190} INFO - [2026-10-02T09:57:50.053+0000] {dag.py:3239} INFO - Sync 1 DAGs
[2026-10-02T09:57:50.071+0000] {logging_mixin.py:190} INFO - [2026-10-02T09:57:50.071+0000] {dag.py:4180} INFO - Setting next_dagrun for my_dag to None, run_after=None
[2026-10-02T09:57:50.086+0000] {processor.py:208} INFO - Processing /opt/airflow/dags/my_tasks.py took 0.075 seconds
[2026-10-02T09:58:20.293+0000] {processor.py:186} INFO - Started process (PID=4558) to work on /opt/airflow/dags/my_tasks.py
[2026-10-02T09:58:20.293+0000] {processor.py:914} INFO - Processing file /opt/airflow/dags/my_tasks.py for tasks to queue
[2026-10-02T09:58:20.295+0000] {logging_mixin.py:190} INFO - [2026-10-02T09:58:20.295+0000] {dagbag.py:588} INFO - Filling up the DagBag from /opt/airflow/dags/my_tasks.py
[2026-10-02T09:58:20.301+0000] {processor.py:925} INFO - DAG(s) 'my_dag' retrieved from /opt/airflow/dags/my_tasks.py
[2026-10-02T09:58:20.319+0000] {logging_mixin.py:190} INFO - [2026-10-02T09:58:20.319+0000] {dag.py:3239} INFO - Sync 1 DAGs
[2026-10-02T09:58:20.336+0000] {logging_mixin.py:190} INFO - [2026-10-02T09:58:20.336+0000] {dag.py:4180} INFO - Setting next_dagrun for my_dag to None, run_after=None
[2026-10-02T09:58:20.351+0000] {processor.py:208} INFO - Processing /opt/airflow/dags/my_tasks.py took 0.064 seconds
[2026-10-02T09:58:50.536+0000] {processor.py:186} INFO - Started process (PID=4569) to work on /opt/airflow/dags/my_tasks.py
[2026-10-02T09:58:50.536+0000] {processor.py:914} INFO - Processing file /opt/airflow/dags/my_tasks.py for tasks to queue
[2026-10-02T09:58:50.538+0000] {logging_mixin.py:190} INFO - [2026-10-02T09:58:50.537+0000] {dagbag.py:588} INFO - Filling up the DagBag from /opt/airflow/dags/my_tasks.py
[2026-10-02T09:58:50.545+0000] {processor.py:925} INFO - DAG(s) 'my_dag' retrieved from /opt/airflow/dags/my_tasks.py
[2026-10-02T09:58:50.563+0000] {logging_mixin.py:190} INFO - [2026-10-02T09:58:50.563+0000] {dag.py:3239} INFO - Sync 1 DAGs
[2026-10-02T09:58:50.581+0000] {logging_mixin.py:190} INFO - [2026-10-02T09:58:50.581+0000] {dag.py:4180} INFO - Setting next_dagrun for my_dag to None, run_after=None
[2026-10-02T09:58:50.596+0000] {processor.py:208} INFO - Processing /opt/airflow/dags/my_tasks.py took 0.064 seconds
[2026-10-02T09:59:20.811+0000] {processor.py:186} INFO - Started process (PID=4580) to work on /opt/airflow/dags/my_tasks.py
[2026-10-02T09:59:20.820+0000] {processor.py:914} INFO - Processing file /opt/airflow/dags/my_tasks.py for tasks to queue
[2026-10-02T09:59:20.822+0000] {logging_mixin.py:190} INFO - [2026-10-02T09:59:20.822+0000] {dagbag.py:588} INFO - Filling up the DagBag from /opt/airflow/dags/my_tasks.py
[2026-10-02T09:59:20.829+0000] {processor.py:925} INFO - DAG(s) 'my_dag' retrieved from /opt/airflow/dags/my_tasks.py
[2026-10-02T09:59:20.848+0000] {logging_mixin.py:190} INFO - [2026-10-02T09:59:20.848+0000] {dag.py:3239} INFO - Sync 1 DAGs
[2026-10-02T09:59:20.865+0000] {logging_mixin.py:190} INFO - [2026-10-02T09:59:20.864+0000] {dag.py:4180} INFO - Setting next_dagrun for my_dag to None, run_after=None
[2026-10-02T09:59:20.879+0000] {processor.py:208} INFO - Processing /opt/airflow/dags/my_tasks.py took 0.073 seconds
[2026-10-02T09:59:51.074+0000] {processor.py:186} INFO - Started process (PID=4591) to work on /opt/airflow/dags/my_tasks.py
[2026-10-02T09:59:51.074+0000] {processor.py:914} INFO - Processing file /opt/airflow/dags/my_tasks.py for tasks to queue
[2026-10-02T09:59:51.076+0000] {logging_mixin.py:190} INFO - [2026-10-02T09:59:51.076+0000] {dagbag.py:588} INFO - Filling up the DagBag from /opt/airflow/dags/my_tasks.py
[2026-10-02T09:59:51.084+0000] {processor.py:925} INFO - DAG(s) 'my_dag' retrieved from /opt/airflow/dags/my_tasks.py
[2026-10-02T09:59:51.102+0000] {logging_mixin.py:190} INFO - [2026-10-02T09:59:51.102+0000] {dag.py:3239} INFO - Sync 1 DAGs
[2026-10-02T09:59:51.119+0000] {logging_mixin.py:190} INFO - [2026-10-02T09:59:51.118+0000] {dag.py:4180} INFO - Setting next_dagrun for my_dag to None, run_after=None
[2026-10-02T09:59:51.134+0000] {processor.py:208} INFO - Processing /opt/airflow/dags/my_tasks.py took 0.064 seconds
[2026-10-02T10:00:21.339+0000] {processor.py:186} INFO - Started process (PID=4602) to work on /opt/airflow/dags/my_tasks.py
[2026-10-02T10:00:21.340+0000] {processor.py:914} INFO - Processing file /opt/airflow/dags/my_tasks.py for tasks to queue
[2026-10-02T10:00:21.341+0000] {logging_mixin.py:190} INFO - [2026-10-02T10:00:21.341+0000] {dagbag.py:588} INFO - Filling up the DagBag from /opt/airflow/dags/my_tasks.py
[2026-10-02T10:00:21.348+0000] {processor.py:925} INFO - DAG(s) 'my_dag' retrieved from /opt/airflow/dags/my_tasks.py
[2026-10-02T10:00:21.366+0000] {logging_mixin.py:190} INFO - [2026-10-02T10:00:21.366+0000] {dag.py:3239} INFO - Sync 1 DAGs
[2026-10-02T10:00:21.383+0000] {logging_mixin.py:190} INFO - [2026-10-02T10:00:21.382+0000] {dag.py:4180} INFO - Setting next_dagrun for my_dag to None, run_after=None
[2026-10-02T10:00:21.397+0000] {processor.py:208} INFO - Processing /opt/airflow/dags/my_tasks.py took 0.061 seconds
[2026-10-02T10:00:51.611+0000] {processor.py:186} INFO - Started process (PID=4613) to work on /opt/airflow/dags/my_tasks.py
[2026-10-02T10:00:51.619+0000] {processor.py:914} INFO - Processing file /opt/airflow/dags/my_tasks.py for tasks to queue
[2026-10-02T10:00:51.621+0000] {logging_mixin.py:190} INFO - [2026-10-02T10:00:51.621+0000] {dagbag.py:588} INFO - Filling up the DagBag from /opt/airflow/dags/my_tasks.py
[2026-10-02T10:00:51.631+0000] {processor.py:925} INFO - DAG(s) 'my_dag' retrieved from /opt/airflow/dags/my_tasks.py
[2026-10-02T10:00:51.649+0000] {logging_mixin.py:190} INFO - [2026-10-02T10:00:51.649+0000] {dag.py:3239} INFO - Sync 1 DAGs
[2026-10-02T10:00:51.665+0000] {logging_mixin.py:190} INFO - [2026-10-02T10:00:51.665+0000] {dag.py:4180} INFO - Setting next_dagrun for my_dag to None, run_after=None
[2026-10-02T10:00:51.679+0000] {processor.py:208} INFO - Processing /opt/airflow/dags/my_tasks.py took 0.072 seconds
[2026-10-02T10:01:21.869+0000] {processor.py:186} INFO - Started process (PID=4624) to work on /opt/airflow/dags/my_tasks.py
[2026-10-02T10:01:21.870+0000] {processor.py:914} INFO - Processing file /opt/airflow/dags/my_tasks.py for tasks to queue
[2026-10-02T10:01:21.872+0000] {logging_mixin.py:190} INFO - [2026-10-02T10:01:21.871+0000] {dagbag.py:588} INFO - Filling up the DagBag from /opt/airflow/dags/my_tasks.py
[2026-10-02T10:01:21.878+0000] {processor.py:925} INFO - DAG(s) 'my_dag' retrieved from /opt/airflow/dags/my_tasks.py
[2026-10-02T10:01:21.896+0000] {logging_mixin.py:190} INFO - [2026-10-02T10:01:21.896+0000] {dag.py:3239} INFO - Sync 1 DAGs
[2026-10-02T10:01:21.912+0000] {logging_mixin.py:190} INFO - [2026-10-02T10:01:21.912+0000] {dag.py:4180} INFO - Setting next_dagrun for my_dag to None, run_after=None
[2026-10-02T10:01:21.926+0000] {processor.py:208} INFO - Processing /opt/airflow/dags/my_tasks.py took 0.062 seconds
[2026-10-02T10:01:52.125+0000] {processor.py:186} INFO - Started process (PID=4635) to work on /opt/airflow/dags/my_tasks.py
[2026-10-02T10:01:52.133+0000] {processor.py:914} INFO - Processing file /opt/airflow/dags/my_tasks.py for tasks to queue
[2026-10-02T10:01:52.135+0000] {logging_mixin.py:190} INFO - [2026-10-02T10:01:52.135+0000] {dagbag.py:588} INFO - Filling up the DagBag from /opt/airflow/dags/my_tasks.py
[2026-10-02T10:01:52.144+0000] {processor.py:925} INFO - DAG(s) 'my_dag' retrieved from /opt/airflow/dags/my_tasks.py
[2026-10-02T10:01:52.162+0000] {logging_mixin.py:190} INFO - [2026-10-02T10:01:52.162+0000] {dag.py:3239} INFO - Sync 1 DAGs
[2026-10-02T10:01:52.179+0000] {logging_mixin.py:190} INFO - [2026-10-02T10:01:52.178+0000] {dag.py:4180} INFO - Setting next_dagrun for my_dag to None, run_after=None
[2026-10-02T10:01:52.195+0000] {processor.py:208} INFO - Processing /opt/airflow/dags/my_tasks.py took 0.074 seconds
[2026-10-02T10:02:22.389+0000] {processor.py:186} INFO - Started process (PID=4646) to work on /opt/airflow/dags/my_tasks.py
[2026-10-02T10:02:22.390+0000] {processor.py:914} INFO - Processing file /opt/airflow/dags/my_tasks.py for tasks to queue
[2026-10-02T10:02:22.392+0000] {logging_mixin.py:190} INFO - [2026-10-02T10:02:22.391+0000] {dagbag.py:588} INFO - Filling up the DagBag from /opt/airflow/dags/my_tasks.py
[2026-10-02T10:02:22.398+0000] {processor.py:925} INFO - DAG(s) 'my_dag' retrieved from /opt/airflow/dags/my_tasks.py
[2026-10-02T10:02:22.416+0000] {logging_mixin.py:190} INFO - [2026-10-02T10:02:22.416+0000] {dag.py:3239} INFO - Sync 1 DAGs
[2026-10-02T10:02:22.431+0000] {logging_mixin.py:190} INFO - [2026-10-02T10:02:22.431+0000] {dag.py:4180} INFO - Setting next_dagrun for my_dag to None, run_after=None
[2026-10-02T10:02:22.446+0000] {processor.py:208} INFO - Processing /opt/airflow/dags/my_tasks.py took 0.061 seconds
[2026-10-02T10:02:52.661+0000] {processor.py:186} INFO - Started process (PID=4657) to work on /opt/airflow/dags/my_tasks.py
[2026-10-02T10:02:52.669+0000] {processor.py:914} INFO - Processing file /opt/airflow/dags/my_tasks.py for tasks to queue
[2026-10-02T10:02:52.671+0000] {logging_mixin.py:190} INFO - [2026-10-02T10:02:52.671+0000] {dagbag.py:588} INFO - Filling up the DagBag from /opt/airflow/dags/my_tasks.py
[2026-10-02T10:02:52.681+0000] {processor.py:925} INFO - DAG(s) 'my_dag' retrieved from /opt/airflow/dags/my_tasks.py
[2026-10-02T10:02:52.699+0000] {logging_mixin.py:190} INFO - [2026-10-02T10:02:52.699+0000] {dag.py:3239} INFO - Sync 1 DAGs
[2026-10-02T10:02:52.716+0000] {logging_mixin.py:190} INFO - [2026-10-02T10:02:52.716+0000] {dag.py:4180} INFO - Setting next_dagrun for my_dag to None, run_after=None
[2026-10-02T10:02:52.729+0000] {processor.py:208} INFO - Processing /opt/airflow/dags/my_tasks.py took 0.072 seconds
[2026-10-02T10:03:22.933+0000] {processor.py:186} INFO - Started process (PID=4668) to work on /opt/airflow/dags/my_tasks.py
[2026-10-02T10:03:22.934+0000] {processor.py:914} INFO - Processing file /opt/airflow/dags/my_tasks.py for tasks to queue
[2026-10-02T10:03:22.936+0000] {logging_mixin.py:190} INFO - [2026-10-02T10:03:22.935+0000] {dagbag.py:588} INFO - Filling up the DagBag from /opt/airflow/dags/my_tasks.py
[2026-10-02T10:03:22.942+0000] {processor.py:925} INFO - DAG(s) 'my_dag' retrieved from /opt/airflow/dags/my_tasks.py
[2026-10-02T10:03:22.961+0000] {logging_mixin.py:190} INFO - [2026-10-02T10:03:22.961+0000] {dag.py:3239} INFO - Sync 1 DAGs
[2026-10-02T10:03:22.977+0000] {logging_mixin.py:190} INFO - [2026-10-02T10:03:22.977+0000] {dag.py:4180} INFO - Setting next_dagrun for my_dag to None, run_after=None
[2026-10-02T10:03:22.991+0000] {processor.py:208} INFO - Processing /opt/airflow/dags/my_tasks.py took 0.062 seconds
[2026-10-02T10:03:53.208+0000] {processor.py:186} INFO - Started process (PID=4679) to work on /opt/airflow/dags/my_tasks.py
[2026-10-02T10:03:53.213+0000] {processor.py:914} INFO - Processing file /opt/airflow/dags/my_tasks.py for tasks to queue
[2026-10-02T10:03:53.215+0000] {logging_mixin.py:190} INFO - [2026-10-02T10:03:53.215+0000] {dagbag.py:588} INFO - Filling up the DagBag from /opt/airflow/dags/my_tasks.py
[2026-10-02T10:03:53.222+0000] {processor.py:925} INFO - DAG(s) 'my_dag' retrieved from /opt/airflow/dags/my_tasks.py
[2026-10-02T10:03:53.242+0000] {logging_mixin.py:190} INFO - [2026-10-02T10:03:53.241+0000] {dag.py:3239} INFO - Sync 1 DAGs
[2026-10-02T10:03:53.258+0000] {logging_mixin.py:190} INFO - [2026-10-02T10:03:53.258+0000] {dag.py:4180} INFO - Setting next_dagrun for my_dag to None, run_after=None
[2026-10-02T10:03:53.272+0000] {processor.py:208} INFO - Processing /opt/airflow/dags/my_tasks.py took 0.068 seconds
[2026-10-02T10:04:23.465+0000] {processor.py:186} INFO - Started process (PID=4690) to work on /opt/airflow/dags/my_tasks.py
[2026-10-02T10:04:23.466+0000] {processor.py:914} INFO - Processing file /opt/airflow/dags/my_tasks.py for tasks to queue
[2026-10-02T10:04:23.467+0000] {logging_mixin.py:190} INFO - [2026-10-02T10:04:23.467+0000] {dagbag.py:588} INFO - Filling up the DagBag from /opt/airflow/dags/my_tasks.py
[2026-10-02T10:04:23.474+0000] {processor.py:925} INFO - DAG(s) 'my_dag' retrieved from /opt/airflow/dags/my_tasks.py
[2026-10-02T10:04:23.492+0000] {logging_mixin.py:190} INFO - [2026-10-02T10:04:23.492+0000] {dag.py:3239} INFO - Sync 1 DAGs
[2026-10-02T10:04:23.509+0000] {logging_mixin.py:190} INFO - [2026-10-02T10:04:23.509+0000] {dag.py:4180} INFO - Setting next_dagrun for my_dag to None, run_after=None
[2026-10-02T10:04:23.526+0000] {processor.py:208} INFO - Processing /opt/airflow/dags/my_tasks.py took 0.065 seconds
[2026-10-02T10:04:53.732+0000] {processor.py:186} INFO - Started process (PID=4701) to work on /opt/airflow/dags/my_tasks.py
[2026-10-02T10:04:53.746+0000] {processor.py:914} INFO - Processing file /opt/airflow/dags/my_tasks.py for tasks to queue
[2026-10-02T10:04:53.750+0000] {logging_mixin.py:190} INFO - [2026-10-02T10:04:53.749+0000] {dagbag.py:588} INFO - Filling up the DagBag from /opt/airflow/dags/my_tasks.py
[2026-10-02T10:04:53.761+0000] {processor.py:925} INFO - DAG(s) 'my_dag' retrieved from /opt/airflow/dags/my_tasks.py
[2026-10-02T10:04:53.778+0000] {logging_mixin.py:190} INFO - [2026-10-02T10:04:53.778+0000] {dag.py:3239} INFO - Sync 1 DAGs
[2026-10-02T10:04:53.795+0000] {logging_mixin.py:190} INFO - [2026-10-02T10:04:53.795+0000] {dag.py:4180} INFO - Setting next_dagrun for my_dag to None, run_after=None
[2026-10-02T10:04:53.816+0000] {processor.py:208} INFO - Processing /opt/airflow/dags/my_tasks.py took 0.088 seconds
[2026-10-02T10:05:24.014+0000] {processor.py:186} INFO - Started process (PID=4712) to work on /opt/airflow/dags/my_tasks.py
[2026-10-02T10:05:24.015+0000] {processor.py:914} INFO - Processing file /opt/airflow/dags/my_tasks.py for tasks to queue
[2026-10-02T10:05:24.017+0000] {logging_mixin.py:190} INFO - [2026-10-02T10:05:24.017+0000] {dagbag.py:588} INFO - Filling up the DagBag from /opt/airflow/dags/my_tasks.py
[2026-10-02T10:05:24.023+0000] {processor.py:925} INFO - DAG(s) 'my_dag' retrieved from /opt/airflow/dags/my_tasks.py
[2026-10-02T10:05:24.041+0000] {logging_mixin.py:190} INFO - [2026-10-02T10:05:24.041+0000] {dag.py:3239} INFO - Sync 1 DAGs
[2026-10-02T10:05:24.057+0000] {logging_mixin.py:190} INFO - [2026-10-02T10:05:24.057+0000] {dag.py:4180} INFO - Setting next_dagrun for my_dag to None, run_after=None
[2026-10-02T10:05:24.071+0000] {processor.py:208} INFO - Processing /opt/airflow/dags/my_tasks.py took 0.063 seconds
[2026-10-02T10:05:54.277+0000] {processor.py:186} INFO - Started process (PID=4723) to work on /opt/airflow/dags/my_tasks.py
[2026-10-02T10:05:54.285+0000] {processor.py:914} INFO - Processing file /opt/airflow/dags/my_tasks.py for tasks to queue
[2026-10-02T10:05:54.287+0000] {logging_mixin.py:190} INFO - [2026-10-02T10:05:54.286+0000] {dagbag.py:588} INFO - Filling up the DagBag from /opt/airflow/dags/my_tasks.py
[2026-10-02T10:05:54.293+0000] {processor.py:925} INFO - DAG(s) 'my_dag' retrieved from /opt/airflow/dags/my_tasks.py
[2026-10-02T10:05:54.311+0000] {logging_mixin.py:190} INFO - [2026-10-02T10:05:54.311+0000] {dag.py:3239} INFO - Sync 1 DAGs
[2026-10-02T10:05:54.327+0000] {logging_mixin.py:190} INFO - [2026-10-02T10:05:54.327+0000] {dag.py:4180} INFO - Setting next_dagrun for my_dag to None, run_after=None
[2026-10-02T10:05:54.341+0000] {processor.py:208} INFO - Processing /opt/airflow/dags/my_tasks.py took 0.068 seconds
[2026-10-02T10:06:24.539+0000] {processor.py:186} INFO - Started process (PID=4734) to work on /opt/airflow/dags/my_tasks.py
[2026-10-02T10:06:24.539+0000] {processor.py:914} INFO - Processing file /opt/airflow/dags/my_tasks.py for tasks to queue
[2026-10-02T10:06:24.541+0000] {logging_mixin.py:190} INFO - [2026-10-02T10:06:24.541+0000] {dagbag.py:588} INFO - Filling up the DagBag from /opt/airflow/dags/my_tasks.py
[2026-10-02T10:06:24.548+0000] {processor.py:925} INFO - DAG(s) 'my_dag' retrieved from /opt/airflow/dags/my_tasks.py
[2026-10-02T10:06:24.567+0000] {logging_mixin.py:190} INFO - [2026-10-02T10:06:24.567+0000] {dag.py:3239} INFO - Sync 1 DAGs
[2026-10-02T10:06:24.584+0000] {logging_mixin.py:190} INFO - [2026-10-02T10:06:24.584+0000] {dag.py:4180} INFO - Setting next_dagrun for my_dag to None, run_after=None
[2026-10-02T10:06:24.601+0000] {processor.py:208} INFO - Processing /opt/airflow/dags/my_tasks.py took 0.066 seconds
[2026-10-02T10:06:54.814+0000] {processor.py:186} INFO - Started process (PID=4745) to work on /opt/airflow/dags/my_tasks.py
[2026-10-02T10:06:54.814+0000] {processor.py:914} INFO - Processing file /opt/airflow/dags/my_tasks.py for tasks to queue
[2026-10-02T10:06:54.816+0000] {logging_mixin.py:190} INFO - [2026-10-02T10:06:54.816+0000] {dagbag.py:588} INFO - Filling up the DagBag from /opt/airflow/dags/my_tasks.py
[2026-10-02T10:06:54.823+0000] {processor.py:925} INFO - DAG(s) 'my_dag' retrieved from /opt/airflow/dags/my_tasks.py
[2026-10-02T10:06:54.841+0000] {logging_mixin.py:190} INFO - [2026-10-02T10:06:54.841+0000] {dag.py:3239} INFO - Sync 1 DAGs
[2026-10-02T10:06:54.857+0000] {logging_mixin.py:190} INFO - [2026-10-02T10:06:54.856+0000] {dag.py:4180} INFO - Setting next_dagrun for my_dag to None, run_after=None
[2026-10-02T10:06:54.871+0000] {processor.py:208} INFO - Processing /opt/airflow/dags/my_tasks.py took 0.061 seconds
[2026-10-02T10:07:25.057+0000] {processor.py:186} INFO - Started process (PID=4756) to work on /opt/airflow/dags/my_tasks.py
[2026-10-02T10:07:25.058+0000] {processor.py:914} INFO - Processing file /opt/airflow/dags/my_tasks.py for tasks to queue
[2026-10-02T10:07:25.060+0000] {logging_mixin.py:190} INFO - [2026-10-02T10:07:25.060+0000] {dagbag.py:588} INFO - Filling up the DagBag from /opt/airflow/dags/my_tasks.py
[2026-10-02T10:07:25.067+0000] {processor.py:925} INFO - DAG(s) 'my_dag' retrieved from /opt/airflow/dags/my_tasks.py
[2026-10-02T10:07:25.085+0000] {logging_mixin.py:190} INFO - [2026-10-02T10:07:25.085+0000] {dag.py:3239} INFO - Sync 1 DAGs
[2026-10-02T10:07:25.101+0000] {logging_mixin.py:190} INFO - [2026-10-02T10:07:25.101+0000] {dag.py:4180} INFO - Setting next_dagrun for my_dag to None, run_after=None
[2026-10-02T10:07:25.115+0000] {processor.py:208} INFO - Processing /opt/airflow/dags/my_tasks.py took 0.062 seconds
[2026-10-02T10:07:55.334+0000] {processor.py:186} INFO - Started process (PID=4767) to work on /opt/airflow/dags/my_tasks.py
[2026-10-02T10:07:55.342+0000] {processor.py:914} INFO - Processing file /opt/airflow/dags/my_tasks.py for tasks to queue
[2026-10-02T10:07:55.345+0000] {logging_mixin.py:190} INFO - [2026-10-02T10:07:55.344+0000] {dagbag.py:588} INFO - Filling up the DagBag from /opt/airflow/dags/my_tasks.py
[2026-10-02T10:07:55.355+0000] {processor.py:925} INFO - DAG(s) 'my_dag' retrieved from /opt/airflow/dags/my_tasks.py
[2026-10-02T10:07:55.374+0000] {logging_mixin.py:190} INFO - [2026-10-02T10:07:55.374+0000] {dag.py:3239} INFO - Sync 1 DAGs
[2026-10-02T10:07:55.391+0000] {logging_mixin.py:190} INFO - [2026-10-02T10:07:55.391+0000] {dag.py:4180} INFO - Setting next_dagrun for my_dag to None, run_after=None
[2026-10-02T10:07:55.407+0000] {processor.py:208} INFO - Processing /opt/airflow/dags/my_tasks.py took 0.077 seconds
[2026-10-02T10:08:25.613+0000] {processor.py:186} INFO - Started process (PID=4778) to work on /opt/airflow/dags/my_tasks.py
[2026-10-02T10:08:25.614+0000] {processor.py:914} INFO - Processing file /opt/airflow/dags/my_tasks.py for tasks to queue
[2026-10-02T10:08:25.615+0000] {logging_mixin.py:190} INFO - [2026-10-02T10:08:25.615+0000] {dagbag.py:588} INFO - Filling up the DagBag from /opt/airflow/dags/my_tasks.py
[2026-10-02T10:08:25.622+0000] {processor.py:925} INFO - DAG(s) 'my_dag' retrieved from /opt/airflow/dags/my_tasks.py
[2026-10-02T10:08:25.640+0000] {logging_mixin.py:190} INFO - [2026-10-02T10:08:25.640+0000] {dag.py:3239} INFO - Sync 1 DAGs
[2026-10-02T10:08:25.656+0000] {logging_mixin.py:190} INFO - [2026-10-02T10:08:25.656+0000] {dag.py:4180} INFO - Setting next_dagrun for my_dag to None, run_after=None
[2026-10-02T10:08:25.671+0000] {processor.py:208} INFO - Processing /opt/airflow/dags/my_tasks.py took 0.063 seconds
[2026-10-02T10:08:55.891+0000] {processor.py:186} INFO - Started process (PID=4789) to work on /opt/airflow/dags/my_tasks.py
[2026-10-02T10:08:55.892+0000] {processor.py:914} INFO - Processing file /opt/airflow/dags/my_tasks.py for tasks to queue
[2026-10-02T10:08:55.895+0000] {logging_mixin.py:190} INFO - [2026-10-02T10:08:55.894+0000] {dagbag.py:588} INFO - Filling up the DagBag from /opt/airflow/dags/my_tasks.py
[2026-10-02T10:08:55.902+0000] {processor.py:925} INFO - DAG(s) 'my_dag' retrieved from /opt/airflow/dags/my_tasks.py
[2026-10-02T10:08:55.920+0000] {logging_mixin.py:190} INFO - [2026-10-02T10:08:55.920+0000] {dag.py:3239} INFO - Sync 1 DAGs
[2026-10-02T10:08:55.936+0000] {logging_mixin.py:190} INFO - [2026-10-02T10:08:55.936+0000] {dag.py:4180} INFO - Setting next_dagrun for my_dag to None, run_after=None
[2026-10-02T10:08:55.950+0000] {processor.py:208} INFO - Processing /opt/airflow/dags/my_tasks.py took 0.063 seconds
[2026-10-02T10:09:26.172+0000] {processor.py:186} INFO - Started process (PID=4800) to work on /opt/airflow/dags/my_tasks.py
[2026-10-02T10:09:26.180+0000] {processor.py:914} INFO - Processing file /opt/airflow/dags/my_tasks.py for tasks to queue
[2026-10-02T10:09:26.184+0000] {logging_mixin.py:190} INFO - [2026-10-02T10:09:26.183+0000] {dagbag.py:588} INFO - Filling up the DagBag from /opt/airflow/dags/my_tasks.py
[2026-10-02T10:09:26.193+0000] {processor.py:925} INFO - DAG(s) 'my_dag' retrieved from /opt/airflow/dags/my_tasks.py
[2026-10-02T10:09:26.211+0000] {logging_mixin.py:190} INFO - [2026-10-02T10:09:26.211+0000] {dag.py:3239} INFO - Sync 1 DAGs
[2026-10-02T10:09:26.227+0000] {logging_mixin.py:190} INFO - [2026-10-02T10:09:26.227+0000] {dag.py:4180} INFO - Setting next_dagrun for my_dag to None, run_after=None
[2026-10-02T10:09:26.243+0000] {processor.py:208} INFO - Processing /opt/airflow/dags/my_tasks.py took 0.075 seconds
[2026-10-02T10:09:56.440+0000] {processor.py:186} INFO - Started process (PID=4811) to work on /opt/airflow/dags/my_tasks.py
[2026-10-02T10:09:56.448+0000] {processor.py:914} INFO - Processing file /opt/airflow/dags/my_tasks.py for tasks to queue
[2026-10-02T10:09:56.449+0000] {logging_mixin.py:190} INFO - [2026-10-02T10:09:56.449+0000] {dagbag.py:588} INFO - Filling up the DagBag from /opt/airflow/dags/my_tasks.py
[2026-10-02T10:09:56.459+0000] {processor.py:925} INFO - DAG(s) 'my_dag' retrieved from /opt/airflow/dags/my_tasks.py
[2026-10-02T10:09:56.477+0000] {logging_mixin.py:190} INFO - [2026-10-02T10:09:56.477+0000] {dag.py:3239} INFO - Sync 1 DAGs
[2026-10-02T10:09:56.494+0000] {logging_mixin.py:190} INFO - [2026-10-02T10:09:56.494+0000] {dag.py:4180} INFO - Setting next_dagrun for my_dag to None, run_after=None
[2026-10-02T10:09:56.508+0000] {processor.py:208} INFO - Processing /opt/airflow/dags/my_tasks.py took 0.073 seconds
[2026-10-02T10:10:26.700+0000] {processor.py:186} INFO - Started process (PID=4822) to work on /opt/airflow/dags/my_tasks.py
[2026-10-02T10:10:26.708+0000] {processor.py:914} INFO - Processing file /opt/airflow/dags/my_tasks.py for tasks to queue
[2026-10-02T10:10:26.711+0000] {logging_mixin.py:190} INFO - [2026-10-02T10:10:26.710+0000] {dagbag.py:588} INFO - Filling up the DagBag from /opt/airflow/dags/my_tasks.py
[2026-10-02T10:10:26.720+0000] {processor.py:925} INFO - DAG(s) 'my_dag' retrieved from /opt/airflow/dags/my_tasks.py
[2026-10-02T10:10:26.740+0000] {logging_mixin.py:190} INFO - [2026-10-02T10:10:26.740+0000] {dag.py:3239} INFO - Sync 1 DAGs
[2026-10-02T10:10:26.756+0000] {logging_mixin.py:190} INFO - [2026-10-02T10:10:26.756+0000] {dag.py:4180} INFO - Setting next_dagrun for my_dag to None, run_after=None
[2026-10-02T10:10:26.770+0000] {processor.py:208} INFO - Processing /opt/airflow/dags/my_tasks.py took 0.074 seconds
[2026-10-02T10:10:56.965+0000] {processor.py:186} INFO - Started process (PID=4833) to work on /opt/airflow/dags/my_tasks.py
[2026-10-02T10:10:56.973+0000] {processor.py:914} INFO - Processing file /opt/airflow/dags/my_tasks.py for tasks to queue
[2026-10-02T10:10:56.976+0000] {logging_mixin.py:190} INFO - [2026-10-02T10:10:56.975+0000] {dagbag.py:588} INFO - Filling up the DagBag from /opt/airflow/dags/my_tasks.py
[2026-10-02T10:10:56.985+0000] {processor.py:925} INFO - DAG(s) 'my_dag' retrieved from /opt/airflow/dags/my_tasks.py
[2026-10-02T10:10:57.003+0000] {logging_mixin.py:190} INFO - [2026-10-02T10:10:57.002+0000] {dag.py:3239} INFO - Sync 1 DAGs
[2026-10-02T10:10:57.019+0000] {logging_mixin.py:190} INFO - [2026-10-02T10:10:57.018+0000] {dag.py:4180} INFO - Setting next_dagrun for my_dag to None, run_after=None
[2026-10-02T10:10:57.032+0000] {processor.py:208} INFO - Processing /opt/airflow/dags/my_tasks.py took 0.071 seconds
[2026-10-02T10:11:27.240+0000] {processor.py:186} INFO - Started process (PID=4844) to work on /opt/airflow/dags/my_tasks.py
[2026-10-02T10:11:27.248+0000] {processor.py:914} INFO - Processing file /opt/airflow/dags/my_tasks.py for tasks to queue
[2026-10-02T10:11:27.249+0000] {logging_mixin.py:190} INFO - [2026-10-02T10:11:27.249+0000] {dagbag.py:588} INFO - Filling up the DagBag from /opt/airflow/dags/my_tasks.py
[2026-10-02T10:11:27.257+0000] {processor.py:925} INFO - DAG(s) 'my_dag' retrieved from /opt/airflow/dags/my_tasks.py
[2026-10-02T10:11:27.274+0000] {logging_mixin.py:190} INFO - [2026-10-02T10:11:27.274+0000] {dag.py:3239} INFO - Sync 1 DAGs
[2026-10-02T10:11:27.291+0000] {logging_mixin.py:190} INFO - [2026-10-02T10:11:27.291+0000] {dag.py:4180} INFO - Setting next_dagrun for my_dag to None, run_after=None
[2026-10-02T10:11:27.305+0000] {processor.py:208} INFO - Processing /opt/airflow/dags/my_tasks.py took 0.070 seconds
[2026-10-02T10:11:57.508+0000] {processor.py:186} INFO - Started process (PID=4855) to work on /opt/airflow/dags/my_tasks.py
[2026-10-02T10:11:57.509+0000] {processor.py:914} INFO - Processing file /opt/airflow/dags/my_tasks.py for tasks to queue
[2026-10-02T10:11:57.510+0000] {logging_mixin.py:190} INFO - [2026-10-02T10:11:57.510+0000] {dagbag.py:588} INFO - Filling up the DagBag from /opt/airflow/dags/my_tasks.py
[2026-10-02T10:11:57.517+0000] {processor.py:925} INFO - DAG(s) 'my_dag' retrieved from /opt/airflow/dags/my_tasks.py
[2026-10-02T10:11:57.535+0000] {logging_mixin.py:190} INFO - [2026-10-02T10:11:57.535+0000] {dag.py:3239} INFO - Sync 1 DAGs
[2026-10-02T10:11:57.551+0000] {logging_mixin.py:190} INFO - [2026-10-02T10:11:57.551+0000] {dag.py:4180} INFO - Setting next_dagrun for my_dag to None, run_after=None
[2026-10-02T10:11:57.565+0000] {processor.py:208} INFO - Processing /opt/airflow/dags/my_tasks.py took 0.061 seconds
[2026-10-02T10:12:27.775+0000] {processor.py:186} INFO - Started process (PID=4866) to work on /opt/airflow/dags/my_tasks.py
[2026-10-02T10:12:27.776+0000] {processor.py:914} INFO - Processing file /opt/airflow/dags/my_tasks.py for tasks to queue
[2026-10-02T10:12:27.777+0000] {logging_mixin.py:190} INFO - [2026-10-02T10:12:27.777+0000] {dagbag.py:588} INFO - Filling up the DagBag from /opt/airflow/dags/my_tasks.py
[2026-10-02T10:12:27.784+0000] {processor.py:925} INFO - DAG(s) 'my_dag' retrieved from /opt/airflow/dags/my_tasks.py
[2026-10-02T10:12:27.802+0000] {logging_mixin.py:190} INFO - [2026-10-02T10:12:27.802+0000] {dag.py:3239} INFO - Sync 1 DAGs
[2026-10-02T10:12:27.818+0000] {logging_mixin.py:190} INFO - [2026-10-02T10:12:27.818+0000] {dag.py:4180} INFO - Setting next_dagrun for my_dag to None, run_after=None
[2026-10-02T10:12:27.832+0000] {processor.py:208} INFO - Processing /opt/airflow/dags/my_tasks.py took 0.062 seconds
[2026-10-02T10:12:58.054+0000] {processor.py:186} INFO - Started process (PID=4877) to work on /opt/airflow/dags/my_tasks.py
[2026-10-02T10:12:58.054+0000] {processor.py:914} INFO - Processing file /opt/airflow/dags/my_tasks.py for tasks to queue
[2026-10-02T10:12:58.056+0000] {logging_mixin.py:190} INFO - [2026-10-02T10:12:58.056+0000] {dagbag.py:588} INFO - Filling up the DagBag from /opt/airflow/dags/my_tasks.py
[2026-10-02T10:12:58.063+0000] {processor.py:925} INFO - DAG(s) 'my_dag' retrieved from /opt/airflow/dags/my_tasks.py
[2026-10-02T10:12:58.081+0000] {logging_mixin.py:190} INFO - [2026-10-02T10:12:58.080+0000] {dag.py:3239} INFO - Sync 1 DAGs
[2026-10-02T10:12:58.100+0000] {logging_mixin.py:190} INFO - [2026-10-02T10:12:58.099+0000] {dag.py:4180} INFO - Setting next_dagrun for my_dag to None, run_after=None
[2026-10-02T10:12:58.114+0000] {processor.py:208} INFO - Processing /opt/airflow/dags/my_tasks.py took 0.064 seconds
[2026-10-02T10:13:28.308+0000] {processor.py:186} INFO - Started process (PID=4888) to work on /opt/airflow/dags/my_tasks.py
[2026-10-02T10:13:28.315+0000] {processor.py:914} INFO - Processing file /opt/airflow/dags/my_tasks.py for tasks to queue
[2026-10-02T10:13:28.318+0000] {logging_mixin.py:190} INFO - [2026-10-02T10:13:28.318+0000] {dagbag.py:588} INFO - Filling up the DagBag from /opt/airflow/dags/my_tasks.py
[2026-10-02T10:13:28.329+0000] {processor.py:925} INFO - DAG(s) 'my_dag' retrieved from /opt/airflow/dags/my_tasks.py
[2026-10-02T10:13:28.352+0000] {logging_mixin.py:190} INFO - [2026-10-02T10:13:28.352+0000] {dag.py:3239} INFO - Sync 1 DAGs
[2026-10-02T10:13:28.368+0000] {logging_mixin.py:190} INFO - [2026-10-02T10:13:28.368+0000] {dag.py:4180} INFO - Setting next_dagrun for my_dag to None, run_after=None
[2026-10-02T10:13:28.388+0000] {processor.py:208} INFO - Processing /opt/airflow/dags/my_tasks.py took 0.084 seconds
[2026-10-02T10:13:58.582+0000] {processor.py:186} INFO - Started process (PID=4899) to work on /opt/airflow/dags/my_tasks.py
[2026-10-02T10:13:58.582+0000] {processor.py:914} INFO - Processing file /opt/airflow/dags/my_tasks.py for tasks to queue
[2026-10-02T10:13:58.584+0000] {logging_mixin.py:190} INFO - [2026-10-02T10:13:58.584+0000] {dagbag.py:588} INFO - Filling up the DagBag from /opt/airflow/dags/my_tasks.py
[2026-10-02T10:13:58.591+0000] {processor.py:925} INFO - DAG(s) 'my_dag' retrieved from /opt/airflow/dags/my_tasks.py
[2026-10-02T10:13:58.609+0000] {logging_mixin.py:190} INFO - [2026-10-02T10:13:58.609+0000] {dag.py:3239} INFO - Sync 1 DAGs
[2026-10-02T10:13:58.625+0000] {logging_mixin.py:190} INFO - [2026-10-02T10:13:58.625+0000] {dag.py:4180} INFO - Setting next_dagrun for my_dag to None, run_after=None
[2026-10-02T10:13:58.639+0000] {processor.py:208} INFO - Processing /opt/airflow/dags/my_tasks.py took 0.062 seconds
[2026-10-02T10:14:28.858+0000] {processor.py:186} INFO - Started process (PID=4910) to work on /opt/airflow/dags/my_tasks.py
[2026-10-02T10:14:28.859+0000] {processor.py:914} INFO - Processing file /opt/airflow/dags/my_tasks.py for tasks to queue
[2026-10-02T10:14:28.861+0000] {logging_mixin.py:190} INFO - [2026-10-02T10:14:28.861+0000] {dagbag.py:588} INFO - Filling up the DagBag from /opt/airflow/dags/my_tasks.py
[2026-10-02T10:14:28.867+0000] {processor.py:925} INFO - DAG(s) 'my_dag' retrieved from /opt/airflow/dags/my_tasks.py
[2026-10-02T10:14:28.886+0000] {logging_mixin.py:190} INFO - [2026-10-02T10:14:28.886+0000] {dag.py:3239} INFO - Sync 1 DAGs
[2026-10-02T10:14:28.902+0000] {logging_mixin.py:190} INFO - [2026-10-02T10:14:28.901+0000] {dag.py:4180} INFO - Setting next_dagrun for my_dag to None, run_after=None
[2026-10-02T10:14:28.915+0000] {processor.py:208} INFO - Processing /opt/airflow/dags/my_tasks.py took 0.061 seconds
[2026-10-02T10:14:59.121+0000] {processor.py:186} INFO - Started process (PID=4921) to work on /opt/airflow/dags/my_tasks.py
[2026-10-02T10:14:59.122+0000] {processor.py:914} INFO - Processing file /opt/airflow/dags/my_tasks.py for tasks to queue
[2026-10-02T10:14:59.124+0000] {logging_mixin.py:190} INFO - [2026-10-02T10:14:59.124+0000] {dagbag.py:588} INFO - Filling up the DagBag from /opt/airflow/dags/my_tasks.py
[2026-10-02T10:14:59.131+0000] {processor.py:925} INFO - DAG(s) 'my_dag' retrieved from /opt/airflow/dags/my_tasks.py
[2026-10-02T10:14:59.150+0000] {logging_mixin.py:190} INFO - [2026-10-02T10:14:59.149+0000] {dag.py:3239} INFO - Sync 1 DAGs
[2026-10-02T10:14:59.166+0000] {logging_mixin.py:190} INFO - [2026-10-02T10:14:59.166+0000] {dag.py:4180} INFO - Setting next_dagrun for my_dag to None, run_after=None
[2026-10-02T10:14:59.181+0000] {processor.py:208} INFO - Processing /opt/airflow/dags/my_tasks.py took 0.064 seconds
[2026-10-02T10:15:29.363+0000] {processor.py:186} INFO - Started process (PID=4932) to work on /opt/airflow/dags/my_tasks.py
[2026-10-02T10:15:29.367+0000] {processor.py:914} INFO - Processing file /opt/airflow/dags/my_tasks.py for tasks to queue
[2026-10-02T10:15:29.368+0000] {logging_mixin.py:190} INFO - [2026-10-02T10:15:29.368+0000] {dagbag.py:588} INFO - Filling up the DagBag from /opt/airflow/dags/my_tasks.py
[2026-10-02T10:15:29.376+0000] {processor.py:925} INFO - DAG(s) 'my_dag' retrieved from /opt/airflow/dags/my_tasks.py
[2026-10-02T10:15:29.396+0000] {logging_mixin.py:190} INFO - [2026-10-02T10:15:29.395+0000] {dag.py:3239} INFO - Sync 1 DAGs
[2026-10-02T10:15:29.413+0000] {logging_mixin.py:190} INFO - [2026-10-02T10:15:29.413+0000] {dag.py:4180} INFO - Setting next_dagrun for my_dag to None, run_after=None
[2026-10-02T10:15:29.427+0000] {processor.py:208} INFO - Processing /opt/airflow/dags/my_tasks.py took 0.068 seconds
[2026-10-02T10:15:59.616+0000] {processor.py:186} INFO - Started process (PID=4943) to work on /opt/airflow/dags/my_tasks.py
[2026-10-02T10:15:59.616+0000] {processor.py:914} INFO - Processing file /opt/airflow/dags/my_tasks.py for tasks to queue
[2026-10-02T10:15:59.618+0000] {logging_mixin.py:190} INFO - [2026-10-02T10:15:59.618+0000] {dagbag.py:588} INFO - Filling up the DagBag from /opt/airflow/dags/my_tasks.py
[2026-10-02T10:15:59.625+0000] {processor.py:925} INFO - DAG(s) 'my_dag' retrieved from /opt/airflow/dags/my_tasks.py
[2026-10-02T10:15:59.642+0000] {logging_mixin.py:190} INFO - [2026-10-02T10:15:59.642+0000] {dag.py:3239} INFO - Sync 1 DAGs
[2026-10-02T10:15:59.659+0000] {logging_mixin.py:190} INFO - [2026-10-02T10:15:59.659+0000] {dag.py:4180} INFO - Setting next_dagrun for my_dag to None, run_after=None
[2026-10-02T10:15:59.674+0000] {processor.py:208} INFO - Processing /opt/airflow/dags/my_tasks.py took 0.062 seconds
[2026-10-02T10:16:29.887+0000] {processor.py:186} INFO - Started process (PID=4954) to work on /opt/airflow/dags/my_tasks.py
[2026-10-02T10:16:29.888+0000] {processor.py:914} INFO - Processing file /opt/airflow/dags/my_tasks.py for tasks to queue
[2026-10-02T10:16:29.890+0000] {logging_mixin.py:190} INFO - [2026-10-02T10:16:29.890+0000] {dagbag.py:588} INFO - Filling up the DagBag from /opt/airflow/dags/my_tasks.py
[2026-10-02T10:16:29.896+0000] {processor.py:925} INFO - DAG(s) 'my_dag' retrieved from /opt/airflow/dags/my_tasks.py
[2026-10-02T10:16:29.915+0000] {logging_mixin.py:190} INFO - [2026-10-02T10:16:29.915+0000] {dag.py:3239} INFO - Sync 1 DAGs
[2026-10-02T10:16:29.931+0000] {logging_mixin.py:190} INFO - [2026-10-02T10:16:29.930+0000] {dag.py:4180} INFO - Setting next_dagrun for my_dag to None, run_after=None
[2026-10-02T10:16:29.945+0000] {processor.py:208} INFO - Processing /opt/airflow/dags/my_tasks.py took 0.063 seconds
[2026-10-02T10:17:00.158+0000] {processor.py:186} INFO - Started process (PID=4965) to work on /opt/airflow/dags/my_tasks.py
[2026-10-02T10:17:00.159+0000] {processor.py:914} INFO - Processing file /opt/airflow/dags/my_tasks.py for tasks to queue
[2026-10-02T10:17:00.160+0000] {logging_mixin.py:190} INFO - [2026-10-02T10:17:00.160+0000] {dagbag.py:588} INFO - Filling up the DagBag from /opt/airflow/dags/my_tasks.py
[2026-10-02T10:17:00.167+0000] {processor.py:925} INFO - DAG(s) 'my_dag' retrieved from /opt/airflow/dags/my_tasks.py
[2026-10-02T10:17:00.185+0000] {logging_mixin.py:190} INFO - [2026-10-02T10:17:00.184+0000] {dag.py:3239} INFO - Sync 1 DAGs
[2026-10-02T10:17:00.201+0000] {logging_mixin.py:190} INFO - [2026-10-02T10:17:00.201+0000] {dag.py:4180} INFO - Setting next_dagrun for my_dag to None, run_after=None
[2026-10-02T10:17:00.215+0000] {processor.py:208} INFO - Processing /opt/airflow/dags/my_tasks.py took 0.061 seconds
[2026-10-02T10:17:30.423+0000] {processor.py:186} INFO - Started process (PID=4976) to work on /opt/airflow/dags/my_tasks.py
[2026-10-02T10:17:30.423+0000] {processor.py:914} INFO - Processing file /opt/airflow/dags/my_tasks.py for tasks to queue
[2026-10-02T10:17:30.425+0000] {logging_mixin.py:190} INFO - [2026-10-02T10:17:30.425+0000] {dagbag.py:588} INFO - Filling up the DagBag from /opt/airflow/dags/my_tasks.py
[2026-10-02T10:17:30.432+0000] {processor.py:925} INFO - DAG(s) 'my_dag' retrieved from /opt/airflow/dags/my_tasks.py
[2026-10-02T10:17:30.450+0000] {logging_mixin.py:190} INFO - [2026-10-02T10:17:30.450+0000] {dag.py:3239} INFO - Sync 1 DAGs
[2026-10-02T10:17:30.466+0000] {logging_mixin.py:190} INFO - [2026-10-02T10:17:30.466+0000] {dag.py:4180} INFO - Setting next_dagrun for my_dag to None, run_after=None
[2026-10-02T10:17:30.480+0000] {processor.py:208} INFO - Processing /opt/airflow/dags/my_tasks.py took 0.061 seconds
[2026-10-02T10:18:00.689+0000] {processor.py:186} INFO - Started process (PID=4987) to work on /opt/airflow/dags/my_tasks.py
[2026-10-02T10:18:00.690+0000] {processor.py:914} INFO - Processing file /opt/airflow/dags/my_tasks.py for tasks to queue
[2026-10-02T10:18:00.692+0000] {logging_mixin.py:190} INFO - [2026-10-02T10:18:00.691+0000] {dagbag.py:588} INFO - Filling up the DagBag from /opt/airflow/dags/my_tasks.py
[2026-10-02T10:18:00.699+0000] {processor.py:925} INFO - DAG(s) 'my_dag' retrieved from /opt/airflow/dags/my_tasks.py
[2026-10-02T10:18:00.718+0000] {logging_mixin.py:190} INFO - [2026-10-02T10:18:00.718+0000] {dag.py:3239} INFO - Sync 1 DAGs
[2026-10-02T10:18:00.734+0000] {logging_mixin.py:190} INFO - [2026-10-02T10:18:00.734+0000] {dag.py:4180} INFO - Setting next_dagrun for my_dag to None, run_after=None
[2026-10-02T10:18:00.748+0000] {processor.py:208} INFO - Processing /opt/airflow/dags/my_tasks.py took 0.063 seconds
[2026-10-02T10:18:30.919+0000] {processor.py:186} INFO - Started process (PID=4998) to work on /opt/airflow/dags/my_tasks.py
[2026-10-02T10:18:30.919+0000] {processor.py:914} INFO - Processing file /opt/airflow/dags/my_tasks.py for tasks to queue
[2026-10-02T10:18:30.921+0000] {logging_mixin.py:190} INFO - [2026-10-02T10:18:30.921+0000] {dagbag.py:588} INFO - Filling up the DagBag from /opt/airflow/dags/my_tasks.py
[2026-10-02T10:18:30.928+0000] {processor.py:925} INFO - DAG(s) 'my_dag' retrieved from /opt/airflow/dags/my_tasks.py
[2026-10-02T10:18:30.945+0000] {logging_mixin.py:190} INFO - [2026-10-02T10:18:30.945+0000] {dag.py:3239} INFO - Sync 1 DAGs
[2026-10-02T10:18:30.960+0000] {logging_mixin.py:190} INFO - [2026-10-02T10:18:30.960+0000] {dag.py:4180} INFO - Setting next_dagrun for my_dag to None, run_after=None
[2026-10-02T10:18:30.974+0000] {processor.py:208} INFO - Processing /opt/airflow/dags/my_tasks.py took 0.060 seconds
[2026-10-02T10:19:01.173+0000] {processor.py:186} INFO - Started process (PID=5009) to work on /opt/airflow/dags/my_tasks.py
[2026-10-02T10:19:01.174+0000] {processor.py:914} INFO - Processing file /opt/airflow/dags/my_tasks.py for tasks to queue
[2026-10-02T10:19:01.176+0000] {logging_mixin.py:190} INFO - [2026-10-02T10:19:01.176+0000] {dagbag.py:588} INFO - Filling up the DagBag from /opt/airflow/dags/my_tasks.py
[2026-10-02T10:19:01.183+0000] {processor.py:925} INFO - DAG(s) 'my_dag' retrieved from /opt/airflow/dags/my_tasks.py
[2026-10-02T10:19:01.201+0000] {logging_mixin.py:190} INFO - [2026-10-02T10:19:01.201+0000] {dag.py:3239} INFO - Sync 1 DAGs
[2026-10-02T10:19:01.216+0000] {logging_mixin.py:190} INFO - [2026-10-02T10:19:01.216+0000] {dag.py:4180} INFO - Setting next_dagrun for my_dag to None, run_after=None
[2026-10-02T10:19:01.231+0000] {processor.py:208} INFO - Processing /opt/airflow/dags/my_tasks.py took 0.062 seconds
[2026-10-02T10:19:31.423+0000] {processor.py:186} INFO - Started process (PID=5020) to work on /opt/airflow/dags/my_tasks.py
[2026-10-02T10:19:31.423+0000] {processor.py:914} INFO - Processing file /opt/airflow/dags/my_tasks.py for tasks to queue
[2026-10-02T10:19:31.425+0000] {logging_mixin.py:190} INFO - [2026-10-02T10:19:31.425+0000] {dagbag.py:588} INFO - Filling up the DagBag from /opt/airflow/dags/my_tasks.py
[2026-10-02T10:19:31.433+0000] {processor.py:925} INFO - DAG(s) 'my_dag' retrieved from /opt/airflow/dags/my_tasks.py
[2026-10-02T10:19:31.451+0000] {logging_mixin.py:190} INFO - [2026-10-02T10:19:31.451+0000] {dag.py:3239} INFO - Sync 1 DAGs
[2026-10-02T10:19:31.469+0000] {logging_mixin.py:190} INFO - [2026-10-02T10:19:31.468+0000] {dag.py:4180} INFO - Setting next_dagrun for my_dag to None, run_after=None
[2026-10-02T10:19:31.483+0000] {processor.py:208} INFO - Processing /opt/airflow/dags/my_tasks.py took 0.064 seconds
[2026-10-02T10:20:01.697+0000] {processor.py:186} INFO - Started process (PID=5031) to work on /opt/airflow/dags/my_tasks.py
[2026-10-02T10:20:01.700+0000] {processor.py:914} INFO - Processing file /opt/airflow/dags/my_tasks.py for tasks to queue
[2026-10-02T10:20:01.702+0000] {logging_mixin.py:190} INFO - [2026-10-02T10:20:01.702+0000] {dagbag.py:588} INFO - Filling up the DagBag from /opt/airflow/dags/my_tasks.py
[2026-10-02T10:20:01.709+0000] {processor.py:925} INFO - DAG(s) 'my_dag' retrieved from /opt/airflow/dags/my_tasks.py
[2026-10-02T10:20:01.727+0000] {logging_mixin.py:190} INFO - [2026-10-02T10:20:01.727+0000] {dag.py:3239} INFO - Sync 1 DAGs
[2026-10-02T10:20:01.743+0000] {logging_mixin.py:190} INFO - [2026-10-02T10:20:01.742+0000] {dag.py:4180} INFO - Setting next_dagrun for my_dag to None, run_after=None
[2026-10-02T10:20:01.756+0000] {processor.py:208} INFO - Processing /opt/airflow/dags/my_tasks.py took 0.063 seconds
[2026-10-02T10:20:31.958+0000] {processor.py:186} INFO - Started process (PID=5042) to work on /opt/airflow/dags/my_tasks.py
[2026-10-02T10:20:31.966+0000] {processor.py:914} INFO - Processing file /opt/airflow/dags/my_tasks.py for tasks to queue
[2026-10-02T10:20:31.968+0000] {logging_mixin.py:190} INFO - [2026-10-02T10:20:31.968+0000] {dagbag.py:588} INFO - Filling up the DagBag from /opt/airflow/dags/my_tasks.py
[2026-10-02T10:20:31.977+0000] {processor.py:925} INFO - DAG(s) 'my_dag' retrieved from /opt/airflow/dags/my_tasks.py
[2026-10-02T10:20:31.994+0000] {logging_mixin.py:190} INFO - [2026-10-02T10:20:31.994+0000] {dag.py:3239} INFO - Sync 1 DAGs
[2026-10-02T10:20:32.010+0000] {logging_mixin.py:190} INFO - [2026-10-02T10:20:32.010+0000] {dag.py:4180} INFO - Setting next_dagrun for my_dag to None, run_after=None
[2026-10-02T10:20:32.024+0000] {processor.py:208} INFO - Processing /opt/airflow/dags/my_tasks.py took 0.069 seconds
[2026-10-02T10:21:02.223+0000] {processor.py:186} INFO - Started process (PID=5053) to work on /opt/airflow/dags/my_tasks.py
[2026-10-02T10:21:02.231+0000] {processor.py:914} INFO - Processing file /opt/airflow/dags/my_tasks.py for tasks to queue
[2026-10-02T10:21:02.232+0000] {logging_mixin.py:190} INFO - [2026-10-02T10:21:02.232+0000] {dagbag.py:588} INFO - Filling up the DagBag from /opt/airflow/dags/my_tasks.py
[2026-10-02T10:21:02.241+0000] {processor.py:925} INFO - DAG(s) 'my_dag' retrieved from /opt/airflow/dags/my_tasks.py
[2026-10-02T10:21:02.259+0000] {logging_mixin.py:190} INFO - [2026-10-02T10:21:02.259+0000] {dag.py:3239} INFO - Sync 1 DAGs
[2026-10-02T10:21:02.275+0000] {logging_mixin.py:190} INFO - [2026-10-02T10:21:02.275+0000] {dag.py:4180} INFO - Setting next_dagrun for my_dag to None, run_after=None
[2026-10-02T10:21:02.289+0000] {processor.py:208} INFO - Processing /opt/airflow/dags/my_tasks.py took 0.071 seconds
[2026-10-02T10:21:32.488+0000] {processor.py:186} INFO - Started process (PID=5065) to work on /opt/airflow/dags/my_tasks.py
[2026-10-02T10:21:32.496+0000] {processor.py:914} INFO - Processing file /opt/airflow/dags/my_tasks.py for tasks to queue
[2026-10-02T10:21:32.498+0000] {logging_mixin.py:190} INFO - [2026-10-02T10:21:32.498+0000] {dagbag.py:588} INFO - Filling up the DagBag from /opt/airflow/dags/my_tasks.py
[2026-10-02T10:21:32.507+0000] {processor.py:925} INFO - DAG(s) 'my_dag' retrieved from /opt/airflow/dags/my_tasks.py
[2026-10-02T10:21:32.524+0000] {logging_mixin.py:190} INFO - [2026-10-02T10:21:32.524+0000] {dag.py:3239} INFO - Sync 1 DAGs
[2026-10-02T10:21:32.540+0000] {logging_mixin.py:190} INFO - [2026-10-02T10:21:32.540+0000] {dag.py:4180} INFO - Setting next_dagrun for my_dag to None, run_after=None
[2026-10-02T10:21:32.556+0000] {processor.py:208} INFO - Processing /opt/airflow/dags/my_tasks.py took 0.072 seconds
[2026-10-02T10:22:02.768+0000] {processor.py:186} INFO - Started process (PID=5076) to work on /opt/airflow/dags/my_tasks.py
[2026-10-02T10:22:02.776+0000] {processor.py:914} INFO - Processing file /opt/airflow/dags/my_tasks.py for tasks to queue
[2026-10-02T10:22:02.779+0000] {logging_mixin.py:190} INFO - [2026-10-02T10:22:02.778+0000] {dagbag.py:588} INFO - Filling up the DagBag from /opt/airflow/dags/my_tasks.py
[2026-10-02T10:22:02.787+0000] {processor.py:925} INFO - DAG(s) 'my_dag' retrieved from /opt/airflow/dags/my_tasks.py
[2026-10-02T10:22:02.804+0000] {logging_mixin.py:190} INFO - [2026-10-02T10:22:02.804+0000] {dag.py:3239} INFO - Sync 1 DAGs
[2026-10-02T10:22:02.820+0000] {logging_mixin.py:190} INFO - [2026-10-02T10:22:02.820+0000] {dag.py:4180} INFO - Setting next_dagrun for my_dag to None, run_after=None
[2026-10-02T10:22:02.834+0000] {processor.py:208} INFO - Processing /opt/airflow/dags/my_tasks.py took 0.073 seconds
[2026-10-02T10:22:33.031+0000] {processor.py:186} INFO - Started process (PID=5087) to work on /opt/airflow/dags/my_tasks.py
[2026-10-02T10:22:33.032+0000] {processor.py:914} INFO - Processing file /opt/airflow/dags/my_tasks.py for tasks to queue
[2026-10-02T10:22:33.033+0000] {logging_mixin.py:190} INFO - [2026-10-02T10:22:33.033+0000] {dagbag.py:588} INFO - Filling up the DagBag from /opt/airflow/dags/my_tasks.py
[2026-10-02T10:22:33.040+0000] {processor.py:925} INFO - DAG(s) 'my_dag' retrieved from /opt/airflow/dags/my_tasks.py
[2026-10-02T10:22:33.058+0000] {logging_mixin.py:190} INFO - [2026-10-02T10:22:33.057+0000] {dag.py:3239} INFO - Sync 1 DAGs
[2026-10-02T10:22:33.073+0000] {logging_mixin.py:190} INFO - [2026-10-02T10:22:33.073+0000] {dag.py:4180} INFO - Setting next_dagrun for my_dag to None, run_after=None
[2026-10-02T10:22:33.087+0000] {processor.py:208} INFO - Processing /opt/airflow/dags/my_tasks.py took 0.060 seconds
[2026-10-02T10:23:03.283+0000] {processor.py:186} INFO - Started process (PID=5098) to work on /opt/airflow/dags/my_tasks.py
[2026-10-02T10:23:03.291+0000] {processor.py:914} INFO - Processing file /opt/airflow/dags/my_tasks.py for tasks to queue
[2026-10-02T10:23:03.294+0000] {logging_mixin.py:190} INFO - [2026-10-02T10:23:03.293+0000] {dagbag.py:588} INFO - Filling up the DagBag from /opt/airflow/dags/my_tasks.py
[2026-10-02T10:23:03.303+0000] {processor.py:925} INFO - DAG(s) 'my_dag' retrieved from /opt/airflow/dags/my_tasks.py
[2026-10-02T10:23:03.323+0000] {logging_mixin.py:190} INFO - [2026-10-02T10:23:03.322+0000] {dag.py:3239} INFO - Sync 1 DAGs
[2026-10-02T10:23:03.340+0000] {logging_mixin.py:190} INFO - [2026-10-02T10:23:03.340+0000] {dag.py:4180} INFO - Setting next_dagrun for my_dag to None, run_after=None
[2026-10-02T10:23:03.356+0000] {processor.py:208} INFO - Processing /opt/airflow/dags/my_tasks.py took 0.076 seconds
[2026-10-02T10:23:33.546+0000] {processor.py:186} INFO - Started process (PID=5109) to work on /opt/airflow/dags/my_tasks.py
[2026-10-02T10:23:33.554+0000] {processor.py:914} INFO - Processing file /opt/airflow/dags/my_tasks.py for tasks to queue
[2026-10-02T10:23:33.556+0000] {logging_mixin.py:190} INFO - [2026-10-02T10:23:33.556+0000] {dagbag.py:588} INFO - Filling up the DagBag from /opt/airflow/dags/my_tasks.py
[2026-10-02T10:23:33.566+0000] {processor.py:925} INFO - DAG(s) 'my_dag' retrieved from /opt/airflow/dags/my_tasks.py
[2026-10-02T10:23:33.585+0000] {logging_mixin.py:190} INFO - [2026-10-02T10:23:33.584+0000] {dag.py:3239} INFO - Sync 1 DAGs
[2026-10-02T10:23:33.601+0000] {logging_mixin.py:190} INFO - [2026-10-02T10:23:33.601+0000] {dag.py:4180} INFO - Setting next_dagrun for my_dag to None, run_after=None
[2026-10-02T10:23:33.615+0000] {processor.py:208} INFO - Processing /opt/airflow/dags/my_tasks.py took 0.073 seconds
[2026-10-02T10:24:03.820+0000] {processor.py:186} INFO - Started process (PID=5120) to work on /opt/airflow/dags/my_tasks.py
[2026-10-02T10:24:03.828+0000] {processor.py:914} INFO - Processing file /opt/airflow/dags/my_tasks.py for tasks to queue
[2026-10-02T10:24:03.831+0000] {logging_mixin.py:190} INFO - [2026-10-02T10:24:03.831+0000] {dagbag.py:588} INFO - Filling up the DagBag from /opt/airflow/dags/my_tasks.py
[2026-10-02T10:24:03.841+0000] {processor.py:925} INFO - DAG(s) 'my_dag' retrieved from /opt/airflow/dags/my_tasks.py
[2026-10-02T10:24:03.859+0000] {logging_mixin.py:190} INFO - [2026-10-02T10:24:03.859+0000] {dag.py:3239} INFO - Sync 1 DAGs
[2026-10-02T10:24:03.875+0000] {logging_mixin.py:190} INFO - [2026-10-02T10:24:03.875+0000] {dag.py:4180} INFO - Setting next_dagrun for my_dag to None, run_after=None
[2026-10-02T10:24:03.890+0000] {processor.py:208} INFO - Processing /opt/airflow/dags/my_tasks.py took 0.074 seconds
[2026-10-02T10:24:34.096+0000] {processor.py:186} INFO - Started process (PID=5131) to work on /opt/airflow/dags/my_tasks.py
[2026-10-02T10:24:34.104+0000] {processor.py:914} INFO - Processing file /opt/airflow/dags/my_tasks.py for tasks to queue
[2026-10-02T10:24:34.107+0000] {logging_mixin.py:190} INFO - [2026-10-02T10:24:34.107+0000] {dagbag.py:588} INFO - Filling up the DagBag from /opt/airflow/dags/my_tasks.py
[2026-10-02T10:24:34.116+0000] {processor.py:925} INFO - DAG(s) 'my_dag' retrieved from /opt/airflow/dags/my_tasks.py
[2026-10-02T10:24:34.134+0000] {logging_mixin.py:190} INFO - [2026-10-02T10:24:34.134+0000] {dag.py:3239} INFO - Sync 1 DAGs
[2026-10-02T10:24:34.151+0000] {logging_mixin.py:190} INFO - [2026-10-02T10:24:34.150+0000] {dag.py:4180} INFO - Setting next_dagrun for my_dag to None, run_after=None
[2026-10-02T10:24:34.169+0000] {processor.py:208} INFO - Processing /opt/airflow/dags/my_tasks.py took 0.076 seconds
[2026-10-02T10:25:04.344+0000] {processor.py:186} INFO - Started process (PID=5142) to work on /opt/airflow/dags/my_tasks.py
[2026-10-02T10:25:04.352+0000] {processor.py:914} INFO - Processing file /opt/airflow/dags/my_tasks.py for tasks to queue
[2026-10-02T10:25:04.354+0000] {logging_mixin.py:190} INFO - [2026-10-02T10:25:04.354+0000] {dagbag.py:588} INFO - Filling up the DagBag from /opt/airflow/dags/my_tasks.py
[2026-10-02T10:25:04.363+0000] {processor.py:925} INFO - DAG(s) 'my_dag' retrieved from /opt/airflow/dags/my_tasks.py
[2026-10-02T10:25:04.381+0000] {logging_mixin.py:190} INFO - [2026-10-02T10:25:04.381+0000] {dag.py:3239} INFO - Sync 1 DAGs
[2026-10-02T10:25:04.398+0000] {logging_mixin.py:190} INFO - [2026-10-02T10:25:04.397+0000] {dag.py:4180} INFO - Setting next_dagrun for my_dag to None, run_after=None
[2026-10-02T10:25:04.413+0000] {processor.py:208} INFO - Processing /opt/airflow/dags/my_tasks.py took 0.073 seconds
[2026-10-02T10:25:34.616+0000] {processor.py:186} INFO - Started process (PID=5153) to work on /opt/airflow/dags/my_tasks.py
[2026-10-02T10:25:34.624+0000] {processor.py:914} INFO - Processing file /opt/airflow/dags/my_tasks.py for tasks to queue
[2026-10-02T10:25:34.627+0000] {logging_mixin.py:190} INFO - [2026-10-02T10:25:34.626+0000] {dagbag.py:588} INFO - Filling up the DagBag from /opt/airflow/dags/my_tasks.py
[2026-10-02T10:25:34.636+0000] {processor.py:925} INFO - DAG(s) 'my_dag' retrieved from /opt/airflow/dags/my_tasks.py
[2026-10-02T10:25:34.655+0000] {logging_mixin.py:190} INFO - [2026-10-02T10:25:34.654+0000] {dag.py:3239} INFO - Sync 1 DAGs
[2026-10-02T10:25:34.671+0000] {logging_mixin.py:190} INFO - [2026-10-02T10:25:34.671+0000] {dag.py:4180} INFO - Setting next_dagrun for my_dag to None, run_after=None
[2026-10-02T10:25:34.686+0000] {processor.py:208} INFO - Processing /opt/airflow/dags/my_tasks.py took 0.074 seconds
[2026-10-02T10:26:04.878+0000] {processor.py:186} INFO - Started process (PID=5164) to work on /opt/airflow/dags/my_tasks.py
[2026-10-02T10:26:04.886+0000] {processor.py:914} INFO - Processing file /opt/airflow/dags/my_tasks.py for tasks to queue
[2026-10-02T10:26:04.889+0000] {logging_mixin.py:190} INFO - [2026-10-02T10:26:04.889+0000] {dagbag.py:588} INFO - Filling up the DagBag from /opt/airflow/dags/my_tasks.py
[2026-10-02T10:26:04.898+0000] {processor.py:925} INFO - DAG(s) 'my_dag' retrieved from /opt/airflow/dags/my_tasks.py
[2026-10-02T10:26:04.915+0000] {logging_mixin.py:190} INFO - [2026-10-02T10:26:04.915+0000] {dag.py:3239} INFO - Sync 1 DAGs
[2026-10-02T10:26:04.931+0000] {logging_mixin.py:190} INFO - [2026-10-02T10:26:04.931+0000] {dag.py:4180} INFO - Setting next_dagrun for my_dag to None, run_after=None
[2026-10-02T10:26:04.945+0000] {processor.py:208} INFO - Processing /opt/airflow/dags/my_tasks.py took 0.071 seconds
[2026-10-02T10:26:35.135+0000] {processor.py:186} INFO - Started process (PID=5175) to work on /opt/airflow/dags/my_tasks.py
[2026-10-02T10:26:35.136+0000] {processor.py:914} INFO - Processing file /opt/airflow/dags/my_tasks.py for tasks to queue
[2026-10-02T10:26:35.138+0000] {logging_mixin.py:190} INFO - [2026-10-02T10:26:35.137+0000] {dagbag.py:588} INFO - Filling up the DagBag from /opt/airflow/dags/my_tasks.py
[2026-10-02T10:26:35.144+0000] {processor.py:925} INFO - DAG(s) 'my_dag' retrieved from /opt/airflow/dags/my_tasks.py
[2026-10-02T10:26:35.163+0000] {logging_mixin.py:190} INFO - [2026-10-02T10:26:35.163+0000] {dag.py:3239} INFO - Sync 1 DAGs
[2026-10-02T10:26:35.181+0000] {logging_mixin.py:190} INFO - [2026-10-02T10:26:35.181+0000] {dag.py:4180} INFO - Setting next_dagrun for my_dag to None, run_after=None
[2026-10-02T10:26:35.198+0000] {processor.py:208} INFO - Processing /opt/airflow/dags/my_tasks.py took 0.067 seconds
[2026-10-02T10:27:05.419+0000] {processor.py:186} INFO - Started process (PID=5186) to work on /opt/airflow/dags/my_tasks.py
[2026-10-02T10:27:05.420+0000] {processor.py:914} INFO - Processing file /opt/airflow/dags/my_tasks.py for tasks to queue
[2026-10-02T10:27:05.421+0000] {logging_mixin.py:190} INFO - [2026-10-02T10:27:05.421+0000] {dagbag.py:588} INFO - Filling up the DagBag from /opt/airflow/dags/my_tasks.py
[2026-10-02T10:27:05.428+0000] {processor.py:925} INFO - DAG(s) 'my_dag' retrieved from /opt/airflow/dags/my_tasks.py
[2026-10-02T10:27:05.445+0000] {logging_mixin.py:190} INFO - [2026-10-02T10:27:05.445+0000] {dag.py:3239} INFO - Sync 1 DAGs
[2026-10-02T10:27:05.461+0000] {logging_mixin.py:190} INFO - [2026-10-02T10:27:05.461+0000] {dag.py:4180} INFO - Setting next_dagrun for my_dag to None, run_after=None
[2026-10-02T10:27:05.475+0000] {processor.py:208} INFO - Processing /opt/airflow/dags/my_tasks.py took 0.062 seconds
[2026-10-02T10:27:35.706+0000] {processor.py:186} INFO - Started process (PID=5197) to work on /opt/airflow/dags/my_tasks.py
[2026-10-02T10:27:35.706+0000] {processor.py:914} INFO - Processing file /opt/airflow/dags/my_tasks.py for tasks to queue
[2026-10-02T10:27:35.709+0000] {logging_mixin.py:190} INFO - [2026-10-02T10:27:35.709+0000] {dagbag.py:588} INFO - Filling up the DagBag from /opt/airflow/dags/my_tasks.py
[2026-10-02T10:27:35.718+0000] {processor.py:925} INFO - DAG(s) 'my_dag' retrieved from /opt/airflow/dags/my_tasks.py
[2026-10-02T10:27:35.735+0000] {logging_mixin.py:190} INFO - [2026-10-02T10:27:35.735+0000] {dag.py:3239} INFO - Sync 1 DAGs
[2026-10-02T10:27:35.751+0000] {logging_mixin.py:190} INFO - [2026-10-02T10:27:35.750+0000] {dag.py:4180} INFO - Setting next_dagrun for my_dag to None, run_after=None
[2026-10-02T10:27:35.764+0000] {processor.py:208} INFO - Processing /opt/airflow/dags/my_tasks.py took 0.065 seconds
[2026-10-02T10:28:05.980+0000] {processor.py:186} INFO - Started process (PID=5208) to work on /opt/airflow/dags/my_tasks.py
[2026-10-02T10:28:05.986+0000] {processor.py:914} INFO - Processing file /opt/airflow/dags/my_tasks.py for tasks to queue
[2026-10-02T10:28:05.987+0000] {logging_mixin.py:190} INFO - [2026-10-02T10:28:05.987+0000] {dagbag.py:588} INFO - Filling up the DagBag from /opt/airflow/dags/my_tasks.py
[2026-10-02T10:28:05.995+0000] {processor.py:925} INFO - DAG(s) 'my_dag' retrieved from /opt/airflow/dags/my_tasks.py
[2026-10-02T10:28:06.013+0000] {logging_mixin.py:190} INFO - [2026-10-02T10:28:06.013+0000] {dag.py:3239} INFO - Sync 1 DAGs
[2026-10-02T10:28:06.028+0000] {logging_mixin.py:190} INFO - [2026-10-02T10:28:06.028+0000] {dag.py:4180} INFO - Setting next_dagrun for my_dag to None, run_after=None
[2026-10-02T10:28:06.042+0000] {processor.py:208} INFO - Processing /opt/airflow/dags/my_tasks.py took 0.066 seconds
[2026-10-02T10:28:36.240+0000] {processor.py:186} INFO - Started process (PID=5219) to work on /opt/airflow/dags/my_tasks.py
[2026-10-02T10:28:36.240+0000] {processor.py:914} INFO - Processing file /opt/airflow/dags/my_tasks.py for tasks to queue
[2026-10-02T10:28:36.242+0000] {logging_mixin.py:190} INFO - [2026-10-02T10:28:36.241+0000] {dagbag.py:588} INFO - Filling up the DagBag from /opt/airflow/dags/my_tasks.py
[2026-10-02T10:28:36.248+0000] {processor.py:925} INFO - DAG(s) 'my_dag' retrieved from /opt/airflow/dags/my_tasks.py
[2026-10-02T10:28:36.267+0000] {logging_mixin.py:190} INFO - [2026-10-02T10:28:36.267+0000] {dag.py:3239} INFO - Sync 1 DAGs
[2026-10-02T10:28:36.283+0000] {logging_mixin.py:190} INFO - [2026-10-02T10:28:36.283+0000] {dag.py:4180} INFO - Setting next_dagrun for my_dag to None, run_after=None
[2026-10-02T10:28:36.298+0000] {processor.py:208} INFO - Processing /opt/airflow/dags/my_tasks.py took 0.063 seconds
[2026-10-02T10:29:06.520+0000] {processor.py:186} INFO - Started process (PID=5230) to work on /opt/airflow/dags/my_tasks.py
[2026-10-02T10:29:06.528+0000] {processor.py:914} INFO - Processing file /opt/airflow/dags/my_tasks.py for tasks to queue
[2026-10-02T10:29:06.530+0000] {logging_mixin.py:190} INFO - [2026-10-02T10:29:06.530+0000] {dagbag.py:588} INFO - Filling up the DagBag from /opt/airflow/dags/my_tasks.py
[2026-10-02T10:29:06.538+0000] {processor.py:925} INFO - DAG(s) 'my_dag' retrieved from /opt/airflow/dags/my_tasks.py
[2026-10-02T10:29:06.556+0000] {logging_mixin.py:190} INFO - [2026-10-02T10:29:06.556+0000] {dag.py:3239} INFO - Sync 1 DAGs
[2026-10-02T10:29:06.572+0000] {logging_mixin.py:190} INFO - [2026-10-02T10:29:06.572+0000] {dag.py:4180} INFO - Setting next_dagrun for my_dag to None, run_after=None
[2026-10-02T10:29:06.586+0000] {processor.py:208} INFO - Processing /opt/airflow/dags/my_tasks.py took 0.070 seconds
[2026-10-02T10:29:36.775+0000] {processor.py:186} INFO - Started process (PID=5241) to work on /opt/airflow/dags/my_tasks.py
[2026-10-02T10:29:36.776+0000] {processor.py:914} INFO - Processing file /opt/airflow/dags/my_tasks.py for tasks to queue
[2026-10-02T10:29:36.778+0000] {logging_mixin.py:190} INFO - [2026-10-02T10:29:36.777+0000] {dagbag.py:588} INFO - Filling up the DagBag from /opt/airflow/dags/my_tasks.py
[2026-10-02T10:29:36.784+0000] {processor.py:925} INFO - DAG(s) 'my_dag' retrieved from /opt/airflow/dags/my_tasks.py
[2026-10-02T10:29:36.802+0000] {logging_mixin.py:190} INFO - [2026-10-02T10:29:36.801+0000] {dag.py:3239} INFO - Sync 1 DAGs
[2026-10-02T10:29:36.817+0000] {logging_mixin.py:190} INFO - [2026-10-02T10:29:36.817+0000] {dag.py:4180} INFO - Setting next_dagrun for my_dag to None, run_after=None
[2026-10-02T10:29:36.830+0000] {processor.py:208} INFO - Processing /opt/airflow/dags/my_tasks.py took 0.059 seconds
[2026-10-02T10:30:07.034+0000] {processor.py:186} INFO - Started process (PID=5252) to work on /opt/airflow/dags/my_tasks.py
[2026-10-02T10:30:07.042+0000] {processor.py:914} INFO - Processing file /opt/airflow/dags/my_tasks.py for tasks to queue
[2026-10-02T10:30:07.044+0000] {logging_mixin.py:190} INFO - [2026-10-02T10:30:07.044+0000] {dagbag.py:588} INFO - Filling up the DagBag from /opt/airflow/dags/my_tasks.py
[2026-10-02T10:30:07.053+0000] {processor.py:925} INFO - DAG(s) 'my_dag' retrieved from /opt/airflow/dags/my_tasks.py
[2026-10-02T10:30:07.070+0000] {logging_mixin.py:190} INFO - [2026-10-02T10:30:07.070+0000] {dag.py:3239} INFO - Sync 1 DAGs
[2026-10-02T10:30:07.086+0000] {logging_mixin.py:190} INFO - [2026-10-02T10:30:07.086+0000] {dag.py:4180} INFO - Setting next_dagrun for my_dag to None, run_after=None
[2026-10-02T10:30:07.102+0000] {processor.py:208} INFO - Processing /opt/airflow/dags/my_tasks.py took 0.072 seconds
[2026-10-02T10:30:37.286+0000] {processor.py:186} INFO - Started process (PID=5263) to work on /opt/airflow/dags/my_tasks.py
[2026-10-02T10:30:37.287+0000] {processor.py:914} INFO - Processing file /opt/airflow/dags/my_tasks.py for tasks to queue
[2026-10-02T10:30:37.288+0000] {logging_mixin.py:190} INFO - [2026-10-02T10:30:37.288+0000] {dagbag.py:588} INFO - Filling up the DagBag from /opt/airflow/dags/my_tasks.py
[2026-10-02T10:30:37.295+0000] {processor.py:925} INFO - DAG(s) 'my_dag' retrieved from /opt/airflow/dags/my_tasks.py
[2026-10-02T10:30:37.312+0000] {logging_mixin.py:190} INFO - [2026-10-02T10:30:37.312+0000] {dag.py:3239} INFO - Sync 1 DAGs
[2026-10-02T10:30:37.328+0000] {logging_mixin.py:190} INFO - [2026-10-02T10:30:37.327+0000] {dag.py:4180} INFO - Setting next_dagrun for my_dag to None, run_after=None
[2026-10-02T10:30:37.342+0000] {processor.py:208} INFO - Processing /opt/airflow/dags/my_tasks.py took 0.059 seconds
[2026-10-02T10:31:07.563+0000] {processor.py:186} INFO - Started process (PID=5274) to work on /opt/airflow/dags/my_tasks.py
[2026-10-02T10:31:07.571+0000] {processor.py:914} INFO - Processing file /opt/airflow/dags/my_tasks.py for tasks to queue
[2026-10-02T10:31:07.574+0000] {logging_mixin.py:190} INFO - [2026-10-02T10:31:07.573+0000] {dagbag.py:588} INFO - Filling up the DagBag from /opt/airflow/dags/my_tasks.py
[2026-10-02T10:31:07.584+0000] {processor.py:925} INFO - DAG(s) 'my_dag' retrieved from /opt/airflow/dags/my_tasks.py
[2026-10-02T10:31:07.602+0000] {logging_mixin.py:190} INFO - [2026-10-02T10:31:07.602+0000] {dag.py:3239} INFO - Sync 1 DAGs
[2026-10-02T10:31:07.618+0000] {logging_mixin.py:190} INFO - [2026-10-02T10:31:07.618+0000] {dag.py:4180} INFO - Setting next_dagrun for my_dag to None, run_after=None
[2026-10-02T10:31:07.632+0000] {processor.py:208} INFO - Processing /opt/airflow/dags/my_tasks.py took 0.073 seconds
[2026-10-02T10:31:37.824+0000] {processor.py:186} INFO - Started process (PID=5285) to work on /opt/airflow/dags/my_tasks.py
[2026-10-02T10:31:37.825+0000] {processor.py:914} INFO - Processing file /opt/airflow/dags/my_tasks.py for tasks to queue
[2026-10-02T10:31:37.827+0000] {logging_mixin.py:190} INFO - [2026-10-02T10:31:37.827+0000] {dagbag.py:588} INFO - Filling up the DagBag from /opt/airflow/dags/my_tasks.py
[2026-10-02T10:31:37.833+0000] {processor.py:925} INFO - DAG(s) 'my_dag' retrieved from /opt/airflow/dags/my_tasks.py
[2026-10-02T10:31:37.850+0000] {logging_mixin.py:190} INFO - [2026-10-02T10:31:37.850+0000] {dag.py:3239} INFO - Sync 1 DAGs
[2026-10-02T10:31:37.866+0000] {logging_mixin.py:190} INFO - [2026-10-02T10:31:37.866+0000] {dag.py:4180} INFO - Setting next_dagrun for my_dag to None, run_after=None
[2026-10-02T10:31:37.881+0000] {processor.py:208} INFO - Processing /opt/airflow/dags/my_tasks.py took 0.061 seconds
[2026-10-02T10:32:08.101+0000] {processor.py:186} INFO - Started process (PID=5296) to work on /opt/airflow/dags/my_tasks.py
[2026-10-02T10:32:08.110+0000] {processor.py:914} INFO - Processing file /opt/airflow/dags/my_tasks.py for tasks to queue
[2026-10-02T10:32:08.112+0000] {logging_mixin.py:190} INFO - [2026-10-02T10:32:08.111+0000] {dagbag.py:588} INFO - Filling up the DagBag from /opt/airflow/dags/my_tasks.py
[2026-10-02T10:32:08.119+0000] {processor.py:925} INFO - DAG(s) 'my_dag' retrieved from /opt/airflow/dags/my_tasks.py
[2026-10-02T10:32:08.137+0000] {logging_mixin.py:190} INFO - [2026-10-02T10:32:08.137+0000] {dag.py:3239} INFO - Sync 1 DAGs
[2026-10-02T10:32:08.155+0000] {logging_mixin.py:190} INFO - [2026-10-02T10:32:08.154+0000] {dag.py:4180} INFO - Setting next_dagrun for my_dag to None, run_after=None
[2026-10-02T10:32:08.168+0000] {processor.py:208} INFO - Processing /opt/airflow/dags/my_tasks.py took 0.071 seconds
[2026-10-02T10:32:38.383+0000] {processor.py:186} INFO - Started process (PID=5307) to work on /opt/airflow/dags/my_tasks.py
[2026-10-02T10:32:38.391+0000] {processor.py:914} INFO - Processing file /opt/airflow/dags/my_tasks.py for tasks to queue
[2026-10-02T10:32:38.394+0000] {logging_mixin.py:190} INFO - [2026-10-02T10:32:38.394+0000] {dagbag.py:588} INFO - Filling up the DagBag from /opt/airflow/dags/my_tasks.py
[2026-10-02T10:32:38.407+0000] {processor.py:925} INFO - DAG(s) 'my_dag' retrieved from /opt/airflow/dags/my_tasks.py
[2026-10-02T10:32:38.425+0000] {logging_mixin.py:190} INFO - [2026-10-02T10:32:38.424+0000] {dag.py:3239} INFO - Sync 1 DAGs
[2026-10-02T10:32:38.441+0000] {logging_mixin.py:190} INFO - [2026-10-02T10:32:38.441+0000] {dag.py:4180} INFO - Setting next_dagrun for my_dag to None, run_after=None
[2026-10-02T10:32:38.454+0000] {processor.py:208} INFO - Processing /opt/airflow/dags/my_tasks.py took 0.075 seconds
[2026-10-02T10:33:08.662+0000] {processor.py:186} INFO - Started process (PID=5318) to work on /opt/airflow/dags/my_tasks.py
[2026-10-02T10:33:08.671+0000] {processor.py:914} INFO - Processing file /opt/airflow/dags/my_tasks.py for tasks to queue
[2026-10-02T10:33:08.674+0000] {logging_mixin.py:190} INFO - [2026-10-02T10:33:08.673+0000] {dagbag.py:588} INFO - Filling up the DagBag from /opt/airflow/dags/my_tasks.py
[2026-10-02T10:33:08.683+0000] {processor.py:925} INFO - DAG(s) 'my_dag' retrieved from /opt/airflow/dags/my_tasks.py
[2026-10-02T10:33:08.700+0000] {logging_mixin.py:190} INFO - [2026-10-02T10:33:08.700+0000] {dag.py:3239} INFO - Sync 1 DAGs
[2026-10-02T10:33:08.715+0000] {logging_mixin.py:190} INFO - [2026-10-02T10:33:08.715+0000] {dag.py:4180} INFO - Setting next_dagrun for my_dag to None, run_after=None
[2026-10-02T10:33:08.729+0000] {processor.py:208} INFO - Processing /opt/airflow/dags/my_tasks.py took 0.071 seconds
[2026-10-02T10:33:38.947+0000] {processor.py:186} INFO - Started process (PID=5329) to work on /opt/airflow/dags/my_tasks.py
[2026-10-02T10:33:38.954+0000] {processor.py:914} INFO - Processing file /opt/airflow/dags/my_tasks.py for tasks to queue
[2026-10-02T10:33:38.956+0000] {logging_mixin.py:190} INFO - [2026-10-02T10:33:38.956+0000] {dagbag.py:588} INFO - Filling up the DagBag from /opt/airflow/dags/my_tasks.py
[2026-10-02T10:33:38.966+0000] {processor.py:925} INFO - DAG(s) 'my_dag' retrieved from /opt/airflow/dags/my_tasks.py
[2026-10-02T10:33:38.984+0000] {logging_mixin.py:190} INFO - [2026-10-02T10:33:38.984+0000] {dag.py:3239} INFO - Sync 1 DAGs
[2026-10-02T10:33:39.000+0000] {logging_mixin.py:190} INFO - [2026-10-02T10:33:39.000+0000] {dag.py:4180} INFO - Setting next_dagrun for my_dag to None, run_after=None
[2026-10-02T10:33:39.014+0000] {processor.py:208} INFO - Processing /opt/airflow/dags/my_tasks.py took 0.072 seconds
[2026-10-02T10:34:09.204+0000] {processor.py:186} INFO - Started process (PID=5340) to work on /opt/airflow/dags/my_tasks.py
[2026-10-02T10:34:09.212+0000] {processor.py:914} INFO - Processing file /opt/airflow/dags/my_tasks.py for tasks to queue
[2026-10-02T10:34:09.214+0000] {logging_mixin.py:190} INFO - [2026-10-02T10:34:09.213+0000] {dagbag.py:588} INFO - Filling up the DagBag from /opt/airflow/dags/my_tasks.py
[2026-10-02T10:34:09.223+0000] {processor.py:925} INFO - DAG(s) 'my_dag' retrieved from /opt/airflow/dags/my_tasks.py
[2026-10-02T10:34:09.243+0000] {logging_mixin.py:190} INFO - [2026-10-02T10:34:09.243+0000] {dag.py:3239} INFO - Sync 1 DAGs
[2026-10-02T10:34:09.260+0000] {logging_mixin.py:190} INFO - [2026-10-02T10:34:09.259+0000] {dag.py:4180} INFO - Setting next_dagrun for my_dag to None, run_after=None
[2026-10-02T10:34:09.273+0000] {processor.py:208} INFO - Processing /opt/airflow/dags/my_tasks.py took 0.074 seconds
[2026-10-02T10:34:39.479+0000] {processor.py:186} INFO - Started process (PID=5351) to work on /opt/airflow/dags/my_tasks.py
[2026-10-02T10:34:39.485+0000] {processor.py:914} INFO - Processing file /opt/airflow/dags/my_tasks.py for tasks to queue
[2026-10-02T10:34:39.487+0000] {logging_mixin.py:190} INFO - [2026-10-02T10:34:39.487+0000] {dagbag.py:588} INFO - Filling up the DagBag from /opt/airflow/dags/my_tasks.py
[2026-10-02T10:34:39.496+0000] {processor.py:925} INFO - DAG(s) 'my_dag' retrieved from /opt/airflow/dags/my_tasks.py
[2026-10-02T10:34:39.514+0000] {logging_mixin.py:190} INFO - [2026-10-02T10:34:39.513+0000] {dag.py:3239} INFO - Sync 1 DAGs
[2026-10-02T10:34:39.529+0000] {logging_mixin.py:190} INFO - [2026-10-02T10:34:39.529+0000] {dag.py:4180} INFO - Setting next_dagrun for my_dag to None, run_after=None
[2026-10-02T10:34:39.544+0000] {processor.py:208} INFO - Processing /opt/airflow/dags/my_tasks.py took 0.069 seconds
[2026-10-02T10:35:09.757+0000] {processor.py:186} INFO - Started process (PID=5362) to work on /opt/airflow/dags/my_tasks.py
[2026-10-02T10:35:09.758+0000] {processor.py:914} INFO - Processing file /opt/airflow/dags/my_tasks.py for tasks to queue
[2026-10-02T10:35:09.760+0000] {logging_mixin.py:190} INFO - [2026-10-02T10:35:09.759+0000] {dagbag.py:588} INFO - Filling up the DagBag from /opt/airflow/dags/my_tasks.py
[2026-10-02T10:35:09.766+0000] {processor.py:925} INFO - DAG(s) 'my_dag' retrieved from /opt/airflow/dags/my_tasks.py
[2026-10-02T10:35:09.784+0000] {logging_mixin.py:190} INFO - [2026-10-02T10:35:09.784+0000] {dag.py:3239} INFO - Sync 1 DAGs
[2026-10-02T10:35:09.799+0000] {logging_mixin.py:190} INFO - [2026-10-02T10:35:09.799+0000] {dag.py:4180} INFO - Setting next_dagrun for my_dag to None, run_after=None
[2026-10-02T10:35:09.823+0000] {processor.py:208} INFO - Processing /opt/airflow/dags/my_tasks.py took 0.070 seconds
[2026-10-02T10:35:40.036+0000] {processor.py:186} INFO - Started process (PID=5373) to work on /opt/airflow/dags/my_tasks.py
[2026-10-02T10:35:40.043+0000] {processor.py:914} INFO - Processing file /opt/airflow/dags/my_tasks.py for tasks to queue
[2026-10-02T10:35:40.045+0000] {logging_mixin.py:190} INFO - [2026-10-02T10:35:40.045+0000] {dagbag.py:588} INFO - Filling up the DagBag from /opt/airflow/dags/my_tasks.py
[2026-10-02T10:35:40.055+0000] {processor.py:925} INFO - DAG(s) 'my_dag' retrieved from /opt/airflow/dags/my_tasks.py
[2026-10-02T10:35:40.072+0000] {logging_mixin.py:190} INFO - [2026-10-02T10:35:40.072+0000] {dag.py:3239} INFO - Sync 1 DAGs
[2026-10-02T10:35:40.088+0000] {logging_mixin.py:190} INFO - [2026-10-02T10:35:40.087+0000] {dag.py:4180} INFO - Setting next_dagrun for my_dag to None, run_after=None
[2026-10-02T10:35:40.104+0000] {processor.py:208} INFO - Processing /opt/airflow/dags/my_tasks.py took 0.072 seconds
[2026-10-02T10:36:10.311+0000] {processor.py:186} INFO - Started process (PID=5384) to work on /opt/airflow/dags/my_tasks.py
[2026-10-02T10:36:10.312+0000] {processor.py:914} INFO - Processing file /opt/airflow/dags/my_tasks.py for tasks to queue
[2026-10-02T10:36:10.313+0000] {logging_mixin.py:190} INFO - [2026-10-02T10:36:10.313+0000] {dagbag.py:588} INFO - Filling up the DagBag from /opt/airflow/dags/my_tasks.py
[2026-10-02T10:36:10.320+0000] {processor.py:925} INFO - DAG(s) 'my_dag' retrieved from /opt/airflow/dags/my_tasks.py
[2026-10-02T10:36:10.338+0000] {logging_mixin.py:190} INFO - [2026-10-02T10:36:10.338+0000] {dag.py:3239} INFO - Sync 1 DAGs
[2026-10-02T10:36:10.353+0000] {logging_mixin.py:190} INFO - [2026-10-02T10:36:10.353+0000] {dag.py:4180} INFO - Setting next_dagrun for my_dag to None, run_after=None
[2026-10-02T10:36:10.369+0000] {processor.py:208} INFO - Processing /opt/airflow/dags/my_tasks.py took 0.062 seconds
[2026-10-02T10:36:40.586+0000] {processor.py:186} INFO - Started process (PID=5395) to work on /opt/airflow/dags/my_tasks.py
[2026-10-02T10:36:40.594+0000] {processor.py:914} INFO - Processing file /opt/airflow/dags/my_tasks.py for tasks to queue
[2026-10-02T10:36:40.597+0000] {logging_mixin.py:190} INFO - [2026-10-02T10:36:40.597+0000] {dagbag.py:588} INFO - Filling up the DagBag from /opt/airflow/dags/my_tasks.py
[2026-10-02T10:36:40.607+0000] {processor.py:925} INFO - DAG(s) 'my_dag' retrieved from /opt/airflow/dags/my_tasks.py
[2026-10-02T10:36:40.625+0000] {logging_mixin.py:190} INFO - [2026-10-02T10:36:40.625+0000] {dag.py:3239} INFO - Sync 1 DAGs
[2026-10-02T10:36:40.640+0000] {logging_mixin.py:190} INFO - [2026-10-02T10:36:40.640+0000] {dag.py:4180} INFO - Setting next_dagrun for my_dag to None, run_after=None
[2026-10-02T10:36:40.655+0000] {processor.py:208} INFO - Processing /opt/airflow/dags/my_tasks.py took 0.073 seconds
[2026-10-02T10:37:10.850+0000] {processor.py:186} INFO - Started process (PID=5406) to work on /opt/airflow/dags/my_tasks.py
[2026-10-02T10:37:10.850+0000] {processor.py:914} INFO - Processing file /opt/airflow/dags/my_tasks.py for tasks to queue
[2026-10-02T10:37:10.852+0000] {logging_mixin.py:190} INFO - [2026-10-02T10:37:10.852+0000] {dagbag.py:588} INFO - Filling up the DagBag from /opt/airflow/dags/my_tasks.py
[2026-10-02T10:37:10.859+0000] {processor.py:925} INFO - DAG(s) 'my_dag' retrieved from /opt/airflow/dags/my_tasks.py
[2026-10-02T10:37:10.876+0000] {logging_mixin.py:190} INFO - [2026-10-02T10:37:10.876+0000] {dag.py:3239} INFO - Sync 1 DAGs
[2026-10-02T10:37:10.891+0000] {logging_mixin.py:190} INFO - [2026-10-02T10:37:10.891+0000] {dag.py:4180} INFO - Setting next_dagrun for my_dag to None, run_after=None
[2026-10-02T10:37:10.905+0000] {processor.py:208} INFO - Processing /opt/airflow/dags/my_tasks.py took 0.059 seconds
[2026-10-02T10:37:41.112+0000] {processor.py:186} INFO - Started process (PID=5417) to work on /opt/airflow/dags/my_tasks.py
[2026-10-02T10:37:41.113+0000] {processor.py:914} INFO - Processing file /opt/airflow/dags/my_tasks.py for tasks to queue
[2026-10-02T10:37:41.114+0000] {logging_mixin.py:190} INFO - [2026-10-02T10:37:41.114+0000] {dagbag.py:588} INFO - Filling up the DagBag from /opt/airflow/dags/my_tasks.py
[2026-10-02T10:37:41.121+0000] {processor.py:925} INFO - DAG(s) 'my_dag' retrieved from /opt/airflow/dags/my_tasks.py
[2026-10-02T10:37:41.139+0000] {logging_mixin.py:190} INFO - [2026-10-02T10:37:41.139+0000] {dag.py:3239} INFO - Sync 1 DAGs
[2026-10-02T10:37:41.155+0000] {logging_mixin.py:190} INFO - [2026-10-02T10:37:41.155+0000] {dag.py:4180} INFO - Setting next_dagrun for my_dag to None, run_after=None
[2026-10-02T10:37:41.170+0000] {processor.py:208} INFO - Processing /opt/airflow/dags/my_tasks.py took 0.061 seconds
[2026-10-02T10:38:11.380+0000] {processor.py:186} INFO - Started process (PID=5428) to work on /opt/airflow/dags/my_tasks.py
[2026-10-02T10:38:11.381+0000] {processor.py:914} INFO - Processing file /opt/airflow/dags/my_tasks.py for tasks to queue
[2026-10-02T10:38:11.383+0000] {logging_mixin.py:190} INFO - [2026-10-02T10:38:11.383+0000] {dagbag.py:588} INFO - Filling up the DagBag from /opt/airflow/dags/my_tasks.py
[2026-10-02T10:38:11.392+0000] {processor.py:925} INFO - DAG(s) 'my_dag' retrieved from /opt/airflow/dags/my_tasks.py
[2026-10-02T10:38:11.411+0000] {logging_mixin.py:190} INFO - [2026-10-02T10:38:11.411+0000] {dag.py:3239} INFO - Sync 1 DAGs
[2026-10-02T10:38:11.428+0000] {logging_mixin.py:190} INFO - [2026-10-02T10:38:11.428+0000] {dag.py:4180} INFO - Setting next_dagrun for my_dag to None, run_after=None
[2026-10-02T10:38:11.442+0000] {processor.py:208} INFO - Processing /opt/airflow/dags/my_tasks.py took 0.067 seconds
[2026-10-02T10:38:41.638+0000] {processor.py:186} INFO - Started process (PID=5439) to work on /opt/airflow/dags/my_tasks.py
[2026-10-02T10:38:41.646+0000] {processor.py:914} INFO - Processing file /opt/airflow/dags/my_tasks.py for tasks to queue
[2026-10-02T10:38:41.649+0000] {logging_mixin.py:190} INFO - [2026-10-02T10:38:41.648+0000] {dagbag.py:588} INFO - Filling up the DagBag from /opt/airflow/dags/my_tasks.py
[2026-10-02T10:38:41.658+0000] {processor.py:925} INFO - DAG(s) 'my_dag' retrieved from /opt/airflow/dags/my_tasks.py
[2026-10-02T10:38:41.677+0000] {logging_mixin.py:190} INFO - [2026-10-02T10:38:41.677+0000] {dag.py:3239} INFO - Sync 1 DAGs
[2026-10-02T10:38:41.693+0000] {logging_mixin.py:190} INFO - [2026-10-02T10:38:41.693+0000] {dag.py:4180} INFO - Setting next_dagrun for my_dag to None, run_after=None
[2026-10-02T10:38:41.708+0000] {processor.py:208} INFO - Processing /opt/airflow/dags/my_tasks.py took 0.075 seconds
[2026-10-02T10:39:11.928+0000] {processor.py:186} INFO - Started process (PID=5450) to work on /opt/airflow/dags/my_tasks.py
[2026-10-02T10:39:11.928+0000] {processor.py:914} INFO - Processing file /opt/airflow/dags/my_tasks.py for tasks to queue
[2026-10-02T10:39:11.930+0000] {logging_mixin.py:190} INFO - [2026-10-02T10:39:11.930+0000] {dagbag.py:588} INFO - Filling up the DagBag from /opt/airflow/dags/my_tasks.py
[2026-10-02T10:39:11.937+0000] {processor.py:925} INFO - DAG(s) 'my_dag' retrieved from /opt/airflow/dags/my_tasks.py
[2026-10-02T10:39:11.954+0000] {logging_mixin.py:190} INFO - [2026-10-02T10:39:11.954+0000] {dag.py:3239} INFO - Sync 1 DAGs
[2026-10-02T10:39:11.969+0000] {logging_mixin.py:190} INFO - [2026-10-02T10:39:11.969+0000] {dag.py:4180} INFO - Setting next_dagrun for my_dag to None, run_after=None
[2026-10-02T10:39:11.983+0000] {processor.py:208} INFO - Processing /opt/airflow/dags/my_tasks.py took 0.060 seconds
[2026-10-02T10:39:42.182+0000] {processor.py:186} INFO - Started process (PID=5461) to work on /opt/airflow/dags/my_tasks.py
[2026-10-02T10:39:42.190+0000] {processor.py:914} INFO - Processing file /opt/airflow/dags/my_tasks.py for tasks to queue
[2026-10-02T10:39:42.192+0000] {logging_mixin.py:190} INFO - [2026-10-02T10:39:42.191+0000] {dagbag.py:588} INFO - Filling up the DagBag from /opt/airflow/dags/my_tasks.py
[2026-10-02T10:39:42.201+0000] {processor.py:925} INFO - DAG(s) 'my_dag' retrieved from /opt/airflow/dags/my_tasks.py
[2026-10-02T10:39:42.219+0000] {logging_mixin.py:190} INFO - [2026-10-02T10:39:42.219+0000] {dag.py:3239} INFO - Sync 1 DAGs
[2026-10-02T10:39:42.237+0000] {logging_mixin.py:190} INFO - [2026-10-02T10:39:42.237+0000] {dag.py:4180} INFO - Setting next_dagrun for my_dag to None, run_after=None
[2026-10-02T10:39:42.252+0000] {processor.py:208} INFO - Processing /opt/airflow/dags/my_tasks.py took 0.075 seconds
[2026-10-02T10:40:12.441+0000] {processor.py:186} INFO - Started process (PID=5472) to work on /opt/airflow/dags/my_tasks.py
[2026-10-02T10:40:12.448+0000] {processor.py:914} INFO - Processing file /opt/airflow/dags/my_tasks.py for tasks to queue
[2026-10-02T10:40:12.450+0000] {logging_mixin.py:190} INFO - [2026-10-02T10:40:12.450+0000] {dagbag.py:588} INFO - Filling up the DagBag from /opt/airflow/dags/my_tasks.py
[2026-10-02T10:40:12.459+0000] {processor.py:925} INFO - DAG(s) 'my_dag' retrieved from /opt/airflow/dags/my_tasks.py
[2026-10-02T10:40:12.477+0000] {logging_mixin.py:190} INFO - [2026-10-02T10:40:12.477+0000] {dag.py:3239} INFO - Sync 1 DAGs
[2026-10-02T10:40:12.492+0000] {logging_mixin.py:190} INFO - [2026-10-02T10:40:12.492+0000] {dag.py:4180} INFO - Setting next_dagrun for my_dag to None, run_after=None
[2026-10-02T10:40:12.506+0000] {processor.py:208} INFO - Processing /opt/airflow/dags/my_tasks.py took 0.070 seconds
[2026-10-02T10:40:42.692+0000] {processor.py:186} INFO - Started process (PID=5483) to work on /opt/airflow/dags/my_tasks.py
[2026-10-02T10:40:42.701+0000] {processor.py:914} INFO - Processing file /opt/airflow/dags/my_tasks.py for tasks to queue
[2026-10-02T10:40:42.703+0000] {logging_mixin.py:190} INFO - [2026-10-02T10:40:42.703+0000] {dagbag.py:588} INFO - Filling up the DagBag from /opt/airflow/dags/my_tasks.py
[2026-10-02T10:40:42.711+0000] {processor.py:925} INFO - DAG(s) 'my_dag' retrieved from /opt/airflow/dags/my_tasks.py
[2026-10-02T10:40:42.730+0000] {logging_mixin.py:190} INFO - [2026-10-02T10:40:42.729+0000] {dag.py:3239} INFO - Sync 1 DAGs
[2026-10-02T10:40:42.746+0000] {logging_mixin.py:190} INFO - [2026-10-02T10:40:42.746+0000] {dag.py:4180} INFO - Setting next_dagrun for my_dag to None, run_after=None
[2026-10-02T10:40:42.760+0000] {processor.py:208} INFO - Processing /opt/airflow/dags/my_tasks.py took 0.072 seconds
[2026-10-02T10:41:12.960+0000] {processor.py:186} INFO - Started process (PID=5494) to work on /opt/airflow/dags/my_tasks.py
[2026-10-02T10:41:12.973+0000] {processor.py:914} INFO - Processing file /opt/airflow/dags/my_tasks.py for tasks to queue
[2026-10-02T10:41:12.976+0000] {logging_mixin.py:190} INFO - [2026-10-02T10:41:12.975+0000] {dagbag.py:588} INFO - Filling up the DagBag from /opt/airflow/dags/my_tasks.py
[2026-10-02T10:41:12.986+0000] {processor.py:925} INFO - DAG(s) 'my_dag' retrieved from /opt/airflow/dags/my_tasks.py
[2026-10-02T10:41:13.004+0000] {logging_mixin.py:190} INFO - [2026-10-02T10:41:13.003+0000] {dag.py:3239} INFO - Sync 1 DAGs
[2026-10-02T10:41:13.019+0000] {logging_mixin.py:190} INFO - [2026-10-02T10:41:13.019+0000] {dag.py:4180} INFO - Setting next_dagrun for my_dag to None, run_after=None
[2026-10-02T10:41:13.035+0000] {processor.py:208} INFO - Processing /opt/airflow/dags/my_tasks.py took 0.079 seconds
[2026-10-02T10:41:43.234+0000] {processor.py:186} INFO - Started process (PID=5505) to work on /opt/airflow/dags/my_tasks.py
[2026-10-02T10:41:43.243+0000] {processor.py:914} INFO - Processing file /opt/airflow/dags/my_tasks.py for tasks to queue
[2026-10-02T10:41:43.244+0000] {logging_mixin.py:190} INFO - [2026-10-02T10:41:43.244+0000] {dagbag.py:588} INFO - Filling up the DagBag from /opt/airflow/dags/my_tasks.py
[2026-10-02T10:41:43.254+0000] {processor.py:925} INFO - DAG(s) 'my_dag' retrieved from /opt/airflow/dags/my_tasks.py
[2026-10-02T10:41:43.271+0000] {logging_mixin.py:190} INFO - [2026-10-02T10:41:43.271+0000] {dag.py:3239} INFO - Sync 1 DAGs
[2026-10-02T10:41:43.287+0000] {logging_mixin.py:190} INFO - [2026-10-02T10:41:43.287+0000] {dag.py:4180} INFO - Setting next_dagrun for my_dag to None, run_after=None
[2026-10-02T10:41:43.301+0000] {processor.py:208} INFO - Processing /opt/airflow/dags/my_tasks.py took 0.071 seconds
[2026-10-02T10:42:13.527+0000] {processor.py:186} INFO - Started process (PID=5516) to work on /opt/airflow/dags/my_tasks.py
[2026-10-02T10:42:13.534+0000] {processor.py:914} INFO - Processing file /opt/airflow/dags/my_tasks.py for tasks to queue
[2026-10-02T10:42:13.537+0000] {logging_mixin.py:190} INFO - [2026-10-02T10:42:13.537+0000] {dagbag.py:588} INFO - Filling up the DagBag from /opt/airflow/dags/my_tasks.py
[2026-10-02T10:42:13.547+0000] {processor.py:925} INFO - DAG(s) 'my_dag' retrieved from /opt/airflow/dags/my_tasks.py
[2026-10-02T10:42:13.564+0000] {logging_mixin.py:190} INFO - [2026-10-02T10:42:13.564+0000] {dag.py:3239} INFO - Sync 1 DAGs
[2026-10-02T10:42:13.580+0000] {logging_mixin.py:190} INFO - [2026-10-02T10:42:13.580+0000] {dag.py:4180} INFO - Setting next_dagrun for my_dag to None, run_after=None
[2026-10-02T10:42:13.594+0000] {processor.py:208} INFO - Processing /opt/airflow/dags/my_tasks.py took 0.072 seconds
[2026-10-02T10:42:43.801+0000] {processor.py:186} INFO - Started process (PID=5527) to work on /opt/airflow/dags/my_tasks.py
[2026-10-02T10:42:43.809+0000] {processor.py:914} INFO - Processing file /opt/airflow/dags/my_tasks.py for tasks to queue
[2026-10-02T10:42:43.813+0000] {logging_mixin.py:190} INFO - [2026-10-02T10:42:43.812+0000] {dagbag.py:588} INFO - Filling up the DagBag from /opt/airflow/dags/my_tasks.py
[2026-10-02T10:42:43.821+0000] {processor.py:925} INFO - DAG(s) 'my_dag' retrieved from /opt/airflow/dags/my_tasks.py
[2026-10-02T10:42:43.839+0000] {logging_mixin.py:190} INFO - [2026-10-02T10:42:43.838+0000] {dag.py:3239} INFO - Sync 1 DAGs
[2026-10-02T10:42:43.854+0000] {logging_mixin.py:190} INFO - [2026-10-02T10:42:43.854+0000] {dag.py:4180} INFO - Setting next_dagrun for my_dag to None, run_after=None
[2026-10-02T10:42:43.868+0000] {processor.py:208} INFO - Processing /opt/airflow/dags/my_tasks.py took 0.072 seconds
[2026-10-02T10:43:14.070+0000] {processor.py:186} INFO - Started process (PID=5538) to work on /opt/airflow/dags/my_tasks.py
[2026-10-02T10:43:14.071+0000] {processor.py:914} INFO - Processing file /opt/airflow/dags/my_tasks.py for tasks to queue
[2026-10-02T10:43:14.073+0000] {logging_mixin.py:190} INFO - [2026-10-02T10:43:14.072+0000] {dagbag.py:588} INFO - Filling up the DagBag from /opt/airflow/dags/my_tasks.py
[2026-10-02T10:43:14.079+0000] {processor.py:925} INFO - DAG(s) 'my_dag' retrieved from /opt/airflow/dags/my_tasks.py
[2026-10-02T10:43:14.097+0000] {logging_mixin.py:190} INFO - [2026-10-02T10:43:14.097+0000] {dag.py:3239} INFO - Sync 1 DAGs
[2026-10-02T10:43:14.114+0000] {logging_mixin.py:190} INFO - [2026-10-02T10:43:14.113+0000] {dag.py:4180} INFO - Setting next_dagrun for my_dag to None, run_after=None
[2026-10-02T10:43:14.127+0000] {processor.py:208} INFO - Processing /opt/airflow/dags/my_tasks.py took 0.062 seconds
[2026-10-02T10:43:44.345+0000] {processor.py:186} INFO - Started process (PID=5549) to work on /opt/airflow/dags/my_tasks.py
[2026-10-02T10:43:44.345+0000] {processor.py:914} INFO - Processing file /opt/airflow/dags/my_tasks.py for tasks to queue
[2026-10-02T10:43:44.347+0000] {logging_mixin.py:190} INFO - [2026-10-02T10:43:44.347+0000] {dagbag.py:588} INFO - Filling up the DagBag from /opt/airflow/dags/my_tasks.py
[2026-10-02T10:43:44.354+0000] {processor.py:925} INFO - DAG(s) 'my_dag' retrieved from /opt/airflow/dags/my_tasks.py
[2026-10-02T10:43:44.372+0000] {logging_mixin.py:190} INFO - [2026-10-02T10:43:44.372+0000] {dag.py:3239} INFO - Sync 1 DAGs
[2026-10-02T10:43:44.388+0000] {logging_mixin.py:190} INFO - [2026-10-02T10:43:44.388+0000] {dag.py:4180} INFO - Setting next_dagrun for my_dag to None, run_after=None
[2026-10-02T10:43:44.403+0000] {processor.py:208} INFO - Processing /opt/airflow/dags/my_tasks.py took 0.062 seconds
[2026-10-02T10:44:14.623+0000] {processor.py:186} INFO - Started process (PID=5560) to work on /opt/airflow/dags/my_tasks.py
[2026-10-02T10:44:14.631+0000] {processor.py:914} INFO - Processing file /opt/airflow/dags/my_tasks.py for tasks to queue
[2026-10-02T10:44:14.634+0000] {logging_mixin.py:190} INFO - [2026-10-02T10:44:14.633+0000] {dagbag.py:588} INFO - Filling up the DagBag from /opt/airflow/dags/my_tasks.py
[2026-10-02T10:44:14.641+0000] {processor.py:925} INFO - DAG(s) 'my_dag' retrieved from /opt/airflow/dags/my_tasks.py
[2026-10-02T10:44:14.660+0000] {logging_mixin.py:190} INFO - [2026-10-02T10:44:14.659+0000] {dag.py:3239} INFO - Sync 1 DAGs
[2026-10-02T10:44:14.675+0000] {logging_mixin.py:190} INFO - [2026-10-02T10:44:14.675+0000] {dag.py:4180} INFO - Setting next_dagrun for my_dag to None, run_after=None
[2026-10-02T10:44:14.689+0000] {processor.py:208} INFO - Processing /opt/airflow/dags/my_tasks.py took 0.071 seconds
[2026-10-02T10:44:44.871+0000] {processor.py:186} INFO - Started process (PID=5571) to work on /opt/airflow/dags/my_tasks.py
[2026-10-02T10:44:44.879+0000] {processor.py:914} INFO - Processing file /opt/airflow/dags/my_tasks.py for tasks to queue
[2026-10-02T10:44:44.880+0000] {logging_mixin.py:190} INFO - [2026-10-02T10:44:44.880+0000] {dagbag.py:588} INFO - Filling up the DagBag from /opt/airflow/dags/my_tasks.py
[2026-10-02T10:44:44.890+0000] {processor.py:925} INFO - DAG(s) 'my_dag' retrieved from /opt/airflow/dags/my_tasks.py
[2026-10-02T10:44:44.909+0000] {logging_mixin.py:190} INFO - [2026-10-02T10:44:44.908+0000] {dag.py:3239} INFO - Sync 1 DAGs
[2026-10-02T10:44:44.924+0000] {logging_mixin.py:190} INFO - [2026-10-02T10:44:44.924+0000] {dag.py:4180} INFO - Setting next_dagrun for my_dag to None, run_after=None
[2026-10-02T10:44:44.939+0000] {processor.py:208} INFO - Processing /opt/airflow/dags/my_tasks.py took 0.072 seconds
[2026-10-02T10:45:15.141+0000] {processor.py:186} INFO - Started process (PID=5582) to work on /opt/airflow/dags/my_tasks.py
[2026-10-02T10:45:15.149+0000] {processor.py:914} INFO - Processing file /opt/airflow/dags/my_tasks.py for tasks to queue
[2026-10-02T10:45:15.151+0000] {logging_mixin.py:190} INFO - [2026-10-02T10:45:15.151+0000] {dagbag.py:588} INFO - Filling up the DagBag from /opt/airflow/dags/my_tasks.py
[2026-10-02T10:45:15.160+0000] {processor.py:925} INFO - DAG(s) 'my_dag' retrieved from /opt/airflow/dags/my_tasks.py
[2026-10-02T10:45:15.178+0000] {logging_mixin.py:190} INFO - [2026-10-02T10:45:15.178+0000] {dag.py:3239} INFO - Sync 1 DAGs
[2026-10-02T10:45:15.195+0000] {logging_mixin.py:190} INFO - [2026-10-02T10:45:15.195+0000] {dag.py:4180} INFO - Setting next_dagrun for my_dag to None, run_after=None
[2026-10-02T10:45:15.209+0000] {processor.py:208} INFO - Processing /opt/airflow/dags/my_tasks.py took 0.072 seconds
[2026-10-02T10:45:45.414+0000] {processor.py:186} INFO - Started process (PID=5593) to work on /opt/airflow/dags/my_tasks.py
[2026-10-02T10:45:45.419+0000] {processor.py:914} INFO - Processing file /opt/airflow/dags/my_tasks.py for tasks to queue
[2026-10-02T10:45:45.420+0000] {logging_mixin.py:190} INFO - [2026-10-02T10:45:45.420+0000] {dagbag.py:588} INFO - Filling up the DagBag from /opt/airflow/dags/my_tasks.py
[2026-10-02T10:45:45.428+0000] {processor.py:925} INFO - DAG(s) 'my_dag' retrieved from /opt/airflow/dags/my_tasks.py
[2026-10-02T10:45:45.446+0000] {logging_mixin.py:190} INFO - [2026-10-02T10:45:45.445+0000] {dag.py:3239} INFO - Sync 1 DAGs
[2026-10-02T10:45:45.462+0000] {logging_mixin.py:190} INFO - [2026-10-02T10:45:45.461+0000] {dag.py:4180} INFO - Setting next_dagrun for my_dag to None, run_after=None
[2026-10-02T10:45:45.476+0000] {processor.py:208} INFO - Processing /opt/airflow/dags/my_tasks.py took 0.066 seconds
[2026-10-02T10:46:15.692+0000] {processor.py:186} INFO - Started process (PID=5604) to work on /opt/airflow/dags/my_tasks.py
[2026-10-02T10:46:15.693+0000] {processor.py:914} INFO - Processing file /opt/airflow/dags/my_tasks.py for tasks to queue
[2026-10-02T10:46:15.694+0000] {logging_mixin.py:190} INFO - [2026-10-02T10:46:15.694+0000] {dagbag.py:588} INFO - Filling up the DagBag from /opt/airflow/dags/my_tasks.py
[2026-10-02T10:46:15.701+0000] {processor.py:925} INFO - DAG(s) 'my_dag' retrieved from /opt/airflow/dags/my_tasks.py
[2026-10-02T10:46:15.719+0000] {logging_mixin.py:190} INFO - [2026-10-02T10:46:15.718+0000] {dag.py:3239} INFO - Sync 1 DAGs
[2026-10-02T10:46:15.734+0000] {logging_mixin.py:190} INFO - [2026-10-02T10:46:15.734+0000] {dag.py:4180} INFO - Setting next_dagrun for my_dag to None, run_after=None
[2026-10-02T10:46:15.748+0000] {processor.py:208} INFO - Processing /opt/airflow/dags/my_tasks.py took 0.060 seconds
[2026-10-02T10:46:45.966+0000] {processor.py:186} INFO - Started process (PID=5615) to work on /opt/airflow/dags/my_tasks.py
[2026-10-02T10:46:45.966+0000] {processor.py:914} INFO - Processing file /opt/airflow/dags/my_tasks.py for tasks to queue
[2026-10-02T10:46:45.969+0000] {logging_mixin.py:190} INFO - [2026-10-02T10:46:45.969+0000] {dagbag.py:588} INFO - Filling up the DagBag from /opt/airflow/dags/my_tasks.py
[2026-10-02T10:46:45.976+0000] {processor.py:925} INFO - DAG(s) 'my_dag' retrieved from /opt/airflow/dags/my_tasks.py
[2026-10-02T10:46:45.993+0000] {logging_mixin.py:190} INFO - [2026-10-02T10:46:45.993+0000] {dag.py:3239} INFO - Sync 1 DAGs
[2026-10-02T10:46:46.009+0000] {logging_mixin.py:190} INFO - [2026-10-02T10:46:46.009+0000] {dag.py:4180} INFO - Setting next_dagrun for my_dag to None, run_after=None
[2026-10-02T10:46:46.024+0000] {processor.py:208} INFO - Processing /opt/airflow/dags/my_tasks.py took 0.065 seconds
[2026-10-02T10:47:16.217+0000] {processor.py:186} INFO - Started process (PID=5626) to work on /opt/airflow/dags/my_tasks.py
[2026-10-02T10:47:16.220+0000] {processor.py:914} INFO - Processing file /opt/airflow/dags/my_tasks.py for tasks to queue
[2026-10-02T10:47:16.221+0000] {logging_mixin.py:190} INFO - [2026-10-02T10:47:16.221+0000] {dagbag.py:588} INFO - Filling up the DagBag from /opt/airflow/dags/my_tasks.py
[2026-10-02T10:47:16.229+0000] {processor.py:925} INFO - DAG(s) 'my_dag' retrieved from /opt/airflow/dags/my_tasks.py
[2026-10-02T10:47:16.247+0000] {logging_mixin.py:190} INFO - [2026-10-02T10:47:16.247+0000] {dag.py:3239} INFO - Sync 1 DAGs
[2026-10-02T10:47:16.265+0000] {logging_mixin.py:190} INFO - [2026-10-02T10:47:16.265+0000] {dag.py:4180} INFO - Setting next_dagrun for my_dag to None, run_after=None
[2026-10-02T10:47:16.280+0000] {processor.py:208} INFO - Processing /opt/airflow/dags/my_tasks.py took 0.067 seconds
[2026-10-02T10:47:46.504+0000] {processor.py:186} INFO - Started process (PID=5637) to work on /opt/airflow/dags/my_tasks.py
[2026-10-02T10:47:46.504+0000] {processor.py:914} INFO - Processing file /opt/airflow/dags/my_tasks.py for tasks to queue
[2026-10-02T10:47:46.506+0000] {logging_mixin.py:190} INFO - [2026-10-02T10:47:46.506+0000] {dagbag.py:588} INFO - Filling up the DagBag from /opt/airflow/dags/my_tasks.py
[2026-10-02T10:47:46.513+0000] {processor.py:925} INFO - DAG(s) 'my_dag' retrieved from /opt/airflow/dags/my_tasks.py
[2026-10-02T10:47:46.530+0000] {logging_mixin.py:190} INFO - [2026-10-02T10:47:46.530+0000] {dag.py:3239} INFO - Sync 1 DAGs
[2026-10-02T10:47:46.546+0000] {logging_mixin.py:190} INFO - [2026-10-02T10:47:46.546+0000] {dag.py:4180} INFO - Setting next_dagrun for my_dag to None, run_after=None
[2026-10-02T10:47:46.560+0000] {processor.py:208} INFO - Processing /opt/airflow/dags/my_tasks.py took 0.061 seconds
[2026-10-02T10:48:16.763+0000] {processor.py:186} INFO - Started process (PID=5648) to work on /opt/airflow/dags/my_tasks.py
[2026-10-02T10:48:16.771+0000] {processor.py:914} INFO - Processing file /opt/airflow/dags/my_tasks.py for tasks to queue
[2026-10-02T10:48:16.773+0000] {logging_mixin.py:190} INFO - [2026-10-02T10:48:16.773+0000] {dagbag.py:588} INFO - Filling up the DagBag from /opt/airflow/dags/my_tasks.py
[2026-10-02T10:48:16.782+0000] {processor.py:925} INFO - DAG(s) 'my_dag' retrieved from /opt/airflow/dags/my_tasks.py
[2026-10-02T10:48:16.799+0000] {logging_mixin.py:190} INFO - [2026-10-02T10:48:16.799+0000] {dag.py:3239} INFO - Sync 1 DAGs
[2026-10-02T10:48:16.815+0000] {logging_mixin.py:190} INFO - [2026-10-02T10:48:16.815+0000] {dag.py:4180} INFO - Setting next_dagrun for my_dag to None, run_after=None
[2026-10-02T10:48:16.829+0000] {processor.py:208} INFO - Processing /opt/airflow/dags/my_tasks.py took 0.070 seconds
[2026-10-02T10:48:46.999+0000] {processor.py:186} INFO - Started process (PID=5659) to work on /opt/airflow/dags/my_tasks.py
[2026-10-02T10:48:46.999+0000] {processor.py:914} INFO - Processing file /opt/airflow/dags/my_tasks.py for tasks to queue
[2026-10-02T10:48:47.001+0000] {logging_mixin.py:190} INFO - [2026-10-02T10:48:47.000+0000] {dagbag.py:588} INFO - Filling up the DagBag from /opt/airflow/dags/my_tasks.py
[2026-10-02T10:48:47.008+0000] {processor.py:925} INFO - DAG(s) 'my_dag' retrieved from /opt/airflow/dags/my_tasks.py
[2026-10-02T10:48:47.027+0000] {logging_mixin.py:190} INFO - [2026-10-02T10:48:47.027+0000] {dag.py:3239} INFO - Sync 1 DAGs
[2026-10-02T10:48:47.043+0000] {logging_mixin.py:190} INFO - [2026-10-02T10:48:47.043+0000] {dag.py:4180} INFO - Setting next_dagrun for my_dag to None, run_after=None
[2026-10-02T10:48:47.058+0000] {processor.py:208} INFO - Processing /opt/airflow/dags/my_tasks.py took 0.063 seconds
[2026-10-02T10:49:17.266+0000] {processor.py:186} INFO - Started process (PID=5670) to work on /opt/airflow/dags/my_tasks.py
[2026-10-02T10:49:17.274+0000] {processor.py:914} INFO - Processing file /opt/airflow/dags/my_tasks.py for tasks to queue
[2026-10-02T10:49:17.277+0000] {logging_mixin.py:190} INFO - [2026-10-02T10:49:17.277+0000] {dagbag.py:588} INFO - Filling up the DagBag from /opt/airflow/dags/my_tasks.py
[2026-10-02T10:49:17.286+0000] {processor.py:925} INFO - DAG(s) 'my_dag' retrieved from /opt/airflow/dags/my_tasks.py
[2026-10-02T10:49:17.304+0000] {logging_mixin.py:190} INFO - [2026-10-02T10:49:17.304+0000] {dag.py:3239} INFO - Sync 1 DAGs
[2026-10-02T10:49:17.320+0000] {logging_mixin.py:190} INFO - [2026-10-02T10:49:17.320+0000] {dag.py:4180} INFO - Setting next_dagrun for my_dag to None, run_after=None
[2026-10-02T10:49:17.337+0000] {processor.py:208} INFO - Processing /opt/airflow/dags/my_tasks.py took 0.076 seconds
[2026-10-02T10:49:47.540+0000] {processor.py:186} INFO - Started process (PID=5681) to work on /opt/airflow/dags/my_tasks.py
[2026-10-02T10:49:47.540+0000] {processor.py:914} INFO - Processing file /opt/airflow/dags/my_tasks.py for tasks to queue
[2026-10-02T10:49:47.542+0000] {logging_mixin.py:190} INFO - [2026-10-02T10:49:47.542+0000] {dagbag.py:588} INFO - Filling up the DagBag from /opt/airflow/dags/my_tasks.py
[2026-10-02T10:49:47.549+0000] {processor.py:925} INFO - DAG(s) 'my_dag' retrieved from /opt/airflow/dags/my_tasks.py
[2026-10-02T10:49:47.567+0000] {logging_mixin.py:190} INFO - [2026-10-02T10:49:47.566+0000] {dag.py:3239} INFO - Sync 1 DAGs
[2026-10-02T10:49:47.582+0000] {logging_mixin.py:190} INFO - [2026-10-02T10:49:47.581+0000] {dag.py:4180} INFO - Setting next_dagrun for my_dag to None, run_after=None
[2026-10-02T10:49:47.595+0000] {processor.py:208} INFO - Processing /opt/airflow/dags/my_tasks.py took 0.060 seconds
[2026-10-02T10:50:17.802+0000] {processor.py:186} INFO - Started process (PID=5692) to work on /opt/airflow/dags/my_tasks.py
[2026-10-02T10:50:17.810+0000] {processor.py:914} INFO - Processing file /opt/airflow/dags/my_tasks.py for tasks to queue
[2026-10-02T10:50:17.813+0000] {logging_mixin.py:190} INFO - [2026-10-02T10:50:17.812+0000] {dagbag.py:588} INFO - Filling up the DagBag from /opt/airflow/dags/my_tasks.py
[2026-10-02T10:50:17.822+0000] {processor.py:925} INFO - DAG(s) 'my_dag' retrieved from /opt/airflow/dags/my_tasks.py
[2026-10-02T10:50:17.840+0000] {logging_mixin.py:190} INFO - [2026-10-02T10:50:17.839+0000] {dag.py:3239} INFO - Sync 1 DAGs
[2026-10-02T10:50:17.856+0000] {logging_mixin.py:190} INFO - [2026-10-02T10:50:17.856+0000] {dag.py:4180} INFO - Setting next_dagrun for my_dag to None, run_after=None
[2026-10-02T10:50:17.870+0000] {processor.py:208} INFO - Processing /opt/airflow/dags/my_tasks.py took 0.072 seconds
[2026-10-02T10:50:48.084+0000] {processor.py:186} INFO - Started process (PID=5703) to work on /opt/airflow/dags/my_tasks.py
[2026-10-02T10:50:48.085+0000] {processor.py:914} INFO - Processing file /opt/airflow/dags/my_tasks.py for tasks to queue
[2026-10-02T10:50:48.086+0000] {logging_mixin.py:190} INFO - [2026-10-02T10:50:48.086+0000] {dagbag.py:588} INFO - Filling up the DagBag from /opt/airflow/dags/my_tasks.py
[2026-10-02T10:50:48.093+0000] {processor.py:925} INFO - DAG(s) 'my_dag' retrieved from /opt/airflow/dags/my_tasks.py
[2026-10-02T10:50:48.111+0000] {logging_mixin.py:190} INFO - [2026-10-02T10:50:48.110+0000] {dag.py:3239} INFO - Sync 1 DAGs
[2026-10-02T10:50:48.127+0000] {logging_mixin.py:190} INFO - [2026-10-02T10:50:48.127+0000] {dag.py:4180} INFO - Setting next_dagrun for my_dag to None, run_after=None
[2026-10-02T10:50:48.141+0000] {processor.py:208} INFO - Processing /opt/airflow/dags/my_tasks.py took 0.061 seconds
[2026-10-02T10:51:18.360+0000] {processor.py:186} INFO - Started process (PID=5714) to work on /opt/airflow/dags/my_tasks.py
[2026-10-02T10:51:18.368+0000] {processor.py:914} INFO - Processing file /opt/airflow/dags/my_tasks.py for tasks to queue
[2026-10-02T10:51:18.372+0000] {logging_mixin.py:190} INFO - [2026-10-02T10:51:18.371+0000] {dagbag.py:588} INFO - Filling up the DagBag from /opt/airflow/dags/my_tasks.py
[2026-10-02T10:51:18.381+0000] {processor.py:925} INFO - DAG(s) 'my_dag' retrieved from /opt/airflow/dags/my_tasks.py
[2026-10-02T10:51:18.399+0000] {logging_mixin.py:190} INFO - [2026-10-02T10:51:18.398+0000] {dag.py:3239} INFO - Sync 1 DAGs
[2026-10-02T10:51:18.414+0000] {logging_mixin.py:190} INFO - [2026-10-02T10:51:18.414+0000] {dag.py:4180} INFO - Setting next_dagrun for my_dag to None, run_after=None
[2026-10-02T10:51:18.428+0000] {processor.py:208} INFO - Processing /opt/airflow/dags/my_tasks.py took 0.072 seconds
[2026-10-02T10:51:48.632+0000] {processor.py:186} INFO - Started process (PID=5725) to work on /opt/airflow/dags/my_tasks.py
[2026-10-02T10:51:48.632+0000] {processor.py:914} INFO - Processing file /opt/airflow/dags/my_tasks.py for tasks to queue
[2026-10-02T10:51:48.635+0000] {logging_mixin.py:190} INFO - [2026-10-02T10:51:48.634+0000] {dagbag.py:588} INFO - Filling up the DagBag from /opt/airflow/dags/my_tasks.py
[2026-10-02T10:51:48.642+0000] {processor.py:925} INFO - DAG(s) 'my_dag' retrieved from /opt/airflow/dags/my_tasks.py
[2026-10-02T10:51:48.660+0000] {logging_mixin.py:190} INFO - [2026-10-02T10:51:48.660+0000] {dag.py:3239} INFO - Sync 1 DAGs
[2026-10-02T10:51:48.676+0000] {logging_mixin.py:190} INFO - [2026-10-02T10:51:48.675+0000] {dag.py:4180} INFO - Setting next_dagrun for my_dag to None, run_after=None
[2026-10-02T10:51:48.690+0000] {processor.py:208} INFO - Processing /opt/airflow/dags/my_tasks.py took 0.063 seconds
[2026-10-02T10:52:18.888+0000] {processor.py:186} INFO - Started process (PID=5736) to work on /opt/airflow/dags/my_tasks.py
[2026-10-02T10:52:18.889+0000] {processor.py:914} INFO - Processing file /opt/airflow/dags/my_tasks.py for tasks to queue
[2026-10-02T10:52:18.892+0000] {logging_mixin.py:190} INFO - [2026-10-02T10:52:18.891+0000] {dagbag.py:588} INFO - Filling up the DagBag from /opt/airflow/dags/my_tasks.py
[2026-10-02T10:52:18.902+0000] {processor.py:925} INFO - DAG(s) 'my_dag' retrieved from /opt/airflow/dags/my_tasks.py
[2026-10-02T10:52:18.923+0000] {logging_mixin.py:190} INFO - [2026-10-02T10:52:18.922+0000] {dag.py:3239} INFO - Sync 1 DAGs
[2026-10-02T10:52:18.940+0000] {logging_mixin.py:190} INFO - [2026-10-02T10:52:18.940+0000] {dag.py:4180} INFO - Setting next_dagrun for my_dag to None, run_after=None
[2026-10-02T10:52:18.959+0000] {processor.py:208} INFO - Processing /opt/airflow/dags/my_tasks.py took 0.075 seconds
[2026-10-02T10:52:49.163+0000] {processor.py:186} INFO - Started process (PID=5747) to work on /opt/airflow/dags/my_tasks.py
[2026-10-02T10:52:49.164+0000] {processor.py:914} INFO - Processing file /opt/airflow/dags/my_tasks.py for tasks to queue
[2026-10-02T10:52:49.165+0000] {logging_mixin.py:190} INFO - [2026-10-02T10:52:49.165+0000] {dagbag.py:588} INFO - Filling up the DagBag from /opt/airflow/dags/my_tasks.py
[2026-10-02T10:52:49.172+0000] {processor.py:925} INFO - DAG(s) 'my_dag' retrieved from /opt/airflow/dags/my_tasks.py
[2026-10-02T10:52:49.190+0000] {logging_mixin.py:190} INFO - [2026-10-02T10:52:49.190+0000] {dag.py:3239} INFO - Sync 1 DAGs
[2026-10-02T10:52:49.206+0000] {logging_mixin.py:190} INFO - [2026-10-02T10:52:49.206+0000] {dag.py:4180} INFO - Setting next_dagrun for my_dag to None, run_after=None
[2026-10-02T10:52:49.222+0000] {processor.py:208} INFO - Processing /opt/airflow/dags/my_tasks.py took 0.064 seconds
[2026-10-02T10:53:19.442+0000] {processor.py:186} INFO - Started process (PID=5758) to work on /opt/airflow/dags/my_tasks.py
[2026-10-02T10:53:19.443+0000] {processor.py:914} INFO - Processing file /opt/airflow/dags/my_tasks.py for tasks to queue
[2026-10-02T10:53:19.445+0000] {logging_mixin.py:190} INFO - [2026-10-02T10:53:19.444+0000] {dagbag.py:588} INFO - Filling up the DagBag from /opt/airflow/dags/my_tasks.py
[2026-10-02T10:53:19.451+0000] {processor.py:925} INFO - DAG(s) 'my_dag' retrieved from /opt/airflow/dags/my_tasks.py
[2026-10-02T10:53:19.469+0000] {logging_mixin.py:190} INFO - [2026-10-02T10:53:19.469+0000] {dag.py:3239} INFO - Sync 1 DAGs
[2026-10-02T10:53:19.484+0000] {logging_mixin.py:190} INFO - [2026-10-02T10:53:19.484+0000] {dag.py:4180} INFO - Setting next_dagrun for my_dag to None, run_after=None
[2026-10-02T10:53:19.498+0000] {processor.py:208} INFO - Processing /opt/airflow/dags/my_tasks.py took 0.060 seconds
[2026-10-02T10:53:49.712+0000] {processor.py:186} INFO - Started process (PID=5769) to work on /opt/airflow/dags/my_tasks.py
[2026-10-02T10:53:49.713+0000] {processor.py:914} INFO - Processing file /opt/airflow/dags/my_tasks.py for tasks to queue
[2026-10-02T10:53:49.715+0000] {logging_mixin.py:190} INFO - [2026-10-02T10:53:49.715+0000] {dagbag.py:588} INFO - Filling up the DagBag from /opt/airflow/dags/my_tasks.py
[2026-10-02T10:53:49.723+0000] {processor.py:925} INFO - DAG(s) 'my_dag' retrieved from /opt/airflow/dags/my_tasks.py
[2026-10-02T10:53:49.741+0000] {logging_mixin.py:190} INFO - [2026-10-02T10:53:49.741+0000] {dag.py:3239} INFO - Sync 1 DAGs
[2026-10-02T10:53:49.756+0000] {logging_mixin.py:190} INFO - [2026-10-02T10:53:49.756+0000] {dag.py:4180} INFO - Setting next_dagrun for my_dag to None, run_after=None
[2026-10-02T10:53:49.770+0000] {processor.py:208} INFO - Processing /opt/airflow/dags/my_tasks.py took 0.062 seconds
[2026-10-02T10:54:19.957+0000] {processor.py:186} INFO - Started process (PID=5780) to work on /opt/airflow/dags/my_tasks.py
[2026-10-02T10:54:19.965+0000] {processor.py:914} INFO - Processing file /opt/airflow/dags/my_tasks.py for tasks to queue
[2026-10-02T10:54:19.967+0000] {logging_mixin.py:190} INFO - [2026-10-02T10:54:19.967+0000] {dagbag.py:588} INFO - Filling up the DagBag from /opt/airflow/dags/my_tasks.py
[2026-10-02T10:54:19.976+0000] {processor.py:925} INFO - DAG(s) 'my_dag' retrieved from /opt/airflow/dags/my_tasks.py
[2026-10-02T10:54:19.996+0000] {logging_mixin.py:190} INFO - [2026-10-02T10:54:19.995+0000] {dag.py:3239} INFO - Sync 1 DAGs
[2026-10-02T10:54:20.012+0000] {logging_mixin.py:190} INFO - [2026-10-02T10:54:20.012+0000] {dag.py:4180} INFO - Setting next_dagrun for my_dag to None, run_after=None
[2026-10-02T10:54:20.027+0000] {processor.py:208} INFO - Processing /opt/airflow/dags/my_tasks.py took 0.073 seconds
[2026-10-02T10:54:50.231+0000] {processor.py:186} INFO - Started process (PID=5791) to work on /opt/airflow/dags/my_tasks.py
[2026-10-02T10:54:50.239+0000] {processor.py:914} INFO - Processing file /opt/airflow/dags/my_tasks.py for tasks to queue
[2026-10-02T10:54:50.241+0000] {logging_mixin.py:190} INFO - [2026-10-02T10:54:50.241+0000] {dagbag.py:588} INFO - Filling up the DagBag from /opt/airflow/dags/my_tasks.py
[2026-10-02T10:54:50.251+0000] {processor.py:925} INFO - DAG(s) 'my_dag' retrieved from /opt/airflow/dags/my_tasks.py
[2026-10-02T10:54:50.270+0000] {logging_mixin.py:190} INFO - [2026-10-02T10:54:50.269+0000] {dag.py:3239} INFO - Sync 1 DAGs
[2026-10-02T10:54:50.286+0000] {logging_mixin.py:190} INFO - [2026-10-02T10:54:50.286+0000] {dag.py:4180} INFO - Setting next_dagrun for my_dag to None, run_after=None
[2026-10-02T10:54:50.299+0000] {processor.py:208} INFO - Processing /opt/airflow/dags/my_tasks.py took 0.072 seconds
[2026-10-02T10:55:20.510+0000] {processor.py:186} INFO - Started process (PID=5802) to work on /opt/airflow/dags/my_tasks.py
[2026-10-02T10:55:20.511+0000] {processor.py:914} INFO - Processing file /opt/airflow/dags/my_tasks.py for tasks to queue
[2026-10-02T10:55:20.513+0000] {logging_mixin.py:190} INFO - [2026-10-02T10:55:20.512+0000] {dagbag.py:588} INFO - Filling up the DagBag from /opt/airflow/dags/my_tasks.py
[2026-10-02T10:55:20.520+0000] {processor.py:925} INFO - DAG(s) 'my_dag' retrieved from /opt/airflow/dags/my_tasks.py
[2026-10-02T10:55:20.538+0000] {logging_mixin.py:190} INFO - [2026-10-02T10:55:20.538+0000] {dag.py:3239} INFO - Sync 1 DAGs
[2026-10-02T10:55:20.556+0000] {logging_mixin.py:190} INFO - [2026-10-02T10:55:20.556+0000] {dag.py:4180} INFO - Setting next_dagrun for my_dag to None, run_after=None
[2026-10-02T10:55:20.570+0000] {processor.py:208} INFO - Processing /opt/airflow/dags/my_tasks.py took 0.064 seconds
[2026-10-02T10:55:50.738+0000] {processor.py:186} INFO - Started process (PID=5813) to work on /opt/airflow/dags/my_tasks.py
[2026-10-02T10:55:50.739+0000] {processor.py:914} INFO - Processing file /opt/airflow/dags/my_tasks.py for tasks to queue
[2026-10-02T10:55:50.740+0000] {logging_mixin.py:190} INFO - [2026-10-02T10:55:50.740+0000] {dagbag.py:588} INFO - Filling up the DagBag from /opt/airflow/dags/my_tasks.py
[2026-10-02T10:55:50.747+0000] {processor.py:925} INFO - DAG(s) 'my_dag' retrieved from /opt/airflow/dags/my_tasks.py
[2026-10-02T10:55:50.765+0000] {logging_mixin.py:190} INFO - [2026-10-02T10:55:50.765+0000] {dag.py:3239} INFO - Sync 1 DAGs
[2026-10-02T10:55:50.780+0000] {logging_mixin.py:190} INFO - [2026-10-02T10:55:50.780+0000] {dag.py:4180} INFO - Setting next_dagrun for my_dag to None, run_after=None
[2026-10-02T10:55:50.794+0000] {processor.py:208} INFO - Processing /opt/airflow/dags/my_tasks.py took 0.060 seconds
[2026-10-02T10:56:20.999+0000] {processor.py:186} INFO - Started process (PID=5824) to work on /opt/airflow/dags/my_tasks.py
[2026-10-02T10:56:21.007+0000] {processor.py:914} INFO - Processing file /opt/airflow/dags/my_tasks.py for tasks to queue
[2026-10-02T10:56:21.009+0000] {logging_mixin.py:190} INFO - [2026-10-02T10:56:21.009+0000] {dagbag.py:588} INFO - Filling up the DagBag from /opt/airflow/dags/my_tasks.py
[2026-10-02T10:56:21.021+0000] {processor.py:925} INFO - DAG(s) 'my_dag' retrieved from /opt/airflow/dags/my_tasks.py
[2026-10-02T10:56:21.038+0000] {logging_mixin.py:190} INFO - [2026-10-02T10:56:21.038+0000] {dag.py:3239} INFO - Sync 1 DAGs
[2026-10-02T10:56:21.055+0000] {logging_mixin.py:190} INFO - [2026-10-02T10:56:21.055+0000] {dag.py:4180} INFO - Setting next_dagrun for my_dag to None, run_after=None
[2026-10-02T10:56:21.069+0000] {processor.py:208} INFO - Processing /opt/airflow/dags/my_tasks.py took 0.073 seconds
[2026-10-02T10:56:51.262+0000] {processor.py:186} INFO - Started process (PID=5835) to work on /opt/airflow/dags/my_tasks.py
[2026-10-02T10:56:51.271+0000] {processor.py:914} INFO - Processing file /opt/airflow/dags/my_tasks.py for tasks to queue
[2026-10-02T10:56:51.274+0000] {logging_mixin.py:190} INFO - [2026-10-02T10:56:51.273+0000] {dagbag.py:588} INFO - Filling up the DagBag from /opt/airflow/dags/my_tasks.py
[2026-10-02T10:56:51.284+0000] {processor.py:925} INFO - DAG(s) 'my_dag' retrieved from /opt/airflow/dags/my_tasks.py
[2026-10-02T10:56:51.307+0000] {logging_mixin.py:190} INFO - [2026-10-02T10:56:51.306+0000] {dag.py:3239} INFO - Sync 1 DAGs
[2026-10-02T10:56:51.327+0000] {logging_mixin.py:190} INFO - [2026-10-02T10:56:51.327+0000] {dag.py:4180} INFO - Setting next_dagrun for my_dag to None, run_after=None
[2026-10-02T10:56:51.345+0000] {processor.py:208} INFO - Processing /opt/airflow/dags/my_tasks.py took 0.087 seconds
[2026-10-02T10:57:21.526+0000] {processor.py:186} INFO - Started process (PID=5846) to work on /opt/airflow/dags/my_tasks.py
[2026-10-02T10:57:21.527+0000] {processor.py:914} INFO - Processing file /opt/airflow/dags/my_tasks.py for tasks to queue
[2026-10-02T10:57:21.528+0000] {logging_mixin.py:190} INFO - [2026-10-02T10:57:21.528+0000] {dagbag.py:588} INFO - Filling up the DagBag from /opt/airflow/dags/my_tasks.py
[2026-10-02T10:57:21.535+0000] {processor.py:925} INFO - DAG(s) 'my_dag' retrieved from /opt/airflow/dags/my_tasks.py
[2026-10-02T10:57:21.555+0000] {logging_mixin.py:190} INFO - [2026-10-02T10:57:21.555+0000] {dag.py:3239} INFO - Sync 1 DAGs
[2026-10-02T10:57:21.573+0000] {logging_mixin.py:190} INFO - [2026-10-02T10:57:21.573+0000] {dag.py:4180} INFO - Setting next_dagrun for my_dag to None, run_after=None
[2026-10-02T10:57:21.589+0000] {processor.py:208} INFO - Processing /opt/airflow/dags/my_tasks.py took 0.067 seconds
[2026-10-02T10:57:51.797+0000] {processor.py:186} INFO - Started process (PID=5857) to work on /opt/airflow/dags/my_tasks.py
[2026-10-02T10:57:51.805+0000] {processor.py:914} INFO - Processing file /opt/airflow/dags/my_tasks.py for tasks to queue
[2026-10-02T10:57:51.808+0000] {logging_mixin.py:190} INFO - [2026-10-02T10:57:51.808+0000] {dagbag.py:588} INFO - Filling up the DagBag from /opt/airflow/dags/my_tasks.py
[2026-10-02T10:57:51.818+0000] {processor.py:925} INFO - DAG(s) 'my_dag' retrieved from /opt/airflow/dags/my_tasks.py
[2026-10-02T10:57:51.839+0000] {logging_mixin.py:190} INFO - [2026-10-02T10:57:51.838+0000] {dag.py:3239} INFO - Sync 1 DAGs
[2026-10-02T10:57:51.854+0000] {logging_mixin.py:190} INFO - [2026-10-02T10:57:51.854+0000] {dag.py:4180} INFO - Setting next_dagrun for my_dag to None, run_after=None
[2026-10-02T10:57:51.868+0000] {processor.py:208} INFO - Processing /opt/airflow/dags/my_tasks.py took 0.076 seconds
[2026-10-02T10:58:22.086+0000] {processor.py:186} INFO - Started process (PID=5868) to work on /opt/airflow/dags/my_tasks.py
[2026-10-02T10:58:22.088+0000] {processor.py:914} INFO - Processing file /opt/airflow/dags/my_tasks.py for tasks to queue
[2026-10-02T10:58:22.089+0000] {logging_mixin.py:190} INFO - [2026-10-02T10:58:22.089+0000] {dagbag.py:588} INFO - Filling up the DagBag from /opt/airflow/dags/my_tasks.py
[2026-10-02T10:58:22.096+0000] {processor.py:925} INFO - DAG(s) 'my_dag' retrieved from /opt/airflow/dags/my_tasks.py
[2026-10-02T10:58:22.114+0000] {logging_mixin.py:190} INFO - [2026-10-02T10:58:22.114+0000] {dag.py:3239} INFO - Sync 1 DAGs
[2026-10-02T10:58:22.130+0000] {logging_mixin.py:190} INFO - [2026-10-02T10:58:22.130+0000] {dag.py:4180} INFO - Setting next_dagrun for my_dag to None, run_after=None
[2026-10-02T10:58:22.148+0000] {processor.py:208} INFO - Processing /opt/airflow/dags/my_tasks.py took 0.067 seconds
[2026-10-02T10:58:52.355+0000] {processor.py:186} INFO - Started process (PID=5879) to work on /opt/airflow/dags/my_tasks.py
[2026-10-02T10:58:52.363+0000] {processor.py:914} INFO - Processing file /opt/airflow/dags/my_tasks.py for tasks to queue
[2026-10-02T10:58:52.365+0000] {logging_mixin.py:190} INFO - [2026-10-02T10:58:52.365+0000] {dagbag.py:588} INFO - Filling up the DagBag from /opt/airflow/dags/my_tasks.py
[2026-10-02T10:58:52.372+0000] {processor.py:925} INFO - DAG(s) 'my_dag' retrieved from /opt/airflow/dags/my_tasks.py
[2026-10-02T10:58:52.390+0000] {logging_mixin.py:190} INFO - [2026-10-02T10:58:52.389+0000] {dag.py:3239} INFO - Sync 1 DAGs
[2026-10-02T10:58:52.407+0000] {logging_mixin.py:190} INFO - [2026-10-02T10:58:52.407+0000] {dag.py:4180} INFO - Setting next_dagrun for my_dag to None, run_after=None
[2026-10-02T10:58:52.422+0000] {processor.py:208} INFO - Processing /opt/airflow/dags/my_tasks.py took 0.072 seconds
[2026-10-02T10:59:22.633+0000] {processor.py:186} INFO - Started process (PID=5890) to work on /opt/airflow/dags/my_tasks.py
[2026-10-02T10:59:22.634+0000] {processor.py:914} INFO - Processing file /opt/airflow/dags/my_tasks.py for tasks to queue
[2026-10-02T10:59:22.636+0000] {logging_mixin.py:190} INFO - [2026-10-02T10:59:22.635+0000] {dagbag.py:588} INFO - Filling up the DagBag from /opt/airflow/dags/my_tasks.py
[2026-10-02T10:59:22.643+0000] {processor.py:925} INFO - DAG(s) 'my_dag' retrieved from /opt/airflow/dags/my_tasks.py
[2026-10-02T10:59:22.660+0000] {logging_mixin.py:190} INFO - [2026-10-02T10:59:22.660+0000] {dag.py:3239} INFO - Sync 1 DAGs
[2026-10-02T10:59:22.675+0000] {logging_mixin.py:190} INFO - [2026-10-02T10:59:22.675+0000] {dag.py:4180} INFO - Setting next_dagrun for my_dag to None, run_after=None
[2026-10-02T10:59:22.689+0000] {processor.py:208} INFO - Processing /opt/airflow/dags/my_tasks.py took 0.061 seconds
[2026-10-02T10:59:52.910+0000] {processor.py:186} INFO - Started process (PID=5901) to work on /opt/airflow/dags/my_tasks.py
[2026-10-02T10:59:52.918+0000] {processor.py:914} INFO - Processing file /opt/airflow/dags/my_tasks.py for tasks to queue
[2026-10-02T10:59:52.920+0000] {logging_mixin.py:190} INFO - [2026-10-02T10:59:52.920+0000] {dagbag.py:588} INFO - Filling up the DagBag from /opt/airflow/dags/my_tasks.py
[2026-10-02T10:59:52.930+0000] {processor.py:925} INFO - DAG(s) 'my_dag' retrieved from /opt/airflow/dags/my_tasks.py
[2026-10-02T10:59:52.947+0000] {logging_mixin.py:190} INFO - [2026-10-02T10:59:52.947+0000] {dag.py:3239} INFO - Sync 1 DAGs
[2026-10-02T10:59:52.963+0000] {logging_mixin.py:190} INFO - [2026-10-02T10:59:52.963+0000] {dag.py:4180} INFO - Setting next_dagrun for my_dag to None, run_after=None
[2026-10-02T10:59:52.977+0000] {processor.py:208} INFO - Processing /opt/airflow/dags/my_tasks.py took 0.071 seconds
[2026-10-02T11:00:23.183+0000] {processor.py:186} INFO - Started process (PID=5912) to work on /opt/airflow/dags/my_tasks.py
[2026-10-02T11:00:23.183+0000] {processor.py:914} INFO - Processing file /opt/airflow/dags/my_tasks.py for tasks to queue
[2026-10-02T11:00:23.185+0000] {logging_mixin.py:190} INFO - [2026-10-02T11:00:23.185+0000] {dagbag.py:588} INFO - Filling up the DagBag from /opt/airflow/dags/my_tasks.py
[2026-10-02T11:00:23.192+0000] {processor.py:925} INFO - DAG(s) 'my_dag' retrieved from /opt/airflow/dags/my_tasks.py
[2026-10-02T11:00:23.212+0000] {logging_mixin.py:190} INFO - [2026-10-02T11:00:23.212+0000] {dag.py:3239} INFO - Sync 1 DAGs
[2026-10-02T11:00:23.230+0000] {logging_mixin.py:190} INFO - [2026-10-02T11:00:23.229+0000] {dag.py:4180} INFO - Setting next_dagrun for my_dag to None, run_after=None
[2026-10-02T11:00:23.247+0000] {processor.py:208} INFO - Processing /opt/airflow/dags/my_tasks.py took 0.069 seconds
[2026-10-02T11:00:53.458+0000] {processor.py:186} INFO - Started process (PID=5923) to work on /opt/airflow/dags/my_tasks.py
[2026-10-02T11:00:53.465+0000] {processor.py:914} INFO - Processing file /opt/airflow/dags/my_tasks.py for tasks to queue
[2026-10-02T11:00:53.469+0000] {logging_mixin.py:190} INFO - [2026-10-02T11:00:53.469+0000] {dagbag.py:588} INFO - Filling up the DagBag from /opt/airflow/dags/my_tasks.py
[2026-10-02T11:00:53.480+0000] {processor.py:925} INFO - DAG(s) 'my_dag' retrieved from /opt/airflow/dags/my_tasks.py
[2026-10-02T11:00:53.497+0000] {logging_mixin.py:190} INFO - [2026-10-02T11:00:53.497+0000] {dag.py:3239} INFO - Sync 1 DAGs
[2026-10-02T11:00:53.512+0000] {logging_mixin.py:190} INFO - [2026-10-02T11:00:53.512+0000] {dag.py:4180} INFO - Setting next_dagrun for my_dag to None, run_after=None
[2026-10-02T11:00:53.526+0000] {processor.py:208} INFO - Processing /opt/airflow/dags/my_tasks.py took 0.072 seconds
[2026-10-02T11:01:23.747+0000] {processor.py:186} INFO - Started process (PID=5934) to work on /opt/airflow/dags/my_tasks.py
[2026-10-02T11:01:23.754+0000] {processor.py:914} INFO - Processing file /opt/airflow/dags/my_tasks.py for tasks to queue
[2026-10-02T11:01:23.755+0000] {logging_mixin.py:190} INFO - [2026-10-02T11:01:23.755+0000] {dagbag.py:588} INFO - Filling up the DagBag from /opt/airflow/dags/my_tasks.py
[2026-10-02T11:01:23.762+0000] {processor.py:925} INFO - DAG(s) 'my_dag' retrieved from /opt/airflow/dags/my_tasks.py
[2026-10-02T11:01:23.782+0000] {logging_mixin.py:190} INFO - [2026-10-02T11:01:23.782+0000] {dag.py:3239} INFO - Sync 1 DAGs
[2026-10-02T11:01:23.800+0000] {logging_mixin.py:190} INFO - [2026-10-02T11:01:23.799+0000] {dag.py:4180} INFO - Setting next_dagrun for my_dag to None, run_after=None
[2026-10-02T11:01:23.817+0000] {processor.py:208} INFO - Processing /opt/airflow/dags/my_tasks.py took 0.074 seconds
[2026-10-02T11:01:54.007+0000] {processor.py:186} INFO - Started process (PID=5945) to work on /opt/airflow/dags/my_tasks.py
[2026-10-02T11:01:54.015+0000] {processor.py:914} INFO - Processing file /opt/airflow/dags/my_tasks.py for tasks to queue
[2026-10-02T11:01:54.017+0000] {logging_mixin.py:190} INFO - [2026-10-02T11:01:54.017+0000] {dagbag.py:588} INFO - Filling up the DagBag from /opt/airflow/dags/my_tasks.py
[2026-10-02T11:01:54.026+0000] {processor.py:925} INFO - DAG(s) 'my_dag' retrieved from /opt/airflow/dags/my_tasks.py
[2026-10-02T11:01:54.045+0000] {logging_mixin.py:190} INFO - [2026-10-02T11:01:54.045+0000] {dag.py:3239} INFO - Sync 1 DAGs
[2026-10-02T11:01:54.061+0000] {logging_mixin.py:190} INFO - [2026-10-02T11:01:54.061+0000] {dag.py:4180} INFO - Setting next_dagrun for my_dag to None, run_after=None
[2026-10-02T11:01:54.078+0000] {processor.py:208} INFO - Processing /opt/airflow/dags/my_tasks.py took 0.074 seconds
[2026-10-02T11:02:24.275+0000] {processor.py:186} INFO - Started process (PID=5956) to work on /opt/airflow/dags/my_tasks.py
[2026-10-02T11:02:24.276+0000] {processor.py:914} INFO - Processing file /opt/airflow/dags/my_tasks.py for tasks to queue
[2026-10-02T11:02:24.278+0000] {logging_mixin.py:190} INFO - [2026-10-02T11:02:24.278+0000] {dagbag.py:588} INFO - Filling up the DagBag from /opt/airflow/dags/my_tasks.py
[2026-10-02T11:02:24.287+0000] {processor.py:925} INFO - DAG(s) 'my_dag' retrieved from /opt/airflow/dags/my_tasks.py
[2026-10-02T11:02:24.317+0000] {logging_mixin.py:190} INFO - [2026-10-02T11:02:24.317+0000] {dag.py:3239} INFO - Sync 1 DAGs
[2026-10-02T11:02:24.347+0000] {logging_mixin.py:190} INFO - [2026-10-02T11:02:24.346+0000] {dag.py:4180} INFO - Setting next_dagrun for my_dag to None, run_after=None
[2026-10-02T11:02:24.372+0000] {processor.py:208} INFO - Processing /opt/airflow/dags/my_tasks.py took 0.103 seconds
[2026-10-02T11:02:54.537+0000] {processor.py:186} INFO - Started process (PID=5973) to work on /opt/airflow/dags/my_tasks.py
[2026-10-02T11:02:54.545+0000] {processor.py:914} INFO - Processing file /opt/airflow/dags/my_tasks.py for tasks to queue
[2026-10-02T11:02:54.547+0000] {logging_mixin.py:190} INFO - [2026-10-02T11:02:54.547+0000] {dagbag.py:588} INFO - Filling up the DagBag from /opt/airflow/dags/my_tasks.py
[2026-10-02T11:02:54.555+0000] {processor.py:925} INFO - DAG(s) 'my_dag' retrieved from /opt/airflow/dags/my_tasks.py
[2026-10-02T11:02:54.572+0000] {logging_mixin.py:190} INFO - [2026-10-02T11:02:54.572+0000] {dag.py:3239} INFO - Sync 1 DAGs
[2026-10-02T11:02:54.587+0000] {logging_mixin.py:190} INFO - [2026-10-02T11:02:54.587+0000] {dag.py:4180} INFO - Setting next_dagrun for my_dag to None, run_after=None
[2026-10-02T11:02:54.601+0000] {processor.py:208} INFO - Processing /opt/airflow/dags/my_tasks.py took 0.068 seconds
[2026-10-02T11:03:24.826+0000] {processor.py:186} INFO - Started process (PID=5984) to work on /opt/airflow/dags/my_tasks.py
[2026-10-02T11:03:24.834+0000] {processor.py:914} INFO - Processing file /opt/airflow/dags/my_tasks.py for tasks to queue
[2026-10-02T11:03:24.836+0000] {logging_mixin.py:190} INFO - [2026-10-02T11:03:24.836+0000] {dagbag.py:588} INFO - Filling up the DagBag from /opt/airflow/dags/my_tasks.py
[2026-10-02T11:03:24.844+0000] {processor.py:925} INFO - DAG(s) 'my_dag' retrieved from /opt/airflow/dags/my_tasks.py
[2026-10-02T11:03:24.862+0000] {logging_mixin.py:190} INFO - [2026-10-02T11:03:24.862+0000] {dag.py:3239} INFO - Sync 1 DAGs
[2026-10-02T11:03:24.878+0000] {logging_mixin.py:190} INFO - [2026-10-02T11:03:24.878+0000] {dag.py:4180} INFO - Setting next_dagrun for my_dag to None, run_after=None
[2026-10-02T11:03:24.894+0000] {processor.py:208} INFO - Processing /opt/airflow/dags/my_tasks.py took 0.073 seconds
[2026-10-02T11:03:55.084+0000] {processor.py:186} INFO - Started process (PID=5995) to work on /opt/airflow/dags/my_tasks.py
[2026-10-02T11:03:55.085+0000] {processor.py:914} INFO - Processing file /opt/airflow/dags/my_tasks.py for tasks to queue
[2026-10-02T11:03:55.087+0000] {logging_mixin.py:190} INFO - [2026-10-02T11:03:55.087+0000] {dagbag.py:588} INFO - Filling up the DagBag from /opt/airflow/dags/my_tasks.py
[2026-10-02T11:03:55.095+0000] {processor.py:925} INFO - DAG(s) 'my_dag' retrieved from /opt/airflow/dags/my_tasks.py
[2026-10-02T11:03:55.115+0000] {logging_mixin.py:190} INFO - [2026-10-02T11:03:55.115+0000] {dag.py:3239} INFO - Sync 1 DAGs
[2026-10-02T11:03:55.133+0000] {logging_mixin.py:190} INFO - [2026-10-02T11:03:55.133+0000] {dag.py:4180} INFO - Setting next_dagrun for my_dag to None, run_after=None
[2026-10-02T11:03:55.155+0000] {processor.py:208} INFO - Processing /opt/airflow/dags/my_tasks.py took 0.075 seconds
[2026-10-02T11:04:25.352+0000] {processor.py:186} INFO - Started process (PID=6006) to work on /opt/airflow/dags/my_tasks.py
[2026-10-02T11:04:25.360+0000] {processor.py:914} INFO - Processing file /opt/airflow/dags/my_tasks.py for tasks to queue
[2026-10-02T11:04:25.363+0000] {logging_mixin.py:190} INFO - [2026-10-02T11:04:25.363+0000] {dagbag.py:588} INFO - Filling up the DagBag from /opt/airflow/dags/my_tasks.py
[2026-10-02T11:04:25.373+0000] {processor.py:925} INFO - DAG(s) 'my_dag' retrieved from /opt/airflow/dags/my_tasks.py
[2026-10-02T11:04:25.394+0000] {logging_mixin.py:190} INFO - [2026-10-02T11:04:25.394+0000] {dag.py:3239} INFO - Sync 1 DAGs
[2026-10-02T11:04:25.409+0000] {logging_mixin.py:190} INFO - [2026-10-02T11:04:25.409+0000] {dag.py:4180} INFO - Setting next_dagrun for my_dag to None, run_after=None
[2026-10-02T11:04:25.423+0000] {processor.py:208} INFO - Processing /opt/airflow/dags/my_tasks.py took 0.075 seconds
[2026-10-02T11:04:55.630+0000] {processor.py:186} INFO - Started process (PID=6017) to work on /opt/airflow/dags/my_tasks.py
[2026-10-02T11:04:55.630+0000] {processor.py:914} INFO - Processing file /opt/airflow/dags/my_tasks.py for tasks to queue
[2026-10-02T11:04:55.632+0000] {logging_mixin.py:190} INFO - [2026-10-02T11:04:55.632+0000] {dagbag.py:588} INFO - Filling up the DagBag from /opt/airflow/dags/my_tasks.py
[2026-10-02T11:04:55.641+0000] {processor.py:925} INFO - DAG(s) 'my_dag' retrieved from /opt/airflow/dags/my_tasks.py
[2026-10-02T11:04:55.663+0000] {logging_mixin.py:190} INFO - [2026-10-02T11:04:55.663+0000] {dag.py:3239} INFO - Sync 1 DAGs
[2026-10-02T11:04:55.682+0000] {logging_mixin.py:190} INFO - [2026-10-02T11:04:55.681+0000] {dag.py:4180} INFO - Setting next_dagrun for my_dag to None, run_after=None
[2026-10-02T11:04:55.699+0000] {processor.py:208} INFO - Processing /opt/airflow/dags/my_tasks.py took 0.073 seconds
[2026-10-02T11:05:25.915+0000] {processor.py:186} INFO - Started process (PID=6028) to work on /opt/airflow/dags/my_tasks.py
[2026-10-02T11:05:25.915+0000] {processor.py:914} INFO - Processing file /opt/airflow/dags/my_tasks.py for tasks to queue
[2026-10-02T11:05:25.917+0000] {logging_mixin.py:190} INFO - [2026-10-02T11:05:25.917+0000] {dagbag.py:588} INFO - Filling up the DagBag from /opt/airflow/dags/my_tasks.py
[2026-10-02T11:05:25.924+0000] {processor.py:925} INFO - DAG(s) 'my_dag' retrieved from /opt/airflow/dags/my_tasks.py
[2026-10-02T11:05:25.940+0000] {logging_mixin.py:190} INFO - [2026-10-02T11:05:25.940+0000] {dag.py:3239} INFO - Sync 1 DAGs
[2026-10-02T11:05:25.956+0000] {logging_mixin.py:190} INFO - [2026-10-02T11:05:25.956+0000] {dag.py:4180} INFO - Setting next_dagrun for my_dag to None, run_after=None
[2026-10-02T11:05:25.970+0000] {processor.py:208} INFO - Processing /opt/airflow/dags/my_tasks.py took 0.061 seconds
[2026-10-02T11:05:56.188+0000] {processor.py:186} INFO - Started process (PID=6039) to work on /opt/airflow/dags/my_tasks.py
[2026-10-02T11:05:56.195+0000] {processor.py:914} INFO - Processing file /opt/airflow/dags/my_tasks.py for tasks to queue
[2026-10-02T11:05:56.197+0000] {logging_mixin.py:190} INFO - [2026-10-02T11:05:56.197+0000] {dagbag.py:588} INFO - Filling up the DagBag from /opt/airflow/dags/my_tasks.py
[2026-10-02T11:05:56.204+0000] {processor.py:925} INFO - DAG(s) 'my_dag' retrieved from /opt/airflow/dags/my_tasks.py
[2026-10-02T11:05:56.227+0000] {logging_mixin.py:190} INFO - [2026-10-02T11:05:56.227+0000] {dag.py:3239} INFO - Sync 1 DAGs
[2026-10-02T11:05:56.244+0000] {logging_mixin.py:190} INFO - [2026-10-02T11:05:56.244+0000] {dag.py:4180} INFO - Setting next_dagrun for my_dag to None, run_after=None
[2026-10-02T11:05:56.260+0000] {processor.py:208} INFO - Processing /opt/airflow/dags/my_tasks.py took 0.077 seconds
[2026-10-02T11:06:26.437+0000] {processor.py:186} INFO - Started process (PID=6050) to work on /opt/airflow/dags/my_tasks.py
[2026-10-02T11:06:26.445+0000] {processor.py:914} INFO - Processing file /opt/airflow/dags/my_tasks.py for tasks to queue
[2026-10-02T11:06:26.448+0000] {logging_mixin.py:190} INFO - [2026-10-02T11:06:26.448+0000] {dagbag.py:588} INFO - Filling up the DagBag from /opt/airflow/dags/my_tasks.py
[2026-10-02T11:06:26.456+0000] {processor.py:925} INFO - DAG(s) 'my_dag' retrieved from /opt/airflow/dags/my_tasks.py
[2026-10-02T11:06:26.473+0000] {logging_mixin.py:190} INFO - [2026-10-02T11:06:26.473+0000] {dag.py:3239} INFO - Sync 1 DAGs
[2026-10-02T11:06:26.488+0000] {logging_mixin.py:190} INFO - [2026-10-02T11:06:26.488+0000] {dag.py:4180} INFO - Setting next_dagrun for my_dag to None, run_after=None
[2026-10-02T11:06:26.502+0000] {processor.py:208} INFO - Processing /opt/airflow/dags/my_tasks.py took 0.069 seconds
[2026-10-02T11:06:56.727+0000] {processor.py:186} INFO - Started process (PID=6061) to work on /opt/airflow/dags/my_tasks.py
[2026-10-02T11:06:56.728+0000] {processor.py:914} INFO - Processing file /opt/airflow/dags/my_tasks.py for tasks to queue
[2026-10-02T11:06:56.729+0000] {logging_mixin.py:190} INFO - [2026-10-02T11:06:56.729+0000] {dagbag.py:588} INFO - Filling up the DagBag from /opt/airflow/dags/my_tasks.py
[2026-10-02T11:06:56.735+0000] {processor.py:925} INFO - DAG(s) 'my_dag' retrieved from /opt/airflow/dags/my_tasks.py
[2026-10-02T11:06:56.752+0000] {logging_mixin.py:190} INFO - [2026-10-02T11:06:56.752+0000] {dag.py:3239} INFO - Sync 1 DAGs
[2026-10-02T11:06:56.769+0000] {logging_mixin.py:190} INFO - [2026-10-02T11:06:56.768+0000] {dag.py:4180} INFO - Setting next_dagrun for my_dag to None, run_after=None
[2026-10-02T11:06:56.782+0000] {processor.py:208} INFO - Processing /opt/airflow/dags/my_tasks.py took 0.059 seconds
[2026-10-02T11:07:26.990+0000] {processor.py:186} INFO - Started process (PID=6072) to work on /opt/airflow/dags/my_tasks.py
[2026-10-02T11:07:26.998+0000] {processor.py:914} INFO - Processing file /opt/airflow/dags/my_tasks.py for tasks to queue
[2026-10-02T11:07:27.000+0000] {logging_mixin.py:190} INFO - [2026-10-02T11:07:27.000+0000] {dagbag.py:588} INFO - Filling up the DagBag from /opt/airflow/dags/my_tasks.py
[2026-10-02T11:07:27.007+0000] {processor.py:925} INFO - DAG(s) 'my_dag' retrieved from /opt/airflow/dags/my_tasks.py
[2026-10-02T11:07:27.025+0000] {logging_mixin.py:190} INFO - [2026-10-02T11:07:27.025+0000] {dag.py:3239} INFO - Sync 1 DAGs
[2026-10-02T11:07:27.042+0000] {logging_mixin.py:190} INFO - [2026-10-02T11:07:27.042+0000] {dag.py:4180} INFO - Setting next_dagrun for my_dag to None, run_after=None
[2026-10-02T11:07:27.057+0000] {processor.py:208} INFO - Processing /opt/airflow/dags/my_tasks.py took 0.073 seconds
[2026-10-02T11:07:57.262+0000] {processor.py:186} INFO - Started process (PID=6083) to work on /opt/airflow/dags/my_tasks.py
[2026-10-02T11:07:57.262+0000] {processor.py:914} INFO - Processing file /opt/airflow/dags/my_tasks.py for tasks to queue
[2026-10-02T11:07:57.265+0000] {logging_mixin.py:190} INFO - [2026-10-02T11:07:57.265+0000] {dagbag.py:588} INFO - Filling up the DagBag from /opt/airflow/dags/my_tasks.py
[2026-10-02T11:07:57.272+0000] {processor.py:925} INFO - DAG(s) 'my_dag' retrieved from /opt/airflow/dags/my_tasks.py
[2026-10-02T11:07:57.290+0000] {logging_mixin.py:190} INFO - [2026-10-02T11:07:57.290+0000] {dag.py:3239} INFO - Sync 1 DAGs
[2026-10-02T11:07:57.304+0000] {logging_mixin.py:190} INFO - [2026-10-02T11:07:57.304+0000] {dag.py:4180} INFO - Setting next_dagrun for my_dag to None, run_after=None
[2026-10-02T11:07:57.321+0000] {processor.py:208} INFO - Processing /opt/airflow/dags/my_tasks.py took 0.064 seconds
[2026-10-02T11:08:27.524+0000] {processor.py:186} INFO - Started process (PID=6094) to work on /opt/airflow/dags/my_tasks.py
[2026-10-02T11:08:27.532+0000] {processor.py:914} INFO - Processing file /opt/airflow/dags/my_tasks.py for tasks to queue
[2026-10-02T11:08:27.534+0000] {logging_mixin.py:190} INFO - [2026-10-02T11:08:27.534+0000] {dagbag.py:588} INFO - Filling up the DagBag from /opt/airflow/dags/my_tasks.py
[2026-10-02T11:08:27.542+0000] {processor.py:925} INFO - DAG(s) 'my_dag' retrieved from /opt/airflow/dags/my_tasks.py
[2026-10-02T11:08:27.562+0000] {logging_mixin.py:190} INFO - [2026-10-02T11:08:27.562+0000] {dag.py:3239} INFO - Sync 1 DAGs
[2026-10-02T11:08:27.577+0000] {logging_mixin.py:190} INFO - [2026-10-02T11:08:27.577+0000] {dag.py:4180} INFO - Setting next_dagrun for my_dag to None, run_after=None
[2026-10-02T11:08:27.591+0000] {processor.py:208} INFO - Processing /opt/airflow/dags/my_tasks.py took 0.071 seconds
[2026-10-02T11:08:57.786+0000] {processor.py:186} INFO - Started process (PID=6105) to work on /opt/airflow/dags/my_tasks.py
[2026-10-02T11:08:57.787+0000] {processor.py:914} INFO - Processing file /opt/airflow/dags/my_tasks.py for tasks to queue
[2026-10-02T11:08:57.789+0000] {logging_mixin.py:190} INFO - [2026-10-02T11:08:57.789+0000] {dagbag.py:588} INFO - Filling up the DagBag from /opt/airflow/dags/my_tasks.py
[2026-10-02T11:08:57.795+0000] {processor.py:925} INFO - DAG(s) 'my_dag' retrieved from /opt/airflow/dags/my_tasks.py
[2026-10-02T11:08:57.815+0000] {logging_mixin.py:190} INFO - [2026-10-02T11:08:57.814+0000] {dag.py:3239} INFO - Sync 1 DAGs
[2026-10-02T11:08:57.834+0000] {logging_mixin.py:190} INFO - [2026-10-02T11:08:57.834+0000] {dag.py:4180} INFO - Setting next_dagrun for my_dag to None, run_after=None
[2026-10-02T11:08:57.854+0000] {processor.py:208} INFO - Processing /opt/airflow/dags/my_tasks.py took 0.071 seconds
[2026-10-02T11:09:28.077+0000] {processor.py:186} INFO - Started process (PID=6116) to work on /opt/airflow/dags/my_tasks.py
[2026-10-02T11:09:28.086+0000] {processor.py:914} INFO - Processing file /opt/airflow/dags/my_tasks.py for tasks to queue
[2026-10-02T11:09:28.088+0000] {logging_mixin.py:190} INFO - [2026-10-02T11:09:28.088+0000] {dagbag.py:588} INFO - Filling up the DagBag from /opt/airflow/dags/my_tasks.py
[2026-10-02T11:09:28.097+0000] {processor.py:925} INFO - DAG(s) 'my_dag' retrieved from /opt/airflow/dags/my_tasks.py
[2026-10-02T11:09:28.122+0000] {logging_mixin.py:190} INFO - [2026-10-02T11:09:28.122+0000] {dag.py:3239} INFO - Sync 1 DAGs
[2026-10-02T11:09:28.138+0000] {logging_mixin.py:190} INFO - [2026-10-02T11:09:28.138+0000] {dag.py:4180} INFO - Setting next_dagrun for my_dag to None, run_after=None
[2026-10-02T11:09:28.151+0000] {processor.py:208} INFO - Processing /opt/airflow/dags/my_tasks.py took 0.079 seconds
[2026-10-02T11:09:58.355+0000] {processor.py:186} INFO - Started process (PID=6127) to work on /opt/airflow/dags/my_tasks.py
[2026-10-02T11:09:58.356+0000] {processor.py:914} INFO - Processing file /opt/airflow/dags/my_tasks.py for tasks to queue
[2026-10-02T11:09:58.357+0000] {logging_mixin.py:190} INFO - [2026-10-02T11:09:58.357+0000] {dagbag.py:588} INFO - Filling up the DagBag from /opt/airflow/dags/my_tasks.py
[2026-10-02T11:09:58.364+0000] {processor.py:925} INFO - DAG(s) 'my_dag' retrieved from /opt/airflow/dags/my_tasks.py
[2026-10-02T11:09:58.381+0000] {logging_mixin.py:190} INFO - [2026-10-02T11:09:58.381+0000] {dag.py:3239} INFO - Sync 1 DAGs
[2026-10-02T11:09:58.396+0000] {logging_mixin.py:190} INFO - [2026-10-02T11:09:58.396+0000] {dag.py:4180} INFO - Setting next_dagrun for my_dag to None, run_after=None
[2026-10-02T11:09:58.410+0000] {processor.py:208} INFO - Processing /opt/airflow/dags/my_tasks.py took 0.060 seconds
[2026-10-02T11:10:28.641+0000] {processor.py:186} INFO - Started process (PID=6138) to work on /opt/airflow/dags/my_tasks.py
[2026-10-02T11:10:28.649+0000] {processor.py:914} INFO - Processing file /opt/airflow/dags/my_tasks.py for tasks to queue
[2026-10-02T11:10:28.651+0000] {logging_mixin.py:190} INFO - [2026-10-02T11:10:28.651+0000] {dagbag.py:588} INFO - Filling up the DagBag from /opt/airflow/dags/my_tasks.py
[2026-10-02T11:10:28.659+0000] {processor.py:925} INFO - DAG(s) 'my_dag' retrieved from /opt/airflow/dags/my_tasks.py
[2026-10-02T11:10:28.677+0000] {logging_mixin.py:190} INFO - [2026-10-02T11:10:28.677+0000] {dag.py:3239} INFO - Sync 1 DAGs
[2026-10-02T11:10:28.694+0000] {logging_mixin.py:190} INFO - [2026-10-02T11:10:28.694+0000] {dag.py:4180} INFO - Setting next_dagrun for my_dag to None, run_after=None
[2026-10-02T11:10:28.709+0000] {processor.py:208} INFO - Processing /opt/airflow/dags/my_tasks.py took 0.072 seconds
[2026-10-02T11:10:58.908+0000] {processor.py:186} INFO - Started process (PID=6149) to work on /opt/airflow/dags/my_tasks.py
[2026-10-02T11:10:58.909+0000] {processor.py:914} INFO - Processing file /opt/airflow/dags/my_tasks.py for tasks to queue
[2026-10-02T11:10:58.910+0000] {logging_mixin.py:190} INFO - [2026-10-02T11:10:58.910+0000] {dagbag.py:588} INFO - Filling up the DagBag from /opt/airflow/dags/my_tasks.py
[2026-10-02T11:10:58.918+0000] {processor.py:925} INFO - DAG(s) 'my_dag' retrieved from /opt/airflow/dags/my_tasks.py
[2026-10-02T11:10:58.937+0000] {logging_mixin.py:190} INFO - [2026-10-02T11:10:58.936+0000] {dag.py:3239} INFO - Sync 1 DAGs
[2026-10-02T11:10:58.953+0000] {logging_mixin.py:190} INFO - [2026-10-02T11:10:58.952+0000] {dag.py:4180} INFO - Setting next_dagrun for my_dag to None, run_after=None
[2026-10-02T11:10:58.967+0000] {processor.py:208} INFO - Processing /opt/airflow/dags/my_tasks.py took 0.063 seconds
[2026-10-02T11:11:29.173+0000] {processor.py:186} INFO - Started process (PID=6160) to work on /opt/airflow/dags/my_tasks.py
[2026-10-02T11:11:29.181+0000] {processor.py:914} INFO - Processing file /opt/airflow/dags/my_tasks.py for tasks to queue
[2026-10-02T11:11:29.184+0000] {logging_mixin.py:190} INFO - [2026-10-02T11:11:29.184+0000] {dagbag.py:588} INFO - Filling up the DagBag from /opt/airflow/dags/my_tasks.py
[2026-10-02T11:11:29.193+0000] {processor.py:925} INFO - DAG(s) 'my_dag' retrieved from /opt/airflow/dags/my_tasks.py
[2026-10-02T11:11:29.210+0000] {logging_mixin.py:190} INFO - [2026-10-02T11:11:29.210+0000] {dag.py:3239} INFO - Sync 1 DAGs
[2026-10-02T11:11:29.225+0000] {logging_mixin.py:190} INFO - [2026-10-02T11:11:29.225+0000] {dag.py:4180} INFO - Setting next_dagrun for my_dag to None, run_after=None
[2026-10-02T11:11:29.245+0000] {processor.py:208} INFO - Processing /opt/airflow/dags/my_tasks.py took 0.076 seconds
[2026-10-02T11:11:59.423+0000] {processor.py:186} INFO - Started process (PID=6171) to work on /opt/airflow/dags/my_tasks.py
[2026-10-02T11:11:59.431+0000] {processor.py:914} INFO - Processing file /opt/airflow/dags/my_tasks.py for tasks to queue
[2026-10-02T11:11:59.434+0000] {logging_mixin.py:190} INFO - [2026-10-02T11:11:59.433+0000] {dagbag.py:588} INFO - Filling up the DagBag from /opt/airflow/dags/my_tasks.py
[2026-10-02T11:11:59.443+0000] {processor.py:925} INFO - DAG(s) 'my_dag' retrieved from /opt/airflow/dags/my_tasks.py
[2026-10-02T11:11:59.460+0000] {logging_mixin.py:190} INFO - [2026-10-02T11:11:59.460+0000] {dag.py:3239} INFO - Sync 1 DAGs
[2026-10-02T11:11:59.475+0000] {logging_mixin.py:190} INFO - [2026-10-02T11:11:59.475+0000] {dag.py:4180} INFO - Setting next_dagrun for my_dag to None, run_after=None
[2026-10-02T11:11:59.489+0000] {processor.py:208} INFO - Processing /opt/airflow/dags/my_tasks.py took 0.070 seconds
[2026-10-02T11:12:29.692+0000] {processor.py:186} INFO - Started process (PID=6182) to work on /opt/airflow/dags/my_tasks.py
[2026-10-02T11:12:29.699+0000] {processor.py:914} INFO - Processing file /opt/airflow/dags/my_tasks.py for tasks to queue
[2026-10-02T11:12:29.701+0000] {logging_mixin.py:190} INFO - [2026-10-02T11:12:29.700+0000] {dagbag.py:588} INFO - Filling up the DagBag from /opt/airflow/dags/my_tasks.py
[2026-10-02T11:12:29.710+0000] {processor.py:925} INFO - DAG(s) 'my_dag' retrieved from /opt/airflow/dags/my_tasks.py
[2026-10-02T11:12:29.728+0000] {logging_mixin.py:190} INFO - [2026-10-02T11:12:29.728+0000] {dag.py:3239} INFO - Sync 1 DAGs
[2026-10-02T11:12:29.744+0000] {logging_mixin.py:190} INFO - [2026-10-02T11:12:29.743+0000] {dag.py:4180} INFO - Setting next_dagrun for my_dag to None, run_after=None
[2026-10-02T11:12:29.757+0000] {processor.py:208} INFO - Processing /opt/airflow/dags/my_tasks.py took 0.069 seconds
[2026-10-02T11:12:59.969+0000] {processor.py:186} INFO - Started process (PID=6193) to work on /opt/airflow/dags/my_tasks.py
[2026-10-02T11:12:59.977+0000] {processor.py:914} INFO - Processing file /opt/airflow/dags/my_tasks.py for tasks to queue
[2026-10-02T11:12:59.978+0000] {logging_mixin.py:190} INFO - [2026-10-02T11:12:59.978+0000] {dagbag.py:588} INFO - Filling up the DagBag from /opt/airflow/dags/my_tasks.py
[2026-10-02T11:12:59.987+0000] {processor.py:925} INFO - DAG(s) 'my_dag' retrieved from /opt/airflow/dags/my_tasks.py
[2026-10-02T11:13:00.004+0000] {logging_mixin.py:190} INFO - [2026-10-02T11:13:00.004+0000] {dag.py:3239} INFO - Sync 1 DAGs
[2026-10-02T11:13:00.021+0000] {logging_mixin.py:190} INFO - [2026-10-02T11:13:00.021+0000] {dag.py:4180} INFO - Setting next_dagrun for my_dag to None, run_after=None
[2026-10-02T11:13:00.035+0000] {processor.py:208} INFO - Processing /opt/airflow/dags/my_tasks.py took 0.070 seconds
[2026-10-02T11:13:30.244+0000] {processor.py:186} INFO - Started process (PID=6204) to work on /opt/airflow/dags/my_tasks.py
[2026-10-02T11:13:30.252+0000] {processor.py:914} INFO - Processing file /opt/airflow/dags/my_tasks.py for tasks to queue
[2026-10-02T11:13:30.254+0000] {logging_mixin.py:190} INFO - [2026-10-02T11:13:30.254+0000] {dagbag.py:588} INFO - Filling up the DagBag from /opt/airflow/dags/my_tasks.py
[2026-10-02T11:13:30.263+0000] {processor.py:925} INFO - DAG(s) 'my_dag' retrieved from /opt/airflow/dags/my_tasks.py
[2026-10-02T11:13:30.285+0000] {logging_mixin.py:190} INFO - [2026-10-02T11:13:30.285+0000] {dag.py:3239} INFO - Sync 1 DAGs
[2026-10-02T11:13:30.301+0000] {logging_mixin.py:190} INFO - [2026-10-02T11:13:30.300+0000] {dag.py:4180} INFO - Setting next_dagrun for my_dag to None, run_after=None
[2026-10-02T11:13:30.338+0000] {processor.py:208} INFO - Processing /opt/airflow/dags/my_tasks.py took 0.099 seconds
[2026-10-02T11:14:00.526+0000] {processor.py:186} INFO - Started process (PID=6215) to work on /opt/airflow/dags/my_tasks.py
[2026-10-02T11:14:00.534+0000] {processor.py:914} INFO - Processing file /opt/airflow/dags/my_tasks.py for tasks to queue
[2026-10-02T11:14:00.538+0000] {logging_mixin.py:190} INFO - [2026-10-02T11:14:00.538+0000] {dagbag.py:588} INFO - Filling up the DagBag from /opt/airflow/dags/my_tasks.py
[2026-10-02T11:14:00.546+0000] {processor.py:925} INFO - DAG(s) 'my_dag' retrieved from /opt/airflow/dags/my_tasks.py
[2026-10-02T11:14:00.563+0000] {logging_mixin.py:190} INFO - [2026-10-02T11:14:00.563+0000] {dag.py:3239} INFO - Sync 1 DAGs
[2026-10-02T11:14:00.580+0000] {logging_mixin.py:190} INFO - [2026-10-02T11:14:00.580+0000] {dag.py:4180} INFO - Setting next_dagrun for my_dag to None, run_after=None
[2026-10-02T11:14:00.594+0000] {processor.py:208} INFO - Processing /opt/airflow/dags/my_tasks.py took 0.073 seconds
[2026-10-02T11:14:30.814+0000] {processor.py:186} INFO - Started process (PID=6226) to work on /opt/airflow/dags/my_tasks.py
[2026-10-02T11:14:30.817+0000] {processor.py:914} INFO - Processing file /opt/airflow/dags/my_tasks.py for tasks to queue
[2026-10-02T11:14:30.819+0000] {logging_mixin.py:190} INFO - [2026-10-02T11:14:30.819+0000] {dagbag.py:588} INFO - Filling up the DagBag from /opt/airflow/dags/my_tasks.py
[2026-10-02T11:14:30.826+0000] {processor.py:925} INFO - DAG(s) 'my_dag' retrieved from /opt/airflow/dags/my_tasks.py
[2026-10-02T11:14:30.845+0000] {logging_mixin.py:190} INFO - [2026-10-02T11:14:30.845+0000] {dag.py:3239} INFO - Sync 1 DAGs
[2026-10-02T11:14:30.860+0000] {logging_mixin.py:190} INFO - [2026-10-02T11:14:30.860+0000] {dag.py:4180} INFO - Setting next_dagrun for my_dag to None, run_after=None
[2026-10-02T11:14:30.875+0000] {processor.py:208} INFO - Processing /opt/airflow/dags/my_tasks.py took 0.067 seconds
[2026-10-02T11:15:01.092+0000] {processor.py:186} INFO - Started process (PID=6237) to work on /opt/airflow/dags/my_tasks.py
[2026-10-02T11:15:01.102+0000] {processor.py:914} INFO - Processing file /opt/airflow/dags/my_tasks.py for tasks to queue
[2026-10-02T11:15:01.104+0000] {logging_mixin.py:190} INFO - [2026-10-02T11:15:01.103+0000] {dagbag.py:588} INFO - Filling up the DagBag from /opt/airflow/dags/my_tasks.py
[2026-10-02T11:15:01.112+0000] {processor.py:925} INFO - DAG(s) 'my_dag' retrieved from /opt/airflow/dags/my_tasks.py
[2026-10-02T11:15:01.129+0000] {logging_mixin.py:190} INFO - [2026-10-02T11:15:01.129+0000] {dag.py:3239} INFO - Sync 1 DAGs
[2026-10-02T11:15:01.146+0000] {logging_mixin.py:190} INFO - [2026-10-02T11:15:01.145+0000] {dag.py:4180} INFO - Setting next_dagrun for my_dag to None, run_after=None
[2026-10-02T11:15:01.159+0000] {processor.py:208} INFO - Processing /opt/airflow/dags/my_tasks.py took 0.071 seconds
[2026-10-02T11:15:31.366+0000] {processor.py:186} INFO - Started process (PID=6248) to work on /opt/airflow/dags/my_tasks.py
[2026-10-02T11:15:31.367+0000] {processor.py:914} INFO - Processing file /opt/airflow/dags/my_tasks.py for tasks to queue
[2026-10-02T11:15:31.369+0000] {logging_mixin.py:190} INFO - [2026-10-02T11:15:31.369+0000] {dagbag.py:588} INFO - Filling up the DagBag from /opt/airflow/dags/my_tasks.py
[2026-10-02T11:15:31.375+0000] {processor.py:925} INFO - DAG(s) 'my_dag' retrieved from /opt/airflow/dags/my_tasks.py
[2026-10-02T11:15:31.392+0000] {logging_mixin.py:190} INFO - [2026-10-02T11:15:31.392+0000] {dag.py:3239} INFO - Sync 1 DAGs
[2026-10-02T11:15:31.408+0000] {logging_mixin.py:190} INFO - [2026-10-02T11:15:31.408+0000] {dag.py:4180} INFO - Setting next_dagrun for my_dag to None, run_after=None
[2026-10-02T11:15:31.422+0000] {processor.py:208} INFO - Processing /opt/airflow/dags/my_tasks.py took 0.060 seconds
[2026-10-02T11:16:01.631+0000] {processor.py:186} INFO - Started process (PID=6259) to work on /opt/airflow/dags/my_tasks.py
[2026-10-02T11:16:01.639+0000] {processor.py:914} INFO - Processing file /opt/airflow/dags/my_tasks.py for tasks to queue
[2026-10-02T11:16:01.643+0000] {logging_mixin.py:190} INFO - [2026-10-02T11:16:01.643+0000] {dagbag.py:588} INFO - Filling up the DagBag from /opt/airflow/dags/my_tasks.py
[2026-10-02T11:16:01.651+0000] {processor.py:925} INFO - DAG(s) 'my_dag' retrieved from /opt/airflow/dags/my_tasks.py
[2026-10-02T11:16:01.668+0000] {logging_mixin.py:190} INFO - [2026-10-02T11:16:01.668+0000] {dag.py:3239} INFO - Sync 1 DAGs
[2026-10-02T11:16:01.684+0000] {logging_mixin.py:190} INFO - [2026-10-02T11:16:01.684+0000] {dag.py:4180} INFO - Setting next_dagrun for my_dag to None, run_after=None
[2026-10-02T11:16:01.701+0000] {processor.py:208} INFO - Processing /opt/airflow/dags/my_tasks.py took 0.077 seconds
[2026-10-02T11:16:31.924+0000] {processor.py:186} INFO - Started process (PID=6270) to work on /opt/airflow/dags/my_tasks.py
[2026-10-02T11:16:31.924+0000] {processor.py:914} INFO - Processing file /opt/airflow/dags/my_tasks.py for tasks to queue
[2026-10-02T11:16:31.925+0000] {logging_mixin.py:190} INFO - [2026-10-02T11:16:31.925+0000] {dagbag.py:588} INFO - Filling up the DagBag from /opt/airflow/dags/my_tasks.py
[2026-10-02T11:16:31.932+0000] {processor.py:925} INFO - DAG(s) 'my_dag' retrieved from /opt/airflow/dags/my_tasks.py
[2026-10-02T11:16:31.950+0000] {logging_mixin.py:190} INFO - [2026-10-02T11:16:31.950+0000] {dag.py:3239} INFO - Sync 1 DAGs
[2026-10-02T11:16:31.966+0000] {logging_mixin.py:190} INFO - [2026-10-02T11:16:31.965+0000] {dag.py:4180} INFO - Setting next_dagrun for my_dag to None, run_after=None
[2026-10-02T11:16:31.981+0000] {processor.py:208} INFO - Processing /opt/airflow/dags/my_tasks.py took 0.061 seconds
[2026-10-02T11:17:02.214+0000] {processor.py:186} INFO - Started process (PID=6281) to work on /opt/airflow/dags/my_tasks.py
[2026-10-02T11:17:02.215+0000] {processor.py:914} INFO - Processing file /opt/airflow/dags/my_tasks.py for tasks to queue
[2026-10-02T11:17:02.217+0000] {logging_mixin.py:190} INFO - [2026-10-02T11:17:02.216+0000] {dagbag.py:588} INFO - Filling up the DagBag from /opt/airflow/dags/my_tasks.py
[2026-10-02T11:17:02.223+0000] {processor.py:925} INFO - DAG(s) 'my_dag' retrieved from /opt/airflow/dags/my_tasks.py
[2026-10-02T11:17:02.240+0000] {logging_mixin.py:190} INFO - [2026-10-02T11:17:02.240+0000] {dag.py:3239} INFO - Sync 1 DAGs
[2026-10-02T11:17:02.257+0000] {logging_mixin.py:190} INFO - [2026-10-02T11:17:02.257+0000] {dag.py:4180} INFO - Setting next_dagrun for my_dag to None, run_after=None
[2026-10-02T11:17:02.272+0000] {processor.py:208} INFO - Processing /opt/airflow/dags/my_tasks.py took 0.062 seconds
[2026-10-02T11:17:32.477+0000] {processor.py:186} INFO - Started process (PID=6292) to work on /opt/airflow/dags/my_tasks.py
[2026-10-02T11:17:32.478+0000] {processor.py:914} INFO - Processing file /opt/airflow/dags/my_tasks.py for tasks to queue
[2026-10-02T11:17:32.480+0000] {logging_mixin.py:190} INFO - [2026-10-02T11:17:32.480+0000] {dagbag.py:588} INFO - Filling up the DagBag from /opt/airflow/dags/my_tasks.py
[2026-10-02T11:17:32.487+0000] {processor.py:925} INFO - DAG(s) 'my_dag' retrieved from /opt/airflow/dags/my_tasks.py
[2026-10-02T11:17:32.505+0000] {logging_mixin.py:190} INFO - [2026-10-02T11:17:32.505+0000] {dag.py:3239} INFO - Sync 1 DAGs
[2026-10-02T11:17:32.520+0000] {logging_mixin.py:190} INFO - [2026-10-02T11:17:32.520+0000] {dag.py:4180} INFO - Setting next_dagrun for my_dag to None, run_after=None
[2026-10-02T11:17:32.535+0000] {processor.py:208} INFO - Processing /opt/airflow/dags/my_tasks.py took 0.061 seconds
[2026-10-02T11:18:02.757+0000] {processor.py:186} INFO - Started process (PID=6303) to work on /opt/airflow/dags/my_tasks.py
[2026-10-02T11:18:02.765+0000] {processor.py:914} INFO - Processing file /opt/airflow/dags/my_tasks.py for tasks to queue
[2026-10-02T11:18:02.767+0000] {logging_mixin.py:190} INFO - [2026-10-02T11:18:02.766+0000] {dagbag.py:588} INFO - Filling up the DagBag from /opt/airflow/dags/my_tasks.py
[2026-10-02T11:18:02.774+0000] {processor.py:925} INFO - DAG(s) 'my_dag' retrieved from /opt/airflow/dags/my_tasks.py
[2026-10-02T11:18:02.792+0000] {logging_mixin.py:190} INFO - [2026-10-02T11:18:02.792+0000] {dag.py:3239} INFO - Sync 1 DAGs
[2026-10-02T11:18:02.808+0000] {logging_mixin.py:190} INFO - [2026-10-02T11:18:02.808+0000] {dag.py:4180} INFO - Setting next_dagrun for my_dag to None, run_after=None
[2026-10-02T11:18:02.822+0000] {processor.py:208} INFO - Processing /opt/airflow/dags/my_tasks.py took 0.070 seconds
[2026-10-02T11:18:33.027+0000] {processor.py:186} INFO - Started process (PID=6314) to work on /opt/airflow/dags/my_tasks.py
[2026-10-02T11:18:33.035+0000] {processor.py:914} INFO - Processing file /opt/airflow/dags/my_tasks.py for tasks to queue
[2026-10-02T11:18:33.037+0000] {logging_mixin.py:190} INFO - [2026-10-02T11:18:33.037+0000] {dagbag.py:588} INFO - Filling up the DagBag from /opt/airflow/dags/my_tasks.py
[2026-10-02T11:18:33.047+0000] {processor.py:925} INFO - DAG(s) 'my_dag' retrieved from /opt/airflow/dags/my_tasks.py
[2026-10-02T11:18:33.064+0000] {logging_mixin.py:190} INFO - [2026-10-02T11:18:33.064+0000] {dag.py:3239} INFO - Sync 1 DAGs
[2026-10-02T11:18:33.082+0000] {logging_mixin.py:190} INFO - [2026-10-02T11:18:33.082+0000] {dag.py:4180} INFO - Setting next_dagrun for my_dag to None, run_after=None
[2026-10-02T11:18:33.100+0000] {processor.py:208} INFO - Processing /opt/airflow/dags/my_tasks.py took 0.077 seconds
[2026-10-02T11:19:03.290+0000] {processor.py:186} INFO - Started process (PID=6325) to work on /opt/airflow/dags/my_tasks.py
[2026-10-02T11:19:03.290+0000] {processor.py:914} INFO - Processing file /opt/airflow/dags/my_tasks.py for tasks to queue
[2026-10-02T11:19:03.292+0000] {logging_mixin.py:190} INFO - [2026-10-02T11:19:03.292+0000] {dagbag.py:588} INFO - Filling up the DagBag from /opt/airflow/dags/my_tasks.py
[2026-10-02T11:19:03.298+0000] {processor.py:925} INFO - DAG(s) 'my_dag' retrieved from /opt/airflow/dags/my_tasks.py
[2026-10-02T11:19:03.316+0000] {logging_mixin.py:190} INFO - [2026-10-02T11:19:03.316+0000] {dag.py:3239} INFO - Sync 1 DAGs
[2026-10-02T11:19:03.331+0000] {logging_mixin.py:190} INFO - [2026-10-02T11:19:03.331+0000] {dag.py:4180} INFO - Setting next_dagrun for my_dag to None, run_after=None
[2026-10-02T11:19:03.345+0000] {processor.py:208} INFO - Processing /opt/airflow/dags/my_tasks.py took 0.059 seconds
[2026-10-02T11:19:33.584+0000] {processor.py:186} INFO - Started process (PID=6336) to work on /opt/airflow/dags/my_tasks.py
[2026-10-02T11:19:33.592+0000] {processor.py:914} INFO - Processing file /opt/airflow/dags/my_tasks.py for tasks to queue
[2026-10-02T11:19:33.595+0000] {logging_mixin.py:190} INFO - [2026-10-02T11:19:33.595+0000] {dagbag.py:588} INFO - Filling up the DagBag from /opt/airflow/dags/my_tasks.py
[2026-10-02T11:19:33.605+0000] {processor.py:925} INFO - DAG(s) 'my_dag' retrieved from /opt/airflow/dags/my_tasks.py
[2026-10-02T11:19:33.623+0000] {logging_mixin.py:190} INFO - [2026-10-02T11:19:33.623+0000] {dag.py:3239} INFO - Sync 1 DAGs
[2026-10-02T11:19:33.639+0000] {logging_mixin.py:190} INFO - [2026-10-02T11:19:33.639+0000] {dag.py:4180} INFO - Setting next_dagrun for my_dag to None, run_after=None
[2026-10-02T11:19:33.653+0000] {processor.py:208} INFO - Processing /opt/airflow/dags/my_tasks.py took 0.073 seconds
[2026-10-02T11:20:03.858+0000] {processor.py:186} INFO - Started process (PID=6347) to work on /opt/airflow/dags/my_tasks.py
[2026-10-02T11:20:03.858+0000] {processor.py:914} INFO - Processing file /opt/airflow/dags/my_tasks.py for tasks to queue
[2026-10-02T11:20:03.860+0000] {logging_mixin.py:190} INFO - [2026-10-02T11:20:03.860+0000] {dagbag.py:588} INFO - Filling up the DagBag from /opt/airflow/dags/my_tasks.py
[2026-10-02T11:20:03.868+0000] {processor.py:925} INFO - DAG(s) 'my_dag' retrieved from /opt/airflow/dags/my_tasks.py
[2026-10-02T11:20:03.885+0000] {logging_mixin.py:190} INFO - [2026-10-02T11:20:03.885+0000] {dag.py:3239} INFO - Sync 1 DAGs
[2026-10-02T11:20:03.901+0000] {logging_mixin.py:190} INFO - [2026-10-02T11:20:03.901+0000] {dag.py:4180} INFO - Setting next_dagrun for my_dag to None, run_after=None
[2026-10-02T11:20:03.917+0000] {processor.py:208} INFO - Processing /opt/airflow/dags/my_tasks.py took 0.064 seconds
[2026-10-02T11:20:34.120+0000] {processor.py:186} INFO - Started process (PID=6358) to work on /opt/airflow/dags/my_tasks.py
[2026-10-02T11:20:34.121+0000] {processor.py:914} INFO - Processing file /opt/airflow/dags/my_tasks.py for tasks to queue
[2026-10-02T11:20:34.122+0000] {logging_mixin.py:190} INFO - [2026-10-02T11:20:34.122+0000] {dagbag.py:588} INFO - Filling up the DagBag from /opt/airflow/dags/my_tasks.py
[2026-10-02T11:20:34.129+0000] {processor.py:925} INFO - DAG(s) 'my_dag' retrieved from /opt/airflow/dags/my_tasks.py
[2026-10-02T11:20:34.147+0000] {logging_mixin.py:190} INFO - [2026-10-02T11:20:34.146+0000] {dag.py:3239} INFO - Sync 1 DAGs
[2026-10-02T11:20:34.162+0000] {logging_mixin.py:190} INFO - [2026-10-02T11:20:34.162+0000] {dag.py:4180} INFO - Setting next_dagrun for my_dag to None, run_after=None
[2026-10-02T11:20:34.177+0000] {processor.py:208} INFO - Processing /opt/airflow/dags/my_tasks.py took 0.060 seconds
[2026-10-02T11:21:04.394+0000] {processor.py:186} INFO - Started process (PID=6369) to work on /opt/airflow/dags/my_tasks.py
[2026-10-02T11:21:04.395+0000] {processor.py:914} INFO - Processing file /opt/airflow/dags/my_tasks.py for tasks to queue
[2026-10-02T11:21:04.397+0000] {logging_mixin.py:190} INFO - [2026-10-02T11:21:04.397+0000] {dagbag.py:588} INFO - Filling up the DagBag from /opt/airflow/dags/my_tasks.py
[2026-10-02T11:21:04.403+0000] {processor.py:925} INFO - DAG(s) 'my_dag' retrieved from /opt/airflow/dags/my_tasks.py
[2026-10-02T11:21:04.422+0000] {logging_mixin.py:190} INFO - [2026-10-02T11:21:04.422+0000] {dag.py:3239} INFO - Sync 1 DAGs
[2026-10-02T11:21:04.439+0000] {logging_mixin.py:190} INFO - [2026-10-02T11:21:04.439+0000] {dag.py:4180} INFO - Setting next_dagrun for my_dag to None, run_after=None
[2026-10-02T11:21:04.454+0000] {processor.py:208} INFO - Processing /opt/airflow/dags/my_tasks.py took 0.064 seconds
[2026-10-02T11:21:34.622+0000] {processor.py:186} INFO - Started process (PID=6380) to work on /opt/airflow/dags/my_tasks.py
[2026-10-02T11:21:34.630+0000] {processor.py:914} INFO - Processing file /opt/airflow/dags/my_tasks.py for tasks to queue
[2026-10-02T11:21:34.632+0000] {logging_mixin.py:190} INFO - [2026-10-02T11:21:34.632+0000] {dagbag.py:588} INFO - Filling up the DagBag from /opt/airflow/dags/my_tasks.py
[2026-10-02T11:21:34.639+0000] {processor.py:925} INFO - DAG(s) 'my_dag' retrieved from /opt/airflow/dags/my_tasks.py
[2026-10-02T11:21:34.657+0000] {logging_mixin.py:190} INFO - [2026-10-02T11:21:34.657+0000] {dag.py:3239} INFO - Sync 1 DAGs
[2026-10-02T11:21:34.672+0000] {logging_mixin.py:190} INFO - [2026-10-02T11:21:34.672+0000] {dag.py:4180} INFO - Setting next_dagrun for my_dag to None, run_after=None
[2026-10-02T11:21:34.687+0000] {processor.py:208} INFO - Processing /opt/airflow/dags/my_tasks.py took 0.068 seconds
[2026-10-02T11:22:04.873+0000] {processor.py:186} INFO - Started process (PID=6391) to work on /opt/airflow/dags/my_tasks.py
[2026-10-02T11:22:04.881+0000] {processor.py:914} INFO - Processing file /opt/airflow/dags/my_tasks.py for tasks to queue
[2026-10-02T11:22:04.883+0000] {logging_mixin.py:190} INFO - [2026-10-02T11:22:04.883+0000] {dagbag.py:588} INFO - Filling up the DagBag from /opt/airflow/dags/my_tasks.py
[2026-10-02T11:22:04.893+0000] {processor.py:925} INFO - DAG(s) 'my_dag' retrieved from /opt/airflow/dags/my_tasks.py
[2026-10-02T11:22:04.911+0000] {logging_mixin.py:190} INFO - [2026-10-02T11:22:04.911+0000] {dag.py:3239} INFO - Sync 1 DAGs
[2026-10-02T11:22:04.928+0000] {logging_mixin.py:190} INFO - [2026-10-02T11:22:04.928+0000] {dag.py:4180} INFO - Setting next_dagrun for my_dag to None, run_after=None
[2026-10-02T11:22:04.957+0000] {processor.py:208} INFO - Processing /opt/airflow/dags/my_tasks.py took 0.088 seconds
[2026-10-02T11:22:35.143+0000] {processor.py:186} INFO - Started process (PID=6402) to work on /opt/airflow/dags/my_tasks.py
[2026-10-02T11:22:35.151+0000] {processor.py:914} INFO - Processing file /opt/airflow/dags/my_tasks.py for tasks to queue
[2026-10-02T11:22:35.153+0000] {logging_mixin.py:190} INFO - [2026-10-02T11:22:35.153+0000] {dagbag.py:588} INFO - Filling up the DagBag from /opt/airflow/dags/my_tasks.py
[2026-10-02T11:22:35.160+0000] {processor.py:925} INFO - DAG(s) 'my_dag' retrieved from /opt/airflow/dags/my_tasks.py
[2026-10-02T11:22:35.178+0000] {logging_mixin.py:190} INFO - [2026-10-02T11:22:35.178+0000] {dag.py:3239} INFO - Sync 1 DAGs
[2026-10-02T11:22:35.193+0000] {logging_mixin.py:190} INFO - [2026-10-02T11:22:35.193+0000] {dag.py:4180} INFO - Setting next_dagrun for my_dag to None, run_after=None
[2026-10-02T11:22:35.208+0000] {processor.py:208} INFO - Processing /opt/airflow/dags/my_tasks.py took 0.068 seconds
[2026-10-02T11:23:05.428+0000] {processor.py:186} INFO - Started process (PID=6413) to work on /opt/airflow/dags/my_tasks.py
[2026-10-02T11:23:05.437+0000] {processor.py:914} INFO - Processing file /opt/airflow/dags/my_tasks.py for tasks to queue
[2026-10-02T11:23:05.441+0000] {logging_mixin.py:190} INFO - [2026-10-02T11:23:05.440+0000] {dagbag.py:588} INFO - Filling up the DagBag from /opt/airflow/dags/my_tasks.py
[2026-10-02T11:23:05.450+0000] {processor.py:925} INFO - DAG(s) 'my_dag' retrieved from /opt/airflow/dags/my_tasks.py
[2026-10-02T11:23:05.470+0000] {logging_mixin.py:190} INFO - [2026-10-02T11:23:05.470+0000] {dag.py:3239} INFO - Sync 1 DAGs
[2026-10-02T11:23:05.486+0000] {logging_mixin.py:190} INFO - [2026-10-02T11:23:05.486+0000] {dag.py:4180} INFO - Setting next_dagrun for my_dag to None, run_after=None
[2026-10-02T11:23:05.501+0000] {processor.py:208} INFO - Processing /opt/airflow/dags/my_tasks.py took 0.077 seconds
[2026-10-02T11:23:35.714+0000] {processor.py:186} INFO - Started process (PID=6424) to work on /opt/airflow/dags/my_tasks.py
[2026-10-02T11:23:35.715+0000] {processor.py:914} INFO - Processing file /opt/airflow/dags/my_tasks.py for tasks to queue
[2026-10-02T11:23:35.716+0000] {logging_mixin.py:190} INFO - [2026-10-02T11:23:35.716+0000] {dagbag.py:588} INFO - Filling up the DagBag from /opt/airflow/dags/my_tasks.py
[2026-10-02T11:23:35.723+0000] {processor.py:925} INFO - DAG(s) 'my_dag' retrieved from /opt/airflow/dags/my_tasks.py
[2026-10-02T11:23:35.740+0000] {logging_mixin.py:190} INFO - [2026-10-02T11:23:35.740+0000] {dag.py:3239} INFO - Sync 1 DAGs
[2026-10-02T11:23:35.755+0000] {logging_mixin.py:190} INFO - [2026-10-02T11:23:35.755+0000] {dag.py:4180} INFO - Setting next_dagrun for my_dag to None, run_after=None
[2026-10-02T11:23:35.770+0000] {processor.py:208} INFO - Processing /opt/airflow/dags/my_tasks.py took 0.060 seconds
[2026-10-02T11:24:05.985+0000] {processor.py:186} INFO - Started process (PID=6435) to work on /opt/airflow/dags/my_tasks.py
[2026-10-02T11:24:05.986+0000] {processor.py:914} INFO - Processing file /opt/airflow/dags/my_tasks.py for tasks to queue
[2026-10-02T11:24:05.987+0000] {logging_mixin.py:190} INFO - [2026-10-02T11:24:05.987+0000] {dagbag.py:588} INFO - Filling up the DagBag from /opt/airflow/dags/my_tasks.py
[2026-10-02T11:24:05.994+0000] {processor.py:925} INFO - DAG(s) 'my_dag' retrieved from /opt/airflow/dags/my_tasks.py
[2026-10-02T11:24:06.012+0000] {logging_mixin.py:190} INFO - [2026-10-02T11:24:06.012+0000] {dag.py:3239} INFO - Sync 1 DAGs
[2026-10-02T11:24:06.028+0000] {logging_mixin.py:190} INFO - [2026-10-02T11:24:06.028+0000] {dag.py:4180} INFO - Setting next_dagrun for my_dag to None, run_after=None
[2026-10-02T11:24:06.043+0000] {processor.py:208} INFO - Processing /opt/airflow/dags/my_tasks.py took 0.061 seconds
[2026-10-02T11:24:36.261+0000] {processor.py:186} INFO - Started process (PID=6446) to work on /opt/airflow/dags/my_tasks.py
[2026-10-02T11:24:36.269+0000] {processor.py:914} INFO - Processing file /opt/airflow/dags/my_tasks.py for tasks to queue
[2026-10-02T11:24:36.271+0000] {logging_mixin.py:190} INFO - [2026-10-02T11:24:36.271+0000] {dagbag.py:588} INFO - Filling up the DagBag from /opt/airflow/dags/my_tasks.py
[2026-10-02T11:24:36.281+0000] {processor.py:925} INFO - DAG(s) 'my_dag' retrieved from /opt/airflow/dags/my_tasks.py
[2026-10-02T11:24:36.301+0000] {logging_mixin.py:190} INFO - [2026-10-02T11:24:36.301+0000] {dag.py:3239} INFO - Sync 1 DAGs
[2026-10-02T11:24:36.316+0000] {logging_mixin.py:190} INFO - [2026-10-02T11:24:36.316+0000] {dag.py:4180} INFO - Setting next_dagrun for my_dag to None, run_after=None
[2026-10-02T11:24:36.330+0000] {processor.py:208} INFO - Processing /opt/airflow/dags/my_tasks.py took 0.074 seconds
[2026-10-02T11:25:06.562+0000] {processor.py:186} INFO - Started process (PID=6457) to work on /opt/airflow/dags/my_tasks.py
[2026-10-02T11:25:06.563+0000] {processor.py:914} INFO - Processing file /opt/airflow/dags/my_tasks.py for tasks to queue
[2026-10-02T11:25:06.565+0000] {logging_mixin.py:190} INFO - [2026-10-02T11:25:06.565+0000] {dagbag.py:588} INFO - Filling up the DagBag from /opt/airflow/dags/my_tasks.py
[2026-10-02T11:25:06.571+0000] {processor.py:925} INFO - DAG(s) 'my_dag' retrieved from /opt/airflow/dags/my_tasks.py
[2026-10-02T11:25:06.589+0000] {logging_mixin.py:190} INFO - [2026-10-02T11:25:06.589+0000] {dag.py:3239} INFO - Sync 1 DAGs
[2026-10-02T11:25:06.604+0000] {logging_mixin.py:190} INFO - [2026-10-02T11:25:06.604+0000] {dag.py:4180} INFO - Setting next_dagrun for my_dag to None, run_after=None
[2026-10-02T11:25:06.619+0000] {processor.py:208} INFO - Processing /opt/airflow/dags/my_tasks.py took 0.060 seconds
[2026-10-02T11:25:36.823+0000] {processor.py:186} INFO - Started process (PID=6468) to work on /opt/airflow/dags/my_tasks.py
[2026-10-02T11:25:36.831+0000] {processor.py:914} INFO - Processing file /opt/airflow/dags/my_tasks.py for tasks to queue
[2026-10-02T11:25:36.833+0000] {logging_mixin.py:190} INFO - [2026-10-02T11:25:36.833+0000] {dagbag.py:588} INFO - Filling up the DagBag from /opt/airflow/dags/my_tasks.py
[2026-10-02T11:25:36.840+0000] {processor.py:925} INFO - DAG(s) 'my_dag' retrieved from /opt/airflow/dags/my_tasks.py
[2026-10-02T11:25:36.857+0000] {logging_mixin.py:190} INFO - [2026-10-02T11:25:36.857+0000] {dag.py:3239} INFO - Sync 1 DAGs
[2026-10-02T11:25:36.872+0000] {logging_mixin.py:190} INFO - [2026-10-02T11:25:36.872+0000] {dag.py:4180} INFO - Setting next_dagrun for my_dag to None, run_after=None
[2026-10-02T11:25:36.887+0000] {processor.py:208} INFO - Processing /opt/airflow/dags/my_tasks.py took 0.068 seconds
[2026-10-02T11:26:07.089+0000] {processor.py:186} INFO - Started process (PID=6479) to work on /opt/airflow/dags/my_tasks.py
[2026-10-02T11:26:07.090+0000] {processor.py:914} INFO - Processing file /opt/airflow/dags/my_tasks.py for tasks to queue
[2026-10-02T11:26:07.091+0000] {logging_mixin.py:190} INFO - [2026-10-02T11:26:07.091+0000] {dagbag.py:588} INFO - Filling up the DagBag from /opt/airflow/dags/my_tasks.py
[2026-10-02T11:26:07.098+0000] {processor.py:925} INFO - DAG(s) 'my_dag' retrieved from /opt/airflow/dags/my_tasks.py
[2026-10-02T11:26:07.116+0000] {logging_mixin.py:190} INFO - [2026-10-02T11:26:07.115+0000] {dag.py:3239} INFO - Sync 1 DAGs
[2026-10-02T11:26:07.132+0000] {logging_mixin.py:190} INFO - [2026-10-02T11:26:07.131+0000] {dag.py:4180} INFO - Setting next_dagrun for my_dag to None, run_after=None
[2026-10-02T11:26:07.153+0000] {processor.py:208} INFO - Processing /opt/airflow/dags/my_tasks.py took 0.068 seconds
[2026-10-02T11:26:37.354+0000] {processor.py:186} INFO - Started process (PID=6490) to work on /opt/airflow/dags/my_tasks.py
[2026-10-02T11:26:37.362+0000] {processor.py:914} INFO - Processing file /opt/airflow/dags/my_tasks.py for tasks to queue
[2026-10-02T11:26:37.365+0000] {logging_mixin.py:190} INFO - [2026-10-02T11:26:37.365+0000] {dagbag.py:588} INFO - Filling up the DagBag from /opt/airflow/dags/my_tasks.py
[2026-10-02T11:26:37.375+0000] {processor.py:925} INFO - DAG(s) 'my_dag' retrieved from /opt/airflow/dags/my_tasks.py
[2026-10-02T11:26:37.393+0000] {logging_mixin.py:190} INFO - [2026-10-02T11:26:37.393+0000] {dag.py:3239} INFO - Sync 1 DAGs
[2026-10-02T11:26:37.408+0000] {logging_mixin.py:190} INFO - [2026-10-02T11:26:37.408+0000] {dag.py:4180} INFO - Setting next_dagrun for my_dag to None, run_after=None
[2026-10-02T11:26:37.422+0000] {processor.py:208} INFO - Processing /opt/airflow/dags/my_tasks.py took 0.072 seconds
[2026-10-02T11:27:07.628+0000] {processor.py:186} INFO - Started process (PID=6501) to work on /opt/airflow/dags/my_tasks.py
[2026-10-02T11:27:07.629+0000] {processor.py:914} INFO - Processing file /opt/airflow/dags/my_tasks.py for tasks to queue
[2026-10-02T11:27:07.631+0000] {logging_mixin.py:190} INFO - [2026-10-02T11:27:07.631+0000] {dagbag.py:588} INFO - Filling up the DagBag from /opt/airflow/dags/my_tasks.py
[2026-10-02T11:27:07.637+0000] {processor.py:925} INFO - DAG(s) 'my_dag' retrieved from /opt/airflow/dags/my_tasks.py
[2026-10-02T11:27:07.655+0000] {logging_mixin.py:190} INFO - [2026-10-02T11:27:07.655+0000] {dag.py:3239} INFO - Sync 1 DAGs
[2026-10-02T11:27:07.670+0000] {logging_mixin.py:190} INFO - [2026-10-02T11:27:07.670+0000] {dag.py:4180} INFO - Setting next_dagrun for my_dag to None, run_after=None
[2026-10-02T11:27:07.684+0000] {processor.py:208} INFO - Processing /opt/airflow/dags/my_tasks.py took 0.060 seconds
[2026-10-02T11:27:37.901+0000] {processor.py:186} INFO - Started process (PID=6512) to work on /opt/airflow/dags/my_tasks.py
[2026-10-02T11:27:37.908+0000] {processor.py:914} INFO - Processing file /opt/airflow/dags/my_tasks.py for tasks to queue
[2026-10-02T11:27:37.910+0000] {logging_mixin.py:190} INFO - [2026-10-02T11:27:37.910+0000] {dagbag.py:588} INFO - Filling up the DagBag from /opt/airflow/dags/my_tasks.py
[2026-10-02T11:27:37.920+0000] {processor.py:925} INFO - DAG(s) 'my_dag' retrieved from /opt/airflow/dags/my_tasks.py
[2026-10-02T11:27:37.937+0000] {logging_mixin.py:190} INFO - [2026-10-02T11:27:37.937+0000] {dag.py:3239} INFO - Sync 1 DAGs
[2026-10-02T11:27:37.953+0000] {logging_mixin.py:190} INFO - [2026-10-02T11:27:37.953+0000] {dag.py:4180} INFO - Setting next_dagrun for my_dag to None, run_after=None
[2026-10-02T11:27:37.966+0000] {processor.py:208} INFO - Processing /opt/airflow/dags/my_tasks.py took 0.070 seconds
[2026-10-02T11:28:08.181+0000] {processor.py:186} INFO - Started process (PID=6523) to work on /opt/airflow/dags/my_tasks.py
[2026-10-02T11:28:08.189+0000] {processor.py:914} INFO - Processing file /opt/airflow/dags/my_tasks.py for tasks to queue
[2026-10-02T11:28:08.191+0000] {logging_mixin.py:190} INFO - [2026-10-02T11:28:08.191+0000] {dagbag.py:588} INFO - Filling up the DagBag from /opt/airflow/dags/my_tasks.py
[2026-10-02T11:28:08.200+0000] {processor.py:925} INFO - DAG(s) 'my_dag' retrieved from /opt/airflow/dags/my_tasks.py
[2026-10-02T11:28:08.218+0000] {logging_mixin.py:190} INFO - [2026-10-02T11:28:08.218+0000] {dag.py:3239} INFO - Sync 1 DAGs
[2026-10-02T11:28:08.233+0000] {logging_mixin.py:190} INFO - [2026-10-02T11:28:08.233+0000] {dag.py:4180} INFO - Setting next_dagrun for my_dag to None, run_after=None
[2026-10-02T11:28:08.247+0000] {processor.py:208} INFO - Processing /opt/airflow/dags/my_tasks.py took 0.070 seconds
[2026-10-02T11:28:38.454+0000] {processor.py:186} INFO - Started process (PID=6534) to work on /opt/airflow/dags/my_tasks.py
[2026-10-02T11:28:38.455+0000] {processor.py:914} INFO - Processing file /opt/airflow/dags/my_tasks.py for tasks to queue
[2026-10-02T11:28:38.457+0000] {logging_mixin.py:190} INFO - [2026-10-02T11:28:38.456+0000] {dagbag.py:588} INFO - Filling up the DagBag from /opt/airflow/dags/my_tasks.py
[2026-10-02T11:28:38.463+0000] {processor.py:925} INFO - DAG(s) 'my_dag' retrieved from /opt/airflow/dags/my_tasks.py
[2026-10-02T11:28:38.480+0000] {logging_mixin.py:190} INFO - [2026-10-02T11:28:38.480+0000] {dag.py:3239} INFO - Sync 1 DAGs
[2026-10-02T11:28:38.496+0000] {logging_mixin.py:190} INFO - [2026-10-02T11:28:38.495+0000] {dag.py:4180} INFO - Setting next_dagrun for my_dag to None, run_after=None
[2026-10-02T11:28:38.519+0000] {processor.py:208} INFO - Processing /opt/airflow/dags/my_tasks.py took 0.070 seconds
[2026-10-02T11:29:08.713+0000] {processor.py:186} INFO - Started process (PID=6545) to work on /opt/airflow/dags/my_tasks.py
[2026-10-02T11:29:08.714+0000] {processor.py:914} INFO - Processing file /opt/airflow/dags/my_tasks.py for tasks to queue
[2026-10-02T11:29:08.715+0000] {logging_mixin.py:190} INFO - [2026-10-02T11:29:08.715+0000] {dagbag.py:588} INFO - Filling up the DagBag from /opt/airflow/dags/my_tasks.py
[2026-10-02T11:29:08.722+0000] {processor.py:925} INFO - DAG(s) 'my_dag' retrieved from /opt/airflow/dags/my_tasks.py
[2026-10-02T11:29:08.739+0000] {logging_mixin.py:190} INFO - [2026-10-02T11:29:08.739+0000] {dag.py:3239} INFO - Sync 1 DAGs
[2026-10-02T11:29:08.755+0000] {logging_mixin.py:190} INFO - [2026-10-02T11:29:08.755+0000] {dag.py:4180} INFO - Setting next_dagrun for my_dag to None, run_after=None
[2026-10-02T11:29:08.769+0000] {processor.py:208} INFO - Processing /opt/airflow/dags/my_tasks.py took 0.060 seconds
[2026-10-02T11:29:38.987+0000] {processor.py:186} INFO - Started process (PID=6556) to work on /opt/airflow/dags/my_tasks.py
[2026-10-02T11:29:38.995+0000] {processor.py:914} INFO - Processing file /opt/airflow/dags/my_tasks.py for tasks to queue
[2026-10-02T11:29:38.997+0000] {logging_mixin.py:190} INFO - [2026-10-02T11:29:38.997+0000] {dagbag.py:588} INFO - Filling up the DagBag from /opt/airflow/dags/my_tasks.py
[2026-10-02T11:29:39.007+0000] {processor.py:925} INFO - DAG(s) 'my_dag' retrieved from /opt/airflow/dags/my_tasks.py
[2026-10-02T11:29:39.024+0000] {logging_mixin.py:190} INFO - [2026-10-02T11:29:39.024+0000] {dag.py:3239} INFO - Sync 1 DAGs
[2026-10-02T11:29:39.041+0000] {logging_mixin.py:190} INFO - [2026-10-02T11:29:39.041+0000] {dag.py:4180} INFO - Setting next_dagrun for my_dag to None, run_after=None
[2026-10-02T11:29:39.055+0000] {processor.py:208} INFO - Processing /opt/airflow/dags/my_tasks.py took 0.072 seconds
[2026-10-02T11:30:09.258+0000] {processor.py:186} INFO - Started process (PID=6567) to work on /opt/airflow/dags/my_tasks.py
[2026-10-02T11:30:09.266+0000] {processor.py:914} INFO - Processing file /opt/airflow/dags/my_tasks.py for tasks to queue
[2026-10-02T11:30:09.268+0000] {logging_mixin.py:190} INFO - [2026-10-02T11:30:09.268+0000] {dagbag.py:588} INFO - Filling up the DagBag from /opt/airflow/dags/my_tasks.py
[2026-10-02T11:30:09.274+0000] {processor.py:925} INFO - DAG(s) 'my_dag' retrieved from /opt/airflow/dags/my_tasks.py
[2026-10-02T11:30:09.292+0000] {logging_mixin.py:190} INFO - [2026-10-02T11:30:09.292+0000] {dag.py:3239} INFO - Sync 1 DAGs
[2026-10-02T11:30:09.307+0000] {logging_mixin.py:190} INFO - [2026-10-02T11:30:09.307+0000] {dag.py:4180} INFO - Setting next_dagrun for my_dag to None, run_after=None
[2026-10-02T11:30:09.322+0000] {processor.py:208} INFO - Processing /opt/airflow/dags/my_tasks.py took 0.069 seconds
[2026-10-02T11:30:39.541+0000] {processor.py:186} INFO - Started process (PID=6578) to work on /opt/airflow/dags/my_tasks.py
[2026-10-02T11:30:39.545+0000] {processor.py:914} INFO - Processing file /opt/airflow/dags/my_tasks.py for tasks to queue
[2026-10-02T11:30:39.547+0000] {logging_mixin.py:190} INFO - [2026-10-02T11:30:39.547+0000] {dagbag.py:588} INFO - Filling up the DagBag from /opt/airflow/dags/my_tasks.py
[2026-10-02T11:30:39.554+0000] {processor.py:925} INFO - DAG(s) 'my_dag' retrieved from /opt/airflow/dags/my_tasks.py
[2026-10-02T11:30:39.574+0000] {logging_mixin.py:190} INFO - [2026-10-02T11:30:39.573+0000] {dag.py:3239} INFO - Sync 1 DAGs
[2026-10-02T11:30:39.589+0000] {logging_mixin.py:190} INFO - [2026-10-02T11:30:39.589+0000] {dag.py:4180} INFO - Setting next_dagrun for my_dag to None, run_after=None
[2026-10-02T11:30:39.605+0000] {processor.py:208} INFO - Processing /opt/airflow/dags/my_tasks.py took 0.068 seconds
[2026-10-02T11:31:09.813+0000] {processor.py:186} INFO - Started process (PID=6589) to work on /opt/airflow/dags/my_tasks.py
[2026-10-02T11:31:09.821+0000] {processor.py:914} INFO - Processing file /opt/airflow/dags/my_tasks.py for tasks to queue
[2026-10-02T11:31:09.822+0000] {logging_mixin.py:190} INFO - [2026-10-02T11:31:09.822+0000] {dagbag.py:588} INFO - Filling up the DagBag from /opt/airflow/dags/my_tasks.py
[2026-10-02T11:31:09.830+0000] {processor.py:925} INFO - DAG(s) 'my_dag' retrieved from /opt/airflow/dags/my_tasks.py
[2026-10-02T11:31:09.848+0000] {logging_mixin.py:190} INFO - [2026-10-02T11:31:09.847+0000] {dag.py:3239} INFO - Sync 1 DAGs
[2026-10-02T11:31:09.863+0000] {logging_mixin.py:190} INFO - [2026-10-02T11:31:09.863+0000] {dag.py:4180} INFO - Setting next_dagrun for my_dag to None, run_after=None
[2026-10-02T11:31:09.878+0000] {processor.py:208} INFO - Processing /opt/airflow/dags/my_tasks.py took 0.069 seconds
[2026-10-02T11:31:40.077+0000] {processor.py:186} INFO - Started process (PID=6600) to work on /opt/airflow/dags/my_tasks.py
[2026-10-02T11:31:40.078+0000] {processor.py:914} INFO - Processing file /opt/airflow/dags/my_tasks.py for tasks to queue
[2026-10-02T11:31:40.080+0000] {logging_mixin.py:190} INFO - [2026-10-02T11:31:40.079+0000] {dagbag.py:588} INFO - Filling up the DagBag from /opt/airflow/dags/my_tasks.py
[2026-10-02T11:31:40.086+0000] {processor.py:925} INFO - DAG(s) 'my_dag' retrieved from /opt/airflow/dags/my_tasks.py
[2026-10-02T11:31:40.104+0000] {logging_mixin.py:190} INFO - [2026-10-02T11:31:40.104+0000] {dag.py:3239} INFO - Sync 1 DAGs
[2026-10-02T11:31:40.121+0000] {logging_mixin.py:190} INFO - [2026-10-02T11:31:40.120+0000] {dag.py:4180} INFO - Setting next_dagrun for my_dag to None, run_after=None
[2026-10-02T11:31:40.134+0000] {processor.py:208} INFO - Processing /opt/airflow/dags/my_tasks.py took 0.061 seconds
[2026-10-02T11:32:10.354+0000] {processor.py:186} INFO - Started process (PID=6611) to work on /opt/airflow/dags/my_tasks.py
[2026-10-02T11:32:10.362+0000] {processor.py:914} INFO - Processing file /opt/airflow/dags/my_tasks.py for tasks to queue
[2026-10-02T11:32:10.366+0000] {logging_mixin.py:190} INFO - [2026-10-02T11:32:10.365+0000] {dagbag.py:588} INFO - Filling up the DagBag from /opt/airflow/dags/my_tasks.py
[2026-10-02T11:32:10.373+0000] {processor.py:925} INFO - DAG(s) 'my_dag' retrieved from /opt/airflow/dags/my_tasks.py
[2026-10-02T11:32:10.391+0000] {logging_mixin.py:190} INFO - [2026-10-02T11:32:10.391+0000] {dag.py:3239} INFO - Sync 1 DAGs
[2026-10-02T11:32:10.407+0000] {logging_mixin.py:190} INFO - [2026-10-02T11:32:10.406+0000] {dag.py:4180} INFO - Setting next_dagrun for my_dag to None, run_after=None
[2026-10-02T11:32:10.420+0000] {processor.py:208} INFO - Processing /opt/airflow/dags/my_tasks.py took 0.070 seconds
[2026-10-02T11:32:40.621+0000] {processor.py:186} INFO - Started process (PID=6622) to work on /opt/airflow/dags/my_tasks.py
[2026-10-02T11:32:40.622+0000] {processor.py:914} INFO - Processing file /opt/airflow/dags/my_tasks.py for tasks to queue
[2026-10-02T11:32:40.624+0000] {logging_mixin.py:190} INFO - [2026-10-02T11:32:40.624+0000] {dagbag.py:588} INFO - Filling up the DagBag from /opt/airflow/dags/my_tasks.py
[2026-10-02T11:32:40.631+0000] {processor.py:925} INFO - DAG(s) 'my_dag' retrieved from /opt/airflow/dags/my_tasks.py
[2026-10-02T11:32:40.648+0000] {logging_mixin.py:190} INFO - [2026-10-02T11:32:40.648+0000] {dag.py:3239} INFO - Sync 1 DAGs
[2026-10-02T11:32:40.664+0000] {logging_mixin.py:190} INFO - [2026-10-02T11:32:40.663+0000] {dag.py:4180} INFO - Setting next_dagrun for my_dag to None, run_after=None
[2026-10-02T11:32:40.678+0000] {processor.py:208} INFO - Processing /opt/airflow/dags/my_tasks.py took 0.060 seconds
[2026-10-02T11:33:10.858+0000] {processor.py:186} INFO - Started process (PID=6634) to work on /opt/airflow/dags/my_tasks.py
[2026-10-02T11:33:10.858+0000] {processor.py:914} INFO - Processing file /opt/airflow/dags/my_tasks.py for tasks to queue
[2026-10-02T11:33:10.859+0000] {logging_mixin.py:190} INFO - [2026-10-02T11:33:10.859+0000] {dagbag.py:588} INFO - Filling up the DagBag from /opt/airflow/dags/my_tasks.py
[2026-10-02T11:33:10.866+0000] {processor.py:925} INFO - DAG(s) 'my_dag' retrieved from /opt/airflow/dags/my_tasks.py
[2026-10-02T11:33:10.884+0000] {logging_mixin.py:190} INFO - [2026-10-02T11:33:10.884+0000] {dag.py:3239} INFO - Sync 1 DAGs
[2026-10-02T11:33:10.900+0000] {logging_mixin.py:190} INFO - [2026-10-02T11:33:10.900+0000] {dag.py:4180} INFO - Setting next_dagrun for my_dag to None, run_after=None
[2026-10-02T11:33:10.914+0000] {processor.py:208} INFO - Processing /opt/airflow/dags/my_tasks.py took 0.061 seconds
[2026-10-02T11:33:41.129+0000] {processor.py:186} INFO - Started process (PID=6645) to work on /opt/airflow/dags/my_tasks.py
[2026-10-02T11:33:41.129+0000] {processor.py:914} INFO - Processing file /opt/airflow/dags/my_tasks.py for tasks to queue
[2026-10-02T11:33:41.131+0000] {logging_mixin.py:190} INFO - [2026-10-02T11:33:41.131+0000] {dagbag.py:588} INFO - Filling up the DagBag from /opt/airflow/dags/my_tasks.py
[2026-10-02T11:33:41.138+0000] {processor.py:925} INFO - DAG(s) 'my_dag' retrieved from /opt/airflow/dags/my_tasks.py
[2026-10-02T11:33:41.155+0000] {logging_mixin.py:190} INFO - [2026-10-02T11:33:41.155+0000] {dag.py:3239} INFO - Sync 1 DAGs
[2026-10-02T11:33:41.171+0000] {logging_mixin.py:190} INFO - [2026-10-02T11:33:41.171+0000] {dag.py:4180} INFO - Setting next_dagrun for my_dag to None, run_after=None
[2026-10-02T11:33:41.186+0000] {processor.py:208} INFO - Processing /opt/airflow/dags/my_tasks.py took 0.061 seconds
[2026-10-02T11:34:11.391+0000] {processor.py:186} INFO - Started process (PID=6656) to work on /opt/airflow/dags/my_tasks.py
[2026-10-02T11:34:11.399+0000] {processor.py:914} INFO - Processing file /opt/airflow/dags/my_tasks.py for tasks to queue
[2026-10-02T11:34:11.402+0000] {logging_mixin.py:190} INFO - [2026-10-02T11:34:11.401+0000] {dagbag.py:588} INFO - Filling up the DagBag from /opt/airflow/dags/my_tasks.py
[2026-10-02T11:34:11.409+0000] {processor.py:925} INFO - DAG(s) 'my_dag' retrieved from /opt/airflow/dags/my_tasks.py
[2026-10-02T11:34:11.426+0000] {logging_mixin.py:190} INFO - [2026-10-02T11:34:11.426+0000] {dag.py:3239} INFO - Sync 1 DAGs
[2026-10-02T11:34:11.443+0000] {logging_mixin.py:190} INFO - [2026-10-02T11:34:11.443+0000] {dag.py:4180} INFO - Setting next_dagrun for my_dag to None, run_after=None
[2026-10-02T11:34:11.457+0000] {processor.py:208} INFO - Processing /opt/airflow/dags/my_tasks.py took 0.070 seconds
[2026-10-02T11:34:41.652+0000] {processor.py:186} INFO - Started process (PID=6667) to work on /opt/airflow/dags/my_tasks.py
[2026-10-02T11:34:41.653+0000] {processor.py:914} INFO - Processing file /opt/airflow/dags/my_tasks.py for tasks to queue
[2026-10-02T11:34:41.654+0000] {logging_mixin.py:190} INFO - [2026-10-02T11:34:41.654+0000] {dagbag.py:588} INFO - Filling up the DagBag from /opt/airflow/dags/my_tasks.py
[2026-10-02T11:34:41.662+0000] {processor.py:925} INFO - DAG(s) 'my_dag' retrieved from /opt/airflow/dags/my_tasks.py
[2026-10-02T11:34:41.680+0000] {logging_mixin.py:190} INFO - [2026-10-02T11:34:41.679+0000] {dag.py:3239} INFO - Sync 1 DAGs
[2026-10-02T11:34:41.696+0000] {logging_mixin.py:190} INFO - [2026-10-02T11:34:41.695+0000] {dag.py:4180} INFO - Setting next_dagrun for my_dag to None, run_after=None
[2026-10-02T11:34:41.711+0000] {processor.py:208} INFO - Processing /opt/airflow/dags/my_tasks.py took 0.063 seconds
[2026-10-02T11:35:11.903+0000] {processor.py:186} INFO - Started process (PID=6678) to work on /opt/airflow/dags/my_tasks.py
[2026-10-02T11:35:11.911+0000] {processor.py:914} INFO - Processing file /opt/airflow/dags/my_tasks.py for tasks to queue
[2026-10-02T11:35:11.913+0000] {logging_mixin.py:190} INFO - [2026-10-02T11:35:11.913+0000] {dagbag.py:588} INFO - Filling up the DagBag from /opt/airflow/dags/my_tasks.py
[2026-10-02T11:35:11.923+0000] {processor.py:925} INFO - DAG(s) 'my_dag' retrieved from /opt/airflow/dags/my_tasks.py
[2026-10-02T11:35:11.940+0000] {logging_mixin.py:190} INFO - [2026-10-02T11:35:11.939+0000] {dag.py:3239} INFO - Sync 1 DAGs
[2026-10-02T11:35:11.956+0000] {logging_mixin.py:190} INFO - [2026-10-02T11:35:11.955+0000] {dag.py:4180} INFO - Setting next_dagrun for my_dag to None, run_after=None
[2026-10-02T11:35:11.969+0000] {processor.py:208} INFO - Processing /opt/airflow/dags/my_tasks.py took 0.070 seconds
[2026-10-02T11:35:42.169+0000] {processor.py:186} INFO - Started process (PID=6689) to work on /opt/airflow/dags/my_tasks.py
[2026-10-02T11:35:42.169+0000] {processor.py:914} INFO - Processing file /opt/airflow/dags/my_tasks.py for tasks to queue
[2026-10-02T11:35:42.171+0000] {logging_mixin.py:190} INFO - [2026-10-02T11:35:42.171+0000] {dagbag.py:588} INFO - Filling up the DagBag from /opt/airflow/dags/my_tasks.py
[2026-10-02T11:35:42.178+0000] {processor.py:925} INFO - DAG(s) 'my_dag' retrieved from /opt/airflow/dags/my_tasks.py
[2026-10-02T11:35:42.195+0000] {logging_mixin.py:190} INFO - [2026-10-02T11:35:42.195+0000] {dag.py:3239} INFO - Sync 1 DAGs
[2026-10-02T11:35:42.211+0000] {logging_mixin.py:190} INFO - [2026-10-02T11:35:42.210+0000] {dag.py:4180} INFO - Setting next_dagrun for my_dag to None, run_after=None
[2026-10-02T11:35:42.224+0000] {processor.py:208} INFO - Processing /opt/airflow/dags/my_tasks.py took 0.060 seconds
[2026-10-02T11:36:12.447+0000] {processor.py:186} INFO - Started process (PID=6700) to work on /opt/airflow/dags/my_tasks.py
[2026-10-02T11:36:12.448+0000] {processor.py:914} INFO - Processing file /opt/airflow/dags/my_tasks.py for tasks to queue
[2026-10-02T11:36:12.450+0000] {logging_mixin.py:190} INFO - [2026-10-02T11:36:12.449+0000] {dagbag.py:588} INFO - Filling up the DagBag from /opt/airflow/dags/my_tasks.py
[2026-10-02T11:36:12.457+0000] {processor.py:925} INFO - DAG(s) 'my_dag' retrieved from /opt/airflow/dags/my_tasks.py
[2026-10-02T11:36:12.476+0000] {logging_mixin.py:190} INFO - [2026-10-02T11:36:12.475+0000] {dag.py:3239} INFO - Sync 1 DAGs
[2026-10-02T11:36:12.492+0000] {logging_mixin.py:190} INFO - [2026-10-02T11:36:12.491+0000] {dag.py:4180} INFO - Setting next_dagrun for my_dag to None, run_after=None
[2026-10-02T11:36:12.506+0000] {processor.py:208} INFO - Processing /opt/airflow/dags/my_tasks.py took 0.064 seconds
[2026-10-02T11:36:42.727+0000] {processor.py:186} INFO - Started process (PID=6711) to work on /opt/airflow/dags/my_tasks.py
[2026-10-02T11:36:42.728+0000] {processor.py:914} INFO - Processing file /opt/airflow/dags/my_tasks.py for tasks to queue
[2026-10-02T11:36:42.730+0000] {logging_mixin.py:190} INFO - [2026-10-02T11:36:42.729+0000] {dagbag.py:588} INFO - Filling up the DagBag from /opt/airflow/dags/my_tasks.py
[2026-10-02T11:36:42.737+0000] {processor.py:925} INFO - DAG(s) 'my_dag' retrieved from /opt/airflow/dags/my_tasks.py
[2026-10-02T11:36:42.755+0000] {logging_mixin.py:190} INFO - [2026-10-02T11:36:42.755+0000] {dag.py:3239} INFO - Sync 1 DAGs
[2026-10-02T11:36:42.772+0000] {logging_mixin.py:190} INFO - [2026-10-02T11:36:42.771+0000] {dag.py:4180} INFO - Setting next_dagrun for my_dag to None, run_after=None
[2026-10-02T11:36:42.786+0000] {processor.py:208} INFO - Processing /opt/airflow/dags/my_tasks.py took 0.063 seconds
[2026-10-02T11:37:13.010+0000] {processor.py:186} INFO - Started process (PID=6722) to work on /opt/airflow/dags/my_tasks.py
[2026-10-02T11:37:13.010+0000] {processor.py:914} INFO - Processing file /opt/airflow/dags/my_tasks.py for tasks to queue
[2026-10-02T11:37:13.012+0000] {logging_mixin.py:190} INFO - [2026-10-02T11:37:13.012+0000] {dagbag.py:588} INFO - Filling up the DagBag from /opt/airflow/dags/my_tasks.py
[2026-10-02T11:37:13.018+0000] {processor.py:925} INFO - DAG(s) 'my_dag' retrieved from /opt/airflow/dags/my_tasks.py
[2026-10-02T11:37:13.036+0000] {logging_mixin.py:190} INFO - [2026-10-02T11:37:13.036+0000] {dag.py:3239} INFO - Sync 1 DAGs
[2026-10-02T11:37:13.052+0000] {logging_mixin.py:190} INFO - [2026-10-02T11:37:13.052+0000] {dag.py:4180} INFO - Setting next_dagrun for my_dag to None, run_after=None
[2026-10-02T11:37:13.066+0000] {processor.py:208} INFO - Processing /opt/airflow/dags/my_tasks.py took 0.060 seconds
[2026-10-02T11:37:43.264+0000] {processor.py:186} INFO - Started process (PID=6733) to work on /opt/airflow/dags/my_tasks.py
[2026-10-02T11:37:43.272+0000] {processor.py:914} INFO - Processing file /opt/airflow/dags/my_tasks.py for tasks to queue
[2026-10-02T11:37:43.275+0000] {logging_mixin.py:190} INFO - [2026-10-02T11:37:43.275+0000] {dagbag.py:588} INFO - Filling up the DagBag from /opt/airflow/dags/my_tasks.py
[2026-10-02T11:37:43.284+0000] {processor.py:925} INFO - DAG(s) 'my_dag' retrieved from /opt/airflow/dags/my_tasks.py
[2026-10-02T11:37:43.302+0000] {logging_mixin.py:190} INFO - [2026-10-02T11:37:43.302+0000] {dag.py:3239} INFO - Sync 1 DAGs
[2026-10-02T11:37:43.318+0000] {logging_mixin.py:190} INFO - [2026-10-02T11:37:43.317+0000] {dag.py:4180} INFO - Setting next_dagrun for my_dag to None, run_after=None
[2026-10-02T11:37:43.331+0000] {processor.py:208} INFO - Processing /opt/airflow/dags/my_tasks.py took 0.071 seconds
[2026-10-02T11:38:13.541+0000] {processor.py:186} INFO - Started process (PID=6744) to work on /opt/airflow/dags/my_tasks.py
[2026-10-02T11:38:13.549+0000] {processor.py:914} INFO - Processing file /opt/airflow/dags/my_tasks.py for tasks to queue
[2026-10-02T11:38:13.552+0000] {logging_mixin.py:190} INFO - [2026-10-02T11:38:13.552+0000] {dagbag.py:588} INFO - Filling up the DagBag from /opt/airflow/dags/my_tasks.py
[2026-10-02T11:38:13.562+0000] {processor.py:925} INFO - DAG(s) 'my_dag' retrieved from /opt/airflow/dags/my_tasks.py
[2026-10-02T11:38:13.581+0000] {logging_mixin.py:190} INFO - [2026-10-02T11:38:13.581+0000] {dag.py:3239} INFO - Sync 1 DAGs
[2026-10-02T11:38:13.597+0000] {logging_mixin.py:190} INFO - [2026-10-02T11:38:13.597+0000] {dag.py:4180} INFO - Setting next_dagrun for my_dag to None, run_after=None
[2026-10-02T11:38:13.611+0000] {processor.py:208} INFO - Processing /opt/airflow/dags/my_tasks.py took 0.076 seconds
[2026-10-02T11:38:43.813+0000] {processor.py:186} INFO - Started process (PID=6755) to work on /opt/airflow/dags/my_tasks.py
[2026-10-02T11:38:43.814+0000] {processor.py:914} INFO - Processing file /opt/airflow/dags/my_tasks.py for tasks to queue
[2026-10-02T11:38:43.815+0000] {logging_mixin.py:190} INFO - [2026-10-02T11:38:43.815+0000] {dagbag.py:588} INFO - Filling up the DagBag from /opt/airflow/dags/my_tasks.py
[2026-10-02T11:38:43.822+0000] {processor.py:925} INFO - DAG(s) 'my_dag' retrieved from /opt/airflow/dags/my_tasks.py
[2026-10-02T11:38:43.839+0000] {logging_mixin.py:190} INFO - [2026-10-02T11:38:43.839+0000] {dag.py:3239} INFO - Sync 1 DAGs
[2026-10-02T11:38:43.856+0000] {logging_mixin.py:190} INFO - [2026-10-02T11:38:43.856+0000] {dag.py:4180} INFO - Setting next_dagrun for my_dag to None, run_after=None
[2026-10-02T11:38:43.871+0000] {processor.py:208} INFO - Processing /opt/airflow/dags/my_tasks.py took 0.062 seconds
[2026-10-02T11:39:14.088+0000] {processor.py:186} INFO - Started process (PID=6766) to work on /opt/airflow/dags/my_tasks.py
[2026-10-02T11:39:14.096+0000] {processor.py:914} INFO - Processing file /opt/airflow/dags/my_tasks.py for tasks to queue
[2026-10-02T11:39:14.099+0000] {logging_mixin.py:190} INFO - [2026-10-02T11:39:14.098+0000] {dagbag.py:588} INFO - Filling up the DagBag from /opt/airflow/dags/my_tasks.py
[2026-10-02T11:39:14.108+0000] {processor.py:925} INFO - DAG(s) 'my_dag' retrieved from /opt/airflow/dags/my_tasks.py
[2026-10-02T11:39:14.127+0000] {logging_mixin.py:190} INFO - [2026-10-02T11:39:14.127+0000] {dag.py:3239} INFO - Sync 1 DAGs
[2026-10-02T11:39:14.144+0000] {logging_mixin.py:190} INFO - [2026-10-02T11:39:14.144+0000] {dag.py:4180} INFO - Setting next_dagrun for my_dag to None, run_after=None
[2026-10-02T11:39:14.158+0000] {processor.py:208} INFO - Processing /opt/airflow/dags/my_tasks.py took 0.075 seconds
[2026-10-02T11:39:44.357+0000] {processor.py:186} INFO - Started process (PID=6777) to work on /opt/airflow/dags/my_tasks.py
[2026-10-02T11:39:44.365+0000] {processor.py:914} INFO - Processing file /opt/airflow/dags/my_tasks.py for tasks to queue
[2026-10-02T11:39:44.368+0000] {logging_mixin.py:190} INFO - [2026-10-02T11:39:44.368+0000] {dagbag.py:588} INFO - Filling up the DagBag from /opt/airflow/dags/my_tasks.py
[2026-10-02T11:39:44.375+0000] {processor.py:925} INFO - DAG(s) 'my_dag' retrieved from /opt/airflow/dags/my_tasks.py
[2026-10-02T11:39:44.393+0000] {logging_mixin.py:190} INFO - [2026-10-02T11:39:44.392+0000] {dag.py:3239} INFO - Sync 1 DAGs
[2026-10-02T11:39:44.408+0000] {logging_mixin.py:190} INFO - [2026-10-02T11:39:44.408+0000] {dag.py:4180} INFO - Setting next_dagrun for my_dag to None, run_after=None
[2026-10-02T11:39:44.423+0000] {processor.py:208} INFO - Processing /opt/airflow/dags/my_tasks.py took 0.070 seconds
[2026-10-02T11:40:14.615+0000] {processor.py:186} INFO - Started process (PID=6788) to work on /opt/airflow/dags/my_tasks.py
[2026-10-02T11:40:14.623+0000] {processor.py:914} INFO - Processing file /opt/airflow/dags/my_tasks.py for tasks to queue
[2026-10-02T11:40:14.625+0000] {logging_mixin.py:190} INFO - [2026-10-02T11:40:14.625+0000] {dagbag.py:588} INFO - Filling up the DagBag from /opt/airflow/dags/my_tasks.py
[2026-10-02T11:40:14.635+0000] {processor.py:925} INFO - DAG(s) 'my_dag' retrieved from /opt/airflow/dags/my_tasks.py
[2026-10-02T11:40:14.652+0000] {logging_mixin.py:190} INFO - [2026-10-02T11:40:14.652+0000] {dag.py:3239} INFO - Sync 1 DAGs
[2026-10-02T11:40:14.668+0000] {logging_mixin.py:190} INFO - [2026-10-02T11:40:14.667+0000] {dag.py:4180} INFO - Setting next_dagrun for my_dag to None, run_after=None
[2026-10-02T11:40:14.682+0000] {processor.py:208} INFO - Processing /opt/airflow/dags/my_tasks.py took 0.070 seconds
[2026-10-02T11:40:44.887+0000] {processor.py:186} INFO - Started process (PID=6799) to work on /opt/airflow/dags/my_tasks.py
[2026-10-02T11:40:44.895+0000] {processor.py:914} INFO - Processing file /opt/airflow/dags/my_tasks.py for tasks to queue
[2026-10-02T11:40:44.897+0000] {logging_mixin.py:190} INFO - [2026-10-02T11:40:44.897+0000] {dagbag.py:588} INFO - Filling up the DagBag from /opt/airflow/dags/my_tasks.py
[2026-10-02T11:40:44.905+0000] {processor.py:925} INFO - DAG(s) 'my_dag' retrieved from /opt/airflow/dags/my_tasks.py
[2026-10-02T11:40:44.922+0000] {logging_mixin.py:190} INFO - [2026-10-02T11:40:44.922+0000] {dag.py:3239} INFO - Sync 1 DAGs
[2026-10-02T11:40:44.940+0000] {logging_mixin.py:190} INFO - [2026-10-02T11:40:44.939+0000] {dag.py:4180} INFO - Setting next_dagrun for my_dag to None, run_after=None
[2026-10-02T11:40:44.954+0000] {processor.py:208} INFO - Processing /opt/airflow/dags/my_tasks.py took 0.071 seconds
[2026-10-02T11:41:15.152+0000] {processor.py:186} INFO - Started process (PID=6810) to work on /opt/airflow/dags/my_tasks.py
[2026-10-02T11:41:15.152+0000] {processor.py:914} INFO - Processing file /opt/airflow/dags/my_tasks.py for tasks to queue
[2026-10-02T11:41:15.154+0000] {logging_mixin.py:190} INFO - [2026-10-02T11:41:15.154+0000] {dagbag.py:588} INFO - Filling up the DagBag from /opt/airflow/dags/my_tasks.py
[2026-10-02T11:41:15.161+0000] {processor.py:925} INFO - DAG(s) 'my_dag' retrieved from /opt/airflow/dags/my_tasks.py
[2026-10-02T11:41:15.179+0000] {logging_mixin.py:190} INFO - [2026-10-02T11:41:15.179+0000] {dag.py:3239} INFO - Sync 1 DAGs
[2026-10-02T11:41:15.195+0000] {logging_mixin.py:190} INFO - [2026-10-02T11:41:15.195+0000] {dag.py:4180} INFO - Setting next_dagrun for my_dag to None, run_after=None
[2026-10-02T11:41:15.209+0000] {processor.py:208} INFO - Processing /opt/airflow/dags/my_tasks.py took 0.061 seconds
[2026-10-02T11:41:45.450+0000] {processor.py:186} INFO - Started process (PID=6821) to work on /opt/airflow/dags/my_tasks.py
[2026-10-02T11:41:45.451+0000] {processor.py:914} INFO - Processing file /opt/airflow/dags/my_tasks.py for tasks to queue
[2026-10-02T11:41:45.453+0000] {logging_mixin.py:190} INFO - [2026-10-02T11:41:45.453+0000] {dagbag.py:588} INFO - Filling up the DagBag from /opt/airflow/dags/my_tasks.py
[2026-10-02T11:41:45.460+0000] {processor.py:925} INFO - DAG(s) 'my_dag' retrieved from /opt/airflow/dags/my_tasks.py
[2026-10-02T11:41:45.478+0000] {logging_mixin.py:190} INFO - [2026-10-02T11:41:45.478+0000] {dag.py:3239} INFO - Sync 1 DAGs
[2026-10-02T11:41:45.493+0000] {logging_mixin.py:190} INFO - [2026-10-02T11:41:45.493+0000] {dag.py:4180} INFO - Setting next_dagrun for my_dag to None, run_after=None
[2026-10-02T11:41:45.507+0000] {processor.py:208} INFO - Processing /opt/airflow/dags/my_tasks.py took 0.061 seconds
[2026-10-02T11:42:15.727+0000] {processor.py:186} INFO - Started process (PID=6832) to work on /opt/airflow/dags/my_tasks.py
[2026-10-02T11:42:15.728+0000] {processor.py:914} INFO - Processing file /opt/airflow/dags/my_tasks.py for tasks to queue
[2026-10-02T11:42:15.730+0000] {logging_mixin.py:190} INFO - [2026-10-02T11:42:15.730+0000] {dagbag.py:588} INFO - Filling up the DagBag from /opt/airflow/dags/my_tasks.py
[2026-10-02T11:42:15.737+0000] {processor.py:925} INFO - DAG(s) 'my_dag' retrieved from /opt/airflow/dags/my_tasks.py
[2026-10-02T11:42:15.755+0000] {logging_mixin.py:190} INFO - [2026-10-02T11:42:15.755+0000] {dag.py:3239} INFO - Sync 1 DAGs
[2026-10-02T11:42:15.771+0000] {logging_mixin.py:190} INFO - [2026-10-02T11:42:15.770+0000] {dag.py:4180} INFO - Setting next_dagrun for my_dag to None, run_after=None
[2026-10-02T11:42:15.786+0000] {processor.py:208} INFO - Processing /opt/airflow/dags/my_tasks.py took 0.063 seconds
[2026-10-02T11:42:46.008+0000] {processor.py:186} INFO - Started process (PID=6843) to work on /opt/airflow/dags/my_tasks.py
[2026-10-02T11:42:46.016+0000] {processor.py:914} INFO - Processing file /opt/airflow/dags/my_tasks.py for tasks to queue
[2026-10-02T11:42:46.018+0000] {logging_mixin.py:190} INFO - [2026-10-02T11:42:46.017+0000] {dagbag.py:588} INFO - Filling up the DagBag from /opt/airflow/dags/my_tasks.py
[2026-10-02T11:42:46.026+0000] {processor.py:925} INFO - DAG(s) 'my_dag' retrieved from /opt/airflow/dags/my_tasks.py
[2026-10-02T11:42:46.043+0000] {logging_mixin.py:190} INFO - [2026-10-02T11:42:46.043+0000] {dag.py:3239} INFO - Sync 1 DAGs
[2026-10-02T11:42:46.059+0000] {logging_mixin.py:190} INFO - [2026-10-02T11:42:46.059+0000] {dag.py:4180} INFO - Setting next_dagrun for my_dag to None, run_after=None
[2026-10-02T11:42:46.073+0000] {processor.py:208} INFO - Processing /opt/airflow/dags/my_tasks.py took 0.070 seconds
[2026-10-02T11:43:16.267+0000] {processor.py:186} INFO - Started process (PID=6854) to work on /opt/airflow/dags/my_tasks.py
[2026-10-02T11:43:16.268+0000] {processor.py:914} INFO - Processing file /opt/airflow/dags/my_tasks.py for tasks to queue
[2026-10-02T11:43:16.269+0000] {logging_mixin.py:190} INFO - [2026-10-02T11:43:16.269+0000] {dagbag.py:588} INFO - Filling up the DagBag from /opt/airflow/dags/my_tasks.py
[2026-10-02T11:43:16.277+0000] {processor.py:925} INFO - DAG(s) 'my_dag' retrieved from /opt/airflow/dags/my_tasks.py
[2026-10-02T11:43:16.295+0000] {logging_mixin.py:190} INFO - [2026-10-02T11:43:16.295+0000] {dag.py:3239} INFO - Sync 1 DAGs
[2026-10-02T11:43:16.311+0000] {logging_mixin.py:190} INFO - [2026-10-02T11:43:16.311+0000] {dag.py:4180} INFO - Setting next_dagrun for my_dag to None, run_after=None
[2026-10-02T11:43:16.326+0000] {processor.py:208} INFO - Processing /opt/airflow/dags/my_tasks.py took 0.063 seconds
[2026-10-02T11:43:46.555+0000] {processor.py:186} INFO - Started process (PID=6865) to work on /opt/airflow/dags/my_tasks.py
[2026-10-02T11:43:46.563+0000] {processor.py:914} INFO - Processing file /opt/airflow/dags/my_tasks.py for tasks to queue
[2026-10-02T11:43:46.565+0000] {logging_mixin.py:190} INFO - [2026-10-02T11:43:46.565+0000] {dagbag.py:588} INFO - Filling up the DagBag from /opt/airflow/dags/my_tasks.py
[2026-10-02T11:43:46.573+0000] {processor.py:925} INFO - DAG(s) 'my_dag' retrieved from /opt/airflow/dags/my_tasks.py
[2026-10-02T11:43:46.591+0000] {logging_mixin.py:190} INFO - [2026-10-02T11:43:46.591+0000] {dag.py:3239} INFO - Sync 1 DAGs
[2026-10-02T11:43:46.606+0000] {logging_mixin.py:190} INFO - [2026-10-02T11:43:46.605+0000] {dag.py:4180} INFO - Setting next_dagrun for my_dag to None, run_after=None
[2026-10-02T11:43:46.619+0000] {processor.py:208} INFO - Processing /opt/airflow/dags/my_tasks.py took 0.068 seconds
[2026-10-02T11:44:16.850+0000] {processor.py:186} INFO - Started process (PID=6876) to work on /opt/airflow/dags/my_tasks.py
[2026-10-02T11:44:16.859+0000] {processor.py:914} INFO - Processing file /opt/airflow/dags/my_tasks.py for tasks to queue
[2026-10-02T11:44:16.862+0000] {logging_mixin.py:190} INFO - [2026-10-02T11:44:16.861+0000] {dagbag.py:588} INFO - Filling up the DagBag from /opt/airflow/dags/my_tasks.py
[2026-10-02T11:44:16.871+0000] {processor.py:925} INFO - DAG(s) 'my_dag' retrieved from /opt/airflow/dags/my_tasks.py
[2026-10-02T11:44:16.889+0000] {logging_mixin.py:190} INFO - [2026-10-02T11:44:16.889+0000] {dag.py:3239} INFO - Sync 1 DAGs
[2026-10-02T11:44:16.906+0000] {logging_mixin.py:190} INFO - [2026-10-02T11:44:16.906+0000] {dag.py:4180} INFO - Setting next_dagrun for my_dag to None, run_after=None
[2026-10-02T11:44:16.919+0000] {processor.py:208} INFO - Processing /opt/airflow/dags/my_tasks.py took 0.074 seconds
[2026-10-02T11:44:47.134+0000] {processor.py:186} INFO - Started process (PID=6887) to work on /opt/airflow/dags/my_tasks.py
[2026-10-02T11:44:47.135+0000] {processor.py:914} INFO - Processing file /opt/airflow/dags/my_tasks.py for tasks to queue
[2026-10-02T11:44:47.137+0000] {logging_mixin.py:190} INFO - [2026-10-02T11:44:47.137+0000] {dagbag.py:588} INFO - Filling up the DagBag from /opt/airflow/dags/my_tasks.py
[2026-10-02T11:44:47.143+0000] {processor.py:925} INFO - DAG(s) 'my_dag' retrieved from /opt/airflow/dags/my_tasks.py
[2026-10-02T11:44:47.161+0000] {logging_mixin.py:190} INFO - [2026-10-02T11:44:47.161+0000] {dag.py:3239} INFO - Sync 1 DAGs
[2026-10-02T11:44:47.177+0000] {logging_mixin.py:190} INFO - [2026-10-02T11:44:47.177+0000] {dag.py:4180} INFO - Setting next_dagrun for my_dag to None, run_after=None
[2026-10-02T11:44:47.191+0000] {processor.py:208} INFO - Processing /opt/airflow/dags/my_tasks.py took 0.060 seconds
[2026-10-02T11:45:17.408+0000] {processor.py:186} INFO - Started process (PID=6898) to work on /opt/airflow/dags/my_tasks.py
[2026-10-02T11:45:17.416+0000] {processor.py:914} INFO - Processing file /opt/airflow/dags/my_tasks.py for tasks to queue
[2026-10-02T11:45:17.418+0000] {logging_mixin.py:190} INFO - [2026-10-02T11:45:17.418+0000] {dagbag.py:588} INFO - Filling up the DagBag from /opt/airflow/dags/my_tasks.py
[2026-10-02T11:45:17.426+0000] {processor.py:925} INFO - DAG(s) 'my_dag' retrieved from /opt/airflow/dags/my_tasks.py
[2026-10-02T11:45:17.444+0000] {logging_mixin.py:190} INFO - [2026-10-02T11:45:17.443+0000] {dag.py:3239} INFO - Sync 1 DAGs
[2026-10-02T11:45:17.459+0000] {logging_mixin.py:190} INFO - [2026-10-02T11:45:17.459+0000] {dag.py:4180} INFO - Setting next_dagrun for my_dag to None, run_after=None
[2026-10-02T11:45:17.474+0000] {processor.py:208} INFO - Processing /opt/airflow/dags/my_tasks.py took 0.069 seconds
[2026-10-02T11:45:47.673+0000] {processor.py:186} INFO - Started process (PID=6909) to work on /opt/airflow/dags/my_tasks.py
[2026-10-02T11:45:47.681+0000] {processor.py:914} INFO - Processing file /opt/airflow/dags/my_tasks.py for tasks to queue
[2026-10-02T11:45:47.682+0000] {logging_mixin.py:190} INFO - [2026-10-02T11:45:47.682+0000] {dagbag.py:588} INFO - Filling up the DagBag from /opt/airflow/dags/my_tasks.py
[2026-10-02T11:45:47.689+0000] {processor.py:925} INFO - DAG(s) 'my_dag' retrieved from /opt/airflow/dags/my_tasks.py
[2026-10-02T11:45:47.707+0000] {logging_mixin.py:190} INFO - [2026-10-02T11:45:47.706+0000] {dag.py:3239} INFO - Sync 1 DAGs
[2026-10-02T11:45:47.722+0000] {logging_mixin.py:190} INFO - [2026-10-02T11:45:47.722+0000] {dag.py:4180} INFO - Setting next_dagrun for my_dag to None, run_after=None
[2026-10-02T11:45:47.740+0000] {processor.py:208} INFO - Processing /opt/airflow/dags/my_tasks.py took 0.072 seconds
[2026-10-02T11:46:17.946+0000] {processor.py:186} INFO - Started process (PID=6920) to work on /opt/airflow/dags/my_tasks.py
[2026-10-02T11:46:17.954+0000] {processor.py:914} INFO - Processing file /opt/airflow/dags/my_tasks.py for tasks to queue
[2026-10-02T11:46:17.956+0000] {logging_mixin.py:190} INFO - [2026-10-02T11:46:17.955+0000] {dagbag.py:588} INFO - Filling up the DagBag from /opt/airflow/dags/my_tasks.py
[2026-10-02T11:46:17.966+0000] {processor.py:925} INFO - DAG(s) 'my_dag' retrieved from /opt/airflow/dags/my_tasks.py
[2026-10-02T11:46:17.987+0000] {logging_mixin.py:190} INFO - [2026-10-02T11:46:17.987+0000] {dag.py:3239} INFO - Sync 1 DAGs
[2026-10-02T11:46:18.003+0000] {logging_mixin.py:190} INFO - [2026-10-02T11:46:18.003+0000] {dag.py:4180} INFO - Setting next_dagrun for my_dag to None, run_after=None
[2026-10-02T11:46:18.017+0000] {processor.py:208} INFO - Processing /opt/airflow/dags/my_tasks.py took 0.075 seconds
[2026-10-02T11:46:48.232+0000] {processor.py:186} INFO - Started process (PID=6931) to work on /opt/airflow/dags/my_tasks.py
[2026-10-02T11:46:48.240+0000] {processor.py:914} INFO - Processing file /opt/airflow/dags/my_tasks.py for tasks to queue
[2026-10-02T11:46:48.242+0000] {logging_mixin.py:190} INFO - [2026-10-02T11:46:48.242+0000] {dagbag.py:588} INFO - Filling up the DagBag from /opt/airflow/dags/my_tasks.py
[2026-10-02T11:46:48.250+0000] {processor.py:925} INFO - DAG(s) 'my_dag' retrieved from /opt/airflow/dags/my_tasks.py
[2026-10-02T11:46:48.268+0000] {logging_mixin.py:190} INFO - [2026-10-02T11:46:48.268+0000] {dag.py:3239} INFO - Sync 1 DAGs
[2026-10-02T11:46:48.284+0000] {logging_mixin.py:190} INFO - [2026-10-02T11:46:48.283+0000] {dag.py:4180} INFO - Setting next_dagrun for my_dag to None, run_after=None
[2026-10-02T11:46:48.298+0000] {processor.py:208} INFO - Processing /opt/airflow/dags/my_tasks.py took 0.070 seconds
[2026-10-02T11:47:18.468+0000] {processor.py:186} INFO - Started process (PID=6942) to work on /opt/airflow/dags/my_tasks.py
[2026-10-02T11:47:18.468+0000] {processor.py:914} INFO - Processing file /opt/airflow/dags/my_tasks.py for tasks to queue
[2026-10-02T11:47:18.470+0000] {logging_mixin.py:190} INFO - [2026-10-02T11:47:18.470+0000] {dagbag.py:588} INFO - Filling up the DagBag from /opt/airflow/dags/my_tasks.py
[2026-10-02T11:47:18.477+0000] {processor.py:925} INFO - DAG(s) 'my_dag' retrieved from /opt/airflow/dags/my_tasks.py
[2026-10-02T11:47:18.496+0000] {logging_mixin.py:190} INFO - [2026-10-02T11:47:18.496+0000] {dag.py:3239} INFO - Sync 1 DAGs
[2026-10-02T11:47:18.511+0000] {logging_mixin.py:190} INFO - [2026-10-02T11:47:18.511+0000] {dag.py:4180} INFO - Setting next_dagrun for my_dag to None, run_after=None
[2026-10-02T11:47:18.530+0000] {processor.py:208} INFO - Processing /opt/airflow/dags/my_tasks.py took 0.066 seconds
[2026-10-02T11:47:48.727+0000] {processor.py:186} INFO - Started process (PID=6953) to work on /opt/airflow/dags/my_tasks.py
[2026-10-02T11:47:48.734+0000] {processor.py:914} INFO - Processing file /opt/airflow/dags/my_tasks.py for tasks to queue
[2026-10-02T11:47:48.738+0000] {logging_mixin.py:190} INFO - [2026-10-02T11:47:48.737+0000] {dagbag.py:588} INFO - Filling up the DagBag from /opt/airflow/dags/my_tasks.py
[2026-10-02T11:47:48.748+0000] {processor.py:925} INFO - DAG(s) 'my_dag' retrieved from /opt/airflow/dags/my_tasks.py
[2026-10-02T11:47:48.765+0000] {logging_mixin.py:190} INFO - [2026-10-02T11:47:48.765+0000] {dag.py:3239} INFO - Sync 1 DAGs
[2026-10-02T11:47:48.780+0000] {logging_mixin.py:190} INFO - [2026-10-02T11:47:48.780+0000] {dag.py:4180} INFO - Setting next_dagrun for my_dag to None, run_after=None
[2026-10-02T11:47:48.795+0000] {processor.py:208} INFO - Processing /opt/airflow/dags/my_tasks.py took 0.072 seconds
[2026-10-02T11:48:18.991+0000] {processor.py:186} INFO - Started process (PID=6964) to work on /opt/airflow/dags/my_tasks.py
[2026-10-02T11:48:18.999+0000] {processor.py:914} INFO - Processing file /opt/airflow/dags/my_tasks.py for tasks to queue
[2026-10-02T11:48:19.001+0000] {logging_mixin.py:190} INFO - [2026-10-02T11:48:19.001+0000] {dagbag.py:588} INFO - Filling up the DagBag from /opt/airflow/dags/my_tasks.py
[2026-10-02T11:48:19.009+0000] {processor.py:925} INFO - DAG(s) 'my_dag' retrieved from /opt/airflow/dags/my_tasks.py
[2026-10-02T11:48:19.027+0000] {logging_mixin.py:190} INFO - [2026-10-02T11:48:19.027+0000] {dag.py:3239} INFO - Sync 1 DAGs
[2026-10-02T11:48:19.043+0000] {logging_mixin.py:190} INFO - [2026-10-02T11:48:19.042+0000] {dag.py:4180} INFO - Setting next_dagrun for my_dag to None, run_after=None
[2026-10-02T11:48:19.056+0000] {processor.py:208} INFO - Processing /opt/airflow/dags/my_tasks.py took 0.069 seconds
[2026-10-02T11:48:49.273+0000] {processor.py:186} INFO - Started process (PID=6975) to work on /opt/airflow/dags/my_tasks.py
[2026-10-02T11:48:49.274+0000] {processor.py:914} INFO - Processing file /opt/airflow/dags/my_tasks.py for tasks to queue
[2026-10-02T11:48:49.276+0000] {logging_mixin.py:190} INFO - [2026-10-02T11:48:49.276+0000] {dagbag.py:588} INFO - Filling up the DagBag from /opt/airflow/dags/my_tasks.py
[2026-10-02T11:48:49.283+0000] {processor.py:925} INFO - DAG(s) 'my_dag' retrieved from /opt/airflow/dags/my_tasks.py
[2026-10-02T11:48:49.300+0000] {logging_mixin.py:190} INFO - [2026-10-02T11:48:49.300+0000] {dag.py:3239} INFO - Sync 1 DAGs
[2026-10-02T11:48:49.315+0000] {logging_mixin.py:190} INFO - [2026-10-02T11:48:49.315+0000] {dag.py:4180} INFO - Setting next_dagrun for my_dag to None, run_after=None
[2026-10-02T11:48:49.329+0000] {processor.py:208} INFO - Processing /opt/airflow/dags/my_tasks.py took 0.060 seconds
[2026-10-02T11:49:19.562+0000] {processor.py:186} INFO - Started process (PID=6986) to work on /opt/airflow/dags/my_tasks.py
[2026-10-02T11:49:19.562+0000] {processor.py:914} INFO - Processing file /opt/airflow/dags/my_tasks.py for tasks to queue
[2026-10-02T11:49:19.564+0000] {logging_mixin.py:190} INFO - [2026-10-02T11:49:19.564+0000] {dagbag.py:588} INFO - Filling up the DagBag from /opt/airflow/dags/my_tasks.py
[2026-10-02T11:49:19.570+0000] {processor.py:925} INFO - DAG(s) 'my_dag' retrieved from /opt/airflow/dags/my_tasks.py
[2026-10-02T11:49:19.588+0000] {logging_mixin.py:190} INFO - [2026-10-02T11:49:19.588+0000] {dag.py:3239} INFO - Sync 1 DAGs
[2026-10-02T11:49:19.603+0000] {logging_mixin.py:190} INFO - [2026-10-02T11:49:19.603+0000] {dag.py:4180} INFO - Setting next_dagrun for my_dag to None, run_after=None
[2026-10-02T11:49:19.617+0000] {processor.py:208} INFO - Processing /opt/airflow/dags/my_tasks.py took 0.059 seconds
[2026-10-02T11:49:49.825+0000] {processor.py:186} INFO - Started process (PID=6997) to work on /opt/airflow/dags/my_tasks.py
[2026-10-02T11:49:49.826+0000] {processor.py:914} INFO - Processing file /opt/airflow/dags/my_tasks.py for tasks to queue
[2026-10-02T11:49:49.827+0000] {logging_mixin.py:190} INFO - [2026-10-02T11:49:49.827+0000] {dagbag.py:588} INFO - Filling up the DagBag from /opt/airflow/dags/my_tasks.py
[2026-10-02T11:49:49.834+0000] {processor.py:925} INFO - DAG(s) 'my_dag' retrieved from /opt/airflow/dags/my_tasks.py
[2026-10-02T11:49:49.851+0000] {logging_mixin.py:190} INFO - [2026-10-02T11:49:49.851+0000] {dag.py:3239} INFO - Sync 1 DAGs
[2026-10-02T11:49:49.867+0000] {logging_mixin.py:190} INFO - [2026-10-02T11:49:49.867+0000] {dag.py:4180} INFO - Setting next_dagrun for my_dag to None, run_after=None
[2026-10-02T11:49:49.881+0000] {processor.py:208} INFO - Processing /opt/airflow/dags/my_tasks.py took 0.060 seconds
[2026-10-02T11:50:20.083+0000] {processor.py:186} INFO - Started process (PID=7008) to work on /opt/airflow/dags/my_tasks.py
[2026-10-02T11:50:20.091+0000] {processor.py:914} INFO - Processing file /opt/airflow/dags/my_tasks.py for tasks to queue
[2026-10-02T11:50:20.094+0000] {logging_mixin.py:190} INFO - [2026-10-02T11:50:20.094+0000] {dagbag.py:588} INFO - Filling up the DagBag from /opt/airflow/dags/my_tasks.py
[2026-10-02T11:50:20.104+0000] {processor.py:925} INFO - DAG(s) 'my_dag' retrieved from /opt/airflow/dags/my_tasks.py
[2026-10-02T11:50:20.121+0000] {logging_mixin.py:190} INFO - [2026-10-02T11:50:20.121+0000] {dag.py:3239} INFO - Sync 1 DAGs
[2026-10-02T11:50:20.137+0000] {logging_mixin.py:190} INFO - [2026-10-02T11:50:20.137+0000] {dag.py:4180} INFO - Setting next_dagrun for my_dag to None, run_after=None
[2026-10-02T11:50:20.154+0000] {processor.py:208} INFO - Processing /opt/airflow/dags/my_tasks.py took 0.075 seconds
[2026-10-02T11:50:50.349+0000] {processor.py:186} INFO - Started process (PID=7019) to work on /opt/airflow/dags/my_tasks.py
[2026-10-02T11:50:50.350+0000] {processor.py:914} INFO - Processing file /opt/airflow/dags/my_tasks.py for tasks to queue
[2026-10-02T11:50:50.352+0000] {logging_mixin.py:190} INFO - [2026-10-02T11:50:50.352+0000] {dagbag.py:588} INFO - Filling up the DagBag from /opt/airflow/dags/my_tasks.py
[2026-10-02T11:50:50.358+0000] {processor.py:925} INFO - DAG(s) 'my_dag' retrieved from /opt/airflow/dags/my_tasks.py
[2026-10-02T11:50:50.376+0000] {logging_mixin.py:190} INFO - [2026-10-02T11:50:50.376+0000] {dag.py:3239} INFO - Sync 1 DAGs
[2026-10-02T11:50:50.391+0000] {logging_mixin.py:190} INFO - [2026-10-02T11:50:50.391+0000] {dag.py:4180} INFO - Setting next_dagrun for my_dag to None, run_after=None
[2026-10-02T11:50:50.411+0000] {processor.py:208} INFO - Processing /opt/airflow/dags/my_tasks.py took 0.066 seconds
[2026-10-02T11:51:20.606+0000] {processor.py:186} INFO - Started process (PID=7030) to work on /opt/airflow/dags/my_tasks.py
[2026-10-02T11:51:20.614+0000] {processor.py:914} INFO - Processing file /opt/airflow/dags/my_tasks.py for tasks to queue
[2026-10-02T11:51:20.616+0000] {logging_mixin.py:190} INFO - [2026-10-02T11:51:20.616+0000] {dagbag.py:588} INFO - Filling up the DagBag from /opt/airflow/dags/my_tasks.py
[2026-10-02T11:51:20.623+0000] {processor.py:925} INFO - DAG(s) 'my_dag' retrieved from /opt/airflow/dags/my_tasks.py
[2026-10-02T11:51:20.642+0000] {logging_mixin.py:190} INFO - [2026-10-02T11:51:20.641+0000] {dag.py:3239} INFO - Sync 1 DAGs
[2026-10-02T11:51:20.658+0000] {logging_mixin.py:190} INFO - [2026-10-02T11:51:20.658+0000] {dag.py:4180} INFO - Setting next_dagrun for my_dag to None, run_after=None
[2026-10-02T11:51:20.672+0000] {processor.py:208} INFO - Processing /opt/airflow/dags/my_tasks.py took 0.070 seconds
[2026-10-02T11:51:50.864+0000] {processor.py:186} INFO - Started process (PID=7041) to work on /opt/airflow/dags/my_tasks.py
[2026-10-02T11:51:50.865+0000] {processor.py:914} INFO - Processing file /opt/airflow/dags/my_tasks.py for tasks to queue
[2026-10-02T11:51:50.866+0000] {logging_mixin.py:190} INFO - [2026-10-02T11:51:50.866+0000] {dagbag.py:588} INFO - Filling up the DagBag from /opt/airflow/dags/my_tasks.py
[2026-10-02T11:51:50.873+0000] {processor.py:925} INFO - DAG(s) 'my_dag' retrieved from /opt/airflow/dags/my_tasks.py
[2026-10-02T11:51:50.890+0000] {logging_mixin.py:190} INFO - [2026-10-02T11:51:50.890+0000] {dag.py:3239} INFO - Sync 1 DAGs
[2026-10-02T11:51:50.907+0000] {logging_mixin.py:190} INFO - [2026-10-02T11:51:50.906+0000] {dag.py:4180} INFO - Setting next_dagrun for my_dag to None, run_after=None
[2026-10-02T11:51:50.920+0000] {processor.py:208} INFO - Processing /opt/airflow/dags/my_tasks.py took 0.060 seconds
[2026-10-02T11:52:21.156+0000] {processor.py:186} INFO - Started process (PID=7052) to work on /opt/airflow/dags/my_tasks.py
[2026-10-02T11:52:21.164+0000] {processor.py:914} INFO - Processing file /opt/airflow/dags/my_tasks.py for tasks to queue
[2026-10-02T11:52:21.167+0000] {logging_mixin.py:190} INFO - [2026-10-02T11:52:21.167+0000] {dagbag.py:588} INFO - Filling up the DagBag from /opt/airflow/dags/my_tasks.py
[2026-10-02T11:52:21.177+0000] {processor.py:925} INFO - DAG(s) 'my_dag' retrieved from /opt/airflow/dags/my_tasks.py
[2026-10-02T11:52:21.195+0000] {logging_mixin.py:190} INFO - [2026-10-02T11:52:21.195+0000] {dag.py:3239} INFO - Sync 1 DAGs
[2026-10-02T11:52:21.210+0000] {logging_mixin.py:190} INFO - [2026-10-02T11:52:21.210+0000] {dag.py:4180} INFO - Setting next_dagrun for my_dag to None, run_after=None
[2026-10-02T11:52:21.224+0000] {processor.py:208} INFO - Processing /opt/airflow/dags/my_tasks.py took 0.072 seconds
[2026-10-02T11:52:51.437+0000] {processor.py:186} INFO - Started process (PID=7063) to work on /opt/airflow/dags/my_tasks.py
[2026-10-02T11:52:51.437+0000] {processor.py:914} INFO - Processing file /opt/airflow/dags/my_tasks.py for tasks to queue
[2026-10-02T11:52:51.439+0000] {logging_mixin.py:190} INFO - [2026-10-02T11:52:51.439+0000] {dagbag.py:588} INFO - Filling up the DagBag from /opt/airflow/dags/my_tasks.py
[2026-10-02T11:52:51.446+0000] {processor.py:925} INFO - DAG(s) 'my_dag' retrieved from /opt/airflow/dags/my_tasks.py
[2026-10-02T11:52:51.463+0000] {logging_mixin.py:190} INFO - [2026-10-02T11:52:51.463+0000] {dag.py:3239} INFO - Sync 1 DAGs
[2026-10-02T11:52:51.479+0000] {logging_mixin.py:190} INFO - [2026-10-02T11:52:51.478+0000] {dag.py:4180} INFO - Setting next_dagrun for my_dag to None, run_after=None
[2026-10-02T11:52:51.492+0000] {processor.py:208} INFO - Processing /opt/airflow/dags/my_tasks.py took 0.060 seconds
[2026-10-02T11:53:21.710+0000] {processor.py:186} INFO - Started process (PID=7074) to work on /opt/airflow/dags/my_tasks.py
[2026-10-02T11:53:21.718+0000] {processor.py:914} INFO - Processing file /opt/airflow/dags/my_tasks.py for tasks to queue
[2026-10-02T11:53:21.720+0000] {logging_mixin.py:190} INFO - [2026-10-02T11:53:21.719+0000] {dagbag.py:588} INFO - Filling up the DagBag from /opt/airflow/dags/my_tasks.py
[2026-10-02T11:53:21.727+0000] {processor.py:925} INFO - DAG(s) 'my_dag' retrieved from /opt/airflow/dags/my_tasks.py
[2026-10-02T11:53:21.745+0000] {logging_mixin.py:190} INFO - [2026-10-02T11:53:21.744+0000] {dag.py:3239} INFO - Sync 1 DAGs
[2026-10-02T11:53:21.760+0000] {logging_mixin.py:190} INFO - [2026-10-02T11:53:21.760+0000] {dag.py:4180} INFO - Setting next_dagrun for my_dag to None, run_after=None
[2026-10-02T11:53:21.775+0000] {processor.py:208} INFO - Processing /opt/airflow/dags/my_tasks.py took 0.069 seconds
[2026-10-02T11:53:51.984+0000] {processor.py:186} INFO - Started process (PID=7085) to work on /opt/airflow/dags/my_tasks.py
[2026-10-02T11:53:51.985+0000] {processor.py:914} INFO - Processing file /opt/airflow/dags/my_tasks.py for tasks to queue
[2026-10-02T11:53:51.986+0000] {logging_mixin.py:190} INFO - [2026-10-02T11:53:51.986+0000] {dagbag.py:588} INFO - Filling up the DagBag from /opt/airflow/dags/my_tasks.py
[2026-10-02T11:53:51.994+0000] {processor.py:925} INFO - DAG(s) 'my_dag' retrieved from /opt/airflow/dags/my_tasks.py
[2026-10-02T11:53:52.012+0000] {logging_mixin.py:190} INFO - [2026-10-02T11:53:52.011+0000] {dag.py:3239} INFO - Sync 1 DAGs
[2026-10-02T11:53:52.027+0000] {logging_mixin.py:190} INFO - [2026-10-02T11:53:52.027+0000] {dag.py:4180} INFO - Setting next_dagrun for my_dag to None, run_after=None
[2026-10-02T11:53:52.041+0000] {processor.py:208} INFO - Processing /opt/airflow/dags/my_tasks.py took 0.061 seconds
[2026-10-02T11:54:22.273+0000] {processor.py:186} INFO - Started process (PID=7096) to work on /opt/airflow/dags/my_tasks.py
[2026-10-02T11:54:22.281+0000] {processor.py:914} INFO - Processing file /opt/airflow/dags/my_tasks.py for tasks to queue
[2026-10-02T11:54:22.283+0000] {logging_mixin.py:190} INFO - [2026-10-02T11:54:22.282+0000] {dagbag.py:588} INFO - Filling up the DagBag from /opt/airflow/dags/my_tasks.py
[2026-10-02T11:54:22.291+0000] {processor.py:925} INFO - DAG(s) 'my_dag' retrieved from /opt/airflow/dags/my_tasks.py
[2026-10-02T11:54:22.309+0000] {logging_mixin.py:190} INFO - [2026-10-02T11:54:22.309+0000] {dag.py:3239} INFO - Sync 1 DAGs
[2026-10-02T11:54:22.324+0000] {logging_mixin.py:190} INFO - [2026-10-02T11:54:22.324+0000] {dag.py:4180} INFO - Setting next_dagrun for my_dag to None, run_after=None
[2026-10-02T11:54:22.338+0000] {processor.py:208} INFO - Processing /opt/airflow/dags/my_tasks.py took 0.069 seconds
[2026-10-02T11:54:52.532+0000] {processor.py:186} INFO - Started process (PID=7107) to work on /opt/airflow/dags/my_tasks.py
[2026-10-02T11:54:52.540+0000] {processor.py:914} INFO - Processing file /opt/airflow/dags/my_tasks.py for tasks to queue
[2026-10-02T11:54:52.542+0000] {logging_mixin.py:190} INFO - [2026-10-02T11:54:52.542+0000] {dagbag.py:588} INFO - Filling up the DagBag from /opt/airflow/dags/my_tasks.py
[2026-10-02T11:54:52.549+0000] {processor.py:925} INFO - DAG(s) 'my_dag' retrieved from /opt/airflow/dags/my_tasks.py
[2026-10-02T11:54:52.566+0000] {logging_mixin.py:190} INFO - [2026-10-02T11:54:52.566+0000] {dag.py:3239} INFO - Sync 1 DAGs
[2026-10-02T11:54:52.581+0000] {logging_mixin.py:190} INFO - [2026-10-02T11:54:52.581+0000] {dag.py:4180} INFO - Setting next_dagrun for my_dag to None, run_after=None
[2026-10-02T11:54:52.597+0000] {processor.py:208} INFO - Processing /opt/airflow/dags/my_tasks.py took 0.070 seconds
[2026-10-02T11:55:22.821+0000] {processor.py:186} INFO - Started process (PID=7118) to work on /opt/airflow/dags/my_tasks.py
[2026-10-02T11:55:22.829+0000] {processor.py:914} INFO - Processing file /opt/airflow/dags/my_tasks.py for tasks to queue
[2026-10-02T11:55:22.832+0000] {logging_mixin.py:190} INFO - [2026-10-02T11:55:22.831+0000] {dagbag.py:588} INFO - Filling up the DagBag from /opt/airflow/dags/my_tasks.py
[2026-10-02T11:55:22.842+0000] {processor.py:925} INFO - DAG(s) 'my_dag' retrieved from /opt/airflow/dags/my_tasks.py
[2026-10-02T11:55:22.864+0000] {logging_mixin.py:190} INFO - [2026-10-02T11:55:22.864+0000] {dag.py:3239} INFO - Sync 1 DAGs
[2026-10-02T11:55:22.892+0000] {logging_mixin.py:190} INFO - [2026-10-02T11:55:22.892+0000] {dag.py:4180} INFO - Setting next_dagrun for my_dag to None, run_after=None
[2026-10-02T11:55:22.911+0000] {processor.py:208} INFO - Processing /opt/airflow/dags/my_tasks.py took 0.095 seconds
[2026-10-02T11:55:53.077+0000] {processor.py:186} INFO - Started process (PID=7129) to work on /opt/airflow/dags/my_tasks.py
[2026-10-02T11:55:53.085+0000] {processor.py:914} INFO - Processing file /opt/airflow/dags/my_tasks.py for tasks to queue
[2026-10-02T11:55:53.087+0000] {logging_mixin.py:190} INFO - [2026-10-02T11:55:53.087+0000] {dagbag.py:588} INFO - Filling up the DagBag from /opt/airflow/dags/my_tasks.py
[2026-10-02T11:55:53.093+0000] {processor.py:925} INFO - DAG(s) 'my_dag' retrieved from /opt/airflow/dags/my_tasks.py
[2026-10-02T11:55:53.111+0000] {logging_mixin.py:190} INFO - [2026-10-02T11:55:53.110+0000] {dag.py:3239} INFO - Sync 1 DAGs
[2026-10-02T11:55:53.126+0000] {logging_mixin.py:190} INFO - [2026-10-02T11:55:53.126+0000] {dag.py:4180} INFO - Setting next_dagrun for my_dag to None, run_after=None
[2026-10-02T11:55:53.140+0000] {processor.py:208} INFO - Processing /opt/airflow/dags/my_tasks.py took 0.068 seconds
[2026-10-02T11:56:23.347+0000] {processor.py:186} INFO - Started process (PID=7140) to work on /opt/airflow/dags/my_tasks.py
[2026-10-02T11:56:23.355+0000] {processor.py:914} INFO - Processing file /opt/airflow/dags/my_tasks.py for tasks to queue
[2026-10-02T11:56:23.358+0000] {logging_mixin.py:190} INFO - [2026-10-02T11:56:23.358+0000] {dagbag.py:588} INFO - Filling up the DagBag from /opt/airflow/dags/my_tasks.py
[2026-10-02T11:56:23.367+0000] {processor.py:925} INFO - DAG(s) 'my_dag' retrieved from /opt/airflow/dags/my_tasks.py
[2026-10-02T11:56:23.388+0000] {logging_mixin.py:190} INFO - [2026-10-02T11:56:23.388+0000] {dag.py:3239} INFO - Sync 1 DAGs
[2026-10-02T11:56:23.404+0000] {logging_mixin.py:190} INFO - [2026-10-02T11:56:23.404+0000] {dag.py:4180} INFO - Setting next_dagrun for my_dag to None, run_after=None
[2026-10-02T11:56:23.443+0000] {processor.py:208} INFO - Processing /opt/airflow/dags/my_tasks.py took 0.100 seconds
[2026-10-02T11:56:53.599+0000] {processor.py:186} INFO - Started process (PID=7151) to work on /opt/airflow/dags/my_tasks.py
[2026-10-02T11:56:53.607+0000] {processor.py:914} INFO - Processing file /opt/airflow/dags/my_tasks.py for tasks to queue
[2026-10-02T11:56:53.610+0000] {logging_mixin.py:190} INFO - [2026-10-02T11:56:53.610+0000] {dagbag.py:588} INFO - Filling up the DagBag from /opt/airflow/dags/my_tasks.py
[2026-10-02T11:56:53.621+0000] {processor.py:925} INFO - DAG(s) 'my_dag' retrieved from /opt/airflow/dags/my_tasks.py
[2026-10-02T11:56:53.639+0000] {logging_mixin.py:190} INFO - [2026-10-02T11:56:53.638+0000] {dag.py:3239} INFO - Sync 1 DAGs
[2026-10-02T11:56:53.654+0000] {logging_mixin.py:190} INFO - [2026-10-02T11:56:53.654+0000] {dag.py:4180} INFO - Setting next_dagrun for my_dag to None, run_after=None
[2026-10-02T11:56:53.667+0000] {processor.py:208} INFO - Processing /opt/airflow/dags/my_tasks.py took 0.073 seconds
[2026-10-02T11:57:23.903+0000] {processor.py:186} INFO - Started process (PID=7163) to work on /opt/airflow/dags/my_tasks.py
[2026-10-02T11:57:23.911+0000] {processor.py:914} INFO - Processing file /opt/airflow/dags/my_tasks.py for tasks to queue
[2026-10-02T11:57:23.913+0000] {logging_mixin.py:190} INFO - [2026-10-02T11:57:23.913+0000] {dagbag.py:588} INFO - Filling up the DagBag from /opt/airflow/dags/my_tasks.py
[2026-10-02T11:57:23.921+0000] {processor.py:925} INFO - DAG(s) 'my_dag' retrieved from /opt/airflow/dags/my_tasks.py
[2026-10-02T11:57:23.940+0000] {logging_mixin.py:190} INFO - [2026-10-02T11:57:23.940+0000] {dag.py:3239} INFO - Sync 1 DAGs
[2026-10-02T11:57:23.956+0000] {logging_mixin.py:190} INFO - [2026-10-02T11:57:23.955+0000] {dag.py:4180} INFO - Setting next_dagrun for my_dag to None, run_after=None
[2026-10-02T11:57:23.969+0000] {processor.py:208} INFO - Processing /opt/airflow/dags/my_tasks.py took 0.071 seconds
[2026-10-02T11:57:54.183+0000] {processor.py:186} INFO - Started process (PID=7174) to work on /opt/airflow/dags/my_tasks.py
[2026-10-02T11:57:54.191+0000] {processor.py:914} INFO - Processing file /opt/airflow/dags/my_tasks.py for tasks to queue
[2026-10-02T11:57:54.195+0000] {logging_mixin.py:190} INFO - [2026-10-02T11:57:54.194+0000] {dagbag.py:588} INFO - Filling up the DagBag from /opt/airflow/dags/my_tasks.py
[2026-10-02T11:57:54.204+0000] {processor.py:925} INFO - DAG(s) 'my_dag' retrieved from /opt/airflow/dags/my_tasks.py
[2026-10-02T11:57:54.221+0000] {logging_mixin.py:190} INFO - [2026-10-02T11:57:54.221+0000] {dag.py:3239} INFO - Sync 1 DAGs
[2026-10-02T11:57:54.237+0000] {logging_mixin.py:190} INFO - [2026-10-02T11:57:54.237+0000] {dag.py:4180} INFO - Setting next_dagrun for my_dag to None, run_after=None
[2026-10-02T11:57:54.250+0000] {processor.py:208} INFO - Processing /opt/airflow/dags/my_tasks.py took 0.071 seconds
[2026-10-02T11:58:24.443+0000] {processor.py:186} INFO - Started process (PID=7185) to work on /opt/airflow/dags/my_tasks.py
[2026-10-02T11:58:24.446+0000] {processor.py:914} INFO - Processing file /opt/airflow/dags/my_tasks.py for tasks to queue
[2026-10-02T11:58:24.448+0000] {logging_mixin.py:190} INFO - [2026-10-02T11:58:24.448+0000] {dagbag.py:588} INFO - Filling up the DagBag from /opt/airflow/dags/my_tasks.py
[2026-10-02T11:58:24.456+0000] {processor.py:925} INFO - DAG(s) 'my_dag' retrieved from /opt/airflow/dags/my_tasks.py
[2026-10-02T11:58:24.473+0000] {logging_mixin.py:190} INFO - [2026-10-02T11:58:24.473+0000] {dag.py:3239} INFO - Sync 1 DAGs
[2026-10-02T11:58:24.489+0000] {logging_mixin.py:190} INFO - [2026-10-02T11:58:24.488+0000] {dag.py:4180} INFO - Setting next_dagrun for my_dag to None, run_after=None
[2026-10-02T11:58:24.511+0000] {processor.py:208} INFO - Processing /opt/airflow/dags/my_tasks.py took 0.072 seconds
[2026-10-02T11:58:54.716+0000] {processor.py:186} INFO - Started process (PID=7196) to work on /opt/airflow/dags/my_tasks.py
[2026-10-02T11:58:54.725+0000] {processor.py:914} INFO - Processing file /opt/airflow/dags/my_tasks.py for tasks to queue
[2026-10-02T11:58:54.729+0000] {logging_mixin.py:190} INFO - [2026-10-02T11:58:54.728+0000] {dagbag.py:588} INFO - Filling up the DagBag from /opt/airflow/dags/my_tasks.py
[2026-10-02T11:58:54.738+0000] {processor.py:925} INFO - DAG(s) 'my_dag' retrieved from /opt/airflow/dags/my_tasks.py
[2026-10-02T11:58:54.755+0000] {logging_mixin.py:190} INFO - [2026-10-02T11:58:54.755+0000] {dag.py:3239} INFO - Sync 1 DAGs
[2026-10-02T11:58:54.771+0000] {logging_mixin.py:190} INFO - [2026-10-02T11:58:54.770+0000] {dag.py:4180} INFO - Setting next_dagrun for my_dag to None, run_after=None
[2026-10-02T11:58:54.786+0000] {processor.py:208} INFO - Processing /opt/airflow/dags/my_tasks.py took 0.075 seconds
[2026-10-02T11:59:24.997+0000] {processor.py:186} INFO - Started process (PID=7207) to work on /opt/airflow/dags/my_tasks.py
[2026-10-02T11:59:24.998+0000] {processor.py:914} INFO - Processing file /opt/airflow/dags/my_tasks.py for tasks to queue
[2026-10-02T11:59:25.000+0000] {logging_mixin.py:190} INFO - [2026-10-02T11:59:25.000+0000] {dagbag.py:588} INFO - Filling up the DagBag from /opt/airflow/dags/my_tasks.py
[2026-10-02T11:59:25.008+0000] {processor.py:925} INFO - DAG(s) 'my_dag' retrieved from /opt/airflow/dags/my_tasks.py
[2026-10-02T11:59:25.027+0000] {logging_mixin.py:190} INFO - [2026-10-02T11:59:25.027+0000] {dag.py:3239} INFO - Sync 1 DAGs
[2026-10-02T11:59:25.043+0000] {logging_mixin.py:190} INFO - [2026-10-02T11:59:25.043+0000] {dag.py:4180} INFO - Setting next_dagrun for my_dag to None, run_after=None
[2026-10-02T11:59:25.057+0000] {processor.py:208} INFO - Processing /opt/airflow/dags/my_tasks.py took 0.067 seconds
[2026-10-02T11:59:55.286+0000] {processor.py:186} INFO - Started process (PID=7218) to work on /opt/airflow/dags/my_tasks.py
[2026-10-02T11:59:55.294+0000] {processor.py:914} INFO - Processing file /opt/airflow/dags/my_tasks.py for tasks to queue
[2026-10-02T11:59:55.296+0000] {logging_mixin.py:190} INFO - [2026-10-02T11:59:55.296+0000] {dagbag.py:588} INFO - Filling up the DagBag from /opt/airflow/dags/my_tasks.py
[2026-10-02T11:59:55.304+0000] {processor.py:925} INFO - DAG(s) 'my_dag' retrieved from /opt/airflow/dags/my_tasks.py
[2026-10-02T11:59:55.322+0000] {logging_mixin.py:190} INFO - [2026-10-02T11:59:55.321+0000] {dag.py:3239} INFO - Sync 1 DAGs
[2026-10-02T11:59:55.337+0000] {logging_mixin.py:190} INFO - [2026-10-02T11:59:55.337+0000] {dag.py:4180} INFO - Setting next_dagrun for my_dag to None, run_after=None
[2026-10-02T11:59:55.351+0000] {processor.py:208} INFO - Processing /opt/airflow/dags/my_tasks.py took 0.069 seconds
[2026-10-02T12:00:25.556+0000] {processor.py:186} INFO - Started process (PID=7229) to work on /opt/airflow/dags/my_tasks.py
[2026-10-02T12:00:25.561+0000] {processor.py:914} INFO - Processing file /opt/airflow/dags/my_tasks.py for tasks to queue
[2026-10-02T12:00:25.563+0000] {logging_mixin.py:190} INFO - [2026-10-02T12:00:25.563+0000] {dagbag.py:588} INFO - Filling up the DagBag from /opt/airflow/dags/my_tasks.py
[2026-10-02T12:00:25.570+0000] {processor.py:925} INFO - DAG(s) 'my_dag' retrieved from /opt/airflow/dags/my_tasks.py
[2026-10-02T12:00:25.587+0000] {logging_mixin.py:190} INFO - [2026-10-02T12:00:25.587+0000] {dag.py:3239} INFO - Sync 1 DAGs
[2026-10-02T12:00:25.602+0000] {logging_mixin.py:190} INFO - [2026-10-02T12:00:25.602+0000] {dag.py:4180} INFO - Setting next_dagrun for my_dag to None, run_after=None
[2026-10-02T12:00:25.617+0000] {processor.py:208} INFO - Processing /opt/airflow/dags/my_tasks.py took 0.065 seconds
[2026-10-02T12:00:55.843+0000] {processor.py:186} INFO - Started process (PID=7240) to work on /opt/airflow/dags/my_tasks.py
[2026-10-02T12:00:55.845+0000] {processor.py:914} INFO - Processing file /opt/airflow/dags/my_tasks.py for tasks to queue
[2026-10-02T12:00:55.847+0000] {logging_mixin.py:190} INFO - [2026-10-02T12:00:55.847+0000] {dagbag.py:588} INFO - Filling up the DagBag from /opt/airflow/dags/my_tasks.py
[2026-10-02T12:00:55.854+0000] {processor.py:925} INFO - DAG(s) 'my_dag' retrieved from /opt/airflow/dags/my_tasks.py
[2026-10-02T12:00:55.872+0000] {logging_mixin.py:190} INFO - [2026-10-02T12:00:55.872+0000] {dag.py:3239} INFO - Sync 1 DAGs
[2026-10-02T12:00:55.889+0000] {logging_mixin.py:190} INFO - [2026-10-02T12:00:55.888+0000] {dag.py:4180} INFO - Setting next_dagrun for my_dag to None, run_after=None
[2026-10-02T12:00:55.903+0000] {processor.py:208} INFO - Processing /opt/airflow/dags/my_tasks.py took 0.065 seconds
[2026-10-02T12:01:26.112+0000] {processor.py:186} INFO - Started process (PID=7251) to work on /opt/airflow/dags/my_tasks.py
[2026-10-02T12:01:26.113+0000] {processor.py:914} INFO - Processing file /opt/airflow/dags/my_tasks.py for tasks to queue
[2026-10-02T12:01:26.114+0000] {logging_mixin.py:190} INFO - [2026-10-02T12:01:26.114+0000] {dagbag.py:588} INFO - Filling up the DagBag from /opt/airflow/dags/my_tasks.py
[2026-10-02T12:01:26.121+0000] {processor.py:925} INFO - DAG(s) 'my_dag' retrieved from /opt/airflow/dags/my_tasks.py
[2026-10-02T12:01:26.139+0000] {logging_mixin.py:190} INFO - [2026-10-02T12:01:26.138+0000] {dag.py:3239} INFO - Sync 1 DAGs
[2026-10-02T12:01:26.154+0000] {logging_mixin.py:190} INFO - [2026-10-02T12:01:26.154+0000] {dag.py:4180} INFO - Setting next_dagrun for my_dag to None, run_after=None
[2026-10-02T12:01:26.167+0000] {processor.py:208} INFO - Processing /opt/airflow/dags/my_tasks.py took 0.059 seconds
[2026-10-02T12:01:56.388+0000] {processor.py:186} INFO - Started process (PID=7326) to work on /opt/airflow/dags/my_tasks.py
[2026-10-02T12:01:56.396+0000] {processor.py:914} INFO - Processing file /opt/airflow/dags/my_tasks.py for tasks to queue
[2026-10-02T12:01:56.399+0000] {logging_mixin.py:190} INFO - [2026-10-02T12:01:56.399+0000] {dagbag.py:588} INFO - Filling up the DagBag from /opt/airflow/dags/my_tasks.py
[2026-10-02T12:01:56.407+0000] {processor.py:925} INFO - DAG(s) 'my_dag' retrieved from /opt/airflow/dags/my_tasks.py
[2026-10-02T12:01:56.430+0000] {logging_mixin.py:190} INFO - [2026-10-02T12:01:56.430+0000] {dag.py:3239} INFO - Sync 1 DAGs
[2026-10-02T12:01:56.449+0000] {logging_mixin.py:190} INFO - [2026-10-02T12:01:56.449+0000] {dag.py:4180} INFO - Setting next_dagrun for my_dag to None, run_after=None
[2026-10-02T12:01:56.465+0000] {processor.py:208} INFO - Processing /opt/airflow/dags/my_tasks.py took 0.082 seconds
[2026-10-02T16:43:51.335+0000] {processor.py:186} INFO - Started process (PID=185) to work on /opt/airflow/dags/my_tasks.py
[2026-10-02T16:43:51.335+0000] {processor.py:914} INFO - Processing file /opt/airflow/dags/my_tasks.py for tasks to queue
[2026-10-02T16:43:51.337+0000] {logging_mixin.py:190} INFO - [2026-10-02T16:43:51.337+0000] {dagbag.py:588} INFO - Filling up the DagBag from /opt/airflow/dags/my_tasks.py
[2026-10-02T16:43:51.350+0000] {processor.py:925} INFO - DAG(s) 'my_dag' retrieved from /opt/airflow/dags/my_tasks.py
[2026-10-02T16:43:51.385+0000] {logging_mixin.py:190} INFO - [2026-10-02T16:43:51.385+0000] {dag.py:3239} INFO - Sync 1 DAGs
[2026-10-02T16:43:51.403+0000] {logging_mixin.py:190} INFO - [2026-10-02T16:43:51.403+0000] {dag.py:4180} INFO - Setting next_dagrun for my_dag to None, run_after=None
[2026-10-02T16:43:51.418+0000] {processor.py:208} INFO - Processing /opt/airflow/dags/my_tasks.py took 0.087 seconds
[2026-10-02T16:44:21.563+0000] {processor.py:186} INFO - Started process (PID=196) to work on /opt/airflow/dags/my_tasks.py
[2026-10-02T16:44:21.571+0000] {processor.py:914} INFO - Processing file /opt/airflow/dags/my_tasks.py for tasks to queue
[2026-10-02T16:44:21.573+0000] {logging_mixin.py:190} INFO - [2026-10-02T16:44:21.573+0000] {dagbag.py:588} INFO - Filling up the DagBag from /opt/airflow/dags/my_tasks.py
[2026-10-02T16:44:21.583+0000] {processor.py:925} INFO - DAG(s) 'my_dag' retrieved from /opt/airflow/dags/my_tasks.py
[2026-10-02T16:44:21.601+0000] {logging_mixin.py:190} INFO - [2026-10-02T16:44:21.601+0000] {dag.py:3239} INFO - Sync 1 DAGs
[2026-10-02T16:44:21.620+0000] {logging_mixin.py:190} INFO - [2026-10-02T16:44:21.620+0000] {dag.py:4180} INFO - Setting next_dagrun for my_dag to None, run_after=None
[2026-10-02T16:44:21.633+0000] {processor.py:208} INFO - Processing /opt/airflow/dags/my_tasks.py took 0.074 seconds
[2026-10-02T16:44:51.821+0000] {processor.py:186} INFO - Started process (PID=213) to work on /opt/airflow/dags/my_tasks.py
[2026-10-02T16:44:51.829+0000] {processor.py:914} INFO - Processing file /opt/airflow/dags/my_tasks.py for tasks to queue
[2026-10-02T16:44:51.831+0000] {logging_mixin.py:190} INFO - [2026-10-02T16:44:51.831+0000] {dagbag.py:588} INFO - Filling up the DagBag from /opt/airflow/dags/my_tasks.py
[2026-10-02T16:44:51.840+0000] {processor.py:925} INFO - DAG(s) 'my_dag' retrieved from /opt/airflow/dags/my_tasks.py
[2026-10-02T16:44:51.861+0000] {logging_mixin.py:190} INFO - [2026-10-02T16:44:51.860+0000] {dag.py:3239} INFO - Sync 1 DAGs
[2026-10-02T16:44:51.876+0000] {logging_mixin.py:190} INFO - [2026-10-02T16:44:51.876+0000] {dag.py:4180} INFO - Setting next_dagrun for my_dag to None, run_after=None
[2026-10-02T16:44:51.891+0000] {processor.py:208} INFO - Processing /opt/airflow/dags/my_tasks.py took 0.074 seconds
[2026-10-02T16:45:22.062+0000] {processor.py:186} INFO - Started process (PID=224) to work on /opt/airflow/dags/my_tasks.py
[2026-10-02T16:45:22.062+0000] {processor.py:914} INFO - Processing file /opt/airflow/dags/my_tasks.py for tasks to queue
[2026-10-02T16:45:22.064+0000] {logging_mixin.py:190} INFO - [2026-10-02T16:45:22.063+0000] {dagbag.py:588} INFO - Filling up the DagBag from /opt/airflow/dags/my_tasks.py
[2026-10-02T16:45:22.071+0000] {processor.py:925} INFO - DAG(s) 'my_dag' retrieved from /opt/airflow/dags/my_tasks.py
[2026-10-02T16:45:22.089+0000] {logging_mixin.py:190} INFO - [2026-10-02T16:45:22.089+0000] {dag.py:3239} INFO - Sync 1 DAGs
[2026-10-02T16:45:22.106+0000] {logging_mixin.py:190} INFO - [2026-10-02T16:45:22.106+0000] {dag.py:4180} INFO - Setting next_dagrun for my_dag to None, run_after=None
[2026-10-02T16:45:22.122+0000] {processor.py:208} INFO - Processing /opt/airflow/dags/my_tasks.py took 0.065 seconds
[2026-10-02T16:45:52.331+0000] {processor.py:186} INFO - Started process (PID=235) to work on /opt/airflow/dags/my_tasks.py
[2026-10-02T16:45:52.339+0000] {processor.py:914} INFO - Processing file /opt/airflow/dags/my_tasks.py for tasks to queue
[2026-10-02T16:45:52.341+0000] {logging_mixin.py:190} INFO - [2026-10-02T16:45:52.340+0000] {dagbag.py:588} INFO - Filling up the DagBag from /opt/airflow/dags/my_tasks.py
[2026-10-02T16:45:52.347+0000] {processor.py:925} INFO - DAG(s) 'my_dag' retrieved from /opt/airflow/dags/my_tasks.py
[2026-10-02T16:45:52.365+0000] {logging_mixin.py:190} INFO - [2026-10-02T16:45:52.365+0000] {dag.py:3239} INFO - Sync 1 DAGs
[2026-10-02T16:45:52.382+0000] {logging_mixin.py:190} INFO - [2026-10-02T16:45:52.381+0000] {dag.py:4180} INFO - Setting next_dagrun for my_dag to None, run_after=None
[2026-10-02T16:45:52.397+0000] {processor.py:208} INFO - Processing /opt/airflow/dags/my_tasks.py took 0.070 seconds
[2026-10-02T16:46:22.603+0000] {processor.py:186} INFO - Started process (PID=246) to work on /opt/airflow/dags/my_tasks.py
[2026-10-02T16:46:22.611+0000] {processor.py:914} INFO - Processing file /opt/airflow/dags/my_tasks.py for tasks to queue
[2026-10-02T16:46:22.613+0000] {logging_mixin.py:190} INFO - [2026-10-02T16:46:22.613+0000] {dagbag.py:588} INFO - Filling up the DagBag from /opt/airflow/dags/my_tasks.py
[2026-10-02T16:46:22.620+0000] {processor.py:925} INFO - DAG(s) 'my_dag' retrieved from /opt/airflow/dags/my_tasks.py
[2026-10-02T16:46:22.639+0000] {logging_mixin.py:190} INFO - [2026-10-02T16:46:22.639+0000] {dag.py:3239} INFO - Sync 1 DAGs
[2026-10-02T16:46:22.656+0000] {logging_mixin.py:190} INFO - [2026-10-02T16:46:22.656+0000] {dag.py:4180} INFO - Setting next_dagrun for my_dag to None, run_after=None
[2026-10-02T16:46:22.671+0000] {processor.py:208} INFO - Processing /opt/airflow/dags/my_tasks.py took 0.073 seconds
[2026-10-02T16:46:52.832+0000] {processor.py:186} INFO - Started process (PID=257) to work on /opt/airflow/dags/my_tasks.py
[2026-10-02T16:46:53.188+0000] {processor.py:914} INFO - Processing file /opt/airflow/dags/my_tasks.py for tasks to queue
[2026-10-02T16:46:53.190+0000] {logging_mixin.py:190} INFO - [2026-10-02T16:46:53.190+0000] {dagbag.py:588} INFO - Filling up the DagBag from /opt/airflow/dags/my_tasks.py
[2026-10-02T16:46:53.200+0000] {processor.py:925} INFO - DAG(s) 'my_dag' retrieved from /opt/airflow/dags/my_tasks.py
[2026-10-02T16:46:53.223+0000] {logging_mixin.py:190} INFO - [2026-10-02T16:46:53.223+0000] {dag.py:3239} INFO - Sync 1 DAGs
[2026-10-02T16:46:53.241+0000] {logging_mixin.py:190} INFO - [2026-10-02T16:46:53.241+0000] {dag.py:4180} INFO - Setting next_dagrun for my_dag to None, run_after=None
[2026-10-02T16:46:53.271+0000] {processor.py:208} INFO - Processing /opt/airflow/dags/my_tasks.py took 0.443 seconds
[2026-10-02T16:47:23.445+0000] {processor.py:186} INFO - Started process (PID=268) to work on /opt/airflow/dags/my_tasks.py
[2026-10-02T16:47:23.722+0000] {processor.py:914} INFO - Processing file /opt/airflow/dags/my_tasks.py for tasks to queue
[2026-10-02T16:47:23.724+0000] {logging_mixin.py:190} INFO - [2026-10-02T16:47:23.724+0000] {dagbag.py:588} INFO - Filling up the DagBag from /opt/airflow/dags/my_tasks.py
[2026-10-02T16:47:23.730+0000] {processor.py:925} INFO - DAG(s) 'my_dag' retrieved from /opt/airflow/dags/my_tasks.py
[2026-10-02T16:47:23.750+0000] {logging_mixin.py:190} INFO - [2026-10-02T16:47:23.750+0000] {dag.py:3239} INFO - Sync 1 DAGs
[2026-10-02T16:47:23.767+0000] {logging_mixin.py:190} INFO - [2026-10-02T16:47:23.767+0000] {dag.py:4180} INFO - Setting next_dagrun for my_dag to None, run_after=None
[2026-10-02T16:47:23.782+0000] {processor.py:208} INFO - Processing /opt/airflow/dags/my_tasks.py took 0.343 seconds
[2026-10-02T16:47:53.967+0000] {processor.py:186} INFO - Started process (PID=279) to work on /opt/airflow/dags/my_tasks.py
[2026-10-02T16:47:54.234+0000] {processor.py:914} INFO - Processing file /opt/airflow/dags/my_tasks.py for tasks to queue
[2026-10-02T16:47:54.236+0000] {logging_mixin.py:190} INFO - [2026-10-02T16:47:54.236+0000] {dagbag.py:588} INFO - Filling up the DagBag from /opt/airflow/dags/my_tasks.py
[2026-10-02T16:47:54.250+0000] {processor.py:925} INFO - DAG(s) 'my_dag' retrieved from /opt/airflow/dags/my_tasks.py
[2026-10-02T16:47:54.278+0000] {logging_mixin.py:190} INFO - [2026-10-02T16:47:54.278+0000] {dag.py:3239} INFO - Sync 1 DAGs
[2026-10-02T16:47:54.309+0000] {logging_mixin.py:190} INFO - [2026-10-02T16:47:54.309+0000] {dag.py:4180} INFO - Setting next_dagrun for my_dag to None, run_after=None
[2026-10-02T16:47:54.341+0000] {processor.py:208} INFO - Processing /opt/airflow/dags/my_tasks.py took 0.385 seconds
[2026-10-02T16:48:24.372+0000] {processor.py:186} INFO - Started process (PID=290) to work on /opt/airflow/dags/my_tasks.py
[2026-10-02T16:48:24.375+0000] {processor.py:914} INFO - Processing file /opt/airflow/dags/my_tasks.py for tasks to queue
[2026-10-02T16:48:24.376+0000] {logging_mixin.py:190} INFO - [2026-10-02T16:48:24.376+0000] {dagbag.py:588} INFO - Filling up the DagBag from /opt/airflow/dags/my_tasks.py
[2026-10-02T16:48:24.384+0000] {processor.py:925} INFO - DAG(s) 'my_dag' retrieved from /opt/airflow/dags/my_tasks.py
[2026-10-02T16:48:24.403+0000] {logging_mixin.py:190} INFO - [2026-10-02T16:48:24.403+0000] {dag.py:3239} INFO - Sync 1 DAGs
[2026-10-02T16:48:24.421+0000] {logging_mixin.py:190} INFO - [2026-10-02T16:48:24.421+0000] {dag.py:4180} INFO - Setting next_dagrun for my_dag to None, run_after=None
[2026-10-02T16:48:24.437+0000] {processor.py:208} INFO - Processing /opt/airflow/dags/my_tasks.py took 0.069 seconds
[2026-10-02T16:48:54.613+0000] {processor.py:186} INFO - Started process (PID=301) to work on /opt/airflow/dags/my_tasks.py
[2026-10-02T16:48:54.613+0000] {processor.py:914} INFO - Processing file /opt/airflow/dags/my_tasks.py for tasks to queue
[2026-10-02T16:48:54.615+0000] {logging_mixin.py:190} INFO - [2026-10-02T16:48:54.615+0000] {dagbag.py:588} INFO - Filling up the DagBag from /opt/airflow/dags/my_tasks.py
[2026-10-02T16:48:54.622+0000] {processor.py:925} INFO - DAG(s) 'my_dag' retrieved from /opt/airflow/dags/my_tasks.py
[2026-10-02T16:48:54.642+0000] {logging_mixin.py:190} INFO - [2026-10-02T16:48:54.642+0000] {dag.py:3239} INFO - Sync 1 DAGs
[2026-10-02T16:48:54.659+0000] {logging_mixin.py:190} INFO - [2026-10-02T16:48:54.658+0000] {dag.py:4180} INFO - Setting next_dagrun for my_dag to None, run_after=None
[2026-10-02T16:48:54.673+0000] {processor.py:208} INFO - Processing /opt/airflow/dags/my_tasks.py took 0.065 seconds
[2026-10-02T16:49:24.858+0000] {processor.py:186} INFO - Started process (PID=312) to work on /opt/airflow/dags/my_tasks.py
[2026-10-02T16:49:24.859+0000] {processor.py:914} INFO - Processing file /opt/airflow/dags/my_tasks.py for tasks to queue
[2026-10-02T16:49:24.860+0000] {logging_mixin.py:190} INFO - [2026-10-02T16:49:24.860+0000] {dagbag.py:588} INFO - Filling up the DagBag from /opt/airflow/dags/my_tasks.py
[2026-10-02T16:49:24.867+0000] {processor.py:925} INFO - DAG(s) 'my_dag' retrieved from /opt/airflow/dags/my_tasks.py
[2026-10-02T16:49:24.885+0000] {logging_mixin.py:190} INFO - [2026-10-02T16:49:24.885+0000] {dag.py:3239} INFO - Sync 1 DAGs
[2026-10-02T16:49:24.903+0000] {logging_mixin.py:190} INFO - [2026-10-02T16:49:24.902+0000] {dag.py:4180} INFO - Setting next_dagrun for my_dag to None, run_after=None
[2026-10-02T16:49:24.919+0000] {processor.py:208} INFO - Processing /opt/airflow/dags/my_tasks.py took 0.064 seconds
[2026-10-02T16:49:55.120+0000] {processor.py:186} INFO - Started process (PID=323) to work on /opt/airflow/dags/my_tasks.py
[2026-10-02T16:49:55.120+0000] {processor.py:914} INFO - Processing file /opt/airflow/dags/my_tasks.py for tasks to queue
[2026-10-02T16:49:55.122+0000] {logging_mixin.py:190} INFO - [2026-10-02T16:49:55.122+0000] {dagbag.py:588} INFO - Filling up the DagBag from /opt/airflow/dags/my_tasks.py
[2026-10-02T16:49:55.132+0000] {processor.py:925} INFO - DAG(s) 'my_dag' retrieved from /opt/airflow/dags/my_tasks.py
[2026-10-02T16:49:55.164+0000] {logging_mixin.py:190} INFO - [2026-10-02T16:49:55.163+0000] {dag.py:3239} INFO - Sync 1 DAGs
[2026-10-02T16:49:55.194+0000] {logging_mixin.py:190} INFO - [2026-10-02T16:49:55.193+0000] {dag.py:4180} INFO - Setting next_dagrun for my_dag to None, run_after=None
[2026-10-02T16:49:55.213+0000] {processor.py:208} INFO - Processing /opt/airflow/dags/my_tasks.py took 0.096 seconds
[2026-10-02T16:50:25.364+0000] {processor.py:186} INFO - Started process (PID=334) to work on /opt/airflow/dags/my_tasks.py
[2026-10-02T16:50:25.372+0000] {processor.py:914} INFO - Processing file /opt/airflow/dags/my_tasks.py for tasks to queue
[2026-10-02T16:50:25.373+0000] {logging_mixin.py:190} INFO - [2026-10-02T16:50:25.373+0000] {dagbag.py:588} INFO - Filling up the DagBag from /opt/airflow/dags/my_tasks.py
[2026-10-02T16:50:25.380+0000] {processor.py:925} INFO - DAG(s) 'my_dag' retrieved from /opt/airflow/dags/my_tasks.py
[2026-10-02T16:50:25.399+0000] {logging_mixin.py:190} INFO - [2026-10-02T16:50:25.399+0000] {dag.py:3239} INFO - Sync 1 DAGs
[2026-10-02T16:50:25.419+0000] {logging_mixin.py:190} INFO - [2026-10-02T16:50:25.419+0000] {dag.py:4180} INFO - Setting next_dagrun for my_dag to None, run_after=None
[2026-10-02T16:50:25.436+0000] {processor.py:208} INFO - Processing /opt/airflow/dags/my_tasks.py took 0.077 seconds
[2026-10-02T16:50:55.628+0000] {processor.py:186} INFO - Started process (PID=345) to work on /opt/airflow/dags/my_tasks.py
[2026-10-02T16:50:55.628+0000] {processor.py:914} INFO - Processing file /opt/airflow/dags/my_tasks.py for tasks to queue
[2026-10-02T16:50:55.630+0000] {logging_mixin.py:190} INFO - [2026-10-02T16:50:55.629+0000] {dagbag.py:588} INFO - Filling up the DagBag from /opt/airflow/dags/my_tasks.py
[2026-10-02T16:50:55.637+0000] {processor.py:925} INFO - DAG(s) 'my_dag' retrieved from /opt/airflow/dags/my_tasks.py
[2026-10-02T16:50:55.656+0000] {logging_mixin.py:190} INFO - [2026-10-02T16:50:55.656+0000] {dag.py:3239} INFO - Sync 1 DAGs
[2026-10-02T16:50:55.672+0000] {logging_mixin.py:190} INFO - [2026-10-02T16:50:55.672+0000] {dag.py:4180} INFO - Setting next_dagrun for my_dag to None, run_after=None
[2026-10-02T16:50:55.686+0000] {processor.py:208} INFO - Processing /opt/airflow/dags/my_tasks.py took 0.063 seconds
[2026-10-02T16:51:25.845+0000] {processor.py:186} INFO - Started process (PID=356) to work on /opt/airflow/dags/my_tasks.py
[2026-10-02T16:51:25.846+0000] {processor.py:914} INFO - Processing file /opt/airflow/dags/my_tasks.py for tasks to queue
[2026-10-02T16:51:25.848+0000] {logging_mixin.py:190} INFO - [2026-10-02T16:51:25.847+0000] {dagbag.py:588} INFO - Filling up the DagBag from /opt/airflow/dags/my_tasks.py
[2026-10-02T16:51:25.856+0000] {processor.py:925} INFO - DAG(s) 'my_dag' retrieved from /opt/airflow/dags/my_tasks.py
[2026-10-02T16:51:25.877+0000] {logging_mixin.py:190} INFO - [2026-10-02T16:51:25.876+0000] {dag.py:3239} INFO - Sync 1 DAGs
[2026-10-02T16:51:25.894+0000] {logging_mixin.py:190} INFO - [2026-10-02T16:51:25.894+0000] {dag.py:4180} INFO - Setting next_dagrun for my_dag to None, run_after=None
[2026-10-02T16:51:25.910+0000] {processor.py:208} INFO - Processing /opt/airflow/dags/my_tasks.py took 0.069 seconds
[2026-10-02T16:51:56.080+0000] {processor.py:186} INFO - Started process (PID=367) to work on /opt/airflow/dags/my_tasks.py
[2026-10-02T16:51:56.081+0000] {processor.py:914} INFO - Processing file /opt/airflow/dags/my_tasks.py for tasks to queue
[2026-10-02T16:51:56.083+0000] {logging_mixin.py:190} INFO - [2026-10-02T16:51:56.082+0000] {dagbag.py:588} INFO - Filling up the DagBag from /opt/airflow/dags/my_tasks.py
[2026-10-02T16:51:56.090+0000] {processor.py:925} INFO - DAG(s) 'my_dag' retrieved from /opt/airflow/dags/my_tasks.py
[2026-10-02T16:51:56.112+0000] {logging_mixin.py:190} INFO - [2026-10-02T16:51:56.111+0000] {dag.py:3239} INFO - Sync 1 DAGs
[2026-10-02T16:51:56.131+0000] {logging_mixin.py:190} INFO - [2026-10-02T16:51:56.131+0000] {dag.py:4180} INFO - Setting next_dagrun for my_dag to None, run_after=None
[2026-10-02T16:51:56.145+0000] {processor.py:208} INFO - Processing /opt/airflow/dags/my_tasks.py took 0.070 seconds
[2026-10-02T16:52:26.301+0000] {processor.py:186} INFO - Started process (PID=378) to work on /opt/airflow/dags/my_tasks.py
[2026-10-02T16:52:26.302+0000] {processor.py:914} INFO - Processing file /opt/airflow/dags/my_tasks.py for tasks to queue
[2026-10-02T16:52:26.303+0000] {logging_mixin.py:190} INFO - [2026-10-02T16:52:26.303+0000] {dagbag.py:588} INFO - Filling up the DagBag from /opt/airflow/dags/my_tasks.py
[2026-10-02T16:52:26.314+0000] {processor.py:925} INFO - DAG(s) 'my_dag' retrieved from /opt/airflow/dags/my_tasks.py
[2026-10-02T16:52:26.332+0000] {logging_mixin.py:190} INFO - [2026-10-02T16:52:26.332+0000] {dag.py:3239} INFO - Sync 1 DAGs
[2026-10-02T16:52:26.347+0000] {logging_mixin.py:190} INFO - [2026-10-02T16:52:26.347+0000] {dag.py:4180} INFO - Setting next_dagrun for my_dag to None, run_after=None
[2026-10-02T16:52:26.361+0000] {processor.py:208} INFO - Processing /opt/airflow/dags/my_tasks.py took 0.064 seconds
[2026-10-02T16:52:56.556+0000] {processor.py:186} INFO - Started process (PID=389) to work on /opt/airflow/dags/my_tasks.py
[2026-10-02T16:52:56.556+0000] {processor.py:914} INFO - Processing file /opt/airflow/dags/my_tasks.py for tasks to queue
[2026-10-02T16:52:56.558+0000] {logging_mixin.py:190} INFO - [2026-10-02T16:52:56.558+0000] {dagbag.py:588} INFO - Filling up the DagBag from /opt/airflow/dags/my_tasks.py
[2026-10-02T16:52:56.568+0000] {processor.py:925} INFO - DAG(s) 'my_dag' retrieved from /opt/airflow/dags/my_tasks.py
[2026-10-02T16:52:56.588+0000] {logging_mixin.py:190} INFO - [2026-10-02T16:52:56.587+0000] {dag.py:3239} INFO - Sync 1 DAGs
[2026-10-02T16:52:56.606+0000] {logging_mixin.py:190} INFO - [2026-10-02T16:52:56.606+0000] {dag.py:4180} INFO - Setting next_dagrun for my_dag to None, run_after=None
[2026-10-02T16:52:56.621+0000] {processor.py:208} INFO - Processing /opt/airflow/dags/my_tasks.py took 0.070 seconds
[2026-10-02T16:53:26.780+0000] {processor.py:186} INFO - Started process (PID=400) to work on /opt/airflow/dags/my_tasks.py
[2026-10-02T16:53:26.781+0000] {processor.py:914} INFO - Processing file /opt/airflow/dags/my_tasks.py for tasks to queue
[2026-10-02T16:53:26.782+0000] {logging_mixin.py:190} INFO - [2026-10-02T16:53:26.782+0000] {dagbag.py:588} INFO - Filling up the DagBag from /opt/airflow/dags/my_tasks.py
[2026-10-02T16:53:26.790+0000] {processor.py:925} INFO - DAG(s) 'my_dag' retrieved from /opt/airflow/dags/my_tasks.py
[2026-10-02T16:53:26.809+0000] {logging_mixin.py:190} INFO - [2026-10-02T16:53:26.809+0000] {dag.py:3239} INFO - Sync 1 DAGs
[2026-10-02T16:53:26.826+0000] {logging_mixin.py:190} INFO - [2026-10-02T16:53:26.825+0000] {dag.py:4180} INFO - Setting next_dagrun for my_dag to None, run_after=None
[2026-10-02T16:53:26.841+0000] {processor.py:208} INFO - Processing /opt/airflow/dags/my_tasks.py took 0.066 seconds
[2026-10-02T16:53:57.008+0000] {processor.py:186} INFO - Started process (PID=411) to work on /opt/airflow/dags/my_tasks.py
[2026-10-02T16:53:57.009+0000] {processor.py:914} INFO - Processing file /opt/airflow/dags/my_tasks.py for tasks to queue
[2026-10-02T16:53:57.010+0000] {logging_mixin.py:190} INFO - [2026-10-02T16:53:57.010+0000] {dagbag.py:588} INFO - Filling up the DagBag from /opt/airflow/dags/my_tasks.py
[2026-10-02T16:53:57.017+0000] {processor.py:925} INFO - DAG(s) 'my_dag' retrieved from /opt/airflow/dags/my_tasks.py
[2026-10-02T16:53:57.035+0000] {logging_mixin.py:190} INFO - [2026-10-02T16:53:57.035+0000] {dag.py:3239} INFO - Sync 1 DAGs
[2026-10-02T16:53:57.052+0000] {logging_mixin.py:190} INFO - [2026-10-02T16:53:57.052+0000] {dag.py:4180} INFO - Setting next_dagrun for my_dag to None, run_after=None
[2026-10-02T16:53:57.066+0000] {processor.py:208} INFO - Processing /opt/airflow/dags/my_tasks.py took 0.062 seconds
[2026-10-02T16:54:27.282+0000] {processor.py:186} INFO - Started process (PID=422) to work on /opt/airflow/dags/my_tasks.py
[2026-10-02T16:54:27.283+0000] {processor.py:914} INFO - Processing file /opt/airflow/dags/my_tasks.py for tasks to queue
[2026-10-02T16:54:27.284+0000] {logging_mixin.py:190} INFO - [2026-10-02T16:54:27.284+0000] {dagbag.py:588} INFO - Filling up the DagBag from /opt/airflow/dags/my_tasks.py
[2026-10-02T16:54:27.291+0000] {processor.py:925} INFO - DAG(s) 'my_dag' retrieved from /opt/airflow/dags/my_tasks.py
[2026-10-02T16:54:27.309+0000] {logging_mixin.py:190} INFO - [2026-10-02T16:54:27.309+0000] {dag.py:3239} INFO - Sync 1 DAGs
[2026-10-02T16:54:27.325+0000] {logging_mixin.py:190} INFO - [2026-10-02T16:54:27.325+0000] {dag.py:4180} INFO - Setting next_dagrun for my_dag to None, run_after=None
[2026-10-02T16:54:27.340+0000] {processor.py:208} INFO - Processing /opt/airflow/dags/my_tasks.py took 0.062 seconds
[2026-10-02T16:54:57.505+0000] {processor.py:186} INFO - Started process (PID=433) to work on /opt/airflow/dags/my_tasks.py
[2026-10-02T16:54:57.506+0000] {processor.py:914} INFO - Processing file /opt/airflow/dags/my_tasks.py for tasks to queue
[2026-10-02T16:54:57.508+0000] {logging_mixin.py:190} INFO - [2026-10-02T16:54:57.508+0000] {dagbag.py:588} INFO - Filling up the DagBag from /opt/airflow/dags/my_tasks.py
[2026-10-02T16:54:57.517+0000] {processor.py:925} INFO - DAG(s) 'my_dag' retrieved from /opt/airflow/dags/my_tasks.py
[2026-10-02T16:54:57.547+0000] {logging_mixin.py:190} INFO - [2026-10-02T16:54:57.546+0000] {dag.py:3239} INFO - Sync 1 DAGs
[2026-10-02T16:54:57.568+0000] {logging_mixin.py:190} INFO - [2026-10-02T16:54:57.567+0000] {dag.py:4180} INFO - Setting next_dagrun for my_dag to None, run_after=None
[2026-10-02T16:54:57.586+0000] {processor.py:208} INFO - Processing /opt/airflow/dags/my_tasks.py took 0.086 seconds
[2026-10-02T16:55:27.774+0000] {processor.py:186} INFO - Started process (PID=444) to work on /opt/airflow/dags/my_tasks.py
[2026-10-02T16:55:27.782+0000] {processor.py:914} INFO - Processing file /opt/airflow/dags/my_tasks.py for tasks to queue
[2026-10-02T16:55:27.784+0000] {logging_mixin.py:190} INFO - [2026-10-02T16:55:27.784+0000] {dagbag.py:588} INFO - Filling up the DagBag from /opt/airflow/dags/my_tasks.py
[2026-10-02T16:55:27.792+0000] {processor.py:925} INFO - DAG(s) 'my_dag' retrieved from /opt/airflow/dags/my_tasks.py
[2026-10-02T16:55:27.815+0000] {logging_mixin.py:190} INFO - [2026-10-02T16:55:27.815+0000] {dag.py:3239} INFO - Sync 1 DAGs
[2026-10-02T16:55:27.836+0000] {logging_mixin.py:190} INFO - [2026-10-02T16:55:27.836+0000] {dag.py:4180} INFO - Setting next_dagrun for my_dag to None, run_after=None
[2026-10-02T16:55:27.853+0000] {processor.py:208} INFO - Processing /opt/airflow/dags/my_tasks.py took 0.084 seconds
[2026-10-02T16:55:58.039+0000] {processor.py:186} INFO - Started process (PID=455) to work on /opt/airflow/dags/my_tasks.py
[2026-10-02T16:55:58.040+0000] {processor.py:914} INFO - Processing file /opt/airflow/dags/my_tasks.py for tasks to queue
[2026-10-02T16:55:58.041+0000] {logging_mixin.py:190} INFO - [2026-10-02T16:55:58.041+0000] {dagbag.py:588} INFO - Filling up the DagBag from /opt/airflow/dags/my_tasks.py
[2026-10-02T16:55:58.048+0000] {processor.py:925} INFO - DAG(s) 'my_dag' retrieved from /opt/airflow/dags/my_tasks.py
[2026-10-02T16:55:58.066+0000] {logging_mixin.py:190} INFO - [2026-10-02T16:55:58.066+0000] {dag.py:3239} INFO - Sync 1 DAGs
[2026-10-02T16:55:58.082+0000] {logging_mixin.py:190} INFO - [2026-10-02T16:55:58.081+0000] {dag.py:4180} INFO - Setting next_dagrun for my_dag to None, run_after=None
[2026-10-02T16:55:58.096+0000] {processor.py:208} INFO - Processing /opt/airflow/dags/my_tasks.py took 0.061 seconds
[2026-10-02T16:56:28.284+0000] {processor.py:186} INFO - Started process (PID=466) to work on /opt/airflow/dags/my_tasks.py
[2026-10-02T16:56:28.751+0000] {processor.py:914} INFO - Processing file /opt/airflow/dags/my_tasks.py for tasks to queue
[2026-10-02T16:56:28.756+0000] {logging_mixin.py:190} INFO - [2026-10-02T16:56:28.755+0000] {dagbag.py:588} INFO - Filling up the DagBag from /opt/airflow/dags/my_tasks.py
[2026-10-02T16:56:28.765+0000] {processor.py:925} INFO - DAG(s) 'my_dag' retrieved from /opt/airflow/dags/my_tasks.py
[2026-10-02T16:56:28.784+0000] {logging_mixin.py:190} INFO - [2026-10-02T16:56:28.784+0000] {dag.py:3239} INFO - Sync 1 DAGs
[2026-10-02T16:56:28.800+0000] {logging_mixin.py:190} INFO - [2026-10-02T16:56:28.800+0000] {dag.py:4180} INFO - Setting next_dagrun for my_dag to None, run_after=None
[2026-10-02T16:56:28.901+0000] {processor.py:208} INFO - Processing /opt/airflow/dags/my_tasks.py took 0.623 seconds
[2026-10-02T16:56:59.084+0000] {processor.py:186} INFO - Started process (PID=477) to work on /opt/airflow/dags/my_tasks.py
[2026-10-02T16:56:59.085+0000] {processor.py:914} INFO - Processing file /opt/airflow/dags/my_tasks.py for tasks to queue
[2026-10-02T16:56:59.087+0000] {logging_mixin.py:190} INFO - [2026-10-02T16:56:59.086+0000] {dagbag.py:588} INFO - Filling up the DagBag from /opt/airflow/dags/my_tasks.py
[2026-10-02T16:56:59.094+0000] {processor.py:925} INFO - DAG(s) 'my_dag' retrieved from /opt/airflow/dags/my_tasks.py
[2026-10-02T16:56:59.113+0000] {logging_mixin.py:190} INFO - [2026-10-02T16:56:59.113+0000] {dag.py:3239} INFO - Sync 1 DAGs
[2026-10-02T16:56:59.130+0000] {logging_mixin.py:190} INFO - [2026-10-02T16:56:59.130+0000] {dag.py:4180} INFO - Setting next_dagrun for my_dag to None, run_after=None
[2026-10-02T16:56:59.146+0000] {processor.py:208} INFO - Processing /opt/airflow/dags/my_tasks.py took 0.066 seconds
[2026-10-02T16:57:29.372+0000] {processor.py:186} INFO - Started process (PID=488) to work on /opt/airflow/dags/my_tasks.py
[2026-10-02T16:57:29.380+0000] {processor.py:914} INFO - Processing file /opt/airflow/dags/my_tasks.py for tasks to queue
[2026-10-02T16:57:29.382+0000] {logging_mixin.py:190} INFO - [2026-10-02T16:57:29.382+0000] {dagbag.py:588} INFO - Filling up the DagBag from /opt/airflow/dags/my_tasks.py
[2026-10-02T16:57:29.390+0000] {processor.py:925} INFO - DAG(s) 'my_dag' retrieved from /opt/airflow/dags/my_tasks.py
[2026-10-02T16:57:29.409+0000] {logging_mixin.py:190} INFO - [2026-10-02T16:57:29.409+0000] {dag.py:3239} INFO - Sync 1 DAGs
[2026-10-02T16:57:29.426+0000] {logging_mixin.py:190} INFO - [2026-10-02T16:57:29.426+0000] {dag.py:4180} INFO - Setting next_dagrun for my_dag to None, run_after=None
[2026-10-02T16:57:29.443+0000] {processor.py:208} INFO - Processing /opt/airflow/dags/my_tasks.py took 0.075 seconds
[2026-10-02T16:57:59.639+0000] {processor.py:186} INFO - Started process (PID=499) to work on /opt/airflow/dags/my_tasks.py
[2026-10-02T16:57:59.639+0000] {processor.py:914} INFO - Processing file /opt/airflow/dags/my_tasks.py for tasks to queue
[2026-10-02T16:57:59.641+0000] {logging_mixin.py:190} INFO - [2026-10-02T16:57:59.641+0000] {dagbag.py:588} INFO - Filling up the DagBag from /opt/airflow/dags/my_tasks.py
[2026-10-02T16:57:59.647+0000] {processor.py:925} INFO - DAG(s) 'my_dag' retrieved from /opt/airflow/dags/my_tasks.py
[2026-10-02T16:57:59.666+0000] {logging_mixin.py:190} INFO - [2026-10-02T16:57:59.666+0000] {dag.py:3239} INFO - Sync 1 DAGs
[2026-10-02T16:57:59.682+0000] {logging_mixin.py:190} INFO - [2026-10-02T16:57:59.681+0000] {dag.py:4180} INFO - Setting next_dagrun for my_dag to None, run_after=None
[2026-10-02T16:57:59.696+0000] {processor.py:208} INFO - Processing /opt/airflow/dags/my_tasks.py took 0.061 seconds
[2026-10-02T16:58:29.906+0000] {processor.py:186} INFO - Started process (PID=510) to work on /opt/airflow/dags/my_tasks.py
[2026-10-02T16:58:29.914+0000] {processor.py:914} INFO - Processing file /opt/airflow/dags/my_tasks.py for tasks to queue
[2026-10-02T16:58:29.917+0000] {logging_mixin.py:190} INFO - [2026-10-02T16:58:29.916+0000] {dagbag.py:588} INFO - Filling up the DagBag from /opt/airflow/dags/my_tasks.py
[2026-10-02T16:58:29.926+0000] {processor.py:925} INFO - DAG(s) 'my_dag' retrieved from /opt/airflow/dags/my_tasks.py
[2026-10-02T16:58:29.944+0000] {logging_mixin.py:190} INFO - [2026-10-02T16:58:29.944+0000] {dag.py:3239} INFO - Sync 1 DAGs
[2026-10-02T16:58:29.960+0000] {logging_mixin.py:190} INFO - [2026-10-02T16:58:29.960+0000] {dag.py:4180} INFO - Setting next_dagrun for my_dag to None, run_after=None
[2026-10-02T16:58:29.974+0000] {processor.py:208} INFO - Processing /opt/airflow/dags/my_tasks.py took 0.072 seconds
[2026-10-02T16:59:00.154+0000] {processor.py:186} INFO - Started process (PID=521) to work on /opt/airflow/dags/my_tasks.py
[2026-10-02T16:59:00.155+0000] {processor.py:914} INFO - Processing file /opt/airflow/dags/my_tasks.py for tasks to queue
[2026-10-02T16:59:00.156+0000] {logging_mixin.py:190} INFO - [2026-10-02T16:59:00.156+0000] {dagbag.py:588} INFO - Filling up the DagBag from /opt/airflow/dags/my_tasks.py
[2026-10-02T16:59:00.163+0000] {processor.py:925} INFO - DAG(s) 'my_dag' retrieved from /opt/airflow/dags/my_tasks.py
[2026-10-02T16:59:00.182+0000] {logging_mixin.py:190} INFO - [2026-10-02T16:59:00.181+0000] {dag.py:3239} INFO - Sync 1 DAGs
[2026-10-02T16:59:00.200+0000] {logging_mixin.py:190} INFO - [2026-10-02T16:59:00.200+0000] {dag.py:4180} INFO - Setting next_dagrun for my_dag to None, run_after=None
[2026-10-02T16:59:00.215+0000] {processor.py:208} INFO - Processing /opt/airflow/dags/my_tasks.py took 0.065 seconds
[2026-10-02T16:59:30.381+0000] {processor.py:186} INFO - Started process (PID=532) to work on /opt/airflow/dags/my_tasks.py
[2026-10-02T16:59:30.389+0000] {processor.py:914} INFO - Processing file /opt/airflow/dags/my_tasks.py for tasks to queue
[2026-10-02T16:59:30.391+0000] {logging_mixin.py:190} INFO - [2026-10-02T16:59:30.390+0000] {dagbag.py:588} INFO - Filling up the DagBag from /opt/airflow/dags/my_tasks.py
[2026-10-02T16:59:30.401+0000] {processor.py:925} INFO - DAG(s) 'my_dag' retrieved from /opt/airflow/dags/my_tasks.py
[2026-10-02T16:59:30.419+0000] {logging_mixin.py:190} INFO - [2026-10-02T16:59:30.419+0000] {dag.py:3239} INFO - Sync 1 DAGs
[2026-10-02T16:59:30.436+0000] {logging_mixin.py:190} INFO - [2026-10-02T16:59:30.436+0000] {dag.py:4180} INFO - Setting next_dagrun for my_dag to None, run_after=None
[2026-10-02T16:59:30.449+0000] {processor.py:208} INFO - Processing /opt/airflow/dags/my_tasks.py took 0.073 seconds
[2026-10-02T17:00:00.648+0000] {processor.py:186} INFO - Started process (PID=543) to work on /opt/airflow/dags/my_tasks.py
[2026-10-02T17:00:00.648+0000] {processor.py:914} INFO - Processing file /opt/airflow/dags/my_tasks.py for tasks to queue
[2026-10-02T17:00:00.650+0000] {logging_mixin.py:190} INFO - [2026-10-02T17:00:00.649+0000] {dagbag.py:588} INFO - Filling up the DagBag from /opt/airflow/dags/my_tasks.py
[2026-10-02T17:00:00.656+0000] {processor.py:925} INFO - DAG(s) 'my_dag' retrieved from /opt/airflow/dags/my_tasks.py
[2026-10-02T17:00:00.676+0000] {logging_mixin.py:190} INFO - [2026-10-02T17:00:00.675+0000] {dag.py:3239} INFO - Sync 1 DAGs
[2026-10-02T17:00:00.692+0000] {logging_mixin.py:190} INFO - [2026-10-02T17:00:00.692+0000] {dag.py:4180} INFO - Setting next_dagrun for my_dag to None, run_after=None
[2026-10-02T17:00:00.711+0000] {processor.py:208} INFO - Processing /opt/airflow/dags/my_tasks.py took 0.068 seconds
[2026-10-02T17:00:30.873+0000] {processor.py:186} INFO - Started process (PID=555) to work on /opt/airflow/dags/my_tasks.py
[2026-10-02T17:00:30.881+0000] {processor.py:914} INFO - Processing file /opt/airflow/dags/my_tasks.py for tasks to queue
[2026-10-02T17:00:30.883+0000] {logging_mixin.py:190} INFO - [2026-10-02T17:00:30.883+0000] {dagbag.py:588} INFO - Filling up the DagBag from /opt/airflow/dags/my_tasks.py
[2026-10-02T17:00:30.892+0000] {processor.py:925} INFO - DAG(s) 'my_dag' retrieved from /opt/airflow/dags/my_tasks.py
[2026-10-02T17:00:30.910+0000] {logging_mixin.py:190} INFO - [2026-10-02T17:00:30.910+0000] {dag.py:3239} INFO - Sync 1 DAGs
[2026-10-02T17:00:30.925+0000] {logging_mixin.py:190} INFO - [2026-10-02T17:00:30.925+0000] {dag.py:4180} INFO - Setting next_dagrun for my_dag to None, run_after=None
[2026-10-02T17:00:30.939+0000] {processor.py:208} INFO - Processing /opt/airflow/dags/my_tasks.py took 0.070 seconds
[2026-10-02T17:01:01.114+0000] {processor.py:186} INFO - Started process (PID=566) to work on /opt/airflow/dags/my_tasks.py
[2026-10-02T17:01:01.114+0000] {processor.py:914} INFO - Processing file /opt/airflow/dags/my_tasks.py for tasks to queue
[2026-10-02T17:01:01.116+0000] {logging_mixin.py:190} INFO - [2026-10-02T17:01:01.116+0000] {dagbag.py:588} INFO - Filling up the DagBag from /opt/airflow/dags/my_tasks.py
[2026-10-02T17:01:01.124+0000] {processor.py:925} INFO - DAG(s) 'my_dag' retrieved from /opt/airflow/dags/my_tasks.py
[2026-10-02T17:01:01.145+0000] {logging_mixin.py:190} INFO - [2026-10-02T17:01:01.145+0000] {dag.py:3239} INFO - Sync 1 DAGs
[2026-10-02T17:01:01.165+0000] {logging_mixin.py:190} INFO - [2026-10-02T17:01:01.165+0000] {dag.py:4180} INFO - Setting next_dagrun for my_dag to None, run_after=None
[2026-10-02T17:01:01.180+0000] {processor.py:208} INFO - Processing /opt/airflow/dags/my_tasks.py took 0.072 seconds
[2026-10-02T17:01:31.375+0000] {processor.py:186} INFO - Started process (PID=577) to work on /opt/airflow/dags/my_tasks.py
[2026-10-02T17:01:31.383+0000] {processor.py:914} INFO - Processing file /opt/airflow/dags/my_tasks.py for tasks to queue
[2026-10-02T17:01:31.384+0000] {logging_mixin.py:190} INFO - [2026-10-02T17:01:31.384+0000] {dagbag.py:588} INFO - Filling up the DagBag from /opt/airflow/dags/my_tasks.py
[2026-10-02T17:01:31.392+0000] {processor.py:925} INFO - DAG(s) 'my_dag' retrieved from /opt/airflow/dags/my_tasks.py
[2026-10-02T17:01:31.412+0000] {logging_mixin.py:190} INFO - [2026-10-02T17:01:31.412+0000] {dag.py:3239} INFO - Sync 1 DAGs
[2026-10-02T17:01:31.429+0000] {logging_mixin.py:190} INFO - [2026-10-02T17:01:31.428+0000] {dag.py:4180} INFO - Setting next_dagrun for my_dag to None, run_after=None
[2026-10-02T17:01:31.443+0000] {processor.py:208} INFO - Processing /opt/airflow/dags/my_tasks.py took 0.073 seconds
[2026-10-02T17:02:01.596+0000] {processor.py:186} INFO - Started process (PID=588) to work on /opt/airflow/dags/my_tasks.py
[2026-10-02T17:02:01.596+0000] {processor.py:914} INFO - Processing file /opt/airflow/dags/my_tasks.py for tasks to queue
[2026-10-02T17:02:01.598+0000] {logging_mixin.py:190} INFO - [2026-10-02T17:02:01.597+0000] {dagbag.py:588} INFO - Filling up the DagBag from /opt/airflow/dags/my_tasks.py
[2026-10-02T17:02:01.605+0000] {processor.py:925} INFO - DAG(s) 'my_dag' retrieved from /opt/airflow/dags/my_tasks.py
[2026-10-02T17:02:01.624+0000] {logging_mixin.py:190} INFO - [2026-10-02T17:02:01.624+0000] {dag.py:3239} INFO - Sync 1 DAGs
[2026-10-02T17:02:01.640+0000] {logging_mixin.py:190} INFO - [2026-10-02T17:02:01.640+0000] {dag.py:4180} INFO - Setting next_dagrun for my_dag to None, run_after=None
[2026-10-02T17:02:01.655+0000] {processor.py:208} INFO - Processing /opt/airflow/dags/my_tasks.py took 0.063 seconds
[2026-10-02T17:02:31.856+0000] {processor.py:186} INFO - Started process (PID=599) to work on /opt/airflow/dags/my_tasks.py
[2026-10-02T17:02:31.864+0000] {processor.py:914} INFO - Processing file /opt/airflow/dags/my_tasks.py for tasks to queue
[2026-10-02T17:02:31.866+0000] {logging_mixin.py:190} INFO - [2026-10-02T17:02:31.866+0000] {dagbag.py:588} INFO - Filling up the DagBag from /opt/airflow/dags/my_tasks.py
[2026-10-02T17:02:31.876+0000] {processor.py:925} INFO - DAG(s) 'my_dag' retrieved from /opt/airflow/dags/my_tasks.py
[2026-10-02T17:02:31.894+0000] {logging_mixin.py:190} INFO - [2026-10-02T17:02:31.894+0000] {dag.py:3239} INFO - Sync 1 DAGs
[2026-10-02T17:02:31.910+0000] {logging_mixin.py:190} INFO - [2026-10-02T17:02:31.910+0000] {dag.py:4180} INFO - Setting next_dagrun for my_dag to None, run_after=None
[2026-10-02T17:02:31.924+0000] {processor.py:208} INFO - Processing /opt/airflow/dags/my_tasks.py took 0.073 seconds
[2026-10-02T17:03:02.108+0000] {processor.py:186} INFO - Started process (PID=610) to work on /opt/airflow/dags/my_tasks.py
[2026-10-02T17:03:02.109+0000] {processor.py:914} INFO - Processing file /opt/airflow/dags/my_tasks.py for tasks to queue
[2026-10-02T17:03:02.110+0000] {logging_mixin.py:190} INFO - [2026-10-02T17:03:02.110+0000] {dagbag.py:588} INFO - Filling up the DagBag from /opt/airflow/dags/my_tasks.py
[2026-10-02T17:03:02.119+0000] {processor.py:925} INFO - DAG(s) 'my_dag' retrieved from /opt/airflow/dags/my_tasks.py
[2026-10-02T17:03:02.138+0000] {logging_mixin.py:190} INFO - [2026-10-02T17:03:02.138+0000] {dag.py:3239} INFO - Sync 1 DAGs
[2026-10-02T17:03:02.154+0000] {logging_mixin.py:190} INFO - [2026-10-02T17:03:02.154+0000] {dag.py:4180} INFO - Setting next_dagrun for my_dag to None, run_after=None
[2026-10-02T17:03:02.170+0000] {processor.py:208} INFO - Processing /opt/airflow/dags/my_tasks.py took 0.066 seconds
[2026-10-02T17:03:32.375+0000] {processor.py:186} INFO - Started process (PID=621) to work on /opt/airflow/dags/my_tasks.py
[2026-10-02T17:03:32.383+0000] {processor.py:914} INFO - Processing file /opt/airflow/dags/my_tasks.py for tasks to queue
[2026-10-02T17:03:32.387+0000] {logging_mixin.py:190} INFO - [2026-10-02T17:03:32.387+0000] {dagbag.py:588} INFO - Filling up the DagBag from /opt/airflow/dags/my_tasks.py
[2026-10-02T17:03:32.396+0000] {processor.py:925} INFO - DAG(s) 'my_dag' retrieved from /opt/airflow/dags/my_tasks.py
[2026-10-02T17:03:32.415+0000] {logging_mixin.py:190} INFO - [2026-10-02T17:03:32.415+0000] {dag.py:3239} INFO - Sync 1 DAGs
[2026-10-02T17:03:32.432+0000] {logging_mixin.py:190} INFO - [2026-10-02T17:03:32.432+0000] {dag.py:4180} INFO - Setting next_dagrun for my_dag to None, run_after=None
[2026-10-02T17:03:32.447+0000] {processor.py:208} INFO - Processing /opt/airflow/dags/my_tasks.py took 0.078 seconds
[2026-10-02T17:04:02.629+0000] {processor.py:186} INFO - Started process (PID=632) to work on /opt/airflow/dags/my_tasks.py
[2026-10-02T17:04:02.629+0000] {processor.py:914} INFO - Processing file /opt/airflow/dags/my_tasks.py for tasks to queue
[2026-10-02T17:04:02.630+0000] {logging_mixin.py:190} INFO - [2026-10-02T17:04:02.630+0000] {dagbag.py:588} INFO - Filling up the DagBag from /opt/airflow/dags/my_tasks.py
[2026-10-02T17:04:02.637+0000] {processor.py:925} INFO - DAG(s) 'my_dag' retrieved from /opt/airflow/dags/my_tasks.py
[2026-10-02T17:04:02.657+0000] {logging_mixin.py:190} INFO - [2026-10-02T17:04:02.657+0000] {dag.py:3239} INFO - Sync 1 DAGs
[2026-10-02T17:04:02.674+0000] {logging_mixin.py:190} INFO - [2026-10-02T17:04:02.673+0000] {dag.py:4180} INFO - Setting next_dagrun for my_dag to None, run_after=None
[2026-10-02T17:04:02.689+0000] {processor.py:208} INFO - Processing /opt/airflow/dags/my_tasks.py took 0.066 seconds
[2026-10-02T17:04:32.881+0000] {processor.py:186} INFO - Started process (PID=643) to work on /opt/airflow/dags/my_tasks.py
[2026-10-02T17:04:32.889+0000] {processor.py:914} INFO - Processing file /opt/airflow/dags/my_tasks.py for tasks to queue
[2026-10-02T17:04:32.891+0000] {logging_mixin.py:190} INFO - [2026-10-02T17:04:32.890+0000] {dagbag.py:588} INFO - Filling up the DagBag from /opt/airflow/dags/my_tasks.py
[2026-10-02T17:04:32.898+0000] {processor.py:925} INFO - DAG(s) 'my_dag' retrieved from /opt/airflow/dags/my_tasks.py
[2026-10-02T17:04:32.919+0000] {logging_mixin.py:190} INFO - [2026-10-02T17:04:32.919+0000] {dag.py:3239} INFO - Sync 1 DAGs
[2026-10-02T17:04:32.937+0000] {logging_mixin.py:190} INFO - [2026-10-02T17:04:32.937+0000] {dag.py:4180} INFO - Setting next_dagrun for my_dag to None, run_after=None
[2026-10-02T17:04:32.951+0000] {processor.py:208} INFO - Processing /opt/airflow/dags/my_tasks.py took 0.073 seconds
[2026-10-02T17:05:03.155+0000] {processor.py:186} INFO - Started process (PID=654) to work on /opt/airflow/dags/my_tasks.py
[2026-10-02T17:05:03.155+0000] {processor.py:914} INFO - Processing file /opt/airflow/dags/my_tasks.py for tasks to queue
[2026-10-02T17:05:03.157+0000] {logging_mixin.py:190} INFO - [2026-10-02T17:05:03.157+0000] {dagbag.py:588} INFO - Filling up the DagBag from /opt/airflow/dags/my_tasks.py
[2026-10-02T17:05:03.164+0000] {processor.py:925} INFO - DAG(s) 'my_dag' retrieved from /opt/airflow/dags/my_tasks.py
[2026-10-02T17:05:03.183+0000] {logging_mixin.py:190} INFO - [2026-10-02T17:05:03.182+0000] {dag.py:3239} INFO - Sync 1 DAGs
[2026-10-02T17:05:03.199+0000] {logging_mixin.py:190} INFO - [2026-10-02T17:05:03.199+0000] {dag.py:4180} INFO - Setting next_dagrun for my_dag to None, run_after=None
[2026-10-02T17:05:03.216+0000] {processor.py:208} INFO - Processing /opt/airflow/dags/my_tasks.py took 0.065 seconds
[2026-10-02T17:05:33.414+0000] {processor.py:186} INFO - Started process (PID=665) to work on /opt/airflow/dags/my_tasks.py
[2026-10-02T17:05:33.422+0000] {processor.py:914} INFO - Processing file /opt/airflow/dags/my_tasks.py for tasks to queue
[2026-10-02T17:05:33.423+0000] {logging_mixin.py:190} INFO - [2026-10-02T17:05:33.423+0000] {dagbag.py:588} INFO - Filling up the DagBag from /opt/airflow/dags/my_tasks.py
[2026-10-02T17:05:33.431+0000] {processor.py:925} INFO - DAG(s) 'my_dag' retrieved from /opt/airflow/dags/my_tasks.py
[2026-10-02T17:05:33.451+0000] {logging_mixin.py:190} INFO - [2026-10-02T17:05:33.451+0000] {dag.py:3239} INFO - Sync 1 DAGs
[2026-10-02T17:05:33.467+0000] {logging_mixin.py:190} INFO - [2026-10-02T17:05:33.467+0000] {dag.py:4180} INFO - Setting next_dagrun for my_dag to None, run_after=None
[2026-10-02T17:05:33.481+0000] {processor.py:208} INFO - Processing /opt/airflow/dags/my_tasks.py took 0.071 seconds
[2026-10-02T17:06:03.669+0000] {processor.py:186} INFO - Started process (PID=676) to work on /opt/airflow/dags/my_tasks.py
[2026-10-02T17:06:03.669+0000] {processor.py:914} INFO - Processing file /opt/airflow/dags/my_tasks.py for tasks to queue
[2026-10-02T17:06:03.671+0000] {logging_mixin.py:190} INFO - [2026-10-02T17:06:03.671+0000] {dagbag.py:588} INFO - Filling up the DagBag from /opt/airflow/dags/my_tasks.py
[2026-10-02T17:06:03.678+0000] {processor.py:925} INFO - DAG(s) 'my_dag' retrieved from /opt/airflow/dags/my_tasks.py
[2026-10-02T17:06:03.695+0000] {logging_mixin.py:190} INFO - [2026-10-02T17:06:03.695+0000] {dag.py:3239} INFO - Sync 1 DAGs
[2026-10-02T17:06:03.711+0000] {logging_mixin.py:190} INFO - [2026-10-02T17:06:03.711+0000] {dag.py:4180} INFO - Setting next_dagrun for my_dag to None, run_after=None
[2026-10-02T17:06:03.726+0000] {processor.py:208} INFO - Processing /opt/airflow/dags/my_tasks.py took 0.061 seconds
[2026-10-02T17:06:33.864+0000] {processor.py:186} INFO - Started process (PID=687) to work on /opt/airflow/dags/my_tasks.py
[2026-10-02T17:06:33.865+0000] {processor.py:914} INFO - Processing file /opt/airflow/dags/my_tasks.py for tasks to queue
[2026-10-02T17:06:33.866+0000] {logging_mixin.py:190} INFO - [2026-10-02T17:06:33.866+0000] {dagbag.py:588} INFO - Filling up the DagBag from /opt/airflow/dags/my_tasks.py
[2026-10-02T17:06:33.873+0000] {processor.py:925} INFO - DAG(s) 'my_dag' retrieved from /opt/airflow/dags/my_tasks.py
[2026-10-02T17:06:33.895+0000] {logging_mixin.py:190} INFO - [2026-10-02T17:06:33.895+0000] {dag.py:3239} INFO - Sync 1 DAGs
[2026-10-02T17:06:33.914+0000] {logging_mixin.py:190} INFO - [2026-10-02T17:06:33.913+0000] {dag.py:4180} INFO - Setting next_dagrun for my_dag to None, run_after=None
[2026-10-02T17:06:33.930+0000] {processor.py:208} INFO - Processing /opt/airflow/dags/my_tasks.py took 0.070 seconds
[2026-10-02T17:07:04.104+0000] {processor.py:186} INFO - Started process (PID=698) to work on /opt/airflow/dags/my_tasks.py
[2026-10-02T17:07:04.105+0000] {processor.py:914} INFO - Processing file /opt/airflow/dags/my_tasks.py for tasks to queue
[2026-10-02T17:07:04.106+0000] {logging_mixin.py:190} INFO - [2026-10-02T17:07:04.106+0000] {dagbag.py:588} INFO - Filling up the DagBag from /opt/airflow/dags/my_tasks.py
[2026-10-02T17:07:04.113+0000] {processor.py:925} INFO - DAG(s) 'my_dag' retrieved from /opt/airflow/dags/my_tasks.py
[2026-10-02T17:07:04.131+0000] {logging_mixin.py:190} INFO - [2026-10-02T17:07:04.131+0000] {dag.py:3239} INFO - Sync 1 DAGs
[2026-10-02T17:07:04.147+0000] {logging_mixin.py:190} INFO - [2026-10-02T17:07:04.147+0000] {dag.py:4180} INFO - Setting next_dagrun for my_dag to None, run_after=None
[2026-10-02T17:07:04.161+0000] {processor.py:208} INFO - Processing /opt/airflow/dags/my_tasks.py took 0.061 seconds
[2026-10-02T17:07:34.346+0000] {processor.py:186} INFO - Started process (PID=709) to work on /opt/airflow/dags/my_tasks.py
[2026-10-02T17:07:34.347+0000] {processor.py:914} INFO - Processing file /opt/airflow/dags/my_tasks.py for tasks to queue
[2026-10-02T17:07:34.349+0000] {logging_mixin.py:190} INFO - [2026-10-02T17:07:34.349+0000] {dagbag.py:588} INFO - Filling up the DagBag from /opt/airflow/dags/my_tasks.py
[2026-10-02T17:07:34.356+0000] {processor.py:925} INFO - DAG(s) 'my_dag' retrieved from /opt/airflow/dags/my_tasks.py
[2026-10-02T17:07:34.374+0000] {logging_mixin.py:190} INFO - [2026-10-02T17:07:34.374+0000] {dag.py:3239} INFO - Sync 1 DAGs
[2026-10-02T17:07:34.390+0000] {logging_mixin.py:190} INFO - [2026-10-02T17:07:34.390+0000] {dag.py:4180} INFO - Setting next_dagrun for my_dag to None, run_after=None
[2026-10-02T17:07:34.405+0000] {processor.py:208} INFO - Processing /opt/airflow/dags/my_tasks.py took 0.063 seconds
[2026-10-02T17:08:04.612+0000] {processor.py:186} INFO - Started process (PID=720) to work on /opt/airflow/dags/my_tasks.py
[2026-10-02T17:08:04.612+0000] {processor.py:914} INFO - Processing file /opt/airflow/dags/my_tasks.py for tasks to queue
[2026-10-02T17:08:04.613+0000] {logging_mixin.py:190} INFO - [2026-10-02T17:08:04.613+0000] {dagbag.py:588} INFO - Filling up the DagBag from /opt/airflow/dags/my_tasks.py
[2026-10-02T17:08:04.621+0000] {processor.py:925} INFO - DAG(s) 'my_dag' retrieved from /opt/airflow/dags/my_tasks.py
[2026-10-02T17:08:04.639+0000] {logging_mixin.py:190} INFO - [2026-10-02T17:08:04.639+0000] {dag.py:3239} INFO - Sync 1 DAGs
[2026-10-02T17:08:04.655+0000] {logging_mixin.py:190} INFO - [2026-10-02T17:08:04.655+0000] {dag.py:4180} INFO - Setting next_dagrun for my_dag to None, run_after=None
[2026-10-02T17:08:04.670+0000] {processor.py:208} INFO - Processing /opt/airflow/dags/my_tasks.py took 0.062 seconds
[2026-10-02T17:08:34.870+0000] {processor.py:186} INFO - Started process (PID=731) to work on /opt/airflow/dags/my_tasks.py
[2026-10-02T17:08:34.870+0000] {processor.py:914} INFO - Processing file /opt/airflow/dags/my_tasks.py for tasks to queue
[2026-10-02T17:08:34.871+0000] {logging_mixin.py:190} INFO - [2026-10-02T17:08:34.871+0000] {dagbag.py:588} INFO - Filling up the DagBag from /opt/airflow/dags/my_tasks.py
[2026-10-02T17:08:34.879+0000] {processor.py:925} INFO - DAG(s) 'my_dag' retrieved from /opt/airflow/dags/my_tasks.py
[2026-10-02T17:08:34.897+0000] {logging_mixin.py:190} INFO - [2026-10-02T17:08:34.897+0000] {dag.py:3239} INFO - Sync 1 DAGs
[2026-10-02T17:08:34.912+0000] {logging_mixin.py:190} INFO - [2026-10-02T17:08:34.912+0000] {dag.py:4180} INFO - Setting next_dagrun for my_dag to None, run_after=None
[2026-10-02T17:08:34.926+0000] {processor.py:208} INFO - Processing /opt/airflow/dags/my_tasks.py took 0.060 seconds
[2026-10-02T17:09:05.140+0000] {processor.py:186} INFO - Started process (PID=742) to work on /opt/airflow/dags/my_tasks.py
[2026-10-02T17:09:05.141+0000] {processor.py:914} INFO - Processing file /opt/airflow/dags/my_tasks.py for tasks to queue
[2026-10-02T17:09:05.143+0000] {logging_mixin.py:190} INFO - [2026-10-02T17:09:05.142+0000] {dagbag.py:588} INFO - Filling up the DagBag from /opt/airflow/dags/my_tasks.py
[2026-10-02T17:09:05.150+0000] {processor.py:925} INFO - DAG(s) 'my_dag' retrieved from /opt/airflow/dags/my_tasks.py
[2026-10-02T17:09:05.168+0000] {logging_mixin.py:190} INFO - [2026-10-02T17:09:05.168+0000] {dag.py:3239} INFO - Sync 1 DAGs
[2026-10-02T17:09:05.184+0000] {logging_mixin.py:190} INFO - [2026-10-02T17:09:05.184+0000] {dag.py:4180} INFO - Setting next_dagrun for my_dag to None, run_after=None
[2026-10-02T17:09:05.203+0000] {processor.py:208} INFO - Processing /opt/airflow/dags/my_tasks.py took 0.067 seconds
[2026-10-02T17:09:35.398+0000] {processor.py:186} INFO - Started process (PID=753) to work on /opt/airflow/dags/my_tasks.py
[2026-10-02T17:09:35.406+0000] {processor.py:914} INFO - Processing file /opt/airflow/dags/my_tasks.py for tasks to queue
[2026-10-02T17:09:35.407+0000] {logging_mixin.py:190} INFO - [2026-10-02T17:09:35.407+0000] {dagbag.py:588} INFO - Filling up the DagBag from /opt/airflow/dags/my_tasks.py
[2026-10-02T17:09:35.415+0000] {processor.py:925} INFO - DAG(s) 'my_dag' retrieved from /opt/airflow/dags/my_tasks.py
[2026-10-02T17:09:35.434+0000] {logging_mixin.py:190} INFO - [2026-10-02T17:09:35.433+0000] {dag.py:3239} INFO - Sync 1 DAGs
[2026-10-02T17:09:35.450+0000] {logging_mixin.py:190} INFO - [2026-10-02T17:09:35.450+0000] {dag.py:4180} INFO - Setting next_dagrun for my_dag to None, run_after=None
[2026-10-02T17:09:35.463+0000] {processor.py:208} INFO - Processing /opt/airflow/dags/my_tasks.py took 0.069 seconds
[2026-10-02T17:10:05.651+0000] {processor.py:186} INFO - Started process (PID=764) to work on /opt/airflow/dags/my_tasks.py
[2026-10-02T17:10:05.651+0000] {processor.py:914} INFO - Processing file /opt/airflow/dags/my_tasks.py for tasks to queue
[2026-10-02T17:10:05.652+0000] {logging_mixin.py:190} INFO - [2026-10-02T17:10:05.652+0000] {dagbag.py:588} INFO - Filling up the DagBag from /opt/airflow/dags/my_tasks.py
[2026-10-02T17:10:05.660+0000] {processor.py:925} INFO - DAG(s) 'my_dag' retrieved from /opt/airflow/dags/my_tasks.py
[2026-10-02T17:10:05.681+0000] {logging_mixin.py:190} INFO - [2026-10-02T17:10:05.680+0000] {dag.py:3239} INFO - Sync 1 DAGs
[2026-10-02T17:10:05.700+0000] {logging_mixin.py:190} INFO - [2026-10-02T17:10:05.700+0000] {dag.py:4180} INFO - Setting next_dagrun for my_dag to None, run_after=None
[2026-10-02T17:10:05.716+0000] {processor.py:208} INFO - Processing /opt/airflow/dags/my_tasks.py took 0.070 seconds
[2026-10-02T17:10:35.903+0000] {processor.py:186} INFO - Started process (PID=775) to work on /opt/airflow/dags/my_tasks.py
[2026-10-02T17:10:35.918+0000] {processor.py:914} INFO - Processing file /opt/airflow/dags/my_tasks.py for tasks to queue
[2026-10-02T17:10:35.920+0000] {logging_mixin.py:190} INFO - [2026-10-02T17:10:35.919+0000] {dagbag.py:588} INFO - Filling up the DagBag from /opt/airflow/dags/my_tasks.py
[2026-10-02T17:10:35.930+0000] {processor.py:925} INFO - DAG(s) 'my_dag' retrieved from /opt/airflow/dags/my_tasks.py
[2026-10-02T17:10:35.949+0000] {logging_mixin.py:190} INFO - [2026-10-02T17:10:35.949+0000] {dag.py:3239} INFO - Sync 1 DAGs
[2026-10-02T17:10:35.965+0000] {logging_mixin.py:190} INFO - [2026-10-02T17:10:35.965+0000] {dag.py:4180} INFO - Setting next_dagrun for my_dag to None, run_after=None
[2026-10-02T17:10:35.979+0000] {processor.py:208} INFO - Processing /opt/airflow/dags/my_tasks.py took 0.080 seconds
[2026-10-02T17:11:06.165+0000] {processor.py:186} INFO - Started process (PID=786) to work on /opt/airflow/dags/my_tasks.py
[2026-10-02T17:11:06.166+0000] {processor.py:914} INFO - Processing file /opt/airflow/dags/my_tasks.py for tasks to queue
[2026-10-02T17:11:06.168+0000] {logging_mixin.py:190} INFO - [2026-10-02T17:11:06.168+0000] {dagbag.py:588} INFO - Filling up the DagBag from /opt/airflow/dags/my_tasks.py
[2026-10-02T17:11:06.176+0000] {processor.py:925} INFO - DAG(s) 'my_dag' retrieved from /opt/airflow/dags/my_tasks.py
[2026-10-02T17:11:06.194+0000] {logging_mixin.py:190} INFO - [2026-10-02T17:11:06.194+0000] {dag.py:3239} INFO - Sync 1 DAGs
[2026-10-02T17:11:06.210+0000] {logging_mixin.py:190} INFO - [2026-10-02T17:11:06.210+0000] {dag.py:4180} INFO - Setting next_dagrun for my_dag to None, run_after=None
[2026-10-02T17:11:06.224+0000] {processor.py:208} INFO - Processing /opt/airflow/dags/my_tasks.py took 0.064 seconds
[2026-10-02T17:11:36.419+0000] {processor.py:186} INFO - Started process (PID=797) to work on /opt/airflow/dags/my_tasks.py
[2026-10-02T17:11:36.420+0000] {processor.py:914} INFO - Processing file /opt/airflow/dags/my_tasks.py for tasks to queue
[2026-10-02T17:11:36.422+0000] {logging_mixin.py:190} INFO - [2026-10-02T17:11:36.422+0000] {dagbag.py:588} INFO - Filling up the DagBag from /opt/airflow/dags/my_tasks.py
[2026-10-02T17:11:36.429+0000] {processor.py:925} INFO - DAG(s) 'my_dag' retrieved from /opt/airflow/dags/my_tasks.py
[2026-10-02T17:11:36.447+0000] {logging_mixin.py:190} INFO - [2026-10-02T17:11:36.447+0000] {dag.py:3239} INFO - Sync 1 DAGs
[2026-10-02T17:11:36.464+0000] {logging_mixin.py:190} INFO - [2026-10-02T17:11:36.463+0000] {dag.py:4180} INFO - Setting next_dagrun for my_dag to None, run_after=None
[2026-10-02T17:11:36.478+0000] {processor.py:208} INFO - Processing /opt/airflow/dags/my_tasks.py took 0.064 seconds
[2026-10-02T17:12:06.653+0000] {processor.py:186} INFO - Started process (PID=808) to work on /opt/airflow/dags/my_tasks.py
[2026-10-02T17:12:06.654+0000] {processor.py:914} INFO - Processing file /opt/airflow/dags/my_tasks.py for tasks to queue
[2026-10-02T17:12:06.656+0000] {logging_mixin.py:190} INFO - [2026-10-02T17:12:06.655+0000] {dagbag.py:588} INFO - Filling up the DagBag from /opt/airflow/dags/my_tasks.py
[2026-10-02T17:12:06.666+0000] {processor.py:925} INFO - DAG(s) 'my_dag' retrieved from /opt/airflow/dags/my_tasks.py
[2026-10-02T17:12:06.705+0000] {logging_mixin.py:190} INFO - [2026-10-02T17:12:06.704+0000] {dag.py:3239} INFO - Sync 1 DAGs
[2026-10-02T17:12:06.740+0000] {logging_mixin.py:190} INFO - [2026-10-02T17:12:06.739+0000] {dag.py:4180} INFO - Setting next_dagrun for my_dag to None, run_after=None
[2026-10-02T17:12:06.762+0000] {processor.py:208} INFO - Processing /opt/airflow/dags/my_tasks.py took 0.114 seconds
[2026-10-02T17:12:36.879+0000] {processor.py:186} INFO - Started process (PID=819) to work on /opt/airflow/dags/my_tasks.py
[2026-10-02T17:12:36.887+0000] {processor.py:914} INFO - Processing file /opt/airflow/dags/my_tasks.py for tasks to queue
[2026-10-02T17:12:36.889+0000] {logging_mixin.py:190} INFO - [2026-10-02T17:12:36.889+0000] {dagbag.py:588} INFO - Filling up the DagBag from /opt/airflow/dags/my_tasks.py
[2026-10-02T17:12:36.898+0000] {processor.py:925} INFO - DAG(s) 'my_dag' retrieved from /opt/airflow/dags/my_tasks.py
[2026-10-02T17:12:36.919+0000] {logging_mixin.py:190} INFO - [2026-10-02T17:12:36.919+0000] {dag.py:3239} INFO - Sync 1 DAGs
[2026-10-02T17:12:36.936+0000] {logging_mixin.py:190} INFO - [2026-10-02T17:12:36.936+0000] {dag.py:4180} INFO - Setting next_dagrun for my_dag to None, run_after=None
[2026-10-02T17:12:36.951+0000] {processor.py:208} INFO - Processing /opt/airflow/dags/my_tasks.py took 0.075 seconds
[2026-10-02T17:13:07.136+0000] {processor.py:186} INFO - Started process (PID=830) to work on /opt/airflow/dags/my_tasks.py
[2026-10-02T17:13:07.136+0000] {processor.py:914} INFO - Processing file /opt/airflow/dags/my_tasks.py for tasks to queue
[2026-10-02T17:13:07.138+0000] {logging_mixin.py:190} INFO - [2026-10-02T17:13:07.138+0000] {dagbag.py:588} INFO - Filling up the DagBag from /opt/airflow/dags/my_tasks.py
[2026-10-02T17:13:07.146+0000] {processor.py:925} INFO - DAG(s) 'my_dag' retrieved from /opt/airflow/dags/my_tasks.py
[2026-10-02T17:13:07.170+0000] {logging_mixin.py:190} INFO - [2026-10-02T17:13:07.169+0000] {dag.py:3239} INFO - Sync 1 DAGs
[2026-10-02T17:13:07.189+0000] {logging_mixin.py:190} INFO - [2026-10-02T17:13:07.189+0000] {dag.py:4180} INFO - Setting next_dagrun for my_dag to None, run_after=None
[2026-10-02T17:13:07.210+0000] {processor.py:208} INFO - Processing /opt/airflow/dags/my_tasks.py took 0.081 seconds
[2026-10-02T17:13:37.368+0000] {processor.py:186} INFO - Started process (PID=841) to work on /opt/airflow/dags/my_tasks.py
[2026-10-02T17:13:37.369+0000] {processor.py:914} INFO - Processing file /opt/airflow/dags/my_tasks.py for tasks to queue
[2026-10-02T17:13:37.370+0000] {logging_mixin.py:190} INFO - [2026-10-02T17:13:37.370+0000] {dagbag.py:588} INFO - Filling up the DagBag from /opt/airflow/dags/my_tasks.py
[2026-10-02T17:13:37.377+0000] {processor.py:925} INFO - DAG(s) 'my_dag' retrieved from /opt/airflow/dags/my_tasks.py
[2026-10-02T17:13:37.395+0000] {logging_mixin.py:190} INFO - [2026-10-02T17:13:37.395+0000] {dag.py:3239} INFO - Sync 1 DAGs
[2026-10-02T17:13:37.411+0000] {logging_mixin.py:190} INFO - [2026-10-02T17:13:37.411+0000] {dag.py:4180} INFO - Setting next_dagrun for my_dag to None, run_after=None
[2026-10-02T17:13:37.430+0000] {processor.py:208} INFO - Processing /opt/airflow/dags/my_tasks.py took 0.066 seconds
[2026-10-02T17:14:07.637+0000] {processor.py:186} INFO - Started process (PID=852) to work on /opt/airflow/dags/my_tasks.py
[2026-10-02T17:14:07.637+0000] {processor.py:914} INFO - Processing file /opt/airflow/dags/my_tasks.py for tasks to queue
[2026-10-02T17:14:07.639+0000] {logging_mixin.py:190} INFO - [2026-10-02T17:14:07.638+0000] {dagbag.py:588} INFO - Filling up the DagBag from /opt/airflow/dags/my_tasks.py
[2026-10-02T17:14:07.645+0000] {processor.py:925} INFO - DAG(s) 'my_dag' retrieved from /opt/airflow/dags/my_tasks.py
[2026-10-02T17:14:07.664+0000] {logging_mixin.py:190} INFO - [2026-10-02T17:14:07.664+0000] {dag.py:3239} INFO - Sync 1 DAGs
[2026-10-02T17:14:07.681+0000] {logging_mixin.py:190} INFO - [2026-10-02T17:14:07.681+0000] {dag.py:4180} INFO - Setting next_dagrun for my_dag to None, run_after=None
[2026-10-02T17:14:07.696+0000] {processor.py:208} INFO - Processing /opt/airflow/dags/my_tasks.py took 0.064 seconds
[2026-10-02T17:14:37.854+0000] {processor.py:186} INFO - Started process (PID=863) to work on /opt/airflow/dags/my_tasks.py
[2026-10-02T17:14:37.855+0000] {processor.py:914} INFO - Processing file /opt/airflow/dags/my_tasks.py for tasks to queue
[2026-10-02T17:14:37.856+0000] {logging_mixin.py:190} INFO - [2026-10-02T17:14:37.856+0000] {dagbag.py:588} INFO - Filling up the DagBag from /opt/airflow/dags/my_tasks.py
[2026-10-02T17:14:37.863+0000] {processor.py:925} INFO - DAG(s) 'my_dag' retrieved from /opt/airflow/dags/my_tasks.py
[2026-10-02T17:14:37.881+0000] {logging_mixin.py:190} INFO - [2026-10-02T17:14:37.881+0000] {dag.py:3239} INFO - Sync 1 DAGs
[2026-10-02T17:14:37.899+0000] {logging_mixin.py:190} INFO - [2026-10-02T17:14:37.898+0000] {dag.py:4180} INFO - Setting next_dagrun for my_dag to None, run_after=None
[2026-10-02T17:14:37.914+0000] {processor.py:208} INFO - Processing /opt/airflow/dags/my_tasks.py took 0.065 seconds
[2026-10-02T17:15:08.094+0000] {processor.py:186} INFO - Started process (PID=875) to work on /opt/airflow/dags/my_tasks.py
[2026-10-02T17:15:08.094+0000] {processor.py:914} INFO - Processing file /opt/airflow/dags/my_tasks.py for tasks to queue
[2026-10-02T17:15:08.096+0000] {logging_mixin.py:190} INFO - [2026-10-02T17:15:08.096+0000] {dagbag.py:588} INFO - Filling up the DagBag from /opt/airflow/dags/my_tasks.py
[2026-10-02T17:15:08.104+0000] {processor.py:925} INFO - DAG(s) 'my_dag' retrieved from /opt/airflow/dags/my_tasks.py
[2026-10-02T17:15:08.122+0000] {logging_mixin.py:190} INFO - [2026-10-02T17:15:08.121+0000] {dag.py:3239} INFO - Sync 1 DAGs
[2026-10-02T17:15:08.137+0000] {logging_mixin.py:190} INFO - [2026-10-02T17:15:08.137+0000] {dag.py:4180} INFO - Setting next_dagrun for my_dag to None, run_after=None
[2026-10-02T17:15:08.151+0000] {processor.py:208} INFO - Processing /opt/airflow/dags/my_tasks.py took 0.062 seconds
[2026-10-02T17:15:38.366+0000] {processor.py:186} INFO - Started process (PID=886) to work on /opt/airflow/dags/my_tasks.py
[2026-10-02T17:15:38.367+0000] {processor.py:914} INFO - Processing file /opt/airflow/dags/my_tasks.py for tasks to queue
[2026-10-02T17:15:38.370+0000] {logging_mixin.py:190} INFO - [2026-10-02T17:15:38.370+0000] {dagbag.py:588} INFO - Filling up the DagBag from /opt/airflow/dags/my_tasks.py
[2026-10-02T17:15:38.385+0000] {processor.py:925} INFO - DAG(s) 'my_dag' retrieved from /opt/airflow/dags/my_tasks.py
[2026-10-02T17:15:38.423+0000] {logging_mixin.py:190} INFO - [2026-10-02T17:15:38.423+0000] {dag.py:3239} INFO - Sync 1 DAGs
[2026-10-02T17:15:38.460+0000] {logging_mixin.py:190} INFO - [2026-10-02T17:15:38.459+0000] {dag.py:4180} INFO - Setting next_dagrun for my_dag to None, run_after=None
[2026-10-02T17:15:38.486+0000] {processor.py:208} INFO - Processing /opt/airflow/dags/my_tasks.py took 0.127 seconds
[2026-10-02T17:16:08.607+0000] {processor.py:186} INFO - Started process (PID=897) to work on /opt/airflow/dags/my_tasks.py
[2026-10-02T17:16:08.607+0000] {processor.py:914} INFO - Processing file /opt/airflow/dags/my_tasks.py for tasks to queue
[2026-10-02T17:16:08.609+0000] {logging_mixin.py:190} INFO - [2026-10-02T17:16:08.609+0000] {dagbag.py:588} INFO - Filling up the DagBag from /opt/airflow/dags/my_tasks.py
[2026-10-02T17:16:08.616+0000] {processor.py:925} INFO - DAG(s) 'my_dag' retrieved from /opt/airflow/dags/my_tasks.py
[2026-10-02T17:16:08.636+0000] {logging_mixin.py:190} INFO - [2026-10-02T17:16:08.636+0000] {dag.py:3239} INFO - Sync 1 DAGs
[2026-10-02T17:16:08.655+0000] {logging_mixin.py:190} INFO - [2026-10-02T17:16:08.655+0000] {dag.py:4180} INFO - Setting next_dagrun for my_dag to None, run_after=None
[2026-10-02T17:16:08.671+0000] {processor.py:208} INFO - Processing /opt/airflow/dags/my_tasks.py took 0.069 seconds
[2026-10-02T17:16:38.900+0000] {processor.py:186} INFO - Started process (PID=908) to work on /opt/airflow/dags/my_tasks.py
[2026-10-02T17:16:38.908+0000] {processor.py:914} INFO - Processing file /opt/airflow/dags/my_tasks.py for tasks to queue
[2026-10-02T17:16:38.910+0000] {logging_mixin.py:190} INFO - [2026-10-02T17:16:38.909+0000] {dagbag.py:588} INFO - Filling up the DagBag from /opt/airflow/dags/my_tasks.py
[2026-10-02T17:16:38.916+0000] {processor.py:925} INFO - DAG(s) 'my_dag' retrieved from /opt/airflow/dags/my_tasks.py
[2026-10-02T17:16:38.935+0000] {logging_mixin.py:190} INFO - [2026-10-02T17:16:38.935+0000] {dag.py:3239} INFO - Sync 1 DAGs
[2026-10-02T17:16:38.952+0000] {logging_mixin.py:190} INFO - [2026-10-02T17:16:38.952+0000] {dag.py:4180} INFO - Setting next_dagrun for my_dag to None, run_after=None
[2026-10-02T17:16:38.966+0000] {processor.py:208} INFO - Processing /opt/airflow/dags/my_tasks.py took 0.071 seconds
[2026-10-02T17:17:09.151+0000] {processor.py:186} INFO - Started process (PID=919) to work on /opt/airflow/dags/my_tasks.py
[2026-10-02T17:17:09.151+0000] {processor.py:914} INFO - Processing file /opt/airflow/dags/my_tasks.py for tasks to queue
[2026-10-02T17:17:09.153+0000] {logging_mixin.py:190} INFO - [2026-10-02T17:17:09.153+0000] {dagbag.py:588} INFO - Filling up the DagBag from /opt/airflow/dags/my_tasks.py
[2026-10-02T17:17:09.160+0000] {processor.py:925} INFO - DAG(s) 'my_dag' retrieved from /opt/airflow/dags/my_tasks.py
[2026-10-02T17:17:09.178+0000] {logging_mixin.py:190} INFO - [2026-10-02T17:17:09.177+0000] {dag.py:3239} INFO - Sync 1 DAGs
[2026-10-02T17:17:09.193+0000] {logging_mixin.py:190} INFO - [2026-10-02T17:17:09.193+0000] {dag.py:4180} INFO - Setting next_dagrun for my_dag to None, run_after=None
[2026-10-02T17:17:09.207+0000] {processor.py:208} INFO - Processing /opt/airflow/dags/my_tasks.py took 0.060 seconds
[2026-10-02T17:17:39.390+0000] {processor.py:186} INFO - Started process (PID=930) to work on /opt/airflow/dags/my_tasks.py
[2026-10-02T17:17:39.398+0000] {processor.py:914} INFO - Processing file /opt/airflow/dags/my_tasks.py for tasks to queue
[2026-10-02T17:17:39.400+0000] {logging_mixin.py:190} INFO - [2026-10-02T17:17:39.400+0000] {dagbag.py:588} INFO - Filling up the DagBag from /opt/airflow/dags/my_tasks.py
[2026-10-02T17:17:39.409+0000] {processor.py:925} INFO - DAG(s) 'my_dag' retrieved from /opt/airflow/dags/my_tasks.py
[2026-10-02T17:17:39.427+0000] {logging_mixin.py:190} INFO - [2026-10-02T17:17:39.427+0000] {dag.py:3239} INFO - Sync 1 DAGs
[2026-10-02T17:17:39.443+0000] {logging_mixin.py:190} INFO - [2026-10-02T17:17:39.443+0000] {dag.py:4180} INFO - Setting next_dagrun for my_dag to None, run_after=None
[2026-10-02T17:17:39.457+0000] {processor.py:208} INFO - Processing /opt/airflow/dags/my_tasks.py took 0.071 seconds
[2026-10-02T17:18:09.651+0000] {processor.py:186} INFO - Started process (PID=941) to work on /opt/airflow/dags/my_tasks.py
[2026-10-02T17:18:09.651+0000] {processor.py:914} INFO - Processing file /opt/airflow/dags/my_tasks.py for tasks to queue
[2026-10-02T17:18:09.652+0000] {logging_mixin.py:190} INFO - [2026-10-02T17:18:09.652+0000] {dagbag.py:588} INFO - Filling up the DagBag from /opt/airflow/dags/my_tasks.py
[2026-10-02T17:18:09.659+0000] {processor.py:925} INFO - DAG(s) 'my_dag' retrieved from /opt/airflow/dags/my_tasks.py
[2026-10-02T17:18:09.678+0000] {logging_mixin.py:190} INFO - [2026-10-02T17:18:09.678+0000] {dag.py:3239} INFO - Sync 1 DAGs
[2026-10-02T17:18:09.693+0000] {logging_mixin.py:190} INFO - [2026-10-02T17:18:09.692+0000] {dag.py:4180} INFO - Setting next_dagrun for my_dag to None, run_after=None
[2026-10-02T17:18:09.707+0000] {processor.py:208} INFO - Processing /opt/airflow/dags/my_tasks.py took 0.061 seconds
