[2026-07-24T05:05:42.629+0000] {processor.py:186} INFO - Started process (PID=190) to work on /opt/airflow/dags/my_tasks.py
[2026-07-24T05:05:42.630+0000] {processor.py:914} INFO - Processing file /opt/airflow/dags/my_tasks.py for tasks to queue
[2026-07-24T05:05:42.631+0000] {logging_mixin.py:190} INFO - [2026-07-24T05:05:42.631+0000] {dagbag.py:588} INFO - Filling up the DagBag from /opt/airflow/dags/my_tasks.py
[2026-07-24T05:05:42.684+0000] {processor.py:925} INFO - DAG(s) 'my_dag' retrieved from /opt/airflow/dags/my_tasks.py
[2026-07-24T05:05:42.991+0000] {logging_mixin.py:190} INFO - [2026-07-24T05:05:42.991+0000] {override.py:1912} INFO - Created Permission View: can edit on DAG:my_dag
[2026-07-24T05:05:43.000+0000] {logging_mixin.py:190} INFO - [2026-07-24T05:05:43.000+0000] {override.py:1912} INFO - Created Permission View: can read on DAG:my_dag
[2026-07-24T05:05:43.007+0000] {logging_mixin.py:190} INFO - [2026-07-24T05:05:43.007+0000] {override.py:1912} INFO - Created Permission View: can delete on DAG:my_dag
[2026-07-24T05:05:43.016+0000] {logging_mixin.py:190} INFO - [2026-07-24T05:05:43.016+0000] {override.py:1912} INFO - Created Permission View: can create on DAG Run:my_dag
[2026-07-24T05:05:43.022+0000] {logging_mixin.py:190} INFO - [2026-07-24T05:05:43.022+0000] {override.py:1912} INFO - Created Permission View: can read on DAG Run:my_dag
[2026-07-24T05:05:43.030+0000] {logging_mixin.py:190} INFO - [2026-07-24T05:05:43.029+0000] {override.py:1912} INFO - Created Permission View: menu access on DAG Run:my_dag
[2026-07-24T05:05:43.036+0000] {logging_mixin.py:190} INFO - [2026-07-24T05:05:43.036+0000] {override.py:1912} INFO - Created Permission View: can delete on DAG Run:my_dag
[2026-07-24T05:05:43.037+0000] {logging_mixin.py:190} INFO - [2026-07-24T05:05:43.037+0000] {dag.py:3239} INFO - Sync 1 DAGs
[2026-07-24T05:05:43.045+0000] {logging_mixin.py:190} INFO - [2026-07-24T05:05:43.045+0000] {dag.py:3262} INFO - Creating ORM DAG for my_dag
[2026-07-24T05:05:43.052+0000] {logging_mixin.py:190} INFO - [2026-07-24T05:05:43.051+0000] {dag.py:4180} INFO - Setting next_dagrun for my_dag to 2026-03-02 00:00:00+00:00, run_after=2026-03-02 00:00:00+00:00
[2026-07-24T05:05:43.064+0000] {processor.py:208} INFO - Processing /opt/airflow/dags/my_tasks.py took 0.439 seconds
[2026-07-24T05:06:13.232+0000] {processor.py:186} INFO - Started process (PID=217) to work on /opt/airflow/dags/my_tasks.py
[2026-07-24T05:06:13.241+0000] {processor.py:914} INFO - Processing file /opt/airflow/dags/my_tasks.py for tasks to queue
[2026-07-24T05:06:13.244+0000] {logging_mixin.py:190} INFO - [2026-07-24T05:06:13.244+0000] {dagbag.py:588} INFO - Filling up the DagBag from /opt/airflow/dags/my_tasks.py
[2026-07-24T05:06:13.255+0000] {processor.py:925} INFO - DAG(s) 'my_dag' retrieved from /opt/airflow/dags/my_tasks.py
[2026-07-24T05:06:13.272+0000] {logging_mixin.py:190} INFO - [2026-07-24T05:06:13.272+0000] {dag.py:3239} INFO - Sync 1 DAGs
[2026-07-24T05:06:13.288+0000] {logging_mixin.py:190} INFO - [2026-07-24T05:06:13.288+0000] {dag.py:4180} INFO - Setting next_dagrun for my_dag to None, run_after=None
[2026-07-24T05:06:13.302+0000] {processor.py:208} INFO - Processing /opt/airflow/dags/my_tasks.py took 0.076 seconds
[2026-07-24T05:06:43.486+0000] {processor.py:186} INFO - Started process (PID=228) to work on /opt/airflow/dags/my_tasks.py
[2026-07-24T05:06:43.487+0000] {processor.py:914} INFO - Processing file /opt/airflow/dags/my_tasks.py for tasks to queue
[2026-07-24T05:06:43.488+0000] {logging_mixin.py:190} INFO - [2026-07-24T05:06:43.488+0000] {dagbag.py:588} INFO - Filling up the DagBag from /opt/airflow/dags/my_tasks.py
[2026-07-24T05:06:43.494+0000] {processor.py:925} INFO - DAG(s) 'my_dag' retrieved from /opt/airflow/dags/my_tasks.py
[2026-07-24T05:06:43.512+0000] {logging_mixin.py:190} INFO - [2026-07-24T05:06:43.512+0000] {dag.py:3239} INFO - Sync 1 DAGs
[2026-07-24T05:06:43.527+0000] {logging_mixin.py:190} INFO - [2026-07-24T05:06:43.527+0000] {dag.py:4180} INFO - Setting next_dagrun for my_dag to None, run_after=None
[2026-07-24T05:06:43.541+0000] {processor.py:208} INFO - Processing /opt/airflow/dags/my_tasks.py took 0.058 seconds
[2026-07-24T05:07:13.755+0000] {processor.py:186} INFO - Started process (PID=239) to work on /opt/airflow/dags/my_tasks.py
[2026-07-24T05:07:13.763+0000] {processor.py:914} INFO - Processing file /opt/airflow/dags/my_tasks.py for tasks to queue
[2026-07-24T05:07:13.765+0000] {logging_mixin.py:190} INFO - [2026-07-24T05:07:13.765+0000] {dagbag.py:588} INFO - Filling up the DagBag from /opt/airflow/dags/my_tasks.py
[2026-07-24T05:07:13.776+0000] {processor.py:925} INFO - DAG(s) 'my_dag' retrieved from /opt/airflow/dags/my_tasks.py
[2026-07-24T05:07:13.795+0000] {logging_mixin.py:190} INFO - [2026-07-24T05:07:13.795+0000] {dag.py:3239} INFO - Sync 1 DAGs
[2026-07-24T05:07:13.810+0000] {logging_mixin.py:190} INFO - [2026-07-24T05:07:13.810+0000] {dag.py:4180} INFO - Setting next_dagrun for my_dag to None, run_after=None
[2026-07-24T05:07:13.824+0000] {processor.py:208} INFO - Processing /opt/airflow/dags/my_tasks.py took 0.073 seconds
[2026-07-24T05:07:44.038+0000] {processor.py:186} INFO - Started process (PID=250) to work on /opt/airflow/dags/my_tasks.py
[2026-07-24T05:07:44.038+0000] {processor.py:914} INFO - Processing file /opt/airflow/dags/my_tasks.py for tasks to queue
[2026-07-24T05:07:44.040+0000] {logging_mixin.py:190} INFO - [2026-07-24T05:07:44.039+0000] {dagbag.py:588} INFO - Filling up the DagBag from /opt/airflow/dags/my_tasks.py
[2026-07-24T05:07:44.047+0000] {processor.py:925} INFO - DAG(s) 'my_dag' retrieved from /opt/airflow/dags/my_tasks.py
[2026-07-24T05:07:44.063+0000] {logging_mixin.py:190} INFO - [2026-07-24T05:07:44.063+0000] {dag.py:3239} INFO - Sync 1 DAGs
[2026-07-24T05:07:44.078+0000] {logging_mixin.py:190} INFO - [2026-07-24T05:07:44.077+0000] {dag.py:4180} INFO - Setting next_dagrun for my_dag to None, run_after=None
[2026-07-24T05:07:44.092+0000] {processor.py:208} INFO - Processing /opt/airflow/dags/my_tasks.py took 0.058 seconds
[2026-07-24T05:08:14.317+0000] {processor.py:186} INFO - Started process (PID=261) to work on /opt/airflow/dags/my_tasks.py
[2026-07-24T05:08:14.325+0000] {processor.py:914} INFO - Processing file /opt/airflow/dags/my_tasks.py for tasks to queue
[2026-07-24T05:08:14.328+0000] {logging_mixin.py:190} INFO - [2026-07-24T05:08:14.328+0000] {dagbag.py:588} INFO - Filling up the DagBag from /opt/airflow/dags/my_tasks.py
[2026-07-24T05:08:14.339+0000] {processor.py:925} INFO - DAG(s) 'my_dag' retrieved from /opt/airflow/dags/my_tasks.py
[2026-07-24T05:08:14.356+0000] {logging_mixin.py:190} INFO - [2026-07-24T05:08:14.356+0000] {dag.py:3239} INFO - Sync 1 DAGs
[2026-07-24T05:08:14.371+0000] {logging_mixin.py:190} INFO - [2026-07-24T05:08:14.370+0000] {dag.py:4180} INFO - Setting next_dagrun for my_dag to None, run_after=None
[2026-07-24T05:08:14.384+0000] {processor.py:208} INFO - Processing /opt/airflow/dags/my_tasks.py took 0.073 seconds
[2026-07-24T05:08:44.597+0000] {processor.py:186} INFO - Started process (PID=272) to work on /opt/airflow/dags/my_tasks.py
[2026-07-24T05:08:44.605+0000] {processor.py:914} INFO - Processing file /opt/airflow/dags/my_tasks.py for tasks to queue
[2026-07-24T05:08:44.607+0000] {logging_mixin.py:190} INFO - [2026-07-24T05:08:44.607+0000] {dagbag.py:588} INFO - Filling up the DagBag from /opt/airflow/dags/my_tasks.py
[2026-07-24T05:08:44.618+0000] {processor.py:925} INFO - DAG(s) 'my_dag' retrieved from /opt/airflow/dags/my_tasks.py
[2026-07-24T05:08:44.634+0000] {logging_mixin.py:190} INFO - [2026-07-24T05:08:44.634+0000] {dag.py:3239} INFO - Sync 1 DAGs
[2026-07-24T05:08:44.649+0000] {logging_mixin.py:190} INFO - [2026-07-24T05:08:44.649+0000] {dag.py:4180} INFO - Setting next_dagrun for my_dag to None, run_after=None
[2026-07-24T05:08:44.663+0000] {processor.py:208} INFO - Processing /opt/airflow/dags/my_tasks.py took 0.070 seconds
[2026-07-24T05:09:14.865+0000] {processor.py:186} INFO - Started process (PID=283) to work on /opt/airflow/dags/my_tasks.py
[2026-07-24T05:09:14.873+0000] {processor.py:914} INFO - Processing file /opt/airflow/dags/my_tasks.py for tasks to queue
[2026-07-24T05:09:14.876+0000] {logging_mixin.py:190} INFO - [2026-07-24T05:09:14.876+0000] {dagbag.py:588} INFO - Filling up the DagBag from /opt/airflow/dags/my_tasks.py
[2026-07-24T05:09:14.886+0000] {processor.py:925} INFO - DAG(s) 'my_dag' retrieved from /opt/airflow/dags/my_tasks.py
[2026-07-24T05:09:14.907+0000] {logging_mixin.py:190} INFO - [2026-07-24T05:09:14.907+0000] {dag.py:3239} INFO - Sync 1 DAGs
[2026-07-24T05:09:14.925+0000] {logging_mixin.py:190} INFO - [2026-07-24T05:09:14.924+0000] {dag.py:4180} INFO - Setting next_dagrun for my_dag to None, run_after=None
[2026-07-24T05:09:14.937+0000] {processor.py:208} INFO - Processing /opt/airflow/dags/my_tasks.py took 0.076 seconds
[2026-07-24T05:09:45.142+0000] {processor.py:186} INFO - Started process (PID=294) to work on /opt/airflow/dags/my_tasks.py
[2026-07-24T05:09:45.150+0000] {processor.py:914} INFO - Processing file /opt/airflow/dags/my_tasks.py for tasks to queue
[2026-07-24T05:09:45.152+0000] {logging_mixin.py:190} INFO - [2026-07-24T05:09:45.152+0000] {dagbag.py:588} INFO - Filling up the DagBag from /opt/airflow/dags/my_tasks.py
[2026-07-24T05:09:45.163+0000] {processor.py:925} INFO - DAG(s) 'my_dag' retrieved from /opt/airflow/dags/my_tasks.py
[2026-07-24T05:09:45.180+0000] {logging_mixin.py:190} INFO - [2026-07-24T05:09:45.179+0000] {dag.py:3239} INFO - Sync 1 DAGs
[2026-07-24T05:09:45.195+0000] {logging_mixin.py:190} INFO - [2026-07-24T05:09:45.194+0000] {dag.py:4180} INFO - Setting next_dagrun for my_dag to None, run_after=None
[2026-07-24T05:09:45.208+0000] {processor.py:208} INFO - Processing /opt/airflow/dags/my_tasks.py took 0.070 seconds
[2026-07-24T05:10:15.382+0000] {processor.py:186} INFO - Started process (PID=305) to work on /opt/airflow/dags/my_tasks.py
[2026-07-24T05:10:15.383+0000] {processor.py:914} INFO - Processing file /opt/airflow/dags/my_tasks.py for tasks to queue
[2026-07-24T05:10:15.384+0000] {logging_mixin.py:190} INFO - [2026-07-24T05:10:15.384+0000] {dagbag.py:588} INFO - Filling up the DagBag from /opt/airflow/dags/my_tasks.py
[2026-07-24T05:10:15.390+0000] {processor.py:925} INFO - DAG(s) 'my_dag' retrieved from /opt/airflow/dags/my_tasks.py
[2026-07-24T05:10:15.408+0000] {logging_mixin.py:190} INFO - [2026-07-24T05:10:15.408+0000] {dag.py:3239} INFO - Sync 1 DAGs
[2026-07-24T05:10:15.425+0000] {logging_mixin.py:190} INFO - [2026-07-24T05:10:15.425+0000] {dag.py:4180} INFO - Setting next_dagrun for my_dag to None, run_after=None
[2026-07-24T05:10:15.444+0000] {processor.py:208} INFO - Processing /opt/airflow/dags/my_tasks.py took 0.066 seconds
[2026-07-24T05:10:45.634+0000] {processor.py:186} INFO - Started process (PID=316) to work on /opt/airflow/dags/my_tasks.py
[2026-07-24T05:10:45.634+0000] {processor.py:914} INFO - Processing file /opt/airflow/dags/my_tasks.py for tasks to queue
[2026-07-24T05:10:45.636+0000] {logging_mixin.py:190} INFO - [2026-07-24T05:10:45.636+0000] {dagbag.py:588} INFO - Filling up the DagBag from /opt/airflow/dags/my_tasks.py
[2026-07-24T05:10:45.642+0000] {processor.py:925} INFO - DAG(s) 'my_dag' retrieved from /opt/airflow/dags/my_tasks.py
[2026-07-24T05:10:45.659+0000] {logging_mixin.py:190} INFO - [2026-07-24T05:10:45.659+0000] {dag.py:3239} INFO - Sync 1 DAGs
[2026-07-24T05:10:45.674+0000] {logging_mixin.py:190} INFO - [2026-07-24T05:10:45.674+0000] {dag.py:4180} INFO - Setting next_dagrun for my_dag to None, run_after=None
[2026-07-24T05:10:45.688+0000] {processor.py:208} INFO - Processing /opt/airflow/dags/my_tasks.py took 0.059 seconds
[2026-07-24T05:11:15.916+0000] {processor.py:186} INFO - Started process (PID=327) to work on /opt/airflow/dags/my_tasks.py
[2026-07-24T05:11:15.924+0000] {processor.py:914} INFO - Processing file /opt/airflow/dags/my_tasks.py for tasks to queue
[2026-07-24T05:11:15.926+0000] {logging_mixin.py:190} INFO - [2026-07-24T05:11:15.926+0000] {dagbag.py:588} INFO - Filling up the DagBag from /opt/airflow/dags/my_tasks.py
[2026-07-24T05:11:15.937+0000] {processor.py:925} INFO - DAG(s) 'my_dag' retrieved from /opt/airflow/dags/my_tasks.py
[2026-07-24T05:11:15.954+0000] {logging_mixin.py:190} INFO - [2026-07-24T05:11:15.954+0000] {dag.py:3239} INFO - Sync 1 DAGs
[2026-07-24T05:11:15.969+0000] {logging_mixin.py:190} INFO - [2026-07-24T05:11:15.969+0000] {dag.py:4180} INFO - Setting next_dagrun for my_dag to None, run_after=None
[2026-07-24T05:11:15.982+0000] {processor.py:208} INFO - Processing /opt/airflow/dags/my_tasks.py took 0.070 seconds
[2026-07-24T05:11:46.205+0000] {processor.py:186} INFO - Started process (PID=338) to work on /opt/airflow/dags/my_tasks.py
[2026-07-24T05:11:46.212+0000] {processor.py:914} INFO - Processing file /opt/airflow/dags/my_tasks.py for tasks to queue
[2026-07-24T05:11:46.215+0000] {logging_mixin.py:190} INFO - [2026-07-24T05:11:46.214+0000] {dagbag.py:588} INFO - Filling up the DagBag from /opt/airflow/dags/my_tasks.py
[2026-07-24T05:11:46.225+0000] {processor.py:925} INFO - DAG(s) 'my_dag' retrieved from /opt/airflow/dags/my_tasks.py
[2026-07-24T05:11:46.246+0000] {logging_mixin.py:190} INFO - [2026-07-24T05:11:46.246+0000] {dag.py:3239} INFO - Sync 1 DAGs
[2026-07-24T05:11:46.262+0000] {logging_mixin.py:190} INFO - [2026-07-24T05:11:46.262+0000] {dag.py:4180} INFO - Setting next_dagrun for my_dag to None, run_after=None
[2026-07-24T05:11:46.276+0000] {processor.py:208} INFO - Processing /opt/airflow/dags/my_tasks.py took 0.075 seconds
[2026-07-24T05:12:16.439+0000] {processor.py:186} INFO - Started process (PID=349) to work on /opt/airflow/dags/my_tasks.py
[2026-07-24T05:12:16.441+0000] {processor.py:914} INFO - Processing file /opt/airflow/dags/my_tasks.py for tasks to queue
[2026-07-24T05:12:16.443+0000] {logging_mixin.py:190} INFO - [2026-07-24T05:12:16.442+0000] {dagbag.py:588} INFO - Filling up the DagBag from /opt/airflow/dags/my_tasks.py
[2026-07-24T05:12:16.449+0000] {processor.py:925} INFO - DAG(s) 'my_dag' retrieved from /opt/airflow/dags/my_tasks.py
[2026-07-24T05:12:16.467+0000] {logging_mixin.py:190} INFO - [2026-07-24T05:12:16.467+0000] {dag.py:3239} INFO - Sync 1 DAGs
[2026-07-24T05:12:16.484+0000] {logging_mixin.py:190} INFO - [2026-07-24T05:12:16.484+0000] {dag.py:4180} INFO - Setting next_dagrun for my_dag to None, run_after=None
[2026-07-24T05:12:16.501+0000] {processor.py:208} INFO - Processing /opt/airflow/dags/my_tasks.py took 0.066 seconds
[2026-07-24T05:12:46.703+0000] {processor.py:186} INFO - Started process (PID=360) to work on /opt/airflow/dags/my_tasks.py
[2026-07-24T05:12:46.704+0000] {processor.py:914} INFO - Processing file /opt/airflow/dags/my_tasks.py for tasks to queue
[2026-07-24T05:12:46.706+0000] {logging_mixin.py:190} INFO - [2026-07-24T05:12:46.705+0000] {dagbag.py:588} INFO - Filling up the DagBag from /opt/airflow/dags/my_tasks.py
[2026-07-24T05:12:46.713+0000] {processor.py:925} INFO - DAG(s) 'my_dag' retrieved from /opt/airflow/dags/my_tasks.py
[2026-07-24T05:12:46.730+0000] {logging_mixin.py:190} INFO - [2026-07-24T05:12:46.730+0000] {dag.py:3239} INFO - Sync 1 DAGs
[2026-07-24T05:12:46.745+0000] {logging_mixin.py:190} INFO - [2026-07-24T05:12:46.745+0000] {dag.py:4180} INFO - Setting next_dagrun for my_dag to None, run_after=None
[2026-07-24T05:12:46.759+0000] {processor.py:208} INFO - Processing /opt/airflow/dags/my_tasks.py took 0.061 seconds
[2026-07-24T05:13:16.963+0000] {processor.py:186} INFO - Started process (PID=371) to work on /opt/airflow/dags/my_tasks.py
[2026-07-24T05:13:16.971+0000] {processor.py:914} INFO - Processing file /opt/airflow/dags/my_tasks.py for tasks to queue
[2026-07-24T05:13:16.973+0000] {logging_mixin.py:190} INFO - [2026-07-24T05:13:16.973+0000] {dagbag.py:588} INFO - Filling up the DagBag from /opt/airflow/dags/my_tasks.py
[2026-07-24T05:13:16.982+0000] {processor.py:925} INFO - DAG(s) 'my_dag' retrieved from /opt/airflow/dags/my_tasks.py
[2026-07-24T05:13:17.002+0000] {logging_mixin.py:190} INFO - [2026-07-24T05:13:17.002+0000] {dag.py:3239} INFO - Sync 1 DAGs
[2026-07-24T05:13:17.022+0000] {logging_mixin.py:190} INFO - [2026-07-24T05:13:17.022+0000] {dag.py:4180} INFO - Setting next_dagrun for my_dag to None, run_after=None
[2026-07-24T05:13:17.040+0000] {processor.py:208} INFO - Processing /opt/airflow/dags/my_tasks.py took 0.082 seconds
[2026-07-24T05:13:47.219+0000] {processor.py:186} INFO - Started process (PID=382) to work on /opt/airflow/dags/my_tasks.py
[2026-07-24T05:13:47.227+0000] {processor.py:914} INFO - Processing file /opt/airflow/dags/my_tasks.py for tasks to queue
[2026-07-24T05:13:47.229+0000] {logging_mixin.py:190} INFO - [2026-07-24T05:13:47.228+0000] {dagbag.py:588} INFO - Filling up the DagBag from /opt/airflow/dags/my_tasks.py
[2026-07-24T05:13:47.239+0000] {processor.py:925} INFO - DAG(s) 'my_dag' retrieved from /opt/airflow/dags/my_tasks.py
[2026-07-24T05:13:47.256+0000] {logging_mixin.py:190} INFO - [2026-07-24T05:13:47.256+0000] {dag.py:3239} INFO - Sync 1 DAGs
[2026-07-24T05:13:47.271+0000] {logging_mixin.py:190} INFO - [2026-07-24T05:13:47.271+0000] {dag.py:4180} INFO - Setting next_dagrun for my_dag to None, run_after=None
[2026-07-24T05:13:47.285+0000] {processor.py:208} INFO - Processing /opt/airflow/dags/my_tasks.py took 0.070 seconds
[2026-07-24T05:14:17.499+0000] {processor.py:186} INFO - Started process (PID=393) to work on /opt/airflow/dags/my_tasks.py
[2026-07-24T05:14:17.507+0000] {processor.py:914} INFO - Processing file /opt/airflow/dags/my_tasks.py for tasks to queue
[2026-07-24T05:14:17.511+0000] {logging_mixin.py:190} INFO - [2026-07-24T05:14:17.510+0000] {dagbag.py:588} INFO - Filling up the DagBag from /opt/airflow/dags/my_tasks.py
[2026-07-24T05:14:17.525+0000] {processor.py:925} INFO - DAG(s) 'my_dag' retrieved from /opt/airflow/dags/my_tasks.py
[2026-07-24T05:14:17.542+0000] {logging_mixin.py:190} INFO - [2026-07-24T05:14:17.541+0000] {dag.py:3239} INFO - Sync 1 DAGs
[2026-07-24T05:14:17.557+0000] {logging_mixin.py:190} INFO - [2026-07-24T05:14:17.557+0000] {dag.py:4180} INFO - Setting next_dagrun for my_dag to None, run_after=None
[2026-07-24T05:14:17.571+0000] {processor.py:208} INFO - Processing /opt/airflow/dags/my_tasks.py took 0.076 seconds
[2026-07-24T05:14:47.736+0000] {processor.py:186} INFO - Started process (PID=404) to work on /opt/airflow/dags/my_tasks.py
[2026-07-24T05:14:47.744+0000] {processor.py:914} INFO - Processing file /opt/airflow/dags/my_tasks.py for tasks to queue
[2026-07-24T05:14:47.746+0000] {logging_mixin.py:190} INFO - [2026-07-24T05:14:47.745+0000] {dagbag.py:588} INFO - Filling up the DagBag from /opt/airflow/dags/my_tasks.py
[2026-07-24T05:14:47.754+0000] {processor.py:925} INFO - DAG(s) 'my_dag' retrieved from /opt/airflow/dags/my_tasks.py
[2026-07-24T05:14:47.771+0000] {logging_mixin.py:190} INFO - [2026-07-24T05:14:47.771+0000] {dag.py:3239} INFO - Sync 1 DAGs
[2026-07-24T05:14:47.786+0000] {logging_mixin.py:190} INFO - [2026-07-24T05:14:47.786+0000] {dag.py:4180} INFO - Setting next_dagrun for my_dag to None, run_after=None
[2026-07-24T05:14:47.800+0000] {processor.py:208} INFO - Processing /opt/airflow/dags/my_tasks.py took 0.068 seconds
[2026-07-24T05:15:18.015+0000] {processor.py:186} INFO - Started process (PID=415) to work on /opt/airflow/dags/my_tasks.py
[2026-07-24T05:15:18.023+0000] {processor.py:914} INFO - Processing file /opt/airflow/dags/my_tasks.py for tasks to queue
[2026-07-24T05:15:18.024+0000] {logging_mixin.py:190} INFO - [2026-07-24T05:15:18.024+0000] {dagbag.py:588} INFO - Filling up the DagBag from /opt/airflow/dags/my_tasks.py
[2026-07-24T05:15:18.035+0000] {processor.py:925} INFO - DAG(s) 'my_dag' retrieved from /opt/airflow/dags/my_tasks.py
[2026-07-24T05:15:18.052+0000] {logging_mixin.py:190} INFO - [2026-07-24T05:15:18.052+0000] {dag.py:3239} INFO - Sync 1 DAGs
[2026-07-24T05:15:18.072+0000] {logging_mixin.py:190} INFO - [2026-07-24T05:15:18.072+0000] {dag.py:4180} INFO - Setting next_dagrun for my_dag to None, run_after=None
[2026-07-24T05:15:18.089+0000] {processor.py:208} INFO - Processing /opt/airflow/dags/my_tasks.py took 0.078 seconds
[2026-07-24T05:15:48.268+0000] {processor.py:186} INFO - Started process (PID=432) to work on /opt/airflow/dags/my_tasks.py
[2026-07-24T05:15:48.276+0000] {processor.py:914} INFO - Processing file /opt/airflow/dags/my_tasks.py for tasks to queue
[2026-07-24T05:15:48.278+0000] {logging_mixin.py:190} INFO - [2026-07-24T05:15:48.278+0000] {dagbag.py:588} INFO - Filling up the DagBag from /opt/airflow/dags/my_tasks.py
[2026-07-24T05:15:48.289+0000] {processor.py:925} INFO - DAG(s) 'my_dag' retrieved from /opt/airflow/dags/my_tasks.py
[2026-07-24T05:15:48.307+0000] {logging_mixin.py:190} INFO - [2026-07-24T05:15:48.307+0000] {dag.py:3239} INFO - Sync 1 DAGs
[2026-07-24T05:15:48.323+0000] {logging_mixin.py:190} INFO - [2026-07-24T05:15:48.323+0000] {dag.py:4180} INFO - Setting next_dagrun for my_dag to None, run_after=None
[2026-07-24T05:15:48.337+0000] {processor.py:208} INFO - Processing /opt/airflow/dags/my_tasks.py took 0.073 seconds
[2026-07-24T05:16:18.549+0000] {processor.py:186} INFO - Started process (PID=443) to work on /opt/airflow/dags/my_tasks.py
[2026-07-24T05:16:18.557+0000] {processor.py:914} INFO - Processing file /opt/airflow/dags/my_tasks.py for tasks to queue
[2026-07-24T05:16:18.561+0000] {logging_mixin.py:190} INFO - [2026-07-24T05:16:18.560+0000] {dagbag.py:588} INFO - Filling up the DagBag from /opt/airflow/dags/my_tasks.py
[2026-07-24T05:16:18.568+0000] {processor.py:925} INFO - DAG(s) 'my_dag' retrieved from /opt/airflow/dags/my_tasks.py
[2026-07-24T05:16:18.585+0000] {logging_mixin.py:190} INFO - [2026-07-24T05:16:18.585+0000] {dag.py:3239} INFO - Sync 1 DAGs
[2026-07-24T05:16:18.600+0000] {logging_mixin.py:190} INFO - [2026-07-24T05:16:18.600+0000] {dag.py:4180} INFO - Setting next_dagrun for my_dag to None, run_after=None
[2026-07-24T05:16:18.614+0000] {processor.py:208} INFO - Processing /opt/airflow/dags/my_tasks.py took 0.071 seconds
[2026-07-24T05:16:48.837+0000] {processor.py:186} INFO - Started process (PID=454) to work on /opt/airflow/dags/my_tasks.py
[2026-07-24T05:16:48.838+0000] {processor.py:914} INFO - Processing file /opt/airflow/dags/my_tasks.py for tasks to queue
[2026-07-24T05:16:48.839+0000] {logging_mixin.py:190} INFO - [2026-07-24T05:16:48.839+0000] {dagbag.py:588} INFO - Filling up the DagBag from /opt/airflow/dags/my_tasks.py
[2026-07-24T05:16:48.846+0000] {processor.py:925} INFO - DAG(s) 'my_dag' retrieved from /opt/airflow/dags/my_tasks.py
[2026-07-24T05:16:48.862+0000] {logging_mixin.py:190} INFO - [2026-07-24T05:16:48.862+0000] {dag.py:3239} INFO - Sync 1 DAGs
[2026-07-24T05:16:48.877+0000] {logging_mixin.py:190} INFO - [2026-07-24T05:16:48.877+0000] {dag.py:4180} INFO - Setting next_dagrun for my_dag to None, run_after=None
[2026-07-24T05:16:48.889+0000] {processor.py:208} INFO - Processing /opt/airflow/dags/my_tasks.py took 0.056 seconds
[2026-07-24T05:17:19.124+0000] {processor.py:186} INFO - Started process (PID=465) to work on /opt/airflow/dags/my_tasks.py
[2026-07-24T05:17:19.124+0000] {processor.py:914} INFO - Processing file /opt/airflow/dags/my_tasks.py for tasks to queue
[2026-07-24T05:17:19.126+0000] {logging_mixin.py:190} INFO - [2026-07-24T05:17:19.125+0000] {dagbag.py:588} INFO - Filling up the DagBag from /opt/airflow/dags/my_tasks.py
[2026-07-24T05:17:19.132+0000] {processor.py:925} INFO - DAG(s) 'my_dag' retrieved from /opt/airflow/dags/my_tasks.py
[2026-07-24T05:17:19.149+0000] {logging_mixin.py:190} INFO - [2026-07-24T05:17:19.149+0000] {dag.py:3239} INFO - Sync 1 DAGs
[2026-07-24T05:17:19.165+0000] {logging_mixin.py:190} INFO - [2026-07-24T05:17:19.165+0000] {dag.py:4180} INFO - Setting next_dagrun for my_dag to None, run_after=None
[2026-07-24T05:17:19.179+0000] {processor.py:208} INFO - Processing /opt/airflow/dags/my_tasks.py took 0.059 seconds
[2026-07-24T05:17:49.412+0000] {processor.py:186} INFO - Started process (PID=476) to work on /opt/airflow/dags/my_tasks.py
[2026-07-24T05:17:49.420+0000] {processor.py:914} INFO - Processing file /opt/airflow/dags/my_tasks.py for tasks to queue
[2026-07-24T05:17:49.422+0000] {logging_mixin.py:190} INFO - [2026-07-24T05:17:49.422+0000] {dagbag.py:588} INFO - Filling up the DagBag from /opt/airflow/dags/my_tasks.py
[2026-07-24T05:17:49.431+0000] {processor.py:925} INFO - DAG(s) 'my_dag' retrieved from /opt/airflow/dags/my_tasks.py
[2026-07-24T05:17:49.448+0000] {logging_mixin.py:190} INFO - [2026-07-24T05:17:49.448+0000] {dag.py:3239} INFO - Sync 1 DAGs
[2026-07-24T05:17:49.466+0000] {logging_mixin.py:190} INFO - [2026-07-24T05:17:49.466+0000] {dag.py:4180} INFO - Setting next_dagrun for my_dag to None, run_after=None
[2026-07-24T05:17:49.493+0000] {processor.py:208} INFO - Processing /opt/airflow/dags/my_tasks.py took 0.085 seconds
[2026-07-24T05:18:19.671+0000] {processor.py:186} INFO - Started process (PID=487) to work on /opt/airflow/dags/my_tasks.py
[2026-07-24T05:18:19.671+0000] {processor.py:914} INFO - Processing file /opt/airflow/dags/my_tasks.py for tasks to queue
[2026-07-24T05:18:19.673+0000] {logging_mixin.py:190} INFO - [2026-07-24T05:18:19.673+0000] {dagbag.py:588} INFO - Filling up the DagBag from /opt/airflow/dags/my_tasks.py
[2026-07-24T05:18:19.680+0000] {processor.py:925} INFO - DAG(s) 'my_dag' retrieved from /opt/airflow/dags/my_tasks.py
[2026-07-24T05:18:19.697+0000] {logging_mixin.py:190} INFO - [2026-07-24T05:18:19.697+0000] {dag.py:3239} INFO - Sync 1 DAGs
[2026-07-24T05:18:19.712+0000] {logging_mixin.py:190} INFO - [2026-07-24T05:18:19.712+0000] {dag.py:4180} INFO - Setting next_dagrun for my_dag to None, run_after=None
[2026-07-24T05:18:19.726+0000] {processor.py:208} INFO - Processing /opt/airflow/dags/my_tasks.py took 0.059 seconds
[2026-07-24T05:18:49.938+0000] {processor.py:186} INFO - Started process (PID=498) to work on /opt/airflow/dags/my_tasks.py
[2026-07-24T05:18:49.950+0000] {processor.py:914} INFO - Processing file /opt/airflow/dags/my_tasks.py for tasks to queue
[2026-07-24T05:18:49.951+0000] {logging_mixin.py:190} INFO - [2026-07-24T05:18:49.951+0000] {dagbag.py:588} INFO - Filling up the DagBag from /opt/airflow/dags/my_tasks.py
[2026-07-24T05:18:49.961+0000] {processor.py:925} INFO - DAG(s) 'my_dag' retrieved from /opt/airflow/dags/my_tasks.py
[2026-07-24T05:18:49.977+0000] {logging_mixin.py:190} INFO - [2026-07-24T05:18:49.977+0000] {dag.py:3239} INFO - Sync 1 DAGs
[2026-07-24T05:18:49.993+0000] {logging_mixin.py:190} INFO - [2026-07-24T05:18:49.992+0000] {dag.py:4180} INFO - Setting next_dagrun for my_dag to None, run_after=None
[2026-07-24T05:18:50.009+0000] {processor.py:208} INFO - Processing /opt/airflow/dags/my_tasks.py took 0.076 seconds
[2026-07-24T05:19:20.196+0000] {processor.py:186} INFO - Started process (PID=509) to work on /opt/airflow/dags/my_tasks.py
[2026-07-24T05:19:20.196+0000] {processor.py:914} INFO - Processing file /opt/airflow/dags/my_tasks.py for tasks to queue
[2026-07-24T05:19:20.198+0000] {logging_mixin.py:190} INFO - [2026-07-24T05:19:20.197+0000] {dagbag.py:588} INFO - Filling up the DagBag from /opt/airflow/dags/my_tasks.py
[2026-07-24T05:19:20.204+0000] {processor.py:925} INFO - DAG(s) 'my_dag' retrieved from /opt/airflow/dags/my_tasks.py
[2026-07-24T05:19:20.221+0000] {logging_mixin.py:190} INFO - [2026-07-24T05:19:20.220+0000] {dag.py:3239} INFO - Sync 1 DAGs
[2026-07-24T05:19:20.236+0000] {logging_mixin.py:190} INFO - [2026-07-24T05:19:20.236+0000] {dag.py:4180} INFO - Setting next_dagrun for my_dag to None, run_after=None
[2026-07-24T05:19:20.249+0000] {processor.py:208} INFO - Processing /opt/airflow/dags/my_tasks.py took 0.057 seconds
[2026-07-24T05:19:50.463+0000] {processor.py:186} INFO - Started process (PID=520) to work on /opt/airflow/dags/my_tasks.py
[2026-07-24T05:19:50.471+0000] {processor.py:914} INFO - Processing file /opt/airflow/dags/my_tasks.py for tasks to queue
[2026-07-24T05:19:50.474+0000] {logging_mixin.py:190} INFO - [2026-07-24T05:19:50.473+0000] {dagbag.py:588} INFO - Filling up the DagBag from /opt/airflow/dags/my_tasks.py
[2026-07-24T05:19:50.483+0000] {processor.py:925} INFO - DAG(s) 'my_dag' retrieved from /opt/airflow/dags/my_tasks.py
[2026-07-24T05:19:50.502+0000] {logging_mixin.py:190} INFO - [2026-07-24T05:19:50.501+0000] {dag.py:3239} INFO - Sync 1 DAGs
[2026-07-24T05:19:50.516+0000] {logging_mixin.py:190} INFO - [2026-07-24T05:19:50.516+0000] {dag.py:4180} INFO - Setting next_dagrun for my_dag to None, run_after=None
[2026-07-24T05:19:50.530+0000] {processor.py:208} INFO - Processing /opt/airflow/dags/my_tasks.py took 0.071 seconds
[2026-07-24T05:20:20.740+0000] {processor.py:186} INFO - Started process (PID=531) to work on /opt/airflow/dags/my_tasks.py
[2026-07-24T05:20:20.741+0000] {processor.py:914} INFO - Processing file /opt/airflow/dags/my_tasks.py for tasks to queue
[2026-07-24T05:20:20.742+0000] {logging_mixin.py:190} INFO - [2026-07-24T05:20:20.742+0000] {dagbag.py:588} INFO - Filling up the DagBag from /opt/airflow/dags/my_tasks.py
[2026-07-24T05:20:20.750+0000] {processor.py:925} INFO - DAG(s) 'my_dag' retrieved from /opt/airflow/dags/my_tasks.py
[2026-07-24T05:20:20.767+0000] {logging_mixin.py:190} INFO - [2026-07-24T05:20:20.767+0000] {dag.py:3239} INFO - Sync 1 DAGs
[2026-07-24T05:20:20.782+0000] {logging_mixin.py:190} INFO - [2026-07-24T05:20:20.781+0000] {dag.py:4180} INFO - Setting next_dagrun for my_dag to None, run_after=None
[2026-07-24T05:20:20.796+0000] {processor.py:208} INFO - Processing /opt/airflow/dags/my_tasks.py took 0.060 seconds
[2026-07-24T05:20:51.016+0000] {processor.py:186} INFO - Started process (PID=542) to work on /opt/airflow/dags/my_tasks.py
[2026-07-24T05:20:51.024+0000] {processor.py:914} INFO - Processing file /opt/airflow/dags/my_tasks.py for tasks to queue
[2026-07-24T05:20:51.026+0000] {logging_mixin.py:190} INFO - [2026-07-24T05:20:51.026+0000] {dagbag.py:588} INFO - Filling up the DagBag from /opt/airflow/dags/my_tasks.py
[2026-07-24T05:20:51.037+0000] {processor.py:925} INFO - DAG(s) 'my_dag' retrieved from /opt/airflow/dags/my_tasks.py
[2026-07-24T05:20:51.054+0000] {logging_mixin.py:190} INFO - [2026-07-24T05:20:51.053+0000] {dag.py:3239} INFO - Sync 1 DAGs
[2026-07-24T05:20:51.069+0000] {logging_mixin.py:190} INFO - [2026-07-24T05:20:51.069+0000] {dag.py:4180} INFO - Setting next_dagrun for my_dag to None, run_after=None
[2026-07-24T05:20:51.083+0000] {processor.py:208} INFO - Processing /opt/airflow/dags/my_tasks.py took 0.071 seconds
[2026-07-24T05:21:21.289+0000] {processor.py:186} INFO - Started process (PID=553) to work on /opt/airflow/dags/my_tasks.py
[2026-07-24T05:21:21.298+0000] {processor.py:914} INFO - Processing file /opt/airflow/dags/my_tasks.py for tasks to queue
[2026-07-24T05:21:21.300+0000] {logging_mixin.py:190} INFO - [2026-07-24T05:21:21.299+0000] {dagbag.py:588} INFO - Filling up the DagBag from /opt/airflow/dags/my_tasks.py
[2026-07-24T05:21:21.310+0000] {processor.py:925} INFO - DAG(s) 'my_dag' retrieved from /opt/airflow/dags/my_tasks.py
[2026-07-24T05:21:21.331+0000] {logging_mixin.py:190} INFO - [2026-07-24T05:21:21.331+0000] {dag.py:3239} INFO - Sync 1 DAGs
[2026-07-24T05:21:21.346+0000] {logging_mixin.py:190} INFO - [2026-07-24T05:21:21.346+0000] {dag.py:4180} INFO - Setting next_dagrun for my_dag to None, run_after=None
[2026-07-24T05:21:21.359+0000] {processor.py:208} INFO - Processing /opt/airflow/dags/my_tasks.py took 0.074 seconds
[2026-07-24T05:21:51.566+0000] {processor.py:186} INFO - Started process (PID=564) to work on /opt/airflow/dags/my_tasks.py
[2026-07-24T05:21:51.574+0000] {processor.py:914} INFO - Processing file /opt/airflow/dags/my_tasks.py for tasks to queue
[2026-07-24T05:21:51.576+0000] {logging_mixin.py:190} INFO - [2026-07-24T05:21:51.576+0000] {dagbag.py:588} INFO - Filling up the DagBag from /opt/airflow/dags/my_tasks.py
[2026-07-24T05:21:51.586+0000] {processor.py:925} INFO - DAG(s) 'my_dag' retrieved from /opt/airflow/dags/my_tasks.py
[2026-07-24T05:21:51.603+0000] {logging_mixin.py:190} INFO - [2026-07-24T05:21:51.603+0000] {dag.py:3239} INFO - Sync 1 DAGs
[2026-07-24T05:21:51.618+0000] {logging_mixin.py:190} INFO - [2026-07-24T05:21:51.618+0000] {dag.py:4180} INFO - Setting next_dagrun for my_dag to None, run_after=None
[2026-07-24T05:21:51.632+0000] {processor.py:208} INFO - Processing /opt/airflow/dags/my_tasks.py took 0.070 seconds
[2026-07-24T05:22:21.852+0000] {processor.py:186} INFO - Started process (PID=575) to work on /opt/airflow/dags/my_tasks.py
[2026-07-24T05:22:21.860+0000] {processor.py:914} INFO - Processing file /opt/airflow/dags/my_tasks.py for tasks to queue
[2026-07-24T05:22:21.863+0000] {logging_mixin.py:190} INFO - [2026-07-24T05:22:21.862+0000] {dagbag.py:588} INFO - Filling up the DagBag from /opt/airflow/dags/my_tasks.py
[2026-07-24T05:22:21.873+0000] {processor.py:925} INFO - DAG(s) 'my_dag' retrieved from /opt/airflow/dags/my_tasks.py
[2026-07-24T05:22:21.893+0000] {logging_mixin.py:190} INFO - [2026-07-24T05:22:21.892+0000] {dag.py:3239} INFO - Sync 1 DAGs
[2026-07-24T05:22:21.908+0000] {logging_mixin.py:190} INFO - [2026-07-24T05:22:21.908+0000] {dag.py:4180} INFO - Setting next_dagrun for my_dag to None, run_after=None
[2026-07-24T05:22:21.922+0000] {processor.py:208} INFO - Processing /opt/airflow/dags/my_tasks.py took 0.074 seconds
[2026-07-24T05:22:52.136+0000] {processor.py:186} INFO - Started process (PID=586) to work on /opt/airflow/dags/my_tasks.py
[2026-07-24T05:22:52.144+0000] {processor.py:914} INFO - Processing file /opt/airflow/dags/my_tasks.py for tasks to queue
[2026-07-24T05:22:52.146+0000] {logging_mixin.py:190} INFO - [2026-07-24T05:22:52.145+0000] {dagbag.py:588} INFO - Filling up the DagBag from /opt/airflow/dags/my_tasks.py
[2026-07-24T05:22:52.156+0000] {processor.py:925} INFO - DAG(s) 'my_dag' retrieved from /opt/airflow/dags/my_tasks.py
[2026-07-24T05:22:52.173+0000] {logging_mixin.py:190} INFO - [2026-07-24T05:22:52.172+0000] {dag.py:3239} INFO - Sync 1 DAGs
[2026-07-24T05:22:52.189+0000] {logging_mixin.py:190} INFO - [2026-07-24T05:22:52.188+0000] {dag.py:4180} INFO - Setting next_dagrun for my_dag to None, run_after=None
[2026-07-24T05:22:52.204+0000] {processor.py:208} INFO - Processing /opt/airflow/dags/my_tasks.py took 0.072 seconds
[2026-07-24T05:23:22.431+0000] {processor.py:186} INFO - Started process (PID=597) to work on /opt/airflow/dags/my_tasks.py
[2026-07-24T05:23:22.440+0000] {processor.py:914} INFO - Processing file /opt/airflow/dags/my_tasks.py for tasks to queue
[2026-07-24T05:23:22.441+0000] {logging_mixin.py:190} INFO - [2026-07-24T05:23:22.441+0000] {dagbag.py:588} INFO - Filling up the DagBag from /opt/airflow/dags/my_tasks.py
[2026-07-24T05:23:22.448+0000] {processor.py:925} INFO - DAG(s) 'my_dag' retrieved from /opt/airflow/dags/my_tasks.py
[2026-07-24T05:23:22.464+0000] {logging_mixin.py:190} INFO - [2026-07-24T05:23:22.464+0000] {dag.py:3239} INFO - Sync 1 DAGs
[2026-07-24T05:23:22.479+0000] {logging_mixin.py:190} INFO - [2026-07-24T05:23:22.479+0000] {dag.py:4180} INFO - Setting next_dagrun for my_dag to None, run_after=None
[2026-07-24T05:23:22.492+0000] {processor.py:208} INFO - Processing /opt/airflow/dags/my_tasks.py took 0.065 seconds
[2026-07-24T05:23:52.728+0000] {processor.py:186} INFO - Started process (PID=608) to work on /opt/airflow/dags/my_tasks.py
[2026-07-24T05:23:52.729+0000] {processor.py:914} INFO - Processing file /opt/airflow/dags/my_tasks.py for tasks to queue
[2026-07-24T05:23:52.730+0000] {logging_mixin.py:190} INFO - [2026-07-24T05:23:52.730+0000] {dagbag.py:588} INFO - Filling up the DagBag from /opt/airflow/dags/my_tasks.py
[2026-07-24T05:23:52.736+0000] {processor.py:925} INFO - DAG(s) 'my_dag' retrieved from /opt/airflow/dags/my_tasks.py
[2026-07-24T05:23:52.753+0000] {logging_mixin.py:190} INFO - [2026-07-24T05:23:52.753+0000] {dag.py:3239} INFO - Sync 1 DAGs
[2026-07-24T05:23:52.768+0000] {logging_mixin.py:190} INFO - [2026-07-24T05:23:52.768+0000] {dag.py:4180} INFO - Setting next_dagrun for my_dag to None, run_after=None
[2026-07-24T05:23:52.782+0000] {processor.py:208} INFO - Processing /opt/airflow/dags/my_tasks.py took 0.058 seconds
[2026-07-24T05:24:22.985+0000] {processor.py:186} INFO - Started process (PID=619) to work on /opt/airflow/dags/my_tasks.py
[2026-07-24T05:24:22.993+0000] {processor.py:914} INFO - Processing file /opt/airflow/dags/my_tasks.py for tasks to queue
[2026-07-24T05:24:22.995+0000] {logging_mixin.py:190} INFO - [2026-07-24T05:24:22.994+0000] {dagbag.py:588} INFO - Filling up the DagBag from /opt/airflow/dags/my_tasks.py
[2026-07-24T05:24:23.005+0000] {processor.py:925} INFO - DAG(s) 'my_dag' retrieved from /opt/airflow/dags/my_tasks.py
[2026-07-24T05:24:23.025+0000] {logging_mixin.py:190} INFO - [2026-07-24T05:24:23.024+0000] {dag.py:3239} INFO - Sync 1 DAGs
[2026-07-24T05:24:23.041+0000] {logging_mixin.py:190} INFO - [2026-07-24T05:24:23.041+0000] {dag.py:4180} INFO - Setting next_dagrun for my_dag to None, run_after=None
[2026-07-24T05:24:23.060+0000] {processor.py:208} INFO - Processing /opt/airflow/dags/my_tasks.py took 0.079 seconds
[2026-07-24T05:24:53.247+0000] {processor.py:186} INFO - Started process (PID=630) to work on /opt/airflow/dags/my_tasks.py
[2026-07-24T05:24:53.247+0000] {processor.py:914} INFO - Processing file /opt/airflow/dags/my_tasks.py for tasks to queue
[2026-07-24T05:24:53.248+0000] {logging_mixin.py:190} INFO - [2026-07-24T05:24:53.248+0000] {dagbag.py:588} INFO - Filling up the DagBag from /opt/airflow/dags/my_tasks.py
[2026-07-24T05:24:53.255+0000] {processor.py:925} INFO - DAG(s) 'my_dag' retrieved from /opt/airflow/dags/my_tasks.py
[2026-07-24T05:24:53.274+0000] {logging_mixin.py:190} INFO - [2026-07-24T05:24:53.273+0000] {dag.py:3239} INFO - Sync 1 DAGs
[2026-07-24T05:24:53.289+0000] {logging_mixin.py:190} INFO - [2026-07-24T05:24:53.289+0000] {dag.py:4180} INFO - Setting next_dagrun for my_dag to None, run_after=None
[2026-07-24T05:24:53.302+0000] {processor.py:208} INFO - Processing /opt/airflow/dags/my_tasks.py took 0.059 seconds
[2026-07-24T05:25:23.483+0000] {processor.py:186} INFO - Started process (PID=641) to work on /opt/airflow/dags/my_tasks.py
[2026-07-24T05:25:23.491+0000] {processor.py:914} INFO - Processing file /opt/airflow/dags/my_tasks.py for tasks to queue
[2026-07-24T05:25:23.493+0000] {logging_mixin.py:190} INFO - [2026-07-24T05:25:23.493+0000] {dagbag.py:588} INFO - Filling up the DagBag from /opt/airflow/dags/my_tasks.py
[2026-07-24T05:25:23.499+0000] {processor.py:925} INFO - DAG(s) 'my_dag' retrieved from /opt/airflow/dags/my_tasks.py
[2026-07-24T05:25:23.516+0000] {logging_mixin.py:190} INFO - [2026-07-24T05:25:23.515+0000] {dag.py:3239} INFO - Sync 1 DAGs
[2026-07-24T05:25:23.530+0000] {logging_mixin.py:190} INFO - [2026-07-24T05:25:23.530+0000] {dag.py:4180} INFO - Setting next_dagrun for my_dag to None, run_after=None
[2026-07-24T05:25:23.544+0000] {processor.py:208} INFO - Processing /opt/airflow/dags/my_tasks.py took 0.064 seconds
[2026-07-24T05:25:53.782+0000] {processor.py:186} INFO - Started process (PID=652) to work on /opt/airflow/dags/my_tasks.py
[2026-07-24T05:25:53.782+0000] {processor.py:914} INFO - Processing file /opt/airflow/dags/my_tasks.py for tasks to queue
[2026-07-24T05:25:53.784+0000] {logging_mixin.py:190} INFO - [2026-07-24T05:25:53.783+0000] {dagbag.py:588} INFO - Filling up the DagBag from /opt/airflow/dags/my_tasks.py
[2026-07-24T05:25:53.791+0000] {processor.py:925} INFO - DAG(s) 'my_dag' retrieved from /opt/airflow/dags/my_tasks.py
[2026-07-24T05:25:53.807+0000] {logging_mixin.py:190} INFO - [2026-07-24T05:25:53.807+0000] {dag.py:3239} INFO - Sync 1 DAGs
[2026-07-24T05:25:53.822+0000] {logging_mixin.py:190} INFO - [2026-07-24T05:25:53.821+0000] {dag.py:4180} INFO - Setting next_dagrun for my_dag to None, run_after=None
[2026-07-24T05:25:53.835+0000] {processor.py:208} INFO - Processing /opt/airflow/dags/my_tasks.py took 0.057 seconds
[2026-07-24T05:26:24.070+0000] {processor.py:186} INFO - Started process (PID=663) to work on /opt/airflow/dags/my_tasks.py
[2026-07-24T05:26:24.070+0000] {processor.py:914} INFO - Processing file /opt/airflow/dags/my_tasks.py for tasks to queue
[2026-07-24T05:26:24.072+0000] {logging_mixin.py:190} INFO - [2026-07-24T05:26:24.072+0000] {dagbag.py:588} INFO - Filling up the DagBag from /opt/airflow/dags/my_tasks.py
[2026-07-24T05:26:24.079+0000] {processor.py:925} INFO - DAG(s) 'my_dag' retrieved from /opt/airflow/dags/my_tasks.py
[2026-07-24T05:26:24.096+0000] {logging_mixin.py:190} INFO - [2026-07-24T05:26:24.096+0000] {dag.py:3239} INFO - Sync 1 DAGs
[2026-07-24T05:26:24.111+0000] {logging_mixin.py:190} INFO - [2026-07-24T05:26:24.111+0000] {dag.py:4180} INFO - Setting next_dagrun for my_dag to None, run_after=None
[2026-07-24T05:26:24.125+0000] {processor.py:208} INFO - Processing /opt/airflow/dags/my_tasks.py took 0.059 seconds
[2026-07-24T05:26:54.352+0000] {processor.py:186} INFO - Started process (PID=674) to work on /opt/airflow/dags/my_tasks.py
[2026-07-24T05:26:54.352+0000] {processor.py:914} INFO - Processing file /opt/airflow/dags/my_tasks.py for tasks to queue
[2026-07-24T05:26:54.354+0000] {logging_mixin.py:190} INFO - [2026-07-24T05:26:54.354+0000] {dagbag.py:588} INFO - Filling up the DagBag from /opt/airflow/dags/my_tasks.py
[2026-07-24T05:26:54.363+0000] {processor.py:925} INFO - DAG(s) 'my_dag' retrieved from /opt/airflow/dags/my_tasks.py
[2026-07-24T05:26:54.382+0000] {logging_mixin.py:190} INFO - [2026-07-24T05:26:54.382+0000] {dag.py:3239} INFO - Sync 1 DAGs
[2026-07-24T05:26:54.397+0000] {logging_mixin.py:190} INFO - [2026-07-24T05:26:54.397+0000] {dag.py:4180} INFO - Setting next_dagrun for my_dag to None, run_after=None
[2026-07-24T05:26:54.410+0000] {processor.py:208} INFO - Processing /opt/airflow/dags/my_tasks.py took 0.064 seconds
[2026-07-24T05:27:24.615+0000] {processor.py:186} INFO - Started process (PID=685) to work on /opt/airflow/dags/my_tasks.py
[2026-07-24T05:27:24.615+0000] {processor.py:914} INFO - Processing file /opt/airflow/dags/my_tasks.py for tasks to queue
[2026-07-24T05:27:24.617+0000] {logging_mixin.py:190} INFO - [2026-07-24T05:27:24.617+0000] {dagbag.py:588} INFO - Filling up the DagBag from /opt/airflow/dags/my_tasks.py
[2026-07-24T05:27:24.623+0000] {processor.py:925} INFO - DAG(s) 'my_dag' retrieved from /opt/airflow/dags/my_tasks.py
[2026-07-24T05:27:24.640+0000] {logging_mixin.py:190} INFO - [2026-07-24T05:27:24.640+0000] {dag.py:3239} INFO - Sync 1 DAGs
[2026-07-24T05:27:24.655+0000] {logging_mixin.py:190} INFO - [2026-07-24T05:27:24.655+0000] {dag.py:4180} INFO - Setting next_dagrun for my_dag to None, run_after=None
[2026-07-24T05:27:24.669+0000] {processor.py:208} INFO - Processing /opt/airflow/dags/my_tasks.py took 0.058 seconds
[2026-07-24T05:27:54.872+0000] {processor.py:186} INFO - Started process (PID=696) to work on /opt/airflow/dags/my_tasks.py
[2026-07-24T05:27:54.873+0000] {processor.py:914} INFO - Processing file /opt/airflow/dags/my_tasks.py for tasks to queue
[2026-07-24T05:27:54.874+0000] {logging_mixin.py:190} INFO - [2026-07-24T05:27:54.874+0000] {dagbag.py:588} INFO - Filling up the DagBag from /opt/airflow/dags/my_tasks.py
[2026-07-24T05:27:54.880+0000] {processor.py:925} INFO - DAG(s) 'my_dag' retrieved from /opt/airflow/dags/my_tasks.py
[2026-07-24T05:27:54.897+0000] {logging_mixin.py:190} INFO - [2026-07-24T05:27:54.897+0000] {dag.py:3239} INFO - Sync 1 DAGs
[2026-07-24T05:27:54.912+0000] {logging_mixin.py:190} INFO - [2026-07-24T05:27:54.911+0000] {dag.py:4180} INFO - Setting next_dagrun for my_dag to None, run_after=None
[2026-07-24T05:27:54.926+0000] {processor.py:208} INFO - Processing /opt/airflow/dags/my_tasks.py took 0.058 seconds
[2026-07-24T05:28:25.150+0000] {processor.py:186} INFO - Started process (PID=707) to work on /opt/airflow/dags/my_tasks.py
[2026-07-24T05:28:25.151+0000] {processor.py:914} INFO - Processing file /opt/airflow/dags/my_tasks.py for tasks to queue
[2026-07-24T05:28:25.152+0000] {logging_mixin.py:190} INFO - [2026-07-24T05:28:25.152+0000] {dagbag.py:588} INFO - Filling up the DagBag from /opt/airflow/dags/my_tasks.py
[2026-07-24T05:28:25.158+0000] {processor.py:925} INFO - DAG(s) 'my_dag' retrieved from /opt/airflow/dags/my_tasks.py
[2026-07-24T05:28:25.178+0000] {logging_mixin.py:190} INFO - [2026-07-24T05:28:25.178+0000] {dag.py:3239} INFO - Sync 1 DAGs
[2026-07-24T05:28:25.194+0000] {logging_mixin.py:190} INFO - [2026-07-24T05:28:25.193+0000] {dag.py:4180} INFO - Setting next_dagrun for my_dag to None, run_after=None
[2026-07-24T05:28:25.207+0000] {processor.py:208} INFO - Processing /opt/airflow/dags/my_tasks.py took 0.061 seconds
[2026-07-24T05:28:55.430+0000] {processor.py:186} INFO - Started process (PID=718) to work on /opt/airflow/dags/my_tasks.py
[2026-07-24T05:28:55.435+0000] {processor.py:914} INFO - Processing file /opt/airflow/dags/my_tasks.py for tasks to queue
[2026-07-24T05:28:55.437+0000] {logging_mixin.py:190} INFO - [2026-07-24T05:28:55.437+0000] {dagbag.py:588} INFO - Filling up the DagBag from /opt/airflow/dags/my_tasks.py
[2026-07-24T05:28:55.448+0000] {processor.py:925} INFO - DAG(s) 'my_dag' retrieved from /opt/airflow/dags/my_tasks.py
[2026-07-24T05:28:55.467+0000] {logging_mixin.py:190} INFO - [2026-07-24T05:28:55.467+0000] {dag.py:3239} INFO - Sync 1 DAGs
[2026-07-24T05:28:55.483+0000] {logging_mixin.py:190} INFO - [2026-07-24T05:28:55.483+0000] {dag.py:4180} INFO - Setting next_dagrun for my_dag to None, run_after=None
[2026-07-24T05:28:55.501+0000] {processor.py:208} INFO - Processing /opt/airflow/dags/my_tasks.py took 0.075 seconds
[2026-07-24T05:29:25.710+0000] {processor.py:186} INFO - Started process (PID=729) to work on /opt/airflow/dags/my_tasks.py
[2026-07-24T05:29:25.718+0000] {processor.py:914} INFO - Processing file /opt/airflow/dags/my_tasks.py for tasks to queue
[2026-07-24T05:29:25.722+0000] {logging_mixin.py:190} INFO - [2026-07-24T05:29:25.721+0000] {dagbag.py:588} INFO - Filling up the DagBag from /opt/airflow/dags/my_tasks.py
[2026-07-24T05:29:25.732+0000] {processor.py:925} INFO - DAG(s) 'my_dag' retrieved from /opt/airflow/dags/my_tasks.py
[2026-07-24T05:29:25.749+0000] {logging_mixin.py:190} INFO - [2026-07-24T05:29:25.749+0000] {dag.py:3239} INFO - Sync 1 DAGs
[2026-07-24T05:29:25.764+0000] {logging_mixin.py:190} INFO - [2026-07-24T05:29:25.764+0000] {dag.py:4180} INFO - Setting next_dagrun for my_dag to None, run_after=None
[2026-07-24T05:29:25.778+0000] {processor.py:208} INFO - Processing /opt/airflow/dags/my_tasks.py took 0.071 seconds
[2026-07-24T05:29:55.995+0000] {processor.py:186} INFO - Started process (PID=740) to work on /opt/airflow/dags/my_tasks.py
[2026-07-24T05:29:56.003+0000] {processor.py:914} INFO - Processing file /opt/airflow/dags/my_tasks.py for tasks to queue
[2026-07-24T05:29:56.005+0000] {logging_mixin.py:190} INFO - [2026-07-24T05:29:56.004+0000] {dagbag.py:588} INFO - Filling up the DagBag from /opt/airflow/dags/my_tasks.py
[2026-07-24T05:29:56.014+0000] {processor.py:925} INFO - DAG(s) 'my_dag' retrieved from /opt/airflow/dags/my_tasks.py
[2026-07-24T05:29:56.031+0000] {logging_mixin.py:190} INFO - [2026-07-24T05:29:56.031+0000] {dag.py:3239} INFO - Sync 1 DAGs
[2026-07-24T05:29:56.047+0000] {logging_mixin.py:190} INFO - [2026-07-24T05:29:56.046+0000] {dag.py:4180} INFO - Setting next_dagrun for my_dag to None, run_after=None
[2026-07-24T05:29:56.061+0000] {processor.py:208} INFO - Processing /opt/airflow/dags/my_tasks.py took 0.070 seconds
[2026-07-24T05:30:26.283+0000] {processor.py:186} INFO - Started process (PID=751) to work on /opt/airflow/dags/my_tasks.py
[2026-07-24T05:30:26.291+0000] {processor.py:914} INFO - Processing file /opt/airflow/dags/my_tasks.py for tasks to queue
[2026-07-24T05:30:26.294+0000] {logging_mixin.py:190} INFO - [2026-07-24T05:30:26.294+0000] {dagbag.py:588} INFO - Filling up the DagBag from /opt/airflow/dags/my_tasks.py
[2026-07-24T05:30:26.305+0000] {processor.py:925} INFO - DAG(s) 'my_dag' retrieved from /opt/airflow/dags/my_tasks.py
[2026-07-24T05:30:26.324+0000] {logging_mixin.py:190} INFO - [2026-07-24T05:30:26.324+0000] {dag.py:3239} INFO - Sync 1 DAGs
[2026-07-24T05:30:26.340+0000] {logging_mixin.py:190} INFO - [2026-07-24T05:30:26.340+0000] {dag.py:4180} INFO - Setting next_dagrun for my_dag to None, run_after=None
[2026-07-24T05:30:26.356+0000] {processor.py:208} INFO - Processing /opt/airflow/dags/my_tasks.py took 0.076 seconds
[2026-07-24T05:30:56.523+0000] {processor.py:186} INFO - Started process (PID=762) to work on /opt/airflow/dags/my_tasks.py
[2026-07-24T05:30:56.531+0000] {processor.py:914} INFO - Processing file /opt/airflow/dags/my_tasks.py for tasks to queue
[2026-07-24T05:30:56.534+0000] {logging_mixin.py:190} INFO - [2026-07-24T05:30:56.534+0000] {dagbag.py:588} INFO - Filling up the DagBag from /opt/airflow/dags/my_tasks.py
[2026-07-24T05:30:56.543+0000] {processor.py:925} INFO - DAG(s) 'my_dag' retrieved from /opt/airflow/dags/my_tasks.py
[2026-07-24T05:30:56.562+0000] {logging_mixin.py:190} INFO - [2026-07-24T05:30:56.562+0000] {dag.py:3239} INFO - Sync 1 DAGs
[2026-07-24T05:30:56.577+0000] {logging_mixin.py:190} INFO - [2026-07-24T05:30:56.577+0000] {dag.py:4180} INFO - Setting next_dagrun for my_dag to None, run_after=None
[2026-07-24T05:30:56.591+0000] {processor.py:208} INFO - Processing /opt/airflow/dags/my_tasks.py took 0.073 seconds
[2026-07-24T05:31:26.814+0000] {processor.py:186} INFO - Started process (PID=773) to work on /opt/airflow/dags/my_tasks.py
[2026-07-24T05:31:26.822+0000] {processor.py:914} INFO - Processing file /opt/airflow/dags/my_tasks.py for tasks to queue
[2026-07-24T05:31:26.824+0000] {logging_mixin.py:190} INFO - [2026-07-24T05:31:26.824+0000] {dagbag.py:588} INFO - Filling up the DagBag from /opt/airflow/dags/my_tasks.py
[2026-07-24T05:31:26.835+0000] {processor.py:925} INFO - DAG(s) 'my_dag' retrieved from /opt/airflow/dags/my_tasks.py
[2026-07-24T05:31:26.853+0000] {logging_mixin.py:190} INFO - [2026-07-24T05:31:26.853+0000] {dag.py:3239} INFO - Sync 1 DAGs
[2026-07-24T05:31:26.870+0000] {logging_mixin.py:190} INFO - [2026-07-24T05:31:26.870+0000] {dag.py:4180} INFO - Setting next_dagrun for my_dag to None, run_after=None
[2026-07-24T05:31:26.884+0000] {processor.py:208} INFO - Processing /opt/airflow/dags/my_tasks.py took 0.074 seconds
[2026-07-24T05:31:57.108+0000] {processor.py:186} INFO - Started process (PID=784) to work on /opt/airflow/dags/my_tasks.py
[2026-07-24T05:31:57.108+0000] {processor.py:914} INFO - Processing file /opt/airflow/dags/my_tasks.py for tasks to queue
[2026-07-24T05:31:57.110+0000] {logging_mixin.py:190} INFO - [2026-07-24T05:31:57.110+0000] {dagbag.py:588} INFO - Filling up the DagBag from /opt/airflow/dags/my_tasks.py
[2026-07-24T05:31:57.117+0000] {processor.py:925} INFO - DAG(s) 'my_dag' retrieved from /opt/airflow/dags/my_tasks.py
[2026-07-24T05:31:57.133+0000] {logging_mixin.py:190} INFO - [2026-07-24T05:31:57.133+0000] {dag.py:3239} INFO - Sync 1 DAGs
[2026-07-24T05:31:57.149+0000] {logging_mixin.py:190} INFO - [2026-07-24T05:31:57.148+0000] {dag.py:4180} INFO - Setting next_dagrun for my_dag to None, run_after=None
[2026-07-24T05:31:57.163+0000] {processor.py:208} INFO - Processing /opt/airflow/dags/my_tasks.py took 0.058 seconds
[2026-07-24T05:32:27.396+0000] {processor.py:186} INFO - Started process (PID=795) to work on /opt/airflow/dags/my_tasks.py
[2026-07-24T05:32:27.396+0000] {processor.py:914} INFO - Processing file /opt/airflow/dags/my_tasks.py for tasks to queue
[2026-07-24T05:32:27.398+0000] {logging_mixin.py:190} INFO - [2026-07-24T05:32:27.397+0000] {dagbag.py:588} INFO - Filling up the DagBag from /opt/airflow/dags/my_tasks.py
[2026-07-24T05:32:27.404+0000] {processor.py:925} INFO - DAG(s) 'my_dag' retrieved from /opt/airflow/dags/my_tasks.py
[2026-07-24T05:32:27.422+0000] {logging_mixin.py:190} INFO - [2026-07-24T05:32:27.421+0000] {dag.py:3239} INFO - Sync 1 DAGs
[2026-07-24T05:32:27.439+0000] {logging_mixin.py:190} INFO - [2026-07-24T05:32:27.439+0000] {dag.py:4180} INFO - Setting next_dagrun for my_dag to None, run_after=None
[2026-07-24T05:32:27.453+0000] {processor.py:208} INFO - Processing /opt/airflow/dags/my_tasks.py took 0.062 seconds
[2026-07-24T05:32:57.678+0000] {processor.py:186} INFO - Started process (PID=806) to work on /opt/airflow/dags/my_tasks.py
[2026-07-24T05:32:57.686+0000] {processor.py:914} INFO - Processing file /opt/airflow/dags/my_tasks.py for tasks to queue
[2026-07-24T05:32:57.689+0000] {logging_mixin.py:190} INFO - [2026-07-24T05:32:57.689+0000] {dagbag.py:588} INFO - Filling up the DagBag from /opt/airflow/dags/my_tasks.py
[2026-07-24T05:32:57.699+0000] {processor.py:925} INFO - DAG(s) 'my_dag' retrieved from /opt/airflow/dags/my_tasks.py
[2026-07-24T05:32:57.717+0000] {logging_mixin.py:190} INFO - [2026-07-24T05:32:57.717+0000] {dag.py:3239} INFO - Sync 1 DAGs
[2026-07-24T05:32:57.732+0000] {logging_mixin.py:190} INFO - [2026-07-24T05:32:57.731+0000] {dag.py:4180} INFO - Setting next_dagrun for my_dag to None, run_after=None
[2026-07-24T05:32:57.745+0000] {processor.py:208} INFO - Processing /opt/airflow/dags/my_tasks.py took 0.071 seconds
[2026-07-24T05:33:27.969+0000] {processor.py:186} INFO - Started process (PID=817) to work on /opt/airflow/dags/my_tasks.py
[2026-07-24T05:33:27.970+0000] {processor.py:914} INFO - Processing file /opt/airflow/dags/my_tasks.py for tasks to queue
[2026-07-24T05:33:27.971+0000] {logging_mixin.py:190} INFO - [2026-07-24T05:33:27.971+0000] {dagbag.py:588} INFO - Filling up the DagBag from /opt/airflow/dags/my_tasks.py
[2026-07-24T05:33:27.977+0000] {processor.py:925} INFO - DAG(s) 'my_dag' retrieved from /opt/airflow/dags/my_tasks.py
[2026-07-24T05:33:27.994+0000] {logging_mixin.py:190} INFO - [2026-07-24T05:33:27.993+0000] {dag.py:3239} INFO - Sync 1 DAGs
[2026-07-24T05:33:28.008+0000] {logging_mixin.py:190} INFO - [2026-07-24T05:33:28.008+0000] {dag.py:4180} INFO - Setting next_dagrun for my_dag to None, run_after=None
[2026-07-24T05:33:28.021+0000] {processor.py:208} INFO - Processing /opt/airflow/dags/my_tasks.py took 0.056 seconds
[2026-07-24T05:33:58.219+0000] {processor.py:186} INFO - Started process (PID=828) to work on /opt/airflow/dags/my_tasks.py
[2026-07-24T05:33:58.227+0000] {processor.py:914} INFO - Processing file /opt/airflow/dags/my_tasks.py for tasks to queue
[2026-07-24T05:33:58.229+0000] {logging_mixin.py:190} INFO - [2026-07-24T05:33:58.228+0000] {dagbag.py:588} INFO - Filling up the DagBag from /opt/airflow/dags/my_tasks.py
[2026-07-24T05:33:58.239+0000] {processor.py:925} INFO - DAG(s) 'my_dag' retrieved from /opt/airflow/dags/my_tasks.py
[2026-07-24T05:33:58.258+0000] {logging_mixin.py:190} INFO - [2026-07-24T05:33:58.258+0000] {dag.py:3239} INFO - Sync 1 DAGs
[2026-07-24T05:33:58.273+0000] {logging_mixin.py:190} INFO - [2026-07-24T05:33:58.273+0000] {dag.py:4180} INFO - Setting next_dagrun for my_dag to None, run_after=None
[2026-07-24T05:33:58.286+0000] {processor.py:208} INFO - Processing /opt/airflow/dags/my_tasks.py took 0.071 seconds
[2026-07-24T05:34:28.476+0000] {processor.py:186} INFO - Started process (PID=839) to work on /opt/airflow/dags/my_tasks.py
[2026-07-24T05:34:28.477+0000] {processor.py:914} INFO - Processing file /opt/airflow/dags/my_tasks.py for tasks to queue
[2026-07-24T05:34:28.478+0000] {logging_mixin.py:190} INFO - [2026-07-24T05:34:28.478+0000] {dagbag.py:588} INFO - Filling up the DagBag from /opt/airflow/dags/my_tasks.py
[2026-07-24T05:34:28.485+0000] {processor.py:925} INFO - DAG(s) 'my_dag' retrieved from /opt/airflow/dags/my_tasks.py
[2026-07-24T05:34:28.502+0000] {logging_mixin.py:190} INFO - [2026-07-24T05:34:28.502+0000] {dag.py:3239} INFO - Sync 1 DAGs
[2026-07-24T05:34:28.517+0000] {logging_mixin.py:190} INFO - [2026-07-24T05:34:28.517+0000] {dag.py:4180} INFO - Setting next_dagrun for my_dag to None, run_after=None
[2026-07-24T05:34:28.530+0000] {processor.py:208} INFO - Processing /opt/airflow/dags/my_tasks.py took 0.058 seconds
[2026-07-24T05:34:58.733+0000] {processor.py:186} INFO - Started process (PID=850) to work on /opt/airflow/dags/my_tasks.py
[2026-07-24T05:34:58.733+0000] {processor.py:914} INFO - Processing file /opt/airflow/dags/my_tasks.py for tasks to queue
[2026-07-24T05:34:58.735+0000] {logging_mixin.py:190} INFO - [2026-07-24T05:34:58.735+0000] {dagbag.py:588} INFO - Filling up the DagBag from /opt/airflow/dags/my_tasks.py
[2026-07-24T05:34:58.742+0000] {processor.py:925} INFO - DAG(s) 'my_dag' retrieved from /opt/airflow/dags/my_tasks.py
[2026-07-24T05:34:58.759+0000] {logging_mixin.py:190} INFO - [2026-07-24T05:34:58.759+0000] {dag.py:3239} INFO - Sync 1 DAGs
[2026-07-24T05:34:58.774+0000] {logging_mixin.py:190} INFO - [2026-07-24T05:34:58.774+0000] {dag.py:4180} INFO - Setting next_dagrun for my_dag to None, run_after=None
[2026-07-24T05:34:58.788+0000] {processor.py:208} INFO - Processing /opt/airflow/dags/my_tasks.py took 0.060 seconds
[2026-07-24T05:35:28.997+0000] {processor.py:186} INFO - Started process (PID=861) to work on /opt/airflow/dags/my_tasks.py
[2026-07-24T05:35:28.998+0000] {processor.py:914} INFO - Processing file /opt/airflow/dags/my_tasks.py for tasks to queue
[2026-07-24T05:35:28.999+0000] {logging_mixin.py:190} INFO - [2026-07-24T05:35:28.999+0000] {dagbag.py:588} INFO - Filling up the DagBag from /opt/airflow/dags/my_tasks.py
[2026-07-24T05:35:29.006+0000] {processor.py:925} INFO - DAG(s) 'my_dag' retrieved from /opt/airflow/dags/my_tasks.py
[2026-07-24T05:35:29.023+0000] {logging_mixin.py:190} INFO - [2026-07-24T05:35:29.023+0000] {dag.py:3239} INFO - Sync 1 DAGs
[2026-07-24T05:35:29.039+0000] {logging_mixin.py:190} INFO - [2026-07-24T05:35:29.038+0000] {dag.py:4180} INFO - Setting next_dagrun for my_dag to None, run_after=None
[2026-07-24T05:35:29.053+0000] {processor.py:208} INFO - Processing /opt/airflow/dags/my_tasks.py took 0.060 seconds
[2026-07-24T05:35:59.281+0000] {processor.py:186} INFO - Started process (PID=872) to work on /opt/airflow/dags/my_tasks.py
[2026-07-24T05:35:59.281+0000] {processor.py:914} INFO - Processing file /opt/airflow/dags/my_tasks.py for tasks to queue
[2026-07-24T05:35:59.283+0000] {logging_mixin.py:190} INFO - [2026-07-24T05:35:59.282+0000] {dagbag.py:588} INFO - Filling up the DagBag from /opt/airflow/dags/my_tasks.py
[2026-07-24T05:35:59.289+0000] {processor.py:925} INFO - DAG(s) 'my_dag' retrieved from /opt/airflow/dags/my_tasks.py
[2026-07-24T05:35:59.305+0000] {logging_mixin.py:190} INFO - [2026-07-24T05:35:59.305+0000] {dag.py:3239} INFO - Sync 1 DAGs
[2026-07-24T05:35:59.321+0000] {logging_mixin.py:190} INFO - [2026-07-24T05:35:59.320+0000] {dag.py:4180} INFO - Setting next_dagrun for my_dag to None, run_after=None
[2026-07-24T05:35:59.334+0000] {processor.py:208} INFO - Processing /opt/airflow/dags/my_tasks.py took 0.057 seconds
[2026-07-24T05:36:29.560+0000] {processor.py:186} INFO - Started process (PID=883) to work on /opt/airflow/dags/my_tasks.py
[2026-07-24T05:36:29.561+0000] {processor.py:914} INFO - Processing file /opt/airflow/dags/my_tasks.py for tasks to queue
[2026-07-24T05:36:29.563+0000] {logging_mixin.py:190} INFO - [2026-07-24T05:36:29.562+0000] {dagbag.py:588} INFO - Filling up the DagBag from /opt/airflow/dags/my_tasks.py
[2026-07-24T05:36:29.568+0000] {processor.py:925} INFO - DAG(s) 'my_dag' retrieved from /opt/airflow/dags/my_tasks.py
[2026-07-24T05:36:29.585+0000] {logging_mixin.py:190} INFO - [2026-07-24T05:36:29.585+0000] {dag.py:3239} INFO - Sync 1 DAGs
[2026-07-24T05:36:29.600+0000] {logging_mixin.py:190} INFO - [2026-07-24T05:36:29.600+0000] {dag.py:4180} INFO - Setting next_dagrun for my_dag to None, run_after=None
[2026-07-24T05:36:29.614+0000] {processor.py:208} INFO - Processing /opt/airflow/dags/my_tasks.py took 0.058 seconds
[2026-07-24T05:36:59.828+0000] {processor.py:186} INFO - Started process (PID=894) to work on /opt/airflow/dags/my_tasks.py
[2026-07-24T05:36:59.836+0000] {processor.py:914} INFO - Processing file /opt/airflow/dags/my_tasks.py for tasks to queue
[2026-07-24T05:36:59.838+0000] {logging_mixin.py:190} INFO - [2026-07-24T05:36:59.837+0000] {dagbag.py:588} INFO - Filling up the DagBag from /opt/airflow/dags/my_tasks.py
[2026-07-24T05:36:59.849+0000] {processor.py:925} INFO - DAG(s) 'my_dag' retrieved from /opt/airflow/dags/my_tasks.py
[2026-07-24T05:36:59.865+0000] {logging_mixin.py:190} INFO - [2026-07-24T05:36:59.865+0000] {dag.py:3239} INFO - Sync 1 DAGs
[2026-07-24T05:36:59.880+0000] {logging_mixin.py:190} INFO - [2026-07-24T05:36:59.880+0000] {dag.py:4180} INFO - Setting next_dagrun for my_dag to None, run_after=None
[2026-07-24T05:36:59.894+0000] {processor.py:208} INFO - Processing /opt/airflow/dags/my_tasks.py took 0.070 seconds
[2026-07-24T05:37:30.093+0000] {processor.py:186} INFO - Started process (PID=905) to work on /opt/airflow/dags/my_tasks.py
[2026-07-24T05:37:30.093+0000] {processor.py:914} INFO - Processing file /opt/airflow/dags/my_tasks.py for tasks to queue
[2026-07-24T05:37:30.095+0000] {logging_mixin.py:190} INFO - [2026-07-24T05:37:30.094+0000] {dagbag.py:588} INFO - Filling up the DagBag from /opt/airflow/dags/my_tasks.py
[2026-07-24T05:37:30.101+0000] {processor.py:925} INFO - DAG(s) 'my_dag' retrieved from /opt/airflow/dags/my_tasks.py
[2026-07-24T05:37:30.118+0000] {logging_mixin.py:190} INFO - [2026-07-24T05:37:30.118+0000] {dag.py:3239} INFO - Sync 1 DAGs
[2026-07-24T05:37:30.133+0000] {logging_mixin.py:190} INFO - [2026-07-24T05:37:30.133+0000] {dag.py:4180} INFO - Setting next_dagrun for my_dag to None, run_after=None
[2026-07-24T05:37:30.146+0000] {processor.py:208} INFO - Processing /opt/airflow/dags/my_tasks.py took 0.057 seconds
[2026-07-24T05:38:00.368+0000] {processor.py:186} INFO - Started process (PID=916) to work on /opt/airflow/dags/my_tasks.py
[2026-07-24T05:38:00.376+0000] {processor.py:914} INFO - Processing file /opt/airflow/dags/my_tasks.py for tasks to queue
[2026-07-24T05:38:00.379+0000] {logging_mixin.py:190} INFO - [2026-07-24T05:38:00.378+0000] {dagbag.py:588} INFO - Filling up the DagBag from /opt/airflow/dags/my_tasks.py
[2026-07-24T05:38:00.388+0000] {processor.py:925} INFO - DAG(s) 'my_dag' retrieved from /opt/airflow/dags/my_tasks.py
[2026-07-24T05:38:00.405+0000] {logging_mixin.py:190} INFO - [2026-07-24T05:38:00.405+0000] {dag.py:3239} INFO - Sync 1 DAGs
[2026-07-24T05:38:00.420+0000] {logging_mixin.py:190} INFO - [2026-07-24T05:38:00.420+0000] {dag.py:4180} INFO - Setting next_dagrun for my_dag to None, run_after=None
[2026-07-24T05:38:00.433+0000] {processor.py:208} INFO - Processing /opt/airflow/dags/my_tasks.py took 0.069 seconds
[2026-07-24T05:38:30.632+0000] {processor.py:186} INFO - Started process (PID=927) to work on /opt/airflow/dags/my_tasks.py
[2026-07-24T05:38:30.640+0000] {processor.py:914} INFO - Processing file /opt/airflow/dags/my_tasks.py for tasks to queue
[2026-07-24T05:38:30.645+0000] {logging_mixin.py:190} INFO - [2026-07-24T05:38:30.644+0000] {dagbag.py:588} INFO - Filling up the DagBag from /opt/airflow/dags/my_tasks.py
[2026-07-24T05:38:30.654+0000] {processor.py:925} INFO - DAG(s) 'my_dag' retrieved from /opt/airflow/dags/my_tasks.py
[2026-07-24T05:38:30.671+0000] {logging_mixin.py:190} INFO - [2026-07-24T05:38:30.671+0000] {dag.py:3239} INFO - Sync 1 DAGs
[2026-07-24T05:38:30.686+0000] {logging_mixin.py:190} INFO - [2026-07-24T05:38:30.686+0000] {dag.py:4180} INFO - Setting next_dagrun for my_dag to None, run_after=None
[2026-07-24T05:38:30.699+0000] {processor.py:208} INFO - Processing /opt/airflow/dags/my_tasks.py took 0.072 seconds
[2026-07-24T05:39:00.881+0000] {processor.py:186} INFO - Started process (PID=938) to work on /opt/airflow/dags/my_tasks.py
[2026-07-24T05:39:00.889+0000] {processor.py:914} INFO - Processing file /opt/airflow/dags/my_tasks.py for tasks to queue
[2026-07-24T05:39:00.891+0000] {logging_mixin.py:190} INFO - [2026-07-24T05:39:00.891+0000] {dagbag.py:588} INFO - Filling up the DagBag from /opt/airflow/dags/my_tasks.py
[2026-07-24T05:39:00.901+0000] {processor.py:925} INFO - DAG(s) 'my_dag' retrieved from /opt/airflow/dags/my_tasks.py
[2026-07-24T05:39:00.918+0000] {logging_mixin.py:190} INFO - [2026-07-24T05:39:00.918+0000] {dag.py:3239} INFO - Sync 1 DAGs
[2026-07-24T05:39:00.933+0000] {logging_mixin.py:190} INFO - [2026-07-24T05:39:00.933+0000] {dag.py:4180} INFO - Setting next_dagrun for my_dag to None, run_after=None
[2026-07-24T05:39:00.946+0000] {processor.py:208} INFO - Processing /opt/airflow/dags/my_tasks.py took 0.069 seconds
[2026-07-24T05:39:31.171+0000] {processor.py:186} INFO - Started process (PID=949) to work on /opt/airflow/dags/my_tasks.py
[2026-07-24T05:39:31.179+0000] {processor.py:914} INFO - Processing file /opt/airflow/dags/my_tasks.py for tasks to queue
[2026-07-24T05:39:31.181+0000] {logging_mixin.py:190} INFO - [2026-07-24T05:39:31.181+0000] {dagbag.py:588} INFO - Filling up the DagBag from /opt/airflow/dags/my_tasks.py
[2026-07-24T05:39:31.192+0000] {processor.py:925} INFO - DAG(s) 'my_dag' retrieved from /opt/airflow/dags/my_tasks.py
[2026-07-24T05:39:31.210+0000] {logging_mixin.py:190} INFO - [2026-07-24T05:39:31.209+0000] {dag.py:3239} INFO - Sync 1 DAGs
[2026-07-24T05:39:31.225+0000] {logging_mixin.py:190} INFO - [2026-07-24T05:39:31.225+0000] {dag.py:4180} INFO - Setting next_dagrun for my_dag to None, run_after=None
[2026-07-24T05:39:31.239+0000] {processor.py:208} INFO - Processing /opt/airflow/dags/my_tasks.py took 0.072 seconds
[2026-07-24T05:40:01.418+0000] {processor.py:186} INFO - Started process (PID=960) to work on /opt/airflow/dags/my_tasks.py
[2026-07-24T05:40:01.426+0000] {processor.py:914} INFO - Processing file /opt/airflow/dags/my_tasks.py for tasks to queue
[2026-07-24T05:40:01.428+0000] {logging_mixin.py:190} INFO - [2026-07-24T05:40:01.427+0000] {dagbag.py:588} INFO - Filling up the DagBag from /opt/airflow/dags/my_tasks.py
[2026-07-24T05:40:01.438+0000] {processor.py:925} INFO - DAG(s) 'my_dag' retrieved from /opt/airflow/dags/my_tasks.py
[2026-07-24T05:40:01.458+0000] {logging_mixin.py:190} INFO - [2026-07-24T05:40:01.458+0000] {dag.py:3239} INFO - Sync 1 DAGs
[2026-07-24T05:40:01.474+0000] {logging_mixin.py:190} INFO - [2026-07-24T05:40:01.474+0000] {dag.py:4180} INFO - Setting next_dagrun for my_dag to None, run_after=None
[2026-07-24T05:40:01.488+0000] {processor.py:208} INFO - Processing /opt/airflow/dags/my_tasks.py took 0.074 seconds
[2026-07-24T05:40:31.710+0000] {processor.py:186} INFO - Started process (PID=971) to work on /opt/airflow/dags/my_tasks.py
[2026-07-24T05:40:31.718+0000] {processor.py:914} INFO - Processing file /opt/airflow/dags/my_tasks.py for tasks to queue
[2026-07-24T05:40:31.721+0000] {logging_mixin.py:190} INFO - [2026-07-24T05:40:31.721+0000] {dagbag.py:588} INFO - Filling up the DagBag from /opt/airflow/dags/my_tasks.py
[2026-07-24T05:40:31.732+0000] {processor.py:925} INFO - DAG(s) 'my_dag' retrieved from /opt/airflow/dags/my_tasks.py
[2026-07-24T05:40:31.748+0000] {logging_mixin.py:190} INFO - [2026-07-24T05:40:31.748+0000] {dag.py:3239} INFO - Sync 1 DAGs
[2026-07-24T05:40:31.763+0000] {logging_mixin.py:190} INFO - [2026-07-24T05:40:31.762+0000] {dag.py:4180} INFO - Setting next_dagrun for my_dag to None, run_after=None
[2026-07-24T05:40:31.777+0000] {processor.py:208} INFO - Processing /opt/airflow/dags/my_tasks.py took 0.070 seconds
[2026-07-24T05:41:01.991+0000] {processor.py:186} INFO - Started process (PID=982) to work on /opt/airflow/dags/my_tasks.py
[2026-07-24T05:41:01.999+0000] {processor.py:914} INFO - Processing file /opt/airflow/dags/my_tasks.py for tasks to queue
[2026-07-24T05:41:02.001+0000] {logging_mixin.py:190} INFO - [2026-07-24T05:41:02.001+0000] {dagbag.py:588} INFO - Filling up the DagBag from /opt/airflow/dags/my_tasks.py
[2026-07-24T05:41:02.012+0000] {processor.py:925} INFO - DAG(s) 'my_dag' retrieved from /opt/airflow/dags/my_tasks.py
[2026-07-24T05:41:02.029+0000] {logging_mixin.py:190} INFO - [2026-07-24T05:41:02.029+0000] {dag.py:3239} INFO - Sync 1 DAGs
[2026-07-24T05:41:02.044+0000] {logging_mixin.py:190} INFO - [2026-07-24T05:41:02.044+0000] {dag.py:4180} INFO - Setting next_dagrun for my_dag to None, run_after=None
[2026-07-24T05:41:02.059+0000] {processor.py:208} INFO - Processing /opt/airflow/dags/my_tasks.py took 0.071 seconds
[2026-07-24T05:41:32.274+0000] {processor.py:186} INFO - Started process (PID=993) to work on /opt/airflow/dags/my_tasks.py
[2026-07-24T05:41:32.275+0000] {processor.py:914} INFO - Processing file /opt/airflow/dags/my_tasks.py for tasks to queue
[2026-07-24T05:41:32.276+0000] {logging_mixin.py:190} INFO - [2026-07-24T05:41:32.276+0000] {dagbag.py:588} INFO - Filling up the DagBag from /opt/airflow/dags/my_tasks.py
[2026-07-24T05:41:32.282+0000] {processor.py:925} INFO - DAG(s) 'my_dag' retrieved from /opt/airflow/dags/my_tasks.py
[2026-07-24T05:41:32.300+0000] {logging_mixin.py:190} INFO - [2026-07-24T05:41:32.299+0000] {dag.py:3239} INFO - Sync 1 DAGs
[2026-07-24T05:41:32.315+0000] {logging_mixin.py:190} INFO - [2026-07-24T05:41:32.314+0000] {dag.py:4180} INFO - Setting next_dagrun for my_dag to None, run_after=None
[2026-07-24T05:41:32.330+0000] {processor.py:208} INFO - Processing /opt/airflow/dags/my_tasks.py took 0.060 seconds
[2026-07-24T05:42:02.530+0000] {processor.py:186} INFO - Started process (PID=1004) to work on /opt/airflow/dags/my_tasks.py
[2026-07-24T05:42:02.534+0000] {processor.py:914} INFO - Processing file /opt/airflow/dags/my_tasks.py for tasks to queue
[2026-07-24T05:42:02.536+0000] {logging_mixin.py:190} INFO - [2026-07-24T05:42:02.536+0000] {dagbag.py:588} INFO - Filling up the DagBag from /opt/airflow/dags/my_tasks.py
[2026-07-24T05:42:02.544+0000] {processor.py:925} INFO - DAG(s) 'my_dag' retrieved from /opt/airflow/dags/my_tasks.py
[2026-07-24T05:42:02.562+0000] {logging_mixin.py:190} INFO - [2026-07-24T05:42:02.562+0000] {dag.py:3239} INFO - Sync 1 DAGs
[2026-07-24T05:42:02.577+0000] {logging_mixin.py:190} INFO - [2026-07-24T05:42:02.577+0000] {dag.py:4180} INFO - Setting next_dagrun for my_dag to None, run_after=None
[2026-07-24T05:42:02.591+0000] {processor.py:208} INFO - Processing /opt/airflow/dags/my_tasks.py took 0.066 seconds
[2026-07-24T05:42:32.811+0000] {processor.py:186} INFO - Started process (PID=1015) to work on /opt/airflow/dags/my_tasks.py
[2026-07-24T05:42:32.819+0000] {processor.py:914} INFO - Processing file /opt/airflow/dags/my_tasks.py for tasks to queue
[2026-07-24T05:42:32.822+0000] {logging_mixin.py:190} INFO - [2026-07-24T05:42:32.821+0000] {dagbag.py:588} INFO - Filling up the DagBag from /opt/airflow/dags/my_tasks.py
[2026-07-24T05:42:32.833+0000] {processor.py:925} INFO - DAG(s) 'my_dag' retrieved from /opt/airflow/dags/my_tasks.py
[2026-07-24T05:42:32.851+0000] {logging_mixin.py:190} INFO - [2026-07-24T05:42:32.851+0000] {dag.py:3239} INFO - Sync 1 DAGs
[2026-07-24T05:42:32.868+0000] {logging_mixin.py:190} INFO - [2026-07-24T05:42:32.868+0000] {dag.py:4180} INFO - Setting next_dagrun for my_dag to None, run_after=None
[2026-07-24T05:42:32.884+0000] {processor.py:208} INFO - Processing /opt/airflow/dags/my_tasks.py took 0.077 seconds
[2026-07-24T05:43:03.111+0000] {processor.py:186} INFO - Started process (PID=1026) to work on /opt/airflow/dags/my_tasks.py
[2026-07-24T05:43:03.111+0000] {processor.py:914} INFO - Processing file /opt/airflow/dags/my_tasks.py for tasks to queue
[2026-07-24T05:43:03.112+0000] {logging_mixin.py:190} INFO - [2026-07-24T05:43:03.112+0000] {dagbag.py:588} INFO - Filling up the DagBag from /opt/airflow/dags/my_tasks.py
[2026-07-24T05:43:03.119+0000] {processor.py:925} INFO - DAG(s) 'my_dag' retrieved from /opt/airflow/dags/my_tasks.py
[2026-07-24T05:43:03.136+0000] {logging_mixin.py:190} INFO - [2026-07-24T05:43:03.136+0000] {dag.py:3239} INFO - Sync 1 DAGs
[2026-07-24T05:43:03.152+0000] {logging_mixin.py:190} INFO - [2026-07-24T05:43:03.152+0000] {dag.py:4180} INFO - Setting next_dagrun for my_dag to None, run_after=None
[2026-07-24T05:43:03.165+0000] {processor.py:208} INFO - Processing /opt/airflow/dags/my_tasks.py took 0.059 seconds
[2026-07-24T05:43:33.395+0000] {processor.py:186} INFO - Started process (PID=1037) to work on /opt/airflow/dags/my_tasks.py
[2026-07-24T05:43:33.396+0000] {processor.py:914} INFO - Processing file /opt/airflow/dags/my_tasks.py for tasks to queue
[2026-07-24T05:43:33.398+0000] {logging_mixin.py:190} INFO - [2026-07-24T05:43:33.397+0000] {dagbag.py:588} INFO - Filling up the DagBag from /opt/airflow/dags/my_tasks.py
[2026-07-24T05:43:33.404+0000] {processor.py:925} INFO - DAG(s) 'my_dag' retrieved from /opt/airflow/dags/my_tasks.py
[2026-07-24T05:43:33.421+0000] {logging_mixin.py:190} INFO - [2026-07-24T05:43:33.421+0000] {dag.py:3239} INFO - Sync 1 DAGs
[2026-07-24T05:43:33.436+0000] {logging_mixin.py:190} INFO - [2026-07-24T05:43:33.436+0000] {dag.py:4180} INFO - Setting next_dagrun for my_dag to None, run_after=None
[2026-07-24T05:43:33.450+0000] {processor.py:208} INFO - Processing /opt/airflow/dags/my_tasks.py took 0.059 seconds
[2026-07-24T05:44:03.682+0000] {processor.py:186} INFO - Started process (PID=1048) to work on /opt/airflow/dags/my_tasks.py
[2026-07-24T05:44:03.683+0000] {processor.py:914} INFO - Processing file /opt/airflow/dags/my_tasks.py for tasks to queue
[2026-07-24T05:44:03.684+0000] {logging_mixin.py:190} INFO - [2026-07-24T05:44:03.684+0000] {dagbag.py:588} INFO - Filling up the DagBag from /opt/airflow/dags/my_tasks.py
[2026-07-24T05:44:03.690+0000] {processor.py:925} INFO - DAG(s) 'my_dag' retrieved from /opt/airflow/dags/my_tasks.py
[2026-07-24T05:44:03.707+0000] {logging_mixin.py:190} INFO - [2026-07-24T05:44:03.707+0000] {dag.py:3239} INFO - Sync 1 DAGs
[2026-07-24T05:44:03.722+0000] {logging_mixin.py:190} INFO - [2026-07-24T05:44:03.722+0000] {dag.py:4180} INFO - Setting next_dagrun for my_dag to None, run_after=None
[2026-07-24T05:44:03.735+0000] {processor.py:208} INFO - Processing /opt/airflow/dags/my_tasks.py took 0.057 seconds
[2026-07-24T05:44:33.946+0000] {processor.py:186} INFO - Started process (PID=1059) to work on /opt/airflow/dags/my_tasks.py
[2026-07-24T05:44:33.946+0000] {processor.py:914} INFO - Processing file /opt/airflow/dags/my_tasks.py for tasks to queue
[2026-07-24T05:44:33.948+0000] {logging_mixin.py:190} INFO - [2026-07-24T05:44:33.948+0000] {dagbag.py:588} INFO - Filling up the DagBag from /opt/airflow/dags/my_tasks.py
[2026-07-24T05:44:33.954+0000] {processor.py:925} INFO - DAG(s) 'my_dag' retrieved from /opt/airflow/dags/my_tasks.py
[2026-07-24T05:44:33.971+0000] {logging_mixin.py:190} INFO - [2026-07-24T05:44:33.971+0000] {dag.py:3239} INFO - Sync 1 DAGs
[2026-07-24T05:44:33.986+0000] {logging_mixin.py:190} INFO - [2026-07-24T05:44:33.986+0000] {dag.py:4180} INFO - Setting next_dagrun for my_dag to None, run_after=None
[2026-07-24T05:44:33.999+0000] {processor.py:208} INFO - Processing /opt/airflow/dags/my_tasks.py took 0.057 seconds
[2026-07-24T05:45:04.226+0000] {processor.py:186} INFO - Started process (PID=1070) to work on /opt/airflow/dags/my_tasks.py
[2026-07-24T05:45:04.227+0000] {processor.py:914} INFO - Processing file /opt/airflow/dags/my_tasks.py for tasks to queue
[2026-07-24T05:45:04.228+0000] {logging_mixin.py:190} INFO - [2026-07-24T05:45:04.228+0000] {dagbag.py:588} INFO - Filling up the DagBag from /opt/airflow/dags/my_tasks.py
[2026-07-24T05:45:04.235+0000] {processor.py:925} INFO - DAG(s) 'my_dag' retrieved from /opt/airflow/dags/my_tasks.py
[2026-07-24T05:45:04.251+0000] {logging_mixin.py:190} INFO - [2026-07-24T05:45:04.251+0000] {dag.py:3239} INFO - Sync 1 DAGs
[2026-07-24T05:45:04.267+0000] {logging_mixin.py:190} INFO - [2026-07-24T05:45:04.267+0000] {dag.py:4180} INFO - Setting next_dagrun for my_dag to None, run_after=None
[2026-07-24T05:45:04.280+0000] {processor.py:208} INFO - Processing /opt/airflow/dags/my_tasks.py took 0.058 seconds
[2026-07-24T05:45:34.489+0000] {processor.py:186} INFO - Started process (PID=1081) to work on /opt/airflow/dags/my_tasks.py
[2026-07-24T05:45:34.497+0000] {processor.py:914} INFO - Processing file /opt/airflow/dags/my_tasks.py for tasks to queue
[2026-07-24T05:45:34.499+0000] {logging_mixin.py:190} INFO - [2026-07-24T05:45:34.498+0000] {dagbag.py:588} INFO - Filling up the DagBag from /opt/airflow/dags/my_tasks.py
[2026-07-24T05:45:34.508+0000] {processor.py:925} INFO - DAG(s) 'my_dag' retrieved from /opt/airflow/dags/my_tasks.py
[2026-07-24T05:45:34.530+0000] {logging_mixin.py:190} INFO - [2026-07-24T05:45:34.530+0000] {dag.py:3239} INFO - Sync 1 DAGs
[2026-07-24T05:45:34.545+0000] {logging_mixin.py:190} INFO - [2026-07-24T05:45:34.545+0000] {dag.py:4180} INFO - Setting next_dagrun for my_dag to None, run_after=None
[2026-07-24T05:45:34.559+0000] {processor.py:208} INFO - Processing /opt/airflow/dags/my_tasks.py took 0.075 seconds
[2026-07-24T05:46:04.760+0000] {processor.py:186} INFO - Started process (PID=1092) to work on /opt/airflow/dags/my_tasks.py
[2026-07-24T05:46:04.761+0000] {processor.py:914} INFO - Processing file /opt/airflow/dags/my_tasks.py for tasks to queue
[2026-07-24T05:46:04.763+0000] {logging_mixin.py:190} INFO - [2026-07-24T05:46:04.762+0000] {dagbag.py:588} INFO - Filling up the DagBag from /opt/airflow/dags/my_tasks.py
[2026-07-24T05:46:04.770+0000] {processor.py:925} INFO - DAG(s) 'my_dag' retrieved from /opt/airflow/dags/my_tasks.py
[2026-07-24T05:46:04.787+0000] {logging_mixin.py:190} INFO - [2026-07-24T05:46:04.786+0000] {dag.py:3239} INFO - Sync 1 DAGs
[2026-07-24T05:46:04.801+0000] {logging_mixin.py:190} INFO - [2026-07-24T05:46:04.801+0000] {dag.py:4180} INFO - Setting next_dagrun for my_dag to None, run_after=None
[2026-07-24T05:46:04.815+0000] {processor.py:208} INFO - Processing /opt/airflow/dags/my_tasks.py took 0.059 seconds
[2026-07-24T05:46:35.021+0000] {processor.py:186} INFO - Started process (PID=1103) to work on /opt/airflow/dags/my_tasks.py
[2026-07-24T05:46:35.028+0000] {processor.py:914} INFO - Processing file /opt/airflow/dags/my_tasks.py for tasks to queue
[2026-07-24T05:46:35.031+0000] {logging_mixin.py:190} INFO - [2026-07-24T05:46:35.030+0000] {dagbag.py:588} INFO - Filling up the DagBag from /opt/airflow/dags/my_tasks.py
[2026-07-24T05:46:35.040+0000] {processor.py:925} INFO - DAG(s) 'my_dag' retrieved from /opt/airflow/dags/my_tasks.py
[2026-07-24T05:46:35.057+0000] {logging_mixin.py:190} INFO - [2026-07-24T05:46:35.057+0000] {dag.py:3239} INFO - Sync 1 DAGs
[2026-07-24T05:46:35.072+0000] {logging_mixin.py:190} INFO - [2026-07-24T05:46:35.071+0000] {dag.py:4180} INFO - Setting next_dagrun for my_dag to None, run_after=None
[2026-07-24T05:46:35.086+0000] {processor.py:208} INFO - Processing /opt/airflow/dags/my_tasks.py took 0.069 seconds
[2026-07-24T05:47:05.276+0000] {processor.py:186} INFO - Started process (PID=1114) to work on /opt/airflow/dags/my_tasks.py
[2026-07-24T05:47:05.277+0000] {processor.py:914} INFO - Processing file /opt/airflow/dags/my_tasks.py for tasks to queue
[2026-07-24T05:47:05.278+0000] {logging_mixin.py:190} INFO - [2026-07-24T05:47:05.278+0000] {dagbag.py:588} INFO - Filling up the DagBag from /opt/airflow/dags/my_tasks.py
[2026-07-24T05:47:05.284+0000] {processor.py:925} INFO - DAG(s) 'my_dag' retrieved from /opt/airflow/dags/my_tasks.py
[2026-07-24T05:47:05.301+0000] {logging_mixin.py:190} INFO - [2026-07-24T05:47:05.301+0000] {dag.py:3239} INFO - Sync 1 DAGs
[2026-07-24T05:47:05.317+0000] {logging_mixin.py:190} INFO - [2026-07-24T05:47:05.316+0000] {dag.py:4180} INFO - Setting next_dagrun for my_dag to None, run_after=None
[2026-07-24T05:47:05.330+0000] {processor.py:208} INFO - Processing /opt/airflow/dags/my_tasks.py took 0.057 seconds
[2026-07-24T05:47:35.524+0000] {processor.py:186} INFO - Started process (PID=1125) to work on /opt/airflow/dags/my_tasks.py
[2026-07-24T05:47:35.532+0000] {processor.py:914} INFO - Processing file /opt/airflow/dags/my_tasks.py for tasks to queue
[2026-07-24T05:47:35.534+0000] {logging_mixin.py:190} INFO - [2026-07-24T05:47:35.534+0000] {dagbag.py:588} INFO - Filling up the DagBag from /opt/airflow/dags/my_tasks.py
[2026-07-24T05:47:35.544+0000] {processor.py:925} INFO - DAG(s) 'my_dag' retrieved from /opt/airflow/dags/my_tasks.py
[2026-07-24T05:47:35.561+0000] {logging_mixin.py:190} INFO - [2026-07-24T05:47:35.561+0000] {dag.py:3239} INFO - Sync 1 DAGs
[2026-07-24T05:47:35.576+0000] {logging_mixin.py:190} INFO - [2026-07-24T05:47:35.576+0000] {dag.py:4180} INFO - Setting next_dagrun for my_dag to None, run_after=None
[2026-07-24T05:47:35.590+0000] {processor.py:208} INFO - Processing /opt/airflow/dags/my_tasks.py took 0.070 seconds
[2026-07-24T05:48:05.811+0000] {processor.py:186} INFO - Started process (PID=1136) to work on /opt/airflow/dags/my_tasks.py
[2026-07-24T05:48:05.812+0000] {processor.py:914} INFO - Processing file /opt/airflow/dags/my_tasks.py for tasks to queue
[2026-07-24T05:48:05.813+0000] {logging_mixin.py:190} INFO - [2026-07-24T05:48:05.813+0000] {dagbag.py:588} INFO - Filling up the DagBag from /opt/airflow/dags/my_tasks.py
[2026-07-24T05:48:05.820+0000] {processor.py:925} INFO - DAG(s) 'my_dag' retrieved from /opt/airflow/dags/my_tasks.py
[2026-07-24T05:48:05.838+0000] {logging_mixin.py:190} INFO - [2026-07-24T05:48:05.837+0000] {dag.py:3239} INFO - Sync 1 DAGs
[2026-07-24T05:48:05.857+0000] {logging_mixin.py:190} INFO - [2026-07-24T05:48:05.857+0000] {dag.py:4180} INFO - Setting next_dagrun for my_dag to None, run_after=None
[2026-07-24T05:48:05.872+0000] {processor.py:208} INFO - Processing /opt/airflow/dags/my_tasks.py took 0.065 seconds
[2026-07-24T05:48:36.078+0000] {processor.py:186} INFO - Started process (PID=1147) to work on /opt/airflow/dags/my_tasks.py
[2026-07-24T05:48:36.086+0000] {processor.py:914} INFO - Processing file /opt/airflow/dags/my_tasks.py for tasks to queue
[2026-07-24T05:48:36.089+0000] {logging_mixin.py:190} INFO - [2026-07-24T05:48:36.088+0000] {dagbag.py:588} INFO - Filling up the DagBag from /opt/airflow/dags/my_tasks.py
[2026-07-24T05:48:36.098+0000] {processor.py:925} INFO - DAG(s) 'my_dag' retrieved from /opt/airflow/dags/my_tasks.py
[2026-07-24T05:48:36.115+0000] {logging_mixin.py:190} INFO - [2026-07-24T05:48:36.115+0000] {dag.py:3239} INFO - Sync 1 DAGs
[2026-07-24T05:48:36.130+0000] {logging_mixin.py:190} INFO - [2026-07-24T05:48:36.130+0000] {dag.py:4180} INFO - Setting next_dagrun for my_dag to None, run_after=None
[2026-07-24T05:48:36.144+0000] {processor.py:208} INFO - Processing /opt/airflow/dags/my_tasks.py took 0.069 seconds
[2026-07-24T05:49:06.326+0000] {processor.py:186} INFO - Started process (PID=1158) to work on /opt/airflow/dags/my_tasks.py
[2026-07-24T05:49:06.327+0000] {processor.py:914} INFO - Processing file /opt/airflow/dags/my_tasks.py for tasks to queue
[2026-07-24T05:49:06.328+0000] {logging_mixin.py:190} INFO - [2026-07-24T05:49:06.328+0000] {dagbag.py:588} INFO - Filling up the DagBag from /opt/airflow/dags/my_tasks.py
[2026-07-24T05:49:06.335+0000] {processor.py:925} INFO - DAG(s) 'my_dag' retrieved from /opt/airflow/dags/my_tasks.py
[2026-07-24T05:49:06.354+0000] {logging_mixin.py:190} INFO - [2026-07-24T05:49:06.354+0000] {dag.py:3239} INFO - Sync 1 DAGs
[2026-07-24T05:49:06.370+0000] {logging_mixin.py:190} INFO - [2026-07-24T05:49:06.369+0000] {dag.py:4180} INFO - Setting next_dagrun for my_dag to None, run_after=None
[2026-07-24T05:49:06.383+0000] {processor.py:208} INFO - Processing /opt/airflow/dags/my_tasks.py took 0.060 seconds
[2026-07-24T05:49:36.606+0000] {processor.py:186} INFO - Started process (PID=1169) to work on /opt/airflow/dags/my_tasks.py
[2026-07-24T05:49:36.613+0000] {processor.py:914} INFO - Processing file /opt/airflow/dags/my_tasks.py for tasks to queue
[2026-07-24T05:49:36.616+0000] {logging_mixin.py:190} INFO - [2026-07-24T05:49:36.616+0000] {dagbag.py:588} INFO - Filling up the DagBag from /opt/airflow/dags/my_tasks.py
[2026-07-24T05:49:36.625+0000] {processor.py:925} INFO - DAG(s) 'my_dag' retrieved from /opt/airflow/dags/my_tasks.py
[2026-07-24T05:49:36.643+0000] {logging_mixin.py:190} INFO - [2026-07-24T05:49:36.643+0000] {dag.py:3239} INFO - Sync 1 DAGs
[2026-07-24T05:49:36.658+0000] {logging_mixin.py:190} INFO - [2026-07-24T05:49:36.658+0000] {dag.py:4180} INFO - Setting next_dagrun for my_dag to None, run_after=None
[2026-07-24T05:49:36.671+0000] {processor.py:208} INFO - Processing /opt/airflow/dags/my_tasks.py took 0.069 seconds
[2026-07-24T05:50:06.870+0000] {processor.py:186} INFO - Started process (PID=1180) to work on /opt/airflow/dags/my_tasks.py
[2026-07-24T05:50:06.871+0000] {processor.py:914} INFO - Processing file /opt/airflow/dags/my_tasks.py for tasks to queue
[2026-07-24T05:50:06.873+0000] {logging_mixin.py:190} INFO - [2026-07-24T05:50:06.873+0000] {dagbag.py:588} INFO - Filling up the DagBag from /opt/airflow/dags/my_tasks.py
[2026-07-24T05:50:06.880+0000] {processor.py:925} INFO - DAG(s) 'my_dag' retrieved from /opt/airflow/dags/my_tasks.py
[2026-07-24T05:50:06.896+0000] {logging_mixin.py:190} INFO - [2026-07-24T05:50:06.896+0000] {dag.py:3239} INFO - Sync 1 DAGs
[2026-07-24T05:50:06.911+0000] {logging_mixin.py:190} INFO - [2026-07-24T05:50:06.911+0000] {dag.py:4180} INFO - Setting next_dagrun for my_dag to None, run_after=None
[2026-07-24T05:50:06.925+0000] {processor.py:208} INFO - Processing /opt/airflow/dags/my_tasks.py took 0.062 seconds
[2026-07-24T05:50:37.156+0000] {processor.py:186} INFO - Started process (PID=1191) to work on /opt/airflow/dags/my_tasks.py
[2026-07-24T05:50:37.164+0000] {processor.py:914} INFO - Processing file /opt/airflow/dags/my_tasks.py for tasks to queue
[2026-07-24T05:50:37.166+0000] {logging_mixin.py:190} INFO - [2026-07-24T05:50:37.166+0000] {dagbag.py:588} INFO - Filling up the DagBag from /opt/airflow/dags/my_tasks.py
[2026-07-24T05:50:37.177+0000] {processor.py:925} INFO - DAG(s) 'my_dag' retrieved from /opt/airflow/dags/my_tasks.py
[2026-07-24T05:50:37.194+0000] {logging_mixin.py:190} INFO - [2026-07-24T05:50:37.194+0000] {dag.py:3239} INFO - Sync 1 DAGs
[2026-07-24T05:50:37.209+0000] {logging_mixin.py:190} INFO - [2026-07-24T05:50:37.209+0000] {dag.py:4180} INFO - Setting next_dagrun for my_dag to None, run_after=None
[2026-07-24T05:50:37.223+0000] {processor.py:208} INFO - Processing /opt/airflow/dags/my_tasks.py took 0.071 seconds
[2026-07-24T05:51:07.436+0000] {processor.py:186} INFO - Started process (PID=1202) to work on /opt/airflow/dags/my_tasks.py
[2026-07-24T05:51:07.444+0000] {processor.py:914} INFO - Processing file /opt/airflow/dags/my_tasks.py for tasks to queue
[2026-07-24T05:51:07.447+0000] {logging_mixin.py:190} INFO - [2026-07-24T05:51:07.447+0000] {dagbag.py:588} INFO - Filling up the DagBag from /opt/airflow/dags/my_tasks.py
[2026-07-24T05:51:07.457+0000] {processor.py:925} INFO - DAG(s) 'my_dag' retrieved from /opt/airflow/dags/my_tasks.py
[2026-07-24T05:51:07.474+0000] {logging_mixin.py:190} INFO - [2026-07-24T05:51:07.474+0000] {dag.py:3239} INFO - Sync 1 DAGs
[2026-07-24T05:51:07.490+0000] {logging_mixin.py:190} INFO - [2026-07-24T05:51:07.489+0000] {dag.py:4180} INFO - Setting next_dagrun for my_dag to None, run_after=None
[2026-07-24T05:51:07.503+0000] {processor.py:208} INFO - Processing /opt/airflow/dags/my_tasks.py took 0.072 seconds
[2026-07-24T05:51:37.692+0000] {processor.py:186} INFO - Started process (PID=1213) to work on /opt/airflow/dags/my_tasks.py
[2026-07-24T05:51:37.700+0000] {processor.py:914} INFO - Processing file /opt/airflow/dags/my_tasks.py for tasks to queue
[2026-07-24T05:51:37.703+0000] {logging_mixin.py:190} INFO - [2026-07-24T05:51:37.702+0000] {dagbag.py:588} INFO - Filling up the DagBag from /opt/airflow/dags/my_tasks.py
[2026-07-24T05:51:37.713+0000] {processor.py:925} INFO - DAG(s) 'my_dag' retrieved from /opt/airflow/dags/my_tasks.py
[2026-07-24T05:51:37.730+0000] {logging_mixin.py:190} INFO - [2026-07-24T05:51:37.730+0000] {dag.py:3239} INFO - Sync 1 DAGs
[2026-07-24T05:51:37.745+0000] {logging_mixin.py:190} INFO - [2026-07-24T05:51:37.745+0000] {dag.py:4180} INFO - Setting next_dagrun for my_dag to None, run_after=None
[2026-07-24T05:51:37.759+0000] {processor.py:208} INFO - Processing /opt/airflow/dags/my_tasks.py took 0.071 seconds
[2026-07-24T05:52:07.954+0000] {processor.py:186} INFO - Started process (PID=1224) to work on /opt/airflow/dags/my_tasks.py
[2026-07-24T05:52:07.962+0000] {processor.py:914} INFO - Processing file /opt/airflow/dags/my_tasks.py for tasks to queue
[2026-07-24T05:52:07.964+0000] {logging_mixin.py:190} INFO - [2026-07-24T05:52:07.964+0000] {dagbag.py:588} INFO - Filling up the DagBag from /opt/airflow/dags/my_tasks.py
[2026-07-24T05:52:07.975+0000] {processor.py:925} INFO - DAG(s) 'my_dag' retrieved from /opt/airflow/dags/my_tasks.py
[2026-07-24T05:52:07.994+0000] {logging_mixin.py:190} INFO - [2026-07-24T05:52:07.994+0000] {dag.py:3239} INFO - Sync 1 DAGs
[2026-07-24T05:52:08.009+0000] {logging_mixin.py:190} INFO - [2026-07-24T05:52:08.009+0000] {dag.py:4180} INFO - Setting next_dagrun for my_dag to None, run_after=None
[2026-07-24T05:52:08.023+0000] {processor.py:208} INFO - Processing /opt/airflow/dags/my_tasks.py took 0.073 seconds
[2026-07-24T05:52:38.233+0000] {processor.py:186} INFO - Started process (PID=1235) to work on /opt/airflow/dags/my_tasks.py
[2026-07-24T05:52:38.234+0000] {processor.py:914} INFO - Processing file /opt/airflow/dags/my_tasks.py for tasks to queue
[2026-07-24T05:52:38.235+0000] {logging_mixin.py:190} INFO - [2026-07-24T05:52:38.235+0000] {dagbag.py:588} INFO - Filling up the DagBag from /opt/airflow/dags/my_tasks.py
[2026-07-24T05:52:38.242+0000] {processor.py:925} INFO - DAG(s) 'my_dag' retrieved from /opt/airflow/dags/my_tasks.py
[2026-07-24T05:52:38.260+0000] {logging_mixin.py:190} INFO - [2026-07-24T05:52:38.260+0000] {dag.py:3239} INFO - Sync 1 DAGs
[2026-07-24T05:52:38.276+0000] {logging_mixin.py:190} INFO - [2026-07-24T05:52:38.275+0000] {dag.py:4180} INFO - Setting next_dagrun for my_dag to None, run_after=None
[2026-07-24T05:52:38.289+0000] {processor.py:208} INFO - Processing /opt/airflow/dags/my_tasks.py took 0.060 seconds
[2026-07-24T05:53:08.514+0000] {processor.py:186} INFO - Started process (PID=1246) to work on /opt/airflow/dags/my_tasks.py
[2026-07-24T05:53:08.514+0000] {processor.py:914} INFO - Processing file /opt/airflow/dags/my_tasks.py for tasks to queue
[2026-07-24T05:53:08.517+0000] {logging_mixin.py:190} INFO - [2026-07-24T05:53:08.516+0000] {dagbag.py:588} INFO - Filling up the DagBag from /opt/airflow/dags/my_tasks.py
[2026-07-24T05:53:08.524+0000] {processor.py:925} INFO - DAG(s) 'my_dag' retrieved from /opt/airflow/dags/my_tasks.py
[2026-07-24T05:53:08.541+0000] {logging_mixin.py:190} INFO - [2026-07-24T05:53:08.541+0000] {dag.py:3239} INFO - Sync 1 DAGs
[2026-07-24T05:53:08.556+0000] {logging_mixin.py:190} INFO - [2026-07-24T05:53:08.555+0000] {dag.py:4180} INFO - Setting next_dagrun for my_dag to None, run_after=None
[2026-07-24T05:53:08.569+0000] {processor.py:208} INFO - Processing /opt/airflow/dags/my_tasks.py took 0.060 seconds
[2026-07-24T05:53:38.784+0000] {processor.py:186} INFO - Started process (PID=1257) to work on /opt/airflow/dags/my_tasks.py
[2026-07-24T05:53:38.792+0000] {processor.py:914} INFO - Processing file /opt/airflow/dags/my_tasks.py for tasks to queue
[2026-07-24T05:53:38.795+0000] {logging_mixin.py:190} INFO - [2026-07-24T05:53:38.794+0000] {dagbag.py:588} INFO - Filling up the DagBag from /opt/airflow/dags/my_tasks.py
[2026-07-24T05:53:38.805+0000] {processor.py:925} INFO - DAG(s) 'my_dag' retrieved from /opt/airflow/dags/my_tasks.py
[2026-07-24T05:53:38.822+0000] {logging_mixin.py:190} INFO - [2026-07-24T05:53:38.822+0000] {dag.py:3239} INFO - Sync 1 DAGs
[2026-07-24T05:53:38.837+0000] {logging_mixin.py:190} INFO - [2026-07-24T05:53:38.837+0000] {dag.py:4180} INFO - Setting next_dagrun for my_dag to None, run_after=None
[2026-07-24T05:53:38.852+0000] {processor.py:208} INFO - Processing /opt/airflow/dags/my_tasks.py took 0.071 seconds
[2026-07-24T05:54:09.043+0000] {processor.py:186} INFO - Started process (PID=1268) to work on /opt/airflow/dags/my_tasks.py
[2026-07-24T05:54:09.051+0000] {processor.py:914} INFO - Processing file /opt/airflow/dags/my_tasks.py for tasks to queue
[2026-07-24T05:54:09.053+0000] {logging_mixin.py:190} INFO - [2026-07-24T05:54:09.053+0000] {dagbag.py:588} INFO - Filling up the DagBag from /opt/airflow/dags/my_tasks.py
[2026-07-24T05:54:09.064+0000] {processor.py:925} INFO - DAG(s) 'my_dag' retrieved from /opt/airflow/dags/my_tasks.py
[2026-07-24T05:54:09.080+0000] {logging_mixin.py:190} INFO - [2026-07-24T05:54:09.080+0000] {dag.py:3239} INFO - Sync 1 DAGs
[2026-07-24T05:54:09.096+0000] {logging_mixin.py:190} INFO - [2026-07-24T05:54:09.096+0000] {dag.py:4180} INFO - Setting next_dagrun for my_dag to None, run_after=None
[2026-07-24T05:54:09.110+0000] {processor.py:208} INFO - Processing /opt/airflow/dags/my_tasks.py took 0.071 seconds
[2026-07-24T05:54:39.325+0000] {processor.py:186} INFO - Started process (PID=1279) to work on /opt/airflow/dags/my_tasks.py
[2026-07-24T05:54:39.331+0000] {processor.py:914} INFO - Processing file /opt/airflow/dags/my_tasks.py for tasks to queue
[2026-07-24T05:54:39.333+0000] {logging_mixin.py:190} INFO - [2026-07-24T05:54:39.332+0000] {dagbag.py:588} INFO - Filling up the DagBag from /opt/airflow/dags/my_tasks.py
[2026-07-24T05:54:39.344+0000] {processor.py:925} INFO - DAG(s) 'my_dag' retrieved from /opt/airflow/dags/my_tasks.py
[2026-07-24T05:54:39.363+0000] {logging_mixin.py:190} INFO - [2026-07-24T05:54:39.362+0000] {dag.py:3239} INFO - Sync 1 DAGs
[2026-07-24T05:54:39.378+0000] {logging_mixin.py:190} INFO - [2026-07-24T05:54:39.378+0000] {dag.py:4180} INFO - Setting next_dagrun for my_dag to None, run_after=None
[2026-07-24T05:54:39.392+0000] {processor.py:208} INFO - Processing /opt/airflow/dags/my_tasks.py took 0.071 seconds
[2026-07-24T05:55:09.611+0000] {processor.py:186} INFO - Started process (PID=1290) to work on /opt/airflow/dags/my_tasks.py
[2026-07-24T05:55:09.619+0000] {processor.py:914} INFO - Processing file /opt/airflow/dags/my_tasks.py for tasks to queue
[2026-07-24T05:55:09.622+0000] {logging_mixin.py:190} INFO - [2026-07-24T05:55:09.621+0000] {dagbag.py:588} INFO - Filling up the DagBag from /opt/airflow/dags/my_tasks.py
[2026-07-24T05:55:09.631+0000] {processor.py:925} INFO - DAG(s) 'my_dag' retrieved from /opt/airflow/dags/my_tasks.py
[2026-07-24T05:55:09.650+0000] {logging_mixin.py:190} INFO - [2026-07-24T05:55:09.650+0000] {dag.py:3239} INFO - Sync 1 DAGs
[2026-07-24T05:55:09.665+0000] {logging_mixin.py:190} INFO - [2026-07-24T05:55:09.664+0000] {dag.py:4180} INFO - Setting next_dagrun for my_dag to None, run_after=None
[2026-07-24T05:55:09.678+0000] {processor.py:208} INFO - Processing /opt/airflow/dags/my_tasks.py took 0.071 seconds
[2026-07-24T05:55:39.924+0000] {processor.py:186} INFO - Started process (PID=1301) to work on /opt/airflow/dags/my_tasks.py
[2026-07-24T05:55:39.924+0000] {processor.py:914} INFO - Processing file /opt/airflow/dags/my_tasks.py for tasks to queue
[2026-07-24T05:55:39.926+0000] {logging_mixin.py:190} INFO - [2026-07-24T05:55:39.926+0000] {dagbag.py:588} INFO - Filling up the DagBag from /opt/airflow/dags/my_tasks.py
[2026-07-24T05:55:39.933+0000] {processor.py:925} INFO - DAG(s) 'my_dag' retrieved from /opt/airflow/dags/my_tasks.py
[2026-07-24T05:55:39.949+0000] {logging_mixin.py:190} INFO - [2026-07-24T05:55:39.949+0000] {dag.py:3239} INFO - Sync 1 DAGs
[2026-07-24T05:55:39.964+0000] {logging_mixin.py:190} INFO - [2026-07-24T05:55:39.964+0000] {dag.py:4180} INFO - Setting next_dagrun for my_dag to None, run_after=None
[2026-07-24T05:55:39.977+0000] {processor.py:208} INFO - Processing /opt/airflow/dags/my_tasks.py took 0.058 seconds
[2026-07-24T05:56:10.217+0000] {processor.py:186} INFO - Started process (PID=1312) to work on /opt/airflow/dags/my_tasks.py
[2026-07-24T05:56:10.227+0000] {processor.py:914} INFO - Processing file /opt/airflow/dags/my_tasks.py for tasks to queue
[2026-07-24T05:56:10.228+0000] {logging_mixin.py:190} INFO - [2026-07-24T05:56:10.228+0000] {dagbag.py:588} INFO - Filling up the DagBag from /opt/airflow/dags/my_tasks.py
[2026-07-24T05:56:10.239+0000] {processor.py:925} INFO - DAG(s) 'my_dag' retrieved from /opt/airflow/dags/my_tasks.py
[2026-07-24T05:56:10.259+0000] {logging_mixin.py:190} INFO - [2026-07-24T05:56:10.259+0000] {dag.py:3239} INFO - Sync 1 DAGs
[2026-07-24T05:56:10.274+0000] {logging_mixin.py:190} INFO - [2026-07-24T05:56:10.274+0000] {dag.py:4180} INFO - Setting next_dagrun for my_dag to None, run_after=None
[2026-07-24T05:56:10.288+0000] {processor.py:208} INFO - Processing /opt/airflow/dags/my_tasks.py took 0.075 seconds
[2026-07-24T05:56:40.495+0000] {processor.py:186} INFO - Started process (PID=1323) to work on /opt/airflow/dags/my_tasks.py
[2026-07-24T05:56:40.498+0000] {processor.py:914} INFO - Processing file /opt/airflow/dags/my_tasks.py for tasks to queue
[2026-07-24T05:56:40.499+0000] {logging_mixin.py:190} INFO - [2026-07-24T05:56:40.499+0000] {dagbag.py:588} INFO - Filling up the DagBag from /opt/airflow/dags/my_tasks.py
[2026-07-24T05:56:40.508+0000] {processor.py:925} INFO - DAG(s) 'my_dag' retrieved from /opt/airflow/dags/my_tasks.py
[2026-07-24T05:56:40.525+0000] {logging_mixin.py:190} INFO - [2026-07-24T05:56:40.525+0000] {dag.py:3239} INFO - Sync 1 DAGs
[2026-07-24T05:56:40.540+0000] {logging_mixin.py:190} INFO - [2026-07-24T05:56:40.539+0000] {dag.py:4180} INFO - Setting next_dagrun for my_dag to None, run_after=None
[2026-07-24T05:56:40.553+0000] {processor.py:208} INFO - Processing /opt/airflow/dags/my_tasks.py took 0.062 seconds
[2026-07-24T05:57:10.750+0000] {processor.py:186} INFO - Started process (PID=1334) to work on /opt/airflow/dags/my_tasks.py
[2026-07-24T05:57:10.751+0000] {processor.py:914} INFO - Processing file /opt/airflow/dags/my_tasks.py for tasks to queue
[2026-07-24T05:57:10.753+0000] {logging_mixin.py:190} INFO - [2026-07-24T05:57:10.752+0000] {dagbag.py:588} INFO - Filling up the DagBag from /opt/airflow/dags/my_tasks.py
[2026-07-24T05:57:10.759+0000] {processor.py:925} INFO - DAG(s) 'my_dag' retrieved from /opt/airflow/dags/my_tasks.py
[2026-07-24T05:57:10.776+0000] {logging_mixin.py:190} INFO - [2026-07-24T05:57:10.776+0000] {dag.py:3239} INFO - Sync 1 DAGs
[2026-07-24T05:57:10.790+0000] {logging_mixin.py:190} INFO - [2026-07-24T05:57:10.790+0000] {dag.py:4180} INFO - Setting next_dagrun for my_dag to None, run_after=None
[2026-07-24T05:57:10.804+0000] {processor.py:208} INFO - Processing /opt/airflow/dags/my_tasks.py took 0.057 seconds
[2026-07-24T05:57:40.987+0000] {processor.py:186} INFO - Started process (PID=1345) to work on /opt/airflow/dags/my_tasks.py
[2026-07-24T05:57:40.987+0000] {processor.py:914} INFO - Processing file /opt/airflow/dags/my_tasks.py for tasks to queue
[2026-07-24T05:57:40.989+0000] {logging_mixin.py:190} INFO - [2026-07-24T05:57:40.989+0000] {dagbag.py:588} INFO - Filling up the DagBag from /opt/airflow/dags/my_tasks.py
[2026-07-24T05:57:40.996+0000] {processor.py:925} INFO - DAG(s) 'my_dag' retrieved from /opt/airflow/dags/my_tasks.py
[2026-07-24T05:57:41.013+0000] {logging_mixin.py:190} INFO - [2026-07-24T05:57:41.012+0000] {dag.py:3239} INFO - Sync 1 DAGs
[2026-07-24T05:57:41.028+0000] {logging_mixin.py:190} INFO - [2026-07-24T05:57:41.027+0000] {dag.py:4180} INFO - Setting next_dagrun for my_dag to None, run_after=None
[2026-07-24T05:57:41.042+0000] {processor.py:208} INFO - Processing /opt/airflow/dags/my_tasks.py took 0.059 seconds
[2026-07-24T05:58:11.253+0000] {processor.py:186} INFO - Started process (PID=1356) to work on /opt/airflow/dags/my_tasks.py
[2026-07-24T05:58:11.261+0000] {processor.py:914} INFO - Processing file /opt/airflow/dags/my_tasks.py for tasks to queue
[2026-07-24T05:58:11.263+0000] {logging_mixin.py:190} INFO - [2026-07-24T05:58:11.263+0000] {dagbag.py:588} INFO - Filling up the DagBag from /opt/airflow/dags/my_tasks.py
[2026-07-24T05:58:11.272+0000] {processor.py:925} INFO - DAG(s) 'my_dag' retrieved from /opt/airflow/dags/my_tasks.py
[2026-07-24T05:58:11.289+0000] {logging_mixin.py:190} INFO - [2026-07-24T05:58:11.289+0000] {dag.py:3239} INFO - Sync 1 DAGs
[2026-07-24T05:58:11.304+0000] {logging_mixin.py:190} INFO - [2026-07-24T05:58:11.304+0000] {dag.py:4180} INFO - Setting next_dagrun for my_dag to None, run_after=None
[2026-07-24T05:58:11.318+0000] {processor.py:208} INFO - Processing /opt/airflow/dags/my_tasks.py took 0.068 seconds
[2026-07-24T05:58:41.516+0000] {processor.py:186} INFO - Started process (PID=1367) to work on /opt/airflow/dags/my_tasks.py
[2026-07-24T05:58:41.517+0000] {processor.py:914} INFO - Processing file /opt/airflow/dags/my_tasks.py for tasks to queue
[2026-07-24T05:58:41.519+0000] {logging_mixin.py:190} INFO - [2026-07-24T05:58:41.519+0000] {dagbag.py:588} INFO - Filling up the DagBag from /opt/airflow/dags/my_tasks.py
[2026-07-24T05:58:41.526+0000] {processor.py:925} INFO - DAG(s) 'my_dag' retrieved from /opt/airflow/dags/my_tasks.py
[2026-07-24T05:58:41.543+0000] {logging_mixin.py:190} INFO - [2026-07-24T05:58:41.543+0000] {dag.py:3239} INFO - Sync 1 DAGs
[2026-07-24T05:58:41.558+0000] {logging_mixin.py:190} INFO - [2026-07-24T05:58:41.558+0000] {dag.py:4180} INFO - Setting next_dagrun for my_dag to None, run_after=None
[2026-07-24T05:58:41.572+0000] {processor.py:208} INFO - Processing /opt/airflow/dags/my_tasks.py took 0.060 seconds
[2026-07-24T05:59:11.760+0000] {processor.py:186} INFO - Started process (PID=1378) to work on /opt/airflow/dags/my_tasks.py
[2026-07-24T05:59:11.768+0000] {processor.py:914} INFO - Processing file /opt/airflow/dags/my_tasks.py for tasks to queue
[2026-07-24T05:59:11.770+0000] {logging_mixin.py:190} INFO - [2026-07-24T05:59:11.769+0000] {dagbag.py:588} INFO - Filling up the DagBag from /opt/airflow/dags/my_tasks.py
[2026-07-24T05:59:11.780+0000] {processor.py:925} INFO - DAG(s) 'my_dag' retrieved from /opt/airflow/dags/my_tasks.py
[2026-07-24T05:59:11.796+0000] {logging_mixin.py:190} INFO - [2026-07-24T05:59:11.796+0000] {dag.py:3239} INFO - Sync 1 DAGs
[2026-07-24T05:59:11.811+0000] {logging_mixin.py:190} INFO - [2026-07-24T05:59:11.810+0000] {dag.py:4180} INFO - Setting next_dagrun for my_dag to None, run_after=None
[2026-07-24T05:59:11.825+0000] {processor.py:208} INFO - Processing /opt/airflow/dags/my_tasks.py took 0.069 seconds
[2026-07-24T05:59:42.044+0000] {processor.py:186} INFO - Started process (PID=1389) to work on /opt/airflow/dags/my_tasks.py
[2026-07-24T05:59:42.050+0000] {processor.py:914} INFO - Processing file /opt/airflow/dags/my_tasks.py for tasks to queue
[2026-07-24T05:59:42.052+0000] {logging_mixin.py:190} INFO - [2026-07-24T05:59:42.051+0000] {dagbag.py:588} INFO - Filling up the DagBag from /opt/airflow/dags/my_tasks.py
[2026-07-24T05:59:42.061+0000] {processor.py:925} INFO - DAG(s) 'my_dag' retrieved from /opt/airflow/dags/my_tasks.py
[2026-07-24T05:59:42.079+0000] {logging_mixin.py:190} INFO - [2026-07-24T05:59:42.078+0000] {dag.py:3239} INFO - Sync 1 DAGs
[2026-07-24T05:59:42.094+0000] {logging_mixin.py:190} INFO - [2026-07-24T05:59:42.094+0000] {dag.py:4180} INFO - Setting next_dagrun for my_dag to None, run_after=None
[2026-07-24T05:59:42.108+0000] {processor.py:208} INFO - Processing /opt/airflow/dags/my_tasks.py took 0.068 seconds
[2026-07-24T06:00:12.325+0000] {processor.py:186} INFO - Started process (PID=1400) to work on /opt/airflow/dags/my_tasks.py
[2026-07-24T06:00:12.326+0000] {processor.py:914} INFO - Processing file /opt/airflow/dags/my_tasks.py for tasks to queue
[2026-07-24T06:00:12.328+0000] {logging_mixin.py:190} INFO - [2026-07-24T06:00:12.327+0000] {dagbag.py:588} INFO - Filling up the DagBag from /opt/airflow/dags/my_tasks.py
[2026-07-24T06:00:12.334+0000] {processor.py:925} INFO - DAG(s) 'my_dag' retrieved from /opt/airflow/dags/my_tasks.py
[2026-07-24T06:00:12.354+0000] {logging_mixin.py:190} INFO - [2026-07-24T06:00:12.354+0000] {dag.py:3239} INFO - Sync 1 DAGs
[2026-07-24T06:00:12.369+0000] {logging_mixin.py:190} INFO - [2026-07-24T06:00:12.369+0000] {dag.py:4180} INFO - Setting next_dagrun for my_dag to None, run_after=None
[2026-07-24T06:00:12.383+0000] {processor.py:208} INFO - Processing /opt/airflow/dags/my_tasks.py took 0.061 seconds
[2026-07-24T06:00:42.597+0000] {processor.py:186} INFO - Started process (PID=1411) to work on /opt/airflow/dags/my_tasks.py
[2026-07-24T06:00:42.606+0000] {processor.py:914} INFO - Processing file /opt/airflow/dags/my_tasks.py for tasks to queue
[2026-07-24T06:00:42.608+0000] {logging_mixin.py:190} INFO - [2026-07-24T06:00:42.608+0000] {dagbag.py:588} INFO - Filling up the DagBag from /opt/airflow/dags/my_tasks.py
[2026-07-24T06:00:42.619+0000] {processor.py:925} INFO - DAG(s) 'my_dag' retrieved from /opt/airflow/dags/my_tasks.py
[2026-07-24T06:00:42.636+0000] {logging_mixin.py:190} INFO - [2026-07-24T06:00:42.636+0000] {dag.py:3239} INFO - Sync 1 DAGs
[2026-07-24T06:00:42.651+0000] {logging_mixin.py:190} INFO - [2026-07-24T06:00:42.651+0000] {dag.py:4180} INFO - Setting next_dagrun for my_dag to None, run_after=None
[2026-07-24T06:00:42.664+0000] {processor.py:208} INFO - Processing /opt/airflow/dags/my_tasks.py took 0.071 seconds
[2026-07-24T06:01:12.888+0000] {processor.py:186} INFO - Started process (PID=1422) to work on /opt/airflow/dags/my_tasks.py
[2026-07-24T06:01:12.897+0000] {processor.py:914} INFO - Processing file /opt/airflow/dags/my_tasks.py for tasks to queue
[2026-07-24T06:01:12.900+0000] {logging_mixin.py:190} INFO - [2026-07-24T06:01:12.900+0000] {dagbag.py:588} INFO - Filling up the DagBag from /opt/airflow/dags/my_tasks.py
[2026-07-24T06:01:12.910+0000] {processor.py:925} INFO - DAG(s) 'my_dag' retrieved from /opt/airflow/dags/my_tasks.py
[2026-07-24T06:01:12.927+0000] {logging_mixin.py:190} INFO - [2026-07-24T06:01:12.927+0000] {dag.py:3239} INFO - Sync 1 DAGs
[2026-07-24T06:01:12.943+0000] {logging_mixin.py:190} INFO - [2026-07-24T06:01:12.942+0000] {dag.py:4180} INFO - Setting next_dagrun for my_dag to None, run_after=None
[2026-07-24T06:01:12.962+0000] {processor.py:208} INFO - Processing /opt/airflow/dags/my_tasks.py took 0.078 seconds
[2026-07-24T06:01:43.176+0000] {processor.py:186} INFO - Started process (PID=1433) to work on /opt/airflow/dags/my_tasks.py
[2026-07-24T06:01:43.184+0000] {processor.py:914} INFO - Processing file /opt/airflow/dags/my_tasks.py for tasks to queue
[2026-07-24T06:01:43.187+0000] {logging_mixin.py:190} INFO - [2026-07-24T06:01:43.186+0000] {dagbag.py:588} INFO - Filling up the DagBag from /opt/airflow/dags/my_tasks.py
[2026-07-24T06:01:43.198+0000] {processor.py:925} INFO - DAG(s) 'my_dag' retrieved from /opt/airflow/dags/my_tasks.py
[2026-07-24T06:01:43.217+0000] {logging_mixin.py:190} INFO - [2026-07-24T06:01:43.217+0000] {dag.py:3239} INFO - Sync 1 DAGs
[2026-07-24T06:01:43.233+0000] {logging_mixin.py:190} INFO - [2026-07-24T06:01:43.233+0000] {dag.py:4180} INFO - Setting next_dagrun for my_dag to None, run_after=None
[2026-07-24T06:01:43.246+0000] {processor.py:208} INFO - Processing /opt/airflow/dags/my_tasks.py took 0.074 seconds
[2026-07-24T06:02:13.470+0000] {processor.py:186} INFO - Started process (PID=1444) to work on /opt/airflow/dags/my_tasks.py
[2026-07-24T06:02:13.474+0000] {processor.py:914} INFO - Processing file /opt/airflow/dags/my_tasks.py for tasks to queue
[2026-07-24T06:02:13.475+0000] {logging_mixin.py:190} INFO - [2026-07-24T06:02:13.475+0000] {dagbag.py:588} INFO - Filling up the DagBag from /opt/airflow/dags/my_tasks.py
[2026-07-24T06:02:13.484+0000] {processor.py:925} INFO - DAG(s) 'my_dag' retrieved from /opt/airflow/dags/my_tasks.py
[2026-07-24T06:02:13.502+0000] {logging_mixin.py:190} INFO - [2026-07-24T06:02:13.501+0000] {dag.py:3239} INFO - Sync 1 DAGs
[2026-07-24T06:02:13.517+0000] {logging_mixin.py:190} INFO - [2026-07-24T06:02:13.516+0000] {dag.py:4180} INFO - Setting next_dagrun for my_dag to None, run_after=None
[2026-07-24T06:02:13.530+0000] {processor.py:208} INFO - Processing /opt/airflow/dags/my_tasks.py took 0.064 seconds
[2026-07-24T06:02:43.729+0000] {processor.py:186} INFO - Started process (PID=1455) to work on /opt/airflow/dags/my_tasks.py
[2026-07-24T06:02:43.737+0000] {processor.py:914} INFO - Processing file /opt/airflow/dags/my_tasks.py for tasks to queue
[2026-07-24T06:02:43.740+0000] {logging_mixin.py:190} INFO - [2026-07-24T06:02:43.740+0000] {dagbag.py:588} INFO - Filling up the DagBag from /opt/airflow/dags/my_tasks.py
[2026-07-24T06:02:43.751+0000] {processor.py:925} INFO - DAG(s) 'my_dag' retrieved from /opt/airflow/dags/my_tasks.py
[2026-07-24T06:02:43.767+0000] {logging_mixin.py:190} INFO - [2026-07-24T06:02:43.767+0000] {dag.py:3239} INFO - Sync 1 DAGs
[2026-07-24T06:02:43.783+0000] {logging_mixin.py:190} INFO - [2026-07-24T06:02:43.783+0000] {dag.py:4180} INFO - Setting next_dagrun for my_dag to None, run_after=None
[2026-07-24T06:02:43.796+0000] {processor.py:208} INFO - Processing /opt/airflow/dags/my_tasks.py took 0.071 seconds
[2026-07-24T06:03:14.015+0000] {processor.py:186} INFO - Started process (PID=1466) to work on /opt/airflow/dags/my_tasks.py
[2026-07-24T06:03:14.016+0000] {processor.py:914} INFO - Processing file /opt/airflow/dags/my_tasks.py for tasks to queue
[2026-07-24T06:03:14.017+0000] {logging_mixin.py:190} INFO - [2026-07-24T06:03:14.017+0000] {dagbag.py:588} INFO - Filling up the DagBag from /opt/airflow/dags/my_tasks.py
[2026-07-24T06:03:14.024+0000] {processor.py:925} INFO - DAG(s) 'my_dag' retrieved from /opt/airflow/dags/my_tasks.py
[2026-07-24T06:03:14.041+0000] {logging_mixin.py:190} INFO - [2026-07-24T06:03:14.041+0000] {dag.py:3239} INFO - Sync 1 DAGs
[2026-07-24T06:03:14.056+0000] {logging_mixin.py:190} INFO - [2026-07-24T06:03:14.056+0000] {dag.py:4180} INFO - Setting next_dagrun for my_dag to None, run_after=None
[2026-07-24T06:03:14.070+0000] {processor.py:208} INFO - Processing /opt/airflow/dags/my_tasks.py took 0.059 seconds
[2026-07-24T06:03:44.289+0000] {processor.py:186} INFO - Started process (PID=1477) to work on /opt/airflow/dags/my_tasks.py
[2026-07-24T06:03:44.289+0000] {processor.py:914} INFO - Processing file /opt/airflow/dags/my_tasks.py for tasks to queue
[2026-07-24T06:03:44.291+0000] {logging_mixin.py:190} INFO - [2026-07-24T06:03:44.291+0000] {dagbag.py:588} INFO - Filling up the DagBag from /opt/airflow/dags/my_tasks.py
[2026-07-24T06:03:44.298+0000] {processor.py:925} INFO - DAG(s) 'my_dag' retrieved from /opt/airflow/dags/my_tasks.py
[2026-07-24T06:03:44.315+0000] {logging_mixin.py:190} INFO - [2026-07-24T06:03:44.315+0000] {dag.py:3239} INFO - Sync 1 DAGs
[2026-07-24T06:03:44.330+0000] {logging_mixin.py:190} INFO - [2026-07-24T06:03:44.330+0000] {dag.py:4180} INFO - Setting next_dagrun for my_dag to None, run_after=None
[2026-07-24T06:03:44.345+0000] {processor.py:208} INFO - Processing /opt/airflow/dags/my_tasks.py took 0.060 seconds
[2026-07-24T06:04:14.568+0000] {processor.py:186} INFO - Started process (PID=1488) to work on /opt/airflow/dags/my_tasks.py
[2026-07-24T06:04:14.568+0000] {processor.py:914} INFO - Processing file /opt/airflow/dags/my_tasks.py for tasks to queue
[2026-07-24T06:04:14.570+0000] {logging_mixin.py:190} INFO - [2026-07-24T06:04:14.570+0000] {dagbag.py:588} INFO - Filling up the DagBag from /opt/airflow/dags/my_tasks.py
[2026-07-24T06:04:14.577+0000] {processor.py:925} INFO - DAG(s) 'my_dag' retrieved from /opt/airflow/dags/my_tasks.py
[2026-07-24T06:04:14.596+0000] {logging_mixin.py:190} INFO - [2026-07-24T06:04:14.596+0000] {dag.py:3239} INFO - Sync 1 DAGs
[2026-07-24T06:04:14.611+0000] {logging_mixin.py:190} INFO - [2026-07-24T06:04:14.611+0000] {dag.py:4180} INFO - Setting next_dagrun for my_dag to None, run_after=None
[2026-07-24T06:04:14.624+0000] {processor.py:208} INFO - Processing /opt/airflow/dags/my_tasks.py took 0.060 seconds
[2026-07-24T06:04:44.833+0000] {processor.py:186} INFO - Started process (PID=1499) to work on /opt/airflow/dags/my_tasks.py
[2026-07-24T06:04:44.841+0000] {processor.py:914} INFO - Processing file /opt/airflow/dags/my_tasks.py for tasks to queue
[2026-07-24T06:04:44.843+0000] {logging_mixin.py:190} INFO - [2026-07-24T06:04:44.842+0000] {dagbag.py:588} INFO - Filling up the DagBag from /opt/airflow/dags/my_tasks.py
[2026-07-24T06:04:44.851+0000] {processor.py:925} INFO - DAG(s) 'my_dag' retrieved from /opt/airflow/dags/my_tasks.py
[2026-07-24T06:04:44.870+0000] {logging_mixin.py:190} INFO - [2026-07-24T06:04:44.870+0000] {dag.py:3239} INFO - Sync 1 DAGs
[2026-07-24T06:04:44.887+0000] {logging_mixin.py:190} INFO - [2026-07-24T06:04:44.887+0000] {dag.py:4180} INFO - Setting next_dagrun for my_dag to None, run_after=None
[2026-07-24T06:04:44.901+0000] {processor.py:208} INFO - Processing /opt/airflow/dags/my_tasks.py took 0.072 seconds
[2026-07-24T06:05:15.083+0000] {processor.py:186} INFO - Started process (PID=1510) to work on /opt/airflow/dags/my_tasks.py
[2026-07-24T06:05:15.083+0000] {processor.py:914} INFO - Processing file /opt/airflow/dags/my_tasks.py for tasks to queue
[2026-07-24T06:05:15.084+0000] {logging_mixin.py:190} INFO - [2026-07-24T06:05:15.084+0000] {dagbag.py:588} INFO - Filling up the DagBag from /opt/airflow/dags/my_tasks.py
[2026-07-24T06:05:15.091+0000] {processor.py:925} INFO - DAG(s) 'my_dag' retrieved from /opt/airflow/dags/my_tasks.py
[2026-07-24T06:05:15.107+0000] {logging_mixin.py:190} INFO - [2026-07-24T06:05:15.107+0000] {dag.py:3239} INFO - Sync 1 DAGs
[2026-07-24T06:05:15.122+0000] {logging_mixin.py:190} INFO - [2026-07-24T06:05:15.122+0000] {dag.py:4180} INFO - Setting next_dagrun for my_dag to None, run_after=None
[2026-07-24T06:05:15.136+0000] {processor.py:208} INFO - Processing /opt/airflow/dags/my_tasks.py took 0.057 seconds
[2026-07-24T06:05:45.364+0000] {processor.py:186} INFO - Started process (PID=1521) to work on /opt/airflow/dags/my_tasks.py
[2026-07-24T06:05:45.372+0000] {processor.py:914} INFO - Processing file /opt/airflow/dags/my_tasks.py for tasks to queue
[2026-07-24T06:05:45.375+0000] {logging_mixin.py:190} INFO - [2026-07-24T06:05:45.374+0000] {dagbag.py:588} INFO - Filling up the DagBag from /opt/airflow/dags/my_tasks.py
[2026-07-24T06:05:45.383+0000] {processor.py:925} INFO - DAG(s) 'my_dag' retrieved from /opt/airflow/dags/my_tasks.py
[2026-07-24T06:05:45.400+0000] {logging_mixin.py:190} INFO - [2026-07-24T06:05:45.400+0000] {dag.py:3239} INFO - Sync 1 DAGs
[2026-07-24T06:05:45.415+0000] {logging_mixin.py:190} INFO - [2026-07-24T06:05:45.415+0000] {dag.py:4180} INFO - Setting next_dagrun for my_dag to None, run_after=None
[2026-07-24T06:05:45.429+0000] {processor.py:208} INFO - Processing /opt/airflow/dags/my_tasks.py took 0.069 seconds
[2026-07-24T06:06:15.645+0000] {processor.py:186} INFO - Started process (PID=1532) to work on /opt/airflow/dags/my_tasks.py
[2026-07-24T06:06:15.646+0000] {processor.py:914} INFO - Processing file /opt/airflow/dags/my_tasks.py for tasks to queue
[2026-07-24T06:06:15.647+0000] {logging_mixin.py:190} INFO - [2026-07-24T06:06:15.647+0000] {dagbag.py:588} INFO - Filling up the DagBag from /opt/airflow/dags/my_tasks.py
[2026-07-24T06:06:15.653+0000] {processor.py:925} INFO - DAG(s) 'my_dag' retrieved from /opt/airflow/dags/my_tasks.py
[2026-07-24T06:06:15.670+0000] {logging_mixin.py:190} INFO - [2026-07-24T06:06:15.670+0000] {dag.py:3239} INFO - Sync 1 DAGs
[2026-07-24T06:06:15.685+0000] {logging_mixin.py:190} INFO - [2026-07-24T06:06:15.685+0000] {dag.py:4180} INFO - Setting next_dagrun for my_dag to None, run_after=None
[2026-07-24T06:06:15.699+0000] {processor.py:208} INFO - Processing /opt/airflow/dags/my_tasks.py took 0.058 seconds
[2026-07-24T06:06:45.883+0000] {processor.py:186} INFO - Started process (PID=1543) to work on /opt/airflow/dags/my_tasks.py
[2026-07-24T06:06:45.891+0000] {processor.py:914} INFO - Processing file /opt/airflow/dags/my_tasks.py for tasks to queue
[2026-07-24T06:06:45.894+0000] {logging_mixin.py:190} INFO - [2026-07-24T06:06:45.893+0000] {dagbag.py:588} INFO - Filling up the DagBag from /opt/airflow/dags/my_tasks.py
[2026-07-24T06:06:45.903+0000] {processor.py:925} INFO - DAG(s) 'my_dag' retrieved from /opt/airflow/dags/my_tasks.py
[2026-07-24T06:06:45.920+0000] {logging_mixin.py:190} INFO - [2026-07-24T06:06:45.920+0000] {dag.py:3239} INFO - Sync 1 DAGs
[2026-07-24T06:06:45.935+0000] {logging_mixin.py:190} INFO - [2026-07-24T06:06:45.935+0000] {dag.py:4180} INFO - Setting next_dagrun for my_dag to None, run_after=None
[2026-07-24T06:06:45.952+0000] {processor.py:208} INFO - Processing /opt/airflow/dags/my_tasks.py took 0.074 seconds
[2026-07-24T06:07:16.125+0000] {processor.py:186} INFO - Started process (PID=1554) to work on /opt/airflow/dags/my_tasks.py
[2026-07-24T06:07:16.126+0000] {processor.py:914} INFO - Processing file /opt/airflow/dags/my_tasks.py for tasks to queue
[2026-07-24T06:07:16.127+0000] {logging_mixin.py:190} INFO - [2026-07-24T06:07:16.127+0000] {dagbag.py:588} INFO - Filling up the DagBag from /opt/airflow/dags/my_tasks.py
[2026-07-24T06:07:16.134+0000] {processor.py:925} INFO - DAG(s) 'my_dag' retrieved from /opt/airflow/dags/my_tasks.py
[2026-07-24T06:07:16.151+0000] {logging_mixin.py:190} INFO - [2026-07-24T06:07:16.151+0000] {dag.py:3239} INFO - Sync 1 DAGs
[2026-07-24T06:07:16.166+0000] {logging_mixin.py:190} INFO - [2026-07-24T06:07:16.166+0000] {dag.py:4180} INFO - Setting next_dagrun for my_dag to None, run_after=None
[2026-07-24T06:07:16.180+0000] {processor.py:208} INFO - Processing /opt/airflow/dags/my_tasks.py took 0.058 seconds
[2026-07-24T06:07:46.413+0000] {processor.py:186} INFO - Started process (PID=1565) to work on /opt/airflow/dags/my_tasks.py
[2026-07-24T06:07:46.414+0000] {processor.py:914} INFO - Processing file /opt/airflow/dags/my_tasks.py for tasks to queue
[2026-07-24T06:07:46.415+0000] {logging_mixin.py:190} INFO - [2026-07-24T06:07:46.415+0000] {dagbag.py:588} INFO - Filling up the DagBag from /opt/airflow/dags/my_tasks.py
[2026-07-24T06:07:46.422+0000] {processor.py:925} INFO - DAG(s) 'my_dag' retrieved from /opt/airflow/dags/my_tasks.py
[2026-07-24T06:07:46.438+0000] {logging_mixin.py:190} INFO - [2026-07-24T06:07:46.438+0000] {dag.py:3239} INFO - Sync 1 DAGs
[2026-07-24T06:07:46.453+0000] {logging_mixin.py:190} INFO - [2026-07-24T06:07:46.453+0000] {dag.py:4180} INFO - Setting next_dagrun for my_dag to None, run_after=None
[2026-07-24T06:07:46.467+0000] {processor.py:208} INFO - Processing /opt/airflow/dags/my_tasks.py took 0.057 seconds
[2026-07-24T06:08:16.693+0000] {processor.py:186} INFO - Started process (PID=1576) to work on /opt/airflow/dags/my_tasks.py
[2026-07-24T06:08:16.694+0000] {processor.py:914} INFO - Processing file /opt/airflow/dags/my_tasks.py for tasks to queue
[2026-07-24T06:08:16.696+0000] {logging_mixin.py:190} INFO - [2026-07-24T06:08:16.696+0000] {dagbag.py:588} INFO - Filling up the DagBag from /opt/airflow/dags/my_tasks.py
[2026-07-24T06:08:16.702+0000] {processor.py:925} INFO - DAG(s) 'my_dag' retrieved from /opt/airflow/dags/my_tasks.py
[2026-07-24T06:08:16.720+0000] {logging_mixin.py:190} INFO - [2026-07-24T06:08:16.720+0000] {dag.py:3239} INFO - Sync 1 DAGs
[2026-07-24T06:08:16.737+0000] {logging_mixin.py:190} INFO - [2026-07-24T06:08:16.737+0000] {dag.py:4180} INFO - Setting next_dagrun for my_dag to None, run_after=None
[2026-07-24T06:08:16.750+0000] {processor.py:208} INFO - Processing /opt/airflow/dags/my_tasks.py took 0.061 seconds
[2026-07-24T06:08:46.943+0000] {processor.py:186} INFO - Started process (PID=1587) to work on /opt/airflow/dags/my_tasks.py
[2026-07-24T06:08:46.951+0000] {processor.py:914} INFO - Processing file /opt/airflow/dags/my_tasks.py for tasks to queue
[2026-07-24T06:08:46.953+0000] {logging_mixin.py:190} INFO - [2026-07-24T06:08:46.952+0000] {dagbag.py:588} INFO - Filling up the DagBag from /opt/airflow/dags/my_tasks.py
[2026-07-24T06:08:46.961+0000] {processor.py:925} INFO - DAG(s) 'my_dag' retrieved from /opt/airflow/dags/my_tasks.py
[2026-07-24T06:08:46.979+0000] {logging_mixin.py:190} INFO - [2026-07-24T06:08:46.978+0000] {dag.py:3239} INFO - Sync 1 DAGs
[2026-07-24T06:08:46.993+0000] {logging_mixin.py:190} INFO - [2026-07-24T06:08:46.993+0000] {dag.py:4180} INFO - Setting next_dagrun for my_dag to None, run_after=None
[2026-07-24T06:08:47.008+0000] {processor.py:208} INFO - Processing /opt/airflow/dags/my_tasks.py took 0.068 seconds
[2026-07-24T06:09:17.211+0000] {processor.py:186} INFO - Started process (PID=1598) to work on /opt/airflow/dags/my_tasks.py
[2026-07-24T06:09:17.220+0000] {processor.py:914} INFO - Processing file /opt/airflow/dags/my_tasks.py for tasks to queue
[2026-07-24T06:09:17.223+0000] {logging_mixin.py:190} INFO - [2026-07-24T06:09:17.223+0000] {dagbag.py:588} INFO - Filling up the DagBag from /opt/airflow/dags/my_tasks.py
[2026-07-24T06:09:17.234+0000] {processor.py:925} INFO - DAG(s) 'my_dag' retrieved from /opt/airflow/dags/my_tasks.py
[2026-07-24T06:09:17.256+0000] {logging_mixin.py:190} INFO - [2026-07-24T06:09:17.256+0000] {dag.py:3239} INFO - Sync 1 DAGs
[2026-07-24T06:09:17.273+0000] {logging_mixin.py:190} INFO - [2026-07-24T06:09:17.273+0000] {dag.py:4180} INFO - Setting next_dagrun for my_dag to None, run_after=None
[2026-07-24T06:09:17.290+0000] {processor.py:208} INFO - Processing /opt/airflow/dags/my_tasks.py took 0.084 seconds
[2026-07-24T06:09:47.463+0000] {processor.py:186} INFO - Started process (PID=1609) to work on /opt/airflow/dags/my_tasks.py
[2026-07-24T06:09:47.471+0000] {processor.py:914} INFO - Processing file /opt/airflow/dags/my_tasks.py for tasks to queue
[2026-07-24T06:09:47.475+0000] {logging_mixin.py:190} INFO - [2026-07-24T06:09:47.474+0000] {dagbag.py:588} INFO - Filling up the DagBag from /opt/airflow/dags/my_tasks.py
[2026-07-24T06:09:47.484+0000] {processor.py:925} INFO - DAG(s) 'my_dag' retrieved from /opt/airflow/dags/my_tasks.py
[2026-07-24T06:09:47.501+0000] {logging_mixin.py:190} INFO - [2026-07-24T06:09:47.501+0000] {dag.py:3239} INFO - Sync 1 DAGs
[2026-07-24T06:09:47.521+0000] {logging_mixin.py:190} INFO - [2026-07-24T06:09:47.521+0000] {dag.py:4180} INFO - Setting next_dagrun for my_dag to None, run_after=None
[2026-07-24T06:09:47.535+0000] {processor.py:208} INFO - Processing /opt/airflow/dags/my_tasks.py took 0.076 seconds
[2026-07-24T06:10:17.688+0000] {processor.py:186} INFO - Started process (PID=1620) to work on /opt/airflow/dags/my_tasks.py
[2026-07-24T06:10:17.688+0000] {processor.py:914} INFO - Processing file /opt/airflow/dags/my_tasks.py for tasks to queue
[2026-07-24T06:10:17.690+0000] {logging_mixin.py:190} INFO - [2026-07-24T06:10:17.690+0000] {dagbag.py:588} INFO - Filling up the DagBag from /opt/airflow/dags/my_tasks.py
[2026-07-24T06:10:17.697+0000] {processor.py:925} INFO - DAG(s) 'my_dag' retrieved from /opt/airflow/dags/my_tasks.py
[2026-07-24T06:10:17.715+0000] {logging_mixin.py:190} INFO - [2026-07-24T06:10:17.715+0000] {dag.py:3239} INFO - Sync 1 DAGs
[2026-07-24T06:10:17.730+0000] {logging_mixin.py:190} INFO - [2026-07-24T06:10:17.730+0000] {dag.py:4180} INFO - Setting next_dagrun for my_dag to None, run_after=None
[2026-07-24T06:10:17.743+0000] {processor.py:208} INFO - Processing /opt/airflow/dags/my_tasks.py took 0.059 seconds
[2026-07-24T06:10:47.985+0000] {processor.py:186} INFO - Started process (PID=1631) to work on /opt/airflow/dags/my_tasks.py
[2026-07-24T06:10:47.993+0000] {processor.py:914} INFO - Processing file /opt/airflow/dags/my_tasks.py for tasks to queue
[2026-07-24T06:10:47.995+0000] {logging_mixin.py:190} INFO - [2026-07-24T06:10:47.995+0000] {dagbag.py:588} INFO - Filling up the DagBag from /opt/airflow/dags/my_tasks.py
[2026-07-24T06:10:48.006+0000] {processor.py:925} INFO - DAG(s) 'my_dag' retrieved from /opt/airflow/dags/my_tasks.py
[2026-07-24T06:10:48.024+0000] {logging_mixin.py:190} INFO - [2026-07-24T06:10:48.024+0000] {dag.py:3239} INFO - Sync 1 DAGs
[2026-07-24T06:10:48.040+0000] {logging_mixin.py:190} INFO - [2026-07-24T06:10:48.040+0000] {dag.py:4180} INFO - Setting next_dagrun for my_dag to None, run_after=None
[2026-07-24T06:10:48.056+0000] {processor.py:208} INFO - Processing /opt/airflow/dags/my_tasks.py took 0.075 seconds
[2026-07-24T06:11:18.255+0000] {processor.py:186} INFO - Started process (PID=1642) to work on /opt/airflow/dags/my_tasks.py
[2026-07-24T06:11:18.256+0000] {processor.py:914} INFO - Processing file /opt/airflow/dags/my_tasks.py for tasks to queue
[2026-07-24T06:11:18.257+0000] {logging_mixin.py:190} INFO - [2026-07-24T06:11:18.257+0000] {dagbag.py:588} INFO - Filling up the DagBag from /opt/airflow/dags/my_tasks.py
[2026-07-24T06:11:18.263+0000] {processor.py:925} INFO - DAG(s) 'my_dag' retrieved from /opt/airflow/dags/my_tasks.py
[2026-07-24T06:11:18.280+0000] {logging_mixin.py:190} INFO - [2026-07-24T06:11:18.280+0000] {dag.py:3239} INFO - Sync 1 DAGs
[2026-07-24T06:11:18.295+0000] {logging_mixin.py:190} INFO - [2026-07-24T06:11:18.295+0000] {dag.py:4180} INFO - Setting next_dagrun for my_dag to None, run_after=None
[2026-07-24T06:11:18.309+0000] {processor.py:208} INFO - Processing /opt/airflow/dags/my_tasks.py took 0.057 seconds
[2026-07-24T06:11:48.515+0000] {processor.py:186} INFO - Started process (PID=1653) to work on /opt/airflow/dags/my_tasks.py
[2026-07-24T06:11:48.523+0000] {processor.py:914} INFO - Processing file /opt/airflow/dags/my_tasks.py for tasks to queue
[2026-07-24T06:11:48.526+0000] {logging_mixin.py:190} INFO - [2026-07-24T06:11:48.525+0000] {dagbag.py:588} INFO - Filling up the DagBag from /opt/airflow/dags/my_tasks.py
[2026-07-24T06:11:48.536+0000] {processor.py:925} INFO - DAG(s) 'my_dag' retrieved from /opt/airflow/dags/my_tasks.py
[2026-07-24T06:11:48.552+0000] {logging_mixin.py:190} INFO - [2026-07-24T06:11:48.552+0000] {dag.py:3239} INFO - Sync 1 DAGs
[2026-07-24T06:11:48.569+0000] {logging_mixin.py:190} INFO - [2026-07-24T06:11:48.568+0000] {dag.py:4180} INFO - Setting next_dagrun for my_dag to None, run_after=None
[2026-07-24T06:11:48.583+0000] {processor.py:208} INFO - Processing /opt/airflow/dags/my_tasks.py took 0.072 seconds
[2026-07-24T06:12:18.773+0000] {processor.py:186} INFO - Started process (PID=1664) to work on /opt/airflow/dags/my_tasks.py
[2026-07-24T06:12:18.773+0000] {processor.py:914} INFO - Processing file /opt/airflow/dags/my_tasks.py for tasks to queue
[2026-07-24T06:12:18.775+0000] {logging_mixin.py:190} INFO - [2026-07-24T06:12:18.775+0000] {dagbag.py:588} INFO - Filling up the DagBag from /opt/airflow/dags/my_tasks.py
[2026-07-24T06:12:18.781+0000] {processor.py:925} INFO - DAG(s) 'my_dag' retrieved from /opt/airflow/dags/my_tasks.py
[2026-07-24T06:12:18.797+0000] {logging_mixin.py:190} INFO - [2026-07-24T06:12:18.797+0000] {dag.py:3239} INFO - Sync 1 DAGs
[2026-07-24T06:12:18.812+0000] {logging_mixin.py:190} INFO - [2026-07-24T06:12:18.811+0000] {dag.py:4180} INFO - Setting next_dagrun for my_dag to None, run_after=None
[2026-07-24T06:12:18.825+0000] {processor.py:208} INFO - Processing /opt/airflow/dags/my_tasks.py took 0.056 seconds
[2026-07-24T06:12:49.019+0000] {processor.py:186} INFO - Started process (PID=1675) to work on /opt/airflow/dags/my_tasks.py
[2026-07-24T06:12:49.027+0000] {processor.py:914} INFO - Processing file /opt/airflow/dags/my_tasks.py for tasks to queue
[2026-07-24T06:12:49.029+0000] {logging_mixin.py:190} INFO - [2026-07-24T06:12:49.028+0000] {dagbag.py:588} INFO - Filling up the DagBag from /opt/airflow/dags/my_tasks.py
[2026-07-24T06:12:49.039+0000] {processor.py:925} INFO - DAG(s) 'my_dag' retrieved from /opt/airflow/dags/my_tasks.py
[2026-07-24T06:12:49.058+0000] {logging_mixin.py:190} INFO - [2026-07-24T06:12:49.057+0000] {dag.py:3239} INFO - Sync 1 DAGs
[2026-07-24T06:12:49.073+0000] {logging_mixin.py:190} INFO - [2026-07-24T06:12:49.073+0000] {dag.py:4180} INFO - Setting next_dagrun for my_dag to None, run_after=None
[2026-07-24T06:12:49.086+0000] {processor.py:208} INFO - Processing /opt/airflow/dags/my_tasks.py took 0.071 seconds
[2026-07-24T06:13:19.293+0000] {processor.py:186} INFO - Started process (PID=1686) to work on /opt/airflow/dags/my_tasks.py
[2026-07-24T06:13:19.293+0000] {processor.py:914} INFO - Processing file /opt/airflow/dags/my_tasks.py for tasks to queue
[2026-07-24T06:13:19.295+0000] {logging_mixin.py:190} INFO - [2026-07-24T06:13:19.294+0000] {dagbag.py:588} INFO - Filling up the DagBag from /opt/airflow/dags/my_tasks.py
[2026-07-24T06:13:19.301+0000] {processor.py:925} INFO - DAG(s) 'my_dag' retrieved from /opt/airflow/dags/my_tasks.py
[2026-07-24T06:13:19.318+0000] {logging_mixin.py:190} INFO - [2026-07-24T06:13:19.318+0000] {dag.py:3239} INFO - Sync 1 DAGs
[2026-07-24T06:13:19.332+0000] {logging_mixin.py:190} INFO - [2026-07-24T06:13:19.332+0000] {dag.py:4180} INFO - Setting next_dagrun for my_dag to None, run_after=None
[2026-07-24T06:13:19.347+0000] {processor.py:208} INFO - Processing /opt/airflow/dags/my_tasks.py took 0.058 seconds
[2026-07-24T06:13:49.579+0000] {processor.py:186} INFO - Started process (PID=1697) to work on /opt/airflow/dags/my_tasks.py
[2026-07-24T06:13:49.587+0000] {processor.py:914} INFO - Processing file /opt/airflow/dags/my_tasks.py for tasks to queue
[2026-07-24T06:13:49.590+0000] {logging_mixin.py:190} INFO - [2026-07-24T06:13:49.589+0000] {dagbag.py:588} INFO - Filling up the DagBag from /opt/airflow/dags/my_tasks.py
[2026-07-24T06:13:49.598+0000] {processor.py:925} INFO - DAG(s) 'my_dag' retrieved from /opt/airflow/dags/my_tasks.py
[2026-07-24T06:13:49.619+0000] {logging_mixin.py:190} INFO - [2026-07-24T06:13:49.619+0000] {dag.py:3239} INFO - Sync 1 DAGs
[2026-07-24T06:13:49.634+0000] {logging_mixin.py:190} INFO - [2026-07-24T06:13:49.634+0000] {dag.py:4180} INFO - Setting next_dagrun for my_dag to None, run_after=None
[2026-07-24T06:13:49.649+0000] {processor.py:208} INFO - Processing /opt/airflow/dags/my_tasks.py took 0.075 seconds
[2026-07-24T06:14:19.846+0000] {processor.py:186} INFO - Started process (PID=1708) to work on /opt/airflow/dags/my_tasks.py
[2026-07-24T06:14:19.854+0000] {processor.py:914} INFO - Processing file /opt/airflow/dags/my_tasks.py for tasks to queue
[2026-07-24T06:14:19.856+0000] {logging_mixin.py:190} INFO - [2026-07-24T06:14:19.855+0000] {dagbag.py:588} INFO - Filling up the DagBag from /opt/airflow/dags/my_tasks.py
[2026-07-24T06:14:19.865+0000] {processor.py:925} INFO - DAG(s) 'my_dag' retrieved from /opt/airflow/dags/my_tasks.py
[2026-07-24T06:14:19.882+0000] {logging_mixin.py:190} INFO - [2026-07-24T06:14:19.882+0000] {dag.py:3239} INFO - Sync 1 DAGs
[2026-07-24T06:14:19.898+0000] {logging_mixin.py:190} INFO - [2026-07-24T06:14:19.898+0000] {dag.py:4180} INFO - Setting next_dagrun for my_dag to None, run_after=None
[2026-07-24T06:14:19.913+0000] {processor.py:208} INFO - Processing /opt/airflow/dags/my_tasks.py took 0.072 seconds
[2026-07-24T06:14:50.131+0000] {processor.py:186} INFO - Started process (PID=1719) to work on /opt/airflow/dags/my_tasks.py
[2026-07-24T06:14:50.139+0000] {processor.py:914} INFO - Processing file /opt/airflow/dags/my_tasks.py for tasks to queue
[2026-07-24T06:14:50.141+0000] {logging_mixin.py:190} INFO - [2026-07-24T06:14:50.140+0000] {dagbag.py:588} INFO - Filling up the DagBag from /opt/airflow/dags/my_tasks.py
[2026-07-24T06:14:50.147+0000] {processor.py:925} INFO - DAG(s) 'my_dag' retrieved from /opt/airflow/dags/my_tasks.py
[2026-07-24T06:14:50.164+0000] {logging_mixin.py:190} INFO - [2026-07-24T06:14:50.164+0000] {dag.py:3239} INFO - Sync 1 DAGs
[2026-07-24T06:14:50.179+0000] {logging_mixin.py:190} INFO - [2026-07-24T06:14:50.179+0000] {dag.py:4180} INFO - Setting next_dagrun for my_dag to None, run_after=None
[2026-07-24T06:14:50.193+0000] {processor.py:208} INFO - Processing /opt/airflow/dags/my_tasks.py took 0.066 seconds
[2026-07-24T06:15:20.407+0000] {processor.py:186} INFO - Started process (PID=1730) to work on /opt/airflow/dags/my_tasks.py
[2026-07-24T06:15:20.415+0000] {processor.py:914} INFO - Processing file /opt/airflow/dags/my_tasks.py for tasks to queue
[2026-07-24T06:15:20.417+0000] {logging_mixin.py:190} INFO - [2026-07-24T06:15:20.417+0000] {dagbag.py:588} INFO - Filling up the DagBag from /opt/airflow/dags/my_tasks.py
[2026-07-24T06:15:20.423+0000] {processor.py:925} INFO - DAG(s) 'my_dag' retrieved from /opt/airflow/dags/my_tasks.py
[2026-07-24T06:15:20.440+0000] {logging_mixin.py:190} INFO - [2026-07-24T06:15:20.440+0000] {dag.py:3239} INFO - Sync 1 DAGs
[2026-07-24T06:15:20.455+0000] {logging_mixin.py:190} INFO - [2026-07-24T06:15:20.455+0000] {dag.py:4180} INFO - Setting next_dagrun for my_dag to None, run_after=None
[2026-07-24T06:15:20.469+0000] {processor.py:208} INFO - Processing /opt/airflow/dags/my_tasks.py took 0.066 seconds
[2026-07-24T06:15:50.670+0000] {processor.py:186} INFO - Started process (PID=1741) to work on /opt/airflow/dags/my_tasks.py
[2026-07-24T06:15:50.678+0000] {processor.py:914} INFO - Processing file /opt/airflow/dags/my_tasks.py for tasks to queue
[2026-07-24T06:15:50.679+0000] {logging_mixin.py:190} INFO - [2026-07-24T06:15:50.679+0000] {dagbag.py:588} INFO - Filling up the DagBag from /opt/airflow/dags/my_tasks.py
[2026-07-24T06:15:50.689+0000] {processor.py:925} INFO - DAG(s) 'my_dag' retrieved from /opt/airflow/dags/my_tasks.py
[2026-07-24T06:15:50.706+0000] {logging_mixin.py:190} INFO - [2026-07-24T06:15:50.706+0000] {dag.py:3239} INFO - Sync 1 DAGs
[2026-07-24T06:15:50.722+0000] {logging_mixin.py:190} INFO - [2026-07-24T06:15:50.721+0000] {dag.py:4180} INFO - Setting next_dagrun for my_dag to None, run_after=None
[2026-07-24T06:15:50.734+0000] {processor.py:208} INFO - Processing /opt/airflow/dags/my_tasks.py took 0.069 seconds
[2026-07-24T06:16:20.950+0000] {processor.py:186} INFO - Started process (PID=1752) to work on /opt/airflow/dags/my_tasks.py
[2026-07-24T06:16:20.951+0000] {processor.py:914} INFO - Processing file /opt/airflow/dags/my_tasks.py for tasks to queue
[2026-07-24T06:16:20.952+0000] {logging_mixin.py:190} INFO - [2026-07-24T06:16:20.952+0000] {dagbag.py:588} INFO - Filling up the DagBag from /opt/airflow/dags/my_tasks.py
[2026-07-24T06:16:20.959+0000] {processor.py:925} INFO - DAG(s) 'my_dag' retrieved from /opt/airflow/dags/my_tasks.py
[2026-07-24T06:16:20.976+0000] {logging_mixin.py:190} INFO - [2026-07-24T06:16:20.975+0000] {dag.py:3239} INFO - Sync 1 DAGs
[2026-07-24T06:16:20.991+0000] {logging_mixin.py:190} INFO - [2026-07-24T06:16:20.990+0000] {dag.py:4180} INFO - Setting next_dagrun for my_dag to None, run_after=None
[2026-07-24T06:16:21.004+0000] {processor.py:208} INFO - Processing /opt/airflow/dags/my_tasks.py took 0.058 seconds
[2026-07-24T06:16:51.235+0000] {processor.py:186} INFO - Started process (PID=1763) to work on /opt/airflow/dags/my_tasks.py
[2026-07-24T06:16:51.239+0000] {processor.py:914} INFO - Processing file /opt/airflow/dags/my_tasks.py for tasks to queue
[2026-07-24T06:16:51.241+0000] {logging_mixin.py:190} INFO - [2026-07-24T06:16:51.241+0000] {dagbag.py:588} INFO - Filling up the DagBag from /opt/airflow/dags/my_tasks.py
[2026-07-24T06:16:51.250+0000] {processor.py:925} INFO - DAG(s) 'my_dag' retrieved from /opt/airflow/dags/my_tasks.py
[2026-07-24T06:16:51.267+0000] {logging_mixin.py:190} INFO - [2026-07-24T06:16:51.267+0000] {dag.py:3239} INFO - Sync 1 DAGs
[2026-07-24T06:16:51.282+0000] {logging_mixin.py:190} INFO - [2026-07-24T06:16:51.282+0000] {dag.py:4180} INFO - Setting next_dagrun for my_dag to None, run_after=None
[2026-07-24T06:16:51.296+0000] {processor.py:208} INFO - Processing /opt/airflow/dags/my_tasks.py took 0.065 seconds
[2026-07-24T06:17:21.511+0000] {processor.py:186} INFO - Started process (PID=1774) to work on /opt/airflow/dags/my_tasks.py
[2026-07-24T06:17:21.519+0000] {processor.py:914} INFO - Processing file /opt/airflow/dags/my_tasks.py for tasks to queue
[2026-07-24T06:17:21.520+0000] {logging_mixin.py:190} INFO - [2026-07-24T06:17:21.520+0000] {dagbag.py:588} INFO - Filling up the DagBag from /opt/airflow/dags/my_tasks.py
[2026-07-24T06:17:21.526+0000] {processor.py:925} INFO - DAG(s) 'my_dag' retrieved from /opt/airflow/dags/my_tasks.py
[2026-07-24T06:17:21.546+0000] {logging_mixin.py:190} INFO - [2026-07-24T06:17:21.545+0000] {dag.py:3239} INFO - Sync 1 DAGs
[2026-07-24T06:17:21.561+0000] {logging_mixin.py:190} INFO - [2026-07-24T06:17:21.561+0000] {dag.py:4180} INFO - Setting next_dagrun for my_dag to None, run_after=None
[2026-07-24T06:17:21.576+0000] {processor.py:208} INFO - Processing /opt/airflow/dags/my_tasks.py took 0.069 seconds
[2026-07-24T06:17:51.808+0000] {processor.py:186} INFO - Started process (PID=1785) to work on /opt/airflow/dags/my_tasks.py
[2026-07-24T06:17:51.808+0000] {processor.py:914} INFO - Processing file /opt/airflow/dags/my_tasks.py for tasks to queue
[2026-07-24T06:17:51.810+0000] {logging_mixin.py:190} INFO - [2026-07-24T06:17:51.810+0000] {dagbag.py:588} INFO - Filling up the DagBag from /opt/airflow/dags/my_tasks.py
[2026-07-24T06:17:51.817+0000] {processor.py:925} INFO - DAG(s) 'my_dag' retrieved from /opt/airflow/dags/my_tasks.py
[2026-07-24T06:17:51.834+0000] {logging_mixin.py:190} INFO - [2026-07-24T06:17:51.834+0000] {dag.py:3239} INFO - Sync 1 DAGs
[2026-07-24T06:17:51.850+0000] {logging_mixin.py:190} INFO - [2026-07-24T06:17:51.850+0000] {dag.py:4180} INFO - Setting next_dagrun for my_dag to None, run_after=None
[2026-07-24T06:17:51.865+0000] {processor.py:208} INFO - Processing /opt/airflow/dags/my_tasks.py took 0.061 seconds
[2026-07-24T06:18:22.058+0000] {processor.py:186} INFO - Started process (PID=1796) to work on /opt/airflow/dags/my_tasks.py
[2026-07-24T06:18:22.066+0000] {processor.py:914} INFO - Processing file /opt/airflow/dags/my_tasks.py for tasks to queue
[2026-07-24T06:18:22.068+0000] {logging_mixin.py:190} INFO - [2026-07-24T06:18:22.068+0000] {dagbag.py:588} INFO - Filling up the DagBag from /opt/airflow/dags/my_tasks.py
[2026-07-24T06:18:22.077+0000] {processor.py:925} INFO - DAG(s) 'my_dag' retrieved from /opt/airflow/dags/my_tasks.py
[2026-07-24T06:18:22.096+0000] {logging_mixin.py:190} INFO - [2026-07-24T06:18:22.096+0000] {dag.py:3239} INFO - Sync 1 DAGs
[2026-07-24T06:18:22.112+0000] {logging_mixin.py:190} INFO - [2026-07-24T06:18:22.111+0000] {dag.py:4180} INFO - Setting next_dagrun for my_dag to None, run_after=None
[2026-07-24T06:18:22.125+0000] {processor.py:208} INFO - Processing /opt/airflow/dags/my_tasks.py took 0.072 seconds
[2026-07-24T06:18:52.327+0000] {processor.py:186} INFO - Started process (PID=1807) to work on /opt/airflow/dags/my_tasks.py
[2026-07-24T06:18:52.327+0000] {processor.py:914} INFO - Processing file /opt/airflow/dags/my_tasks.py for tasks to queue
[2026-07-24T06:18:52.328+0000] {logging_mixin.py:190} INFO - [2026-07-24T06:18:52.328+0000] {dagbag.py:588} INFO - Filling up the DagBag from /opt/airflow/dags/my_tasks.py
[2026-07-24T06:18:52.336+0000] {processor.py:925} INFO - DAG(s) 'my_dag' retrieved from /opt/airflow/dags/my_tasks.py
[2026-07-24T06:18:52.355+0000] {logging_mixin.py:190} INFO - [2026-07-24T06:18:52.355+0000] {dag.py:3239} INFO - Sync 1 DAGs
[2026-07-24T06:18:52.371+0000] {logging_mixin.py:190} INFO - [2026-07-24T06:18:52.371+0000] {dag.py:4180} INFO - Setting next_dagrun for my_dag to None, run_after=None
[2026-07-24T06:18:52.385+0000] {processor.py:208} INFO - Processing /opt/airflow/dags/my_tasks.py took 0.062 seconds
[2026-07-24T06:19:22.604+0000] {processor.py:186} INFO - Started process (PID=1818) to work on /opt/airflow/dags/my_tasks.py
[2026-07-24T06:19:22.612+0000] {processor.py:914} INFO - Processing file /opt/airflow/dags/my_tasks.py for tasks to queue
[2026-07-24T06:19:22.615+0000] {logging_mixin.py:190} INFO - [2026-07-24T06:19:22.615+0000] {dagbag.py:588} INFO - Filling up the DagBag from /opt/airflow/dags/my_tasks.py
[2026-07-24T06:19:22.626+0000] {processor.py:925} INFO - DAG(s) 'my_dag' retrieved from /opt/airflow/dags/my_tasks.py
[2026-07-24T06:19:22.643+0000] {logging_mixin.py:190} INFO - [2026-07-24T06:19:22.643+0000] {dag.py:3239} INFO - Sync 1 DAGs
[2026-07-24T06:19:22.660+0000] {logging_mixin.py:190} INFO - [2026-07-24T06:19:22.660+0000] {dag.py:4180} INFO - Setting next_dagrun for my_dag to None, run_after=None
[2026-07-24T06:19:22.675+0000] {processor.py:208} INFO - Processing /opt/airflow/dags/my_tasks.py took 0.075 seconds
[2026-07-24T06:19:52.891+0000] {processor.py:186} INFO - Started process (PID=1829) to work on /opt/airflow/dags/my_tasks.py
[2026-07-24T06:19:52.892+0000] {processor.py:914} INFO - Processing file /opt/airflow/dags/my_tasks.py for tasks to queue
[2026-07-24T06:19:52.893+0000] {logging_mixin.py:190} INFO - [2026-07-24T06:19:52.893+0000] {dagbag.py:588} INFO - Filling up the DagBag from /opt/airflow/dags/my_tasks.py
[2026-07-24T06:19:52.900+0000] {processor.py:925} INFO - DAG(s) 'my_dag' retrieved from /opt/airflow/dags/my_tasks.py
[2026-07-24T06:19:52.916+0000] {logging_mixin.py:190} INFO - [2026-07-24T06:19:52.916+0000] {dag.py:3239} INFO - Sync 1 DAGs
[2026-07-24T06:19:52.931+0000] {logging_mixin.py:190} INFO - [2026-07-24T06:19:52.931+0000] {dag.py:4180} INFO - Setting next_dagrun for my_dag to None, run_after=None
[2026-07-24T06:19:52.946+0000] {processor.py:208} INFO - Processing /opt/airflow/dags/my_tasks.py took 0.059 seconds
[2026-07-24T06:20:23.168+0000] {processor.py:186} INFO - Started process (PID=1840) to work on /opt/airflow/dags/my_tasks.py
[2026-07-24T06:20:23.176+0000] {processor.py:914} INFO - Processing file /opt/airflow/dags/my_tasks.py for tasks to queue
[2026-07-24T06:20:23.178+0000] {logging_mixin.py:190} INFO - [2026-07-24T06:20:23.178+0000] {dagbag.py:588} INFO - Filling up the DagBag from /opt/airflow/dags/my_tasks.py
[2026-07-24T06:20:23.188+0000] {processor.py:925} INFO - DAG(s) 'my_dag' retrieved from /opt/airflow/dags/my_tasks.py
[2026-07-24T06:20:23.204+0000] {logging_mixin.py:190} INFO - [2026-07-24T06:20:23.204+0000] {dag.py:3239} INFO - Sync 1 DAGs
[2026-07-24T06:20:23.219+0000] {logging_mixin.py:190} INFO - [2026-07-24T06:20:23.219+0000] {dag.py:4180} INFO - Setting next_dagrun for my_dag to None, run_after=None
[2026-07-24T06:20:23.233+0000] {processor.py:208} INFO - Processing /opt/airflow/dags/my_tasks.py took 0.069 seconds
[2026-07-24T06:20:53.421+0000] {processor.py:186} INFO - Started process (PID=1851) to work on /opt/airflow/dags/my_tasks.py
[2026-07-24T06:20:53.428+0000] {processor.py:914} INFO - Processing file /opt/airflow/dags/my_tasks.py for tasks to queue
[2026-07-24T06:20:53.431+0000] {logging_mixin.py:190} INFO - [2026-07-24T06:20:53.430+0000] {dagbag.py:588} INFO - Filling up the DagBag from /opt/airflow/dags/my_tasks.py
[2026-07-24T06:20:53.441+0000] {processor.py:925} INFO - DAG(s) 'my_dag' retrieved from /opt/airflow/dags/my_tasks.py
[2026-07-24T06:20:53.457+0000] {logging_mixin.py:190} INFO - [2026-07-24T06:20:53.457+0000] {dag.py:3239} INFO - Sync 1 DAGs
[2026-07-24T06:20:53.472+0000] {logging_mixin.py:190} INFO - [2026-07-24T06:20:53.472+0000] {dag.py:4180} INFO - Setting next_dagrun for my_dag to None, run_after=None
[2026-07-24T06:20:53.490+0000] {processor.py:208} INFO - Processing /opt/airflow/dags/my_tasks.py took 0.073 seconds
[2026-07-24T06:21:23.720+0000] {processor.py:186} INFO - Started process (PID=1862) to work on /opt/airflow/dags/my_tasks.py
[2026-07-24T06:21:23.725+0000] {processor.py:914} INFO - Processing file /opt/airflow/dags/my_tasks.py for tasks to queue
[2026-07-24T06:21:23.727+0000] {logging_mixin.py:190} INFO - [2026-07-24T06:21:23.726+0000] {dagbag.py:588} INFO - Filling up the DagBag from /opt/airflow/dags/my_tasks.py
[2026-07-24T06:21:23.736+0000] {processor.py:925} INFO - DAG(s) 'my_dag' retrieved from /opt/airflow/dags/my_tasks.py
[2026-07-24T06:21:23.753+0000] {logging_mixin.py:190} INFO - [2026-07-24T06:21:23.753+0000] {dag.py:3239} INFO - Sync 1 DAGs
[2026-07-24T06:21:23.768+0000] {logging_mixin.py:190} INFO - [2026-07-24T06:21:23.768+0000] {dag.py:4180} INFO - Setting next_dagrun for my_dag to None, run_after=None
[2026-07-24T06:21:23.782+0000] {processor.py:208} INFO - Processing /opt/airflow/dags/my_tasks.py took 0.066 seconds
[2026-07-24T06:21:53.998+0000] {processor.py:186} INFO - Started process (PID=1873) to work on /opt/airflow/dags/my_tasks.py
[2026-07-24T06:21:54.006+0000] {processor.py:914} INFO - Processing file /opt/airflow/dags/my_tasks.py for tasks to queue
[2026-07-24T06:21:54.008+0000] {logging_mixin.py:190} INFO - [2026-07-24T06:21:54.007+0000] {dagbag.py:588} INFO - Filling up the DagBag from /opt/airflow/dags/my_tasks.py
[2026-07-24T06:21:54.019+0000] {processor.py:925} INFO - DAG(s) 'my_dag' retrieved from /opt/airflow/dags/my_tasks.py
[2026-07-24T06:21:54.036+0000] {logging_mixin.py:190} INFO - [2026-07-24T06:21:54.036+0000] {dag.py:3239} INFO - Sync 1 DAGs
[2026-07-24T06:21:54.052+0000] {logging_mixin.py:190} INFO - [2026-07-24T06:21:54.051+0000] {dag.py:4180} INFO - Setting next_dagrun for my_dag to None, run_after=None
[2026-07-24T06:21:54.065+0000] {processor.py:208} INFO - Processing /opt/airflow/dags/my_tasks.py took 0.071 seconds
[2026-07-24T06:22:24.289+0000] {processor.py:186} INFO - Started process (PID=1884) to work on /opt/airflow/dags/my_tasks.py
[2026-07-24T06:22:24.290+0000] {processor.py:914} INFO - Processing file /opt/airflow/dags/my_tasks.py for tasks to queue
[2026-07-24T06:22:24.291+0000] {logging_mixin.py:190} INFO - [2026-07-24T06:22:24.291+0000] {dagbag.py:588} INFO - Filling up the DagBag from /opt/airflow/dags/my_tasks.py
[2026-07-24T06:22:24.297+0000] {processor.py:925} INFO - DAG(s) 'my_dag' retrieved from /opt/airflow/dags/my_tasks.py
[2026-07-24T06:22:24.314+0000] {logging_mixin.py:190} INFO - [2026-07-24T06:22:24.314+0000] {dag.py:3239} INFO - Sync 1 DAGs
[2026-07-24T06:22:24.329+0000] {logging_mixin.py:190} INFO - [2026-07-24T06:22:24.329+0000] {dag.py:4180} INFO - Setting next_dagrun for my_dag to None, run_after=None
[2026-07-24T06:22:24.347+0000] {processor.py:208} INFO - Processing /opt/airflow/dags/my_tasks.py took 0.062 seconds
[2026-07-24T06:22:54.553+0000] {processor.py:186} INFO - Started process (PID=1901) to work on /opt/airflow/dags/my_tasks.py
[2026-07-24T06:22:54.561+0000] {processor.py:914} INFO - Processing file /opt/airflow/dags/my_tasks.py for tasks to queue
[2026-07-24T06:22:54.563+0000] {logging_mixin.py:190} INFO - [2026-07-24T06:22:54.563+0000] {dagbag.py:588} INFO - Filling up the DagBag from /opt/airflow/dags/my_tasks.py
[2026-07-24T06:22:54.570+0000] {processor.py:925} INFO - DAG(s) 'my_dag' retrieved from /opt/airflow/dags/my_tasks.py
[2026-07-24T06:22:54.588+0000] {logging_mixin.py:190} INFO - [2026-07-24T06:22:54.588+0000] {dag.py:3239} INFO - Sync 1 DAGs
[2026-07-24T06:22:54.603+0000] {logging_mixin.py:190} INFO - [2026-07-24T06:22:54.603+0000] {dag.py:4180} INFO - Setting next_dagrun for my_dag to None, run_after=None
[2026-07-24T06:22:54.617+0000] {processor.py:208} INFO - Processing /opt/airflow/dags/my_tasks.py took 0.068 seconds
[2026-07-24T06:23:24.821+0000] {processor.py:186} INFO - Started process (PID=1912) to work on /opt/airflow/dags/my_tasks.py
[2026-07-24T06:23:24.829+0000] {processor.py:914} INFO - Processing file /opt/airflow/dags/my_tasks.py for tasks to queue
[2026-07-24T06:23:24.831+0000] {logging_mixin.py:190} INFO - [2026-07-24T06:23:24.831+0000] {dagbag.py:588} INFO - Filling up the DagBag from /opt/airflow/dags/my_tasks.py
[2026-07-24T06:23:24.837+0000] {processor.py:925} INFO - DAG(s) 'my_dag' retrieved from /opt/airflow/dags/my_tasks.py
[2026-07-24T06:23:24.856+0000] {logging_mixin.py:190} INFO - [2026-07-24T06:23:24.856+0000] {dag.py:3239} INFO - Sync 1 DAGs
[2026-07-24T06:23:24.872+0000] {logging_mixin.py:190} INFO - [2026-07-24T06:23:24.872+0000] {dag.py:4180} INFO - Setting next_dagrun for my_dag to None, run_after=None
[2026-07-24T06:23:24.886+0000] {processor.py:208} INFO - Processing /opt/airflow/dags/my_tasks.py took 0.069 seconds
[2026-07-24T06:23:55.095+0000] {processor.py:186} INFO - Started process (PID=1923) to work on /opt/airflow/dags/my_tasks.py
[2026-07-24T06:23:55.103+0000] {processor.py:914} INFO - Processing file /opt/airflow/dags/my_tasks.py for tasks to queue
[2026-07-24T06:23:55.105+0000] {logging_mixin.py:190} INFO - [2026-07-24T06:23:55.105+0000] {dagbag.py:588} INFO - Filling up the DagBag from /opt/airflow/dags/my_tasks.py
[2026-07-24T06:23:55.115+0000] {processor.py:925} INFO - DAG(s) 'my_dag' retrieved from /opt/airflow/dags/my_tasks.py
[2026-07-24T06:23:55.132+0000] {logging_mixin.py:190} INFO - [2026-07-24T06:23:55.132+0000] {dag.py:3239} INFO - Sync 1 DAGs
[2026-07-24T06:23:55.148+0000] {logging_mixin.py:190} INFO - [2026-07-24T06:23:55.148+0000] {dag.py:4180} INFO - Setting next_dagrun for my_dag to None, run_after=None
[2026-07-24T06:23:55.161+0000] {processor.py:208} INFO - Processing /opt/airflow/dags/my_tasks.py took 0.070 seconds
[2026-07-24T06:24:25.386+0000] {processor.py:186} INFO - Started process (PID=1934) to work on /opt/airflow/dags/my_tasks.py
[2026-07-24T06:24:25.386+0000] {processor.py:914} INFO - Processing file /opt/airflow/dags/my_tasks.py for tasks to queue
[2026-07-24T06:24:25.388+0000] {logging_mixin.py:190} INFO - [2026-07-24T06:24:25.387+0000] {dagbag.py:588} INFO - Filling up the DagBag from /opt/airflow/dags/my_tasks.py
[2026-07-24T06:24:25.394+0000] {processor.py:925} INFO - DAG(s) 'my_dag' retrieved from /opt/airflow/dags/my_tasks.py
[2026-07-24T06:24:25.411+0000] {logging_mixin.py:190} INFO - [2026-07-24T06:24:25.411+0000] {dag.py:3239} INFO - Sync 1 DAGs
[2026-07-24T06:24:25.426+0000] {logging_mixin.py:190} INFO - [2026-07-24T06:24:25.425+0000] {dag.py:4180} INFO - Setting next_dagrun for my_dag to None, run_after=None
[2026-07-24T06:24:25.439+0000] {processor.py:208} INFO - Processing /opt/airflow/dags/my_tasks.py took 0.058 seconds
[2026-07-24T06:24:55.676+0000] {processor.py:186} INFO - Started process (PID=1945) to work on /opt/airflow/dags/my_tasks.py
[2026-07-24T06:24:55.676+0000] {processor.py:914} INFO - Processing file /opt/airflow/dags/my_tasks.py for tasks to queue
[2026-07-24T06:24:55.678+0000] {logging_mixin.py:190} INFO - [2026-07-24T06:24:55.678+0000] {dagbag.py:588} INFO - Filling up the DagBag from /opt/airflow/dags/my_tasks.py
[2026-07-24T06:24:55.684+0000] {processor.py:925} INFO - DAG(s) 'my_dag' retrieved from /opt/airflow/dags/my_tasks.py
[2026-07-24T06:24:55.701+0000] {logging_mixin.py:190} INFO - [2026-07-24T06:24:55.701+0000] {dag.py:3239} INFO - Sync 1 DAGs
[2026-07-24T06:24:55.716+0000] {logging_mixin.py:190} INFO - [2026-07-24T06:24:55.715+0000] {dag.py:4180} INFO - Setting next_dagrun for my_dag to None, run_after=None
[2026-07-24T06:24:55.730+0000] {processor.py:208} INFO - Processing /opt/airflow/dags/my_tasks.py took 0.058 seconds
[2026-07-24T06:25:25.943+0000] {processor.py:186} INFO - Started process (PID=1956) to work on /opt/airflow/dags/my_tasks.py
[2026-07-24T06:25:25.943+0000] {processor.py:914} INFO - Processing file /opt/airflow/dags/my_tasks.py for tasks to queue
[2026-07-24T06:25:25.945+0000] {logging_mixin.py:190} INFO - [2026-07-24T06:25:25.944+0000] {dagbag.py:588} INFO - Filling up the DagBag from /opt/airflow/dags/my_tasks.py
[2026-07-24T06:25:25.951+0000] {processor.py:925} INFO - DAG(s) 'my_dag' retrieved from /opt/airflow/dags/my_tasks.py
[2026-07-24T06:25:25.970+0000] {logging_mixin.py:190} INFO - [2026-07-24T06:25:25.970+0000] {dag.py:3239} INFO - Sync 1 DAGs
[2026-07-24T06:25:25.986+0000] {logging_mixin.py:190} INFO - [2026-07-24T06:25:25.986+0000] {dag.py:4180} INFO - Setting next_dagrun for my_dag to None, run_after=None
[2026-07-24T06:25:26.001+0000] {processor.py:208} INFO - Processing /opt/airflow/dags/my_tasks.py took 0.062 seconds
[2026-07-24T06:25:56.224+0000] {processor.py:186} INFO - Started process (PID=1967) to work on /opt/airflow/dags/my_tasks.py
[2026-07-24T06:25:56.232+0000] {processor.py:914} INFO - Processing file /opt/airflow/dags/my_tasks.py for tasks to queue
[2026-07-24T06:25:56.233+0000] {logging_mixin.py:190} INFO - [2026-07-24T06:25:56.233+0000] {dagbag.py:588} INFO - Filling up the DagBag from /opt/airflow/dags/my_tasks.py
[2026-07-24T06:25:56.241+0000] {processor.py:925} INFO - DAG(s) 'my_dag' retrieved from /opt/airflow/dags/my_tasks.py
[2026-07-24T06:25:56.260+0000] {logging_mixin.py:190} INFO - [2026-07-24T06:25:56.260+0000] {dag.py:3239} INFO - Sync 1 DAGs
[2026-07-24T06:25:56.276+0000] {logging_mixin.py:190} INFO - [2026-07-24T06:25:56.276+0000] {dag.py:4180} INFO - Setting next_dagrun for my_dag to None, run_after=None
[2026-07-24T06:25:56.296+0000] {processor.py:208} INFO - Processing /opt/airflow/dags/my_tasks.py took 0.076 seconds
[2026-07-24T06:26:26.505+0000] {processor.py:186} INFO - Started process (PID=1978) to work on /opt/airflow/dags/my_tasks.py
[2026-07-24T06:26:26.509+0000] {processor.py:914} INFO - Processing file /opt/airflow/dags/my_tasks.py for tasks to queue
[2026-07-24T06:26:26.512+0000] {logging_mixin.py:190} INFO - [2026-07-24T06:26:26.511+0000] {dagbag.py:588} INFO - Filling up the DagBag from /opt/airflow/dags/my_tasks.py
[2026-07-24T06:26:26.520+0000] {processor.py:925} INFO - DAG(s) 'my_dag' retrieved from /opt/airflow/dags/my_tasks.py
[2026-07-24T06:26:26.537+0000] {logging_mixin.py:190} INFO - [2026-07-24T06:26:26.537+0000] {dag.py:3239} INFO - Sync 1 DAGs
[2026-07-24T06:26:26.554+0000] {logging_mixin.py:190} INFO - [2026-07-24T06:26:26.553+0000] {dag.py:4180} INFO - Setting next_dagrun for my_dag to None, run_after=None
[2026-07-24T06:26:26.573+0000] {processor.py:208} INFO - Processing /opt/airflow/dags/my_tasks.py took 0.073 seconds
[2026-07-24T06:26:56.787+0000] {processor.py:186} INFO - Started process (PID=1989) to work on /opt/airflow/dags/my_tasks.py
[2026-07-24T06:26:56.795+0000] {processor.py:914} INFO - Processing file /opt/airflow/dags/my_tasks.py for tasks to queue
[2026-07-24T06:26:56.798+0000] {logging_mixin.py:190} INFO - [2026-07-24T06:26:56.797+0000] {dagbag.py:588} INFO - Filling up the DagBag from /opt/airflow/dags/my_tasks.py
[2026-07-24T06:26:56.808+0000] {processor.py:925} INFO - DAG(s) 'my_dag' retrieved from /opt/airflow/dags/my_tasks.py
[2026-07-24T06:26:56.828+0000] {logging_mixin.py:190} INFO - [2026-07-24T06:26:56.828+0000] {dag.py:3239} INFO - Sync 1 DAGs
[2026-07-24T06:26:56.845+0000] {logging_mixin.py:190} INFO - [2026-07-24T06:26:56.845+0000] {dag.py:4180} INFO - Setting next_dagrun for my_dag to None, run_after=None
[2026-07-24T06:26:56.860+0000] {processor.py:208} INFO - Processing /opt/airflow/dags/my_tasks.py took 0.077 seconds
[2026-07-24T06:27:27.074+0000] {processor.py:186} INFO - Started process (PID=2000) to work on /opt/airflow/dags/my_tasks.py
[2026-07-24T06:27:27.082+0000] {processor.py:914} INFO - Processing file /opt/airflow/dags/my_tasks.py for tasks to queue
[2026-07-24T06:27:27.084+0000] {logging_mixin.py:190} INFO - [2026-07-24T06:27:27.084+0000] {dagbag.py:588} INFO - Filling up the DagBag from /opt/airflow/dags/my_tasks.py
[2026-07-24T06:27:27.094+0000] {processor.py:925} INFO - DAG(s) 'my_dag' retrieved from /opt/airflow/dags/my_tasks.py
[2026-07-24T06:27:27.112+0000] {logging_mixin.py:190} INFO - [2026-07-24T06:27:27.111+0000] {dag.py:3239} INFO - Sync 1 DAGs
[2026-07-24T06:27:27.128+0000] {logging_mixin.py:190} INFO - [2026-07-24T06:27:27.128+0000] {dag.py:4180} INFO - Setting next_dagrun for my_dag to None, run_after=None
[2026-07-24T06:27:27.141+0000] {processor.py:208} INFO - Processing /opt/airflow/dags/my_tasks.py took 0.071 seconds
[2026-07-24T06:27:57.360+0000] {processor.py:186} INFO - Started process (PID=2011) to work on /opt/airflow/dags/my_tasks.py
[2026-07-24T06:27:57.361+0000] {processor.py:914} INFO - Processing file /opt/airflow/dags/my_tasks.py for tasks to queue
[2026-07-24T06:27:57.363+0000] {logging_mixin.py:190} INFO - [2026-07-24T06:27:57.362+0000] {dagbag.py:588} INFO - Filling up the DagBag from /opt/airflow/dags/my_tasks.py
[2026-07-24T06:27:57.370+0000] {processor.py:925} INFO - DAG(s) 'my_dag' retrieved from /opt/airflow/dags/my_tasks.py
[2026-07-24T06:27:57.387+0000] {logging_mixin.py:190} INFO - [2026-07-24T06:27:57.386+0000] {dag.py:3239} INFO - Sync 1 DAGs
[2026-07-24T06:27:57.401+0000] {logging_mixin.py:190} INFO - [2026-07-24T06:27:57.401+0000] {dag.py:4180} INFO - Setting next_dagrun for my_dag to None, run_after=None
[2026-07-24T06:27:57.415+0000] {processor.py:208} INFO - Processing /opt/airflow/dags/my_tasks.py took 0.058 seconds
[2026-07-24T06:28:27.646+0000] {processor.py:186} INFO - Started process (PID=2022) to work on /opt/airflow/dags/my_tasks.py
[2026-07-24T06:28:27.646+0000] {processor.py:914} INFO - Processing file /opt/airflow/dags/my_tasks.py for tasks to queue
[2026-07-24T06:28:27.648+0000] {logging_mixin.py:190} INFO - [2026-07-24T06:28:27.648+0000] {dagbag.py:588} INFO - Filling up the DagBag from /opt/airflow/dags/my_tasks.py
[2026-07-24T06:28:27.655+0000] {processor.py:925} INFO - DAG(s) 'my_dag' retrieved from /opt/airflow/dags/my_tasks.py
[2026-07-24T06:28:27.672+0000] {logging_mixin.py:190} INFO - [2026-07-24T06:28:27.671+0000] {dag.py:3239} INFO - Sync 1 DAGs
[2026-07-24T06:28:27.687+0000] {logging_mixin.py:190} INFO - [2026-07-24T06:28:27.687+0000] {dag.py:4180} INFO - Setting next_dagrun for my_dag to None, run_after=None
[2026-07-24T06:28:27.700+0000] {processor.py:208} INFO - Processing /opt/airflow/dags/my_tasks.py took 0.058 seconds
[2026-07-24T06:28:57.887+0000] {processor.py:186} INFO - Started process (PID=2033) to work on /opt/airflow/dags/my_tasks.py
[2026-07-24T06:28:57.895+0000] {processor.py:914} INFO - Processing file /opt/airflow/dags/my_tasks.py for tasks to queue
[2026-07-24T06:28:57.897+0000] {logging_mixin.py:190} INFO - [2026-07-24T06:28:57.897+0000] {dagbag.py:588} INFO - Filling up the DagBag from /opt/airflow/dags/my_tasks.py
[2026-07-24T06:28:57.906+0000] {processor.py:925} INFO - DAG(s) 'my_dag' retrieved from /opt/airflow/dags/my_tasks.py
[2026-07-24T06:28:57.923+0000] {logging_mixin.py:190} INFO - [2026-07-24T06:28:57.922+0000] {dag.py:3239} INFO - Sync 1 DAGs
[2026-07-24T06:28:57.938+0000] {logging_mixin.py:190} INFO - [2026-07-24T06:28:57.937+0000] {dag.py:4180} INFO - Setting next_dagrun for my_dag to None, run_after=None
[2026-07-24T06:28:57.981+0000] {processor.py:208} INFO - Processing /opt/airflow/dags/my_tasks.py took 0.098 seconds
[2026-07-24T06:29:28.153+0000] {processor.py:186} INFO - Started process (PID=2044) to work on /opt/airflow/dags/my_tasks.py
[2026-07-24T06:29:28.154+0000] {processor.py:914} INFO - Processing file /opt/airflow/dags/my_tasks.py for tasks to queue
[2026-07-24T06:29:28.156+0000] {logging_mixin.py:190} INFO - [2026-07-24T06:29:28.155+0000] {dagbag.py:588} INFO - Filling up the DagBag from /opt/airflow/dags/my_tasks.py
[2026-07-24T06:29:28.164+0000] {processor.py:925} INFO - DAG(s) 'my_dag' retrieved from /opt/airflow/dags/my_tasks.py
[2026-07-24T06:29:28.180+0000] {logging_mixin.py:190} INFO - [2026-07-24T06:29:28.180+0000] {dag.py:3239} INFO - Sync 1 DAGs
[2026-07-24T06:29:28.196+0000] {logging_mixin.py:190} INFO - [2026-07-24T06:29:28.195+0000] {dag.py:4180} INFO - Setting next_dagrun for my_dag to None, run_after=None
[2026-07-24T06:29:28.210+0000] {processor.py:208} INFO - Processing /opt/airflow/dags/my_tasks.py took 0.062 seconds
[2026-07-24T06:29:58.452+0000] {processor.py:186} INFO - Started process (PID=2055) to work on /opt/airflow/dags/my_tasks.py
[2026-07-24T06:29:58.453+0000] {processor.py:914} INFO - Processing file /opt/airflow/dags/my_tasks.py for tasks to queue
[2026-07-24T06:29:58.454+0000] {logging_mixin.py:190} INFO - [2026-07-24T06:29:58.454+0000] {dagbag.py:588} INFO - Filling up the DagBag from /opt/airflow/dags/my_tasks.py
[2026-07-24T06:29:58.461+0000] {processor.py:925} INFO - DAG(s) 'my_dag' retrieved from /opt/airflow/dags/my_tasks.py
[2026-07-24T06:29:58.480+0000] {logging_mixin.py:190} INFO - [2026-07-24T06:29:58.480+0000] {dag.py:3239} INFO - Sync 1 DAGs
[2026-07-24T06:29:58.495+0000] {logging_mixin.py:190} INFO - [2026-07-24T06:29:58.495+0000] {dag.py:4180} INFO - Setting next_dagrun for my_dag to None, run_after=None
[2026-07-24T06:29:58.511+0000] {processor.py:208} INFO - Processing /opt/airflow/dags/my_tasks.py took 0.063 seconds
[2026-07-24T06:30:28.749+0000] {processor.py:186} INFO - Started process (PID=2066) to work on /opt/airflow/dags/my_tasks.py
[2026-07-24T06:30:28.757+0000] {processor.py:914} INFO - Processing file /opt/airflow/dags/my_tasks.py for tasks to queue
[2026-07-24T06:30:28.760+0000] {logging_mixin.py:190} INFO - [2026-07-24T06:30:28.759+0000] {dagbag.py:588} INFO - Filling up the DagBag from /opt/airflow/dags/my_tasks.py
[2026-07-24T06:30:28.769+0000] {processor.py:925} INFO - DAG(s) 'my_dag' retrieved from /opt/airflow/dags/my_tasks.py
[2026-07-24T06:30:28.786+0000] {logging_mixin.py:190} INFO - [2026-07-24T06:30:28.786+0000] {dag.py:3239} INFO - Sync 1 DAGs
[2026-07-24T06:30:28.801+0000] {logging_mixin.py:190} INFO - [2026-07-24T06:30:28.801+0000] {dag.py:4180} INFO - Setting next_dagrun for my_dag to None, run_after=None
[2026-07-24T06:30:28.815+0000] {processor.py:208} INFO - Processing /opt/airflow/dags/my_tasks.py took 0.070 seconds
[2026-07-24T06:30:59.000+0000] {processor.py:186} INFO - Started process (PID=2077) to work on /opt/airflow/dags/my_tasks.py
[2026-07-24T06:30:59.004+0000] {processor.py:914} INFO - Processing file /opt/airflow/dags/my_tasks.py for tasks to queue
[2026-07-24T06:30:59.006+0000] {logging_mixin.py:190} INFO - [2026-07-24T06:30:59.005+0000] {dagbag.py:588} INFO - Filling up the DagBag from /opt/airflow/dags/my_tasks.py
[2026-07-24T06:30:59.014+0000] {processor.py:925} INFO - DAG(s) 'my_dag' retrieved from /opt/airflow/dags/my_tasks.py
[2026-07-24T06:30:59.031+0000] {logging_mixin.py:190} INFO - [2026-07-24T06:30:59.031+0000] {dag.py:3239} INFO - Sync 1 DAGs
[2026-07-24T06:30:59.046+0000] {logging_mixin.py:190} INFO - [2026-07-24T06:30:59.046+0000] {dag.py:4180} INFO - Setting next_dagrun for my_dag to None, run_after=None
[2026-07-24T06:30:59.061+0000] {processor.py:208} INFO - Processing /opt/airflow/dags/my_tasks.py took 0.064 seconds
[2026-07-24T06:31:29.264+0000] {processor.py:186} INFO - Started process (PID=2088) to work on /opt/airflow/dags/my_tasks.py
[2026-07-24T06:31:29.264+0000] {processor.py:914} INFO - Processing file /opt/airflow/dags/my_tasks.py for tasks to queue
[2026-07-24T06:31:29.266+0000] {logging_mixin.py:190} INFO - [2026-07-24T06:31:29.265+0000] {dagbag.py:588} INFO - Filling up the DagBag from /opt/airflow/dags/my_tasks.py
[2026-07-24T06:31:29.272+0000] {processor.py:925} INFO - DAG(s) 'my_dag' retrieved from /opt/airflow/dags/my_tasks.py
[2026-07-24T06:31:29.289+0000] {logging_mixin.py:190} INFO - [2026-07-24T06:31:29.289+0000] {dag.py:3239} INFO - Sync 1 DAGs
[2026-07-24T06:31:29.304+0000] {logging_mixin.py:190} INFO - [2026-07-24T06:31:29.303+0000] {dag.py:4180} INFO - Setting next_dagrun for my_dag to None, run_after=None
[2026-07-24T06:31:29.318+0000] {processor.py:208} INFO - Processing /opt/airflow/dags/my_tasks.py took 0.058 seconds
[2026-07-24T06:31:59.548+0000] {processor.py:186} INFO - Started process (PID=2099) to work on /opt/airflow/dags/my_tasks.py
[2026-07-24T06:31:59.549+0000] {processor.py:914} INFO - Processing file /opt/airflow/dags/my_tasks.py for tasks to queue
[2026-07-24T06:31:59.551+0000] {logging_mixin.py:190} INFO - [2026-07-24T06:31:59.550+0000] {dagbag.py:588} INFO - Filling up the DagBag from /opt/airflow/dags/my_tasks.py
[2026-07-24T06:31:59.556+0000] {processor.py:925} INFO - DAG(s) 'my_dag' retrieved from /opt/airflow/dags/my_tasks.py
[2026-07-24T06:31:59.573+0000] {logging_mixin.py:190} INFO - [2026-07-24T06:31:59.573+0000] {dag.py:3239} INFO - Sync 1 DAGs
[2026-07-24T06:31:59.589+0000] {logging_mixin.py:190} INFO - [2026-07-24T06:31:59.588+0000] {dag.py:4180} INFO - Setting next_dagrun for my_dag to None, run_after=None
[2026-07-24T06:31:59.603+0000] {processor.py:208} INFO - Processing /opt/airflow/dags/my_tasks.py took 0.059 seconds
[2026-07-24T06:32:29.836+0000] {processor.py:186} INFO - Started process (PID=2110) to work on /opt/airflow/dags/my_tasks.py
[2026-07-24T06:32:29.840+0000] {processor.py:914} INFO - Processing file /opt/airflow/dags/my_tasks.py for tasks to queue
[2026-07-24T06:32:29.842+0000] {logging_mixin.py:190} INFO - [2026-07-24T06:32:29.841+0000] {dagbag.py:588} INFO - Filling up the DagBag from /opt/airflow/dags/my_tasks.py
[2026-07-24T06:32:29.851+0000] {processor.py:925} INFO - DAG(s) 'my_dag' retrieved from /opt/airflow/dags/my_tasks.py
[2026-07-24T06:32:29.870+0000] {logging_mixin.py:190} INFO - [2026-07-24T06:32:29.870+0000] {dag.py:3239} INFO - Sync 1 DAGs
[2026-07-24T06:32:29.885+0000] {logging_mixin.py:190} INFO - [2026-07-24T06:32:29.884+0000] {dag.py:4180} INFO - Setting next_dagrun for my_dag to None, run_after=None
[2026-07-24T06:32:29.898+0000] {processor.py:208} INFO - Processing /opt/airflow/dags/my_tasks.py took 0.066 seconds
[2026-07-24T06:33:00.120+0000] {processor.py:186} INFO - Started process (PID=2121) to work on /opt/airflow/dags/my_tasks.py
[2026-07-24T06:33:00.130+0000] {processor.py:914} INFO - Processing file /opt/airflow/dags/my_tasks.py for tasks to queue
[2026-07-24T06:33:00.132+0000] {logging_mixin.py:190} INFO - [2026-07-24T06:33:00.132+0000] {dagbag.py:588} INFO - Filling up the DagBag from /opt/airflow/dags/my_tasks.py
[2026-07-24T06:33:00.144+0000] {processor.py:925} INFO - DAG(s) 'my_dag' retrieved from /opt/airflow/dags/my_tasks.py
[2026-07-24T06:33:00.163+0000] {logging_mixin.py:190} INFO - [2026-07-24T06:33:00.163+0000] {dag.py:3239} INFO - Sync 1 DAGs
[2026-07-24T06:33:00.178+0000] {logging_mixin.py:190} INFO - [2026-07-24T06:33:00.178+0000] {dag.py:4180} INFO - Setting next_dagrun for my_dag to None, run_after=None
[2026-07-24T06:33:00.192+0000] {processor.py:208} INFO - Processing /opt/airflow/dags/my_tasks.py took 0.075 seconds
[2026-07-24T06:33:30.411+0000] {processor.py:186} INFO - Started process (PID=2132) to work on /opt/airflow/dags/my_tasks.py
[2026-07-24T06:33:30.419+0000] {processor.py:914} INFO - Processing file /opt/airflow/dags/my_tasks.py for tasks to queue
[2026-07-24T06:33:30.421+0000] {logging_mixin.py:190} INFO - [2026-07-24T06:33:30.420+0000] {dagbag.py:588} INFO - Filling up the DagBag from /opt/airflow/dags/my_tasks.py
[2026-07-24T06:33:30.431+0000] {processor.py:925} INFO - DAG(s) 'my_dag' retrieved from /opt/airflow/dags/my_tasks.py
[2026-07-24T06:33:30.452+0000] {logging_mixin.py:190} INFO - [2026-07-24T06:33:30.452+0000] {dag.py:3239} INFO - Sync 1 DAGs
[2026-07-24T06:33:30.469+0000] {logging_mixin.py:190} INFO - [2026-07-24T06:33:30.469+0000] {dag.py:4180} INFO - Setting next_dagrun for my_dag to None, run_after=None
[2026-07-24T06:33:30.483+0000] {processor.py:208} INFO - Processing /opt/airflow/dags/my_tasks.py took 0.076 seconds
[2026-07-24T06:34:00.690+0000] {processor.py:186} INFO - Started process (PID=2143) to work on /opt/airflow/dags/my_tasks.py
[2026-07-24T06:34:00.698+0000] {processor.py:914} INFO - Processing file /opt/airflow/dags/my_tasks.py for tasks to queue
[2026-07-24T06:34:00.702+0000] {logging_mixin.py:190} INFO - [2026-07-24T06:34:00.701+0000] {dagbag.py:588} INFO - Filling up the DagBag from /opt/airflow/dags/my_tasks.py
[2026-07-24T06:34:00.711+0000] {processor.py:925} INFO - DAG(s) 'my_dag' retrieved from /opt/airflow/dags/my_tasks.py
[2026-07-24T06:34:00.728+0000] {logging_mixin.py:190} INFO - [2026-07-24T06:34:00.728+0000] {dag.py:3239} INFO - Sync 1 DAGs
[2026-07-24T06:34:00.743+0000] {logging_mixin.py:190} INFO - [2026-07-24T06:34:00.743+0000] {dag.py:4180} INFO - Setting next_dagrun for my_dag to None, run_after=None
[2026-07-24T06:34:00.756+0000] {processor.py:208} INFO - Processing /opt/airflow/dags/my_tasks.py took 0.070 seconds
[2026-07-24T06:34:30.963+0000] {processor.py:186} INFO - Started process (PID=2154) to work on /opt/airflow/dags/my_tasks.py
[2026-07-24T06:34:30.971+0000] {processor.py:914} INFO - Processing file /opt/airflow/dags/my_tasks.py for tasks to queue
[2026-07-24T06:34:30.975+0000] {logging_mixin.py:190} INFO - [2026-07-24T06:34:30.974+0000] {dagbag.py:588} INFO - Filling up the DagBag from /opt/airflow/dags/my_tasks.py
[2026-07-24T06:34:30.985+0000] {processor.py:925} INFO - DAG(s) 'my_dag' retrieved from /opt/airflow/dags/my_tasks.py
[2026-07-24T06:34:31.002+0000] {logging_mixin.py:190} INFO - [2026-07-24T06:34:31.002+0000] {dag.py:3239} INFO - Sync 1 DAGs
[2026-07-24T06:34:31.017+0000] {logging_mixin.py:190} INFO - [2026-07-24T06:34:31.017+0000] {dag.py:4180} INFO - Setting next_dagrun for my_dag to None, run_after=None
[2026-07-24T06:34:31.031+0000] {processor.py:208} INFO - Processing /opt/airflow/dags/my_tasks.py took 0.072 seconds
[2026-07-24T06:35:01.234+0000] {processor.py:186} INFO - Started process (PID=2165) to work on /opt/airflow/dags/my_tasks.py
[2026-07-24T06:35:01.243+0000] {processor.py:914} INFO - Processing file /opt/airflow/dags/my_tasks.py for tasks to queue
[2026-07-24T06:35:01.245+0000] {logging_mixin.py:190} INFO - [2026-07-24T06:35:01.244+0000] {dagbag.py:588} INFO - Filling up the DagBag from /opt/airflow/dags/my_tasks.py
[2026-07-24T06:35:01.253+0000] {processor.py:925} INFO - DAG(s) 'my_dag' retrieved from /opt/airflow/dags/my_tasks.py
[2026-07-24T06:35:01.270+0000] {logging_mixin.py:190} INFO - [2026-07-24T06:35:01.270+0000] {dag.py:3239} INFO - Sync 1 DAGs
[2026-07-24T06:35:01.286+0000] {logging_mixin.py:190} INFO - [2026-07-24T06:35:01.285+0000] {dag.py:4180} INFO - Setting next_dagrun for my_dag to None, run_after=None
[2026-07-24T06:35:01.299+0000] {processor.py:208} INFO - Processing /opt/airflow/dags/my_tasks.py took 0.070 seconds
[2026-07-24T06:35:31.494+0000] {processor.py:186} INFO - Started process (PID=2176) to work on /opt/airflow/dags/my_tasks.py
[2026-07-24T06:35:31.494+0000] {processor.py:914} INFO - Processing file /opt/airflow/dags/my_tasks.py for tasks to queue
[2026-07-24T06:35:31.496+0000] {logging_mixin.py:190} INFO - [2026-07-24T06:35:31.495+0000] {dagbag.py:588} INFO - Filling up the DagBag from /opt/airflow/dags/my_tasks.py
[2026-07-24T06:35:31.503+0000] {processor.py:925} INFO - DAG(s) 'my_dag' retrieved from /opt/airflow/dags/my_tasks.py
[2026-07-24T06:35:31.519+0000] {logging_mixin.py:190} INFO - [2026-07-24T06:35:31.519+0000] {dag.py:3239} INFO - Sync 1 DAGs
[2026-07-24T06:35:31.534+0000] {logging_mixin.py:190} INFO - [2026-07-24T06:35:31.534+0000] {dag.py:4180} INFO - Setting next_dagrun for my_dag to None, run_after=None
[2026-07-24T06:35:31.548+0000] {processor.py:208} INFO - Processing /opt/airflow/dags/my_tasks.py took 0.058 seconds
[2026-07-24T06:36:01.794+0000] {processor.py:186} INFO - Started process (PID=2187) to work on /opt/airflow/dags/my_tasks.py
[2026-07-24T06:36:01.804+0000] {processor.py:914} INFO - Processing file /opt/airflow/dags/my_tasks.py for tasks to queue
[2026-07-24T06:36:01.807+0000] {logging_mixin.py:190} INFO - [2026-07-24T06:36:01.807+0000] {dagbag.py:588} INFO - Filling up the DagBag from /opt/airflow/dags/my_tasks.py
[2026-07-24T06:36:01.819+0000] {processor.py:925} INFO - DAG(s) 'my_dag' retrieved from /opt/airflow/dags/my_tasks.py
[2026-07-24T06:36:01.836+0000] {logging_mixin.py:190} INFO - [2026-07-24T06:36:01.836+0000] {dag.py:3239} INFO - Sync 1 DAGs
[2026-07-24T06:36:01.852+0000] {logging_mixin.py:190} INFO - [2026-07-24T06:36:01.852+0000] {dag.py:4180} INFO - Setting next_dagrun for my_dag to None, run_after=None
[2026-07-24T06:36:01.867+0000] {processor.py:208} INFO - Processing /opt/airflow/dags/my_tasks.py took 0.077 seconds
[2026-07-24T06:36:32.069+0000] {processor.py:186} INFO - Started process (PID=2198) to work on /opt/airflow/dags/my_tasks.py
[2026-07-24T06:36:32.072+0000] {processor.py:914} INFO - Processing file /opt/airflow/dags/my_tasks.py for tasks to queue
[2026-07-24T06:36:32.074+0000] {logging_mixin.py:190} INFO - [2026-07-24T06:36:32.074+0000] {dagbag.py:588} INFO - Filling up the DagBag from /opt/airflow/dags/my_tasks.py
[2026-07-24T06:36:32.083+0000] {processor.py:925} INFO - DAG(s) 'my_dag' retrieved from /opt/airflow/dags/my_tasks.py
[2026-07-24T06:36:32.100+0000] {logging_mixin.py:190} INFO - [2026-07-24T06:36:32.100+0000] {dag.py:3239} INFO - Sync 1 DAGs
[2026-07-24T06:36:32.115+0000] {logging_mixin.py:190} INFO - [2026-07-24T06:36:32.114+0000] {dag.py:4180} INFO - Setting next_dagrun for my_dag to None, run_after=None
[2026-07-24T06:36:32.133+0000] {processor.py:208} INFO - Processing /opt/airflow/dags/my_tasks.py took 0.068 seconds
[2026-07-24T06:37:02.326+0000] {processor.py:186} INFO - Started process (PID=2209) to work on /opt/airflow/dags/my_tasks.py
[2026-07-24T06:37:02.334+0000] {processor.py:914} INFO - Processing file /opt/airflow/dags/my_tasks.py for tasks to queue
[2026-07-24T06:37:02.336+0000] {logging_mixin.py:190} INFO - [2026-07-24T06:37:02.336+0000] {dagbag.py:588} INFO - Filling up the DagBag from /opt/airflow/dags/my_tasks.py
[2026-07-24T06:37:02.348+0000] {processor.py:925} INFO - DAG(s) 'my_dag' retrieved from /opt/airflow/dags/my_tasks.py
[2026-07-24T06:37:02.365+0000] {logging_mixin.py:190} INFO - [2026-07-24T06:37:02.365+0000] {dag.py:3239} INFO - Sync 1 DAGs
[2026-07-24T06:37:02.381+0000] {logging_mixin.py:190} INFO - [2026-07-24T06:37:02.381+0000] {dag.py:4180} INFO - Setting next_dagrun for my_dag to None, run_after=None
[2026-07-24T06:37:02.395+0000] {processor.py:208} INFO - Processing /opt/airflow/dags/my_tasks.py took 0.073 seconds
[2026-07-24T06:37:32.624+0000] {processor.py:186} INFO - Started process (PID=2220) to work on /opt/airflow/dags/my_tasks.py
[2026-07-24T06:37:32.625+0000] {processor.py:914} INFO - Processing file /opt/airflow/dags/my_tasks.py for tasks to queue
[2026-07-24T06:37:32.627+0000] {logging_mixin.py:190} INFO - [2026-07-24T06:37:32.626+0000] {dagbag.py:588} INFO - Filling up the DagBag from /opt/airflow/dags/my_tasks.py
[2026-07-24T06:37:32.632+0000] {processor.py:925} INFO - DAG(s) 'my_dag' retrieved from /opt/airflow/dags/my_tasks.py
[2026-07-24T06:37:32.649+0000] {logging_mixin.py:190} INFO - [2026-07-24T06:37:32.649+0000] {dag.py:3239} INFO - Sync 1 DAGs
[2026-07-24T06:37:32.664+0000] {logging_mixin.py:190} INFO - [2026-07-24T06:37:32.663+0000] {dag.py:4180} INFO - Setting next_dagrun for my_dag to None, run_after=None
[2026-07-24T06:37:32.677+0000] {processor.py:208} INFO - Processing /opt/airflow/dags/my_tasks.py took 0.058 seconds
[2026-07-24T06:38:02.884+0000] {processor.py:186} INFO - Started process (PID=2231) to work on /opt/airflow/dags/my_tasks.py
[2026-07-24T06:38:02.884+0000] {processor.py:914} INFO - Processing file /opt/airflow/dags/my_tasks.py for tasks to queue
[2026-07-24T06:38:02.886+0000] {logging_mixin.py:190} INFO - [2026-07-24T06:38:02.885+0000] {dagbag.py:588} INFO - Filling up the DagBag from /opt/airflow/dags/my_tasks.py
[2026-07-24T06:38:02.892+0000] {processor.py:925} INFO - DAG(s) 'my_dag' retrieved from /opt/airflow/dags/my_tasks.py
[2026-07-24T06:38:02.909+0000] {logging_mixin.py:190} INFO - [2026-07-24T06:38:02.908+0000] {dag.py:3239} INFO - Sync 1 DAGs
[2026-07-24T06:38:02.923+0000] {logging_mixin.py:190} INFO - [2026-07-24T06:38:02.923+0000] {dag.py:4180} INFO - Setting next_dagrun for my_dag to None, run_after=None
[2026-07-24T06:38:02.937+0000] {processor.py:208} INFO - Processing /opt/airflow/dags/my_tasks.py took 0.058 seconds
[2026-07-24T06:38:33.176+0000] {processor.py:186} INFO - Started process (PID=2242) to work on /opt/airflow/dags/my_tasks.py
[2026-07-24T06:38:33.177+0000] {processor.py:914} INFO - Processing file /opt/airflow/dags/my_tasks.py for tasks to queue
[2026-07-24T06:38:33.178+0000] {logging_mixin.py:190} INFO - [2026-07-24T06:38:33.178+0000] {dagbag.py:588} INFO - Filling up the DagBag from /opt/airflow/dags/my_tasks.py
[2026-07-24T06:38:33.185+0000] {processor.py:925} INFO - DAG(s) 'my_dag' retrieved from /opt/airflow/dags/my_tasks.py
[2026-07-24T06:38:33.202+0000] {logging_mixin.py:190} INFO - [2026-07-24T06:38:33.202+0000] {dag.py:3239} INFO - Sync 1 DAGs
[2026-07-24T06:38:33.217+0000] {logging_mixin.py:190} INFO - [2026-07-24T06:38:33.217+0000] {dag.py:4180} INFO - Setting next_dagrun for my_dag to None, run_after=None
[2026-07-24T06:38:33.231+0000] {processor.py:208} INFO - Processing /opt/airflow/dags/my_tasks.py took 0.059 seconds
[2026-07-24T06:39:03.437+0000] {processor.py:186} INFO - Started process (PID=2253) to work on /opt/airflow/dags/my_tasks.py
[2026-07-24T06:39:03.444+0000] {processor.py:914} INFO - Processing file /opt/airflow/dags/my_tasks.py for tasks to queue
[2026-07-24T06:39:03.447+0000] {logging_mixin.py:190} INFO - [2026-07-24T06:39:03.446+0000] {dagbag.py:588} INFO - Filling up the DagBag from /opt/airflow/dags/my_tasks.py
[2026-07-24T06:39:03.456+0000] {processor.py:925} INFO - DAG(s) 'my_dag' retrieved from /opt/airflow/dags/my_tasks.py
[2026-07-24T06:39:03.475+0000] {logging_mixin.py:190} INFO - [2026-07-24T06:39:03.475+0000] {dag.py:3239} INFO - Sync 1 DAGs
[2026-07-24T06:39:03.491+0000] {logging_mixin.py:190} INFO - [2026-07-24T06:39:03.491+0000] {dag.py:4180} INFO - Setting next_dagrun for my_dag to None, run_after=None
[2026-07-24T06:39:03.505+0000] {processor.py:208} INFO - Processing /opt/airflow/dags/my_tasks.py took 0.072 seconds
[2026-07-24T06:39:33.715+0000] {processor.py:186} INFO - Started process (PID=2264) to work on /opt/airflow/dags/my_tasks.py
[2026-07-24T06:39:33.716+0000] {processor.py:914} INFO - Processing file /opt/airflow/dags/my_tasks.py for tasks to queue
[2026-07-24T06:39:33.718+0000] {logging_mixin.py:190} INFO - [2026-07-24T06:39:33.718+0000] {dagbag.py:588} INFO - Filling up the DagBag from /opt/airflow/dags/my_tasks.py
[2026-07-24T06:39:33.724+0000] {processor.py:925} INFO - DAG(s) 'my_dag' retrieved from /opt/airflow/dags/my_tasks.py
[2026-07-24T06:39:33.740+0000] {logging_mixin.py:190} INFO - [2026-07-24T06:39:33.740+0000] {dag.py:3239} INFO - Sync 1 DAGs
[2026-07-24T06:39:33.755+0000] {logging_mixin.py:190} INFO - [2026-07-24T06:39:33.755+0000] {dag.py:4180} INFO - Setting next_dagrun for my_dag to None, run_after=None
[2026-07-24T06:39:33.768+0000] {processor.py:208} INFO - Processing /opt/airflow/dags/my_tasks.py took 0.057 seconds
[2026-07-24T06:40:03.992+0000] {processor.py:186} INFO - Started process (PID=2275) to work on /opt/airflow/dags/my_tasks.py
[2026-07-24T06:40:04.000+0000] {processor.py:914} INFO - Processing file /opt/airflow/dags/my_tasks.py for tasks to queue
[2026-07-24T06:40:04.003+0000] {logging_mixin.py:190} INFO - [2026-07-24T06:40:04.003+0000] {dagbag.py:588} INFO - Filling up the DagBag from /opt/airflow/dags/my_tasks.py
[2026-07-24T06:40:04.013+0000] {processor.py:925} INFO - DAG(s) 'my_dag' retrieved from /opt/airflow/dags/my_tasks.py
[2026-07-24T06:40:04.032+0000] {logging_mixin.py:190} INFO - [2026-07-24T06:40:04.032+0000] {dag.py:3239} INFO - Sync 1 DAGs
[2026-07-24T06:40:04.048+0000] {logging_mixin.py:190} INFO - [2026-07-24T06:40:04.048+0000] {dag.py:4180} INFO - Setting next_dagrun for my_dag to None, run_after=None
[2026-07-24T06:40:04.062+0000] {processor.py:208} INFO - Processing /opt/airflow/dags/my_tasks.py took 0.075 seconds
[2026-07-24T06:40:34.272+0000] {processor.py:186} INFO - Started process (PID=2286) to work on /opt/airflow/dags/my_tasks.py
[2026-07-24T06:40:34.272+0000] {processor.py:914} INFO - Processing file /opt/airflow/dags/my_tasks.py for tasks to queue
[2026-07-24T06:40:34.274+0000] {logging_mixin.py:190} INFO - [2026-07-24T06:40:34.274+0000] {dagbag.py:588} INFO - Filling up the DagBag from /opt/airflow/dags/my_tasks.py
[2026-07-24T06:40:34.281+0000] {processor.py:925} INFO - DAG(s) 'my_dag' retrieved from /opt/airflow/dags/my_tasks.py
[2026-07-24T06:40:34.298+0000] {logging_mixin.py:190} INFO - [2026-07-24T06:40:34.298+0000] {dag.py:3239} INFO - Sync 1 DAGs
[2026-07-24T06:40:34.313+0000] {logging_mixin.py:190} INFO - [2026-07-24T06:40:34.312+0000] {dag.py:4180} INFO - Setting next_dagrun for my_dag to None, run_after=None
[2026-07-24T06:40:34.326+0000] {processor.py:208} INFO - Processing /opt/airflow/dags/my_tasks.py took 0.058 seconds
[2026-07-24T06:41:04.556+0000] {processor.py:186} INFO - Started process (PID=2297) to work on /opt/airflow/dags/my_tasks.py
[2026-07-24T06:41:04.564+0000] {processor.py:914} INFO - Processing file /opt/airflow/dags/my_tasks.py for tasks to queue
[2026-07-24T06:41:04.566+0000] {logging_mixin.py:190} INFO - [2026-07-24T06:41:04.566+0000] {dagbag.py:588} INFO - Filling up the DagBag from /opt/airflow/dags/my_tasks.py
[2026-07-24T06:41:04.577+0000] {processor.py:925} INFO - DAG(s) 'my_dag' retrieved from /opt/airflow/dags/my_tasks.py
[2026-07-24T06:41:04.595+0000] {logging_mixin.py:190} INFO - [2026-07-24T06:41:04.595+0000] {dag.py:3239} INFO - Sync 1 DAGs
[2026-07-24T06:41:04.610+0000] {logging_mixin.py:190} INFO - [2026-07-24T06:41:04.610+0000] {dag.py:4180} INFO - Setting next_dagrun for my_dag to None, run_after=None
[2026-07-24T06:41:04.624+0000] {processor.py:208} INFO - Processing /opt/airflow/dags/my_tasks.py took 0.072 seconds
[2026-07-24T06:41:34.827+0000] {processor.py:186} INFO - Started process (PID=2308) to work on /opt/airflow/dags/my_tasks.py
[2026-07-24T06:41:34.827+0000] {processor.py:914} INFO - Processing file /opt/airflow/dags/my_tasks.py for tasks to queue
[2026-07-24T06:41:34.829+0000] {logging_mixin.py:190} INFO - [2026-07-24T06:41:34.829+0000] {dagbag.py:588} INFO - Filling up the DagBag from /opt/airflow/dags/my_tasks.py
[2026-07-24T06:41:34.836+0000] {processor.py:925} INFO - DAG(s) 'my_dag' retrieved from /opt/airflow/dags/my_tasks.py
[2026-07-24T06:41:34.854+0000] {logging_mixin.py:190} INFO - [2026-07-24T06:41:34.854+0000] {dag.py:3239} INFO - Sync 1 DAGs
[2026-07-24T06:41:34.869+0000] {logging_mixin.py:190} INFO - [2026-07-24T06:41:34.869+0000] {dag.py:4180} INFO - Setting next_dagrun for my_dag to None, run_after=None
[2026-07-24T06:41:34.883+0000] {processor.py:208} INFO - Processing /opt/airflow/dags/my_tasks.py took 0.061 seconds
[2026-07-24T06:42:05.118+0000] {processor.py:186} INFO - Started process (PID=2319) to work on /opt/airflow/dags/my_tasks.py
[2026-07-24T06:42:05.119+0000] {processor.py:914} INFO - Processing file /opt/airflow/dags/my_tasks.py for tasks to queue
[2026-07-24T06:42:05.120+0000] {logging_mixin.py:190} INFO - [2026-07-24T06:42:05.120+0000] {dagbag.py:588} INFO - Filling up the DagBag from /opt/airflow/dags/my_tasks.py
[2026-07-24T06:42:05.127+0000] {processor.py:925} INFO - DAG(s) 'my_dag' retrieved from /opt/airflow/dags/my_tasks.py
[2026-07-24T06:42:05.146+0000] {logging_mixin.py:190} INFO - [2026-07-24T06:42:05.146+0000] {dag.py:3239} INFO - Sync 1 DAGs
[2026-07-24T06:42:05.160+0000] {logging_mixin.py:190} INFO - [2026-07-24T06:42:05.160+0000] {dag.py:4180} INFO - Setting next_dagrun for my_dag to None, run_after=None
[2026-07-24T06:42:05.177+0000] {processor.py:208} INFO - Processing /opt/airflow/dags/my_tasks.py took 0.063 seconds
[2026-07-24T06:42:35.389+0000] {processor.py:186} INFO - Started process (PID=2330) to work on /opt/airflow/dags/my_tasks.py
[2026-07-24T06:42:35.397+0000] {processor.py:914} INFO - Processing file /opt/airflow/dags/my_tasks.py for tasks to queue
[2026-07-24T06:42:35.399+0000] {logging_mixin.py:190} INFO - [2026-07-24T06:42:35.398+0000] {dagbag.py:588} INFO - Filling up the DagBag from /opt/airflow/dags/my_tasks.py
[2026-07-24T06:42:35.407+0000] {processor.py:925} INFO - DAG(s) 'my_dag' retrieved from /opt/airflow/dags/my_tasks.py
[2026-07-24T06:42:35.424+0000] {logging_mixin.py:190} INFO - [2026-07-24T06:42:35.423+0000] {dag.py:3239} INFO - Sync 1 DAGs
[2026-07-24T06:42:35.439+0000] {logging_mixin.py:190} INFO - [2026-07-24T06:42:35.439+0000] {dag.py:4180} INFO - Setting next_dagrun for my_dag to None, run_after=None
[2026-07-24T06:42:35.453+0000] {processor.py:208} INFO - Processing /opt/airflow/dags/my_tasks.py took 0.067 seconds
[2026-07-24T06:43:05.676+0000] {processor.py:186} INFO - Started process (PID=2341) to work on /opt/airflow/dags/my_tasks.py
[2026-07-24T06:43:05.676+0000] {processor.py:914} INFO - Processing file /opt/airflow/dags/my_tasks.py for tasks to queue
[2026-07-24T06:43:05.678+0000] {logging_mixin.py:190} INFO - [2026-07-24T06:43:05.678+0000] {dagbag.py:588} INFO - Filling up the DagBag from /opt/airflow/dags/my_tasks.py
[2026-07-24T06:43:05.684+0000] {processor.py:925} INFO - DAG(s) 'my_dag' retrieved from /opt/airflow/dags/my_tasks.py
[2026-07-24T06:43:05.701+0000] {logging_mixin.py:190} INFO - [2026-07-24T06:43:05.701+0000] {dag.py:3239} INFO - Sync 1 DAGs
[2026-07-24T06:43:05.716+0000] {logging_mixin.py:190} INFO - [2026-07-24T06:43:05.715+0000] {dag.py:4180} INFO - Setting next_dagrun for my_dag to None, run_after=None
[2026-07-24T06:43:05.729+0000] {processor.py:208} INFO - Processing /opt/airflow/dags/my_tasks.py took 0.057 seconds
[2026-07-24T06:43:35.956+0000] {processor.py:186} INFO - Started process (PID=2352) to work on /opt/airflow/dags/my_tasks.py
[2026-07-24T06:43:35.964+0000] {processor.py:914} INFO - Processing file /opt/airflow/dags/my_tasks.py for tasks to queue
[2026-07-24T06:43:35.966+0000] {logging_mixin.py:190} INFO - [2026-07-24T06:43:35.966+0000] {dagbag.py:588} INFO - Filling up the DagBag from /opt/airflow/dags/my_tasks.py
[2026-07-24T06:43:35.976+0000] {processor.py:925} INFO - DAG(s) 'my_dag' retrieved from /opt/airflow/dags/my_tasks.py
[2026-07-24T06:43:35.993+0000] {logging_mixin.py:190} INFO - [2026-07-24T06:43:35.993+0000] {dag.py:3239} INFO - Sync 1 DAGs
[2026-07-24T06:43:36.008+0000] {logging_mixin.py:190} INFO - [2026-07-24T06:43:36.008+0000] {dag.py:4180} INFO - Setting next_dagrun for my_dag to None, run_after=None
[2026-07-24T06:43:36.022+0000] {processor.py:208} INFO - Processing /opt/airflow/dags/my_tasks.py took 0.070 seconds
[2026-07-24T06:44:06.244+0000] {processor.py:186} INFO - Started process (PID=2363) to work on /opt/airflow/dags/my_tasks.py
[2026-07-24T06:44:06.244+0000] {processor.py:914} INFO - Processing file /opt/airflow/dags/my_tasks.py for tasks to queue
[2026-07-24T06:44:06.246+0000] {logging_mixin.py:190} INFO - [2026-07-24T06:44:06.245+0000] {dagbag.py:588} INFO - Filling up the DagBag from /opt/airflow/dags/my_tasks.py
[2026-07-24T06:44:06.252+0000] {processor.py:925} INFO - DAG(s) 'my_dag' retrieved from /opt/airflow/dags/my_tasks.py
[2026-07-24T06:44:06.269+0000] {logging_mixin.py:190} INFO - [2026-07-24T06:44:06.269+0000] {dag.py:3239} INFO - Sync 1 DAGs
[2026-07-24T06:44:06.284+0000] {logging_mixin.py:190} INFO - [2026-07-24T06:44:06.284+0000] {dag.py:4180} INFO - Setting next_dagrun for my_dag to None, run_after=None
[2026-07-24T06:44:06.298+0000] {processor.py:208} INFO - Processing /opt/airflow/dags/my_tasks.py took 0.059 seconds
[2026-07-24T06:44:36.523+0000] {processor.py:186} INFO - Started process (PID=2374) to work on /opt/airflow/dags/my_tasks.py
[2026-07-24T06:44:36.531+0000] {processor.py:914} INFO - Processing file /opt/airflow/dags/my_tasks.py for tasks to queue
[2026-07-24T06:44:36.535+0000] {logging_mixin.py:190} INFO - [2026-07-24T06:44:36.533+0000] {dagbag.py:588} INFO - Filling up the DagBag from /opt/airflow/dags/my_tasks.py
[2026-07-24T06:44:36.544+0000] {processor.py:925} INFO - DAG(s) 'my_dag' retrieved from /opt/airflow/dags/my_tasks.py
[2026-07-24T06:44:36.562+0000] {logging_mixin.py:190} INFO - [2026-07-24T06:44:36.561+0000] {dag.py:3239} INFO - Sync 1 DAGs
[2026-07-24T06:44:36.577+0000] {logging_mixin.py:190} INFO - [2026-07-24T06:44:36.577+0000] {dag.py:4180} INFO - Setting next_dagrun for my_dag to None, run_after=None
[2026-07-24T06:44:36.591+0000] {processor.py:208} INFO - Processing /opt/airflow/dags/my_tasks.py took 0.071 seconds
[2026-07-24T06:45:06.808+0000] {processor.py:186} INFO - Started process (PID=2385) to work on /opt/airflow/dags/my_tasks.py
[2026-07-24T06:45:06.809+0000] {processor.py:914} INFO - Processing file /opt/airflow/dags/my_tasks.py for tasks to queue
[2026-07-24T06:45:06.810+0000] {logging_mixin.py:190} INFO - [2026-07-24T06:45:06.810+0000] {dagbag.py:588} INFO - Filling up the DagBag from /opt/airflow/dags/my_tasks.py
[2026-07-24T06:45:06.818+0000] {processor.py:925} INFO - DAG(s) 'my_dag' retrieved from /opt/airflow/dags/my_tasks.py
[2026-07-24T06:45:06.834+0000] {logging_mixin.py:190} INFO - [2026-07-24T06:45:06.834+0000] {dag.py:3239} INFO - Sync 1 DAGs
[2026-07-24T06:45:06.850+0000] {logging_mixin.py:190} INFO - [2026-07-24T06:45:06.850+0000] {dag.py:4180} INFO - Setting next_dagrun for my_dag to None, run_after=None
[2026-07-24T06:45:06.865+0000] {processor.py:208} INFO - Processing /opt/airflow/dags/my_tasks.py took 0.061 seconds
[2026-07-24T06:45:37.088+0000] {processor.py:186} INFO - Started process (PID=2396) to work on /opt/airflow/dags/my_tasks.py
[2026-07-24T06:45:37.096+0000] {processor.py:914} INFO - Processing file /opt/airflow/dags/my_tasks.py for tasks to queue
[2026-07-24T06:45:37.099+0000] {logging_mixin.py:190} INFO - [2026-07-24T06:45:37.098+0000] {dagbag.py:588} INFO - Filling up the DagBag from /opt/airflow/dags/my_tasks.py
[2026-07-24T06:45:37.108+0000] {processor.py:925} INFO - DAG(s) 'my_dag' retrieved from /opt/airflow/dags/my_tasks.py
[2026-07-24T06:45:37.128+0000] {logging_mixin.py:190} INFO - [2026-07-24T06:45:37.128+0000] {dag.py:3239} INFO - Sync 1 DAGs
[2026-07-24T06:45:37.143+0000] {logging_mixin.py:190} INFO - [2026-07-24T06:45:37.142+0000] {dag.py:4180} INFO - Setting next_dagrun for my_dag to None, run_after=None
[2026-07-24T06:45:37.156+0000] {processor.py:208} INFO - Processing /opt/airflow/dags/my_tasks.py took 0.072 seconds
[2026-07-24T06:46:07.339+0000] {processor.py:186} INFO - Started process (PID=2407) to work on /opt/airflow/dags/my_tasks.py
[2026-07-24T06:46:07.339+0000] {processor.py:914} INFO - Processing file /opt/airflow/dags/my_tasks.py for tasks to queue
[2026-07-24T06:46:07.341+0000] {logging_mixin.py:190} INFO - [2026-07-24T06:46:07.340+0000] {dagbag.py:588} INFO - Filling up the DagBag from /opt/airflow/dags/my_tasks.py
[2026-07-24T06:46:07.348+0000] {processor.py:925} INFO - DAG(s) 'my_dag' retrieved from /opt/airflow/dags/my_tasks.py
[2026-07-24T06:46:07.366+0000] {logging_mixin.py:190} INFO - [2026-07-24T06:46:07.366+0000] {dag.py:3239} INFO - Sync 1 DAGs
[2026-07-24T06:46:07.382+0000] {logging_mixin.py:190} INFO - [2026-07-24T06:46:07.382+0000] {dag.py:4180} INFO - Setting next_dagrun for my_dag to None, run_after=None
[2026-07-24T06:46:07.396+0000] {processor.py:208} INFO - Processing /opt/airflow/dags/my_tasks.py took 0.062 seconds
[2026-07-24T06:46:37.623+0000] {processor.py:186} INFO - Started process (PID=2418) to work on /opt/airflow/dags/my_tasks.py
[2026-07-24T06:46:37.623+0000] {processor.py:914} INFO - Processing file /opt/airflow/dags/my_tasks.py for tasks to queue
[2026-07-24T06:46:37.624+0000] {logging_mixin.py:190} INFO - [2026-07-24T06:46:37.624+0000] {dagbag.py:588} INFO - Filling up the DagBag from /opt/airflow/dags/my_tasks.py
[2026-07-24T06:46:37.631+0000] {processor.py:925} INFO - DAG(s) 'my_dag' retrieved from /opt/airflow/dags/my_tasks.py
[2026-07-24T06:46:37.650+0000] {logging_mixin.py:190} INFO - [2026-07-24T06:46:37.650+0000] {dag.py:3239} INFO - Sync 1 DAGs
[2026-07-24T06:46:37.667+0000] {logging_mixin.py:190} INFO - [2026-07-24T06:46:37.666+0000] {dag.py:4180} INFO - Setting next_dagrun for my_dag to None, run_after=None
[2026-07-24T06:46:37.680+0000] {processor.py:208} INFO - Processing /opt/airflow/dags/my_tasks.py took 0.062 seconds
[2026-07-24T06:47:07.885+0000] {processor.py:186} INFO - Started process (PID=2429) to work on /opt/airflow/dags/my_tasks.py
[2026-07-24T06:47:07.885+0000] {processor.py:914} INFO - Processing file /opt/airflow/dags/my_tasks.py for tasks to queue
[2026-07-24T06:47:07.887+0000] {logging_mixin.py:190} INFO - [2026-07-24T06:47:07.887+0000] {dagbag.py:588} INFO - Filling up the DagBag from /opt/airflow/dags/my_tasks.py
[2026-07-24T06:47:07.893+0000] {processor.py:925} INFO - DAG(s) 'my_dag' retrieved from /opt/airflow/dags/my_tasks.py
[2026-07-24T06:47:07.910+0000] {logging_mixin.py:190} INFO - [2026-07-24T06:47:07.910+0000] {dag.py:3239} INFO - Sync 1 DAGs
[2026-07-24T06:47:07.925+0000] {logging_mixin.py:190} INFO - [2026-07-24T06:47:07.925+0000] {dag.py:4180} INFO - Setting next_dagrun for my_dag to None, run_after=None
[2026-07-24T06:47:07.939+0000] {processor.py:208} INFO - Processing /opt/airflow/dags/my_tasks.py took 0.058 seconds
[2026-07-24T06:47:38.165+0000] {processor.py:186} INFO - Started process (PID=2440) to work on /opt/airflow/dags/my_tasks.py
[2026-07-24T06:47:38.173+0000] {processor.py:914} INFO - Processing file /opt/airflow/dags/my_tasks.py for tasks to queue
[2026-07-24T06:47:38.175+0000] {logging_mixin.py:190} INFO - [2026-07-24T06:47:38.175+0000] {dagbag.py:588} INFO - Filling up the DagBag from /opt/airflow/dags/my_tasks.py
[2026-07-24T06:47:38.186+0000] {processor.py:925} INFO - DAG(s) 'my_dag' retrieved from /opt/airflow/dags/my_tasks.py
[2026-07-24T06:47:38.203+0000] {logging_mixin.py:190} INFO - [2026-07-24T06:47:38.202+0000] {dag.py:3239} INFO - Sync 1 DAGs
[2026-07-24T06:47:38.217+0000] {logging_mixin.py:190} INFO - [2026-07-24T06:47:38.217+0000] {dag.py:4180} INFO - Setting next_dagrun for my_dag to None, run_after=None
[2026-07-24T06:47:38.232+0000] {processor.py:208} INFO - Processing /opt/airflow/dags/my_tasks.py took 0.071 seconds
[2026-07-24T06:48:08.435+0000] {processor.py:186} INFO - Started process (PID=2451) to work on /opt/airflow/dags/my_tasks.py
[2026-07-24T06:48:08.436+0000] {processor.py:914} INFO - Processing file /opt/airflow/dags/my_tasks.py for tasks to queue
[2026-07-24T06:48:08.437+0000] {logging_mixin.py:190} INFO - [2026-07-24T06:48:08.437+0000] {dagbag.py:588} INFO - Filling up the DagBag from /opt/airflow/dags/my_tasks.py
[2026-07-24T06:48:08.444+0000] {processor.py:925} INFO - DAG(s) 'my_dag' retrieved from /opt/airflow/dags/my_tasks.py
[2026-07-24T06:48:08.463+0000] {logging_mixin.py:190} INFO - [2026-07-24T06:48:08.463+0000] {dag.py:3239} INFO - Sync 1 DAGs
[2026-07-24T06:48:08.478+0000] {logging_mixin.py:190} INFO - [2026-07-24T06:48:08.478+0000] {dag.py:4180} INFO - Setting next_dagrun for my_dag to None, run_after=None
[2026-07-24T06:48:08.492+0000] {processor.py:208} INFO - Processing /opt/airflow/dags/my_tasks.py took 0.061 seconds
[2026-07-24T06:48:38.710+0000] {processor.py:186} INFO - Started process (PID=2462) to work on /opt/airflow/dags/my_tasks.py
[2026-07-24T06:48:38.718+0000] {processor.py:914} INFO - Processing file /opt/airflow/dags/my_tasks.py for tasks to queue
[2026-07-24T06:48:38.721+0000] {logging_mixin.py:190} INFO - [2026-07-24T06:48:38.720+0000] {dagbag.py:588} INFO - Filling up the DagBag from /opt/airflow/dags/my_tasks.py
[2026-07-24T06:48:38.731+0000] {processor.py:925} INFO - DAG(s) 'my_dag' retrieved from /opt/airflow/dags/my_tasks.py
[2026-07-24T06:48:38.748+0000] {logging_mixin.py:190} INFO - [2026-07-24T06:48:38.748+0000] {dag.py:3239} INFO - Sync 1 DAGs
[2026-07-24T06:48:38.763+0000] {logging_mixin.py:190} INFO - [2026-07-24T06:48:38.763+0000] {dag.py:4180} INFO - Setting next_dagrun for my_dag to None, run_after=None
[2026-07-24T06:48:38.776+0000] {processor.py:208} INFO - Processing /opt/airflow/dags/my_tasks.py took 0.070 seconds
[2026-07-24T06:49:08.954+0000] {processor.py:186} INFO - Started process (PID=2473) to work on /opt/airflow/dags/my_tasks.py
[2026-07-24T06:49:08.963+0000] {processor.py:914} INFO - Processing file /opt/airflow/dags/my_tasks.py for tasks to queue
[2026-07-24T06:49:08.965+0000] {logging_mixin.py:190} INFO - [2026-07-24T06:49:08.965+0000] {dagbag.py:588} INFO - Filling up the DagBag from /opt/airflow/dags/my_tasks.py
[2026-07-24T06:49:08.975+0000] {processor.py:925} INFO - DAG(s) 'my_dag' retrieved from /opt/airflow/dags/my_tasks.py
[2026-07-24T06:49:08.992+0000] {logging_mixin.py:190} INFO - [2026-07-24T06:49:08.992+0000] {dag.py:3239} INFO - Sync 1 DAGs
[2026-07-24T06:49:09.007+0000] {logging_mixin.py:190} INFO - [2026-07-24T06:49:09.007+0000] {dag.py:4180} INFO - Setting next_dagrun for my_dag to None, run_after=None
[2026-07-24T06:49:09.020+0000] {processor.py:208} INFO - Processing /opt/airflow/dags/my_tasks.py took 0.070 seconds
[2026-07-24T06:49:39.223+0000] {processor.py:186} INFO - Started process (PID=2484) to work on /opt/airflow/dags/my_tasks.py
[2026-07-24T06:49:39.224+0000] {processor.py:914} INFO - Processing file /opt/airflow/dags/my_tasks.py for tasks to queue
[2026-07-24T06:49:39.225+0000] {logging_mixin.py:190} INFO - [2026-07-24T06:49:39.225+0000] {dagbag.py:588} INFO - Filling up the DagBag from /opt/airflow/dags/my_tasks.py
[2026-07-24T06:49:39.231+0000] {processor.py:925} INFO - DAG(s) 'my_dag' retrieved from /opt/airflow/dags/my_tasks.py
[2026-07-24T06:49:39.248+0000] {logging_mixin.py:190} INFO - [2026-07-24T06:49:39.248+0000] {dag.py:3239} INFO - Sync 1 DAGs
[2026-07-24T06:49:39.263+0000] {logging_mixin.py:190} INFO - [2026-07-24T06:49:39.263+0000] {dag.py:4180} INFO - Setting next_dagrun for my_dag to None, run_after=None
[2026-07-24T06:49:39.277+0000] {processor.py:208} INFO - Processing /opt/airflow/dags/my_tasks.py took 0.057 seconds
[2026-07-24T06:50:09.476+0000] {processor.py:186} INFO - Started process (PID=2495) to work on /opt/airflow/dags/my_tasks.py
[2026-07-24T06:50:09.477+0000] {processor.py:914} INFO - Processing file /opt/airflow/dags/my_tasks.py for tasks to queue
[2026-07-24T06:50:09.478+0000] {logging_mixin.py:190} INFO - [2026-07-24T06:50:09.478+0000] {dagbag.py:588} INFO - Filling up the DagBag from /opt/airflow/dags/my_tasks.py
[2026-07-24T06:50:09.485+0000] {processor.py:925} INFO - DAG(s) 'my_dag' retrieved from /opt/airflow/dags/my_tasks.py
[2026-07-24T06:50:09.501+0000] {logging_mixin.py:190} INFO - [2026-07-24T06:50:09.501+0000] {dag.py:3239} INFO - Sync 1 DAGs
[2026-07-24T06:50:09.517+0000] {logging_mixin.py:190} INFO - [2026-07-24T06:50:09.517+0000] {dag.py:4180} INFO - Setting next_dagrun for my_dag to None, run_after=None
[2026-07-24T06:50:09.531+0000] {processor.py:208} INFO - Processing /opt/airflow/dags/my_tasks.py took 0.059 seconds
[2026-07-24T06:50:39.743+0000] {processor.py:186} INFO - Started process (PID=2506) to work on /opt/airflow/dags/my_tasks.py
[2026-07-24T06:50:39.751+0000] {processor.py:914} INFO - Processing file /opt/airflow/dags/my_tasks.py for tasks to queue
[2026-07-24T06:50:39.754+0000] {logging_mixin.py:190} INFO - [2026-07-24T06:50:39.753+0000] {dagbag.py:588} INFO - Filling up the DagBag from /opt/airflow/dags/my_tasks.py
[2026-07-24T06:50:39.764+0000] {processor.py:925} INFO - DAG(s) 'my_dag' retrieved from /opt/airflow/dags/my_tasks.py
[2026-07-24T06:50:39.781+0000] {logging_mixin.py:190} INFO - [2026-07-24T06:50:39.781+0000] {dag.py:3239} INFO - Sync 1 DAGs
[2026-07-24T06:50:39.798+0000] {logging_mixin.py:190} INFO - [2026-07-24T06:50:39.797+0000] {dag.py:4180} INFO - Setting next_dagrun for my_dag to None, run_after=None
[2026-07-24T06:50:39.812+0000] {processor.py:208} INFO - Processing /opt/airflow/dags/my_tasks.py took 0.073 seconds
[2026-07-24T06:51:09.990+0000] {processor.py:186} INFO - Started process (PID=2517) to work on /opt/airflow/dags/my_tasks.py
[2026-07-24T06:51:09.991+0000] {processor.py:914} INFO - Processing file /opt/airflow/dags/my_tasks.py for tasks to queue
[2026-07-24T06:51:09.992+0000] {logging_mixin.py:190} INFO - [2026-07-24T06:51:09.992+0000] {dagbag.py:588} INFO - Filling up the DagBag from /opt/airflow/dags/my_tasks.py
[2026-07-24T06:51:09.999+0000] {processor.py:925} INFO - DAG(s) 'my_dag' retrieved from /opt/airflow/dags/my_tasks.py
[2026-07-24T06:51:10.015+0000] {logging_mixin.py:190} INFO - [2026-07-24T06:51:10.015+0000] {dag.py:3239} INFO - Sync 1 DAGs
[2026-07-24T06:51:10.030+0000] {logging_mixin.py:190} INFO - [2026-07-24T06:51:10.030+0000] {dag.py:4180} INFO - Setting next_dagrun for my_dag to None, run_after=None
[2026-07-24T06:51:10.045+0000] {processor.py:208} INFO - Processing /opt/airflow/dags/my_tasks.py took 0.059 seconds
[2026-07-24T06:51:40.250+0000] {processor.py:186} INFO - Started process (PID=2528) to work on /opt/airflow/dags/my_tasks.py
[2026-07-24T06:51:40.250+0000] {processor.py:914} INFO - Processing file /opt/airflow/dags/my_tasks.py for tasks to queue
[2026-07-24T06:51:40.252+0000] {logging_mixin.py:190} INFO - [2026-07-24T06:51:40.252+0000] {dagbag.py:588} INFO - Filling up the DagBag from /opt/airflow/dags/my_tasks.py
[2026-07-24T06:51:40.259+0000] {processor.py:925} INFO - DAG(s) 'my_dag' retrieved from /opt/airflow/dags/my_tasks.py
[2026-07-24T06:51:40.276+0000] {logging_mixin.py:190} INFO - [2026-07-24T06:51:40.276+0000] {dag.py:3239} INFO - Sync 1 DAGs
[2026-07-24T06:51:40.291+0000] {logging_mixin.py:190} INFO - [2026-07-24T06:51:40.291+0000] {dag.py:4180} INFO - Setting next_dagrun for my_dag to None, run_after=None
[2026-07-24T06:51:40.305+0000] {processor.py:208} INFO - Processing /opt/airflow/dags/my_tasks.py took 0.059 seconds
[2026-07-24T06:52:10.505+0000] {processor.py:186} INFO - Started process (PID=2539) to work on /opt/airflow/dags/my_tasks.py
[2026-07-24T06:52:10.513+0000] {processor.py:914} INFO - Processing file /opt/airflow/dags/my_tasks.py for tasks to queue
[2026-07-24T06:52:10.515+0000] {logging_mixin.py:190} INFO - [2026-07-24T06:52:10.515+0000] {dagbag.py:588} INFO - Filling up the DagBag from /opt/airflow/dags/my_tasks.py
[2026-07-24T06:52:10.524+0000] {processor.py:925} INFO - DAG(s) 'my_dag' retrieved from /opt/airflow/dags/my_tasks.py
[2026-07-24T06:52:10.543+0000] {logging_mixin.py:190} INFO - [2026-07-24T06:52:10.542+0000] {dag.py:3239} INFO - Sync 1 DAGs
[2026-07-24T06:52:10.557+0000] {logging_mixin.py:190} INFO - [2026-07-24T06:52:10.557+0000] {dag.py:4180} INFO - Setting next_dagrun for my_dag to None, run_after=None
[2026-07-24T06:52:10.571+0000] {processor.py:208} INFO - Processing /opt/airflow/dags/my_tasks.py took 0.069 seconds
[2026-07-24T06:52:40.792+0000] {processor.py:186} INFO - Started process (PID=2550) to work on /opt/airflow/dags/my_tasks.py
[2026-07-24T06:52:40.800+0000] {processor.py:914} INFO - Processing file /opt/airflow/dags/my_tasks.py for tasks to queue
[2026-07-24T06:52:40.803+0000] {logging_mixin.py:190} INFO - [2026-07-24T06:52:40.803+0000] {dagbag.py:588} INFO - Filling up the DagBag from /opt/airflow/dags/my_tasks.py
[2026-07-24T06:52:40.813+0000] {processor.py:925} INFO - DAG(s) 'my_dag' retrieved from /opt/airflow/dags/my_tasks.py
[2026-07-24T06:52:40.831+0000] {logging_mixin.py:190} INFO - [2026-07-24T06:52:40.831+0000] {dag.py:3239} INFO - Sync 1 DAGs
[2026-07-24T06:52:40.849+0000] {logging_mixin.py:190} INFO - [2026-07-24T06:52:40.849+0000] {dag.py:4180} INFO - Setting next_dagrun for my_dag to None, run_after=None
[2026-07-24T06:52:40.873+0000] {processor.py:208} INFO - Processing /opt/airflow/dags/my_tasks.py took 0.084 seconds
[2026-07-24T06:53:11.081+0000] {processor.py:186} INFO - Started process (PID=2561) to work on /opt/airflow/dags/my_tasks.py
[2026-07-24T06:53:11.089+0000] {processor.py:914} INFO - Processing file /opt/airflow/dags/my_tasks.py for tasks to queue
[2026-07-24T06:53:11.091+0000] {logging_mixin.py:190} INFO - [2026-07-24T06:53:11.090+0000] {dagbag.py:588} INFO - Filling up the DagBag from /opt/airflow/dags/my_tasks.py
[2026-07-24T06:53:11.097+0000] {processor.py:925} INFO - DAG(s) 'my_dag' retrieved from /opt/airflow/dags/my_tasks.py
[2026-07-24T06:53:11.114+0000] {logging_mixin.py:190} INFO - [2026-07-24T06:53:11.114+0000] {dag.py:3239} INFO - Sync 1 DAGs
[2026-07-24T06:53:11.128+0000] {logging_mixin.py:190} INFO - [2026-07-24T06:53:11.128+0000] {dag.py:4180} INFO - Setting next_dagrun for my_dag to None, run_after=None
[2026-07-24T06:53:11.143+0000] {processor.py:208} INFO - Processing /opt/airflow/dags/my_tasks.py took 0.066 seconds
[2026-07-24T06:53:41.368+0000] {processor.py:186} INFO - Started process (PID=2572) to work on /opt/airflow/dags/my_tasks.py
[2026-07-24T06:53:41.374+0000] {processor.py:914} INFO - Processing file /opt/airflow/dags/my_tasks.py for tasks to queue
[2026-07-24T06:53:41.376+0000] {logging_mixin.py:190} INFO - [2026-07-24T06:53:41.376+0000] {dagbag.py:588} INFO - Filling up the DagBag from /opt/airflow/dags/my_tasks.py
[2026-07-24T06:53:41.385+0000] {processor.py:925} INFO - DAG(s) 'my_dag' retrieved from /opt/airflow/dags/my_tasks.py
[2026-07-24T06:53:41.404+0000] {logging_mixin.py:190} INFO - [2026-07-24T06:53:41.404+0000] {dag.py:3239} INFO - Sync 1 DAGs
[2026-07-24T06:53:41.419+0000] {logging_mixin.py:190} INFO - [2026-07-24T06:53:41.419+0000] {dag.py:4180} INFO - Setting next_dagrun for my_dag to None, run_after=None
[2026-07-24T06:53:41.433+0000] {processor.py:208} INFO - Processing /opt/airflow/dags/my_tasks.py took 0.070 seconds
[2026-07-24T06:54:11.624+0000] {processor.py:186} INFO - Started process (PID=2583) to work on /opt/airflow/dags/my_tasks.py
[2026-07-24T06:54:11.632+0000] {processor.py:914} INFO - Processing file /opt/airflow/dags/my_tasks.py for tasks to queue
[2026-07-24T06:54:11.635+0000] {logging_mixin.py:190} INFO - [2026-07-24T06:54:11.635+0000] {dagbag.py:588} INFO - Filling up the DagBag from /opt/airflow/dags/my_tasks.py
[2026-07-24T06:54:11.645+0000] {processor.py:925} INFO - DAG(s) 'my_dag' retrieved from /opt/airflow/dags/my_tasks.py
[2026-07-24T06:54:11.661+0000] {logging_mixin.py:190} INFO - [2026-07-24T06:54:11.661+0000] {dag.py:3239} INFO - Sync 1 DAGs
[2026-07-24T06:54:11.677+0000] {logging_mixin.py:190} INFO - [2026-07-24T06:54:11.677+0000] {dag.py:4180} INFO - Setting next_dagrun for my_dag to None, run_after=None
[2026-07-24T06:54:11.690+0000] {processor.py:208} INFO - Processing /opt/airflow/dags/my_tasks.py took 0.070 seconds
[2026-07-24T06:54:41.888+0000] {processor.py:186} INFO - Started process (PID=2594) to work on /opt/airflow/dags/my_tasks.py
[2026-07-24T06:54:41.890+0000] {processor.py:914} INFO - Processing file /opt/airflow/dags/my_tasks.py for tasks to queue
[2026-07-24T06:54:41.891+0000] {logging_mixin.py:190} INFO - [2026-07-24T06:54:41.891+0000] {dagbag.py:588} INFO - Filling up the DagBag from /opt/airflow/dags/my_tasks.py
[2026-07-24T06:54:41.898+0000] {processor.py:925} INFO - DAG(s) 'my_dag' retrieved from /opt/airflow/dags/my_tasks.py
[2026-07-24T06:54:41.917+0000] {logging_mixin.py:190} INFO - [2026-07-24T06:54:41.917+0000] {dag.py:3239} INFO - Sync 1 DAGs
[2026-07-24T06:54:41.931+0000] {logging_mixin.py:190} INFO - [2026-07-24T06:54:41.931+0000] {dag.py:4180} INFO - Setting next_dagrun for my_dag to None, run_after=None
[2026-07-24T06:54:41.949+0000] {processor.py:208} INFO - Processing /opt/airflow/dags/my_tasks.py took 0.064 seconds
[2026-07-24T06:55:12.174+0000] {processor.py:186} INFO - Started process (PID=2605) to work on /opt/airflow/dags/my_tasks.py
[2026-07-24T06:55:12.182+0000] {processor.py:914} INFO - Processing file /opt/airflow/dags/my_tasks.py for tasks to queue
[2026-07-24T06:55:12.184+0000] {logging_mixin.py:190} INFO - [2026-07-24T06:55:12.184+0000] {dagbag.py:588} INFO - Filling up the DagBag from /opt/airflow/dags/my_tasks.py
[2026-07-24T06:55:12.195+0000] {processor.py:925} INFO - DAG(s) 'my_dag' retrieved from /opt/airflow/dags/my_tasks.py
[2026-07-24T06:55:12.212+0000] {logging_mixin.py:190} INFO - [2026-07-24T06:55:12.212+0000] {dag.py:3239} INFO - Sync 1 DAGs
[2026-07-24T06:55:12.227+0000] {logging_mixin.py:190} INFO - [2026-07-24T06:55:12.227+0000] {dag.py:4180} INFO - Setting next_dagrun for my_dag to None, run_after=None
[2026-07-24T06:55:12.241+0000] {processor.py:208} INFO - Processing /opt/airflow/dags/my_tasks.py took 0.071 seconds
[2026-07-24T06:55:42.455+0000] {processor.py:186} INFO - Started process (PID=2616) to work on /opt/airflow/dags/my_tasks.py
[2026-07-24T06:55:42.456+0000] {processor.py:914} INFO - Processing file /opt/airflow/dags/my_tasks.py for tasks to queue
[2026-07-24T06:55:42.458+0000] {logging_mixin.py:190} INFO - [2026-07-24T06:55:42.457+0000] {dagbag.py:588} INFO - Filling up the DagBag from /opt/airflow/dags/my_tasks.py
[2026-07-24T06:55:42.465+0000] {processor.py:925} INFO - DAG(s) 'my_dag' retrieved from /opt/airflow/dags/my_tasks.py
[2026-07-24T06:55:42.482+0000] {logging_mixin.py:190} INFO - [2026-07-24T06:55:42.482+0000] {dag.py:3239} INFO - Sync 1 DAGs
[2026-07-24T06:55:42.497+0000] {logging_mixin.py:190} INFO - [2026-07-24T06:55:42.497+0000] {dag.py:4180} INFO - Setting next_dagrun for my_dag to None, run_after=None
[2026-07-24T06:55:42.510+0000] {processor.py:208} INFO - Processing /opt/airflow/dags/my_tasks.py took 0.059 seconds
[2026-07-24T06:56:12.727+0000] {processor.py:186} INFO - Started process (PID=2627) to work on /opt/airflow/dags/my_tasks.py
[2026-07-24T06:56:12.735+0000] {processor.py:914} INFO - Processing file /opt/airflow/dags/my_tasks.py for tasks to queue
[2026-07-24T06:56:12.737+0000] {logging_mixin.py:190} INFO - [2026-07-24T06:56:12.737+0000] {dagbag.py:588} INFO - Filling up the DagBag from /opt/airflow/dags/my_tasks.py
[2026-07-24T06:56:12.743+0000] {processor.py:925} INFO - DAG(s) 'my_dag' retrieved from /opt/airflow/dags/my_tasks.py
[2026-07-24T06:56:12.760+0000] {logging_mixin.py:190} INFO - [2026-07-24T06:56:12.760+0000] {dag.py:3239} INFO - Sync 1 DAGs
[2026-07-24T06:56:12.775+0000] {logging_mixin.py:190} INFO - [2026-07-24T06:56:12.775+0000] {dag.py:4180} INFO - Setting next_dagrun for my_dag to None, run_after=None
[2026-07-24T06:56:12.789+0000] {processor.py:208} INFO - Processing /opt/airflow/dags/my_tasks.py took 0.065 seconds
[2026-07-24T06:56:43.005+0000] {processor.py:186} INFO - Started process (PID=2638) to work on /opt/airflow/dags/my_tasks.py
[2026-07-24T06:56:43.006+0000] {processor.py:914} INFO - Processing file /opt/airflow/dags/my_tasks.py for tasks to queue
[2026-07-24T06:56:43.007+0000] {logging_mixin.py:190} INFO - [2026-07-24T06:56:43.007+0000] {dagbag.py:588} INFO - Filling up the DagBag from /opt/airflow/dags/my_tasks.py
[2026-07-24T06:56:43.014+0000] {processor.py:925} INFO - DAG(s) 'my_dag' retrieved from /opt/airflow/dags/my_tasks.py
[2026-07-24T06:56:43.031+0000] {logging_mixin.py:190} INFO - [2026-07-24T06:56:43.031+0000] {dag.py:3239} INFO - Sync 1 DAGs
[2026-07-24T06:56:43.047+0000] {logging_mixin.py:190} INFO - [2026-07-24T06:56:43.047+0000] {dag.py:4180} INFO - Setting next_dagrun for my_dag to None, run_after=None
[2026-07-24T06:56:43.062+0000] {processor.py:208} INFO - Processing /opt/airflow/dags/my_tasks.py took 0.061 seconds
[2026-07-24T06:57:13.266+0000] {processor.py:186} INFO - Started process (PID=2649) to work on /opt/airflow/dags/my_tasks.py
[2026-07-24T06:57:13.266+0000] {processor.py:914} INFO - Processing file /opt/airflow/dags/my_tasks.py for tasks to queue
[2026-07-24T06:57:13.268+0000] {logging_mixin.py:190} INFO - [2026-07-24T06:57:13.268+0000] {dagbag.py:588} INFO - Filling up the DagBag from /opt/airflow/dags/my_tasks.py
[2026-07-24T06:57:13.275+0000] {processor.py:925} INFO - DAG(s) 'my_dag' retrieved from /opt/airflow/dags/my_tasks.py
[2026-07-24T06:57:13.293+0000] {logging_mixin.py:190} INFO - [2026-07-24T06:57:13.293+0000] {dag.py:3239} INFO - Sync 1 DAGs
[2026-07-24T06:57:13.308+0000] {logging_mixin.py:190} INFO - [2026-07-24T06:57:13.308+0000] {dag.py:4180} INFO - Setting next_dagrun for my_dag to None, run_after=None
[2026-07-24T06:57:13.322+0000] {processor.py:208} INFO - Processing /opt/airflow/dags/my_tasks.py took 0.060 seconds
[2026-07-24T06:57:43.543+0000] {processor.py:186} INFO - Started process (PID=2660) to work on /opt/airflow/dags/my_tasks.py
[2026-07-24T06:57:43.552+0000] {processor.py:914} INFO - Processing file /opt/airflow/dags/my_tasks.py for tasks to queue
[2026-07-24T06:57:43.555+0000] {logging_mixin.py:190} INFO - [2026-07-24T06:57:43.554+0000] {dagbag.py:588} INFO - Filling up the DagBag from /opt/airflow/dags/my_tasks.py
[2026-07-24T06:57:43.567+0000] {processor.py:925} INFO - DAG(s) 'my_dag' retrieved from /opt/airflow/dags/my_tasks.py
[2026-07-24T06:57:43.585+0000] {logging_mixin.py:190} INFO - [2026-07-24T06:57:43.585+0000] {dag.py:3239} INFO - Sync 1 DAGs
[2026-07-24T06:57:43.601+0000] {logging_mixin.py:190} INFO - [2026-07-24T06:57:43.600+0000] {dag.py:4180} INFO - Setting next_dagrun for my_dag to None, run_after=None
[2026-07-24T06:57:43.621+0000] {processor.py:208} INFO - Processing /opt/airflow/dags/my_tasks.py took 0.082 seconds
[2026-07-24T06:58:13.836+0000] {processor.py:186} INFO - Started process (PID=2671) to work on /opt/airflow/dags/my_tasks.py
[2026-07-24T06:58:13.844+0000] {processor.py:914} INFO - Processing file /opt/airflow/dags/my_tasks.py for tasks to queue
[2026-07-24T06:58:13.846+0000] {logging_mixin.py:190} INFO - [2026-07-24T06:58:13.846+0000] {dagbag.py:588} INFO - Filling up the DagBag from /opt/airflow/dags/my_tasks.py
[2026-07-24T06:58:13.855+0000] {processor.py:925} INFO - DAG(s) 'my_dag' retrieved from /opt/airflow/dags/my_tasks.py
[2026-07-24T06:58:13.872+0000] {logging_mixin.py:190} INFO - [2026-07-24T06:58:13.872+0000] {dag.py:3239} INFO - Sync 1 DAGs
[2026-07-24T06:58:13.886+0000] {logging_mixin.py:190} INFO - [2026-07-24T06:58:13.886+0000] {dag.py:4180} INFO - Setting next_dagrun for my_dag to None, run_after=None
[2026-07-24T06:58:13.900+0000] {processor.py:208} INFO - Processing /opt/airflow/dags/my_tasks.py took 0.068 seconds
[2026-07-24T06:58:44.109+0000] {processor.py:186} INFO - Started process (PID=2682) to work on /opt/airflow/dags/my_tasks.py
[2026-07-24T06:58:44.115+0000] {processor.py:914} INFO - Processing file /opt/airflow/dags/my_tasks.py for tasks to queue
[2026-07-24T06:58:44.117+0000] {logging_mixin.py:190} INFO - [2026-07-24T06:58:44.117+0000] {dagbag.py:588} INFO - Filling up the DagBag from /opt/airflow/dags/my_tasks.py
[2026-07-24T06:58:44.128+0000] {processor.py:925} INFO - DAG(s) 'my_dag' retrieved from /opt/airflow/dags/my_tasks.py
[2026-07-24T06:58:44.145+0000] {logging_mixin.py:190} INFO - [2026-07-24T06:58:44.145+0000] {dag.py:3239} INFO - Sync 1 DAGs
[2026-07-24T06:58:44.160+0000] {logging_mixin.py:190} INFO - [2026-07-24T06:58:44.160+0000] {dag.py:4180} INFO - Setting next_dagrun for my_dag to None, run_after=None
[2026-07-24T06:58:44.176+0000] {processor.py:208} INFO - Processing /opt/airflow/dags/my_tasks.py took 0.070 seconds
[2026-07-24T06:59:14.384+0000] {processor.py:186} INFO - Started process (PID=2693) to work on /opt/airflow/dags/my_tasks.py
[2026-07-24T06:59:14.384+0000] {processor.py:914} INFO - Processing file /opt/airflow/dags/my_tasks.py for tasks to queue
[2026-07-24T06:59:14.386+0000] {logging_mixin.py:190} INFO - [2026-07-24T06:59:14.386+0000] {dagbag.py:588} INFO - Filling up the DagBag from /opt/airflow/dags/my_tasks.py
[2026-07-24T06:59:14.392+0000] {processor.py:925} INFO - DAG(s) 'my_dag' retrieved from /opt/airflow/dags/my_tasks.py
[2026-07-24T06:59:14.410+0000] {logging_mixin.py:190} INFO - [2026-07-24T06:59:14.409+0000] {dag.py:3239} INFO - Sync 1 DAGs
[2026-07-24T06:59:14.426+0000] {logging_mixin.py:190} INFO - [2026-07-24T06:59:14.425+0000] {dag.py:4180} INFO - Setting next_dagrun for my_dag to None, run_after=None
[2026-07-24T06:59:14.439+0000] {processor.py:208} INFO - Processing /opt/airflow/dags/my_tasks.py took 0.059 seconds
[2026-07-24T06:59:44.641+0000] {processor.py:186} INFO - Started process (PID=2704) to work on /opt/airflow/dags/my_tasks.py
[2026-07-24T06:59:44.650+0000] {processor.py:914} INFO - Processing file /opt/airflow/dags/my_tasks.py for tasks to queue
[2026-07-24T06:59:44.653+0000] {logging_mixin.py:190} INFO - [2026-07-24T06:59:44.653+0000] {dagbag.py:588} INFO - Filling up the DagBag from /opt/airflow/dags/my_tasks.py
[2026-07-24T06:59:44.661+0000] {processor.py:925} INFO - DAG(s) 'my_dag' retrieved from /opt/airflow/dags/my_tasks.py
[2026-07-24T06:59:44.678+0000] {logging_mixin.py:190} INFO - [2026-07-24T06:59:44.677+0000] {dag.py:3239} INFO - Sync 1 DAGs
[2026-07-24T06:59:44.692+0000] {logging_mixin.py:190} INFO - [2026-07-24T06:59:44.692+0000] {dag.py:4180} INFO - Setting next_dagrun for my_dag to None, run_after=None
[2026-07-24T06:59:44.706+0000] {processor.py:208} INFO - Processing /opt/airflow/dags/my_tasks.py took 0.070 seconds
[2026-07-24T07:00:14.905+0000] {processor.py:186} INFO - Started process (PID=2715) to work on /opt/airflow/dags/my_tasks.py
[2026-07-24T07:00:14.913+0000] {processor.py:914} INFO - Processing file /opt/airflow/dags/my_tasks.py for tasks to queue
[2026-07-24T07:00:14.915+0000] {logging_mixin.py:190} INFO - [2026-07-24T07:00:14.915+0000] {dagbag.py:588} INFO - Filling up the DagBag from /opt/airflow/dags/my_tasks.py
[2026-07-24T07:00:14.925+0000] {processor.py:925} INFO - DAG(s) 'my_dag' retrieved from /opt/airflow/dags/my_tasks.py
[2026-07-24T07:00:14.942+0000] {logging_mixin.py:190} INFO - [2026-07-24T07:00:14.942+0000] {dag.py:3239} INFO - Sync 1 DAGs
[2026-07-24T07:00:14.957+0000] {logging_mixin.py:190} INFO - [2026-07-24T07:00:14.956+0000] {dag.py:4180} INFO - Setting next_dagrun for my_dag to None, run_after=None
[2026-07-24T07:00:14.971+0000] {processor.py:208} INFO - Processing /opt/airflow/dags/my_tasks.py took 0.070 seconds
[2026-07-24T07:00:45.184+0000] {processor.py:186} INFO - Started process (PID=2726) to work on /opt/airflow/dags/my_tasks.py
[2026-07-24T07:00:45.191+0000] {processor.py:914} INFO - Processing file /opt/airflow/dags/my_tasks.py for tasks to queue
[2026-07-24T07:00:45.194+0000] {logging_mixin.py:190} INFO - [2026-07-24T07:00:45.193+0000] {dagbag.py:588} INFO - Filling up the DagBag from /opt/airflow/dags/my_tasks.py
[2026-07-24T07:00:45.205+0000] {processor.py:925} INFO - DAG(s) 'my_dag' retrieved from /opt/airflow/dags/my_tasks.py
[2026-07-24T07:00:45.221+0000] {logging_mixin.py:190} INFO - [2026-07-24T07:00:45.221+0000] {dag.py:3239} INFO - Sync 1 DAGs
[2026-07-24T07:00:45.236+0000] {logging_mixin.py:190} INFO - [2026-07-24T07:00:45.236+0000] {dag.py:4180} INFO - Setting next_dagrun for my_dag to None, run_after=None
[2026-07-24T07:00:45.350+0000] {processor.py:208} INFO - Processing /opt/airflow/dags/my_tasks.py took 0.170 seconds
[2026-07-24T07:01:15.430+0000] {processor.py:186} INFO - Started process (PID=2737) to work on /opt/airflow/dags/my_tasks.py
[2026-07-24T07:01:15.431+0000] {processor.py:914} INFO - Processing file /opt/airflow/dags/my_tasks.py for tasks to queue
[2026-07-24T07:01:15.433+0000] {logging_mixin.py:190} INFO - [2026-07-24T07:01:15.432+0000] {dagbag.py:588} INFO - Filling up the DagBag from /opt/airflow/dags/my_tasks.py
[2026-07-24T07:01:15.441+0000] {processor.py:925} INFO - DAG(s) 'my_dag' retrieved from /opt/airflow/dags/my_tasks.py
[2026-07-24T07:01:15.460+0000] {logging_mixin.py:190} INFO - [2026-07-24T07:01:15.459+0000] {dag.py:3239} INFO - Sync 1 DAGs
[2026-07-24T07:01:15.475+0000] {logging_mixin.py:190} INFO - [2026-07-24T07:01:15.475+0000] {dag.py:4180} INFO - Setting next_dagrun for my_dag to None, run_after=None
[2026-07-24T07:01:15.489+0000] {processor.py:208} INFO - Processing /opt/airflow/dags/my_tasks.py took 0.064 seconds
[2026-07-24T07:01:45.685+0000] {processor.py:186} INFO - Started process (PID=2748) to work on /opt/airflow/dags/my_tasks.py
[2026-07-24T07:01:45.693+0000] {processor.py:914} INFO - Processing file /opt/airflow/dags/my_tasks.py for tasks to queue
[2026-07-24T07:01:45.697+0000] {logging_mixin.py:190} INFO - [2026-07-24T07:01:45.696+0000] {dagbag.py:588} INFO - Filling up the DagBag from /opt/airflow/dags/my_tasks.py
[2026-07-24T07:01:45.707+0000] {processor.py:925} INFO - DAG(s) 'my_dag' retrieved from /opt/airflow/dags/my_tasks.py
[2026-07-24T07:01:45.723+0000] {logging_mixin.py:190} INFO - [2026-07-24T07:01:45.723+0000] {dag.py:3239} INFO - Sync 1 DAGs
[2026-07-24T07:01:45.738+0000] {logging_mixin.py:190} INFO - [2026-07-24T07:01:45.738+0000] {dag.py:4180} INFO - Setting next_dagrun for my_dag to None, run_after=None
[2026-07-24T07:01:45.752+0000] {processor.py:208} INFO - Processing /opt/airflow/dags/my_tasks.py took 0.070 seconds
[2026-07-24T07:02:15.970+0000] {processor.py:186} INFO - Started process (PID=2759) to work on /opt/airflow/dags/my_tasks.py
[2026-07-24T07:02:15.978+0000] {processor.py:914} INFO - Processing file /opt/airflow/dags/my_tasks.py for tasks to queue
[2026-07-24T07:02:15.981+0000] {logging_mixin.py:190} INFO - [2026-07-24T07:02:15.981+0000] {dagbag.py:588} INFO - Filling up the DagBag from /opt/airflow/dags/my_tasks.py
[2026-07-24T07:02:15.991+0000] {processor.py:925} INFO - DAG(s) 'my_dag' retrieved from /opt/airflow/dags/my_tasks.py
[2026-07-24T07:02:16.008+0000] {logging_mixin.py:190} INFO - [2026-07-24T07:02:16.007+0000] {dag.py:3239} INFO - Sync 1 DAGs
[2026-07-24T07:02:16.023+0000] {logging_mixin.py:190} INFO - [2026-07-24T07:02:16.023+0000] {dag.py:4180} INFO - Setting next_dagrun for my_dag to None, run_after=None
[2026-07-24T07:02:16.037+0000] {processor.py:208} INFO - Processing /opt/airflow/dags/my_tasks.py took 0.070 seconds
[2026-07-24T07:02:46.255+0000] {processor.py:186} INFO - Started process (PID=2770) to work on /opt/airflow/dags/my_tasks.py
[2026-07-24T07:02:46.263+0000] {processor.py:914} INFO - Processing file /opt/airflow/dags/my_tasks.py for tasks to queue
[2026-07-24T07:02:46.265+0000] {logging_mixin.py:190} INFO - [2026-07-24T07:02:46.264+0000] {dagbag.py:588} INFO - Filling up the DagBag from /opt/airflow/dags/my_tasks.py
[2026-07-24T07:02:46.275+0000] {processor.py:925} INFO - DAG(s) 'my_dag' retrieved from /opt/airflow/dags/my_tasks.py
[2026-07-24T07:02:46.292+0000] {logging_mixin.py:190} INFO - [2026-07-24T07:02:46.292+0000] {dag.py:3239} INFO - Sync 1 DAGs
[2026-07-24T07:02:46.307+0000] {logging_mixin.py:190} INFO - [2026-07-24T07:02:46.307+0000] {dag.py:4180} INFO - Setting next_dagrun for my_dag to None, run_after=None
[2026-07-24T07:02:46.321+0000] {processor.py:208} INFO - Processing /opt/airflow/dags/my_tasks.py took 0.070 seconds
[2026-07-24T07:03:16.491+0000] {processor.py:186} INFO - Started process (PID=2781) to work on /opt/airflow/dags/my_tasks.py
[2026-07-24T07:03:16.499+0000] {processor.py:914} INFO - Processing file /opt/airflow/dags/my_tasks.py for tasks to queue
[2026-07-24T07:03:16.502+0000] {logging_mixin.py:190} INFO - [2026-07-24T07:03:16.501+0000] {dagbag.py:588} INFO - Filling up the DagBag from /opt/airflow/dags/my_tasks.py
[2026-07-24T07:03:16.512+0000] {processor.py:925} INFO - DAG(s) 'my_dag' retrieved from /opt/airflow/dags/my_tasks.py
[2026-07-24T07:03:16.529+0000] {logging_mixin.py:190} INFO - [2026-07-24T07:03:16.529+0000] {dag.py:3239} INFO - Sync 1 DAGs
[2026-07-24T07:03:16.545+0000] {logging_mixin.py:190} INFO - [2026-07-24T07:03:16.544+0000] {dag.py:4180} INFO - Setting next_dagrun for my_dag to None, run_after=None
[2026-07-24T07:03:16.558+0000] {processor.py:208} INFO - Processing /opt/airflow/dags/my_tasks.py took 0.071 seconds
[2026-07-24T07:03:46.776+0000] {processor.py:186} INFO - Started process (PID=2792) to work on /opt/airflow/dags/my_tasks.py
[2026-07-24T07:03:46.776+0000] {processor.py:914} INFO - Processing file /opt/airflow/dags/my_tasks.py for tasks to queue
[2026-07-24T07:03:46.778+0000] {logging_mixin.py:190} INFO - [2026-07-24T07:03:46.778+0000] {dagbag.py:588} INFO - Filling up the DagBag from /opt/airflow/dags/my_tasks.py
[2026-07-24T07:03:46.784+0000] {processor.py:925} INFO - DAG(s) 'my_dag' retrieved from /opt/airflow/dags/my_tasks.py
[2026-07-24T07:03:46.801+0000] {logging_mixin.py:190} INFO - [2026-07-24T07:03:46.801+0000] {dag.py:3239} INFO - Sync 1 DAGs
[2026-07-24T07:03:46.815+0000] {logging_mixin.py:190} INFO - [2026-07-24T07:03:46.815+0000] {dag.py:4180} INFO - Setting next_dagrun for my_dag to None, run_after=None
[2026-07-24T07:03:46.829+0000] {processor.py:208} INFO - Processing /opt/airflow/dags/my_tasks.py took 0.058 seconds
[2026-07-24T07:04:17.029+0000] {processor.py:186} INFO - Started process (PID=2803) to work on /opt/airflow/dags/my_tasks.py
[2026-07-24T07:04:17.030+0000] {processor.py:914} INFO - Processing file /opt/airflow/dags/my_tasks.py for tasks to queue
[2026-07-24T07:04:17.031+0000] {logging_mixin.py:190} INFO - [2026-07-24T07:04:17.031+0000] {dagbag.py:588} INFO - Filling up the DagBag from /opt/airflow/dags/my_tasks.py
[2026-07-24T07:04:17.038+0000] {processor.py:925} INFO - DAG(s) 'my_dag' retrieved from /opt/airflow/dags/my_tasks.py
[2026-07-24T07:04:17.055+0000] {logging_mixin.py:190} INFO - [2026-07-24T07:04:17.055+0000] {dag.py:3239} INFO - Sync 1 DAGs
[2026-07-24T07:04:17.070+0000] {logging_mixin.py:190} INFO - [2026-07-24T07:04:17.070+0000] {dag.py:4180} INFO - Setting next_dagrun for my_dag to None, run_after=None
[2026-07-24T07:04:17.084+0000] {processor.py:208} INFO - Processing /opt/airflow/dags/my_tasks.py took 0.058 seconds
[2026-07-24T07:04:47.287+0000] {processor.py:186} INFO - Started process (PID=2814) to work on /opt/airflow/dags/my_tasks.py
[2026-07-24T07:04:47.295+0000] {processor.py:914} INFO - Processing file /opt/airflow/dags/my_tasks.py for tasks to queue
[2026-07-24T07:04:47.297+0000] {logging_mixin.py:190} INFO - [2026-07-24T07:04:47.296+0000] {dagbag.py:588} INFO - Filling up the DagBag from /opt/airflow/dags/my_tasks.py
[2026-07-24T07:04:47.304+0000] {processor.py:925} INFO - DAG(s) 'my_dag' retrieved from /opt/airflow/dags/my_tasks.py
[2026-07-24T07:04:47.323+0000] {logging_mixin.py:190} INFO - [2026-07-24T07:04:47.323+0000] {dag.py:3239} INFO - Sync 1 DAGs
[2026-07-24T07:04:47.338+0000] {logging_mixin.py:190} INFO - [2026-07-24T07:04:47.338+0000] {dag.py:4180} INFO - Setting next_dagrun for my_dag to None, run_after=None
[2026-07-24T07:04:47.354+0000] {processor.py:208} INFO - Processing /opt/airflow/dags/my_tasks.py took 0.072 seconds
[2026-07-24T07:05:17.571+0000] {processor.py:186} INFO - Started process (PID=2825) to work on /opt/airflow/dags/my_tasks.py
[2026-07-24T07:05:17.572+0000] {processor.py:914} INFO - Processing file /opt/airflow/dags/my_tasks.py for tasks to queue
[2026-07-24T07:05:17.574+0000] {logging_mixin.py:190} INFO - [2026-07-24T07:05:17.573+0000] {dagbag.py:588} INFO - Filling up the DagBag from /opt/airflow/dags/my_tasks.py
[2026-07-24T07:05:17.581+0000] {processor.py:925} INFO - DAG(s) 'my_dag' retrieved from /opt/airflow/dags/my_tasks.py
[2026-07-24T07:05:17.598+0000] {logging_mixin.py:190} INFO - [2026-07-24T07:05:17.598+0000] {dag.py:3239} INFO - Sync 1 DAGs
[2026-07-24T07:05:17.614+0000] {logging_mixin.py:190} INFO - [2026-07-24T07:05:17.614+0000] {dag.py:4180} INFO - Setting next_dagrun for my_dag to None, run_after=None
[2026-07-24T07:05:17.629+0000] {processor.py:208} INFO - Processing /opt/airflow/dags/my_tasks.py took 0.061 seconds
[2026-07-24T07:05:47.838+0000] {processor.py:186} INFO - Started process (PID=2836) to work on /opt/airflow/dags/my_tasks.py
[2026-07-24T07:05:47.847+0000] {processor.py:914} INFO - Processing file /opt/airflow/dags/my_tasks.py for tasks to queue
[2026-07-24T07:05:47.849+0000] {logging_mixin.py:190} INFO - [2026-07-24T07:05:47.849+0000] {dagbag.py:588} INFO - Filling up the DagBag from /opt/airflow/dags/my_tasks.py
[2026-07-24T07:05:47.857+0000] {processor.py:925} INFO - DAG(s) 'my_dag' retrieved from /opt/airflow/dags/my_tasks.py
[2026-07-24T07:05:47.877+0000] {logging_mixin.py:190} INFO - [2026-07-24T07:05:47.877+0000] {dag.py:3239} INFO - Sync 1 DAGs
[2026-07-24T07:05:47.892+0000] {logging_mixin.py:190} INFO - [2026-07-24T07:05:47.892+0000] {dag.py:4180} INFO - Setting next_dagrun for my_dag to None, run_after=None
[2026-07-24T07:05:47.906+0000] {processor.py:208} INFO - Processing /opt/airflow/dags/my_tasks.py took 0.073 seconds
[2026-07-24T07:06:18.082+0000] {processor.py:186} INFO - Started process (PID=2847) to work on /opt/airflow/dags/my_tasks.py
[2026-07-24T07:06:18.082+0000] {processor.py:914} INFO - Processing file /opt/airflow/dags/my_tasks.py for tasks to queue
[2026-07-24T07:06:18.084+0000] {logging_mixin.py:190} INFO - [2026-07-24T07:06:18.084+0000] {dagbag.py:588} INFO - Filling up the DagBag from /opt/airflow/dags/my_tasks.py
[2026-07-24T07:06:18.092+0000] {processor.py:925} INFO - DAG(s) 'my_dag' retrieved from /opt/airflow/dags/my_tasks.py
[2026-07-24T07:06:18.111+0000] {logging_mixin.py:190} INFO - [2026-07-24T07:06:18.110+0000] {dag.py:3239} INFO - Sync 1 DAGs
[2026-07-24T07:06:18.126+0000] {logging_mixin.py:190} INFO - [2026-07-24T07:06:18.126+0000] {dag.py:4180} INFO - Setting next_dagrun for my_dag to None, run_after=None
[2026-07-24T07:06:18.259+0000] {processor.py:208} INFO - Processing /opt/airflow/dags/my_tasks.py took 0.181 seconds
[2026-07-24T07:06:48.364+0000] {processor.py:186} INFO - Started process (PID=2858) to work on /opt/airflow/dags/my_tasks.py
[2026-07-24T07:06:48.372+0000] {processor.py:914} INFO - Processing file /opt/airflow/dags/my_tasks.py for tasks to queue
[2026-07-24T07:06:48.376+0000] {logging_mixin.py:190} INFO - [2026-07-24T07:06:48.374+0000] {dagbag.py:588} INFO - Filling up the DagBag from /opt/airflow/dags/my_tasks.py
[2026-07-24T07:06:48.384+0000] {processor.py:925} INFO - DAG(s) 'my_dag' retrieved from /opt/airflow/dags/my_tasks.py
[2026-07-24T07:06:48.402+0000] {logging_mixin.py:190} INFO - [2026-07-24T07:06:48.402+0000] {dag.py:3239} INFO - Sync 1 DAGs
[2026-07-24T07:06:48.417+0000] {logging_mixin.py:190} INFO - [2026-07-24T07:06:48.417+0000] {dag.py:4180} INFO - Setting next_dagrun for my_dag to None, run_after=None
[2026-07-24T07:06:48.431+0000] {processor.py:208} INFO - Processing /opt/airflow/dags/my_tasks.py took 0.073 seconds
[2026-07-24T07:07:18.599+0000] {processor.py:186} INFO - Started process (PID=2869) to work on /opt/airflow/dags/my_tasks.py
[2026-07-24T07:07:18.600+0000] {processor.py:914} INFO - Processing file /opt/airflow/dags/my_tasks.py for tasks to queue
[2026-07-24T07:07:18.602+0000] {logging_mixin.py:190} INFO - [2026-07-24T07:07:18.602+0000] {dagbag.py:588} INFO - Filling up the DagBag from /opt/airflow/dags/my_tasks.py
[2026-07-24T07:07:18.609+0000] {processor.py:925} INFO - DAG(s) 'my_dag' retrieved from /opt/airflow/dags/my_tasks.py
[2026-07-24T07:07:18.626+0000] {logging_mixin.py:190} INFO - [2026-07-24T07:07:18.626+0000] {dag.py:3239} INFO - Sync 1 DAGs
[2026-07-24T07:07:18.641+0000] {logging_mixin.py:190} INFO - [2026-07-24T07:07:18.641+0000] {dag.py:4180} INFO - Setting next_dagrun for my_dag to None, run_after=None
[2026-07-24T07:07:18.654+0000] {processor.py:208} INFO - Processing /opt/airflow/dags/my_tasks.py took 0.060 seconds
[2026-07-24T07:07:48.875+0000] {processor.py:186} INFO - Started process (PID=2880) to work on /opt/airflow/dags/my_tasks.py
[2026-07-24T07:07:48.883+0000] {processor.py:914} INFO - Processing file /opt/airflow/dags/my_tasks.py for tasks to queue
[2026-07-24T07:07:48.886+0000] {logging_mixin.py:190} INFO - [2026-07-24T07:07:48.886+0000] {dagbag.py:588} INFO - Filling up the DagBag from /opt/airflow/dags/my_tasks.py
[2026-07-24T07:07:48.896+0000] {processor.py:925} INFO - DAG(s) 'my_dag' retrieved from /opt/airflow/dags/my_tasks.py
[2026-07-24T07:07:48.913+0000] {logging_mixin.py:190} INFO - [2026-07-24T07:07:48.913+0000] {dag.py:3239} INFO - Sync 1 DAGs
[2026-07-24T07:07:48.928+0000] {logging_mixin.py:190} INFO - [2026-07-24T07:07:48.928+0000] {dag.py:4180} INFO - Setting next_dagrun for my_dag to None, run_after=None
[2026-07-24T07:07:48.942+0000] {processor.py:208} INFO - Processing /opt/airflow/dags/my_tasks.py took 0.070 seconds
[2026-07-24T07:08:19.166+0000] {processor.py:186} INFO - Started process (PID=2891) to work on /opt/airflow/dags/my_tasks.py
[2026-07-24T07:08:19.166+0000] {processor.py:914} INFO - Processing file /opt/airflow/dags/my_tasks.py for tasks to queue
[2026-07-24T07:08:19.167+0000] {logging_mixin.py:190} INFO - [2026-07-24T07:08:19.167+0000] {dagbag.py:588} INFO - Filling up the DagBag from /opt/airflow/dags/my_tasks.py
[2026-07-24T07:08:19.174+0000] {processor.py:925} INFO - DAG(s) 'my_dag' retrieved from /opt/airflow/dags/my_tasks.py
[2026-07-24T07:08:19.190+0000] {logging_mixin.py:190} INFO - [2026-07-24T07:08:19.190+0000] {dag.py:3239} INFO - Sync 1 DAGs
[2026-07-24T07:08:19.206+0000] {logging_mixin.py:190} INFO - [2026-07-24T07:08:19.206+0000] {dag.py:4180} INFO - Setting next_dagrun for my_dag to None, run_after=None
[2026-07-24T07:08:19.220+0000] {processor.py:208} INFO - Processing /opt/airflow/dags/my_tasks.py took 0.058 seconds
[2026-07-24T07:08:49.450+0000] {processor.py:186} INFO - Started process (PID=2902) to work on /opt/airflow/dags/my_tasks.py
[2026-07-24T07:08:49.458+0000] {processor.py:914} INFO - Processing file /opt/airflow/dags/my_tasks.py for tasks to queue
[2026-07-24T07:08:49.459+0000] {logging_mixin.py:190} INFO - [2026-07-24T07:08:49.459+0000] {dagbag.py:588} INFO - Filling up the DagBag from /opt/airflow/dags/my_tasks.py
[2026-07-24T07:08:49.466+0000] {processor.py:925} INFO - DAG(s) 'my_dag' retrieved from /opt/airflow/dags/my_tasks.py
[2026-07-24T07:08:49.483+0000] {logging_mixin.py:190} INFO - [2026-07-24T07:08:49.483+0000] {dag.py:3239} INFO - Sync 1 DAGs
[2026-07-24T07:08:49.498+0000] {logging_mixin.py:190} INFO - [2026-07-24T07:08:49.497+0000] {dag.py:4180} INFO - Setting next_dagrun for my_dag to None, run_after=None
[2026-07-24T07:08:49.511+0000] {processor.py:208} INFO - Processing /opt/airflow/dags/my_tasks.py took 0.066 seconds
[2026-07-24T07:09:19.711+0000] {processor.py:186} INFO - Started process (PID=2913) to work on /opt/airflow/dags/my_tasks.py
[2026-07-24T07:09:19.711+0000] {processor.py:914} INFO - Processing file /opt/airflow/dags/my_tasks.py for tasks to queue
[2026-07-24T07:09:19.713+0000] {logging_mixin.py:190} INFO - [2026-07-24T07:09:19.713+0000] {dagbag.py:588} INFO - Filling up the DagBag from /opt/airflow/dags/my_tasks.py
[2026-07-24T07:09:19.720+0000] {processor.py:925} INFO - DAG(s) 'my_dag' retrieved from /opt/airflow/dags/my_tasks.py
[2026-07-24T07:09:19.737+0000] {logging_mixin.py:190} INFO - [2026-07-24T07:09:19.737+0000] {dag.py:3239} INFO - Sync 1 DAGs
[2026-07-24T07:09:19.752+0000] {logging_mixin.py:190} INFO - [2026-07-24T07:09:19.751+0000] {dag.py:4180} INFO - Setting next_dagrun for my_dag to None, run_after=None
[2026-07-24T07:09:19.765+0000] {processor.py:208} INFO - Processing /opt/airflow/dags/my_tasks.py took 0.058 seconds
[2026-07-24T07:09:50.018+0000] {processor.py:186} INFO - Started process (PID=2924) to work on /opt/airflow/dags/my_tasks.py
[2026-07-24T07:09:50.026+0000] {processor.py:914} INFO - Processing file /opt/airflow/dags/my_tasks.py for tasks to queue
[2026-07-24T07:09:50.029+0000] {logging_mixin.py:190} INFO - [2026-07-24T07:09:50.029+0000] {dagbag.py:588} INFO - Filling up the DagBag from /opt/airflow/dags/my_tasks.py
[2026-07-24T07:09:50.039+0000] {processor.py:925} INFO - DAG(s) 'my_dag' retrieved from /opt/airflow/dags/my_tasks.py
[2026-07-24T07:09:50.056+0000] {logging_mixin.py:190} INFO - [2026-07-24T07:09:50.056+0000] {dag.py:3239} INFO - Sync 1 DAGs
[2026-07-24T07:09:50.071+0000] {logging_mixin.py:190} INFO - [2026-07-24T07:09:50.071+0000] {dag.py:4180} INFO - Setting next_dagrun for my_dag to None, run_after=None
[2026-07-24T07:09:50.086+0000] {processor.py:208} INFO - Processing /opt/airflow/dags/my_tasks.py took 0.072 seconds
[2026-07-24T07:10:20.312+0000] {processor.py:186} INFO - Started process (PID=2935) to work on /opt/airflow/dags/my_tasks.py
[2026-07-24T07:10:20.320+0000] {processor.py:914} INFO - Processing file /opt/airflow/dags/my_tasks.py for tasks to queue
[2026-07-24T07:10:20.322+0000] {logging_mixin.py:190} INFO - [2026-07-24T07:10:20.322+0000] {dagbag.py:588} INFO - Filling up the DagBag from /opt/airflow/dags/my_tasks.py
[2026-07-24T07:10:20.333+0000] {processor.py:925} INFO - DAG(s) 'my_dag' retrieved from /opt/airflow/dags/my_tasks.py
[2026-07-24T07:10:20.352+0000] {logging_mixin.py:190} INFO - [2026-07-24T07:10:20.352+0000] {dag.py:3239} INFO - Sync 1 DAGs
[2026-07-24T07:10:20.367+0000] {logging_mixin.py:190} INFO - [2026-07-24T07:10:20.367+0000] {dag.py:4180} INFO - Setting next_dagrun for my_dag to None, run_after=None
[2026-07-24T07:10:20.381+0000] {processor.py:208} INFO - Processing /opt/airflow/dags/my_tasks.py took 0.073 seconds
[2026-07-24T07:10:50.607+0000] {processor.py:186} INFO - Started process (PID=2946) to work on /opt/airflow/dags/my_tasks.py
[2026-07-24T07:10:50.615+0000] {processor.py:914} INFO - Processing file /opt/airflow/dags/my_tasks.py for tasks to queue
[2026-07-24T07:10:50.619+0000] {logging_mixin.py:190} INFO - [2026-07-24T07:10:50.618+0000] {dagbag.py:588} INFO - Filling up the DagBag from /opt/airflow/dags/my_tasks.py
[2026-07-24T07:10:50.628+0000] {processor.py:925} INFO - DAG(s) 'my_dag' retrieved from /opt/airflow/dags/my_tasks.py
[2026-07-24T07:10:50.647+0000] {logging_mixin.py:190} INFO - [2026-07-24T07:10:50.647+0000] {dag.py:3239} INFO - Sync 1 DAGs
[2026-07-24T07:10:50.662+0000] {logging_mixin.py:190} INFO - [2026-07-24T07:10:50.662+0000] {dag.py:4180} INFO - Setting next_dagrun for my_dag to None, run_after=None
[2026-07-24T07:10:50.683+0000] {processor.py:208} INFO - Processing /opt/airflow/dags/my_tasks.py took 0.080 seconds
[2026-07-24T07:11:20.879+0000] {processor.py:186} INFO - Started process (PID=2957) to work on /opt/airflow/dags/my_tasks.py
[2026-07-24T07:11:20.887+0000] {processor.py:914} INFO - Processing file /opt/airflow/dags/my_tasks.py for tasks to queue
[2026-07-24T07:11:20.889+0000] {logging_mixin.py:190} INFO - [2026-07-24T07:11:20.889+0000] {dagbag.py:588} INFO - Filling up the DagBag from /opt/airflow/dags/my_tasks.py
[2026-07-24T07:11:20.899+0000] {processor.py:925} INFO - DAG(s) 'my_dag' retrieved from /opt/airflow/dags/my_tasks.py
[2026-07-24T07:11:20.918+0000] {logging_mixin.py:190} INFO - [2026-07-24T07:11:20.918+0000] {dag.py:3239} INFO - Sync 1 DAGs
[2026-07-24T07:11:20.934+0000] {logging_mixin.py:190} INFO - [2026-07-24T07:11:20.934+0000] {dag.py:4180} INFO - Setting next_dagrun for my_dag to None, run_after=None
[2026-07-24T07:11:20.950+0000] {processor.py:208} INFO - Processing /opt/airflow/dags/my_tasks.py took 0.076 seconds
[2026-07-24T07:11:51.163+0000] {processor.py:186} INFO - Started process (PID=2968) to work on /opt/airflow/dags/my_tasks.py
[2026-07-24T07:11:51.171+0000] {processor.py:914} INFO - Processing file /opt/airflow/dags/my_tasks.py for tasks to queue
[2026-07-24T07:11:51.173+0000] {logging_mixin.py:190} INFO - [2026-07-24T07:11:51.172+0000] {dagbag.py:588} INFO - Filling up the DagBag from /opt/airflow/dags/my_tasks.py
[2026-07-24T07:11:51.183+0000] {processor.py:925} INFO - DAG(s) 'my_dag' retrieved from /opt/airflow/dags/my_tasks.py
[2026-07-24T07:11:51.201+0000] {logging_mixin.py:190} INFO - [2026-07-24T07:11:51.201+0000] {dag.py:3239} INFO - Sync 1 DAGs
[2026-07-24T07:11:51.218+0000] {logging_mixin.py:190} INFO - [2026-07-24T07:11:51.217+0000] {dag.py:4180} INFO - Setting next_dagrun for my_dag to None, run_after=None
[2026-07-24T07:11:51.333+0000] {processor.py:208} INFO - Processing /opt/airflow/dags/my_tasks.py took 0.175 seconds
[2026-07-24T07:12:21.384+0000] {processor.py:186} INFO - Started process (PID=2979) to work on /opt/airflow/dags/my_tasks.py
[2026-07-24T07:12:21.393+0000] {processor.py:914} INFO - Processing file /opt/airflow/dags/my_tasks.py for tasks to queue
[2026-07-24T07:12:21.396+0000] {logging_mixin.py:190} INFO - [2026-07-24T07:12:21.395+0000] {dagbag.py:588} INFO - Filling up the DagBag from /opt/airflow/dags/my_tasks.py
[2026-07-24T07:12:21.405+0000] {processor.py:925} INFO - DAG(s) 'my_dag' retrieved from /opt/airflow/dags/my_tasks.py
[2026-07-24T07:12:21.423+0000] {logging_mixin.py:190} INFO - [2026-07-24T07:12:21.423+0000] {dag.py:3239} INFO - Sync 1 DAGs
[2026-07-24T07:12:21.438+0000] {logging_mixin.py:190} INFO - [2026-07-24T07:12:21.438+0000] {dag.py:4180} INFO - Setting next_dagrun for my_dag to None, run_after=None
[2026-07-24T07:12:21.452+0000] {processor.py:208} INFO - Processing /opt/airflow/dags/my_tasks.py took 0.072 seconds
[2026-07-24T07:12:51.648+0000] {processor.py:186} INFO - Started process (PID=2990) to work on /opt/airflow/dags/my_tasks.py
[2026-07-24T07:12:51.648+0000] {processor.py:914} INFO - Processing file /opt/airflow/dags/my_tasks.py for tasks to queue
[2026-07-24T07:12:51.650+0000] {logging_mixin.py:190} INFO - [2026-07-24T07:12:51.650+0000] {dagbag.py:588} INFO - Filling up the DagBag from /opt/airflow/dags/my_tasks.py
[2026-07-24T07:12:51.656+0000] {processor.py:925} INFO - DAG(s) 'my_dag' retrieved from /opt/airflow/dags/my_tasks.py
[2026-07-24T07:12:51.672+0000] {logging_mixin.py:190} INFO - [2026-07-24T07:12:51.672+0000] {dag.py:3239} INFO - Sync 1 DAGs
[2026-07-24T07:12:51.687+0000] {logging_mixin.py:190} INFO - [2026-07-24T07:12:51.687+0000] {dag.py:4180} INFO - Setting next_dagrun for my_dag to None, run_after=None
[2026-07-24T07:12:51.705+0000] {processor.py:208} INFO - Processing /opt/airflow/dags/my_tasks.py took 0.061 seconds
[2026-07-24T07:13:21.931+0000] {processor.py:186} INFO - Started process (PID=3001) to work on /opt/airflow/dags/my_tasks.py
[2026-07-24T07:13:21.936+0000] {processor.py:914} INFO - Processing file /opt/airflow/dags/my_tasks.py for tasks to queue
[2026-07-24T07:13:21.938+0000] {logging_mixin.py:190} INFO - [2026-07-24T07:13:21.938+0000] {dagbag.py:588} INFO - Filling up the DagBag from /opt/airflow/dags/my_tasks.py
[2026-07-24T07:13:21.947+0000] {processor.py:925} INFO - DAG(s) 'my_dag' retrieved from /opt/airflow/dags/my_tasks.py
[2026-07-24T07:13:21.963+0000] {logging_mixin.py:190} INFO - [2026-07-24T07:13:21.963+0000] {dag.py:3239} INFO - Sync 1 DAGs
[2026-07-24T07:13:21.978+0000] {logging_mixin.py:190} INFO - [2026-07-24T07:13:21.978+0000] {dag.py:4180} INFO - Setting next_dagrun for my_dag to None, run_after=None
[2026-07-24T07:13:21.992+0000] {processor.py:208} INFO - Processing /opt/airflow/dags/my_tasks.py took 0.065 seconds
[2026-07-24T07:13:52.224+0000] {processor.py:186} INFO - Started process (PID=3012) to work on /opt/airflow/dags/my_tasks.py
[2026-07-24T07:13:52.224+0000] {processor.py:914} INFO - Processing file /opt/airflow/dags/my_tasks.py for tasks to queue
[2026-07-24T07:13:52.226+0000] {logging_mixin.py:190} INFO - [2026-07-24T07:13:52.226+0000] {dagbag.py:588} INFO - Filling up the DagBag from /opt/airflow/dags/my_tasks.py
[2026-07-24T07:13:52.232+0000] {processor.py:925} INFO - DAG(s) 'my_dag' retrieved from /opt/airflow/dags/my_tasks.py
[2026-07-24T07:13:52.249+0000] {logging_mixin.py:190} INFO - [2026-07-24T07:13:52.249+0000] {dag.py:3239} INFO - Sync 1 DAGs
[2026-07-24T07:13:52.362+0000] {logging_mixin.py:190} INFO - [2026-07-24T07:13:52.362+0000] {dag.py:4180} INFO - Setting next_dagrun for my_dag to None, run_after=None
[2026-07-24T07:13:52.382+0000] {processor.py:208} INFO - Processing /opt/airflow/dags/my_tasks.py took 0.164 seconds
[2026-07-24T07:14:22.470+0000] {processor.py:186} INFO - Started process (PID=3023) to work on /opt/airflow/dags/my_tasks.py
[2026-07-24T07:14:22.478+0000] {processor.py:914} INFO - Processing file /opt/airflow/dags/my_tasks.py for tasks to queue
[2026-07-24T07:14:22.482+0000] {logging_mixin.py:190} INFO - [2026-07-24T07:14:22.481+0000] {dagbag.py:588} INFO - Filling up the DagBag from /opt/airflow/dags/my_tasks.py
[2026-07-24T07:14:22.492+0000] {processor.py:925} INFO - DAG(s) 'my_dag' retrieved from /opt/airflow/dags/my_tasks.py
[2026-07-24T07:14:22.509+0000] {logging_mixin.py:190} INFO - [2026-07-24T07:14:22.509+0000] {dag.py:3239} INFO - Sync 1 DAGs
[2026-07-24T07:14:22.524+0000] {logging_mixin.py:190} INFO - [2026-07-24T07:14:22.524+0000] {dag.py:4180} INFO - Setting next_dagrun for my_dag to None, run_after=None
[2026-07-24T07:14:22.538+0000] {processor.py:208} INFO - Processing /opt/airflow/dags/my_tasks.py took 0.074 seconds
[2026-07-24T07:14:52.738+0000] {processor.py:186} INFO - Started process (PID=3034) to work on /opt/airflow/dags/my_tasks.py
[2026-07-24T07:14:52.739+0000] {processor.py:914} INFO - Processing file /opt/airflow/dags/my_tasks.py for tasks to queue
[2026-07-24T07:14:52.740+0000] {logging_mixin.py:190} INFO - [2026-07-24T07:14:52.740+0000] {dagbag.py:588} INFO - Filling up the DagBag from /opt/airflow/dags/my_tasks.py
[2026-07-24T07:14:52.746+0000] {processor.py:925} INFO - DAG(s) 'my_dag' retrieved from /opt/airflow/dags/my_tasks.py
[2026-07-24T07:14:52.763+0000] {logging_mixin.py:190} INFO - [2026-07-24T07:14:52.763+0000] {dag.py:3239} INFO - Sync 1 DAGs
[2026-07-24T07:14:52.778+0000] {logging_mixin.py:190} INFO - [2026-07-24T07:14:52.777+0000] {dag.py:4180} INFO - Setting next_dagrun for my_dag to None, run_after=None
[2026-07-24T07:14:52.792+0000] {processor.py:208} INFO - Processing /opt/airflow/dags/my_tasks.py took 0.058 seconds
[2026-07-24T07:15:23.031+0000] {processor.py:186} INFO - Started process (PID=3045) to work on /opt/airflow/dags/my_tasks.py
[2026-07-24T07:15:23.039+0000] {processor.py:914} INFO - Processing file /opt/airflow/dags/my_tasks.py for tasks to queue
[2026-07-24T07:15:23.042+0000] {logging_mixin.py:190} INFO - [2026-07-24T07:15:23.042+0000] {dagbag.py:588} INFO - Filling up the DagBag from /opt/airflow/dags/my_tasks.py
[2026-07-24T07:15:23.052+0000] {processor.py:925} INFO - DAG(s) 'my_dag' retrieved from /opt/airflow/dags/my_tasks.py
[2026-07-24T07:15:23.069+0000] {logging_mixin.py:190} INFO - [2026-07-24T07:15:23.069+0000] {dag.py:3239} INFO - Sync 1 DAGs
[2026-07-24T07:15:23.084+0000] {logging_mixin.py:190} INFO - [2026-07-24T07:15:23.084+0000] {dag.py:4180} INFO - Setting next_dagrun for my_dag to None, run_after=None
[2026-07-24T07:15:23.099+0000] {processor.py:208} INFO - Processing /opt/airflow/dags/my_tasks.py took 0.073 seconds
[2026-07-24T07:15:53.316+0000] {processor.py:186} INFO - Started process (PID=3056) to work on /opt/airflow/dags/my_tasks.py
[2026-07-24T07:15:53.316+0000] {processor.py:914} INFO - Processing file /opt/airflow/dags/my_tasks.py for tasks to queue
[2026-07-24T07:15:53.318+0000] {logging_mixin.py:190} INFO - [2026-07-24T07:15:53.317+0000] {dagbag.py:588} INFO - Filling up the DagBag from /opt/airflow/dags/my_tasks.py
[2026-07-24T07:15:53.324+0000] {processor.py:925} INFO - DAG(s) 'my_dag' retrieved from /opt/airflow/dags/my_tasks.py
[2026-07-24T07:15:53.341+0000] {logging_mixin.py:190} INFO - [2026-07-24T07:15:53.341+0000] {dag.py:3239} INFO - Sync 1 DAGs
[2026-07-24T07:15:53.358+0000] {logging_mixin.py:190} INFO - [2026-07-24T07:15:53.358+0000] {dag.py:4180} INFO - Setting next_dagrun for my_dag to None, run_after=None
[2026-07-24T07:15:53.372+0000] {processor.py:208} INFO - Processing /opt/airflow/dags/my_tasks.py took 0.060 seconds
[2026-07-24T07:16:23.606+0000] {processor.py:186} INFO - Started process (PID=3067) to work on /opt/airflow/dags/my_tasks.py
[2026-07-24T07:16:23.614+0000] {processor.py:914} INFO - Processing file /opt/airflow/dags/my_tasks.py for tasks to queue
[2026-07-24T07:16:23.618+0000] {logging_mixin.py:190} INFO - [2026-07-24T07:16:23.616+0000] {dagbag.py:588} INFO - Filling up the DagBag from /opt/airflow/dags/my_tasks.py
[2026-07-24T07:16:23.627+0000] {processor.py:925} INFO - DAG(s) 'my_dag' retrieved from /opt/airflow/dags/my_tasks.py
[2026-07-24T07:16:23.645+0000] {logging_mixin.py:190} INFO - [2026-07-24T07:16:23.644+0000] {dag.py:3239} INFO - Sync 1 DAGs
[2026-07-24T07:16:23.660+0000] {logging_mixin.py:190} INFO - [2026-07-24T07:16:23.660+0000] {dag.py:4180} INFO - Setting next_dagrun for my_dag to None, run_after=None
[2026-07-24T07:16:23.673+0000] {processor.py:208} INFO - Processing /opt/airflow/dags/my_tasks.py took 0.071 seconds
[2026-07-24T07:16:53.885+0000] {processor.py:186} INFO - Started process (PID=3078) to work on /opt/airflow/dags/my_tasks.py
[2026-07-24T07:16:53.886+0000] {processor.py:914} INFO - Processing file /opt/airflow/dags/my_tasks.py for tasks to queue
[2026-07-24T07:16:53.888+0000] {logging_mixin.py:190} INFO - [2026-07-24T07:16:53.888+0000] {dagbag.py:588} INFO - Filling up the DagBag from /opt/airflow/dags/my_tasks.py
[2026-07-24T07:16:53.895+0000] {processor.py:925} INFO - DAG(s) 'my_dag' retrieved from /opt/airflow/dags/my_tasks.py
[2026-07-24T07:16:53.913+0000] {logging_mixin.py:190} INFO - [2026-07-24T07:16:53.913+0000] {dag.py:3239} INFO - Sync 1 DAGs
[2026-07-24T07:16:53.928+0000] {logging_mixin.py:190} INFO - [2026-07-24T07:16:53.928+0000] {dag.py:4180} INFO - Setting next_dagrun for my_dag to None, run_after=None
[2026-07-24T07:16:53.942+0000] {processor.py:208} INFO - Processing /opt/airflow/dags/my_tasks.py took 0.061 seconds
[2026-07-24T07:17:24.163+0000] {processor.py:186} INFO - Started process (PID=3089) to work on /opt/airflow/dags/my_tasks.py
[2026-07-24T07:17:24.171+0000] {processor.py:914} INFO - Processing file /opt/airflow/dags/my_tasks.py for tasks to queue
[2026-07-24T07:17:24.173+0000] {logging_mixin.py:190} INFO - [2026-07-24T07:17:24.173+0000] {dagbag.py:588} INFO - Filling up the DagBag from /opt/airflow/dags/my_tasks.py
[2026-07-24T07:17:24.181+0000] {processor.py:925} INFO - DAG(s) 'my_dag' retrieved from /opt/airflow/dags/my_tasks.py
[2026-07-24T07:17:24.199+0000] {logging_mixin.py:190} INFO - [2026-07-24T07:17:24.199+0000] {dag.py:3239} INFO - Sync 1 DAGs
[2026-07-24T07:17:24.215+0000] {logging_mixin.py:190} INFO - [2026-07-24T07:17:24.215+0000] {dag.py:4180} INFO - Setting next_dagrun for my_dag to None, run_after=None
[2026-07-24T07:17:24.324+0000] {processor.py:208} INFO - Processing /opt/airflow/dags/my_tasks.py took 0.165 seconds
[2026-07-24T07:17:54.450+0000] {processor.py:186} INFO - Started process (PID=3100) to work on /opt/airflow/dags/my_tasks.py
[2026-07-24T07:17:54.451+0000] {processor.py:914} INFO - Processing file /opt/airflow/dags/my_tasks.py for tasks to queue
[2026-07-24T07:17:54.453+0000] {logging_mixin.py:190} INFO - [2026-07-24T07:17:54.452+0000] {dagbag.py:588} INFO - Filling up the DagBag from /opt/airflow/dags/my_tasks.py
[2026-07-24T07:17:54.461+0000] {processor.py:925} INFO - DAG(s) 'my_dag' retrieved from /opt/airflow/dags/my_tasks.py
[2026-07-24T07:17:54.479+0000] {logging_mixin.py:190} INFO - [2026-07-24T07:17:54.479+0000] {dag.py:3239} INFO - Sync 1 DAGs
[2026-07-24T07:17:54.495+0000] {logging_mixin.py:190} INFO - [2026-07-24T07:17:54.494+0000] {dag.py:4180} INFO - Setting next_dagrun for my_dag to None, run_after=None
[2026-07-24T07:17:54.509+0000] {processor.py:208} INFO - Processing /opt/airflow/dags/my_tasks.py took 0.063 seconds
[2026-07-24T07:18:24.804+0000] {processor.py:186} INFO - Started process (PID=3111) to work on /opt/airflow/dags/my_tasks.py
[2026-07-24T07:18:24.805+0000] {processor.py:914} INFO - Processing file /opt/airflow/dags/my_tasks.py for tasks to queue
[2026-07-24T07:18:24.807+0000] {logging_mixin.py:190} INFO - [2026-07-24T07:18:24.806+0000] {dagbag.py:588} INFO - Filling up the DagBag from /opt/airflow/dags/my_tasks.py
[2026-07-24T07:18:24.813+0000] {processor.py:925} INFO - DAG(s) 'my_dag' retrieved from /opt/airflow/dags/my_tasks.py
[2026-07-24T07:18:24.829+0000] {logging_mixin.py:190} INFO - [2026-07-24T07:18:24.829+0000] {dag.py:3239} INFO - Sync 1 DAGs
[2026-07-24T07:18:24.846+0000] {logging_mixin.py:190} INFO - [2026-07-24T07:18:24.846+0000] {dag.py:4180} INFO - Setting next_dagrun for my_dag to None, run_after=None
[2026-07-24T07:18:24.861+0000] {processor.py:208} INFO - Processing /opt/airflow/dags/my_tasks.py took 0.061 seconds
[2026-07-24T07:18:55.076+0000] {processor.py:186} INFO - Started process (PID=3123) to work on /opt/airflow/dags/my_tasks.py
[2026-07-24T07:18:55.077+0000] {processor.py:914} INFO - Processing file /opt/airflow/dags/my_tasks.py for tasks to queue
[2026-07-24T07:18:55.078+0000] {logging_mixin.py:190} INFO - [2026-07-24T07:18:55.078+0000] {dagbag.py:588} INFO - Filling up the DagBag from /opt/airflow/dags/my_tasks.py
[2026-07-24T07:18:55.084+0000] {processor.py:925} INFO - DAG(s) 'my_dag' retrieved from /opt/airflow/dags/my_tasks.py
[2026-07-24T07:18:55.101+0000] {logging_mixin.py:190} INFO - [2026-07-24T07:18:55.101+0000] {dag.py:3239} INFO - Sync 1 DAGs
[2026-07-24T07:18:55.116+0000] {logging_mixin.py:190} INFO - [2026-07-24T07:18:55.116+0000] {dag.py:4180} INFO - Setting next_dagrun for my_dag to None, run_after=None
[2026-07-24T07:18:55.130+0000] {processor.py:208} INFO - Processing /opt/airflow/dags/my_tasks.py took 0.057 seconds
[2026-07-24T07:19:25.353+0000] {processor.py:186} INFO - Started process (PID=3134) to work on /opt/airflow/dags/my_tasks.py
[2026-07-24T07:19:25.354+0000] {processor.py:914} INFO - Processing file /opt/airflow/dags/my_tasks.py for tasks to queue
[2026-07-24T07:19:25.355+0000] {logging_mixin.py:190} INFO - [2026-07-24T07:19:25.355+0000] {dagbag.py:588} INFO - Filling up the DagBag from /opt/airflow/dags/my_tasks.py
[2026-07-24T07:19:25.362+0000] {processor.py:925} INFO - DAG(s) 'my_dag' retrieved from /opt/airflow/dags/my_tasks.py
[2026-07-24T07:19:25.381+0000] {logging_mixin.py:190} INFO - [2026-07-24T07:19:25.380+0000] {dag.py:3239} INFO - Sync 1 DAGs
[2026-07-24T07:19:25.494+0000] {logging_mixin.py:190} INFO - [2026-07-24T07:19:25.493+0000] {dag.py:4180} INFO - Setting next_dagrun for my_dag to None, run_after=None
[2026-07-24T07:19:25.514+0000] {processor.py:208} INFO - Processing /opt/airflow/dags/my_tasks.py took 0.164 seconds
[2026-07-24T07:19:55.588+0000] {processor.py:186} INFO - Started process (PID=3145) to work on /opt/airflow/dags/my_tasks.py
[2026-07-24T07:19:55.589+0000] {processor.py:914} INFO - Processing file /opt/airflow/dags/my_tasks.py for tasks to queue
[2026-07-24T07:19:55.590+0000] {logging_mixin.py:190} INFO - [2026-07-24T07:19:55.590+0000] {dagbag.py:588} INFO - Filling up the DagBag from /opt/airflow/dags/my_tasks.py
[2026-07-24T07:19:55.597+0000] {processor.py:925} INFO - DAG(s) 'my_dag' retrieved from /opt/airflow/dags/my_tasks.py
[2026-07-24T07:19:55.616+0000] {logging_mixin.py:190} INFO - [2026-07-24T07:19:55.615+0000] {dag.py:3239} INFO - Sync 1 DAGs
[2026-07-24T07:19:55.631+0000] {logging_mixin.py:190} INFO - [2026-07-24T07:19:55.631+0000] {dag.py:4180} INFO - Setting next_dagrun for my_dag to None, run_after=None
[2026-07-24T07:19:55.645+0000] {processor.py:208} INFO - Processing /opt/airflow/dags/my_tasks.py took 0.061 seconds
[2026-07-24T07:20:25.846+0000] {processor.py:186} INFO - Started process (PID=3156) to work on /opt/airflow/dags/my_tasks.py
[2026-07-24T07:20:25.847+0000] {processor.py:914} INFO - Processing file /opt/airflow/dags/my_tasks.py for tasks to queue
[2026-07-24T07:20:25.849+0000] {logging_mixin.py:190} INFO - [2026-07-24T07:20:25.849+0000] {dagbag.py:588} INFO - Filling up the DagBag from /opt/airflow/dags/my_tasks.py
[2026-07-24T07:20:25.857+0000] {processor.py:925} INFO - DAG(s) 'my_dag' retrieved from /opt/airflow/dags/my_tasks.py
[2026-07-24T07:20:25.874+0000] {logging_mixin.py:190} INFO - [2026-07-24T07:20:25.874+0000] {dag.py:3239} INFO - Sync 1 DAGs
[2026-07-24T07:20:25.889+0000] {logging_mixin.py:190} INFO - [2026-07-24T07:20:25.889+0000] {dag.py:4180} INFO - Setting next_dagrun for my_dag to None, run_after=None
[2026-07-24T07:20:25.903+0000] {processor.py:208} INFO - Processing /opt/airflow/dags/my_tasks.py took 0.063 seconds
[2026-07-24T07:20:56.133+0000] {processor.py:186} INFO - Started process (PID=3167) to work on /opt/airflow/dags/my_tasks.py
[2026-07-24T07:20:56.134+0000] {processor.py:914} INFO - Processing file /opt/airflow/dags/my_tasks.py for tasks to queue
[2026-07-24T07:20:56.135+0000] {logging_mixin.py:190} INFO - [2026-07-24T07:20:56.135+0000] {dagbag.py:588} INFO - Filling up the DagBag from /opt/airflow/dags/my_tasks.py
[2026-07-24T07:20:56.142+0000] {processor.py:925} INFO - DAG(s) 'my_dag' retrieved from /opt/airflow/dags/my_tasks.py
[2026-07-24T07:20:56.160+0000] {logging_mixin.py:190} INFO - [2026-07-24T07:20:56.159+0000] {dag.py:3239} INFO - Sync 1 DAGs
[2026-07-24T07:20:56.175+0000] {logging_mixin.py:190} INFO - [2026-07-24T07:20:56.174+0000] {dag.py:4180} INFO - Setting next_dagrun for my_dag to None, run_after=None
[2026-07-24T07:20:56.189+0000] {processor.py:208} INFO - Processing /opt/airflow/dags/my_tasks.py took 0.060 seconds
[2026-07-24T07:21:26.412+0000] {processor.py:186} INFO - Started process (PID=3178) to work on /opt/airflow/dags/my_tasks.py
[2026-07-24T07:21:26.413+0000] {processor.py:914} INFO - Processing file /opt/airflow/dags/my_tasks.py for tasks to queue
[2026-07-24T07:21:26.414+0000] {logging_mixin.py:190} INFO - [2026-07-24T07:21:26.414+0000] {dagbag.py:588} INFO - Filling up the DagBag from /opt/airflow/dags/my_tasks.py
[2026-07-24T07:21:26.420+0000] {processor.py:925} INFO - DAG(s) 'my_dag' retrieved from /opt/airflow/dags/my_tasks.py
[2026-07-24T07:21:26.437+0000] {logging_mixin.py:190} INFO - [2026-07-24T07:21:26.437+0000] {dag.py:3239} INFO - Sync 1 DAGs
[2026-07-24T07:21:26.453+0000] {logging_mixin.py:190} INFO - [2026-07-24T07:21:26.452+0000] {dag.py:4180} INFO - Setting next_dagrun for my_dag to None, run_after=None
[2026-07-24T07:21:26.466+0000] {processor.py:208} INFO - Processing /opt/airflow/dags/my_tasks.py took 0.058 seconds
[2026-07-24T07:21:56.652+0000] {processor.py:186} INFO - Started process (PID=3189) to work on /opt/airflow/dags/my_tasks.py
[2026-07-24T07:21:56.653+0000] {processor.py:914} INFO - Processing file /opt/airflow/dags/my_tasks.py for tasks to queue
[2026-07-24T07:21:56.655+0000] {logging_mixin.py:190} INFO - [2026-07-24T07:21:56.654+0000] {dagbag.py:588} INFO - Filling up the DagBag from /opt/airflow/dags/my_tasks.py
[2026-07-24T07:21:56.661+0000] {processor.py:925} INFO - DAG(s) 'my_dag' retrieved from /opt/airflow/dags/my_tasks.py
[2026-07-24T07:21:56.677+0000] {logging_mixin.py:190} INFO - [2026-07-24T07:21:56.677+0000] {dag.py:3239} INFO - Sync 1 DAGs
[2026-07-24T07:21:56.692+0000] {logging_mixin.py:190} INFO - [2026-07-24T07:21:56.692+0000] {dag.py:4180} INFO - Setting next_dagrun for my_dag to None, run_after=None
[2026-07-24T07:21:56.705+0000] {processor.py:208} INFO - Processing /opt/airflow/dags/my_tasks.py took 0.057 seconds
[2026-07-24T07:22:26.936+0000] {processor.py:186} INFO - Started process (PID=3200) to work on /opt/airflow/dags/my_tasks.py
[2026-07-24T07:22:26.936+0000] {processor.py:914} INFO - Processing file /opt/airflow/dags/my_tasks.py for tasks to queue
[2026-07-24T07:22:26.937+0000] {logging_mixin.py:190} INFO - [2026-07-24T07:22:26.937+0000] {dagbag.py:588} INFO - Filling up the DagBag from /opt/airflow/dags/my_tasks.py
[2026-07-24T07:22:26.944+0000] {processor.py:925} INFO - DAG(s) 'my_dag' retrieved from /opt/airflow/dags/my_tasks.py
[2026-07-24T07:22:26.961+0000] {logging_mixin.py:190} INFO - [2026-07-24T07:22:26.961+0000] {dag.py:3239} INFO - Sync 1 DAGs
[2026-07-24T07:22:26.976+0000] {logging_mixin.py:190} INFO - [2026-07-24T07:22:26.976+0000] {dag.py:4180} INFO - Setting next_dagrun for my_dag to None, run_after=None
[2026-07-24T07:22:26.990+0000] {processor.py:208} INFO - Processing /opt/airflow/dags/my_tasks.py took 0.059 seconds
[2026-07-24T07:22:57.189+0000] {processor.py:186} INFO - Started process (PID=3211) to work on /opt/airflow/dags/my_tasks.py
[2026-07-24T07:22:57.189+0000] {processor.py:914} INFO - Processing file /opt/airflow/dags/my_tasks.py for tasks to queue
[2026-07-24T07:22:57.191+0000] {logging_mixin.py:190} INFO - [2026-07-24T07:22:57.191+0000] {dagbag.py:588} INFO - Filling up the DagBag from /opt/airflow/dags/my_tasks.py
[2026-07-24T07:22:57.199+0000] {processor.py:925} INFO - DAG(s) 'my_dag' retrieved from /opt/airflow/dags/my_tasks.py
[2026-07-24T07:22:57.215+0000] {logging_mixin.py:190} INFO - [2026-07-24T07:22:57.215+0000] {dag.py:3239} INFO - Sync 1 DAGs
[2026-07-24T07:22:57.230+0000] {logging_mixin.py:190} INFO - [2026-07-24T07:22:57.230+0000] {dag.py:4180} INFO - Setting next_dagrun for my_dag to None, run_after=None
[2026-07-24T07:22:57.347+0000] {processor.py:208} INFO - Processing /opt/airflow/dags/my_tasks.py took 0.163 seconds
[2026-07-24T07:23:27.477+0000] {processor.py:186} INFO - Started process (PID=3222) to work on /opt/airflow/dags/my_tasks.py
[2026-07-24T07:23:27.478+0000] {processor.py:914} INFO - Processing file /opt/airflow/dags/my_tasks.py for tasks to queue
[2026-07-24T07:23:27.480+0000] {logging_mixin.py:190} INFO - [2026-07-24T07:23:27.480+0000] {dagbag.py:588} INFO - Filling up the DagBag from /opt/airflow/dags/my_tasks.py
[2026-07-24T07:23:27.487+0000] {processor.py:925} INFO - DAG(s) 'my_dag' retrieved from /opt/airflow/dags/my_tasks.py
[2026-07-24T07:23:27.504+0000] {logging_mixin.py:190} INFO - [2026-07-24T07:23:27.504+0000] {dag.py:3239} INFO - Sync 1 DAGs
[2026-07-24T07:23:27.519+0000] {logging_mixin.py:190} INFO - [2026-07-24T07:23:27.519+0000] {dag.py:4180} INFO - Setting next_dagrun for my_dag to None, run_after=None
[2026-07-24T07:23:27.533+0000] {processor.py:208} INFO - Processing /opt/airflow/dags/my_tasks.py took 0.063 seconds
[2026-07-24T07:23:57.819+0000] {processor.py:186} INFO - Started process (PID=3233) to work on /opt/airflow/dags/my_tasks.py
[2026-07-24T07:23:57.820+0000] {processor.py:914} INFO - Processing file /opt/airflow/dags/my_tasks.py for tasks to queue
[2026-07-24T07:23:57.821+0000] {logging_mixin.py:190} INFO - [2026-07-24T07:23:57.821+0000] {dagbag.py:588} INFO - Filling up the DagBag from /opt/airflow/dags/my_tasks.py
[2026-07-24T07:23:57.827+0000] {processor.py:925} INFO - DAG(s) 'my_dag' retrieved from /opt/airflow/dags/my_tasks.py
[2026-07-24T07:23:57.846+0000] {logging_mixin.py:190} INFO - [2026-07-24T07:23:57.846+0000] {dag.py:3239} INFO - Sync 1 DAGs
[2026-07-24T07:23:57.862+0000] {logging_mixin.py:190} INFO - [2026-07-24T07:23:57.861+0000] {dag.py:4180} INFO - Setting next_dagrun for my_dag to None, run_after=None
[2026-07-24T07:23:57.876+0000] {processor.py:208} INFO - Processing /opt/airflow/dags/my_tasks.py took 0.061 seconds
[2026-07-24T07:24:28.099+0000] {processor.py:186} INFO - Started process (PID=3244) to work on /opt/airflow/dags/my_tasks.py
[2026-07-24T07:24:28.107+0000] {processor.py:914} INFO - Processing file /opt/airflow/dags/my_tasks.py for tasks to queue
[2026-07-24T07:24:28.109+0000] {logging_mixin.py:190} INFO - [2026-07-24T07:24:28.109+0000] {dagbag.py:588} INFO - Filling up the DagBag from /opt/airflow/dags/my_tasks.py
[2026-07-24T07:24:28.115+0000] {processor.py:925} INFO - DAG(s) 'my_dag' retrieved from /opt/airflow/dags/my_tasks.py
[2026-07-24T07:24:28.132+0000] {logging_mixin.py:190} INFO - [2026-07-24T07:24:28.132+0000] {dag.py:3239} INFO - Sync 1 DAGs
[2026-07-24T07:24:28.146+0000] {logging_mixin.py:190} INFO - [2026-07-24T07:24:28.146+0000] {dag.py:4180} INFO - Setting next_dagrun for my_dag to None, run_after=None
[2026-07-24T07:24:28.160+0000] {processor.py:208} INFO - Processing /opt/airflow/dags/my_tasks.py took 0.066 seconds
[2026-07-24T07:24:58.364+0000] {processor.py:186} INFO - Started process (PID=3255) to work on /opt/airflow/dags/my_tasks.py
[2026-07-24T07:24:58.364+0000] {processor.py:914} INFO - Processing file /opt/airflow/dags/my_tasks.py for tasks to queue
[2026-07-24T07:24:58.366+0000] {logging_mixin.py:190} INFO - [2026-07-24T07:24:58.365+0000] {dagbag.py:588} INFO - Filling up the DagBag from /opt/airflow/dags/my_tasks.py
[2026-07-24T07:24:58.372+0000] {processor.py:925} INFO - DAG(s) 'my_dag' retrieved from /opt/airflow/dags/my_tasks.py
[2026-07-24T07:24:58.389+0000] {logging_mixin.py:190} INFO - [2026-07-24T07:24:58.389+0000] {dag.py:3239} INFO - Sync 1 DAGs
[2026-07-24T07:24:58.498+0000] {logging_mixin.py:190} INFO - [2026-07-24T07:24:58.498+0000] {dag.py:4180} INFO - Setting next_dagrun for my_dag to None, run_after=None
[2026-07-24T07:24:58.511+0000] {processor.py:208} INFO - Processing /opt/airflow/dags/my_tasks.py took 0.151 seconds
[2026-07-24T07:25:28.626+0000] {processor.py:186} INFO - Started process (PID=3266) to work on /opt/airflow/dags/my_tasks.py
[2026-07-24T07:25:28.634+0000] {processor.py:914} INFO - Processing file /opt/airflow/dags/my_tasks.py for tasks to queue
[2026-07-24T07:25:28.637+0000] {logging_mixin.py:190} INFO - [2026-07-24T07:25:28.637+0000] {dagbag.py:588} INFO - Filling up the DagBag from /opt/airflow/dags/my_tasks.py
[2026-07-24T07:25:28.649+0000] {processor.py:925} INFO - DAG(s) 'my_dag' retrieved from /opt/airflow/dags/my_tasks.py
[2026-07-24T07:25:28.668+0000] {logging_mixin.py:190} INFO - [2026-07-24T07:25:28.667+0000] {dag.py:3239} INFO - Sync 1 DAGs
[2026-07-24T07:25:28.683+0000] {logging_mixin.py:190} INFO - [2026-07-24T07:25:28.683+0000] {dag.py:4180} INFO - Setting next_dagrun for my_dag to None, run_after=None
[2026-07-24T07:25:28.697+0000] {processor.py:208} INFO - Processing /opt/airflow/dags/my_tasks.py took 0.076 seconds
[2026-07-24T07:25:58.933+0000] {processor.py:186} INFO - Started process (PID=3277) to work on /opt/airflow/dags/my_tasks.py
[2026-07-24T07:25:58.934+0000] {processor.py:914} INFO - Processing file /opt/airflow/dags/my_tasks.py for tasks to queue
[2026-07-24T07:25:58.935+0000] {logging_mixin.py:190} INFO - [2026-07-24T07:25:58.935+0000] {dagbag.py:588} INFO - Filling up the DagBag from /opt/airflow/dags/my_tasks.py
[2026-07-24T07:25:58.941+0000] {processor.py:925} INFO - DAG(s) 'my_dag' retrieved from /opt/airflow/dags/my_tasks.py
[2026-07-24T07:25:58.959+0000] {logging_mixin.py:190} INFO - [2026-07-24T07:25:58.959+0000] {dag.py:3239} INFO - Sync 1 DAGs
[2026-07-24T07:25:58.974+0000] {logging_mixin.py:190} INFO - [2026-07-24T07:25:58.974+0000] {dag.py:4180} INFO - Setting next_dagrun for my_dag to None, run_after=None
[2026-07-24T07:25:58.991+0000] {processor.py:208} INFO - Processing /opt/airflow/dags/my_tasks.py took 0.062 seconds
[2026-07-24T07:26:29.225+0000] {processor.py:186} INFO - Started process (PID=3288) to work on /opt/airflow/dags/my_tasks.py
[2026-07-24T07:26:29.226+0000] {processor.py:914} INFO - Processing file /opt/airflow/dags/my_tasks.py for tasks to queue
[2026-07-24T07:26:29.227+0000] {logging_mixin.py:190} INFO - [2026-07-24T07:26:29.227+0000] {dagbag.py:588} INFO - Filling up the DagBag from /opt/airflow/dags/my_tasks.py
[2026-07-24T07:26:29.234+0000] {processor.py:925} INFO - DAG(s) 'my_dag' retrieved from /opt/airflow/dags/my_tasks.py
[2026-07-24T07:26:29.251+0000] {logging_mixin.py:190} INFO - [2026-07-24T07:26:29.251+0000] {dag.py:3239} INFO - Sync 1 DAGs
[2026-07-24T07:26:29.267+0000] {logging_mixin.py:190} INFO - [2026-07-24T07:26:29.267+0000] {dag.py:4180} INFO - Setting next_dagrun for my_dag to None, run_after=None
[2026-07-24T07:26:29.282+0000] {processor.py:208} INFO - Processing /opt/airflow/dags/my_tasks.py took 0.061 seconds
[2026-07-24T07:26:59.520+0000] {processor.py:186} INFO - Started process (PID=3299) to work on /opt/airflow/dags/my_tasks.py
[2026-07-24T07:26:59.520+0000] {processor.py:914} INFO - Processing file /opt/airflow/dags/my_tasks.py for tasks to queue
[2026-07-24T07:26:59.521+0000] {logging_mixin.py:190} INFO - [2026-07-24T07:26:59.521+0000] {dagbag.py:588} INFO - Filling up the DagBag from /opt/airflow/dags/my_tasks.py
[2026-07-24T07:26:59.528+0000] {processor.py:925} INFO - DAG(s) 'my_dag' retrieved from /opt/airflow/dags/my_tasks.py
[2026-07-24T07:26:59.545+0000] {logging_mixin.py:190} INFO - [2026-07-24T07:26:59.545+0000] {dag.py:3239} INFO - Sync 1 DAGs
[2026-07-24T07:26:59.653+0000] {logging_mixin.py:190} INFO - [2026-07-24T07:26:59.653+0000] {dag.py:4180} INFO - Setting next_dagrun for my_dag to None, run_after=None
[2026-07-24T07:26:59.674+0000] {processor.py:208} INFO - Processing /opt/airflow/dags/my_tasks.py took 0.159 seconds
[2026-07-24T07:27:29.793+0000] {processor.py:186} INFO - Started process (PID=3310) to work on /opt/airflow/dags/my_tasks.py
[2026-07-24T07:27:29.801+0000] {processor.py:914} INFO - Processing file /opt/airflow/dags/my_tasks.py for tasks to queue
[2026-07-24T07:27:29.806+0000] {logging_mixin.py:190} INFO - [2026-07-24T07:27:29.805+0000] {dagbag.py:588} INFO - Filling up the DagBag from /opt/airflow/dags/my_tasks.py
[2026-07-24T07:27:29.815+0000] {processor.py:925} INFO - DAG(s) 'my_dag' retrieved from /opt/airflow/dags/my_tasks.py
[2026-07-24T07:27:29.832+0000] {logging_mixin.py:190} INFO - [2026-07-24T07:27:29.832+0000] {dag.py:3239} INFO - Sync 1 DAGs
[2026-07-24T07:27:29.849+0000] {logging_mixin.py:190} INFO - [2026-07-24T07:27:29.849+0000] {dag.py:4180} INFO - Setting next_dagrun for my_dag to None, run_after=None
[2026-07-24T07:27:29.865+0000] {processor.py:208} INFO - Processing /opt/airflow/dags/my_tasks.py took 0.077 seconds
[2026-07-24T07:28:00.141+0000] {processor.py:186} INFO - Started process (PID=3321) to work on /opt/airflow/dags/my_tasks.py
[2026-07-24T07:28:00.142+0000] {processor.py:914} INFO - Processing file /opt/airflow/dags/my_tasks.py for tasks to queue
[2026-07-24T07:28:00.143+0000] {logging_mixin.py:190} INFO - [2026-07-24T07:28:00.143+0000] {dagbag.py:588} INFO - Filling up the DagBag from /opt/airflow/dags/my_tasks.py
[2026-07-24T07:28:00.149+0000] {processor.py:925} INFO - DAG(s) 'my_dag' retrieved from /opt/airflow/dags/my_tasks.py
[2026-07-24T07:28:00.167+0000] {logging_mixin.py:190} INFO - [2026-07-24T07:28:00.167+0000] {dag.py:3239} INFO - Sync 1 DAGs
[2026-07-24T07:28:00.181+0000] {logging_mixin.py:190} INFO - [2026-07-24T07:28:00.181+0000] {dag.py:4180} INFO - Setting next_dagrun for my_dag to None, run_after=None
[2026-07-24T07:28:00.195+0000] {processor.py:208} INFO - Processing /opt/airflow/dags/my_tasks.py took 0.057 seconds
[2026-07-24T07:28:30.422+0000] {processor.py:186} INFO - Started process (PID=3332) to work on /opt/airflow/dags/my_tasks.py
[2026-07-24T07:28:30.430+0000] {processor.py:914} INFO - Processing file /opt/airflow/dags/my_tasks.py for tasks to queue
[2026-07-24T07:28:30.432+0000] {logging_mixin.py:190} INFO - [2026-07-24T07:28:30.431+0000] {dagbag.py:588} INFO - Filling up the DagBag from /opt/airflow/dags/my_tasks.py
[2026-07-24T07:28:30.443+0000] {processor.py:925} INFO - DAG(s) 'my_dag' retrieved from /opt/airflow/dags/my_tasks.py
[2026-07-24T07:28:30.463+0000] {logging_mixin.py:190} INFO - [2026-07-24T07:28:30.463+0000] {dag.py:3239} INFO - Sync 1 DAGs
[2026-07-24T07:28:30.480+0000] {logging_mixin.py:190} INFO - [2026-07-24T07:28:30.480+0000] {dag.py:4180} INFO - Setting next_dagrun for my_dag to None, run_after=None
[2026-07-24T07:28:30.588+0000] {processor.py:208} INFO - Processing /opt/airflow/dags/my_tasks.py took 0.170 seconds
[2026-07-24T07:29:00.701+0000] {processor.py:186} INFO - Started process (PID=3343) to work on /opt/airflow/dags/my_tasks.py
[2026-07-24T07:29:00.702+0000] {processor.py:914} INFO - Processing file /opt/airflow/dags/my_tasks.py for tasks to queue
[2026-07-24T07:29:00.703+0000] {logging_mixin.py:190} INFO - [2026-07-24T07:29:00.703+0000] {dagbag.py:588} INFO - Filling up the DagBag from /opt/airflow/dags/my_tasks.py
[2026-07-24T07:29:00.709+0000] {processor.py:925} INFO - DAG(s) 'my_dag' retrieved from /opt/airflow/dags/my_tasks.py
[2026-07-24T07:29:00.726+0000] {logging_mixin.py:190} INFO - [2026-07-24T07:29:00.726+0000] {dag.py:3239} INFO - Sync 1 DAGs
[2026-07-24T07:29:00.741+0000] {logging_mixin.py:190} INFO - [2026-07-24T07:29:00.741+0000] {dag.py:4180} INFO - Setting next_dagrun for my_dag to None, run_after=None
[2026-07-24T07:29:00.755+0000] {processor.py:208} INFO - Processing /opt/airflow/dags/my_tasks.py took 0.058 seconds
[2026-07-24T07:29:30.969+0000] {processor.py:186} INFO - Started process (PID=3360) to work on /opt/airflow/dags/my_tasks.py
[2026-07-24T07:29:30.971+0000] {processor.py:914} INFO - Processing file /opt/airflow/dags/my_tasks.py for tasks to queue
[2026-07-24T07:29:30.973+0000] {logging_mixin.py:190} INFO - [2026-07-24T07:29:30.972+0000] {dagbag.py:588} INFO - Filling up the DagBag from /opt/airflow/dags/my_tasks.py
[2026-07-24T07:29:30.979+0000] {processor.py:925} INFO - DAG(s) 'my_dag' retrieved from /opt/airflow/dags/my_tasks.py
[2026-07-24T07:29:30.996+0000] {logging_mixin.py:190} INFO - [2026-07-24T07:29:30.996+0000] {dag.py:3239} INFO - Sync 1 DAGs
[2026-07-24T07:29:31.011+0000] {logging_mixin.py:190} INFO - [2026-07-24T07:29:31.011+0000] {dag.py:4180} INFO - Setting next_dagrun for my_dag to None, run_after=None
[2026-07-24T07:29:31.024+0000] {processor.py:208} INFO - Processing /opt/airflow/dags/my_tasks.py took 0.059 seconds
[2026-07-24T07:30:01.232+0000] {processor.py:186} INFO - Started process (PID=3371) to work on /opt/airflow/dags/my_tasks.py
[2026-07-24T07:30:01.233+0000] {processor.py:914} INFO - Processing file /opt/airflow/dags/my_tasks.py for tasks to queue
[2026-07-24T07:30:01.234+0000] {logging_mixin.py:190} INFO - [2026-07-24T07:30:01.234+0000] {dagbag.py:588} INFO - Filling up the DagBag from /opt/airflow/dags/my_tasks.py
[2026-07-24T07:30:01.240+0000] {processor.py:925} INFO - DAG(s) 'my_dag' retrieved from /opt/airflow/dags/my_tasks.py
[2026-07-24T07:30:01.257+0000] {logging_mixin.py:190} INFO - [2026-07-24T07:30:01.257+0000] {dag.py:3239} INFO - Sync 1 DAGs
[2026-07-24T07:30:01.272+0000] {logging_mixin.py:190} INFO - [2026-07-24T07:30:01.272+0000] {dag.py:4180} INFO - Setting next_dagrun for my_dag to None, run_after=None
[2026-07-24T07:30:01.286+0000] {processor.py:208} INFO - Processing /opt/airflow/dags/my_tasks.py took 0.058 seconds
[2026-07-24T07:30:31.499+0000] {processor.py:186} INFO - Started process (PID=3382) to work on /opt/airflow/dags/my_tasks.py
[2026-07-24T07:30:31.499+0000] {processor.py:914} INFO - Processing file /opt/airflow/dags/my_tasks.py for tasks to queue
[2026-07-24T07:30:31.501+0000] {logging_mixin.py:190} INFO - [2026-07-24T07:30:31.500+0000] {dagbag.py:588} INFO - Filling up the DagBag from /opt/airflow/dags/my_tasks.py
[2026-07-24T07:30:31.507+0000] {processor.py:925} INFO - DAG(s) 'my_dag' retrieved from /opt/airflow/dags/my_tasks.py
[2026-07-24T07:30:31.524+0000] {logging_mixin.py:190} INFO - [2026-07-24T07:30:31.524+0000] {dag.py:3239} INFO - Sync 1 DAGs
[2026-07-24T07:30:31.635+0000] {logging_mixin.py:190} INFO - [2026-07-24T07:30:31.635+0000] {dag.py:4180} INFO - Setting next_dagrun for my_dag to None, run_after=None
[2026-07-24T07:30:31.648+0000] {processor.py:208} INFO - Processing /opt/airflow/dags/my_tasks.py took 0.154 seconds
[2026-07-24T07:31:01.779+0000] {processor.py:186} INFO - Started process (PID=3393) to work on /opt/airflow/dags/my_tasks.py
[2026-07-24T07:31:01.780+0000] {processor.py:914} INFO - Processing file /opt/airflow/dags/my_tasks.py for tasks to queue
[2026-07-24T07:31:01.782+0000] {logging_mixin.py:190} INFO - [2026-07-24T07:31:01.781+0000] {dagbag.py:588} INFO - Filling up the DagBag from /opt/airflow/dags/my_tasks.py
[2026-07-24T07:31:01.790+0000] {processor.py:925} INFO - DAG(s) 'my_dag' retrieved from /opt/airflow/dags/my_tasks.py
[2026-07-24T07:31:01.807+0000] {logging_mixin.py:190} INFO - [2026-07-24T07:31:01.807+0000] {dag.py:3239} INFO - Sync 1 DAGs
[2026-07-24T07:31:01.822+0000] {logging_mixin.py:190} INFO - [2026-07-24T07:31:01.822+0000] {dag.py:4180} INFO - Setting next_dagrun for my_dag to None, run_after=None
[2026-07-24T07:31:01.836+0000] {processor.py:208} INFO - Processing /opt/airflow/dags/my_tasks.py took 0.062 seconds
[2026-07-24T07:31:32.127+0000] {processor.py:186} INFO - Started process (PID=3404) to work on /opt/airflow/dags/my_tasks.py
[2026-07-24T07:31:32.135+0000] {processor.py:914} INFO - Processing file /opt/airflow/dags/my_tasks.py for tasks to queue
[2026-07-24T07:31:32.138+0000] {logging_mixin.py:190} INFO - [2026-07-24T07:31:32.138+0000] {dagbag.py:588} INFO - Filling up the DagBag from /opt/airflow/dags/my_tasks.py
[2026-07-24T07:31:32.148+0000] {processor.py:925} INFO - DAG(s) 'my_dag' retrieved from /opt/airflow/dags/my_tasks.py
[2026-07-24T07:31:32.165+0000] {logging_mixin.py:190} INFO - [2026-07-24T07:31:32.164+0000] {dag.py:3239} INFO - Sync 1 DAGs
[2026-07-24T07:31:32.180+0000] {logging_mixin.py:190} INFO - [2026-07-24T07:31:32.180+0000] {dag.py:4180} INFO - Setting next_dagrun for my_dag to None, run_after=None
[2026-07-24T07:31:32.194+0000] {processor.py:208} INFO - Processing /opt/airflow/dags/my_tasks.py took 0.072 seconds
[2026-07-24T07:32:02.418+0000] {processor.py:186} INFO - Started process (PID=3415) to work on /opt/airflow/dags/my_tasks.py
[2026-07-24T07:32:02.419+0000] {processor.py:914} INFO - Processing file /opt/airflow/dags/my_tasks.py for tasks to queue
[2026-07-24T07:32:02.420+0000] {logging_mixin.py:190} INFO - [2026-07-24T07:32:02.420+0000] {dagbag.py:588} INFO - Filling up the DagBag from /opt/airflow/dags/my_tasks.py
[2026-07-24T07:32:02.426+0000] {processor.py:925} INFO - DAG(s) 'my_dag' retrieved from /opt/airflow/dags/my_tasks.py
[2026-07-24T07:32:02.443+0000] {logging_mixin.py:190} INFO - [2026-07-24T07:32:02.443+0000] {dag.py:3239} INFO - Sync 1 DAGs
[2026-07-24T07:32:02.458+0000] {logging_mixin.py:190} INFO - [2026-07-24T07:32:02.458+0000] {dag.py:4180} INFO - Setting next_dagrun for my_dag to None, run_after=None
[2026-07-24T07:32:02.472+0000] {processor.py:208} INFO - Processing /opt/airflow/dags/my_tasks.py took 0.058 seconds
[2026-07-24T07:32:32.660+0000] {processor.py:186} INFO - Started process (PID=3426) to work on /opt/airflow/dags/my_tasks.py
[2026-07-24T07:32:32.661+0000] {processor.py:914} INFO - Processing file /opt/airflow/dags/my_tasks.py for tasks to queue
[2026-07-24T07:32:32.662+0000] {logging_mixin.py:190} INFO - [2026-07-24T07:32:32.662+0000] {dagbag.py:588} INFO - Filling up the DagBag from /opt/airflow/dags/my_tasks.py
[2026-07-24T07:32:32.669+0000] {processor.py:925} INFO - DAG(s) 'my_dag' retrieved from /opt/airflow/dags/my_tasks.py
[2026-07-24T07:32:32.686+0000] {logging_mixin.py:190} INFO - [2026-07-24T07:32:32.686+0000] {dag.py:3239} INFO - Sync 1 DAGs
[2026-07-24T07:32:32.795+0000] {logging_mixin.py:190} INFO - [2026-07-24T07:32:32.794+0000] {dag.py:4180} INFO - Setting next_dagrun for my_dag to None, run_after=None
[2026-07-24T07:32:32.815+0000] {processor.py:208} INFO - Processing /opt/airflow/dags/my_tasks.py took 0.160 seconds
[2026-07-24T07:33:02.931+0000] {processor.py:186} INFO - Started process (PID=3437) to work on /opt/airflow/dags/my_tasks.py
[2026-07-24T07:33:02.932+0000] {processor.py:914} INFO - Processing file /opt/airflow/dags/my_tasks.py for tasks to queue
[2026-07-24T07:33:02.934+0000] {logging_mixin.py:190} INFO - [2026-07-24T07:33:02.933+0000] {dagbag.py:588} INFO - Filling up the DagBag from /opt/airflow/dags/my_tasks.py
[2026-07-24T07:33:02.939+0000] {processor.py:925} INFO - DAG(s) 'my_dag' retrieved from /opt/airflow/dags/my_tasks.py
[2026-07-24T07:33:02.957+0000] {logging_mixin.py:190} INFO - [2026-07-24T07:33:02.956+0000] {dag.py:3239} INFO - Sync 1 DAGs
[2026-07-24T07:33:02.971+0000] {logging_mixin.py:190} INFO - [2026-07-24T07:33:02.971+0000] {dag.py:4180} INFO - Setting next_dagrun for my_dag to None, run_after=None
[2026-07-24T07:33:02.985+0000] {processor.py:208} INFO - Processing /opt/airflow/dags/my_tasks.py took 0.058 seconds
[2026-07-24T07:33:33.191+0000] {processor.py:186} INFO - Started process (PID=3448) to work on /opt/airflow/dags/my_tasks.py
[2026-07-24T07:33:33.199+0000] {processor.py:914} INFO - Processing file /opt/airflow/dags/my_tasks.py for tasks to queue
[2026-07-24T07:33:33.202+0000] {logging_mixin.py:190} INFO - [2026-07-24T07:33:33.202+0000] {dagbag.py:588} INFO - Filling up the DagBag from /opt/airflow/dags/my_tasks.py
[2026-07-24T07:33:33.211+0000] {processor.py:925} INFO - DAG(s) 'my_dag' retrieved from /opt/airflow/dags/my_tasks.py
[2026-07-24T07:33:33.233+0000] {logging_mixin.py:190} INFO - [2026-07-24T07:33:33.232+0000] {dag.py:3239} INFO - Sync 1 DAGs
[2026-07-24T07:33:33.248+0000] {logging_mixin.py:190} INFO - [2026-07-24T07:33:33.248+0000] {dag.py:4180} INFO - Setting next_dagrun for my_dag to None, run_after=None
[2026-07-24T07:33:33.261+0000] {processor.py:208} INFO - Processing /opt/airflow/dags/my_tasks.py took 0.074 seconds
[2026-07-24T07:34:03.464+0000] {processor.py:186} INFO - Started process (PID=3459) to work on /opt/airflow/dags/my_tasks.py
[2026-07-24T07:34:03.473+0000] {processor.py:914} INFO - Processing file /opt/airflow/dags/my_tasks.py for tasks to queue
[2026-07-24T07:34:03.476+0000] {logging_mixin.py:190} INFO - [2026-07-24T07:34:03.475+0000] {dagbag.py:588} INFO - Filling up the DagBag from /opt/airflow/dags/my_tasks.py
[2026-07-24T07:34:03.486+0000] {processor.py:925} INFO - DAG(s) 'my_dag' retrieved from /opt/airflow/dags/my_tasks.py
[2026-07-24T07:34:03.504+0000] {logging_mixin.py:190} INFO - [2026-07-24T07:34:03.504+0000] {dag.py:3239} INFO - Sync 1 DAGs
[2026-07-24T07:34:03.519+0000] {logging_mixin.py:190} INFO - [2026-07-24T07:34:03.519+0000] {dag.py:4180} INFO - Setting next_dagrun for my_dag to None, run_after=None
[2026-07-24T07:34:03.631+0000] {processor.py:208} INFO - Processing /opt/airflow/dags/my_tasks.py took 0.171 seconds
[2026-07-24T07:34:33.715+0000] {processor.py:186} INFO - Started process (PID=3470) to work on /opt/airflow/dags/my_tasks.py
[2026-07-24T07:34:33.716+0000] {processor.py:914} INFO - Processing file /opt/airflow/dags/my_tasks.py for tasks to queue
[2026-07-24T07:34:33.719+0000] {logging_mixin.py:190} INFO - [2026-07-24T07:34:33.718+0000] {dagbag.py:588} INFO - Filling up the DagBag from /opt/airflow/dags/my_tasks.py
[2026-07-24T07:34:33.727+0000] {processor.py:925} INFO - DAG(s) 'my_dag' retrieved from /opt/airflow/dags/my_tasks.py
[2026-07-24T07:34:33.746+0000] {logging_mixin.py:190} INFO - [2026-07-24T07:34:33.746+0000] {dag.py:3239} INFO - Sync 1 DAGs
[2026-07-24T07:34:33.857+0000] {logging_mixin.py:190} INFO - [2026-07-24T07:34:33.857+0000] {dag.py:4180} INFO - Setting next_dagrun for my_dag to None, run_after=None
[2026-07-24T07:34:33.878+0000] {processor.py:208} INFO - Processing /opt/airflow/dags/my_tasks.py took 0.169 seconds
[2026-07-24T07:35:04.067+0000] {processor.py:186} INFO - Started process (PID=3481) to work on /opt/airflow/dags/my_tasks.py
[2026-07-24T07:35:04.068+0000] {processor.py:914} INFO - Processing file /opt/airflow/dags/my_tasks.py for tasks to queue
[2026-07-24T07:35:04.070+0000] {logging_mixin.py:190} INFO - [2026-07-24T07:35:04.069+0000] {dagbag.py:588} INFO - Filling up the DagBag from /opt/airflow/dags/my_tasks.py
[2026-07-24T07:35:04.076+0000] {processor.py:925} INFO - DAG(s) 'my_dag' retrieved from /opt/airflow/dags/my_tasks.py
[2026-07-24T07:35:04.095+0000] {logging_mixin.py:190} INFO - [2026-07-24T07:35:04.094+0000] {dag.py:3239} INFO - Sync 1 DAGs
[2026-07-24T07:35:04.111+0000] {logging_mixin.py:190} INFO - [2026-07-24T07:35:04.111+0000] {dag.py:4180} INFO - Setting next_dagrun for my_dag to None, run_after=None
[2026-07-24T07:35:04.125+0000] {processor.py:208} INFO - Processing /opt/airflow/dags/my_tasks.py took 0.063 seconds
[2026-07-24T07:35:34.345+0000] {processor.py:186} INFO - Started process (PID=3492) to work on /opt/airflow/dags/my_tasks.py
[2026-07-24T07:35:34.346+0000] {processor.py:914} INFO - Processing file /opt/airflow/dags/my_tasks.py for tasks to queue
[2026-07-24T07:35:34.347+0000] {logging_mixin.py:190} INFO - [2026-07-24T07:35:34.347+0000] {dagbag.py:588} INFO - Filling up the DagBag from /opt/airflow/dags/my_tasks.py
[2026-07-24T07:35:34.353+0000] {processor.py:925} INFO - DAG(s) 'my_dag' retrieved from /opt/airflow/dags/my_tasks.py
[2026-07-24T07:35:34.370+0000] {logging_mixin.py:190} INFO - [2026-07-24T07:35:34.370+0000] {dag.py:3239} INFO - Sync 1 DAGs
[2026-07-24T07:35:34.385+0000] {logging_mixin.py:190} INFO - [2026-07-24T07:35:34.385+0000] {dag.py:4180} INFO - Setting next_dagrun for my_dag to None, run_after=None
[2026-07-24T07:35:34.398+0000] {processor.py:208} INFO - Processing /opt/airflow/dags/my_tasks.py took 0.057 seconds
[2026-07-24T07:36:04.614+0000] {processor.py:186} INFO - Started process (PID=3503) to work on /opt/airflow/dags/my_tasks.py
[2026-07-24T07:36:04.614+0000] {processor.py:914} INFO - Processing file /opt/airflow/dags/my_tasks.py for tasks to queue
[2026-07-24T07:36:04.615+0000] {logging_mixin.py:190} INFO - [2026-07-24T07:36:04.615+0000] {dagbag.py:588} INFO - Filling up the DagBag from /opt/airflow/dags/my_tasks.py
[2026-07-24T07:36:04.622+0000] {processor.py:925} INFO - DAG(s) 'my_dag' retrieved from /opt/airflow/dags/my_tasks.py
[2026-07-24T07:36:04.639+0000] {logging_mixin.py:190} INFO - [2026-07-24T07:36:04.639+0000] {dag.py:3239} INFO - Sync 1 DAGs
[2026-07-24T07:36:04.751+0000] {logging_mixin.py:190} INFO - [2026-07-24T07:36:04.751+0000] {dag.py:4180} INFO - Setting next_dagrun for my_dag to None, run_after=None
[2026-07-24T07:36:04.772+0000] {processor.py:208} INFO - Processing /opt/airflow/dags/my_tasks.py took 0.163 seconds
[2026-07-24T07:36:34.875+0000] {processor.py:186} INFO - Started process (PID=3514) to work on /opt/airflow/dags/my_tasks.py
[2026-07-24T07:36:34.875+0000] {processor.py:914} INFO - Processing file /opt/airflow/dags/my_tasks.py for tasks to queue
[2026-07-24T07:36:34.877+0000] {logging_mixin.py:190} INFO - [2026-07-24T07:36:34.877+0000] {dagbag.py:588} INFO - Filling up the DagBag from /opt/airflow/dags/my_tasks.py
[2026-07-24T07:36:34.883+0000] {processor.py:925} INFO - DAG(s) 'my_dag' retrieved from /opt/airflow/dags/my_tasks.py
[2026-07-24T07:36:34.901+0000] {logging_mixin.py:190} INFO - [2026-07-24T07:36:34.900+0000] {dag.py:3239} INFO - Sync 1 DAGs
[2026-07-24T07:36:34.916+0000] {logging_mixin.py:190} INFO - [2026-07-24T07:36:34.915+0000] {dag.py:4180} INFO - Setting next_dagrun for my_dag to None, run_after=None
[2026-07-24T07:36:34.929+0000] {processor.py:208} INFO - Processing /opt/airflow/dags/my_tasks.py took 0.058 seconds
[2026-07-24T07:37:05.131+0000] {processor.py:186} INFO - Started process (PID=3525) to work on /opt/airflow/dags/my_tasks.py
[2026-07-24T07:37:05.132+0000] {processor.py:914} INFO - Processing file /opt/airflow/dags/my_tasks.py for tasks to queue
[2026-07-24T07:37:05.133+0000] {logging_mixin.py:190} INFO - [2026-07-24T07:37:05.133+0000] {dagbag.py:588} INFO - Filling up the DagBag from /opt/airflow/dags/my_tasks.py
[2026-07-24T07:37:05.140+0000] {processor.py:925} INFO - DAG(s) 'my_dag' retrieved from /opt/airflow/dags/my_tasks.py
[2026-07-24T07:37:05.157+0000] {logging_mixin.py:190} INFO - [2026-07-24T07:37:05.156+0000] {dag.py:3239} INFO - Sync 1 DAGs
[2026-07-24T07:37:05.171+0000] {logging_mixin.py:190} INFO - [2026-07-24T07:37:05.171+0000] {dag.py:4180} INFO - Setting next_dagrun for my_dag to None, run_after=None
[2026-07-24T07:37:05.184+0000] {processor.py:208} INFO - Processing /opt/airflow/dags/my_tasks.py took 0.057 seconds
[2026-07-24T07:37:35.373+0000] {processor.py:186} INFO - Started process (PID=3536) to work on /opt/airflow/dags/my_tasks.py
[2026-07-24T07:37:35.374+0000] {processor.py:914} INFO - Processing file /opt/airflow/dags/my_tasks.py for tasks to queue
[2026-07-24T07:37:35.375+0000] {logging_mixin.py:190} INFO - [2026-07-24T07:37:35.375+0000] {dagbag.py:588} INFO - Filling up the DagBag from /opt/airflow/dags/my_tasks.py
[2026-07-24T07:37:35.382+0000] {processor.py:925} INFO - DAG(s) 'my_dag' retrieved from /opt/airflow/dags/my_tasks.py
[2026-07-24T07:37:35.399+0000] {logging_mixin.py:190} INFO - [2026-07-24T07:37:35.399+0000] {dag.py:3239} INFO - Sync 1 DAGs
[2026-07-24T07:37:35.414+0000] {logging_mixin.py:190} INFO - [2026-07-24T07:37:35.413+0000] {dag.py:4180} INFO - Setting next_dagrun for my_dag to None, run_after=None
[2026-07-24T07:37:35.428+0000] {processor.py:208} INFO - Processing /opt/airflow/dags/my_tasks.py took 0.058 seconds
[2026-07-24T07:38:05.641+0000] {processor.py:186} INFO - Started process (PID=3547) to work on /opt/airflow/dags/my_tasks.py
[2026-07-24T07:38:05.641+0000] {processor.py:914} INFO - Processing file /opt/airflow/dags/my_tasks.py for tasks to queue
[2026-07-24T07:38:05.642+0000] {logging_mixin.py:190} INFO - [2026-07-24T07:38:05.642+0000] {dagbag.py:588} INFO - Filling up the DagBag from /opt/airflow/dags/my_tasks.py
[2026-07-24T07:38:05.649+0000] {processor.py:925} INFO - DAG(s) 'my_dag' retrieved from /opt/airflow/dags/my_tasks.py
[2026-07-24T07:38:05.665+0000] {logging_mixin.py:190} INFO - [2026-07-24T07:38:05.665+0000] {dag.py:3239} INFO - Sync 1 DAGs
[2026-07-24T07:38:05.773+0000] {logging_mixin.py:190} INFO - [2026-07-24T07:38:05.772+0000] {dag.py:4180} INFO - Setting next_dagrun for my_dag to None, run_after=None
[2026-07-24T07:38:05.793+0000] {processor.py:208} INFO - Processing /opt/airflow/dags/my_tasks.py took 0.157 seconds
[2026-07-24T07:38:35.891+0000] {processor.py:186} INFO - Started process (PID=3558) to work on /opt/airflow/dags/my_tasks.py
[2026-07-24T07:38:35.892+0000] {processor.py:914} INFO - Processing file /opt/airflow/dags/my_tasks.py for tasks to queue
[2026-07-24T07:38:35.894+0000] {logging_mixin.py:190} INFO - [2026-07-24T07:38:35.893+0000] {dagbag.py:588} INFO - Filling up the DagBag from /opt/airflow/dags/my_tasks.py
[2026-07-24T07:38:35.900+0000] {processor.py:925} INFO - DAG(s) 'my_dag' retrieved from /opt/airflow/dags/my_tasks.py
[2026-07-24T07:38:35.920+0000] {logging_mixin.py:190} INFO - [2026-07-24T07:38:35.920+0000] {dag.py:3239} INFO - Sync 1 DAGs
[2026-07-24T07:38:35.937+0000] {logging_mixin.py:190} INFO - [2026-07-24T07:38:35.936+0000] {dag.py:4180} INFO - Setting next_dagrun for my_dag to None, run_after=None
[2026-07-24T07:38:35.951+0000] {processor.py:208} INFO - Processing /opt/airflow/dags/my_tasks.py took 0.064 seconds
[2026-07-24T07:39:06.169+0000] {processor.py:186} INFO - Started process (PID=3569) to work on /opt/airflow/dags/my_tasks.py
[2026-07-24T07:39:06.170+0000] {processor.py:914} INFO - Processing file /opt/airflow/dags/my_tasks.py for tasks to queue
[2026-07-24T07:39:06.172+0000] {logging_mixin.py:190} INFO - [2026-07-24T07:39:06.171+0000] {dagbag.py:588} INFO - Filling up the DagBag from /opt/airflow/dags/my_tasks.py
[2026-07-24T07:39:06.178+0000] {processor.py:925} INFO - DAG(s) 'my_dag' retrieved from /opt/airflow/dags/my_tasks.py
[2026-07-24T07:39:06.195+0000] {logging_mixin.py:190} INFO - [2026-07-24T07:39:06.195+0000] {dag.py:3239} INFO - Sync 1 DAGs
[2026-07-24T07:39:06.210+0000] {logging_mixin.py:190} INFO - [2026-07-24T07:39:06.210+0000] {dag.py:4180} INFO - Setting next_dagrun for my_dag to None, run_after=None
[2026-07-24T07:39:06.223+0000] {processor.py:208} INFO - Processing /opt/airflow/dags/my_tasks.py took 0.058 seconds
[2026-07-24T07:39:36.447+0000] {processor.py:186} INFO - Started process (PID=3580) to work on /opt/airflow/dags/my_tasks.py
[2026-07-24T07:39:36.447+0000] {processor.py:914} INFO - Processing file /opt/airflow/dags/my_tasks.py for tasks to queue
[2026-07-24T07:39:36.449+0000] {logging_mixin.py:190} INFO - [2026-07-24T07:39:36.448+0000] {dagbag.py:588} INFO - Filling up the DagBag from /opt/airflow/dags/my_tasks.py
[2026-07-24T07:39:36.456+0000] {processor.py:925} INFO - DAG(s) 'my_dag' retrieved from /opt/airflow/dags/my_tasks.py
[2026-07-24T07:39:36.473+0000] {logging_mixin.py:190} INFO - [2026-07-24T07:39:36.473+0000] {dag.py:3239} INFO - Sync 1 DAGs
[2026-07-24T07:39:36.489+0000] {logging_mixin.py:190} INFO - [2026-07-24T07:39:36.488+0000] {dag.py:4180} INFO - Setting next_dagrun for my_dag to None, run_after=None
[2026-07-24T07:39:36.607+0000] {processor.py:208} INFO - Processing /opt/airflow/dags/my_tasks.py took 0.165 seconds
[2026-07-24T07:40:06.721+0000] {processor.py:186} INFO - Started process (PID=3591) to work on /opt/airflow/dags/my_tasks.py
[2026-07-24T07:40:06.721+0000] {processor.py:914} INFO - Processing file /opt/airflow/dags/my_tasks.py for tasks to queue
[2026-07-24T07:40:06.722+0000] {logging_mixin.py:190} INFO - [2026-07-24T07:40:06.722+0000] {dagbag.py:588} INFO - Filling up the DagBag from /opt/airflow/dags/my_tasks.py
[2026-07-24T07:40:06.729+0000] {processor.py:925} INFO - DAG(s) 'my_dag' retrieved from /opt/airflow/dags/my_tasks.py
[2026-07-24T07:40:06.746+0000] {logging_mixin.py:190} INFO - [2026-07-24T07:40:06.746+0000] {dag.py:3239} INFO - Sync 1 DAGs
[2026-07-24T07:40:06.854+0000] {logging_mixin.py:190} INFO - [2026-07-24T07:40:06.854+0000] {dag.py:4180} INFO - Setting next_dagrun for my_dag to None, run_after=None
[2026-07-24T07:40:06.868+0000] {processor.py:208} INFO - Processing /opt/airflow/dags/my_tasks.py took 0.152 seconds
[2026-07-24T07:40:37.083+0000] {processor.py:186} INFO - Started process (PID=3602) to work on /opt/airflow/dags/my_tasks.py
[2026-07-24T07:40:37.083+0000] {processor.py:914} INFO - Processing file /opt/airflow/dags/my_tasks.py for tasks to queue
[2026-07-24T07:40:37.086+0000] {logging_mixin.py:190} INFO - [2026-07-24T07:40:37.085+0000] {dagbag.py:588} INFO - Filling up the DagBag from /opt/airflow/dags/my_tasks.py
[2026-07-24T07:40:37.092+0000] {processor.py:925} INFO - DAG(s) 'my_dag' retrieved from /opt/airflow/dags/my_tasks.py
[2026-07-24T07:40:37.111+0000] {logging_mixin.py:190} INFO - [2026-07-24T07:40:37.111+0000] {dag.py:3239} INFO - Sync 1 DAGs
[2026-07-24T07:40:37.126+0000] {logging_mixin.py:190} INFO - [2026-07-24T07:40:37.125+0000] {dag.py:4180} INFO - Setting next_dagrun for my_dag to None, run_after=None
[2026-07-24T07:40:37.144+0000] {processor.py:208} INFO - Processing /opt/airflow/dags/my_tasks.py took 0.065 seconds
[2026-07-24T07:41:07.373+0000] {processor.py:186} INFO - Started process (PID=3613) to work on /opt/airflow/dags/my_tasks.py
[2026-07-24T07:41:07.381+0000] {processor.py:914} INFO - Processing file /opt/airflow/dags/my_tasks.py for tasks to queue
[2026-07-24T07:41:07.384+0000] {logging_mixin.py:190} INFO - [2026-07-24T07:41:07.383+0000] {dagbag.py:588} INFO - Filling up the DagBag from /opt/airflow/dags/my_tasks.py
[2026-07-24T07:41:07.394+0000] {processor.py:925} INFO - DAG(s) 'my_dag' retrieved from /opt/airflow/dags/my_tasks.py
[2026-07-24T07:41:07.411+0000] {logging_mixin.py:190} INFO - [2026-07-24T07:41:07.411+0000] {dag.py:3239} INFO - Sync 1 DAGs
[2026-07-24T07:41:07.426+0000] {logging_mixin.py:190} INFO - [2026-07-24T07:41:07.426+0000] {dag.py:4180} INFO - Setting next_dagrun for my_dag to None, run_after=None
[2026-07-24T07:41:07.440+0000] {processor.py:208} INFO - Processing /opt/airflow/dags/my_tasks.py took 0.070 seconds
[2026-07-24T07:41:37.634+0000] {processor.py:186} INFO - Started process (PID=3624) to work on /opt/airflow/dags/my_tasks.py
[2026-07-24T07:41:37.634+0000] {processor.py:914} INFO - Processing file /opt/airflow/dags/my_tasks.py for tasks to queue
[2026-07-24T07:41:37.636+0000] {logging_mixin.py:190} INFO - [2026-07-24T07:41:37.635+0000] {dagbag.py:588} INFO - Filling up the DagBag from /opt/airflow/dags/my_tasks.py
[2026-07-24T07:41:37.642+0000] {processor.py:925} INFO - DAG(s) 'my_dag' retrieved from /opt/airflow/dags/my_tasks.py
[2026-07-24T07:41:37.661+0000] {logging_mixin.py:190} INFO - [2026-07-24T07:41:37.660+0000] {dag.py:3239} INFO - Sync 1 DAGs
[2026-07-24T07:41:37.773+0000] {logging_mixin.py:190} INFO - [2026-07-24T07:41:37.773+0000] {dag.py:4180} INFO - Setting next_dagrun for my_dag to None, run_after=None
[2026-07-24T07:41:37.793+0000] {processor.py:208} INFO - Processing /opt/airflow/dags/my_tasks.py took 0.164 seconds
[2026-07-24T07:42:07.927+0000] {processor.py:186} INFO - Started process (PID=3635) to work on /opt/airflow/dags/my_tasks.py
[2026-07-24T07:42:07.935+0000] {processor.py:914} INFO - Processing file /opt/airflow/dags/my_tasks.py for tasks to queue
[2026-07-24T07:42:07.938+0000] {logging_mixin.py:190} INFO - [2026-07-24T07:42:07.938+0000] {dagbag.py:588} INFO - Filling up the DagBag from /opt/airflow/dags/my_tasks.py
[2026-07-24T07:42:07.949+0000] {processor.py:925} INFO - DAG(s) 'my_dag' retrieved from /opt/airflow/dags/my_tasks.py
[2026-07-24T07:42:07.971+0000] {logging_mixin.py:190} INFO - [2026-07-24T07:42:07.970+0000] {dag.py:3239} INFO - Sync 1 DAGs
[2026-07-24T07:42:07.986+0000] {logging_mixin.py:190} INFO - [2026-07-24T07:42:07.986+0000] {dag.py:4180} INFO - Setting next_dagrun for my_dag to None, run_after=None
[2026-07-24T07:42:08.000+0000] {processor.py:208} INFO - Processing /opt/airflow/dags/my_tasks.py took 0.077 seconds
[2026-07-24T07:42:38.250+0000] {processor.py:186} INFO - Started process (PID=3646) to work on /opt/airflow/dags/my_tasks.py
[2026-07-24T07:42:38.251+0000] {processor.py:914} INFO - Processing file /opt/airflow/dags/my_tasks.py for tasks to queue
[2026-07-24T07:42:38.252+0000] {logging_mixin.py:190} INFO - [2026-07-24T07:42:38.252+0000] {dagbag.py:588} INFO - Filling up the DagBag from /opt/airflow/dags/my_tasks.py
[2026-07-24T07:42:38.260+0000] {processor.py:925} INFO - DAG(s) 'my_dag' retrieved from /opt/airflow/dags/my_tasks.py
[2026-07-24T07:42:38.278+0000] {logging_mixin.py:190} INFO - [2026-07-24T07:42:38.277+0000] {dag.py:3239} INFO - Sync 1 DAGs
[2026-07-24T07:42:38.293+0000] {logging_mixin.py:190} INFO - [2026-07-24T07:42:38.293+0000] {dag.py:4180} INFO - Setting next_dagrun for my_dag to None, run_after=None
[2026-07-24T07:42:38.306+0000] {processor.py:208} INFO - Processing /opt/airflow/dags/my_tasks.py took 0.060 seconds
[2026-07-24T07:43:08.508+0000] {processor.py:186} INFO - Started process (PID=3657) to work on /opt/airflow/dags/my_tasks.py
[2026-07-24T07:43:08.516+0000] {processor.py:914} INFO - Processing file /opt/airflow/dags/my_tasks.py for tasks to queue
[2026-07-24T07:43:08.518+0000] {logging_mixin.py:190} INFO - [2026-07-24T07:43:08.518+0000] {dagbag.py:588} INFO - Filling up the DagBag from /opt/airflow/dags/my_tasks.py
[2026-07-24T07:43:08.529+0000] {processor.py:925} INFO - DAG(s) 'my_dag' retrieved from /opt/airflow/dags/my_tasks.py
[2026-07-24T07:43:08.549+0000] {logging_mixin.py:190} INFO - [2026-07-24T07:43:08.548+0000] {dag.py:3239} INFO - Sync 1 DAGs
[2026-07-24T07:43:08.564+0000] {logging_mixin.py:190} INFO - [2026-07-24T07:43:08.564+0000] {dag.py:4180} INFO - Setting next_dagrun for my_dag to None, run_after=None
[2026-07-24T07:43:08.579+0000] {processor.py:208} INFO - Processing /opt/airflow/dags/my_tasks.py took 0.075 seconds
[2026-07-24T07:43:38.770+0000] {processor.py:186} INFO - Started process (PID=3668) to work on /opt/airflow/dags/my_tasks.py
[2026-07-24T07:43:38.771+0000] {processor.py:914} INFO - Processing file /opt/airflow/dags/my_tasks.py for tasks to queue
[2026-07-24T07:43:38.772+0000] {logging_mixin.py:190} INFO - [2026-07-24T07:43:38.772+0000] {dagbag.py:588} INFO - Filling up the DagBag from /opt/airflow/dags/my_tasks.py
[2026-07-24T07:43:38.779+0000] {processor.py:925} INFO - DAG(s) 'my_dag' retrieved from /opt/airflow/dags/my_tasks.py
[2026-07-24T07:43:38.795+0000] {logging_mixin.py:190} INFO - [2026-07-24T07:43:38.795+0000] {dag.py:3239} INFO - Sync 1 DAGs
[2026-07-24T07:43:38.907+0000] {logging_mixin.py:190} INFO - [2026-07-24T07:43:38.907+0000] {dag.py:4180} INFO - Setting next_dagrun for my_dag to None, run_after=None
[2026-07-24T07:43:38.927+0000] {processor.py:208} INFO - Processing /opt/airflow/dags/my_tasks.py took 0.161 seconds
[2026-07-24T07:44:09.058+0000] {processor.py:186} INFO - Started process (PID=3679) to work on /opt/airflow/dags/my_tasks.py
[2026-07-24T07:44:09.058+0000] {processor.py:914} INFO - Processing file /opt/airflow/dags/my_tasks.py for tasks to queue
[2026-07-24T07:44:09.060+0000] {logging_mixin.py:190} INFO - [2026-07-24T07:44:09.060+0000] {dagbag.py:588} INFO - Filling up the DagBag from /opt/airflow/dags/my_tasks.py
[2026-07-24T07:44:09.066+0000] {processor.py:925} INFO - DAG(s) 'my_dag' retrieved from /opt/airflow/dags/my_tasks.py
[2026-07-24T07:44:09.085+0000] {logging_mixin.py:190} INFO - [2026-07-24T07:44:09.085+0000] {dag.py:3239} INFO - Sync 1 DAGs
[2026-07-24T07:44:09.101+0000] {logging_mixin.py:190} INFO - [2026-07-24T07:44:09.101+0000] {dag.py:4180} INFO - Setting next_dagrun for my_dag to None, run_after=None
[2026-07-24T07:44:09.116+0000] {processor.py:208} INFO - Processing /opt/airflow/dags/my_tasks.py took 0.063 seconds
[2026-07-24T07:44:39.398+0000] {processor.py:186} INFO - Started process (PID=3690) to work on /opt/airflow/dags/my_tasks.py
[2026-07-24T07:44:39.410+0000] {processor.py:914} INFO - Processing file /opt/airflow/dags/my_tasks.py for tasks to queue
[2026-07-24T07:44:39.412+0000] {logging_mixin.py:190} INFO - [2026-07-24T07:44:39.412+0000] {dagbag.py:588} INFO - Filling up the DagBag from /opt/airflow/dags/my_tasks.py
[2026-07-24T07:44:39.424+0000] {processor.py:925} INFO - DAG(s) 'my_dag' retrieved from /opt/airflow/dags/my_tasks.py
[2026-07-24T07:44:39.442+0000] {logging_mixin.py:190} INFO - [2026-07-24T07:44:39.441+0000] {dag.py:3239} INFO - Sync 1 DAGs
[2026-07-24T07:44:39.458+0000] {logging_mixin.py:190} INFO - [2026-07-24T07:44:39.458+0000] {dag.py:4180} INFO - Setting next_dagrun for my_dag to None, run_after=None
[2026-07-24T07:44:39.472+0000] {processor.py:208} INFO - Processing /opt/airflow/dags/my_tasks.py took 0.078 seconds
[2026-07-24T07:45:09.650+0000] {processor.py:186} INFO - Started process (PID=3701) to work on /opt/airflow/dags/my_tasks.py
[2026-07-24T07:45:09.650+0000] {processor.py:914} INFO - Processing file /opt/airflow/dags/my_tasks.py for tasks to queue
[2026-07-24T07:45:09.652+0000] {logging_mixin.py:190} INFO - [2026-07-24T07:45:09.652+0000] {dagbag.py:588} INFO - Filling up the DagBag from /opt/airflow/dags/my_tasks.py
[2026-07-24T07:45:09.659+0000] {processor.py:925} INFO - DAG(s) 'my_dag' retrieved from /opt/airflow/dags/my_tasks.py
[2026-07-24T07:45:09.675+0000] {logging_mixin.py:190} INFO - [2026-07-24T07:45:09.675+0000] {dag.py:3239} INFO - Sync 1 DAGs
[2026-07-24T07:45:09.691+0000] {logging_mixin.py:190} INFO - [2026-07-24T07:45:09.690+0000] {dag.py:4180} INFO - Setting next_dagrun for my_dag to None, run_after=None
[2026-07-24T07:45:09.799+0000] {processor.py:208} INFO - Processing /opt/airflow/dags/my_tasks.py took 0.152 seconds
[2026-07-24T07:45:39.919+0000] {processor.py:186} INFO - Started process (PID=3712) to work on /opt/airflow/dags/my_tasks.py
[2026-07-24T07:45:39.927+0000] {processor.py:914} INFO - Processing file /opt/airflow/dags/my_tasks.py for tasks to queue
[2026-07-24T07:45:39.931+0000] {logging_mixin.py:190} INFO - [2026-07-24T07:45:39.930+0000] {dagbag.py:588} INFO - Filling up the DagBag from /opt/airflow/dags/my_tasks.py
[2026-07-24T07:45:39.941+0000] {processor.py:925} INFO - DAG(s) 'my_dag' retrieved from /opt/airflow/dags/my_tasks.py
[2026-07-24T07:45:39.958+0000] {logging_mixin.py:190} INFO - [2026-07-24T07:45:39.958+0000] {dag.py:3239} INFO - Sync 1 DAGs
[2026-07-24T07:45:40.070+0000] {logging_mixin.py:190} INFO - [2026-07-24T07:45:40.069+0000] {dag.py:4180} INFO - Setting next_dagrun for my_dag to None, run_after=None
[2026-07-24T07:45:40.090+0000] {processor.py:208} INFO - Processing /opt/airflow/dags/my_tasks.py took 0.176 seconds
[2026-07-24T07:46:10.261+0000] {processor.py:186} INFO - Started process (PID=3723) to work on /opt/airflow/dags/my_tasks.py
[2026-07-24T07:46:10.262+0000] {processor.py:914} INFO - Processing file /opt/airflow/dags/my_tasks.py for tasks to queue
[2026-07-24T07:46:10.264+0000] {logging_mixin.py:190} INFO - [2026-07-24T07:46:10.263+0000] {dagbag.py:588} INFO - Filling up the DagBag from /opt/airflow/dags/my_tasks.py
[2026-07-24T07:46:10.270+0000] {processor.py:925} INFO - DAG(s) 'my_dag' retrieved from /opt/airflow/dags/my_tasks.py
[2026-07-24T07:46:10.287+0000] {logging_mixin.py:190} INFO - [2026-07-24T07:46:10.286+0000] {dag.py:3239} INFO - Sync 1 DAGs
[2026-07-24T07:46:10.301+0000] {logging_mixin.py:190} INFO - [2026-07-24T07:46:10.301+0000] {dag.py:4180} INFO - Setting next_dagrun for my_dag to None, run_after=None
[2026-07-24T07:46:10.315+0000] {processor.py:208} INFO - Processing /opt/airflow/dags/my_tasks.py took 0.057 seconds
[2026-07-24T07:46:40.546+0000] {processor.py:186} INFO - Started process (PID=3734) to work on /opt/airflow/dags/my_tasks.py
[2026-07-24T07:46:40.554+0000] {processor.py:914} INFO - Processing file /opt/airflow/dags/my_tasks.py for tasks to queue
[2026-07-24T07:46:40.557+0000] {logging_mixin.py:190} INFO - [2026-07-24T07:46:40.556+0000] {dagbag.py:588} INFO - Filling up the DagBag from /opt/airflow/dags/my_tasks.py
[2026-07-24T07:46:40.568+0000] {processor.py:925} INFO - DAG(s) 'my_dag' retrieved from /opt/airflow/dags/my_tasks.py
[2026-07-24T07:46:40.588+0000] {logging_mixin.py:190} INFO - [2026-07-24T07:46:40.588+0000] {dag.py:3239} INFO - Sync 1 DAGs
[2026-07-24T07:46:40.604+0000] {logging_mixin.py:190} INFO - [2026-07-24T07:46:40.604+0000] {dag.py:4180} INFO - Setting next_dagrun for my_dag to None, run_after=None
[2026-07-24T07:46:40.617+0000] {processor.py:208} INFO - Processing /opt/airflow/dags/my_tasks.py took 0.076 seconds
[2026-07-24T07:47:10.828+0000] {processor.py:186} INFO - Started process (PID=3745) to work on /opt/airflow/dags/my_tasks.py
[2026-07-24T07:47:10.829+0000] {processor.py:914} INFO - Processing file /opt/airflow/dags/my_tasks.py for tasks to queue
[2026-07-24T07:47:10.830+0000] {logging_mixin.py:190} INFO - [2026-07-24T07:47:10.830+0000] {dagbag.py:588} INFO - Filling up the DagBag from /opt/airflow/dags/my_tasks.py
[2026-07-24T07:47:10.837+0000] {processor.py:925} INFO - DAG(s) 'my_dag' retrieved from /opt/airflow/dags/my_tasks.py
[2026-07-24T07:47:10.854+0000] {logging_mixin.py:190} INFO - [2026-07-24T07:47:10.853+0000] {dag.py:3239} INFO - Sync 1 DAGs
[2026-07-24T07:47:10.962+0000] {logging_mixin.py:190} INFO - [2026-07-24T07:47:10.962+0000] {dag.py:4180} INFO - Setting next_dagrun for my_dag to None, run_after=None
[2026-07-24T07:47:10.985+0000] {processor.py:208} INFO - Processing /opt/airflow/dags/my_tasks.py took 0.160 seconds
[2026-07-24T07:47:41.104+0000] {processor.py:186} INFO - Started process (PID=3756) to work on /opt/airflow/dags/my_tasks.py
[2026-07-24T07:47:41.112+0000] {processor.py:914} INFO - Processing file /opt/airflow/dags/my_tasks.py for tasks to queue
[2026-07-24T07:47:41.115+0000] {logging_mixin.py:190} INFO - [2026-07-24T07:47:41.115+0000] {dagbag.py:588} INFO - Filling up the DagBag from /opt/airflow/dags/my_tasks.py
[2026-07-24T07:47:41.126+0000] {processor.py:925} INFO - DAG(s) 'my_dag' retrieved from /opt/airflow/dags/my_tasks.py
[2026-07-24T07:47:41.238+0000] {logging_mixin.py:190} INFO - [2026-07-24T07:47:41.238+0000] {dag.py:3239} INFO - Sync 1 DAGs
[2026-07-24T07:47:41.253+0000] {logging_mixin.py:190} INFO - [2026-07-24T07:47:41.253+0000] {dag.py:4180} INFO - Setting next_dagrun for my_dag to None, run_after=None
[2026-07-24T07:47:41.267+0000] {processor.py:208} INFO - Processing /opt/airflow/dags/my_tasks.py took 0.168 seconds
[2026-07-24T07:48:11.427+0000] {processor.py:186} INFO - Started process (PID=3767) to work on /opt/airflow/dags/my_tasks.py
[2026-07-24T07:48:11.427+0000] {processor.py:914} INFO - Processing file /opt/airflow/dags/my_tasks.py for tasks to queue
[2026-07-24T07:48:11.430+0000] {logging_mixin.py:190} INFO - [2026-07-24T07:48:11.430+0000] {dagbag.py:588} INFO - Filling up the DagBag from /opt/airflow/dags/my_tasks.py
[2026-07-24T07:48:11.438+0000] {processor.py:925} INFO - DAG(s) 'my_dag' retrieved from /opt/airflow/dags/my_tasks.py
[2026-07-24T07:48:11.456+0000] {logging_mixin.py:190} INFO - [2026-07-24T07:48:11.456+0000] {dag.py:3239} INFO - Sync 1 DAGs
[2026-07-24T07:48:11.470+0000] {logging_mixin.py:190} INFO - [2026-07-24T07:48:11.470+0000] {dag.py:4180} INFO - Setting next_dagrun for my_dag to None, run_after=None
[2026-07-24T07:48:11.485+0000] {processor.py:208} INFO - Processing /opt/airflow/dags/my_tasks.py took 0.063 seconds
[2026-07-24T07:48:41.737+0000] {processor.py:186} INFO - Started process (PID=3778) to work on /opt/airflow/dags/my_tasks.py
[2026-07-24T07:48:41.745+0000] {processor.py:914} INFO - Processing file /opt/airflow/dags/my_tasks.py for tasks to queue
[2026-07-24T07:48:41.747+0000] {logging_mixin.py:190} INFO - [2026-07-24T07:48:41.747+0000] {dagbag.py:588} INFO - Filling up the DagBag from /opt/airflow/dags/my_tasks.py
[2026-07-24T07:48:41.758+0000] {processor.py:925} INFO - DAG(s) 'my_dag' retrieved from /opt/airflow/dags/my_tasks.py
[2026-07-24T07:48:41.777+0000] {logging_mixin.py:190} INFO - [2026-07-24T07:48:41.777+0000] {dag.py:3239} INFO - Sync 1 DAGs
[2026-07-24T07:48:41.792+0000] {logging_mixin.py:190} INFO - [2026-07-24T07:48:41.792+0000] {dag.py:4180} INFO - Setting next_dagrun for my_dag to None, run_after=None
[2026-07-24T07:48:41.807+0000] {processor.py:208} INFO - Processing /opt/airflow/dags/my_tasks.py took 0.073 seconds
[2026-07-24T07:49:12.030+0000] {processor.py:186} INFO - Started process (PID=3789) to work on /opt/airflow/dags/my_tasks.py
[2026-07-24T07:49:12.030+0000] {processor.py:914} INFO - Processing file /opt/airflow/dags/my_tasks.py for tasks to queue
[2026-07-24T07:49:12.032+0000] {logging_mixin.py:190} INFO - [2026-07-24T07:49:12.031+0000] {dagbag.py:588} INFO - Filling up the DagBag from /opt/airflow/dags/my_tasks.py
[2026-07-24T07:49:12.038+0000] {processor.py:925} INFO - DAG(s) 'my_dag' retrieved from /opt/airflow/dags/my_tasks.py
[2026-07-24T07:49:12.055+0000] {logging_mixin.py:190} INFO - [2026-07-24T07:49:12.055+0000] {dag.py:3239} INFO - Sync 1 DAGs
[2026-07-24T07:49:12.164+0000] {logging_mixin.py:190} INFO - [2026-07-24T07:49:12.163+0000] {dag.py:4180} INFO - Setting next_dagrun for my_dag to None, run_after=None
[2026-07-24T07:49:12.177+0000] {processor.py:208} INFO - Processing /opt/airflow/dags/my_tasks.py took 0.151 seconds
[2026-07-24T07:49:42.301+0000] {processor.py:186} INFO - Started process (PID=3800) to work on /opt/airflow/dags/my_tasks.py
[2026-07-24T07:49:42.302+0000] {processor.py:914} INFO - Processing file /opt/airflow/dags/my_tasks.py for tasks to queue
[2026-07-24T07:49:42.304+0000] {logging_mixin.py:190} INFO - [2026-07-24T07:49:42.303+0000] {dagbag.py:588} INFO - Filling up the DagBag from /opt/airflow/dags/my_tasks.py
[2026-07-24T07:49:42.310+0000] {processor.py:925} INFO - DAG(s) 'my_dag' retrieved from /opt/airflow/dags/my_tasks.py
[2026-07-24T07:49:42.327+0000] {logging_mixin.py:190} INFO - [2026-07-24T07:49:42.327+0000] {dag.py:3239} INFO - Sync 1 DAGs
[2026-07-24T07:49:42.343+0000] {logging_mixin.py:190} INFO - [2026-07-24T07:49:42.342+0000] {dag.py:4180} INFO - Setting next_dagrun for my_dag to None, run_after=None
[2026-07-24T07:49:42.362+0000] {processor.py:208} INFO - Processing /opt/airflow/dags/my_tasks.py took 0.065 seconds
[2026-07-24T07:50:12.572+0000] {processor.py:186} INFO - Started process (PID=3811) to work on /opt/airflow/dags/my_tasks.py
[2026-07-24T07:50:12.573+0000] {processor.py:914} INFO - Processing file /opt/airflow/dags/my_tasks.py for tasks to queue
[2026-07-24T07:50:12.574+0000] {logging_mixin.py:190} INFO - [2026-07-24T07:50:12.574+0000] {dagbag.py:588} INFO - Filling up the DagBag from /opt/airflow/dags/my_tasks.py
[2026-07-24T07:50:12.580+0000] {processor.py:925} INFO - DAG(s) 'my_dag' retrieved from /opt/airflow/dags/my_tasks.py
[2026-07-24T07:50:12.598+0000] {logging_mixin.py:190} INFO - [2026-07-24T07:50:12.597+0000] {dag.py:3239} INFO - Sync 1 DAGs
[2026-07-24T07:50:12.613+0000] {logging_mixin.py:190} INFO - [2026-07-24T07:50:12.612+0000] {dag.py:4180} INFO - Setting next_dagrun for my_dag to None, run_after=None
[2026-07-24T07:50:12.626+0000] {processor.py:208} INFO - Processing /opt/airflow/dags/my_tasks.py took 0.058 seconds
[2026-07-24T07:50:42.823+0000] {processor.py:186} INFO - Started process (PID=3822) to work on /opt/airflow/dags/my_tasks.py
[2026-07-24T07:50:42.824+0000] {processor.py:914} INFO - Processing file /opt/airflow/dags/my_tasks.py for tasks to queue
[2026-07-24T07:50:42.825+0000] {logging_mixin.py:190} INFO - [2026-07-24T07:50:42.825+0000] {dagbag.py:588} INFO - Filling up the DagBag from /opt/airflow/dags/my_tasks.py
[2026-07-24T07:50:42.831+0000] {processor.py:925} INFO - DAG(s) 'my_dag' retrieved from /opt/airflow/dags/my_tasks.py
[2026-07-24T07:50:42.848+0000] {logging_mixin.py:190} INFO - [2026-07-24T07:50:42.848+0000] {dag.py:3239} INFO - Sync 1 DAGs
[2026-07-24T07:50:42.863+0000] {logging_mixin.py:190} INFO - [2026-07-24T07:50:42.863+0000] {dag.py:4180} INFO - Setting next_dagrun for my_dag to None, run_after=None
[2026-07-24T07:50:42.972+0000] {processor.py:208} INFO - Processing /opt/airflow/dags/my_tasks.py took 0.153 seconds
[2026-07-24T07:51:13.070+0000] {processor.py:186} INFO - Started process (PID=3833) to work on /opt/airflow/dags/my_tasks.py
[2026-07-24T07:51:13.070+0000] {processor.py:914} INFO - Processing file /opt/airflow/dags/my_tasks.py for tasks to queue
[2026-07-24T07:51:13.073+0000] {logging_mixin.py:190} INFO - [2026-07-24T07:51:13.072+0000] {dagbag.py:588} INFO - Filling up the DagBag from /opt/airflow/dags/my_tasks.py
[2026-07-24T07:51:13.081+0000] {processor.py:925} INFO - DAG(s) 'my_dag' retrieved from /opt/airflow/dags/my_tasks.py
[2026-07-24T07:51:13.098+0000] {logging_mixin.py:190} INFO - [2026-07-24T07:51:13.098+0000] {dag.py:3239} INFO - Sync 1 DAGs
[2026-07-24T07:51:13.214+0000] {logging_mixin.py:190} INFO - [2026-07-24T07:51:13.214+0000] {dag.py:4180} INFO - Setting next_dagrun for my_dag to None, run_after=None
[2026-07-24T07:51:13.227+0000] {processor.py:208} INFO - Processing /opt/airflow/dags/my_tasks.py took 0.163 seconds
[2026-07-24T07:51:43.412+0000] {processor.py:186} INFO - Started process (PID=3844) to work on /opt/airflow/dags/my_tasks.py
[2026-07-24T07:51:43.412+0000] {processor.py:914} INFO - Processing file /opt/airflow/dags/my_tasks.py for tasks to queue
[2026-07-24T07:51:43.414+0000] {logging_mixin.py:190} INFO - [2026-07-24T07:51:43.414+0000] {dagbag.py:588} INFO - Filling up the DagBag from /opt/airflow/dags/my_tasks.py
[2026-07-24T07:51:43.420+0000] {processor.py:925} INFO - DAG(s) 'my_dag' retrieved from /opt/airflow/dags/my_tasks.py
[2026-07-24T07:51:43.437+0000] {logging_mixin.py:190} INFO - [2026-07-24T07:51:43.437+0000] {dag.py:3239} INFO - Sync 1 DAGs
[2026-07-24T07:51:43.452+0000] {logging_mixin.py:190} INFO - [2026-07-24T07:51:43.451+0000] {dag.py:4180} INFO - Setting next_dagrun for my_dag to None, run_after=None
[2026-07-24T07:51:43.466+0000] {processor.py:208} INFO - Processing /opt/airflow/dags/my_tasks.py took 0.058 seconds
[2026-07-24T07:52:13.692+0000] {processor.py:186} INFO - Started process (PID=3855) to work on /opt/airflow/dags/my_tasks.py
[2026-07-24T07:52:13.693+0000] {processor.py:914} INFO - Processing file /opt/airflow/dags/my_tasks.py for tasks to queue
[2026-07-24T07:52:13.694+0000] {logging_mixin.py:190} INFO - [2026-07-24T07:52:13.694+0000] {dagbag.py:588} INFO - Filling up the DagBag from /opt/airflow/dags/my_tasks.py
[2026-07-24T07:52:13.700+0000] {processor.py:925} INFO - DAG(s) 'my_dag' retrieved from /opt/airflow/dags/my_tasks.py
[2026-07-24T07:52:13.717+0000] {logging_mixin.py:190} INFO - [2026-07-24T07:52:13.717+0000] {dag.py:3239} INFO - Sync 1 DAGs
[2026-07-24T07:52:13.732+0000] {logging_mixin.py:190} INFO - [2026-07-24T07:52:13.731+0000] {dag.py:4180} INFO - Setting next_dagrun for my_dag to None, run_after=None
[2026-07-24T07:52:13.746+0000] {processor.py:208} INFO - Processing /opt/airflow/dags/my_tasks.py took 0.057 seconds
[2026-07-24T07:52:43.972+0000] {processor.py:186} INFO - Started process (PID=3866) to work on /opt/airflow/dags/my_tasks.py
[2026-07-24T07:52:43.980+0000] {processor.py:914} INFO - Processing file /opt/airflow/dags/my_tasks.py for tasks to queue
[2026-07-24T07:52:43.982+0000] {logging_mixin.py:190} INFO - [2026-07-24T07:52:43.981+0000] {dagbag.py:588} INFO - Filling up the DagBag from /opt/airflow/dags/my_tasks.py
[2026-07-24T07:52:43.993+0000] {processor.py:925} INFO - DAG(s) 'my_dag' retrieved from /opt/airflow/dags/my_tasks.py
[2026-07-24T07:52:44.009+0000] {logging_mixin.py:190} INFO - [2026-07-24T07:52:44.009+0000] {dag.py:3239} INFO - Sync 1 DAGs
[2026-07-24T07:52:44.119+0000] {logging_mixin.py:190} INFO - [2026-07-24T07:52:44.119+0000] {dag.py:4180} INFO - Setting next_dagrun for my_dag to None, run_after=None
[2026-07-24T07:52:44.132+0000] {processor.py:208} INFO - Processing /opt/airflow/dags/my_tasks.py took 0.165 seconds
[2026-07-24T07:53:14.210+0000] {processor.py:186} INFO - Started process (PID=3877) to work on /opt/airflow/dags/my_tasks.py
[2026-07-24T07:53:14.211+0000] {processor.py:914} INFO - Processing file /opt/airflow/dags/my_tasks.py for tasks to queue
[2026-07-24T07:53:14.212+0000] {logging_mixin.py:190} INFO - [2026-07-24T07:53:14.212+0000] {dagbag.py:588} INFO - Filling up the DagBag from /opt/airflow/dags/my_tasks.py
[2026-07-24T07:53:14.219+0000] {processor.py:925} INFO - DAG(s) 'my_dag' retrieved from /opt/airflow/dags/my_tasks.py
[2026-07-24T07:53:14.330+0000] {logging_mixin.py:190} INFO - [2026-07-24T07:53:14.330+0000] {dag.py:3239} INFO - Sync 1 DAGs
[2026-07-24T07:53:14.343+0000] {logging_mixin.py:190} INFO - [2026-07-24T07:53:14.343+0000] {dag.py:4180} INFO - Setting next_dagrun for my_dag to None, run_after=None
[2026-07-24T07:53:14.356+0000] {processor.py:208} INFO - Processing /opt/airflow/dags/my_tasks.py took 0.150 seconds
[2026-07-24T07:53:44.591+0000] {processor.py:186} INFO - Started process (PID=3888) to work on /opt/airflow/dags/my_tasks.py
[2026-07-24T07:53:44.598+0000] {processor.py:914} INFO - Processing file /opt/airflow/dags/my_tasks.py for tasks to queue
[2026-07-24T07:53:44.602+0000] {logging_mixin.py:190} INFO - [2026-07-24T07:53:44.601+0000] {dagbag.py:588} INFO - Filling up the DagBag from /opt/airflow/dags/my_tasks.py
[2026-07-24T07:53:44.612+0000] {processor.py:925} INFO - DAG(s) 'my_dag' retrieved from /opt/airflow/dags/my_tasks.py
[2026-07-24T07:53:44.629+0000] {logging_mixin.py:190} INFO - [2026-07-24T07:53:44.629+0000] {dag.py:3239} INFO - Sync 1 DAGs
[2026-07-24T07:53:44.644+0000] {logging_mixin.py:190} INFO - [2026-07-24T07:53:44.644+0000] {dag.py:4180} INFO - Setting next_dagrun for my_dag to None, run_after=None
[2026-07-24T07:53:44.658+0000] {processor.py:208} INFO - Processing /opt/airflow/dags/my_tasks.py took 0.071 seconds
[2026-07-24T07:54:14.869+0000] {processor.py:186} INFO - Started process (PID=3899) to work on /opt/airflow/dags/my_tasks.py
[2026-07-24T07:54:14.869+0000] {processor.py:914} INFO - Processing file /opt/airflow/dags/my_tasks.py for tasks to queue
[2026-07-24T07:54:14.871+0000] {logging_mixin.py:190} INFO - [2026-07-24T07:54:14.870+0000] {dagbag.py:588} INFO - Filling up the DagBag from /opt/airflow/dags/my_tasks.py
[2026-07-24T07:54:14.877+0000] {processor.py:925} INFO - DAG(s) 'my_dag' retrieved from /opt/airflow/dags/my_tasks.py
[2026-07-24T07:54:14.893+0000] {logging_mixin.py:190} INFO - [2026-07-24T07:54:14.893+0000] {dag.py:3239} INFO - Sync 1 DAGs
[2026-07-24T07:54:14.908+0000] {logging_mixin.py:190} INFO - [2026-07-24T07:54:14.908+0000] {dag.py:4180} INFO - Setting next_dagrun for my_dag to None, run_after=None
[2026-07-24T07:54:14.922+0000] {processor.py:208} INFO - Processing /opt/airflow/dags/my_tasks.py took 0.058 seconds
[2026-07-24T07:54:45.141+0000] {processor.py:186} INFO - Started process (PID=3910) to work on /opt/airflow/dags/my_tasks.py
[2026-07-24T07:54:45.149+0000] {processor.py:914} INFO - Processing file /opt/airflow/dags/my_tasks.py for tasks to queue
[2026-07-24T07:54:45.151+0000] {logging_mixin.py:190} INFO - [2026-07-24T07:54:45.150+0000] {dagbag.py:588} INFO - Filling up the DagBag from /opt/airflow/dags/my_tasks.py
[2026-07-24T07:54:45.159+0000] {processor.py:925} INFO - DAG(s) 'my_dag' retrieved from /opt/airflow/dags/my_tasks.py
[2026-07-24T07:54:45.175+0000] {logging_mixin.py:190} INFO - [2026-07-24T07:54:45.175+0000] {dag.py:3239} INFO - Sync 1 DAGs
[2026-07-24T07:54:45.287+0000] {logging_mixin.py:190} INFO - [2026-07-24T07:54:45.287+0000] {dag.py:4180} INFO - Setting next_dagrun for my_dag to None, run_after=None
[2026-07-24T07:54:45.300+0000] {processor.py:208} INFO - Processing /opt/airflow/dags/my_tasks.py took 0.163 seconds
[2026-07-24T07:55:15.404+0000] {processor.py:186} INFO - Started process (PID=3921) to work on /opt/airflow/dags/my_tasks.py
[2026-07-24T07:55:15.404+0000] {processor.py:914} INFO - Processing file /opt/airflow/dags/my_tasks.py for tasks to queue
[2026-07-24T07:55:15.406+0000] {logging_mixin.py:190} INFO - [2026-07-24T07:55:15.406+0000] {dagbag.py:588} INFO - Filling up the DagBag from /opt/airflow/dags/my_tasks.py
[2026-07-24T07:55:15.412+0000] {processor.py:925} INFO - DAG(s) 'my_dag' retrieved from /opt/airflow/dags/my_tasks.py
[2026-07-24T07:55:15.429+0000] {logging_mixin.py:190} INFO - [2026-07-24T07:55:15.429+0000] {dag.py:3239} INFO - Sync 1 DAGs
[2026-07-24T07:55:15.443+0000] {logging_mixin.py:190} INFO - [2026-07-24T07:55:15.443+0000] {dag.py:4180} INFO - Setting next_dagrun for my_dag to None, run_after=None
[2026-07-24T07:55:15.457+0000] {processor.py:208} INFO - Processing /opt/airflow/dags/my_tasks.py took 0.058 seconds
[2026-07-24T07:55:45.681+0000] {processor.py:186} INFO - Started process (PID=3932) to work on /opt/airflow/dags/my_tasks.py
[2026-07-24T07:55:45.689+0000] {processor.py:914} INFO - Processing file /opt/airflow/dags/my_tasks.py for tasks to queue
[2026-07-24T07:55:45.691+0000] {logging_mixin.py:190} INFO - [2026-07-24T07:55:45.691+0000] {dagbag.py:588} INFO - Filling up the DagBag from /opt/airflow/dags/my_tasks.py
[2026-07-24T07:55:45.701+0000] {processor.py:925} INFO - DAG(s) 'my_dag' retrieved from /opt/airflow/dags/my_tasks.py
[2026-07-24T07:55:45.719+0000] {logging_mixin.py:190} INFO - [2026-07-24T07:55:45.719+0000] {dag.py:3239} INFO - Sync 1 DAGs
[2026-07-24T07:55:45.734+0000] {logging_mixin.py:190} INFO - [2026-07-24T07:55:45.733+0000] {dag.py:4180} INFO - Setting next_dagrun for my_dag to None, run_after=None
[2026-07-24T07:55:45.748+0000] {processor.py:208} INFO - Processing /opt/airflow/dags/my_tasks.py took 0.071 seconds
[2026-07-24T07:56:15.960+0000] {processor.py:186} INFO - Started process (PID=3943) to work on /opt/airflow/dags/my_tasks.py
[2026-07-24T07:56:15.960+0000] {processor.py:914} INFO - Processing file /opt/airflow/dags/my_tasks.py for tasks to queue
[2026-07-24T07:56:15.961+0000] {logging_mixin.py:190} INFO - [2026-07-24T07:56:15.961+0000] {dagbag.py:588} INFO - Filling up the DagBag from /opt/airflow/dags/my_tasks.py
[2026-07-24T07:56:15.967+0000] {processor.py:925} INFO - DAG(s) 'my_dag' retrieved from /opt/airflow/dags/my_tasks.py
[2026-07-24T07:56:15.984+0000] {logging_mixin.py:190} INFO - [2026-07-24T07:56:15.984+0000] {dag.py:3239} INFO - Sync 1 DAGs
[2026-07-24T07:56:15.999+0000] {logging_mixin.py:190} INFO - [2026-07-24T07:56:15.999+0000] {dag.py:4180} INFO - Setting next_dagrun for my_dag to None, run_after=None
[2026-07-24T07:56:16.106+0000] {processor.py:208} INFO - Processing /opt/airflow/dags/my_tasks.py took 0.150 seconds
[2026-07-24T07:56:46.228+0000] {processor.py:186} INFO - Started process (PID=3954) to work on /opt/airflow/dags/my_tasks.py
[2026-07-24T07:56:46.236+0000] {processor.py:914} INFO - Processing file /opt/airflow/dags/my_tasks.py for tasks to queue
[2026-07-24T07:56:46.239+0000] {logging_mixin.py:190} INFO - [2026-07-24T07:56:46.239+0000] {dagbag.py:588} INFO - Filling up the DagBag from /opt/airflow/dags/my_tasks.py
[2026-07-24T07:56:46.250+0000] {processor.py:925} INFO - DAG(s) 'my_dag' retrieved from /opt/airflow/dags/my_tasks.py
[2026-07-24T07:56:46.267+0000] {logging_mixin.py:190} INFO - [2026-07-24T07:56:46.267+0000] {dag.py:3239} INFO - Sync 1 DAGs
[2026-07-24T07:56:46.376+0000] {logging_mixin.py:190} INFO - [2026-07-24T07:56:46.376+0000] {dag.py:4180} INFO - Setting next_dagrun for my_dag to None, run_after=None
[2026-07-24T07:56:46.389+0000] {processor.py:208} INFO - Processing /opt/airflow/dags/my_tasks.py took 0.166 seconds
[2026-07-24T08:08:46.600+0000] {processor.py:186} INFO - Started process (PID=192) to work on /opt/airflow/dags/my_tasks.py
[2026-07-24T08:08:46.601+0000] {processor.py:914} INFO - Processing file /opt/airflow/dags/my_tasks.py for tasks to queue
[2026-07-24T08:08:46.602+0000] {logging_mixin.py:190} INFO - [2026-07-24T08:08:46.602+0000] {dagbag.py:588} INFO - Filling up the DagBag from /opt/airflow/dags/my_tasks.py
[2026-07-24T08:08:46.653+0000] {processor.py:925} INFO - DAG(s) 'my_dag' retrieved from /opt/airflow/dags/my_tasks.py
[2026-07-24T08:08:46.957+0000] {logging_mixin.py:190} INFO - [2026-07-24T08:08:46.956+0000] {override.py:1912} INFO - Created Permission View: can delete on DAG:my_dag
[2026-07-24T08:08:47.026+0000] {logging_mixin.py:190} INFO - [2026-07-24T08:08:47.025+0000] {override.py:1912} INFO - Created Permission View: can edit on DAG:my_dag
[2026-07-24T08:08:47.040+0000] {logging_mixin.py:190} INFO - [2026-07-24T08:08:47.039+0000] {override.py:1912} INFO - Created Permission View: can read on DAG:my_dag
[2026-07-24T08:08:47.057+0000] {logging_mixin.py:190} INFO - [2026-07-24T08:08:47.056+0000] {override.py:1912} INFO - Created Permission View: can create on DAG Run:my_dag
[2026-07-24T08:08:47.068+0000] {logging_mixin.py:190} INFO - [2026-07-24T08:08:47.067+0000] {override.py:1912} INFO - Created Permission View: can delete on DAG Run:my_dag
[2026-07-24T08:08:47.077+0000] {logging_mixin.py:190} INFO - [2026-07-24T08:08:47.077+0000] {override.py:1912} INFO - Created Permission View: menu access on DAG Run:my_dag
[2026-07-24T08:08:47.089+0000] {logging_mixin.py:190} INFO - [2026-07-24T08:08:47.089+0000] {override.py:1912} INFO - Created Permission View: can read on DAG Run:my_dag
[2026-07-24T08:08:47.089+0000] {logging_mixin.py:190} INFO - [2026-07-24T08:08:47.089+0000] {dag.py:3239} INFO - Sync 1 DAGs
[2026-07-24T08:08:47.099+0000] {logging_mixin.py:190} INFO - [2026-07-24T08:08:47.099+0000] {dag.py:3262} INFO - Creating ORM DAG for my_dag
[2026-07-24T08:08:47.106+0000] {logging_mixin.py:190} INFO - [2026-07-24T08:08:47.106+0000] {dag.py:4180} INFO - Setting next_dagrun for my_dag to 2026-03-02 00:00:00+00:00, run_after=2026-03-02 00:00:00+00:00
[2026-07-24T08:08:47.119+0000] {processor.py:208} INFO - Processing /opt/airflow/dags/my_tasks.py took 0.524 seconds
[2026-07-24T08:09:17.294+0000] {processor.py:186} INFO - Started process (PID=219) to work on /opt/airflow/dags/my_tasks.py
[2026-07-24T08:09:17.302+0000] {processor.py:914} INFO - Processing file /opt/airflow/dags/my_tasks.py for tasks to queue
[2026-07-24T08:09:17.304+0000] {logging_mixin.py:190} INFO - [2026-07-24T08:09:17.304+0000] {dagbag.py:588} INFO - Filling up the DagBag from /opt/airflow/dags/my_tasks.py
[2026-07-24T08:09:17.312+0000] {processor.py:925} INFO - DAG(s) 'my_dag' retrieved from /opt/airflow/dags/my_tasks.py
[2026-07-24T08:09:17.332+0000] {logging_mixin.py:190} INFO - [2026-07-24T08:09:17.332+0000] {dag.py:3239} INFO - Sync 1 DAGs
[2026-07-24T08:09:17.348+0000] {logging_mixin.py:190} INFO - [2026-07-24T08:09:17.348+0000] {dag.py:4180} INFO - Setting next_dagrun for my_dag to None, run_after=None
[2026-07-24T08:09:17.362+0000] {processor.py:208} INFO - Processing /opt/airflow/dags/my_tasks.py took 0.075 seconds
[2026-07-24T08:09:47.532+0000] {processor.py:186} INFO - Started process (PID=230) to work on /opt/airflow/dags/my_tasks.py
[2026-07-24T08:09:47.533+0000] {processor.py:914} INFO - Processing file /opt/airflow/dags/my_tasks.py for tasks to queue
[2026-07-24T08:09:47.534+0000] {logging_mixin.py:190} INFO - [2026-07-24T08:09:47.534+0000] {dagbag.py:588} INFO - Filling up the DagBag from /opt/airflow/dags/my_tasks.py
[2026-07-24T08:09:47.541+0000] {processor.py:925} INFO - DAG(s) 'my_dag' retrieved from /opt/airflow/dags/my_tasks.py
[2026-07-24T08:09:47.558+0000] {logging_mixin.py:190} INFO - [2026-07-24T08:09:47.558+0000] {dag.py:3239} INFO - Sync 1 DAGs
[2026-07-24T08:09:47.572+0000] {logging_mixin.py:190} INFO - [2026-07-24T08:09:47.572+0000] {dag.py:4180} INFO - Setting next_dagrun for my_dag to None, run_after=None
[2026-07-24T08:09:47.589+0000] {processor.py:208} INFO - Processing /opt/airflow/dags/my_tasks.py took 0.061 seconds
[2026-07-24T08:10:17.795+0000] {processor.py:186} INFO - Started process (PID=241) to work on /opt/airflow/dags/my_tasks.py
[2026-07-24T08:10:17.795+0000] {processor.py:914} INFO - Processing file /opt/airflow/dags/my_tasks.py for tasks to queue
[2026-07-24T08:10:17.797+0000] {logging_mixin.py:190} INFO - [2026-07-24T08:10:17.797+0000] {dagbag.py:588} INFO - Filling up the DagBag from /opt/airflow/dags/my_tasks.py
[2026-07-24T08:10:17.803+0000] {processor.py:925} INFO - DAG(s) 'my_dag' retrieved from /opt/airflow/dags/my_tasks.py
[2026-07-24T08:10:17.820+0000] {logging_mixin.py:190} INFO - [2026-07-24T08:10:17.819+0000] {dag.py:3239} INFO - Sync 1 DAGs
[2026-07-24T08:10:17.834+0000] {logging_mixin.py:190} INFO - [2026-07-24T08:10:17.834+0000] {dag.py:4180} INFO - Setting next_dagrun for my_dag to None, run_after=None
[2026-07-24T08:10:17.849+0000] {processor.py:208} INFO - Processing /opt/airflow/dags/my_tasks.py took 0.058 seconds
[2026-07-24T08:10:48.059+0000] {processor.py:186} INFO - Started process (PID=252) to work on /opt/airflow/dags/my_tasks.py
[2026-07-24T08:10:48.067+0000] {processor.py:914} INFO - Processing file /opt/airflow/dags/my_tasks.py for tasks to queue
[2026-07-24T08:10:48.069+0000] {logging_mixin.py:190} INFO - [2026-07-24T08:10:48.069+0000] {dagbag.py:588} INFO - Filling up the DagBag from /opt/airflow/dags/my_tasks.py
[2026-07-24T08:10:48.079+0000] {processor.py:925} INFO - DAG(s) 'my_dag' retrieved from /opt/airflow/dags/my_tasks.py
[2026-07-24T08:10:48.096+0000] {logging_mixin.py:190} INFO - [2026-07-24T08:10:48.096+0000] {dag.py:3239} INFO - Sync 1 DAGs
[2026-07-24T08:10:48.111+0000] {logging_mixin.py:190} INFO - [2026-07-24T08:10:48.110+0000] {dag.py:4180} INFO - Setting next_dagrun for my_dag to None, run_after=None
[2026-07-24T08:10:48.127+0000] {processor.py:208} INFO - Processing /opt/airflow/dags/my_tasks.py took 0.072 seconds
[2026-07-24T08:11:18.320+0000] {processor.py:186} INFO - Started process (PID=263) to work on /opt/airflow/dags/my_tasks.py
[2026-07-24T08:11:18.328+0000] {processor.py:914} INFO - Processing file /opt/airflow/dags/my_tasks.py for tasks to queue
[2026-07-24T08:11:18.331+0000] {logging_mixin.py:190} INFO - [2026-07-24T08:11:18.330+0000] {dagbag.py:588} INFO - Filling up the DagBag from /opt/airflow/dags/my_tasks.py
[2026-07-24T08:11:18.342+0000] {processor.py:925} INFO - DAG(s) 'my_dag' retrieved from /opt/airflow/dags/my_tasks.py
[2026-07-24T08:11:18.359+0000] {logging_mixin.py:190} INFO - [2026-07-24T08:11:18.359+0000] {dag.py:3239} INFO - Sync 1 DAGs
[2026-07-24T08:11:18.374+0000] {logging_mixin.py:190} INFO - [2026-07-24T08:11:18.374+0000] {dag.py:4180} INFO - Setting next_dagrun for my_dag to None, run_after=None
[2026-07-24T08:11:18.387+0000] {processor.py:208} INFO - Processing /opt/airflow/dags/my_tasks.py took 0.071 seconds
[2026-07-24T08:11:48.617+0000] {processor.py:186} INFO - Started process (PID=274) to work on /opt/airflow/dags/my_tasks.py
[2026-07-24T08:11:48.626+0000] {processor.py:914} INFO - Processing file /opt/airflow/dags/my_tasks.py for tasks to queue
[2026-07-24T08:11:48.628+0000] {logging_mixin.py:190} INFO - [2026-07-24T08:11:48.627+0000] {dagbag.py:588} INFO - Filling up the DagBag from /opt/airflow/dags/my_tasks.py
[2026-07-24T08:11:48.638+0000] {processor.py:925} INFO - DAG(s) 'my_dag' retrieved from /opt/airflow/dags/my_tasks.py
[2026-07-24T08:11:48.656+0000] {logging_mixin.py:190} INFO - [2026-07-24T08:11:48.655+0000] {dag.py:3239} INFO - Sync 1 DAGs
[2026-07-24T08:11:48.670+0000] {logging_mixin.py:190} INFO - [2026-07-24T08:11:48.670+0000] {dag.py:4180} INFO - Setting next_dagrun for my_dag to None, run_after=None
[2026-07-24T08:11:48.684+0000] {processor.py:208} INFO - Processing /opt/airflow/dags/my_tasks.py took 0.071 seconds
[2026-07-24T08:12:18.896+0000] {processor.py:186} INFO - Started process (PID=285) to work on /opt/airflow/dags/my_tasks.py
[2026-07-24T08:12:18.904+0000] {processor.py:914} INFO - Processing file /opt/airflow/dags/my_tasks.py for tasks to queue
[2026-07-24T08:12:18.908+0000] {logging_mixin.py:190} INFO - [2026-07-24T08:12:18.907+0000] {dagbag.py:588} INFO - Filling up the DagBag from /opt/airflow/dags/my_tasks.py
[2026-07-24T08:12:18.919+0000] {processor.py:925} INFO - DAG(s) 'my_dag' retrieved from /opt/airflow/dags/my_tasks.py
[2026-07-24T08:12:18.936+0000] {logging_mixin.py:190} INFO - [2026-07-24T08:12:18.936+0000] {dag.py:3239} INFO - Sync 1 DAGs
[2026-07-24T08:12:18.951+0000] {logging_mixin.py:190} INFO - [2026-07-24T08:12:18.951+0000] {dag.py:4180} INFO - Setting next_dagrun for my_dag to None, run_after=None
[2026-07-24T08:12:18.965+0000] {processor.py:208} INFO - Processing /opt/airflow/dags/my_tasks.py took 0.073 seconds
[2026-07-24T08:12:49.199+0000] {processor.py:186} INFO - Started process (PID=296) to work on /opt/airflow/dags/my_tasks.py
[2026-07-24T08:12:49.207+0000] {processor.py:914} INFO - Processing file /opt/airflow/dags/my_tasks.py for tasks to queue
[2026-07-24T08:12:49.209+0000] {logging_mixin.py:190} INFO - [2026-07-24T08:12:49.209+0000] {dagbag.py:588} INFO - Filling up the DagBag from /opt/airflow/dags/my_tasks.py
[2026-07-24T08:12:49.219+0000] {processor.py:925} INFO - DAG(s) 'my_dag' retrieved from /opt/airflow/dags/my_tasks.py
[2026-07-24T08:12:49.236+0000] {logging_mixin.py:190} INFO - [2026-07-24T08:12:49.236+0000] {dag.py:3239} INFO - Sync 1 DAGs
[2026-07-24T08:12:49.252+0000] {logging_mixin.py:190} INFO - [2026-07-24T08:12:49.251+0000] {dag.py:4180} INFO - Setting next_dagrun for my_dag to None, run_after=None
[2026-07-24T08:12:49.266+0000] {processor.py:208} INFO - Processing /opt/airflow/dags/my_tasks.py took 0.071 seconds
[2026-07-24T08:13:19.481+0000] {processor.py:186} INFO - Started process (PID=307) to work on /opt/airflow/dags/my_tasks.py
[2026-07-24T08:13:19.489+0000] {processor.py:914} INFO - Processing file /opt/airflow/dags/my_tasks.py for tasks to queue
[2026-07-24T08:13:19.491+0000] {logging_mixin.py:190} INFO - [2026-07-24T08:13:19.491+0000] {dagbag.py:588} INFO - Filling up the DagBag from /opt/airflow/dags/my_tasks.py
[2026-07-24T08:13:19.499+0000] {processor.py:925} INFO - DAG(s) 'my_dag' retrieved from /opt/airflow/dags/my_tasks.py
[2026-07-24T08:13:19.516+0000] {logging_mixin.py:190} INFO - [2026-07-24T08:13:19.516+0000] {dag.py:3239} INFO - Sync 1 DAGs
[2026-07-24T08:13:19.531+0000] {logging_mixin.py:190} INFO - [2026-07-24T08:13:19.531+0000] {dag.py:4180} INFO - Setting next_dagrun for my_dag to None, run_after=None
[2026-07-24T08:13:19.545+0000] {processor.py:208} INFO - Processing /opt/airflow/dags/my_tasks.py took 0.068 seconds
[2026-07-24T08:13:49.766+0000] {processor.py:186} INFO - Started process (PID=318) to work on /opt/airflow/dags/my_tasks.py
[2026-07-24T08:13:49.767+0000] {processor.py:914} INFO - Processing file /opt/airflow/dags/my_tasks.py for tasks to queue
[2026-07-24T08:13:49.770+0000] {logging_mixin.py:190} INFO - [2026-07-24T08:13:49.769+0000] {dagbag.py:588} INFO - Filling up the DagBag from /opt/airflow/dags/my_tasks.py
[2026-07-24T08:13:49.780+0000] {processor.py:925} INFO - DAG(s) 'my_dag' retrieved from /opt/airflow/dags/my_tasks.py
[2026-07-24T08:13:49.799+0000] {logging_mixin.py:190} INFO - [2026-07-24T08:13:49.799+0000] {dag.py:3239} INFO - Sync 1 DAGs
[2026-07-24T08:13:49.816+0000] {logging_mixin.py:190} INFO - [2026-07-24T08:13:49.816+0000] {dag.py:4180} INFO - Setting next_dagrun for my_dag to None, run_after=None
[2026-07-24T08:13:49.831+0000] {processor.py:208} INFO - Processing /opt/airflow/dags/my_tasks.py took 0.073 seconds
[2026-07-24T08:14:20.007+0000] {processor.py:186} INFO - Started process (PID=329) to work on /opt/airflow/dags/my_tasks.py
[2026-07-24T08:14:20.008+0000] {processor.py:914} INFO - Processing file /opt/airflow/dags/my_tasks.py for tasks to queue
[2026-07-24T08:14:20.009+0000] {logging_mixin.py:190} INFO - [2026-07-24T08:14:20.009+0000] {dagbag.py:588} INFO - Filling up the DagBag from /opt/airflow/dags/my_tasks.py
[2026-07-24T08:14:20.016+0000] {processor.py:925} INFO - DAG(s) 'my_dag' retrieved from /opt/airflow/dags/my_tasks.py
[2026-07-24T08:14:20.032+0000] {logging_mixin.py:190} INFO - [2026-07-24T08:14:20.032+0000] {dag.py:3239} INFO - Sync 1 DAGs
[2026-07-24T08:14:20.047+0000] {logging_mixin.py:190} INFO - [2026-07-24T08:14:20.047+0000] {dag.py:4180} INFO - Setting next_dagrun for my_dag to None, run_after=None
[2026-07-24T08:14:20.061+0000] {processor.py:208} INFO - Processing /opt/airflow/dags/my_tasks.py took 0.058 seconds
[2026-07-24T08:14:50.264+0000] {processor.py:186} INFO - Started process (PID=340) to work on /opt/airflow/dags/my_tasks.py
[2026-07-24T08:14:50.265+0000] {processor.py:914} INFO - Processing file /opt/airflow/dags/my_tasks.py for tasks to queue
[2026-07-24T08:14:50.267+0000] {logging_mixin.py:190} INFO - [2026-07-24T08:14:50.266+0000] {dagbag.py:588} INFO - Filling up the DagBag from /opt/airflow/dags/my_tasks.py
[2026-07-24T08:14:50.275+0000] {processor.py:925} INFO - DAG(s) 'my_dag' retrieved from /opt/airflow/dags/my_tasks.py
[2026-07-24T08:14:50.292+0000] {logging_mixin.py:190} INFO - [2026-07-24T08:14:50.292+0000] {dag.py:3239} INFO - Sync 1 DAGs
[2026-07-24T08:14:50.308+0000] {logging_mixin.py:190} INFO - [2026-07-24T08:14:50.307+0000] {dag.py:4180} INFO - Setting next_dagrun for my_dag to None, run_after=None
[2026-07-24T08:14:50.322+0000] {processor.py:208} INFO - Processing /opt/airflow/dags/my_tasks.py took 0.062 seconds
[2026-07-24T08:15:20.515+0000] {processor.py:186} INFO - Started process (PID=351) to work on /opt/airflow/dags/my_tasks.py
[2026-07-24T08:15:20.516+0000] {processor.py:914} INFO - Processing file /opt/airflow/dags/my_tasks.py for tasks to queue
[2026-07-24T08:15:20.518+0000] {logging_mixin.py:190} INFO - [2026-07-24T08:15:20.517+0000] {dagbag.py:588} INFO - Filling up the DagBag from /opt/airflow/dags/my_tasks.py
[2026-07-24T08:15:20.524+0000] {processor.py:925} INFO - DAG(s) 'my_dag' retrieved from /opt/airflow/dags/my_tasks.py
[2026-07-24T08:15:20.542+0000] {logging_mixin.py:190} INFO - [2026-07-24T08:15:20.542+0000] {dag.py:3239} INFO - Sync 1 DAGs
[2026-07-24T08:15:20.559+0000] {logging_mixin.py:190} INFO - [2026-07-24T08:15:20.558+0000] {dag.py:4180} INFO - Setting next_dagrun for my_dag to None, run_after=None
[2026-07-24T08:15:20.572+0000] {processor.py:208} INFO - Processing /opt/airflow/dags/my_tasks.py took 0.060 seconds
[2026-07-24T08:15:50.790+0000] {processor.py:186} INFO - Started process (PID=362) to work on /opt/airflow/dags/my_tasks.py
[2026-07-24T08:15:50.794+0000] {processor.py:914} INFO - Processing file /opt/airflow/dags/my_tasks.py for tasks to queue
[2026-07-24T08:15:50.795+0000] {logging_mixin.py:190} INFO - [2026-07-24T08:15:50.795+0000] {dagbag.py:588} INFO - Filling up the DagBag from /opt/airflow/dags/my_tasks.py
[2026-07-24T08:15:50.804+0000] {processor.py:925} INFO - DAG(s) 'my_dag' retrieved from /opt/airflow/dags/my_tasks.py
[2026-07-24T08:15:50.820+0000] {logging_mixin.py:190} INFO - [2026-07-24T08:15:50.820+0000] {dag.py:3239} INFO - Sync 1 DAGs
[2026-07-24T08:15:50.839+0000] {logging_mixin.py:190} INFO - [2026-07-24T08:15:50.839+0000] {dag.py:4180} INFO - Setting next_dagrun for my_dag to None, run_after=None
[2026-07-24T08:15:50.854+0000] {processor.py:208} INFO - Processing /opt/airflow/dags/my_tasks.py took 0.067 seconds
[2026-07-24T08:16:21.069+0000] {processor.py:186} INFO - Started process (PID=373) to work on /opt/airflow/dags/my_tasks.py
[2026-07-24T08:16:21.077+0000] {processor.py:914} INFO - Processing file /opt/airflow/dags/my_tasks.py for tasks to queue
[2026-07-24T08:16:21.079+0000] {logging_mixin.py:190} INFO - [2026-07-24T08:16:21.079+0000] {dagbag.py:588} INFO - Filling up the DagBag from /opt/airflow/dags/my_tasks.py
[2026-07-24T08:16:21.089+0000] {processor.py:925} INFO - DAG(s) 'my_dag' retrieved from /opt/airflow/dags/my_tasks.py
[2026-07-24T08:16:21.111+0000] {logging_mixin.py:190} INFO - [2026-07-24T08:16:21.111+0000] {dag.py:3239} INFO - Sync 1 DAGs
[2026-07-24T08:16:21.130+0000] {logging_mixin.py:190} INFO - [2026-07-24T08:16:21.130+0000] {dag.py:4180} INFO - Setting next_dagrun for my_dag to None, run_after=None
[2026-07-24T08:16:21.145+0000] {processor.py:208} INFO - Processing /opt/airflow/dags/my_tasks.py took 0.080 seconds
[2026-07-24T08:16:51.343+0000] {processor.py:186} INFO - Started process (PID=384) to work on /opt/airflow/dags/my_tasks.py
[2026-07-24T08:16:51.344+0000] {processor.py:914} INFO - Processing file /opt/airflow/dags/my_tasks.py for tasks to queue
[2026-07-24T08:16:51.345+0000] {logging_mixin.py:190} INFO - [2026-07-24T08:16:51.345+0000] {dagbag.py:588} INFO - Filling up the DagBag from /opt/airflow/dags/my_tasks.py
[2026-07-24T08:16:51.354+0000] {processor.py:925} INFO - DAG(s) 'my_dag' retrieved from /opt/airflow/dags/my_tasks.py
[2026-07-24T08:16:51.375+0000] {logging_mixin.py:190} INFO - [2026-07-24T08:16:51.374+0000] {dag.py:3239} INFO - Sync 1 DAGs
[2026-07-24T08:16:51.393+0000] {logging_mixin.py:190} INFO - [2026-07-24T08:16:51.393+0000] {dag.py:4180} INFO - Setting next_dagrun for my_dag to None, run_after=None
[2026-07-24T08:16:51.412+0000] {processor.py:208} INFO - Processing /opt/airflow/dags/my_tasks.py took 0.073 seconds
[2026-07-24T08:17:21.626+0000] {processor.py:186} INFO - Started process (PID=395) to work on /opt/airflow/dags/my_tasks.py
[2026-07-24T08:17:21.634+0000] {processor.py:914} INFO - Processing file /opt/airflow/dags/my_tasks.py for tasks to queue
[2026-07-24T08:17:21.636+0000] {logging_mixin.py:190} INFO - [2026-07-24T08:17:21.636+0000] {dagbag.py:588} INFO - Filling up the DagBag from /opt/airflow/dags/my_tasks.py
[2026-07-24T08:17:21.649+0000] {processor.py:925} INFO - DAG(s) 'my_dag' retrieved from /opt/airflow/dags/my_tasks.py
[2026-07-24T08:17:21.666+0000] {logging_mixin.py:190} INFO - [2026-07-24T08:17:21.666+0000] {dag.py:3239} INFO - Sync 1 DAGs
[2026-07-24T08:17:21.682+0000] {logging_mixin.py:190} INFO - [2026-07-24T08:17:21.682+0000] {dag.py:4180} INFO - Setting next_dagrun for my_dag to None, run_after=None
[2026-07-24T08:17:21.696+0000] {processor.py:208} INFO - Processing /opt/airflow/dags/my_tasks.py took 0.074 seconds
[2026-07-24T08:17:51.917+0000] {processor.py:186} INFO - Started process (PID=406) to work on /opt/airflow/dags/my_tasks.py
[2026-07-24T08:17:51.917+0000] {processor.py:914} INFO - Processing file /opt/airflow/dags/my_tasks.py for tasks to queue
[2026-07-24T08:17:51.918+0000] {logging_mixin.py:190} INFO - [2026-07-24T08:17:51.918+0000] {dagbag.py:588} INFO - Filling up the DagBag from /opt/airflow/dags/my_tasks.py
[2026-07-24T08:17:51.925+0000] {processor.py:925} INFO - DAG(s) 'my_dag' retrieved from /opt/airflow/dags/my_tasks.py
[2026-07-24T08:17:51.942+0000] {logging_mixin.py:190} INFO - [2026-07-24T08:17:51.942+0000] {dag.py:3239} INFO - Sync 1 DAGs
[2026-07-24T08:17:51.958+0000] {logging_mixin.py:190} INFO - [2026-07-24T08:17:51.957+0000] {dag.py:4180} INFO - Setting next_dagrun for my_dag to None, run_after=None
[2026-07-24T08:17:51.972+0000] {processor.py:208} INFO - Processing /opt/airflow/dags/my_tasks.py took 0.059 seconds
[2026-07-24T08:18:22.198+0000] {processor.py:186} INFO - Started process (PID=417) to work on /opt/airflow/dags/my_tasks.py
[2026-07-24T08:18:22.199+0000] {processor.py:914} INFO - Processing file /opt/airflow/dags/my_tasks.py for tasks to queue
[2026-07-24T08:18:22.200+0000] {logging_mixin.py:190} INFO - [2026-07-24T08:18:22.200+0000] {dagbag.py:588} INFO - Filling up the DagBag from /opt/airflow/dags/my_tasks.py
[2026-07-24T08:18:22.207+0000] {processor.py:925} INFO - DAG(s) 'my_dag' retrieved from /opt/airflow/dags/my_tasks.py
[2026-07-24T08:18:22.225+0000] {logging_mixin.py:190} INFO - [2026-07-24T08:18:22.225+0000] {dag.py:3239} INFO - Sync 1 DAGs
[2026-07-24T08:18:22.242+0000] {logging_mixin.py:190} INFO - [2026-07-24T08:18:22.241+0000] {dag.py:4180} INFO - Setting next_dagrun for my_dag to None, run_after=None
[2026-07-24T08:18:22.256+0000] {processor.py:208} INFO - Processing /opt/airflow/dags/my_tasks.py took 0.063 seconds
[2026-07-24T08:18:52.487+0000] {processor.py:186} INFO - Started process (PID=428) to work on /opt/airflow/dags/my_tasks.py
[2026-07-24T08:18:52.487+0000] {processor.py:914} INFO - Processing file /opt/airflow/dags/my_tasks.py for tasks to queue
[2026-07-24T08:18:52.489+0000] {logging_mixin.py:190} INFO - [2026-07-24T08:18:52.488+0000] {dagbag.py:588} INFO - Filling up the DagBag from /opt/airflow/dags/my_tasks.py
[2026-07-24T08:18:52.496+0000] {processor.py:925} INFO - DAG(s) 'my_dag' retrieved from /opt/airflow/dags/my_tasks.py
[2026-07-24T08:18:52.516+0000] {logging_mixin.py:190} INFO - [2026-07-24T08:18:52.516+0000] {dag.py:3239} INFO - Sync 1 DAGs
[2026-07-24T08:18:52.534+0000] {logging_mixin.py:190} INFO - [2026-07-24T08:18:52.534+0000] {dag.py:4180} INFO - Setting next_dagrun for my_dag to None, run_after=None
[2026-07-24T08:18:52.547+0000] {processor.py:208} INFO - Processing /opt/airflow/dags/my_tasks.py took 0.065 seconds
[2026-07-24T08:19:22.772+0000] {processor.py:186} INFO - Started process (PID=439) to work on /opt/airflow/dags/my_tasks.py
[2026-07-24T08:19:22.779+0000] {processor.py:914} INFO - Processing file /opt/airflow/dags/my_tasks.py for tasks to queue
[2026-07-24T08:19:22.783+0000] {logging_mixin.py:190} INFO - [2026-07-24T08:19:22.782+0000] {dagbag.py:588} INFO - Filling up the DagBag from /opt/airflow/dags/my_tasks.py
[2026-07-24T08:19:22.793+0000] {processor.py:925} INFO - DAG(s) 'my_dag' retrieved from /opt/airflow/dags/my_tasks.py
[2026-07-24T08:19:22.812+0000] {logging_mixin.py:190} INFO - [2026-07-24T08:19:22.812+0000] {dag.py:3239} INFO - Sync 1 DAGs
[2026-07-24T08:19:22.827+0000] {logging_mixin.py:190} INFO - [2026-07-24T08:19:22.827+0000] {dag.py:4180} INFO - Setting next_dagrun for my_dag to None, run_after=None
[2026-07-24T08:19:22.843+0000] {processor.py:208} INFO - Processing /opt/airflow/dags/my_tasks.py took 0.075 seconds
[2026-07-24T08:19:53.056+0000] {processor.py:186} INFO - Started process (PID=450) to work on /opt/airflow/dags/my_tasks.py
[2026-07-24T08:19:53.064+0000] {processor.py:914} INFO - Processing file /opt/airflow/dags/my_tasks.py for tasks to queue
[2026-07-24T08:19:53.067+0000] {logging_mixin.py:190} INFO - [2026-07-24T08:19:53.067+0000] {dagbag.py:588} INFO - Filling up the DagBag from /opt/airflow/dags/my_tasks.py
[2026-07-24T08:19:53.078+0000] {processor.py:925} INFO - DAG(s) 'my_dag' retrieved from /opt/airflow/dags/my_tasks.py
[2026-07-24T08:19:53.095+0000] {logging_mixin.py:190} INFO - [2026-07-24T08:19:53.094+0000] {dag.py:3239} INFO - Sync 1 DAGs
[2026-07-24T08:19:53.109+0000] {logging_mixin.py:190} INFO - [2026-07-24T08:19:53.109+0000] {dag.py:4180} INFO - Setting next_dagrun for my_dag to None, run_after=None
[2026-07-24T08:19:53.123+0000] {processor.py:208} INFO - Processing /opt/airflow/dags/my_tasks.py took 0.070 seconds
[2026-07-24T08:20:23.337+0000] {processor.py:186} INFO - Started process (PID=461) to work on /opt/airflow/dags/my_tasks.py
[2026-07-24T08:20:23.345+0000] {processor.py:914} INFO - Processing file /opt/airflow/dags/my_tasks.py for tasks to queue
[2026-07-24T08:20:23.347+0000] {logging_mixin.py:190} INFO - [2026-07-24T08:20:23.347+0000] {dagbag.py:588} INFO - Filling up the DagBag from /opt/airflow/dags/my_tasks.py
[2026-07-24T08:20:23.357+0000] {processor.py:925} INFO - DAG(s) 'my_dag' retrieved from /opt/airflow/dags/my_tasks.py
[2026-07-24T08:20:23.375+0000] {logging_mixin.py:190} INFO - [2026-07-24T08:20:23.375+0000] {dag.py:3239} INFO - Sync 1 DAGs
[2026-07-24T08:20:23.391+0000] {logging_mixin.py:190} INFO - [2026-07-24T08:20:23.391+0000] {dag.py:4180} INFO - Setting next_dagrun for my_dag to None, run_after=None
[2026-07-24T08:20:23.405+0000] {processor.py:208} INFO - Processing /opt/airflow/dags/my_tasks.py took 0.072 seconds
[2026-07-24T08:20:53.588+0000] {processor.py:186} INFO - Started process (PID=472) to work on /opt/airflow/dags/my_tasks.py
[2026-07-24T08:20:53.596+0000] {processor.py:914} INFO - Processing file /opt/airflow/dags/my_tasks.py for tasks to queue
[2026-07-24T08:20:53.597+0000] {logging_mixin.py:190} INFO - [2026-07-24T08:20:53.597+0000] {dagbag.py:588} INFO - Filling up the DagBag from /opt/airflow/dags/my_tasks.py
[2026-07-24T08:20:53.606+0000] {processor.py:925} INFO - DAG(s) 'my_dag' retrieved from /opt/airflow/dags/my_tasks.py
[2026-07-24T08:20:53.624+0000] {logging_mixin.py:190} INFO - [2026-07-24T08:20:53.624+0000] {dag.py:3239} INFO - Sync 1 DAGs
[2026-07-24T08:20:53.640+0000] {logging_mixin.py:190} INFO - [2026-07-24T08:20:53.639+0000] {dag.py:4180} INFO - Setting next_dagrun for my_dag to None, run_after=None
[2026-07-24T08:20:53.654+0000] {processor.py:208} INFO - Processing /opt/airflow/dags/my_tasks.py took 0.070 seconds
[2026-07-24T08:21:23.823+0000] {processor.py:186} INFO - Started process (PID=483) to work on /opt/airflow/dags/my_tasks.py
[2026-07-24T08:21:23.831+0000] {processor.py:914} INFO - Processing file /opt/airflow/dags/my_tasks.py for tasks to queue
[2026-07-24T08:21:23.834+0000] {logging_mixin.py:190} INFO - [2026-07-24T08:21:23.834+0000] {dagbag.py:588} INFO - Filling up the DagBag from /opt/airflow/dags/my_tasks.py
[2026-07-24T08:21:23.844+0000] {processor.py:925} INFO - DAG(s) 'my_dag' retrieved from /opt/airflow/dags/my_tasks.py
[2026-07-24T08:21:23.865+0000] {logging_mixin.py:190} INFO - [2026-07-24T08:21:23.865+0000] {dag.py:3239} INFO - Sync 1 DAGs
[2026-07-24T08:21:23.881+0000] {logging_mixin.py:190} INFO - [2026-07-24T08:21:23.881+0000] {dag.py:4180} INFO - Setting next_dagrun for my_dag to None, run_after=None
[2026-07-24T08:21:23.897+0000] {processor.py:208} INFO - Processing /opt/airflow/dags/my_tasks.py took 0.077 seconds
[2026-07-24T08:21:54.103+0000] {processor.py:186} INFO - Started process (PID=494) to work on /opt/airflow/dags/my_tasks.py
[2026-07-24T08:21:54.104+0000] {processor.py:914} INFO - Processing file /opt/airflow/dags/my_tasks.py for tasks to queue
[2026-07-24T08:21:54.105+0000] {logging_mixin.py:190} INFO - [2026-07-24T08:21:54.105+0000] {dagbag.py:588} INFO - Filling up the DagBag from /opt/airflow/dags/my_tasks.py
[2026-07-24T08:21:54.112+0000] {processor.py:925} INFO - DAG(s) 'my_dag' retrieved from /opt/airflow/dags/my_tasks.py
[2026-07-24T08:21:54.130+0000] {logging_mixin.py:190} INFO - [2026-07-24T08:21:54.130+0000] {dag.py:3239} INFO - Sync 1 DAGs
[2026-07-24T08:21:54.146+0000] {logging_mixin.py:190} INFO - [2026-07-24T08:21:54.145+0000] {dag.py:4180} INFO - Setting next_dagrun for my_dag to None, run_after=None
[2026-07-24T08:21:54.160+0000] {processor.py:208} INFO - Processing /opt/airflow/dags/my_tasks.py took 0.061 seconds
[2026-07-24T08:22:24.337+0000] {processor.py:186} INFO - Started process (PID=505) to work on /opt/airflow/dags/my_tasks.py
[2026-07-24T08:22:24.337+0000] {processor.py:914} INFO - Processing file /opt/airflow/dags/my_tasks.py for tasks to queue
[2026-07-24T08:22:24.339+0000] {logging_mixin.py:190} INFO - [2026-07-24T08:22:24.338+0000] {dagbag.py:588} INFO - Filling up the DagBag from /opt/airflow/dags/my_tasks.py
[2026-07-24T08:22:24.347+0000] {processor.py:925} INFO - DAG(s) 'my_dag' retrieved from /opt/airflow/dags/my_tasks.py
[2026-07-24T08:22:24.368+0000] {logging_mixin.py:190} INFO - [2026-07-24T08:22:24.368+0000] {dag.py:3239} INFO - Sync 1 DAGs
[2026-07-24T08:22:24.386+0000] {logging_mixin.py:190} INFO - [2026-07-24T08:22:24.386+0000] {dag.py:4180} INFO - Setting next_dagrun for my_dag to None, run_after=None
[2026-07-24T08:22:24.403+0000] {processor.py:208} INFO - Processing /opt/airflow/dags/my_tasks.py took 0.070 seconds
[2026-07-24T08:22:54.604+0000] {processor.py:186} INFO - Started process (PID=516) to work on /opt/airflow/dags/my_tasks.py
[2026-07-24T08:22:54.612+0000] {processor.py:914} INFO - Processing file /opt/airflow/dags/my_tasks.py for tasks to queue
[2026-07-24T08:22:54.615+0000] {logging_mixin.py:190} INFO - [2026-07-24T08:22:54.614+0000] {dagbag.py:588} INFO - Filling up the DagBag from /opt/airflow/dags/my_tasks.py
[2026-07-24T08:22:54.624+0000] {processor.py:925} INFO - DAG(s) 'my_dag' retrieved from /opt/airflow/dags/my_tasks.py
[2026-07-24T08:22:54.642+0000] {logging_mixin.py:190} INFO - [2026-07-24T08:22:54.642+0000] {dag.py:3239} INFO - Sync 1 DAGs
[2026-07-24T08:22:54.658+0000] {logging_mixin.py:190} INFO - [2026-07-24T08:22:54.658+0000] {dag.py:4180} INFO - Setting next_dagrun for my_dag to None, run_after=None
[2026-07-24T08:22:54.678+0000] {processor.py:208} INFO - Processing /opt/airflow/dags/my_tasks.py took 0.079 seconds
[2026-07-24T08:23:24.882+0000] {processor.py:186} INFO - Started process (PID=527) to work on /opt/airflow/dags/my_tasks.py
[2026-07-24T08:23:24.882+0000] {processor.py:914} INFO - Processing file /opt/airflow/dags/my_tasks.py for tasks to queue
[2026-07-24T08:23:24.884+0000] {logging_mixin.py:190} INFO - [2026-07-24T08:23:24.883+0000] {dagbag.py:588} INFO - Filling up the DagBag from /opt/airflow/dags/my_tasks.py
[2026-07-24T08:23:24.890+0000] {processor.py:925} INFO - DAG(s) 'my_dag' retrieved from /opt/airflow/dags/my_tasks.py
[2026-07-24T08:23:24.908+0000] {logging_mixin.py:190} INFO - [2026-07-24T08:23:24.908+0000] {dag.py:3239} INFO - Sync 1 DAGs
[2026-07-24T08:23:24.924+0000] {logging_mixin.py:190} INFO - [2026-07-24T08:23:24.923+0000] {dag.py:4180} INFO - Setting next_dagrun for my_dag to None, run_after=None
[2026-07-24T08:23:24.938+0000] {processor.py:208} INFO - Processing /opt/airflow/dags/my_tasks.py took 0.060 seconds
[2026-07-24T08:23:55.140+0000] {processor.py:186} INFO - Started process (PID=538) to work on /opt/airflow/dags/my_tasks.py
[2026-07-24T08:23:55.141+0000] {processor.py:914} INFO - Processing file /opt/airflow/dags/my_tasks.py for tasks to queue
[2026-07-24T08:23:55.143+0000] {logging_mixin.py:190} INFO - [2026-07-24T08:23:55.142+0000] {dagbag.py:588} INFO - Filling up the DagBag from /opt/airflow/dags/my_tasks.py
[2026-07-24T08:23:55.150+0000] {processor.py:925} INFO - DAG(s) 'my_dag' retrieved from /opt/airflow/dags/my_tasks.py
[2026-07-24T08:23:55.171+0000] {logging_mixin.py:190} INFO - [2026-07-24T08:23:55.171+0000] {dag.py:3239} INFO - Sync 1 DAGs
[2026-07-24T08:23:55.188+0000] {logging_mixin.py:190} INFO - [2026-07-24T08:23:55.188+0000] {dag.py:4180} INFO - Setting next_dagrun for my_dag to None, run_after=None
[2026-07-24T08:23:55.204+0000] {processor.py:208} INFO - Processing /opt/airflow/dags/my_tasks.py took 0.068 seconds
[2026-07-24T08:24:25.404+0000] {processor.py:186} INFO - Started process (PID=549) to work on /opt/airflow/dags/my_tasks.py
[2026-07-24T08:24:25.405+0000] {processor.py:914} INFO - Processing file /opt/airflow/dags/my_tasks.py for tasks to queue
[2026-07-24T08:24:25.406+0000] {logging_mixin.py:190} INFO - [2026-07-24T08:24:25.406+0000] {dagbag.py:588} INFO - Filling up the DagBag from /opt/airflow/dags/my_tasks.py
[2026-07-24T08:24:25.414+0000] {processor.py:925} INFO - DAG(s) 'my_dag' retrieved from /opt/airflow/dags/my_tasks.py
[2026-07-24T08:24:25.433+0000] {logging_mixin.py:190} INFO - [2026-07-24T08:24:25.432+0000] {dag.py:3239} INFO - Sync 1 DAGs
[2026-07-24T08:24:25.449+0000] {logging_mixin.py:190} INFO - [2026-07-24T08:24:25.449+0000] {dag.py:4180} INFO - Setting next_dagrun for my_dag to None, run_after=None
[2026-07-24T08:24:25.463+0000] {processor.py:208} INFO - Processing /opt/airflow/dags/my_tasks.py took 0.064 seconds
[2026-07-24T08:24:55.685+0000] {processor.py:186} INFO - Started process (PID=560) to work on /opt/airflow/dags/my_tasks.py
[2026-07-24T08:24:55.686+0000] {processor.py:914} INFO - Processing file /opt/airflow/dags/my_tasks.py for tasks to queue
[2026-07-24T08:24:55.688+0000] {logging_mixin.py:190} INFO - [2026-07-24T08:24:55.688+0000] {dagbag.py:588} INFO - Filling up the DagBag from /opt/airflow/dags/my_tasks.py
[2026-07-24T08:24:55.695+0000] {processor.py:925} INFO - DAG(s) 'my_dag' retrieved from /opt/airflow/dags/my_tasks.py
[2026-07-24T08:24:55.713+0000] {logging_mixin.py:190} INFO - [2026-07-24T08:24:55.713+0000] {dag.py:3239} INFO - Sync 1 DAGs
[2026-07-24T08:24:55.731+0000] {logging_mixin.py:190} INFO - [2026-07-24T08:24:55.730+0000] {dag.py:4180} INFO - Setting next_dagrun for my_dag to None, run_after=None
[2026-07-24T08:24:55.746+0000] {processor.py:208} INFO - Processing /opt/airflow/dags/my_tasks.py took 0.065 seconds
[2026-07-24T08:25:25.941+0000] {processor.py:186} INFO - Started process (PID=571) to work on /opt/airflow/dags/my_tasks.py
[2026-07-24T08:25:25.949+0000] {processor.py:914} INFO - Processing file /opt/airflow/dags/my_tasks.py for tasks to queue
[2026-07-24T08:25:25.951+0000] {logging_mixin.py:190} INFO - [2026-07-24T08:25:25.951+0000] {dagbag.py:588} INFO - Filling up the DagBag from /opt/airflow/dags/my_tasks.py
[2026-07-24T08:25:25.959+0000] {processor.py:925} INFO - DAG(s) 'my_dag' retrieved from /opt/airflow/dags/my_tasks.py
[2026-07-24T08:25:25.978+0000] {logging_mixin.py:190} INFO - [2026-07-24T08:25:25.978+0000] {dag.py:3239} INFO - Sync 1 DAGs
[2026-07-24T08:25:25.996+0000] {logging_mixin.py:190} INFO - [2026-07-24T08:25:25.996+0000] {dag.py:4180} INFO - Setting next_dagrun for my_dag to None, run_after=None
[2026-07-24T08:25:26.011+0000] {processor.py:208} INFO - Processing /opt/airflow/dags/my_tasks.py took 0.075 seconds
[2026-07-24T08:25:56.225+0000] {processor.py:186} INFO - Started process (PID=582) to work on /opt/airflow/dags/my_tasks.py
[2026-07-24T08:25:56.233+0000] {processor.py:914} INFO - Processing file /opt/airflow/dags/my_tasks.py for tasks to queue
[2026-07-24T08:25:56.234+0000] {logging_mixin.py:190} INFO - [2026-07-24T08:25:56.234+0000] {dagbag.py:588} INFO - Filling up the DagBag from /opt/airflow/dags/my_tasks.py
[2026-07-24T08:25:56.243+0000] {processor.py:925} INFO - DAG(s) 'my_dag' retrieved from /opt/airflow/dags/my_tasks.py
[2026-07-24T08:25:56.262+0000] {logging_mixin.py:190} INFO - [2026-07-24T08:25:56.261+0000] {dag.py:3239} INFO - Sync 1 DAGs
[2026-07-24T08:25:56.281+0000] {logging_mixin.py:190} INFO - [2026-07-24T08:25:56.280+0000] {dag.py:4180} INFO - Setting next_dagrun for my_dag to None, run_after=None
[2026-07-24T08:25:56.301+0000] {processor.py:208} INFO - Processing /opt/airflow/dags/my_tasks.py took 0.080 seconds
[2026-07-24T08:26:26.498+0000] {processor.py:186} INFO - Started process (PID=593) to work on /opt/airflow/dags/my_tasks.py
[2026-07-24T08:26:26.499+0000] {processor.py:914} INFO - Processing file /opt/airflow/dags/my_tasks.py for tasks to queue
[2026-07-24T08:26:26.500+0000] {logging_mixin.py:190} INFO - [2026-07-24T08:26:26.500+0000] {dagbag.py:588} INFO - Filling up the DagBag from /opt/airflow/dags/my_tasks.py
[2026-07-24T08:26:26.509+0000] {processor.py:925} INFO - DAG(s) 'my_dag' retrieved from /opt/airflow/dags/my_tasks.py
[2026-07-24T08:26:26.527+0000] {logging_mixin.py:190} INFO - [2026-07-24T08:26:26.527+0000] {dag.py:3239} INFO - Sync 1 DAGs
[2026-07-24T08:26:26.544+0000] {logging_mixin.py:190} INFO - [2026-07-24T08:26:26.544+0000] {dag.py:4180} INFO - Setting next_dagrun for my_dag to None, run_after=None
[2026-07-24T08:26:26.560+0000] {processor.py:208} INFO - Processing /opt/airflow/dags/my_tasks.py took 0.066 seconds
[2026-07-24T08:26:56.751+0000] {processor.py:186} INFO - Started process (PID=604) to work on /opt/airflow/dags/my_tasks.py
[2026-07-24T08:26:56.752+0000] {processor.py:914} INFO - Processing file /opt/airflow/dags/my_tasks.py for tasks to queue
[2026-07-24T08:26:56.753+0000] {logging_mixin.py:190} INFO - [2026-07-24T08:26:56.753+0000] {dagbag.py:588} INFO - Filling up the DagBag from /opt/airflow/dags/my_tasks.py
[2026-07-24T08:26:56.761+0000] {processor.py:925} INFO - DAG(s) 'my_dag' retrieved from /opt/airflow/dags/my_tasks.py
[2026-07-24T08:26:56.783+0000] {logging_mixin.py:190} INFO - [2026-07-24T08:26:56.783+0000] {dag.py:3239} INFO - Sync 1 DAGs
[2026-07-24T08:26:56.800+0000] {logging_mixin.py:190} INFO - [2026-07-24T08:26:56.799+0000] {dag.py:4180} INFO - Setting next_dagrun for my_dag to None, run_after=None
[2026-07-24T08:26:56.814+0000] {processor.py:208} INFO - Processing /opt/airflow/dags/my_tasks.py took 0.068 seconds
[2026-07-24T08:27:27.010+0000] {processor.py:186} INFO - Started process (PID=615) to work on /opt/airflow/dags/my_tasks.py
[2026-07-24T08:27:27.010+0000] {processor.py:914} INFO - Processing file /opt/airflow/dags/my_tasks.py for tasks to queue
[2026-07-24T08:27:27.012+0000] {logging_mixin.py:190} INFO - [2026-07-24T08:27:27.011+0000] {dagbag.py:588} INFO - Filling up the DagBag from /opt/airflow/dags/my_tasks.py
[2026-07-24T08:27:27.020+0000] {processor.py:925} INFO - DAG(s) 'my_dag' retrieved from /opt/airflow/dags/my_tasks.py
[2026-07-24T08:27:27.039+0000] {logging_mixin.py:190} INFO - [2026-07-24T08:27:27.039+0000] {dag.py:3239} INFO - Sync 1 DAGs
[2026-07-24T08:27:27.056+0000] {logging_mixin.py:190} INFO - [2026-07-24T08:27:27.056+0000] {dag.py:4180} INFO - Setting next_dagrun for my_dag to None, run_after=None
[2026-07-24T08:27:27.070+0000] {processor.py:208} INFO - Processing /opt/airflow/dags/my_tasks.py took 0.065 seconds
[2026-07-24T08:31:29.689+0000] {processor.py:186} INFO - Started process (PID=192) to work on /opt/airflow/dags/my_tasks.py
[2026-07-24T08:31:29.689+0000] {processor.py:914} INFO - Processing file /opt/airflow/dags/my_tasks.py for tasks to queue
[2026-07-24T08:31:29.691+0000] {logging_mixin.py:190} INFO - [2026-07-24T08:31:29.691+0000] {dagbag.py:588} INFO - Filling up the DagBag from /opt/airflow/dags/my_tasks.py
[2026-07-24T08:31:29.725+0000] {processor.py:925} INFO - DAG(s) 'my_dag' retrieved from /opt/airflow/dags/my_tasks.py
[2026-07-24T08:31:30.032+0000] {logging_mixin.py:190} INFO - [2026-07-24T08:31:30.031+0000] {override.py:1912} INFO - Created Permission View: can read on DAG:my_dag
[2026-07-24T08:31:30.041+0000] {logging_mixin.py:190} INFO - [2026-07-24T08:31:30.040+0000] {override.py:1912} INFO - Created Permission View: can delete on DAG:my_dag
[2026-07-24T08:31:30.048+0000] {logging_mixin.py:190} INFO - [2026-07-24T08:31:30.048+0000] {override.py:1912} INFO - Created Permission View: can edit on DAG:my_dag
[2026-07-24T08:31:30.058+0000] {logging_mixin.py:190} INFO - [2026-07-24T08:31:30.058+0000] {override.py:1912} INFO - Created Permission View: can read on DAG Run:my_dag
[2026-07-24T08:31:30.065+0000] {logging_mixin.py:190} INFO - [2026-07-24T08:31:30.064+0000] {override.py:1912} INFO - Created Permission View: can delete on DAG Run:my_dag
[2026-07-24T08:31:30.071+0000] {logging_mixin.py:190} INFO - [2026-07-24T08:31:30.071+0000] {override.py:1912} INFO - Created Permission View: menu access on DAG Run:my_dag
[2026-07-24T08:31:30.077+0000] {logging_mixin.py:190} INFO - [2026-07-24T08:31:30.077+0000] {override.py:1912} INFO - Created Permission View: can create on DAG Run:my_dag
[2026-07-24T08:31:30.077+0000] {logging_mixin.py:190} INFO - [2026-07-24T08:31:30.077+0000] {dag.py:3239} INFO - Sync 1 DAGs
[2026-07-24T08:31:30.087+0000] {logging_mixin.py:190} INFO - [2026-07-24T08:31:30.087+0000] {dag.py:3262} INFO - Creating ORM DAG for my_dag
[2026-07-24T08:31:30.094+0000] {logging_mixin.py:190} INFO - [2026-07-24T08:31:30.094+0000] {dag.py:4180} INFO - Setting next_dagrun for my_dag to 2026-03-02 00:00:00+00:00, run_after=2026-03-02 00:00:00+00:00
[2026-07-24T08:31:30.110+0000] {processor.py:208} INFO - Processing /opt/airflow/dags/my_tasks.py took 0.425 seconds
[2026-07-24T08:32:00.273+0000] {processor.py:186} INFO - Started process (PID=219) to work on /opt/airflow/dags/my_tasks.py
[2026-07-24T08:32:00.282+0000] {processor.py:914} INFO - Processing file /opt/airflow/dags/my_tasks.py for tasks to queue
[2026-07-24T08:32:00.285+0000] {logging_mixin.py:190} INFO - [2026-07-24T08:32:00.284+0000] {dagbag.py:588} INFO - Filling up the DagBag from /opt/airflow/dags/my_tasks.py
[2026-07-24T08:32:00.297+0000] {processor.py:925} INFO - DAG(s) 'my_dag' retrieved from /opt/airflow/dags/my_tasks.py
[2026-07-24T08:32:00.317+0000] {logging_mixin.py:190} INFO - [2026-07-24T08:32:00.316+0000] {dag.py:3239} INFO - Sync 1 DAGs
[2026-07-24T08:32:00.337+0000] {logging_mixin.py:190} INFO - [2026-07-24T08:32:00.337+0000] {dag.py:4180} INFO - Setting next_dagrun for my_dag to None, run_after=None
[2026-07-24T08:32:00.351+0000] {processor.py:208} INFO - Processing /opt/airflow/dags/my_tasks.py took 0.085 seconds
[2026-07-24T08:32:30.528+0000] {processor.py:186} INFO - Started process (PID=230) to work on /opt/airflow/dags/my_tasks.py
[2026-07-24T08:32:30.530+0000] {processor.py:914} INFO - Processing file /opt/airflow/dags/my_tasks.py for tasks to queue
[2026-07-24T08:32:30.532+0000] {logging_mixin.py:190} INFO - [2026-07-24T08:32:30.532+0000] {dagbag.py:588} INFO - Filling up the DagBag from /opt/airflow/dags/my_tasks.py
[2026-07-24T08:32:30.544+0000] {processor.py:925} INFO - DAG(s) 'my_dag' retrieved from /opt/airflow/dags/my_tasks.py
[2026-07-24T08:32:30.576+0000] {logging_mixin.py:190} INFO - [2026-07-24T08:32:30.576+0000] {dag.py:3239} INFO - Sync 1 DAGs
[2026-07-24T08:32:30.601+0000] {logging_mixin.py:190} INFO - [2026-07-24T08:32:30.600+0000] {dag.py:4180} INFO - Setting next_dagrun for my_dag to None, run_after=None
[2026-07-24T08:32:30.621+0000] {processor.py:208} INFO - Processing /opt/airflow/dags/my_tasks.py took 0.098 seconds
[2026-07-24T08:33:00.762+0000] {processor.py:186} INFO - Started process (PID=241) to work on /opt/airflow/dags/my_tasks.py
[2026-07-24T08:33:00.763+0000] {processor.py:914} INFO - Processing file /opt/airflow/dags/my_tasks.py for tasks to queue
[2026-07-24T08:33:00.765+0000] {logging_mixin.py:190} INFO - [2026-07-24T08:33:00.764+0000] {dagbag.py:588} INFO - Filling up the DagBag from /opt/airflow/dags/my_tasks.py
[2026-07-24T08:33:00.777+0000] {processor.py:925} INFO - DAG(s) 'my_dag' retrieved from /opt/airflow/dags/my_tasks.py
[2026-07-24T08:33:00.799+0000] {logging_mixin.py:190} INFO - [2026-07-24T08:33:00.799+0000] {dag.py:3239} INFO - Sync 1 DAGs
[2026-07-24T08:33:00.816+0000] {logging_mixin.py:190} INFO - [2026-07-24T08:33:00.815+0000] {dag.py:4180} INFO - Setting next_dagrun for my_dag to None, run_after=None
[2026-07-24T08:33:00.833+0000] {processor.py:208} INFO - Processing /opt/airflow/dags/my_tasks.py took 0.076 seconds
[2026-07-24T08:33:31.012+0000] {processor.py:186} INFO - Started process (PID=252) to work on /opt/airflow/dags/my_tasks.py
[2026-07-24T08:33:31.013+0000] {processor.py:914} INFO - Processing file /opt/airflow/dags/my_tasks.py for tasks to queue
[2026-07-24T08:33:31.014+0000] {logging_mixin.py:190} INFO - [2026-07-24T08:33:31.014+0000] {dagbag.py:588} INFO - Filling up the DagBag from /opt/airflow/dags/my_tasks.py
[2026-07-24T08:33:31.021+0000] {processor.py:925} INFO - DAG(s) 'my_dag' retrieved from /opt/airflow/dags/my_tasks.py
[2026-07-24T08:33:31.040+0000] {logging_mixin.py:190} INFO - [2026-07-24T08:33:31.040+0000] {dag.py:3239} INFO - Sync 1 DAGs
[2026-07-24T08:33:31.055+0000] {logging_mixin.py:190} INFO - [2026-07-24T08:33:31.055+0000] {dag.py:4180} INFO - Setting next_dagrun for my_dag to None, run_after=None
[2026-07-24T08:33:31.070+0000] {processor.py:208} INFO - Processing /opt/airflow/dags/my_tasks.py took 0.061 seconds
[2026-07-24T08:34:01.270+0000] {processor.py:186} INFO - Started process (PID=263) to work on /opt/airflow/dags/my_tasks.py
[2026-07-24T08:34:01.278+0000] {processor.py:914} INFO - Processing file /opt/airflow/dags/my_tasks.py for tasks to queue
[2026-07-24T08:34:01.279+0000] {logging_mixin.py:190} INFO - [2026-07-24T08:34:01.279+0000] {dagbag.py:588} INFO - Filling up the DagBag from /opt/airflow/dags/my_tasks.py
[2026-07-24T08:34:01.287+0000] {processor.py:925} INFO - DAG(s) 'my_dag' retrieved from /opt/airflow/dags/my_tasks.py
[2026-07-24T08:34:01.307+0000] {logging_mixin.py:190} INFO - [2026-07-24T08:34:01.306+0000] {dag.py:3239} INFO - Sync 1 DAGs
[2026-07-24T08:34:01.326+0000] {logging_mixin.py:190} INFO - [2026-07-24T08:34:01.326+0000] {dag.py:4180} INFO - Setting next_dagrun for my_dag to None, run_after=None
[2026-07-24T08:34:01.341+0000] {processor.py:208} INFO - Processing /opt/airflow/dags/my_tasks.py took 0.076 seconds
[2026-07-24T08:34:31.548+0000] {processor.py:186} INFO - Started process (PID=274) to work on /opt/airflow/dags/my_tasks.py
[2026-07-24T08:34:31.552+0000] {processor.py:914} INFO - Processing file /opt/airflow/dags/my_tasks.py for tasks to queue
[2026-07-24T08:34:31.554+0000] {logging_mixin.py:190} INFO - [2026-07-24T08:34:31.554+0000] {dagbag.py:588} INFO - Filling up the DagBag from /opt/airflow/dags/my_tasks.py
[2026-07-24T08:34:31.569+0000] {processor.py:925} INFO - DAG(s) 'my_dag' retrieved from /opt/airflow/dags/my_tasks.py
[2026-07-24T08:34:31.605+0000] {logging_mixin.py:190} INFO - [2026-07-24T08:34:31.604+0000] {dag.py:3239} INFO - Sync 1 DAGs
[2026-07-24T08:34:31.626+0000] {logging_mixin.py:190} INFO - [2026-07-24T08:34:31.626+0000] {dag.py:4180} INFO - Setting next_dagrun for my_dag to None, run_after=None
[2026-07-24T08:34:31.646+0000] {processor.py:208} INFO - Processing /opt/airflow/dags/my_tasks.py took 0.108 seconds
[2026-07-24T08:35:01.804+0000] {processor.py:186} INFO - Started process (PID=285) to work on /opt/airflow/dags/my_tasks.py
[2026-07-24T08:35:01.805+0000] {processor.py:914} INFO - Processing file /opt/airflow/dags/my_tasks.py for tasks to queue
[2026-07-24T08:35:01.807+0000] {logging_mixin.py:190} INFO - [2026-07-24T08:35:01.807+0000] {dagbag.py:588} INFO - Filling up the DagBag from /opt/airflow/dags/my_tasks.py
[2026-07-24T08:35:01.815+0000] {processor.py:925} INFO - DAG(s) 'my_dag' retrieved from /opt/airflow/dags/my_tasks.py
[2026-07-24T08:35:01.837+0000] {logging_mixin.py:190} INFO - [2026-07-24T08:35:01.837+0000] {dag.py:3239} INFO - Sync 1 DAGs
[2026-07-24T08:35:01.856+0000] {logging_mixin.py:190} INFO - [2026-07-24T08:35:01.856+0000] {dag.py:4180} INFO - Setting next_dagrun for my_dag to None, run_after=None
[2026-07-24T08:35:01.871+0000] {processor.py:208} INFO - Processing /opt/airflow/dags/my_tasks.py took 0.071 seconds
[2026-07-24T08:35:32.076+0000] {processor.py:186} INFO - Started process (PID=296) to work on /opt/airflow/dags/my_tasks.py
[2026-07-24T08:35:32.077+0000] {processor.py:914} INFO - Processing file /opt/airflow/dags/my_tasks.py for tasks to queue
[2026-07-24T08:35:32.079+0000] {logging_mixin.py:190} INFO - [2026-07-24T08:35:32.079+0000] {dagbag.py:588} INFO - Filling up the DagBag from /opt/airflow/dags/my_tasks.py
[2026-07-24T08:35:32.086+0000] {processor.py:925} INFO - DAG(s) 'my_dag' retrieved from /opt/airflow/dags/my_tasks.py
[2026-07-24T08:35:32.113+0000] {logging_mixin.py:190} INFO - [2026-07-24T08:35:32.113+0000] {dag.py:3239} INFO - Sync 1 DAGs
[2026-07-24T08:35:32.139+0000] {logging_mixin.py:190} INFO - [2026-07-24T08:35:32.139+0000] {dag.py:4180} INFO - Setting next_dagrun for my_dag to None, run_after=None
[2026-07-24T08:35:32.156+0000] {processor.py:208} INFO - Processing /opt/airflow/dags/my_tasks.py took 0.084 seconds
[2026-07-24T08:36:02.357+0000] {processor.py:186} INFO - Started process (PID=307) to work on /opt/airflow/dags/my_tasks.py
[2026-07-24T08:36:02.360+0000] {processor.py:914} INFO - Processing file /opt/airflow/dags/my_tasks.py for tasks to queue
[2026-07-24T08:36:02.361+0000] {logging_mixin.py:190} INFO - [2026-07-24T08:36:02.361+0000] {dagbag.py:588} INFO - Filling up the DagBag from /opt/airflow/dags/my_tasks.py
[2026-07-24T08:36:02.368+0000] {processor.py:925} INFO - DAG(s) 'my_dag' retrieved from /opt/airflow/dags/my_tasks.py
[2026-07-24T08:36:02.387+0000] {logging_mixin.py:190} INFO - [2026-07-24T08:36:02.387+0000] {dag.py:3239} INFO - Sync 1 DAGs
[2026-07-24T08:36:02.403+0000] {logging_mixin.py:190} INFO - [2026-07-24T08:36:02.403+0000] {dag.py:4180} INFO - Setting next_dagrun for my_dag to None, run_after=None
[2026-07-24T08:36:02.418+0000] {processor.py:208} INFO - Processing /opt/airflow/dags/my_tasks.py took 0.064 seconds
[2026-07-24T08:36:32.649+0000] {processor.py:186} INFO - Started process (PID=318) to work on /opt/airflow/dags/my_tasks.py
[2026-07-24T08:36:32.650+0000] {processor.py:914} INFO - Processing file /opt/airflow/dags/my_tasks.py for tasks to queue
[2026-07-24T08:36:32.652+0000] {logging_mixin.py:190} INFO - [2026-07-24T08:36:32.651+0000] {dagbag.py:588} INFO - Filling up the DagBag from /opt/airflow/dags/my_tasks.py
[2026-07-24T08:36:32.658+0000] {processor.py:925} INFO - DAG(s) 'my_dag' retrieved from /opt/airflow/dags/my_tasks.py
[2026-07-24T08:36:32.676+0000] {logging_mixin.py:190} INFO - [2026-07-24T08:36:32.676+0000] {dag.py:3239} INFO - Sync 1 DAGs
[2026-07-24T08:36:32.693+0000] {logging_mixin.py:190} INFO - [2026-07-24T08:36:32.692+0000] {dag.py:4180} INFO - Setting next_dagrun for my_dag to None, run_after=None
[2026-07-24T08:36:32.707+0000] {processor.py:208} INFO - Processing /opt/airflow/dags/my_tasks.py took 0.062 seconds
[2026-07-24T08:37:02.916+0000] {processor.py:186} INFO - Started process (PID=329) to work on /opt/airflow/dags/my_tasks.py
[2026-07-24T08:37:02.924+0000] {processor.py:914} INFO - Processing file /opt/airflow/dags/my_tasks.py for tasks to queue
[2026-07-24T08:37:02.926+0000] {logging_mixin.py:190} INFO - [2026-07-24T08:37:02.926+0000] {dagbag.py:588} INFO - Filling up the DagBag from /opt/airflow/dags/my_tasks.py
[2026-07-24T08:37:02.935+0000] {processor.py:925} INFO - DAG(s) 'my_dag' retrieved from /opt/airflow/dags/my_tasks.py
[2026-07-24T08:37:02.953+0000] {logging_mixin.py:190} INFO - [2026-07-24T08:37:02.952+0000] {dag.py:3239} INFO - Sync 1 DAGs
[2026-07-24T08:37:02.968+0000] {logging_mixin.py:190} INFO - [2026-07-24T08:37:02.968+0000] {dag.py:4180} INFO - Setting next_dagrun for my_dag to None, run_after=None
[2026-07-24T08:37:02.982+0000] {processor.py:208} INFO - Processing /opt/airflow/dags/my_tasks.py took 0.070 seconds
[2026-07-24T08:37:33.180+0000] {processor.py:186} INFO - Started process (PID=340) to work on /opt/airflow/dags/my_tasks.py
[2026-07-24T08:37:33.188+0000] {processor.py:914} INFO - Processing file /opt/airflow/dags/my_tasks.py for tasks to queue
[2026-07-24T08:37:33.190+0000] {logging_mixin.py:190} INFO - [2026-07-24T08:37:33.190+0000] {dagbag.py:588} INFO - Filling up the DagBag from /opt/airflow/dags/my_tasks.py
[2026-07-24T08:37:33.201+0000] {processor.py:925} INFO - DAG(s) 'my_dag' retrieved from /opt/airflow/dags/my_tasks.py
[2026-07-24T08:37:33.218+0000] {logging_mixin.py:190} INFO - [2026-07-24T08:37:33.218+0000] {dag.py:3239} INFO - Sync 1 DAGs
[2026-07-24T08:37:33.234+0000] {logging_mixin.py:190} INFO - [2026-07-24T08:37:33.234+0000] {dag.py:4180} INFO - Setting next_dagrun for my_dag to None, run_after=None
[2026-07-24T08:37:33.248+0000] {processor.py:208} INFO - Processing /opt/airflow/dags/my_tasks.py took 0.072 seconds
[2026-07-24T08:38:03.446+0000] {processor.py:186} INFO - Started process (PID=351) to work on /opt/airflow/dags/my_tasks.py
[2026-07-24T08:38:03.446+0000] {processor.py:914} INFO - Processing file /opt/airflow/dags/my_tasks.py for tasks to queue
[2026-07-24T08:38:03.448+0000] {logging_mixin.py:190} INFO - [2026-07-24T08:38:03.447+0000] {dagbag.py:588} INFO - Filling up the DagBag from /opt/airflow/dags/my_tasks.py
[2026-07-24T08:38:03.455+0000] {processor.py:925} INFO - DAG(s) 'my_dag' retrieved from /opt/airflow/dags/my_tasks.py
[2026-07-24T08:38:03.473+0000] {logging_mixin.py:190} INFO - [2026-07-24T08:38:03.473+0000] {dag.py:3239} INFO - Sync 1 DAGs
[2026-07-24T08:38:03.488+0000] {logging_mixin.py:190} INFO - [2026-07-24T08:38:03.488+0000] {dag.py:4180} INFO - Setting next_dagrun for my_dag to None, run_after=None
[2026-07-24T08:38:03.503+0000] {processor.py:208} INFO - Processing /opt/airflow/dags/my_tasks.py took 0.061 seconds
[2026-07-24T08:38:33.731+0000] {processor.py:186} INFO - Started process (PID=362) to work on /opt/airflow/dags/my_tasks.py
[2026-07-24T08:38:33.740+0000] {processor.py:914} INFO - Processing file /opt/airflow/dags/my_tasks.py for tasks to queue
[2026-07-24T08:38:33.743+0000] {logging_mixin.py:190} INFO - [2026-07-24T08:38:33.743+0000] {dagbag.py:588} INFO - Filling up the DagBag from /opt/airflow/dags/my_tasks.py
[2026-07-24T08:38:33.753+0000] {processor.py:925} INFO - DAG(s) 'my_dag' retrieved from /opt/airflow/dags/my_tasks.py
[2026-07-24T08:38:33.770+0000] {logging_mixin.py:190} INFO - [2026-07-24T08:38:33.770+0000] {dag.py:3239} INFO - Sync 1 DAGs
[2026-07-24T08:38:33.785+0000] {logging_mixin.py:190} INFO - [2026-07-24T08:38:33.785+0000] {dag.py:4180} INFO - Setting next_dagrun for my_dag to None, run_after=None
[2026-07-24T08:38:33.799+0000] {processor.py:208} INFO - Processing /opt/airflow/dags/my_tasks.py took 0.075 seconds
[2026-07-24T08:39:04.005+0000] {processor.py:186} INFO - Started process (PID=379) to work on /opt/airflow/dags/my_tasks.py
[2026-07-24T08:39:04.012+0000] {processor.py:914} INFO - Processing file /opt/airflow/dags/my_tasks.py for tasks to queue
[2026-07-24T08:39:04.014+0000] {logging_mixin.py:190} INFO - [2026-07-24T08:39:04.014+0000] {dagbag.py:588} INFO - Filling up the DagBag from /opt/airflow/dags/my_tasks.py
[2026-07-24T08:39:04.023+0000] {processor.py:925} INFO - DAG(s) 'my_dag' retrieved from /opt/airflow/dags/my_tasks.py
[2026-07-24T08:39:04.042+0000] {logging_mixin.py:190} INFO - [2026-07-24T08:39:04.041+0000] {dag.py:3239} INFO - Sync 1 DAGs
[2026-07-24T08:39:04.058+0000] {logging_mixin.py:190} INFO - [2026-07-24T08:39:04.058+0000] {dag.py:4180} INFO - Setting next_dagrun for my_dag to None, run_after=None
[2026-07-24T08:39:04.075+0000] {processor.py:208} INFO - Processing /opt/airflow/dags/my_tasks.py took 0.075 seconds
[2026-07-24T08:39:34.265+0000] {processor.py:186} INFO - Started process (PID=390) to work on /opt/airflow/dags/my_tasks.py
[2026-07-24T08:39:34.273+0000] {processor.py:914} INFO - Processing file /opt/airflow/dags/my_tasks.py for tasks to queue
[2026-07-24T08:39:34.275+0000] {logging_mixin.py:190} INFO - [2026-07-24T08:39:34.274+0000] {dagbag.py:588} INFO - Filling up the DagBag from /opt/airflow/dags/my_tasks.py
[2026-07-24T08:39:34.282+0000] {processor.py:925} INFO - DAG(s) 'my_dag' retrieved from /opt/airflow/dags/my_tasks.py
[2026-07-24T08:39:34.304+0000] {logging_mixin.py:190} INFO - [2026-07-24T08:39:34.304+0000] {dag.py:3239} INFO - Sync 1 DAGs
[2026-07-24T08:39:34.323+0000] {logging_mixin.py:190} INFO - [2026-07-24T08:39:34.323+0000] {dag.py:4180} INFO - Setting next_dagrun for my_dag to None, run_after=None
[2026-07-24T08:39:34.339+0000] {processor.py:208} INFO - Processing /opt/airflow/dags/my_tasks.py took 0.079 seconds
[2026-07-24T08:40:04.541+0000] {processor.py:186} INFO - Started process (PID=401) to work on /opt/airflow/dags/my_tasks.py
[2026-07-24T08:40:04.549+0000] {processor.py:914} INFO - Processing file /opt/airflow/dags/my_tasks.py for tasks to queue
[2026-07-24T08:40:04.551+0000] {logging_mixin.py:190} INFO - [2026-07-24T08:40:04.551+0000] {dagbag.py:588} INFO - Filling up the DagBag from /opt/airflow/dags/my_tasks.py
[2026-07-24T08:40:04.564+0000] {processor.py:925} INFO - DAG(s) 'my_dag' retrieved from /opt/airflow/dags/my_tasks.py
[2026-07-24T08:40:04.584+0000] {logging_mixin.py:190} INFO - [2026-07-24T08:40:04.583+0000] {dag.py:3239} INFO - Sync 1 DAGs
[2026-07-24T08:40:04.603+0000] {logging_mixin.py:190} INFO - [2026-07-24T08:40:04.603+0000] {dag.py:4180} INFO - Setting next_dagrun for my_dag to None, run_after=None
[2026-07-24T08:40:04.652+0000] {processor.py:208} INFO - Processing /opt/airflow/dags/my_tasks.py took 0.115 seconds
[2026-07-24T08:40:34.788+0000] {processor.py:186} INFO - Started process (PID=412) to work on /opt/airflow/dags/my_tasks.py
[2026-07-24T08:40:34.796+0000] {processor.py:914} INFO - Processing file /opt/airflow/dags/my_tasks.py for tasks to queue
[2026-07-24T08:40:34.799+0000] {logging_mixin.py:190} INFO - [2026-07-24T08:40:34.798+0000] {dagbag.py:588} INFO - Filling up the DagBag from /opt/airflow/dags/my_tasks.py
[2026-07-24T08:40:34.806+0000] {processor.py:925} INFO - DAG(s) 'my_dag' retrieved from /opt/airflow/dags/my_tasks.py
[2026-07-24T08:40:34.827+0000] {logging_mixin.py:190} INFO - [2026-07-24T08:40:34.827+0000] {dag.py:3239} INFO - Sync 1 DAGs
[2026-07-24T08:40:34.845+0000] {logging_mixin.py:190} INFO - [2026-07-24T08:40:34.845+0000] {dag.py:4180} INFO - Setting next_dagrun for my_dag to None, run_after=None
[2026-07-24T08:40:34.891+0000] {processor.py:208} INFO - Processing /opt/airflow/dags/my_tasks.py took 0.106 seconds
[2026-07-24T08:41:05.097+0000] {processor.py:186} INFO - Started process (PID=423) to work on /opt/airflow/dags/my_tasks.py
[2026-07-24T08:41:05.101+0000] {processor.py:914} INFO - Processing file /opt/airflow/dags/my_tasks.py for tasks to queue
[2026-07-24T08:41:05.102+0000] {logging_mixin.py:190} INFO - [2026-07-24T08:41:05.102+0000] {dagbag.py:588} INFO - Filling up the DagBag from /opt/airflow/dags/my_tasks.py
[2026-07-24T08:41:05.111+0000] {processor.py:925} INFO - DAG(s) 'my_dag' retrieved from /opt/airflow/dags/my_tasks.py
[2026-07-24T08:41:05.129+0000] {logging_mixin.py:190} INFO - [2026-07-24T08:41:05.129+0000] {dag.py:3239} INFO - Sync 1 DAGs
[2026-07-24T08:41:05.147+0000] {logging_mixin.py:190} INFO - [2026-07-24T08:41:05.147+0000] {dag.py:4180} INFO - Setting next_dagrun for my_dag to None, run_after=None
[2026-07-24T08:41:05.163+0000] {processor.py:208} INFO - Processing /opt/airflow/dags/my_tasks.py took 0.070 seconds
[2026-07-24T08:41:35.387+0000] {processor.py:186} INFO - Started process (PID=434) to work on /opt/airflow/dags/my_tasks.py
[2026-07-24T08:41:35.388+0000] {processor.py:914} INFO - Processing file /opt/airflow/dags/my_tasks.py for tasks to queue
[2026-07-24T08:41:35.389+0000] {logging_mixin.py:190} INFO - [2026-07-24T08:41:35.389+0000] {dagbag.py:588} INFO - Filling up the DagBag from /opt/airflow/dags/my_tasks.py
[2026-07-24T08:41:35.397+0000] {processor.py:925} INFO - DAG(s) 'my_dag' retrieved from /opt/airflow/dags/my_tasks.py
[2026-07-24T08:41:35.415+0000] {logging_mixin.py:190} INFO - [2026-07-24T08:41:35.415+0000] {dag.py:3239} INFO - Sync 1 DAGs
[2026-07-24T08:41:35.431+0000] {logging_mixin.py:190} INFO - [2026-07-24T08:41:35.431+0000] {dag.py:4180} INFO - Setting next_dagrun for my_dag to None, run_after=None
[2026-07-24T08:41:35.444+0000] {processor.py:208} INFO - Processing /opt/airflow/dags/my_tasks.py took 0.062 seconds
[2026-07-24T08:42:05.654+0000] {processor.py:186} INFO - Started process (PID=445) to work on /opt/airflow/dags/my_tasks.py
[2026-07-24T08:42:05.655+0000] {processor.py:914} INFO - Processing file /opt/airflow/dags/my_tasks.py for tasks to queue
[2026-07-24T08:42:05.657+0000] {logging_mixin.py:190} INFO - [2026-07-24T08:42:05.656+0000] {dagbag.py:588} INFO - Filling up the DagBag from /opt/airflow/dags/my_tasks.py
[2026-07-24T08:42:05.664+0000] {processor.py:925} INFO - DAG(s) 'my_dag' retrieved from /opt/airflow/dags/my_tasks.py
[2026-07-24T08:42:05.682+0000] {logging_mixin.py:190} INFO - [2026-07-24T08:42:05.681+0000] {dag.py:3239} INFO - Sync 1 DAGs
[2026-07-24T08:42:05.697+0000] {logging_mixin.py:190} INFO - [2026-07-24T08:42:05.697+0000] {dag.py:4180} INFO - Setting next_dagrun for my_dag to None, run_after=None
[2026-07-24T08:42:05.711+0000] {processor.py:208} INFO - Processing /opt/airflow/dags/my_tasks.py took 0.061 seconds
[2026-07-24T08:42:35.930+0000] {processor.py:186} INFO - Started process (PID=456) to work on /opt/airflow/dags/my_tasks.py
[2026-07-24T08:42:35.938+0000] {processor.py:914} INFO - Processing file /opt/airflow/dags/my_tasks.py for tasks to queue
[2026-07-24T08:42:35.941+0000] {logging_mixin.py:190} INFO - [2026-07-24T08:42:35.940+0000] {dagbag.py:588} INFO - Filling up the DagBag from /opt/airflow/dags/my_tasks.py
[2026-07-24T08:42:35.949+0000] {processor.py:925} INFO - DAG(s) 'my_dag' retrieved from /opt/airflow/dags/my_tasks.py
[2026-07-24T08:42:35.966+0000] {logging_mixin.py:190} INFO - [2026-07-24T08:42:35.966+0000] {dag.py:3239} INFO - Sync 1 DAGs
[2026-07-24T08:42:35.982+0000] {logging_mixin.py:190} INFO - [2026-07-24T08:42:35.982+0000] {dag.py:4180} INFO - Setting next_dagrun for my_dag to None, run_after=None
[2026-07-24T08:42:35.996+0000] {processor.py:208} INFO - Processing /opt/airflow/dags/my_tasks.py took 0.070 seconds
[2026-07-24T08:43:06.207+0000] {processor.py:186} INFO - Started process (PID=467) to work on /opt/airflow/dags/my_tasks.py
[2026-07-24T08:43:06.207+0000] {processor.py:914} INFO - Processing file /opt/airflow/dags/my_tasks.py for tasks to queue
[2026-07-24T08:43:06.209+0000] {logging_mixin.py:190} INFO - [2026-07-24T08:43:06.209+0000] {dagbag.py:588} INFO - Filling up the DagBag from /opt/airflow/dags/my_tasks.py
[2026-07-24T08:43:06.215+0000] {processor.py:925} INFO - DAG(s) 'my_dag' retrieved from /opt/airflow/dags/my_tasks.py
[2026-07-24T08:43:06.233+0000] {logging_mixin.py:190} INFO - [2026-07-24T08:43:06.233+0000] {dag.py:3239} INFO - Sync 1 DAGs
[2026-07-24T08:43:06.249+0000] {logging_mixin.py:190} INFO - [2026-07-24T08:43:06.249+0000] {dag.py:4180} INFO - Setting next_dagrun for my_dag to None, run_after=None
[2026-07-24T08:43:06.263+0000] {processor.py:208} INFO - Processing /opt/airflow/dags/my_tasks.py took 0.060 seconds
[2026-07-24T08:43:36.500+0000] {processor.py:186} INFO - Started process (PID=478) to work on /opt/airflow/dags/my_tasks.py
[2026-07-24T08:43:36.501+0000] {processor.py:914} INFO - Processing file /opt/airflow/dags/my_tasks.py for tasks to queue
[2026-07-24T08:43:36.502+0000] {logging_mixin.py:190} INFO - [2026-07-24T08:43:36.502+0000] {dagbag.py:588} INFO - Filling up the DagBag from /opt/airflow/dags/my_tasks.py
[2026-07-24T08:43:36.509+0000] {processor.py:925} INFO - DAG(s) 'my_dag' retrieved from /opt/airflow/dags/my_tasks.py
[2026-07-24T08:43:36.528+0000] {logging_mixin.py:190} INFO - [2026-07-24T08:43:36.528+0000] {dag.py:3239} INFO - Sync 1 DAGs
[2026-07-24T08:43:36.544+0000] {logging_mixin.py:190} INFO - [2026-07-24T08:43:36.544+0000] {dag.py:4180} INFO - Setting next_dagrun for my_dag to None, run_after=None
[2026-07-24T08:43:36.557+0000] {processor.py:208} INFO - Processing /opt/airflow/dags/my_tasks.py took 0.061 seconds
[2026-07-24T08:44:06.782+0000] {processor.py:186} INFO - Started process (PID=489) to work on /opt/airflow/dags/my_tasks.py
[2026-07-24T08:44:06.783+0000] {processor.py:914} INFO - Processing file /opt/airflow/dags/my_tasks.py for tasks to queue
[2026-07-24T08:44:06.785+0000] {logging_mixin.py:190} INFO - [2026-07-24T08:44:06.785+0000] {dagbag.py:588} INFO - Filling up the DagBag from /opt/airflow/dags/my_tasks.py
[2026-07-24T08:44:06.794+0000] {processor.py:925} INFO - DAG(s) 'my_dag' retrieved from /opt/airflow/dags/my_tasks.py
[2026-07-24T08:44:06.815+0000] {logging_mixin.py:190} INFO - [2026-07-24T08:44:06.815+0000] {dag.py:3239} INFO - Sync 1 DAGs
[2026-07-24T08:44:06.833+0000] {logging_mixin.py:190} INFO - [2026-07-24T08:44:06.833+0000] {dag.py:4180} INFO - Setting next_dagrun for my_dag to None, run_after=None
[2026-07-24T08:44:06.850+0000] {processor.py:208} INFO - Processing /opt/airflow/dags/my_tasks.py took 0.072 seconds
[2026-07-24T08:44:37.044+0000] {processor.py:186} INFO - Started process (PID=500) to work on /opt/airflow/dags/my_tasks.py
[2026-07-24T08:44:37.044+0000] {processor.py:914} INFO - Processing file /opt/airflow/dags/my_tasks.py for tasks to queue
[2026-07-24T08:44:37.045+0000] {logging_mixin.py:190} INFO - [2026-07-24T08:44:37.045+0000] {dagbag.py:588} INFO - Filling up the DagBag from /opt/airflow/dags/my_tasks.py
[2026-07-24T08:44:37.052+0000] {processor.py:925} INFO - DAG(s) 'my_dag' retrieved from /opt/airflow/dags/my_tasks.py
[2026-07-24T08:44:37.069+0000] {logging_mixin.py:190} INFO - [2026-07-24T08:44:37.069+0000] {dag.py:3239} INFO - Sync 1 DAGs
[2026-07-24T08:44:37.085+0000] {logging_mixin.py:190} INFO - [2026-07-24T08:44:37.084+0000] {dag.py:4180} INFO - Setting next_dagrun for my_dag to None, run_after=None
[2026-07-24T08:44:37.100+0000] {processor.py:208} INFO - Processing /opt/airflow/dags/my_tasks.py took 0.060 seconds
[2026-07-24T08:45:07.287+0000] {processor.py:186} INFO - Started process (PID=511) to work on /opt/airflow/dags/my_tasks.py
[2026-07-24T08:45:07.287+0000] {processor.py:914} INFO - Processing file /opt/airflow/dags/my_tasks.py for tasks to queue
[2026-07-24T08:45:07.288+0000] {logging_mixin.py:190} INFO - [2026-07-24T08:45:07.288+0000] {dagbag.py:588} INFO - Filling up the DagBag from /opt/airflow/dags/my_tasks.py
[2026-07-24T08:45:07.295+0000] {processor.py:925} INFO - DAG(s) 'my_dag' retrieved from /opt/airflow/dags/my_tasks.py
[2026-07-24T08:45:07.313+0000] {logging_mixin.py:190} INFO - [2026-07-24T08:45:07.313+0000] {dag.py:3239} INFO - Sync 1 DAGs
[2026-07-24T08:45:07.329+0000] {logging_mixin.py:190} INFO - [2026-07-24T08:45:07.328+0000] {dag.py:4180} INFO - Setting next_dagrun for my_dag to None, run_after=None
[2026-07-24T08:45:07.342+0000] {processor.py:208} INFO - Processing /opt/airflow/dags/my_tasks.py took 0.059 seconds
[2026-07-24T08:45:37.528+0000] {processor.py:186} INFO - Started process (PID=522) to work on /opt/airflow/dags/my_tasks.py
[2026-07-24T08:45:37.535+0000] {processor.py:914} INFO - Processing file /opt/airflow/dags/my_tasks.py for tasks to queue
[2026-07-24T08:45:37.538+0000] {logging_mixin.py:190} INFO - [2026-07-24T08:45:37.537+0000] {dagbag.py:588} INFO - Filling up the DagBag from /opt/airflow/dags/my_tasks.py
[2026-07-24T08:45:37.546+0000] {processor.py:925} INFO - DAG(s) 'my_dag' retrieved from /opt/airflow/dags/my_tasks.py
[2026-07-24T08:45:37.567+0000] {logging_mixin.py:190} INFO - [2026-07-24T08:45:37.567+0000] {dag.py:3239} INFO - Sync 1 DAGs
[2026-07-24T08:45:37.583+0000] {logging_mixin.py:190} INFO - [2026-07-24T08:45:37.583+0000] {dag.py:4180} INFO - Setting next_dagrun for my_dag to None, run_after=None
[2026-07-24T08:45:37.598+0000] {processor.py:208} INFO - Processing /opt/airflow/dags/my_tasks.py took 0.075 seconds
[2026-07-24T08:46:07.777+0000] {processor.py:186} INFO - Started process (PID=533) to work on /opt/airflow/dags/my_tasks.py
[2026-07-24T08:46:07.778+0000] {processor.py:914} INFO - Processing file /opt/airflow/dags/my_tasks.py for tasks to queue
[2026-07-24T08:46:07.779+0000] {logging_mixin.py:190} INFO - [2026-07-24T08:46:07.779+0000] {dagbag.py:588} INFO - Filling up the DagBag from /opt/airflow/dags/my_tasks.py
[2026-07-24T08:46:07.786+0000] {processor.py:925} INFO - DAG(s) 'my_dag' retrieved from /opt/airflow/dags/my_tasks.py
[2026-07-24T08:46:07.803+0000] {logging_mixin.py:190} INFO - [2026-07-24T08:46:07.803+0000] {dag.py:3239} INFO - Sync 1 DAGs
[2026-07-24T08:46:07.819+0000] {logging_mixin.py:190} INFO - [2026-07-24T08:46:07.818+0000] {dag.py:4180} INFO - Setting next_dagrun for my_dag to None, run_after=None
[2026-07-24T08:46:07.833+0000] {processor.py:208} INFO - Processing /opt/airflow/dags/my_tasks.py took 0.060 seconds
[2026-07-24T08:46:38.035+0000] {processor.py:186} INFO - Started process (PID=544) to work on /opt/airflow/dags/my_tasks.py
[2026-07-24T08:46:38.043+0000] {processor.py:914} INFO - Processing file /opt/airflow/dags/my_tasks.py for tasks to queue
[2026-07-24T08:46:38.044+0000] {logging_mixin.py:190} INFO - [2026-07-24T08:46:38.044+0000] {dagbag.py:588} INFO - Filling up the DagBag from /opt/airflow/dags/my_tasks.py
[2026-07-24T08:46:38.051+0000] {processor.py:925} INFO - DAG(s) 'my_dag' retrieved from /opt/airflow/dags/my_tasks.py
[2026-07-24T08:46:38.071+0000] {logging_mixin.py:190} INFO - [2026-07-24T08:46:38.071+0000] {dag.py:3239} INFO - Sync 1 DAGs
[2026-07-24T08:46:38.089+0000] {logging_mixin.py:190} INFO - [2026-07-24T08:46:38.089+0000] {dag.py:4180} INFO - Setting next_dagrun for my_dag to None, run_after=None
[2026-07-24T08:46:38.105+0000] {processor.py:208} INFO - Processing /opt/airflow/dags/my_tasks.py took 0.074 seconds
[2026-07-24T08:47:08.279+0000] {processor.py:186} INFO - Started process (PID=555) to work on /opt/airflow/dags/my_tasks.py
[2026-07-24T08:47:08.280+0000] {processor.py:914} INFO - Processing file /opt/airflow/dags/my_tasks.py for tasks to queue
[2026-07-24T08:47:08.281+0000] {logging_mixin.py:190} INFO - [2026-07-24T08:47:08.281+0000] {dagbag.py:588} INFO - Filling up the DagBag from /opt/airflow/dags/my_tasks.py
[2026-07-24T08:47:08.288+0000] {processor.py:925} INFO - DAG(s) 'my_dag' retrieved from /opt/airflow/dags/my_tasks.py
[2026-07-24T08:47:08.306+0000] {logging_mixin.py:190} INFO - [2026-07-24T08:47:08.306+0000] {dag.py:3239} INFO - Sync 1 DAGs
[2026-07-24T08:47:08.322+0000] {logging_mixin.py:190} INFO - [2026-07-24T08:47:08.321+0000] {dag.py:4180} INFO - Setting next_dagrun for my_dag to None, run_after=None
[2026-07-24T08:47:08.336+0000] {processor.py:208} INFO - Processing /opt/airflow/dags/my_tasks.py took 0.061 seconds
[2026-07-24T08:47:38.516+0000] {processor.py:186} INFO - Started process (PID=566) to work on /opt/airflow/dags/my_tasks.py
[2026-07-24T08:47:38.524+0000] {processor.py:914} INFO - Processing file /opt/airflow/dags/my_tasks.py for tasks to queue
[2026-07-24T08:47:38.526+0000] {logging_mixin.py:190} INFO - [2026-07-24T08:47:38.526+0000] {dagbag.py:588} INFO - Filling up the DagBag from /opt/airflow/dags/my_tasks.py
[2026-07-24T08:47:38.534+0000] {processor.py:925} INFO - DAG(s) 'my_dag' retrieved from /opt/airflow/dags/my_tasks.py
[2026-07-24T08:47:38.553+0000] {logging_mixin.py:190} INFO - [2026-07-24T08:47:38.553+0000] {dag.py:3239} INFO - Sync 1 DAGs
[2026-07-24T08:47:38.572+0000] {logging_mixin.py:190} INFO - [2026-07-24T08:47:38.571+0000] {dag.py:4180} INFO - Setting next_dagrun for my_dag to None, run_after=None
[2026-07-24T08:47:38.588+0000] {processor.py:208} INFO - Processing /opt/airflow/dags/my_tasks.py took 0.078 seconds
[2026-07-24T08:48:08.755+0000] {processor.py:186} INFO - Started process (PID=577) to work on /opt/airflow/dags/my_tasks.py
[2026-07-24T08:48:08.755+0000] {processor.py:914} INFO - Processing file /opt/airflow/dags/my_tasks.py for tasks to queue
[2026-07-24T08:48:08.757+0000] {logging_mixin.py:190} INFO - [2026-07-24T08:48:08.757+0000] {dagbag.py:588} INFO - Filling up the DagBag from /opt/airflow/dags/my_tasks.py
[2026-07-24T08:48:08.763+0000] {processor.py:925} INFO - DAG(s) 'my_dag' retrieved from /opt/airflow/dags/my_tasks.py
[2026-07-24T08:48:08.781+0000] {logging_mixin.py:190} INFO - [2026-07-24T08:48:08.781+0000] {dag.py:3239} INFO - Sync 1 DAGs
[2026-07-24T08:48:08.796+0000] {logging_mixin.py:190} INFO - [2026-07-24T08:48:08.796+0000] {dag.py:4180} INFO - Setting next_dagrun for my_dag to None, run_after=None
[2026-07-24T08:48:08.811+0000] {processor.py:208} INFO - Processing /opt/airflow/dags/my_tasks.py took 0.060 seconds
[2026-07-24T08:48:39.036+0000] {processor.py:186} INFO - Started process (PID=588) to work on /opt/airflow/dags/my_tasks.py
[2026-07-24T08:48:39.044+0000] {processor.py:914} INFO - Processing file /opt/airflow/dags/my_tasks.py for tasks to queue
[2026-07-24T08:48:39.047+0000] {logging_mixin.py:190} INFO - [2026-07-24T08:48:39.046+0000] {dagbag.py:588} INFO - Filling up the DagBag from /opt/airflow/dags/my_tasks.py
[2026-07-24T08:48:39.055+0000] {processor.py:925} INFO - DAG(s) 'my_dag' retrieved from /opt/airflow/dags/my_tasks.py
[2026-07-24T08:48:39.075+0000] {logging_mixin.py:190} INFO - [2026-07-24T08:48:39.074+0000] {dag.py:3239} INFO - Sync 1 DAGs
[2026-07-24T08:48:39.093+0000] {logging_mixin.py:190} INFO - [2026-07-24T08:48:39.093+0000] {dag.py:4180} INFO - Setting next_dagrun for my_dag to None, run_after=None
[2026-07-24T08:48:39.107+0000] {processor.py:208} INFO - Processing /opt/airflow/dags/my_tasks.py took 0.074 seconds
[2026-07-24T08:49:09.312+0000] {processor.py:186} INFO - Started process (PID=599) to work on /opt/airflow/dags/my_tasks.py
[2026-07-24T08:49:09.312+0000] {processor.py:914} INFO - Processing file /opt/airflow/dags/my_tasks.py for tasks to queue
[2026-07-24T08:49:09.313+0000] {logging_mixin.py:190} INFO - [2026-07-24T08:49:09.313+0000] {dagbag.py:588} INFO - Filling up the DagBag from /opt/airflow/dags/my_tasks.py
[2026-07-24T08:49:09.321+0000] {processor.py:925} INFO - DAG(s) 'my_dag' retrieved from /opt/airflow/dags/my_tasks.py
[2026-07-24T08:49:09.340+0000] {logging_mixin.py:190} INFO - [2026-07-24T08:49:09.340+0000] {dag.py:3239} INFO - Sync 1 DAGs
[2026-07-24T08:49:09.356+0000] {logging_mixin.py:190} INFO - [2026-07-24T08:49:09.356+0000] {dag.py:4180} INFO - Setting next_dagrun for my_dag to None, run_after=None
[2026-07-24T08:49:09.370+0000] {processor.py:208} INFO - Processing /opt/airflow/dags/my_tasks.py took 0.063 seconds
[2026-07-24T08:49:39.589+0000] {processor.py:186} INFO - Started process (PID=610) to work on /opt/airflow/dags/my_tasks.py
[2026-07-24T08:49:39.597+0000] {processor.py:914} INFO - Processing file /opt/airflow/dags/my_tasks.py for tasks to queue
[2026-07-24T08:49:39.600+0000] {logging_mixin.py:190} INFO - [2026-07-24T08:49:39.600+0000] {dagbag.py:588} INFO - Filling up the DagBag from /opt/airflow/dags/my_tasks.py
[2026-07-24T08:49:39.610+0000] {processor.py:925} INFO - DAG(s) 'my_dag' retrieved from /opt/airflow/dags/my_tasks.py
[2026-07-24T08:49:39.628+0000] {logging_mixin.py:190} INFO - [2026-07-24T08:49:39.627+0000] {dag.py:3239} INFO - Sync 1 DAGs
[2026-07-24T08:49:39.643+0000] {logging_mixin.py:190} INFO - [2026-07-24T08:49:39.643+0000] {dag.py:4180} INFO - Setting next_dagrun for my_dag to None, run_after=None
[2026-07-24T08:49:39.658+0000] {processor.py:208} INFO - Processing /opt/airflow/dags/my_tasks.py took 0.072 seconds
[2026-07-24T08:50:09.870+0000] {processor.py:186} INFO - Started process (PID=621) to work on /opt/airflow/dags/my_tasks.py
[2026-07-24T08:50:09.871+0000] {processor.py:914} INFO - Processing file /opt/airflow/dags/my_tasks.py for tasks to queue
[2026-07-24T08:50:09.872+0000] {logging_mixin.py:190} INFO - [2026-07-24T08:50:09.872+0000] {dagbag.py:588} INFO - Filling up the DagBag from /opt/airflow/dags/my_tasks.py
[2026-07-24T08:50:09.879+0000] {processor.py:925} INFO - DAG(s) 'my_dag' retrieved from /opt/airflow/dags/my_tasks.py
[2026-07-24T08:50:09.896+0000] {logging_mixin.py:190} INFO - [2026-07-24T08:50:09.896+0000] {dag.py:3239} INFO - Sync 1 DAGs
[2026-07-24T08:50:09.912+0000] {logging_mixin.py:190} INFO - [2026-07-24T08:50:09.912+0000] {dag.py:4180} INFO - Setting next_dagrun for my_dag to None, run_after=None
[2026-07-24T08:50:09.926+0000] {processor.py:208} INFO - Processing /opt/airflow/dags/my_tasks.py took 0.060 seconds
[2026-07-24T08:50:40.130+0000] {processor.py:186} INFO - Started process (PID=632) to work on /opt/airflow/dags/my_tasks.py
[2026-07-24T08:50:40.138+0000] {processor.py:914} INFO - Processing file /opt/airflow/dags/my_tasks.py for tasks to queue
[2026-07-24T08:50:40.140+0000] {logging_mixin.py:190} INFO - [2026-07-24T08:50:40.140+0000] {dagbag.py:588} INFO - Filling up the DagBag from /opt/airflow/dags/my_tasks.py
[2026-07-24T08:50:40.150+0000] {processor.py:925} INFO - DAG(s) 'my_dag' retrieved from /opt/airflow/dags/my_tasks.py
[2026-07-24T08:50:40.167+0000] {logging_mixin.py:190} INFO - [2026-07-24T08:50:40.167+0000] {dag.py:3239} INFO - Sync 1 DAGs
[2026-07-24T08:50:40.183+0000] {logging_mixin.py:190} INFO - [2026-07-24T08:50:40.183+0000] {dag.py:4180} INFO - Setting next_dagrun for my_dag to None, run_after=None
[2026-07-24T08:50:40.199+0000] {processor.py:208} INFO - Processing /opt/airflow/dags/my_tasks.py took 0.073 seconds
[2026-07-24T08:51:10.392+0000] {processor.py:186} INFO - Started process (PID=643) to work on /opt/airflow/dags/my_tasks.py
[2026-07-24T08:51:10.392+0000] {processor.py:914} INFO - Processing file /opt/airflow/dags/my_tasks.py for tasks to queue
[2026-07-24T08:51:10.394+0000] {logging_mixin.py:190} INFO - [2026-07-24T08:51:10.394+0000] {dagbag.py:588} INFO - Filling up the DagBag from /opt/airflow/dags/my_tasks.py
[2026-07-24T08:51:10.401+0000] {processor.py:925} INFO - DAG(s) 'my_dag' retrieved from /opt/airflow/dags/my_tasks.py
[2026-07-24T08:51:10.419+0000] {logging_mixin.py:190} INFO - [2026-07-24T08:51:10.418+0000] {dag.py:3239} INFO - Sync 1 DAGs
[2026-07-24T08:51:10.434+0000] {logging_mixin.py:190} INFO - [2026-07-24T08:51:10.434+0000] {dag.py:4180} INFO - Setting next_dagrun for my_dag to None, run_after=None
[2026-07-24T08:51:10.447+0000] {processor.py:208} INFO - Processing /opt/airflow/dags/my_tasks.py took 0.059 seconds
[2026-07-24T08:51:40.654+0000] {processor.py:186} INFO - Started process (PID=654) to work on /opt/airflow/dags/my_tasks.py
[2026-07-24T08:51:40.662+0000] {processor.py:914} INFO - Processing file /opt/airflow/dags/my_tasks.py for tasks to queue
[2026-07-24T08:51:40.664+0000] {logging_mixin.py:190} INFO - [2026-07-24T08:51:40.664+0000] {dagbag.py:588} INFO - Filling up the DagBag from /opt/airflow/dags/my_tasks.py
[2026-07-24T08:51:40.675+0000] {processor.py:925} INFO - DAG(s) 'my_dag' retrieved from /opt/airflow/dags/my_tasks.py
[2026-07-24T08:51:40.692+0000] {logging_mixin.py:190} INFO - [2026-07-24T08:51:40.692+0000] {dag.py:3239} INFO - Sync 1 DAGs
[2026-07-24T08:51:40.708+0000] {logging_mixin.py:190} INFO - [2026-07-24T08:51:40.708+0000] {dag.py:4180} INFO - Setting next_dagrun for my_dag to None, run_after=None
[2026-07-24T08:51:40.722+0000] {processor.py:208} INFO - Processing /opt/airflow/dags/my_tasks.py took 0.072 seconds
[2026-07-24T08:52:10.913+0000] {processor.py:186} INFO - Started process (PID=665) to work on /opt/airflow/dags/my_tasks.py
[2026-07-24T08:52:10.914+0000] {processor.py:914} INFO - Processing file /opt/airflow/dags/my_tasks.py for tasks to queue
[2026-07-24T08:52:10.915+0000] {logging_mixin.py:190} INFO - [2026-07-24T08:52:10.915+0000] {dagbag.py:588} INFO - Filling up the DagBag from /opt/airflow/dags/my_tasks.py
[2026-07-24T08:52:10.923+0000] {processor.py:925} INFO - DAG(s) 'my_dag' retrieved from /opt/airflow/dags/my_tasks.py
[2026-07-24T08:52:10.941+0000] {logging_mixin.py:190} INFO - [2026-07-24T08:52:10.941+0000] {dag.py:3239} INFO - Sync 1 DAGs
[2026-07-24T08:52:10.959+0000] {logging_mixin.py:190} INFO - [2026-07-24T08:52:10.958+0000] {dag.py:4180} INFO - Setting next_dagrun for my_dag to None, run_after=None
[2026-07-24T08:52:10.976+0000] {processor.py:208} INFO - Processing /opt/airflow/dags/my_tasks.py took 0.066 seconds
[2026-07-24T09:31:44.377+0000] {processor.py:186} INFO - Started process (PID=193) to work on /opt/airflow/dags/my_tasks.py
[2026-07-24T09:31:44.378+0000] {processor.py:914} INFO - Processing file /opt/airflow/dags/my_tasks.py for tasks to queue
[2026-07-24T09:31:44.380+0000] {logging_mixin.py:190} INFO - [2026-07-24T09:31:44.380+0000] {dagbag.py:588} INFO - Filling up the DagBag from /opt/airflow/dags/my_tasks.py
[2026-07-24T09:31:44.419+0000] {processor.py:925} INFO - DAG(s) 'my_dag' retrieved from /opt/airflow/dags/my_tasks.py
[2026-07-24T09:31:44.847+0000] {logging_mixin.py:190} INFO - [2026-07-24T09:31:44.846+0000] {override.py:1912} INFO - Created Permission View: can read on DAG:my_dag
[2026-07-24T09:31:44.861+0000] {logging_mixin.py:190} INFO - [2026-07-24T09:31:44.861+0000] {override.py:1912} INFO - Created Permission View: can delete on DAG:my_dag
[2026-07-24T09:31:44.869+0000] {logging_mixin.py:190} INFO - [2026-07-24T09:31:44.869+0000] {override.py:1912} INFO - Created Permission View: can edit on DAG:my_dag
[2026-07-24T09:31:44.888+0000] {logging_mixin.py:190} INFO - [2026-07-24T09:31:44.888+0000] {override.py:1912} INFO - Created Permission View: can read on DAG Run:my_dag
[2026-07-24T09:31:44.896+0000] {logging_mixin.py:190} INFO - [2026-07-24T09:31:44.896+0000] {override.py:1912} INFO - Created Permission View: menu access on DAG Run:my_dag
[2026-07-24T09:31:44.904+0000] {logging_mixin.py:190} INFO - [2026-07-24T09:31:44.904+0000] {override.py:1912} INFO - Created Permission View: can delete on DAG Run:my_dag
[2026-07-24T09:31:44.910+0000] {logging_mixin.py:190} INFO - [2026-07-24T09:31:44.910+0000] {override.py:1912} INFO - Created Permission View: can create on DAG Run:my_dag
[2026-07-24T09:31:44.910+0000] {logging_mixin.py:190} INFO - [2026-07-24T09:31:44.910+0000] {dag.py:3239} INFO - Sync 1 DAGs
[2026-07-24T09:31:44.920+0000] {logging_mixin.py:190} INFO - [2026-07-24T09:31:44.920+0000] {dag.py:3262} INFO - Creating ORM DAG for my_dag
[2026-07-24T09:31:44.927+0000] {logging_mixin.py:190} INFO - [2026-07-24T09:31:44.926+0000] {dag.py:4180} INFO - Setting next_dagrun for my_dag to 2026-03-02 00:00:00+00:00, run_after=2026-03-02 00:00:00+00:00
[2026-07-24T09:31:44.940+0000] {processor.py:208} INFO - Processing /opt/airflow/dags/my_tasks.py took 0.567 seconds
[2026-07-24T09:32:15.104+0000] {processor.py:186} INFO - Started process (PID=220) to work on /opt/airflow/dags/my_tasks.py
[2026-07-24T09:32:15.113+0000] {processor.py:914} INFO - Processing file /opt/airflow/dags/my_tasks.py for tasks to queue
[2026-07-24T09:32:15.116+0000] {logging_mixin.py:190} INFO - [2026-07-24T09:32:15.116+0000] {dagbag.py:588} INFO - Filling up the DagBag from /opt/airflow/dags/my_tasks.py
[2026-07-24T09:32:15.125+0000] {processor.py:925} INFO - DAG(s) 'my_dag' retrieved from /opt/airflow/dags/my_tasks.py
[2026-07-24T09:32:15.143+0000] {logging_mixin.py:190} INFO - [2026-07-24T09:32:15.143+0000] {dag.py:3239} INFO - Sync 1 DAGs
[2026-07-24T09:32:15.159+0000] {logging_mixin.py:190} INFO - [2026-07-24T09:32:15.159+0000] {dag.py:4180} INFO - Setting next_dagrun for my_dag to None, run_after=None
[2026-07-24T09:32:15.174+0000] {processor.py:208} INFO - Processing /opt/airflow/dags/my_tasks.py took 0.075 seconds
[2026-07-24T09:32:45.362+0000] {processor.py:186} INFO - Started process (PID=231) to work on /opt/airflow/dags/my_tasks.py
[2026-07-24T09:32:45.362+0000] {processor.py:914} INFO - Processing file /opt/airflow/dags/my_tasks.py for tasks to queue
[2026-07-24T09:32:45.363+0000] {logging_mixin.py:190} INFO - [2026-07-24T09:32:45.363+0000] {dagbag.py:588} INFO - Filling up the DagBag from /opt/airflow/dags/my_tasks.py
[2026-07-24T09:32:45.370+0000] {processor.py:925} INFO - DAG(s) 'my_dag' retrieved from /opt/airflow/dags/my_tasks.py
[2026-07-24T09:32:45.390+0000] {logging_mixin.py:190} INFO - [2026-07-24T09:32:45.390+0000] {dag.py:3239} INFO - Sync 1 DAGs
[2026-07-24T09:32:45.406+0000] {logging_mixin.py:190} INFO - [2026-07-24T09:32:45.406+0000] {dag.py:4180} INFO - Setting next_dagrun for my_dag to None, run_after=None
[2026-07-24T09:32:45.421+0000] {processor.py:208} INFO - Processing /opt/airflow/dags/my_tasks.py took 0.064 seconds
[2026-07-24T09:33:15.630+0000] {processor.py:186} INFO - Started process (PID=242) to work on /opt/airflow/dags/my_tasks.py
[2026-07-24T09:33:15.638+0000] {processor.py:914} INFO - Processing file /opt/airflow/dags/my_tasks.py for tasks to queue
[2026-07-24T09:33:15.640+0000] {logging_mixin.py:190} INFO - [2026-07-24T09:33:15.639+0000] {dagbag.py:588} INFO - Filling up the DagBag from /opt/airflow/dags/my_tasks.py
[2026-07-24T09:33:15.647+0000] {processor.py:925} INFO - DAG(s) 'my_dag' retrieved from /opt/airflow/dags/my_tasks.py
[2026-07-24T09:33:15.665+0000] {logging_mixin.py:190} INFO - [2026-07-24T09:33:15.665+0000] {dag.py:3239} INFO - Sync 1 DAGs
[2026-07-24T09:33:15.682+0000] {logging_mixin.py:190} INFO - [2026-07-24T09:33:15.682+0000] {dag.py:4180} INFO - Setting next_dagrun for my_dag to None, run_after=None
[2026-07-24T09:33:15.696+0000] {processor.py:208} INFO - Processing /opt/airflow/dags/my_tasks.py took 0.070 seconds
[2026-07-24T09:33:45.901+0000] {processor.py:186} INFO - Started process (PID=253) to work on /opt/airflow/dags/my_tasks.py
[2026-07-24T09:33:45.902+0000] {processor.py:914} INFO - Processing file /opt/airflow/dags/my_tasks.py for tasks to queue
[2026-07-24T09:33:45.903+0000] {logging_mixin.py:190} INFO - [2026-07-24T09:33:45.903+0000] {dagbag.py:588} INFO - Filling up the DagBag from /opt/airflow/dags/my_tasks.py
[2026-07-24T09:33:45.910+0000] {processor.py:925} INFO - DAG(s) 'my_dag' retrieved from /opt/airflow/dags/my_tasks.py
[2026-07-24T09:33:45.927+0000] {logging_mixin.py:190} INFO - [2026-07-24T09:33:45.927+0000] {dag.py:3239} INFO - Sync 1 DAGs
[2026-07-24T09:33:45.944+0000] {logging_mixin.py:190} INFO - [2026-07-24T09:33:45.944+0000] {dag.py:4180} INFO - Setting next_dagrun for my_dag to None, run_after=None
[2026-07-24T09:33:45.959+0000] {processor.py:208} INFO - Processing /opt/airflow/dags/my_tasks.py took 0.063 seconds
[2026-07-24T09:34:16.187+0000] {processor.py:186} INFO - Started process (PID=264) to work on /opt/airflow/dags/my_tasks.py
[2026-07-24T09:34:16.195+0000] {processor.py:914} INFO - Processing file /opt/airflow/dags/my_tasks.py for tasks to queue
[2026-07-24T09:34:16.197+0000] {logging_mixin.py:190} INFO - [2026-07-24T09:34:16.197+0000] {dagbag.py:588} INFO - Filling up the DagBag from /opt/airflow/dags/my_tasks.py
[2026-07-24T09:34:16.203+0000] {processor.py:925} INFO - DAG(s) 'my_dag' retrieved from /opt/airflow/dags/my_tasks.py
[2026-07-24T09:34:16.225+0000] {logging_mixin.py:190} INFO - [2026-07-24T09:34:16.225+0000] {dag.py:3239} INFO - Sync 1 DAGs
[2026-07-24T09:34:16.245+0000] {logging_mixin.py:190} INFO - [2026-07-24T09:34:16.244+0000] {dag.py:4180} INFO - Setting next_dagrun for my_dag to None, run_after=None
[2026-07-24T09:34:16.259+0000] {processor.py:208} INFO - Processing /opt/airflow/dags/my_tasks.py took 0.077 seconds
[2026-07-24T09:34:46.421+0000] {processor.py:186} INFO - Started process (PID=275) to work on /opt/airflow/dags/my_tasks.py
[2026-07-24T09:34:46.422+0000] {processor.py:914} INFO - Processing file /opt/airflow/dags/my_tasks.py for tasks to queue
[2026-07-24T09:34:46.423+0000] {logging_mixin.py:190} INFO - [2026-07-24T09:34:46.423+0000] {dagbag.py:588} INFO - Filling up the DagBag from /opt/airflow/dags/my_tasks.py
[2026-07-24T09:34:46.431+0000] {processor.py:925} INFO - DAG(s) 'my_dag' retrieved from /opt/airflow/dags/my_tasks.py
[2026-07-24T09:34:46.449+0000] {logging_mixin.py:190} INFO - [2026-07-24T09:34:46.449+0000] {dag.py:3239} INFO - Sync 1 DAGs
[2026-07-24T09:34:46.465+0000] {logging_mixin.py:190} INFO - [2026-07-24T09:34:46.465+0000] {dag.py:4180} INFO - Setting next_dagrun for my_dag to None, run_after=None
[2026-07-24T09:34:46.480+0000] {processor.py:208} INFO - Processing /opt/airflow/dags/my_tasks.py took 0.064 seconds
[2026-07-24T09:35:16.681+0000] {processor.py:186} INFO - Started process (PID=286) to work on /opt/airflow/dags/my_tasks.py
[2026-07-24T09:35:16.689+0000] {processor.py:914} INFO - Processing file /opt/airflow/dags/my_tasks.py for tasks to queue
[2026-07-24T09:35:16.691+0000] {logging_mixin.py:190} INFO - [2026-07-24T09:35:16.691+0000] {dagbag.py:588} INFO - Filling up the DagBag from /opt/airflow/dags/my_tasks.py
[2026-07-24T09:35:16.701+0000] {processor.py:925} INFO - DAG(s) 'my_dag' retrieved from /opt/airflow/dags/my_tasks.py
[2026-07-24T09:35:16.723+0000] {logging_mixin.py:190} INFO - [2026-07-24T09:35:16.723+0000] {dag.py:3239} INFO - Sync 1 DAGs
[2026-07-24T09:35:16.743+0000] {logging_mixin.py:190} INFO - [2026-07-24T09:35:16.742+0000] {dag.py:4180} INFO - Setting next_dagrun for my_dag to None, run_after=None
[2026-07-24T09:35:16.760+0000] {processor.py:208} INFO - Processing /opt/airflow/dags/my_tasks.py took 0.085 seconds
[2026-07-24T09:35:46.912+0000] {processor.py:186} INFO - Started process (PID=297) to work on /opt/airflow/dags/my_tasks.py
[2026-07-24T09:35:46.912+0000] {processor.py:914} INFO - Processing file /opt/airflow/dags/my_tasks.py for tasks to queue
[2026-07-24T09:35:46.914+0000] {logging_mixin.py:190} INFO - [2026-07-24T09:35:46.913+0000] {dagbag.py:588} INFO - Filling up the DagBag from /opt/airflow/dags/my_tasks.py
[2026-07-24T09:35:46.921+0000] {processor.py:925} INFO - DAG(s) 'my_dag' retrieved from /opt/airflow/dags/my_tasks.py
[2026-07-24T09:35:46.940+0000] {logging_mixin.py:190} INFO - [2026-07-24T09:35:46.940+0000] {dag.py:3239} INFO - Sync 1 DAGs
[2026-07-24T09:35:46.957+0000] {logging_mixin.py:190} INFO - [2026-07-24T09:35:46.957+0000] {dag.py:4180} INFO - Setting next_dagrun for my_dag to None, run_after=None
[2026-07-24T09:35:46.970+0000] {processor.py:208} INFO - Processing /opt/airflow/dags/my_tasks.py took 0.063 seconds
[2026-07-24T09:36:17.158+0000] {processor.py:186} INFO - Started process (PID=308) to work on /opt/airflow/dags/my_tasks.py
[2026-07-24T09:36:17.158+0000] {processor.py:914} INFO - Processing file /opt/airflow/dags/my_tasks.py for tasks to queue
[2026-07-24T09:36:17.160+0000] {logging_mixin.py:190} INFO - [2026-07-24T09:36:17.159+0000] {dagbag.py:588} INFO - Filling up the DagBag from /opt/airflow/dags/my_tasks.py
[2026-07-24T09:36:17.166+0000] {processor.py:925} INFO - DAG(s) 'my_dag' retrieved from /opt/airflow/dags/my_tasks.py
[2026-07-24T09:36:17.184+0000] {logging_mixin.py:190} INFO - [2026-07-24T09:36:17.184+0000] {dag.py:3239} INFO - Sync 1 DAGs
[2026-07-24T09:36:17.200+0000] {logging_mixin.py:190} INFO - [2026-07-24T09:36:17.200+0000] {dag.py:4180} INFO - Setting next_dagrun for my_dag to None, run_after=None
[2026-07-24T09:36:17.215+0000] {processor.py:208} INFO - Processing /opt/airflow/dags/my_tasks.py took 0.061 seconds
[2026-07-24T09:36:47.415+0000] {processor.py:186} INFO - Started process (PID=319) to work on /opt/airflow/dags/my_tasks.py
[2026-07-24T09:36:47.417+0000] {processor.py:914} INFO - Processing file /opt/airflow/dags/my_tasks.py for tasks to queue
[2026-07-24T09:36:47.419+0000] {logging_mixin.py:190} INFO - [2026-07-24T09:36:47.419+0000] {dagbag.py:588} INFO - Filling up the DagBag from /opt/airflow/dags/my_tasks.py
[2026-07-24T09:36:47.426+0000] {processor.py:925} INFO - DAG(s) 'my_dag' retrieved from /opt/airflow/dags/my_tasks.py
[2026-07-24T09:36:47.446+0000] {logging_mixin.py:190} INFO - [2026-07-24T09:36:47.446+0000] {dag.py:3239} INFO - Sync 1 DAGs
[2026-07-24T09:36:47.463+0000] {logging_mixin.py:190} INFO - [2026-07-24T09:36:47.463+0000] {dag.py:4180} INFO - Setting next_dagrun for my_dag to None, run_after=None
[2026-07-24T09:36:47.478+0000] {processor.py:208} INFO - Processing /opt/airflow/dags/my_tasks.py took 0.067 seconds
[2026-07-24T09:37:17.698+0000] {processor.py:186} INFO - Started process (PID=330) to work on /opt/airflow/dags/my_tasks.py
[2026-07-24T09:37:17.706+0000] {processor.py:914} INFO - Processing file /opt/airflow/dags/my_tasks.py for tasks to queue
[2026-07-24T09:37:17.709+0000] {logging_mixin.py:190} INFO - [2026-07-24T09:37:17.708+0000] {dagbag.py:588} INFO - Filling up the DagBag from /opt/airflow/dags/my_tasks.py
[2026-07-24T09:37:17.719+0000] {processor.py:925} INFO - DAG(s) 'my_dag' retrieved from /opt/airflow/dags/my_tasks.py
[2026-07-24T09:37:17.737+0000] {logging_mixin.py:190} INFO - [2026-07-24T09:37:17.736+0000] {dag.py:3239} INFO - Sync 1 DAGs
[2026-07-24T09:37:17.753+0000] {logging_mixin.py:190} INFO - [2026-07-24T09:37:17.753+0000] {dag.py:4180} INFO - Setting next_dagrun for my_dag to None, run_after=None
[2026-07-24T09:37:17.768+0000] {processor.py:208} INFO - Processing /opt/airflow/dags/my_tasks.py took 0.073 seconds
[2026-07-24T09:37:47.984+0000] {processor.py:186} INFO - Started process (PID=341) to work on /opt/airflow/dags/my_tasks.py
[2026-07-24T09:37:47.985+0000] {processor.py:914} INFO - Processing file /opt/airflow/dags/my_tasks.py for tasks to queue
[2026-07-24T09:37:47.986+0000] {logging_mixin.py:190} INFO - [2026-07-24T09:37:47.986+0000] {dagbag.py:588} INFO - Filling up the DagBag from /opt/airflow/dags/my_tasks.py
[2026-07-24T09:37:47.992+0000] {processor.py:925} INFO - DAG(s) 'my_dag' retrieved from /opt/airflow/dags/my_tasks.py
[2026-07-24T09:37:48.009+0000] {logging_mixin.py:190} INFO - [2026-07-24T09:37:48.009+0000] {dag.py:3239} INFO - Sync 1 DAGs
[2026-07-24T09:37:48.025+0000] {logging_mixin.py:190} INFO - [2026-07-24T09:37:48.025+0000] {dag.py:4180} INFO - Setting next_dagrun for my_dag to None, run_after=None
[2026-07-24T09:37:48.039+0000] {processor.py:208} INFO - Processing /opt/airflow/dags/my_tasks.py took 0.059 seconds
[2026-07-24T09:38:18.243+0000] {processor.py:186} INFO - Started process (PID=352) to work on /opt/airflow/dags/my_tasks.py
[2026-07-24T09:38:18.251+0000] {processor.py:914} INFO - Processing file /opt/airflow/dags/my_tasks.py for tasks to queue
[2026-07-24T09:38:18.254+0000] {logging_mixin.py:190} INFO - [2026-07-24T09:38:18.253+0000] {dagbag.py:588} INFO - Filling up the DagBag from /opt/airflow/dags/my_tasks.py
[2026-07-24T09:38:18.264+0000] {processor.py:925} INFO - DAG(s) 'my_dag' retrieved from /opt/airflow/dags/my_tasks.py
[2026-07-24T09:38:18.282+0000] {logging_mixin.py:190} INFO - [2026-07-24T09:38:18.282+0000] {dag.py:3239} INFO - Sync 1 DAGs
[2026-07-24T09:38:18.299+0000] {logging_mixin.py:190} INFO - [2026-07-24T09:38:18.299+0000] {dag.py:4180} INFO - Setting next_dagrun for my_dag to None, run_after=None
[2026-07-24T09:38:18.313+0000] {processor.py:208} INFO - Processing /opt/airflow/dags/my_tasks.py took 0.074 seconds
[2026-07-24T09:38:48.507+0000] {processor.py:186} INFO - Started process (PID=363) to work on /opt/airflow/dags/my_tasks.py
[2026-07-24T09:38:48.507+0000] {processor.py:914} INFO - Processing file /opt/airflow/dags/my_tasks.py for tasks to queue
[2026-07-24T09:38:48.509+0000] {logging_mixin.py:190} INFO - [2026-07-24T09:38:48.509+0000] {dagbag.py:588} INFO - Filling up the DagBag from /opt/airflow/dags/my_tasks.py
[2026-07-24T09:38:48.515+0000] {processor.py:925} INFO - DAG(s) 'my_dag' retrieved from /opt/airflow/dags/my_tasks.py
[2026-07-24T09:38:48.533+0000] {logging_mixin.py:190} INFO - [2026-07-24T09:38:48.533+0000] {dag.py:3239} INFO - Sync 1 DAGs
[2026-07-24T09:38:48.548+0000] {logging_mixin.py:190} INFO - [2026-07-24T09:38:48.548+0000] {dag.py:4180} INFO - Setting next_dagrun for my_dag to None, run_after=None
[2026-07-24T09:38:48.563+0000] {processor.py:208} INFO - Processing /opt/airflow/dags/my_tasks.py took 0.061 seconds
[2026-07-24T09:39:18.776+0000] {processor.py:186} INFO - Started process (PID=374) to work on /opt/airflow/dags/my_tasks.py
[2026-07-24T09:39:18.784+0000] {processor.py:914} INFO - Processing file /opt/airflow/dags/my_tasks.py for tasks to queue
[2026-07-24T09:39:18.786+0000] {logging_mixin.py:190} INFO - [2026-07-24T09:39:18.785+0000] {dagbag.py:588} INFO - Filling up the DagBag from /opt/airflow/dags/my_tasks.py
[2026-07-24T09:39:18.793+0000] {processor.py:925} INFO - DAG(s) 'my_dag' retrieved from /opt/airflow/dags/my_tasks.py
[2026-07-24T09:39:18.811+0000] {logging_mixin.py:190} INFO - [2026-07-24T09:39:18.811+0000] {dag.py:3239} INFO - Sync 1 DAGs
[2026-07-24T09:39:18.827+0000] {logging_mixin.py:190} INFO - [2026-07-24T09:39:18.827+0000] {dag.py:4180} INFO - Setting next_dagrun for my_dag to None, run_after=None
[2026-07-24T09:39:18.842+0000] {processor.py:208} INFO - Processing /opt/airflow/dags/my_tasks.py took 0.069 seconds
[2026-07-24T09:39:49.050+0000] {processor.py:186} INFO - Started process (PID=385) to work on /opt/airflow/dags/my_tasks.py
[2026-07-24T09:39:49.051+0000] {processor.py:914} INFO - Processing file /opt/airflow/dags/my_tasks.py for tasks to queue
[2026-07-24T09:39:49.052+0000] {logging_mixin.py:190} INFO - [2026-07-24T09:39:49.052+0000] {dagbag.py:588} INFO - Filling up the DagBag from /opt/airflow/dags/my_tasks.py
[2026-07-24T09:39:49.059+0000] {processor.py:925} INFO - DAG(s) 'my_dag' retrieved from /opt/airflow/dags/my_tasks.py
[2026-07-24T09:39:49.078+0000] {logging_mixin.py:190} INFO - [2026-07-24T09:39:49.077+0000] {dag.py:3239} INFO - Sync 1 DAGs
[2026-07-24T09:39:49.094+0000] {logging_mixin.py:190} INFO - [2026-07-24T09:39:49.093+0000] {dag.py:4180} INFO - Setting next_dagrun for my_dag to None, run_after=None
[2026-07-24T09:39:49.107+0000] {processor.py:208} INFO - Processing /opt/airflow/dags/my_tasks.py took 0.061 seconds
[2026-07-24T09:40:19.312+0000] {processor.py:186} INFO - Started process (PID=402) to work on /opt/airflow/dags/my_tasks.py
[2026-07-24T09:40:19.320+0000] {processor.py:914} INFO - Processing file /opt/airflow/dags/my_tasks.py for tasks to queue
[2026-07-24T09:40:19.322+0000] {logging_mixin.py:190} INFO - [2026-07-24T09:40:19.322+0000] {dagbag.py:588} INFO - Filling up the DagBag from /opt/airflow/dags/my_tasks.py
[2026-07-24T09:40:19.334+0000] {processor.py:925} INFO - DAG(s) 'my_dag' retrieved from /opt/airflow/dags/my_tasks.py
[2026-07-24T09:40:19.353+0000] {logging_mixin.py:190} INFO - [2026-07-24T09:40:19.353+0000] {dag.py:3239} INFO - Sync 1 DAGs
[2026-07-24T09:40:19.370+0000] {logging_mixin.py:190} INFO - [2026-07-24T09:40:19.370+0000] {dag.py:4180} INFO - Setting next_dagrun for my_dag to None, run_after=None
[2026-07-24T09:40:19.384+0000] {processor.py:208} INFO - Processing /opt/airflow/dags/my_tasks.py took 0.076 seconds
[2026-07-24T09:40:49.578+0000] {processor.py:186} INFO - Started process (PID=413) to work on /opt/airflow/dags/my_tasks.py
[2026-07-24T09:40:49.578+0000] {processor.py:914} INFO - Processing file /opt/airflow/dags/my_tasks.py for tasks to queue
[2026-07-24T09:40:49.579+0000] {logging_mixin.py:190} INFO - [2026-07-24T09:40:49.579+0000] {dagbag.py:588} INFO - Filling up the DagBag from /opt/airflow/dags/my_tasks.py
[2026-07-24T09:40:49.586+0000] {processor.py:925} INFO - DAG(s) 'my_dag' retrieved from /opt/airflow/dags/my_tasks.py
[2026-07-24T09:40:49.603+0000] {logging_mixin.py:190} INFO - [2026-07-24T09:40:49.603+0000] {dag.py:3239} INFO - Sync 1 DAGs
[2026-07-24T09:40:49.618+0000] {logging_mixin.py:190} INFO - [2026-07-24T09:40:49.618+0000] {dag.py:4180} INFO - Setting next_dagrun for my_dag to None, run_after=None
[2026-07-24T09:40:49.632+0000] {processor.py:208} INFO - Processing /opt/airflow/dags/my_tasks.py took 0.059 seconds
[2026-07-24T09:41:19.824+0000] {processor.py:186} INFO - Started process (PID=424) to work on /opt/airflow/dags/my_tasks.py
[2026-07-24T09:41:19.825+0000] {processor.py:914} INFO - Processing file /opt/airflow/dags/my_tasks.py for tasks to queue
[2026-07-24T09:41:19.826+0000] {logging_mixin.py:190} INFO - [2026-07-24T09:41:19.826+0000] {dagbag.py:588} INFO - Filling up the DagBag from /opt/airflow/dags/my_tasks.py
[2026-07-24T09:41:19.833+0000] {processor.py:925} INFO - DAG(s) 'my_dag' retrieved from /opt/airflow/dags/my_tasks.py
[2026-07-24T09:41:19.851+0000] {logging_mixin.py:190} INFO - [2026-07-24T09:41:19.851+0000] {dag.py:3239} INFO - Sync 1 DAGs
[2026-07-24T09:41:19.867+0000] {logging_mixin.py:190} INFO - [2026-07-24T09:41:19.867+0000] {dag.py:4180} INFO - Setting next_dagrun for my_dag to None, run_after=None
[2026-07-24T09:41:19.882+0000] {processor.py:208} INFO - Processing /opt/airflow/dags/my_tasks.py took 0.063 seconds
[2026-07-24T09:41:50.020+0000] {processor.py:186} INFO - Started process (PID=435) to work on /opt/airflow/dags/my_tasks.py
[2026-07-24T09:41:50.020+0000] {processor.py:914} INFO - Processing file /opt/airflow/dags/my_tasks.py for tasks to queue
[2026-07-24T09:41:50.022+0000] {logging_mixin.py:190} INFO - [2026-07-24T09:41:50.021+0000] {dagbag.py:588} INFO - Filling up the DagBag from /opt/airflow/dags/my_tasks.py
[2026-07-24T09:41:50.029+0000] {processor.py:925} INFO - DAG(s) 'my_dag' retrieved from /opt/airflow/dags/my_tasks.py
[2026-07-24T09:41:50.048+0000] {logging_mixin.py:190} INFO - [2026-07-24T09:41:50.047+0000] {dag.py:3239} INFO - Sync 1 DAGs
[2026-07-24T09:41:50.065+0000] {logging_mixin.py:190} INFO - [2026-07-24T09:41:50.065+0000] {dag.py:4180} INFO - Setting next_dagrun for my_dag to None, run_after=None
[2026-07-24T09:41:50.080+0000] {processor.py:208} INFO - Processing /opt/airflow/dags/my_tasks.py took 0.066 seconds
[2026-07-24T09:42:20.258+0000] {processor.py:186} INFO - Started process (PID=446) to work on /opt/airflow/dags/my_tasks.py
[2026-07-24T09:42:20.266+0000] {processor.py:914} INFO - Processing file /opt/airflow/dags/my_tasks.py for tasks to queue
[2026-07-24T09:42:20.270+0000] {logging_mixin.py:190} INFO - [2026-07-24T09:42:20.269+0000] {dagbag.py:588} INFO - Filling up the DagBag from /opt/airflow/dags/my_tasks.py
[2026-07-24T09:42:20.278+0000] {processor.py:925} INFO - DAG(s) 'my_dag' retrieved from /opt/airflow/dags/my_tasks.py
[2026-07-24T09:42:20.297+0000] {logging_mixin.py:190} INFO - [2026-07-24T09:42:20.297+0000] {dag.py:3239} INFO - Sync 1 DAGs
[2026-07-24T09:42:20.313+0000] {logging_mixin.py:190} INFO - [2026-07-24T09:42:20.313+0000] {dag.py:4180} INFO - Setting next_dagrun for my_dag to None, run_after=None
[2026-07-24T09:42:20.328+0000] {processor.py:208} INFO - Processing /opt/airflow/dags/my_tasks.py took 0.074 seconds
[2026-07-24T09:42:50.479+0000] {processor.py:186} INFO - Started process (PID=457) to work on /opt/airflow/dags/my_tasks.py
[2026-07-24T09:42:50.480+0000] {processor.py:914} INFO - Processing file /opt/airflow/dags/my_tasks.py for tasks to queue
[2026-07-24T09:42:50.482+0000] {logging_mixin.py:190} INFO - [2026-07-24T09:42:50.482+0000] {dagbag.py:588} INFO - Filling up the DagBag from /opt/airflow/dags/my_tasks.py
[2026-07-24T09:42:50.488+0000] {processor.py:925} INFO - DAG(s) 'my_dag' retrieved from /opt/airflow/dags/my_tasks.py
[2026-07-24T09:42:50.507+0000] {logging_mixin.py:190} INFO - [2026-07-24T09:42:50.507+0000] {dag.py:3239} INFO - Sync 1 DAGs
[2026-07-24T09:42:50.523+0000] {logging_mixin.py:190} INFO - [2026-07-24T09:42:50.523+0000] {dag.py:4180} INFO - Setting next_dagrun for my_dag to None, run_after=None
[2026-07-24T09:42:50.539+0000] {processor.py:208} INFO - Processing /opt/airflow/dags/my_tasks.py took 0.064 seconds
[2026-07-24T09:43:20.742+0000] {processor.py:186} INFO - Started process (PID=468) to work on /opt/airflow/dags/my_tasks.py
[2026-07-24T09:43:20.750+0000] {processor.py:914} INFO - Processing file /opt/airflow/dags/my_tasks.py for tasks to queue
[2026-07-24T09:43:20.752+0000] {logging_mixin.py:190} INFO - [2026-07-24T09:43:20.752+0000] {dagbag.py:588} INFO - Filling up the DagBag from /opt/airflow/dags/my_tasks.py
[2026-07-24T09:43:20.761+0000] {processor.py:925} INFO - DAG(s) 'my_dag' retrieved from /opt/airflow/dags/my_tasks.py
[2026-07-24T09:43:20.779+0000] {logging_mixin.py:190} INFO - [2026-07-24T09:43:20.779+0000] {dag.py:3239} INFO - Sync 1 DAGs
[2026-07-24T09:43:20.796+0000] {logging_mixin.py:190} INFO - [2026-07-24T09:43:20.795+0000] {dag.py:4180} INFO - Setting next_dagrun for my_dag to None, run_after=None
[2026-07-24T09:43:20.809+0000] {processor.py:208} INFO - Processing /opt/airflow/dags/my_tasks.py took 0.071 seconds
[2026-07-24T09:43:50.977+0000] {processor.py:186} INFO - Started process (PID=479) to work on /opt/airflow/dags/my_tasks.py
[2026-07-24T09:43:50.978+0000] {processor.py:914} INFO - Processing file /opt/airflow/dags/my_tasks.py for tasks to queue
[2026-07-24T09:43:50.979+0000] {logging_mixin.py:190} INFO - [2026-07-24T09:43:50.979+0000] {dagbag.py:588} INFO - Filling up the DagBag from /opt/airflow/dags/my_tasks.py
[2026-07-24T09:43:50.990+0000] {processor.py:925} INFO - DAG(s) 'my_dag' retrieved from /opt/airflow/dags/my_tasks.py
[2026-07-24T09:43:51.012+0000] {logging_mixin.py:190} INFO - [2026-07-24T09:43:51.012+0000] {dag.py:3239} INFO - Sync 1 DAGs
[2026-07-24T09:43:51.032+0000] {logging_mixin.py:190} INFO - [2026-07-24T09:43:51.031+0000] {dag.py:4180} INFO - Setting next_dagrun for my_dag to None, run_after=None
[2026-07-24T09:43:51.058+0000] {processor.py:208} INFO - Processing /opt/airflow/dags/my_tasks.py took 0.085 seconds
[2026-07-24T09:44:21.208+0000] {processor.py:186} INFO - Started process (PID=490) to work on /opt/airflow/dags/my_tasks.py
[2026-07-24T09:44:21.216+0000] {processor.py:914} INFO - Processing file /opt/airflow/dags/my_tasks.py for tasks to queue
[2026-07-24T09:44:21.220+0000] {logging_mixin.py:190} INFO - [2026-07-24T09:44:21.220+0000] {dagbag.py:588} INFO - Filling up the DagBag from /opt/airflow/dags/my_tasks.py
[2026-07-24T09:44:21.230+0000] {processor.py:925} INFO - DAG(s) 'my_dag' retrieved from /opt/airflow/dags/my_tasks.py
[2026-07-24T09:44:21.248+0000] {logging_mixin.py:190} INFO - [2026-07-24T09:44:21.248+0000] {dag.py:3239} INFO - Sync 1 DAGs
[2026-07-24T09:44:21.264+0000] {logging_mixin.py:190} INFO - [2026-07-24T09:44:21.264+0000] {dag.py:4180} INFO - Setting next_dagrun for my_dag to None, run_after=None
[2026-07-24T09:44:21.278+0000] {processor.py:208} INFO - Processing /opt/airflow/dags/my_tasks.py took 0.074 seconds
[2026-07-24T09:44:51.469+0000] {processor.py:186} INFO - Started process (PID=501) to work on /opt/airflow/dags/my_tasks.py
[2026-07-24T09:44:51.470+0000] {processor.py:914} INFO - Processing file /opt/airflow/dags/my_tasks.py for tasks to queue
[2026-07-24T09:44:51.471+0000] {logging_mixin.py:190} INFO - [2026-07-24T09:44:51.471+0000] {dagbag.py:588} INFO - Filling up the DagBag from /opt/airflow/dags/my_tasks.py
[2026-07-24T09:44:51.478+0000] {processor.py:925} INFO - DAG(s) 'my_dag' retrieved from /opt/airflow/dags/my_tasks.py
[2026-07-24T09:44:51.496+0000] {logging_mixin.py:190} INFO - [2026-07-24T09:44:51.496+0000] {dag.py:3239} INFO - Sync 1 DAGs
[2026-07-24T09:44:51.513+0000] {logging_mixin.py:190} INFO - [2026-07-24T09:44:51.512+0000] {dag.py:4180} INFO - Setting next_dagrun for my_dag to None, run_after=None
[2026-07-24T09:44:51.527+0000] {processor.py:208} INFO - Processing /opt/airflow/dags/my_tasks.py took 0.062 seconds
[2026-07-24T09:45:21.727+0000] {processor.py:186} INFO - Started process (PID=512) to work on /opt/airflow/dags/my_tasks.py
[2026-07-24T09:45:21.735+0000] {processor.py:914} INFO - Processing file /opt/airflow/dags/my_tasks.py for tasks to queue
[2026-07-24T09:45:21.736+0000] {logging_mixin.py:190} INFO - [2026-07-24T09:45:21.736+0000] {dagbag.py:588} INFO - Filling up the DagBag from /opt/airflow/dags/my_tasks.py
[2026-07-24T09:45:21.743+0000] {processor.py:925} INFO - DAG(s) 'my_dag' retrieved from /opt/airflow/dags/my_tasks.py
[2026-07-24T09:45:21.761+0000] {logging_mixin.py:190} INFO - [2026-07-24T09:45:21.761+0000] {dag.py:3239} INFO - Sync 1 DAGs
[2026-07-24T09:45:21.777+0000] {logging_mixin.py:190} INFO - [2026-07-24T09:45:21.777+0000] {dag.py:4180} INFO - Setting next_dagrun for my_dag to None, run_after=None
[2026-07-24T09:45:21.791+0000] {processor.py:208} INFO - Processing /opt/airflow/dags/my_tasks.py took 0.069 seconds
[2026-07-24T09:45:51.966+0000] {processor.py:186} INFO - Started process (PID=523) to work on /opt/airflow/dags/my_tasks.py
[2026-07-24T09:45:51.969+0000] {processor.py:914} INFO - Processing file /opt/airflow/dags/my_tasks.py for tasks to queue
[2026-07-24T09:45:51.971+0000] {logging_mixin.py:190} INFO - [2026-07-24T09:45:51.971+0000] {dagbag.py:588} INFO - Filling up the DagBag from /opt/airflow/dags/my_tasks.py
[2026-07-24T09:45:51.978+0000] {processor.py:925} INFO - DAG(s) 'my_dag' retrieved from /opt/airflow/dags/my_tasks.py
[2026-07-24T09:45:51.997+0000] {logging_mixin.py:190} INFO - [2026-07-24T09:45:51.997+0000] {dag.py:3239} INFO - Sync 1 DAGs
[2026-07-24T09:45:52.015+0000] {logging_mixin.py:190} INFO - [2026-07-24T09:45:52.014+0000] {dag.py:4180} INFO - Setting next_dagrun for my_dag to None, run_after=None
[2026-07-24T09:45:52.032+0000] {processor.py:208} INFO - Processing /opt/airflow/dags/my_tasks.py took 0.071 seconds
[2026-07-24T09:46:22.194+0000] {processor.py:186} INFO - Started process (PID=534) to work on /opt/airflow/dags/my_tasks.py
[2026-07-24T09:46:22.202+0000] {processor.py:914} INFO - Processing file /opt/airflow/dags/my_tasks.py for tasks to queue
[2026-07-24T09:46:22.203+0000] {logging_mixin.py:190} INFO - [2026-07-24T09:46:22.203+0000] {dagbag.py:588} INFO - Filling up the DagBag from /opt/airflow/dags/my_tasks.py
[2026-07-24T09:46:22.211+0000] {processor.py:925} INFO - DAG(s) 'my_dag' retrieved from /opt/airflow/dags/my_tasks.py
[2026-07-24T09:46:22.229+0000] {logging_mixin.py:190} INFO - [2026-07-24T09:46:22.229+0000] {dag.py:3239} INFO - Sync 1 DAGs
[2026-07-24T09:46:22.246+0000] {logging_mixin.py:190} INFO - [2026-07-24T09:46:22.246+0000] {dag.py:4180} INFO - Setting next_dagrun for my_dag to None, run_after=None
[2026-07-24T09:46:22.262+0000] {processor.py:208} INFO - Processing /opt/airflow/dags/my_tasks.py took 0.072 seconds
[2026-07-24T09:46:52.462+0000] {processor.py:186} INFO - Started process (PID=545) to work on /opt/airflow/dags/my_tasks.py
[2026-07-24T09:46:52.463+0000] {processor.py:914} INFO - Processing file /opt/airflow/dags/my_tasks.py for tasks to queue
[2026-07-24T09:46:52.464+0000] {logging_mixin.py:190} INFO - [2026-07-24T09:46:52.464+0000] {dagbag.py:588} INFO - Filling up the DagBag from /opt/airflow/dags/my_tasks.py
[2026-07-24T09:46:52.472+0000] {processor.py:925} INFO - DAG(s) 'my_dag' retrieved from /opt/airflow/dags/my_tasks.py
[2026-07-24T09:46:52.493+0000] {logging_mixin.py:190} INFO - [2026-07-24T09:46:52.493+0000] {dag.py:3239} INFO - Sync 1 DAGs
[2026-07-24T09:46:52.512+0000] {logging_mixin.py:190} INFO - [2026-07-24T09:46:52.512+0000] {dag.py:4180} INFO - Setting next_dagrun for my_dag to None, run_after=None
[2026-07-24T09:46:52.528+0000] {processor.py:208} INFO - Processing /opt/airflow/dags/my_tasks.py took 0.070 seconds
[2026-07-24T09:47:22.709+0000] {processor.py:186} INFO - Started process (PID=556) to work on /opt/airflow/dags/my_tasks.py
[2026-07-24T09:47:22.717+0000] {processor.py:914} INFO - Processing file /opt/airflow/dags/my_tasks.py for tasks to queue
[2026-07-24T09:47:22.720+0000] {logging_mixin.py:190} INFO - [2026-07-24T09:47:22.719+0000] {dagbag.py:588} INFO - Filling up the DagBag from /opt/airflow/dags/my_tasks.py
[2026-07-24T09:47:22.728+0000] {processor.py:925} INFO - DAG(s) 'my_dag' retrieved from /opt/airflow/dags/my_tasks.py
[2026-07-24T09:47:22.748+0000] {logging_mixin.py:190} INFO - [2026-07-24T09:47:22.748+0000] {dag.py:3239} INFO - Sync 1 DAGs
[2026-07-24T09:47:22.765+0000] {logging_mixin.py:190} INFO - [2026-07-24T09:47:22.765+0000] {dag.py:4180} INFO - Setting next_dagrun for my_dag to None, run_after=None
[2026-07-24T09:47:22.780+0000] {processor.py:208} INFO - Processing /opt/airflow/dags/my_tasks.py took 0.077 seconds
[2026-07-24T09:47:52.975+0000] {processor.py:186} INFO - Started process (PID=567) to work on /opt/airflow/dags/my_tasks.py
[2026-07-24T09:47:52.976+0000] {processor.py:914} INFO - Processing file /opt/airflow/dags/my_tasks.py for tasks to queue
[2026-07-24T09:47:52.978+0000] {logging_mixin.py:190} INFO - [2026-07-24T09:47:52.977+0000] {dagbag.py:588} INFO - Filling up the DagBag from /opt/airflow/dags/my_tasks.py
[2026-07-24T09:47:52.985+0000] {processor.py:925} INFO - DAG(s) 'my_dag' retrieved from /opt/airflow/dags/my_tasks.py
[2026-07-24T09:47:53.004+0000] {logging_mixin.py:190} INFO - [2026-07-24T09:47:53.003+0000] {dag.py:3239} INFO - Sync 1 DAGs
[2026-07-24T09:47:53.022+0000] {logging_mixin.py:190} INFO - [2026-07-24T09:47:53.022+0000] {dag.py:4180} INFO - Setting next_dagrun for my_dag to None, run_after=None
[2026-07-24T09:47:53.039+0000] {processor.py:208} INFO - Processing /opt/airflow/dags/my_tasks.py took 0.070 seconds
[2026-07-24T09:48:23.256+0000] {processor.py:186} INFO - Started process (PID=578) to work on /opt/airflow/dags/my_tasks.py
[2026-07-24T09:48:23.264+0000] {processor.py:914} INFO - Processing file /opt/airflow/dags/my_tasks.py for tasks to queue
[2026-07-24T09:48:23.266+0000] {logging_mixin.py:190} INFO - [2026-07-24T09:48:23.266+0000] {dagbag.py:588} INFO - Filling up the DagBag from /opt/airflow/dags/my_tasks.py
[2026-07-24T09:48:23.273+0000] {processor.py:925} INFO - DAG(s) 'my_dag' retrieved from /opt/airflow/dags/my_tasks.py
[2026-07-24T09:48:23.294+0000] {logging_mixin.py:190} INFO - [2026-07-24T09:48:23.293+0000] {dag.py:3239} INFO - Sync 1 DAGs
[2026-07-24T09:48:23.313+0000] {logging_mixin.py:190} INFO - [2026-07-24T09:48:23.312+0000] {dag.py:4180} INFO - Setting next_dagrun for my_dag to None, run_after=None
[2026-07-24T09:48:23.331+0000] {processor.py:208} INFO - Processing /opt/airflow/dags/my_tasks.py took 0.079 seconds
[2026-07-24T10:14:20.623+0000] {processor.py:186} INFO - Started process (PID=192) to work on /opt/airflow/dags/my_tasks.py
[2026-07-24T10:14:20.626+0000] {processor.py:914} INFO - Processing file /opt/airflow/dags/my_tasks.py for tasks to queue
[2026-07-24T10:14:20.627+0000] {logging_mixin.py:190} INFO - [2026-07-24T10:14:20.627+0000] {dagbag.py:588} INFO - Filling up the DagBag from /opt/airflow/dags/my_tasks.py
[2026-07-24T10:14:20.663+0000] {processor.py:925} INFO - DAG(s) 'my_dag' retrieved from /opt/airflow/dags/my_tasks.py
[2026-07-24T10:14:20.973+0000] {logging_mixin.py:190} INFO - [2026-07-24T10:14:20.972+0000] {override.py:1912} INFO - Created Permission View: can edit on DAG:my_dag
[2026-07-24T10:14:20.986+0000] {logging_mixin.py:190} INFO - [2026-07-24T10:14:20.986+0000] {override.py:1912} INFO - Created Permission View: can delete on DAG:my_dag
[2026-07-24T10:14:20.994+0000] {logging_mixin.py:190} INFO - [2026-07-24T10:14:20.993+0000] {override.py:1912} INFO - Created Permission View: can read on DAG:my_dag
[2026-07-24T10:14:21.004+0000] {logging_mixin.py:190} INFO - [2026-07-24T10:14:21.003+0000] {override.py:1912} INFO - Created Permission View: menu access on DAG Run:my_dag
[2026-07-24T10:14:21.017+0000] {logging_mixin.py:190} INFO - [2026-07-24T10:14:21.017+0000] {override.py:1912} INFO - Created Permission View: can create on DAG Run:my_dag
[2026-07-24T10:14:21.024+0000] {logging_mixin.py:190} INFO - [2026-07-24T10:14:21.024+0000] {override.py:1912} INFO - Created Permission View: can delete on DAG Run:my_dag
[2026-07-24T10:14:21.030+0000] {logging_mixin.py:190} INFO - [2026-07-24T10:14:21.030+0000] {override.py:1912} INFO - Created Permission View: can read on DAG Run:my_dag
[2026-07-24T10:14:21.031+0000] {logging_mixin.py:190} INFO - [2026-07-24T10:14:21.031+0000] {dag.py:3239} INFO - Sync 1 DAGs
[2026-07-24T10:14:21.042+0000] {logging_mixin.py:190} INFO - [2026-07-24T10:14:21.042+0000] {dag.py:3262} INFO - Creating ORM DAG for my_dag
[2026-07-24T10:14:21.050+0000] {logging_mixin.py:190} INFO - [2026-07-24T10:14:21.050+0000] {dag.py:4180} INFO - Setting next_dagrun for my_dag to 2026-03-02 00:00:00+00:00, run_after=2026-03-02 00:00:00+00:00
[2026-07-24T10:14:21.065+0000] {processor.py:208} INFO - Processing /opt/airflow/dags/my_tasks.py took 0.447 seconds
[2026-07-24T10:14:51.230+0000] {processor.py:186} INFO - Started process (PID=219) to work on /opt/airflow/dags/my_tasks.py
[2026-07-24T10:14:51.239+0000] {processor.py:914} INFO - Processing file /opt/airflow/dags/my_tasks.py for tasks to queue
[2026-07-24T10:14:51.241+0000] {logging_mixin.py:190} INFO - [2026-07-24T10:14:51.240+0000] {dagbag.py:588} INFO - Filling up the DagBag from /opt/airflow/dags/my_tasks.py
[2026-07-24T10:14:51.249+0000] {processor.py:925} INFO - DAG(s) 'my_dag' retrieved from /opt/airflow/dags/my_tasks.py
[2026-07-24T10:14:51.276+0000] {logging_mixin.py:190} INFO - [2026-07-24T10:14:51.276+0000] {dag.py:3239} INFO - Sync 1 DAGs
[2026-07-24T10:14:51.298+0000] {logging_mixin.py:190} INFO - [2026-07-24T10:14:51.298+0000] {dag.py:4180} INFO - Setting next_dagrun for my_dag to None, run_after=None
[2026-07-24T10:14:51.315+0000] {processor.py:208} INFO - Processing /opt/airflow/dags/my_tasks.py took 0.091 seconds
[2026-07-24T10:15:21.490+0000] {processor.py:186} INFO - Started process (PID=230) to work on /opt/airflow/dags/my_tasks.py
[2026-07-24T10:15:21.492+0000] {processor.py:914} INFO - Processing file /opt/airflow/dags/my_tasks.py for tasks to queue
[2026-07-24T10:15:21.493+0000] {logging_mixin.py:190} INFO - [2026-07-24T10:15:21.493+0000] {dagbag.py:588} INFO - Filling up the DagBag from /opt/airflow/dags/my_tasks.py
[2026-07-24T10:15:21.500+0000] {processor.py:925} INFO - DAG(s) 'my_dag' retrieved from /opt/airflow/dags/my_tasks.py
[2026-07-24T10:15:21.519+0000] {logging_mixin.py:190} INFO - [2026-07-24T10:15:21.519+0000] {dag.py:3239} INFO - Sync 1 DAGs
[2026-07-24T10:15:21.534+0000] {logging_mixin.py:190} INFO - [2026-07-24T10:15:21.534+0000] {dag.py:4180} INFO - Setting next_dagrun for my_dag to None, run_after=None
[2026-07-24T10:15:21.548+0000] {processor.py:208} INFO - Processing /opt/airflow/dags/my_tasks.py took 0.061 seconds
[2026-07-24T10:15:51.760+0000] {processor.py:186} INFO - Started process (PID=241) to work on /opt/airflow/dags/my_tasks.py
[2026-07-24T10:15:51.767+0000] {processor.py:914} INFO - Processing file /opt/airflow/dags/my_tasks.py for tasks to queue
[2026-07-24T10:15:51.769+0000] {logging_mixin.py:190} INFO - [2026-07-24T10:15:51.769+0000] {dagbag.py:588} INFO - Filling up the DagBag from /opt/airflow/dags/my_tasks.py
[2026-07-24T10:15:51.778+0000] {processor.py:925} INFO - DAG(s) 'my_dag' retrieved from /opt/airflow/dags/my_tasks.py
[2026-07-24T10:15:51.798+0000] {logging_mixin.py:190} INFO - [2026-07-24T10:15:51.798+0000] {dag.py:3239} INFO - Sync 1 DAGs
[2026-07-24T10:15:51.814+0000] {logging_mixin.py:190} INFO - [2026-07-24T10:15:51.813+0000] {dag.py:4180} INFO - Setting next_dagrun for my_dag to None, run_after=None
[2026-07-24T10:15:51.827+0000] {processor.py:208} INFO - Processing /opt/airflow/dags/my_tasks.py took 0.071 seconds
[2026-07-24T10:16:22.014+0000] {processor.py:186} INFO - Started process (PID=252) to work on /opt/airflow/dags/my_tasks.py
[2026-07-24T10:16:22.017+0000] {processor.py:914} INFO - Processing file /opt/airflow/dags/my_tasks.py for tasks to queue
[2026-07-24T10:16:22.019+0000] {logging_mixin.py:190} INFO - [2026-07-24T10:16:22.019+0000] {dagbag.py:588} INFO - Filling up the DagBag from /opt/airflow/dags/my_tasks.py
[2026-07-24T10:16:22.025+0000] {processor.py:925} INFO - DAG(s) 'my_dag' retrieved from /opt/airflow/dags/my_tasks.py
[2026-07-24T10:16:22.043+0000] {logging_mixin.py:190} INFO - [2026-07-24T10:16:22.042+0000] {dag.py:3239} INFO - Sync 1 DAGs
[2026-07-24T10:16:22.058+0000] {logging_mixin.py:190} INFO - [2026-07-24T10:16:22.058+0000] {dag.py:4180} INFO - Setting next_dagrun for my_dag to None, run_after=None
[2026-07-24T10:16:22.074+0000] {processor.py:208} INFO - Processing /opt/airflow/dags/my_tasks.py took 0.064 seconds
[2026-07-24T10:16:52.276+0000] {processor.py:186} INFO - Started process (PID=263) to work on /opt/airflow/dags/my_tasks.py
[2026-07-24T10:16:52.284+0000] {processor.py:914} INFO - Processing file /opt/airflow/dags/my_tasks.py for tasks to queue
[2026-07-24T10:16:52.286+0000] {logging_mixin.py:190} INFO - [2026-07-24T10:16:52.286+0000] {dagbag.py:588} INFO - Filling up the DagBag from /opt/airflow/dags/my_tasks.py
[2026-07-24T10:16:52.295+0000] {processor.py:925} INFO - DAG(s) 'my_dag' retrieved from /opt/airflow/dags/my_tasks.py
[2026-07-24T10:16:52.316+0000] {logging_mixin.py:190} INFO - [2026-07-24T10:16:52.315+0000] {dag.py:3239} INFO - Sync 1 DAGs
[2026-07-24T10:16:52.338+0000] {logging_mixin.py:190} INFO - [2026-07-24T10:16:52.337+0000] {dag.py:4180} INFO - Setting next_dagrun for my_dag to None, run_after=None
[2026-07-24T10:16:52.355+0000] {processor.py:208} INFO - Processing /opt/airflow/dags/my_tasks.py took 0.083 seconds
[2026-07-24T10:17:22.544+0000] {processor.py:186} INFO - Started process (PID=274) to work on /opt/airflow/dags/my_tasks.py
[2026-07-24T10:17:22.545+0000] {processor.py:914} INFO - Processing file /opt/airflow/dags/my_tasks.py for tasks to queue
[2026-07-24T10:17:22.546+0000] {logging_mixin.py:190} INFO - [2026-07-24T10:17:22.546+0000] {dagbag.py:588} INFO - Filling up the DagBag from /opt/airflow/dags/my_tasks.py
[2026-07-24T10:17:22.553+0000] {processor.py:925} INFO - DAG(s) 'my_dag' retrieved from /opt/airflow/dags/my_tasks.py
[2026-07-24T10:17:22.571+0000] {logging_mixin.py:190} INFO - [2026-07-24T10:17:22.571+0000] {dag.py:3239} INFO - Sync 1 DAGs
[2026-07-24T10:17:22.587+0000] {logging_mixin.py:190} INFO - [2026-07-24T10:17:22.586+0000] {dag.py:4180} INFO - Setting next_dagrun for my_dag to None, run_after=None
[2026-07-24T10:17:22.601+0000] {processor.py:208} INFO - Processing /opt/airflow/dags/my_tasks.py took 0.060 seconds
[2026-07-24T10:17:52.811+0000] {processor.py:186} INFO - Started process (PID=291) to work on /opt/airflow/dags/my_tasks.py
[2026-07-24T10:17:52.819+0000] {processor.py:914} INFO - Processing file /opt/airflow/dags/my_tasks.py for tasks to queue
[2026-07-24T10:17:52.821+0000] {logging_mixin.py:190} INFO - [2026-07-24T10:17:52.820+0000] {dagbag.py:588} INFO - Filling up the DagBag from /opt/airflow/dags/my_tasks.py
[2026-07-24T10:17:52.829+0000] {processor.py:925} INFO - DAG(s) 'my_dag' retrieved from /opt/airflow/dags/my_tasks.py
[2026-07-24T10:17:52.846+0000] {logging_mixin.py:190} INFO - [2026-07-24T10:17:52.846+0000] {dag.py:3239} INFO - Sync 1 DAGs
[2026-07-24T10:17:52.863+0000] {logging_mixin.py:190} INFO - [2026-07-24T10:17:52.863+0000] {dag.py:4180} INFO - Setting next_dagrun for my_dag to None, run_after=None
[2026-07-24T10:17:52.879+0000] {processor.py:208} INFO - Processing /opt/airflow/dags/my_tasks.py took 0.072 seconds
[2026-07-24T10:18:23.077+0000] {processor.py:186} INFO - Started process (PID=302) to work on /opt/airflow/dags/my_tasks.py
[2026-07-24T10:18:23.078+0000] {processor.py:914} INFO - Processing file /opt/airflow/dags/my_tasks.py for tasks to queue
[2026-07-24T10:18:23.080+0000] {logging_mixin.py:190} INFO - [2026-07-24T10:18:23.080+0000] {dagbag.py:588} INFO - Filling up the DagBag from /opt/airflow/dags/my_tasks.py
[2026-07-24T10:18:23.088+0000] {processor.py:925} INFO - DAG(s) 'my_dag' retrieved from /opt/airflow/dags/my_tasks.py
[2026-07-24T10:18:23.109+0000] {logging_mixin.py:190} INFO - [2026-07-24T10:18:23.109+0000] {dag.py:3239} INFO - Sync 1 DAGs
[2026-07-24T10:18:23.128+0000] {logging_mixin.py:190} INFO - [2026-07-24T10:18:23.128+0000] {dag.py:4180} INFO - Setting next_dagrun for my_dag to None, run_after=None
[2026-07-24T10:18:23.144+0000] {processor.py:208} INFO - Processing /opt/airflow/dags/my_tasks.py took 0.071 seconds
[2026-07-24T10:18:53.322+0000] {processor.py:186} INFO - Started process (PID=313) to work on /opt/airflow/dags/my_tasks.py
[2026-07-24T10:18:53.322+0000] {processor.py:914} INFO - Processing file /opt/airflow/dags/my_tasks.py for tasks to queue
[2026-07-24T10:18:53.324+0000] {logging_mixin.py:190} INFO - [2026-07-24T10:18:53.324+0000] {dagbag.py:588} INFO - Filling up the DagBag from /opt/airflow/dags/my_tasks.py
[2026-07-24T10:18:53.331+0000] {processor.py:925} INFO - DAG(s) 'my_dag' retrieved from /opt/airflow/dags/my_tasks.py
[2026-07-24T10:18:53.349+0000] {logging_mixin.py:190} INFO - [2026-07-24T10:18:53.349+0000] {dag.py:3239} INFO - Sync 1 DAGs
[2026-07-24T10:18:53.365+0000] {logging_mixin.py:190} INFO - [2026-07-24T10:18:53.365+0000] {dag.py:4180} INFO - Setting next_dagrun for my_dag to None, run_after=None
[2026-07-24T10:18:53.379+0000] {processor.py:208} INFO - Processing /opt/airflow/dags/my_tasks.py took 0.061 seconds
[2026-07-24T10:19:23.597+0000] {processor.py:186} INFO - Started process (PID=324) to work on /opt/airflow/dags/my_tasks.py
[2026-07-24T10:19:23.597+0000] {processor.py:914} INFO - Processing file /opt/airflow/dags/my_tasks.py for tasks to queue
[2026-07-24T10:19:23.599+0000] {logging_mixin.py:190} INFO - [2026-07-24T10:19:23.599+0000] {dagbag.py:588} INFO - Filling up the DagBag from /opt/airflow/dags/my_tasks.py
[2026-07-24T10:19:23.605+0000] {processor.py:925} INFO - DAG(s) 'my_dag' retrieved from /opt/airflow/dags/my_tasks.py
[2026-07-24T10:19:23.623+0000] {logging_mixin.py:190} INFO - [2026-07-24T10:19:23.623+0000] {dag.py:3239} INFO - Sync 1 DAGs
[2026-07-24T10:19:23.638+0000] {logging_mixin.py:190} INFO - [2026-07-24T10:19:23.638+0000] {dag.py:4180} INFO - Setting next_dagrun for my_dag to None, run_after=None
[2026-07-24T10:19:23.652+0000] {processor.py:208} INFO - Processing /opt/airflow/dags/my_tasks.py took 0.062 seconds
[2026-07-24T10:19:53.856+0000] {processor.py:186} INFO - Started process (PID=335) to work on /opt/airflow/dags/my_tasks.py
[2026-07-24T10:19:53.864+0000] {processor.py:914} INFO - Processing file /opt/airflow/dags/my_tasks.py for tasks to queue
[2026-07-24T10:19:53.866+0000] {logging_mixin.py:190} INFO - [2026-07-24T10:19:53.866+0000] {dagbag.py:588} INFO - Filling up the DagBag from /opt/airflow/dags/my_tasks.py
[2026-07-24T10:19:53.874+0000] {processor.py:925} INFO - DAG(s) 'my_dag' retrieved from /opt/airflow/dags/my_tasks.py
[2026-07-24T10:19:53.892+0000] {logging_mixin.py:190} INFO - [2026-07-24T10:19:53.891+0000] {dag.py:3239} INFO - Sync 1 DAGs
[2026-07-24T10:19:53.909+0000] {logging_mixin.py:190} INFO - [2026-07-24T10:19:53.909+0000] {dag.py:4180} INFO - Setting next_dagrun for my_dag to None, run_after=None
[2026-07-24T10:19:53.923+0000] {processor.py:208} INFO - Processing /opt/airflow/dags/my_tasks.py took 0.071 seconds
[2026-07-24T10:20:24.101+0000] {processor.py:186} INFO - Started process (PID=346) to work on /opt/airflow/dags/my_tasks.py
[2026-07-24T10:20:24.102+0000] {processor.py:914} INFO - Processing file /opt/airflow/dags/my_tasks.py for tasks to queue
[2026-07-24T10:20:24.103+0000] {logging_mixin.py:190} INFO - [2026-07-24T10:20:24.103+0000] {dagbag.py:588} INFO - Filling up the DagBag from /opt/airflow/dags/my_tasks.py
[2026-07-24T10:20:24.110+0000] {processor.py:925} INFO - DAG(s) 'my_dag' retrieved from /opt/airflow/dags/my_tasks.py
[2026-07-24T10:20:24.127+0000] {logging_mixin.py:190} INFO - [2026-07-24T10:20:24.127+0000] {dag.py:3239} INFO - Sync 1 DAGs
[2026-07-24T10:20:24.143+0000] {logging_mixin.py:190} INFO - [2026-07-24T10:20:24.143+0000] {dag.py:4180} INFO - Setting next_dagrun for my_dag to None, run_after=None
[2026-07-24T10:20:24.157+0000] {processor.py:208} INFO - Processing /opt/airflow/dags/my_tasks.py took 0.060 seconds
[2026-07-24T10:20:54.357+0000] {processor.py:186} INFO - Started process (PID=357) to work on /opt/airflow/dags/my_tasks.py
[2026-07-24T10:20:54.358+0000] {processor.py:914} INFO - Processing file /opt/airflow/dags/my_tasks.py for tasks to queue
[2026-07-24T10:20:54.361+0000] {logging_mixin.py:190} INFO - [2026-07-24T10:20:54.360+0000] {dagbag.py:588} INFO - Filling up the DagBag from /opt/airflow/dags/my_tasks.py
[2026-07-24T10:20:54.368+0000] {processor.py:925} INFO - DAG(s) 'my_dag' retrieved from /opt/airflow/dags/my_tasks.py
[2026-07-24T10:20:54.388+0000] {logging_mixin.py:190} INFO - [2026-07-24T10:20:54.388+0000] {dag.py:3239} INFO - Sync 1 DAGs
[2026-07-24T10:20:54.404+0000] {logging_mixin.py:190} INFO - [2026-07-24T10:20:54.403+0000] {dag.py:4180} INFO - Setting next_dagrun for my_dag to None, run_after=None
[2026-07-24T10:20:54.419+0000] {processor.py:208} INFO - Processing /opt/airflow/dags/my_tasks.py took 0.066 seconds
[2026-07-24T10:21:24.625+0000] {processor.py:186} INFO - Started process (PID=368) to work on /opt/airflow/dags/my_tasks.py
[2026-07-24T10:21:24.626+0000] {processor.py:914} INFO - Processing file /opt/airflow/dags/my_tasks.py for tasks to queue
[2026-07-24T10:21:24.629+0000] {logging_mixin.py:190} INFO - [2026-07-24T10:21:24.628+0000] {dagbag.py:588} INFO - Filling up the DagBag from /opt/airflow/dags/my_tasks.py
[2026-07-24T10:21:24.636+0000] {processor.py:925} INFO - DAG(s) 'my_dag' retrieved from /opt/airflow/dags/my_tasks.py
[2026-07-24T10:21:24.656+0000] {logging_mixin.py:190} INFO - [2026-07-24T10:21:24.656+0000] {dag.py:3239} INFO - Sync 1 DAGs
[2026-07-24T10:21:24.676+0000] {logging_mixin.py:190} INFO - [2026-07-24T10:21:24.676+0000] {dag.py:4180} INFO - Setting next_dagrun for my_dag to None, run_after=None
[2026-07-24T10:21:24.691+0000] {processor.py:208} INFO - Processing /opt/airflow/dags/my_tasks.py took 0.070 seconds
[2026-07-24T10:21:54.885+0000] {processor.py:186} INFO - Started process (PID=379) to work on /opt/airflow/dags/my_tasks.py
[2026-07-24T10:21:54.894+0000] {processor.py:914} INFO - Processing file /opt/airflow/dags/my_tasks.py for tasks to queue
[2026-07-24T10:21:54.896+0000] {logging_mixin.py:190} INFO - [2026-07-24T10:21:54.895+0000] {dagbag.py:588} INFO - Filling up the DagBag from /opt/airflow/dags/my_tasks.py
[2026-07-24T10:21:54.903+0000] {processor.py:925} INFO - DAG(s) 'my_dag' retrieved from /opt/airflow/dags/my_tasks.py
[2026-07-24T10:21:54.924+0000] {logging_mixin.py:190} INFO - [2026-07-24T10:21:54.924+0000] {dag.py:3239} INFO - Sync 1 DAGs
[2026-07-24T10:21:54.942+0000] {logging_mixin.py:190} INFO - [2026-07-24T10:21:54.942+0000] {dag.py:4180} INFO - Setting next_dagrun for my_dag to None, run_after=None
[2026-07-24T10:21:54.962+0000] {processor.py:208} INFO - Processing /opt/airflow/dags/my_tasks.py took 0.081 seconds
[2026-07-24T10:22:25.141+0000] {processor.py:186} INFO - Started process (PID=390) to work on /opt/airflow/dags/my_tasks.py
[2026-07-24T10:22:25.142+0000] {processor.py:914} INFO - Processing file /opt/airflow/dags/my_tasks.py for tasks to queue
[2026-07-24T10:22:25.143+0000] {logging_mixin.py:190} INFO - [2026-07-24T10:22:25.143+0000] {dagbag.py:588} INFO - Filling up the DagBag from /opt/airflow/dags/my_tasks.py
[2026-07-24T10:22:25.150+0000] {processor.py:925} INFO - DAG(s) 'my_dag' retrieved from /opt/airflow/dags/my_tasks.py
[2026-07-24T10:22:25.168+0000] {logging_mixin.py:190} INFO - [2026-07-24T10:22:25.168+0000] {dag.py:3239} INFO - Sync 1 DAGs
[2026-07-24T10:22:25.185+0000] {logging_mixin.py:190} INFO - [2026-07-24T10:22:25.185+0000] {dag.py:4180} INFO - Setting next_dagrun for my_dag to None, run_after=None
[2026-07-24T10:22:25.200+0000] {processor.py:208} INFO - Processing /opt/airflow/dags/my_tasks.py took 0.063 seconds
[2026-07-24T10:22:55.412+0000] {processor.py:186} INFO - Started process (PID=401) to work on /opt/airflow/dags/my_tasks.py
[2026-07-24T10:22:55.420+0000] {processor.py:914} INFO - Processing file /opt/airflow/dags/my_tasks.py for tasks to queue
[2026-07-24T10:22:55.422+0000] {logging_mixin.py:190} INFO - [2026-07-24T10:22:55.422+0000] {dagbag.py:588} INFO - Filling up the DagBag from /opt/airflow/dags/my_tasks.py
[2026-07-24T10:22:55.436+0000] {processor.py:925} INFO - DAG(s) 'my_dag' retrieved from /opt/airflow/dags/my_tasks.py
[2026-07-24T10:22:55.454+0000] {logging_mixin.py:190} INFO - [2026-07-24T10:22:55.453+0000] {dag.py:3239} INFO - Sync 1 DAGs
[2026-07-24T10:22:55.469+0000] {logging_mixin.py:190} INFO - [2026-07-24T10:22:55.469+0000] {dag.py:4180} INFO - Setting next_dagrun for my_dag to None, run_after=None
[2026-07-24T10:22:55.483+0000] {processor.py:208} INFO - Processing /opt/airflow/dags/my_tasks.py took 0.076 seconds
[2026-07-24T10:23:25.675+0000] {processor.py:186} INFO - Started process (PID=412) to work on /opt/airflow/dags/my_tasks.py
[2026-07-24T10:23:25.675+0000] {processor.py:914} INFO - Processing file /opt/airflow/dags/my_tasks.py for tasks to queue
[2026-07-24T10:23:25.676+0000] {logging_mixin.py:190} INFO - [2026-07-24T10:23:25.676+0000] {dagbag.py:588} INFO - Filling up the DagBag from /opt/airflow/dags/my_tasks.py
[2026-07-24T10:23:25.683+0000] {processor.py:925} INFO - DAG(s) 'my_dag' retrieved from /opt/airflow/dags/my_tasks.py
[2026-07-24T10:23:25.701+0000] {logging_mixin.py:190} INFO - [2026-07-24T10:23:25.701+0000] {dag.py:3239} INFO - Sync 1 DAGs
[2026-07-24T10:23:25.717+0000] {logging_mixin.py:190} INFO - [2026-07-24T10:23:25.717+0000] {dag.py:4180} INFO - Setting next_dagrun for my_dag to None, run_after=None
[2026-07-24T10:23:25.732+0000] {processor.py:208} INFO - Processing /opt/airflow/dags/my_tasks.py took 0.062 seconds
[2026-07-24T10:23:55.947+0000] {processor.py:186} INFO - Started process (PID=423) to work on /opt/airflow/dags/my_tasks.py
[2026-07-24T10:23:55.955+0000] {processor.py:914} INFO - Processing file /opt/airflow/dags/my_tasks.py for tasks to queue
[2026-07-24T10:23:55.957+0000] {logging_mixin.py:190} INFO - [2026-07-24T10:23:55.956+0000] {dagbag.py:588} INFO - Filling up the DagBag from /opt/airflow/dags/my_tasks.py
[2026-07-24T10:23:55.965+0000] {processor.py:925} INFO - DAG(s) 'my_dag' retrieved from /opt/airflow/dags/my_tasks.py
[2026-07-24T10:23:55.984+0000] {logging_mixin.py:190} INFO - [2026-07-24T10:23:55.984+0000] {dag.py:3239} INFO - Sync 1 DAGs
[2026-07-24T10:23:56.001+0000] {logging_mixin.py:190} INFO - [2026-07-24T10:23:56.001+0000] {dag.py:4180} INFO - Setting next_dagrun for my_dag to None, run_after=None
[2026-07-24T10:23:56.020+0000] {processor.py:208} INFO - Processing /opt/airflow/dags/my_tasks.py took 0.077 seconds
[2026-07-24T10:24:26.198+0000] {processor.py:186} INFO - Started process (PID=434) to work on /opt/airflow/dags/my_tasks.py
[2026-07-24T10:24:26.199+0000] {processor.py:914} INFO - Processing file /opt/airflow/dags/my_tasks.py for tasks to queue
[2026-07-24T10:24:26.200+0000] {logging_mixin.py:190} INFO - [2026-07-24T10:24:26.200+0000] {dagbag.py:588} INFO - Filling up the DagBag from /opt/airflow/dags/my_tasks.py
[2026-07-24T10:24:26.207+0000] {processor.py:925} INFO - DAG(s) 'my_dag' retrieved from /opt/airflow/dags/my_tasks.py
[2026-07-24T10:24:26.227+0000] {logging_mixin.py:190} INFO - [2026-07-24T10:24:26.227+0000] {dag.py:3239} INFO - Sync 1 DAGs
[2026-07-24T10:24:26.243+0000] {logging_mixin.py:190} INFO - [2026-07-24T10:24:26.243+0000] {dag.py:4180} INFO - Setting next_dagrun for my_dag to None, run_after=None
[2026-07-24T10:24:26.260+0000] {processor.py:208} INFO - Processing /opt/airflow/dags/my_tasks.py took 0.066 seconds
[2026-07-24T10:24:56.476+0000] {processor.py:186} INFO - Started process (PID=445) to work on /opt/airflow/dags/my_tasks.py
[2026-07-24T10:24:56.484+0000] {processor.py:914} INFO - Processing file /opt/airflow/dags/my_tasks.py for tasks to queue
[2026-07-24T10:24:56.487+0000] {logging_mixin.py:190} INFO - [2026-07-24T10:24:56.486+0000] {dagbag.py:588} INFO - Filling up the DagBag from /opt/airflow/dags/my_tasks.py
[2026-07-24T10:24:56.494+0000] {processor.py:925} INFO - DAG(s) 'my_dag' retrieved from /opt/airflow/dags/my_tasks.py
[2026-07-24T10:24:56.512+0000] {logging_mixin.py:190} INFO - [2026-07-24T10:24:56.511+0000] {dag.py:3239} INFO - Sync 1 DAGs
[2026-07-24T10:24:56.527+0000] {logging_mixin.py:190} INFO - [2026-07-24T10:24:56.527+0000] {dag.py:4180} INFO - Setting next_dagrun for my_dag to None, run_after=None
[2026-07-24T10:24:56.541+0000] {processor.py:208} INFO - Processing /opt/airflow/dags/my_tasks.py took 0.070 seconds
[2026-07-24T10:25:26.730+0000] {processor.py:186} INFO - Started process (PID=456) to work on /opt/airflow/dags/my_tasks.py
[2026-07-24T10:25:26.731+0000] {processor.py:914} INFO - Processing file /opt/airflow/dags/my_tasks.py for tasks to queue
[2026-07-24T10:25:26.733+0000] {logging_mixin.py:190} INFO - [2026-07-24T10:25:26.733+0000] {dagbag.py:588} INFO - Filling up the DagBag from /opt/airflow/dags/my_tasks.py
[2026-07-24T10:25:26.740+0000] {processor.py:925} INFO - DAG(s) 'my_dag' retrieved from /opt/airflow/dags/my_tasks.py
[2026-07-24T10:25:26.762+0000] {logging_mixin.py:190} INFO - [2026-07-24T10:25:26.762+0000] {dag.py:3239} INFO - Sync 1 DAGs
[2026-07-24T10:25:26.782+0000] {logging_mixin.py:190} INFO - [2026-07-24T10:25:26.781+0000] {dag.py:4180} INFO - Setting next_dagrun for my_dag to None, run_after=None
[2026-07-24T10:25:26.797+0000] {processor.py:208} INFO - Processing /opt/airflow/dags/my_tasks.py took 0.072 seconds
[2026-07-24T10:25:56.964+0000] {processor.py:186} INFO - Started process (PID=467) to work on /opt/airflow/dags/my_tasks.py
[2026-07-24T10:25:56.972+0000] {processor.py:914} INFO - Processing file /opt/airflow/dags/my_tasks.py for tasks to queue
[2026-07-24T10:25:56.974+0000] {logging_mixin.py:190} INFO - [2026-07-24T10:25:56.973+0000] {dagbag.py:588} INFO - Filling up the DagBag from /opt/airflow/dags/my_tasks.py
[2026-07-24T10:25:56.980+0000] {processor.py:925} INFO - DAG(s) 'my_dag' retrieved from /opt/airflow/dags/my_tasks.py
[2026-07-24T10:25:57.003+0000] {logging_mixin.py:190} INFO - [2026-07-24T10:25:57.002+0000] {dag.py:3239} INFO - Sync 1 DAGs
[2026-07-24T10:25:57.024+0000] {logging_mixin.py:190} INFO - [2026-07-24T10:25:57.024+0000] {dag.py:4180} INFO - Setting next_dagrun for my_dag to None, run_after=None
[2026-07-24T10:25:57.041+0000] {processor.py:208} INFO - Processing /opt/airflow/dags/my_tasks.py took 0.080 seconds
[2026-07-24T10:26:27.238+0000] {processor.py:186} INFO - Started process (PID=478) to work on /opt/airflow/dags/my_tasks.py
[2026-07-24T10:26:27.238+0000] {processor.py:914} INFO - Processing file /opt/airflow/dags/my_tasks.py for tasks to queue
[2026-07-24T10:26:27.240+0000] {logging_mixin.py:190} INFO - [2026-07-24T10:26:27.239+0000] {dagbag.py:588} INFO - Filling up the DagBag from /opt/airflow/dags/my_tasks.py
[2026-07-24T10:26:27.246+0000] {processor.py:925} INFO - DAG(s) 'my_dag' retrieved from /opt/airflow/dags/my_tasks.py
[2026-07-24T10:26:27.267+0000] {logging_mixin.py:190} INFO - [2026-07-24T10:26:27.266+0000] {dag.py:3239} INFO - Sync 1 DAGs
[2026-07-24T10:26:27.283+0000] {logging_mixin.py:190} INFO - [2026-07-24T10:26:27.283+0000] {dag.py:4180} INFO - Setting next_dagrun for my_dag to None, run_after=None
[2026-07-24T10:26:27.298+0000] {processor.py:208} INFO - Processing /opt/airflow/dags/my_tasks.py took 0.064 seconds
[2026-07-24T10:37:47.145+0000] {processor.py:186} INFO - Started process (PID=192) to work on /opt/airflow/dags/my_tasks.py
[2026-07-24T10:37:47.145+0000] {processor.py:914} INFO - Processing file /opt/airflow/dags/my_tasks.py for tasks to queue
[2026-07-24T10:37:47.147+0000] {logging_mixin.py:190} INFO - [2026-07-24T10:37:47.147+0000] {dagbag.py:588} INFO - Filling up the DagBag from /opt/airflow/dags/my_tasks.py
[2026-07-24T10:37:47.191+0000] {processor.py:925} INFO - DAG(s) 'my_dag' retrieved from /opt/airflow/dags/my_tasks.py
[2026-07-24T10:37:47.559+0000] {logging_mixin.py:190} INFO - [2026-07-24T10:37:47.558+0000] {override.py:1912} INFO - Created Permission View: can read on DAG:my_dag
[2026-07-24T10:37:47.568+0000] {logging_mixin.py:190} INFO - [2026-07-24T10:37:47.567+0000] {override.py:1912} INFO - Created Permission View: can delete on DAG:my_dag
[2026-07-24T10:37:47.574+0000] {logging_mixin.py:190} INFO - [2026-07-24T10:37:47.573+0000] {override.py:1912} INFO - Created Permission View: can edit on DAG:my_dag
[2026-07-24T10:37:47.582+0000] {logging_mixin.py:190} INFO - [2026-07-24T10:37:47.582+0000] {override.py:1912} INFO - Created Permission View: can create on DAG Run:my_dag
[2026-07-24T10:37:47.589+0000] {logging_mixin.py:190} INFO - [2026-07-24T10:37:47.588+0000] {override.py:1912} INFO - Created Permission View: can read on DAG Run:my_dag
[2026-07-24T10:37:47.596+0000] {logging_mixin.py:190} INFO - [2026-07-24T10:37:47.596+0000] {override.py:1912} INFO - Created Permission View: can delete on DAG Run:my_dag
[2026-07-24T10:37:47.602+0000] {logging_mixin.py:190} INFO - [2026-07-24T10:37:47.601+0000] {override.py:1912} INFO - Created Permission View: menu access on DAG Run:my_dag
[2026-07-24T10:37:47.602+0000] {logging_mixin.py:190} INFO - [2026-07-24T10:37:47.602+0000] {dag.py:3239} INFO - Sync 1 DAGs
[2026-07-24T10:37:47.613+0000] {logging_mixin.py:190} INFO - [2026-07-24T10:37:47.613+0000] {dag.py:3262} INFO - Creating ORM DAG for my_dag
[2026-07-24T10:37:47.620+0000] {logging_mixin.py:190} INFO - [2026-07-24T10:37:47.619+0000] {dag.py:4180} INFO - Setting next_dagrun for my_dag to 2026-03-02 00:00:00+00:00, run_after=2026-03-02 00:00:00+00:00
[2026-07-24T10:37:47.633+0000] {processor.py:208} INFO - Processing /opt/airflow/dags/my_tasks.py took 0.493 seconds
[2026-07-24T10:38:17.797+0000] {processor.py:186} INFO - Started process (PID=219) to work on /opt/airflow/dags/my_tasks.py
[2026-07-24T10:38:17.806+0000] {processor.py:914} INFO - Processing file /opt/airflow/dags/my_tasks.py for tasks to queue
[2026-07-24T10:38:17.808+0000] {logging_mixin.py:190} INFO - [2026-07-24T10:38:17.808+0000] {dagbag.py:588} INFO - Filling up the DagBag from /opt/airflow/dags/my_tasks.py
[2026-07-24T10:38:17.817+0000] {processor.py:925} INFO - DAG(s) 'my_dag' retrieved from /opt/airflow/dags/my_tasks.py
[2026-07-24T10:38:17.835+0000] {logging_mixin.py:190} INFO - [2026-07-24T10:38:17.835+0000] {dag.py:3239} INFO - Sync 1 DAGs
[2026-07-24T10:38:17.851+0000] {logging_mixin.py:190} INFO - [2026-07-24T10:38:17.851+0000] {dag.py:4180} INFO - Setting next_dagrun for my_dag to None, run_after=None
[2026-07-24T10:38:17.866+0000] {processor.py:208} INFO - Processing /opt/airflow/dags/my_tasks.py took 0.076 seconds
[2026-07-24T10:38:48.025+0000] {processor.py:186} INFO - Started process (PID=230) to work on /opt/airflow/dags/my_tasks.py
[2026-07-24T10:38:48.033+0000] {processor.py:914} INFO - Processing file /opt/airflow/dags/my_tasks.py for tasks to queue
[2026-07-24T10:38:48.034+0000] {logging_mixin.py:190} INFO - [2026-07-24T10:38:48.034+0000] {dagbag.py:588} INFO - Filling up the DagBag from /opt/airflow/dags/my_tasks.py
[2026-07-24T10:38:48.041+0000] {processor.py:925} INFO - DAG(s) 'my_dag' retrieved from /opt/airflow/dags/my_tasks.py
[2026-07-24T10:38:48.059+0000] {logging_mixin.py:190} INFO - [2026-07-24T10:38:48.059+0000] {dag.py:3239} INFO - Sync 1 DAGs
[2026-07-24T10:38:48.075+0000] {logging_mixin.py:190} INFO - [2026-07-24T10:38:48.075+0000] {dag.py:4180} INFO - Setting next_dagrun for my_dag to None, run_after=None
[2026-07-24T10:38:48.089+0000] {processor.py:208} INFO - Processing /opt/airflow/dags/my_tasks.py took 0.068 seconds
[2026-07-24T10:39:18.300+0000] {processor.py:186} INFO - Started process (PID=241) to work on /opt/airflow/dags/my_tasks.py
[2026-07-24T10:39:18.300+0000] {processor.py:914} INFO - Processing file /opt/airflow/dags/my_tasks.py for tasks to queue
[2026-07-24T10:39:18.302+0000] {logging_mixin.py:190} INFO - [2026-07-24T10:39:18.301+0000] {dagbag.py:588} INFO - Filling up the DagBag from /opt/airflow/dags/my_tasks.py
[2026-07-24T10:39:18.308+0000] {processor.py:925} INFO - DAG(s) 'my_dag' retrieved from /opt/airflow/dags/my_tasks.py
[2026-07-24T10:39:18.326+0000] {logging_mixin.py:190} INFO - [2026-07-24T10:39:18.326+0000] {dag.py:3239} INFO - Sync 1 DAGs
[2026-07-24T10:39:18.342+0000] {logging_mixin.py:190} INFO - [2026-07-24T10:39:18.342+0000] {dag.py:4180} INFO - Setting next_dagrun for my_dag to None, run_after=None
[2026-07-24T10:39:18.360+0000] {processor.py:208} INFO - Processing /opt/airflow/dags/my_tasks.py took 0.065 seconds
[2026-07-24T10:39:48.579+0000] {processor.py:186} INFO - Started process (PID=252) to work on /opt/airflow/dags/my_tasks.py
[2026-07-24T10:39:48.587+0000] {processor.py:914} INFO - Processing file /opt/airflow/dags/my_tasks.py for tasks to queue
[2026-07-24T10:39:48.589+0000] {logging_mixin.py:190} INFO - [2026-07-24T10:39:48.589+0000] {dagbag.py:588} INFO - Filling up the DagBag from /opt/airflow/dags/my_tasks.py
[2026-07-24T10:39:48.598+0000] {processor.py:925} INFO - DAG(s) 'my_dag' retrieved from /opt/airflow/dags/my_tasks.py
[2026-07-24T10:39:48.616+0000] {logging_mixin.py:190} INFO - [2026-07-24T10:39:48.616+0000] {dag.py:3239} INFO - Sync 1 DAGs
[2026-07-24T10:39:48.632+0000] {logging_mixin.py:190} INFO - [2026-07-24T10:39:48.632+0000] {dag.py:4180} INFO - Setting next_dagrun for my_dag to None, run_after=None
[2026-07-24T10:39:48.647+0000] {processor.py:208} INFO - Processing /opt/airflow/dags/my_tasks.py took 0.073 seconds
[2026-07-24T10:40:18.859+0000] {processor.py:186} INFO - Started process (PID=263) to work on /opt/airflow/dags/my_tasks.py
[2026-07-24T10:40:18.867+0000] {processor.py:914} INFO - Processing file /opt/airflow/dags/my_tasks.py for tasks to queue
[2026-07-24T10:40:18.869+0000] {logging_mixin.py:190} INFO - [2026-07-24T10:40:18.869+0000] {dagbag.py:588} INFO - Filling up the DagBag from /opt/airflow/dags/my_tasks.py
[2026-07-24T10:40:18.880+0000] {processor.py:925} INFO - DAG(s) 'my_dag' retrieved from /opt/airflow/dags/my_tasks.py
[2026-07-24T10:40:18.897+0000] {logging_mixin.py:190} INFO - [2026-07-24T10:40:18.896+0000] {dag.py:3239} INFO - Sync 1 DAGs
[2026-07-24T10:40:18.913+0000] {logging_mixin.py:190} INFO - [2026-07-24T10:40:18.913+0000] {dag.py:4180} INFO - Setting next_dagrun for my_dag to None, run_after=None
[2026-07-24T10:40:18.931+0000] {processor.py:208} INFO - Processing /opt/airflow/dags/my_tasks.py took 0.076 seconds
[2026-07-24T10:40:49.137+0000] {processor.py:186} INFO - Started process (PID=274) to work on /opt/airflow/dags/my_tasks.py
[2026-07-24T10:40:49.145+0000] {processor.py:914} INFO - Processing file /opt/airflow/dags/my_tasks.py for tasks to queue
[2026-07-24T10:40:49.147+0000] {logging_mixin.py:190} INFO - [2026-07-24T10:40:49.147+0000] {dagbag.py:588} INFO - Filling up the DagBag from /opt/airflow/dags/my_tasks.py
[2026-07-24T10:40:49.155+0000] {processor.py:925} INFO - DAG(s) 'my_dag' retrieved from /opt/airflow/dags/my_tasks.py
[2026-07-24T10:40:49.175+0000] {logging_mixin.py:190} INFO - [2026-07-24T10:40:49.174+0000] {dag.py:3239} INFO - Sync 1 DAGs
[2026-07-24T10:40:49.190+0000] {logging_mixin.py:190} INFO - [2026-07-24T10:40:49.190+0000] {dag.py:4180} INFO - Setting next_dagrun for my_dag to None, run_after=None
[2026-07-24T10:40:49.204+0000] {processor.py:208} INFO - Processing /opt/airflow/dags/my_tasks.py took 0.071 seconds
[2026-07-24T10:41:19.397+0000] {processor.py:186} INFO - Started process (PID=285) to work on /opt/airflow/dags/my_tasks.py
[2026-07-24T10:41:19.405+0000] {processor.py:914} INFO - Processing file /opt/airflow/dags/my_tasks.py for tasks to queue
[2026-07-24T10:41:19.407+0000] {logging_mixin.py:190} INFO - [2026-07-24T10:41:19.407+0000] {dagbag.py:588} INFO - Filling up the DagBag from /opt/airflow/dags/my_tasks.py
[2026-07-24T10:41:19.415+0000] {processor.py:925} INFO - DAG(s) 'my_dag' retrieved from /opt/airflow/dags/my_tasks.py
[2026-07-24T10:41:19.432+0000] {logging_mixin.py:190} INFO - [2026-07-24T10:41:19.432+0000] {dag.py:3239} INFO - Sync 1 DAGs
[2026-07-24T10:41:19.448+0000] {logging_mixin.py:190} INFO - [2026-07-24T10:41:19.447+0000] {dag.py:4180} INFO - Setting next_dagrun for my_dag to None, run_after=None
[2026-07-24T10:41:19.461+0000] {processor.py:208} INFO - Processing /opt/airflow/dags/my_tasks.py took 0.069 seconds
[2026-07-24T10:41:49.640+0000] {processor.py:186} INFO - Started process (PID=296) to work on /opt/airflow/dags/my_tasks.py
[2026-07-24T10:41:49.648+0000] {processor.py:914} INFO - Processing file /opt/airflow/dags/my_tasks.py for tasks to queue
[2026-07-24T10:41:49.650+0000] {logging_mixin.py:190} INFO - [2026-07-24T10:41:49.650+0000] {dagbag.py:588} INFO - Filling up the DagBag from /opt/airflow/dags/my_tasks.py
[2026-07-24T10:41:49.658+0000] {processor.py:925} INFO - DAG(s) 'my_dag' retrieved from /opt/airflow/dags/my_tasks.py
[2026-07-24T10:41:49.676+0000] {logging_mixin.py:190} INFO - [2026-07-24T10:41:49.676+0000] {dag.py:3239} INFO - Sync 1 DAGs
[2026-07-24T10:41:49.693+0000] {logging_mixin.py:190} INFO - [2026-07-24T10:41:49.693+0000] {dag.py:4180} INFO - Setting next_dagrun for my_dag to None, run_after=None
[2026-07-24T10:41:49.707+0000] {processor.py:208} INFO - Processing /opt/airflow/dags/my_tasks.py took 0.071 seconds
[2026-07-24T10:42:19.878+0000] {processor.py:186} INFO - Started process (PID=307) to work on /opt/airflow/dags/my_tasks.py
[2026-07-24T10:42:19.882+0000] {processor.py:914} INFO - Processing file /opt/airflow/dags/my_tasks.py for tasks to queue
[2026-07-24T10:42:19.883+0000] {logging_mixin.py:190} INFO - [2026-07-24T10:42:19.883+0000] {dagbag.py:588} INFO - Filling up the DagBag from /opt/airflow/dags/my_tasks.py
[2026-07-24T10:42:19.890+0000] {processor.py:925} INFO - DAG(s) 'my_dag' retrieved from /opt/airflow/dags/my_tasks.py
[2026-07-24T10:42:19.908+0000] {logging_mixin.py:190} INFO - [2026-07-24T10:42:19.907+0000] {dag.py:3239} INFO - Sync 1 DAGs
[2026-07-24T10:42:19.923+0000] {logging_mixin.py:190} INFO - [2026-07-24T10:42:19.923+0000] {dag.py:4180} INFO - Setting next_dagrun for my_dag to None, run_after=None
[2026-07-24T10:42:19.936+0000] {processor.py:208} INFO - Processing /opt/airflow/dags/my_tasks.py took 0.063 seconds
[2026-07-24T10:42:50.098+0000] {processor.py:186} INFO - Started process (PID=318) to work on /opt/airflow/dags/my_tasks.py
[2026-07-24T10:42:50.099+0000] {processor.py:914} INFO - Processing file /opt/airflow/dags/my_tasks.py for tasks to queue
[2026-07-24T10:42:50.101+0000] {logging_mixin.py:190} INFO - [2026-07-24T10:42:50.100+0000] {dagbag.py:588} INFO - Filling up the DagBag from /opt/airflow/dags/my_tasks.py
[2026-07-24T10:42:50.107+0000] {processor.py:925} INFO - DAG(s) 'my_dag' retrieved from /opt/airflow/dags/my_tasks.py
[2026-07-24T10:42:50.125+0000] {logging_mixin.py:190} INFO - [2026-07-24T10:42:50.125+0000] {dag.py:3239} INFO - Sync 1 DAGs
[2026-07-24T10:42:50.141+0000] {logging_mixin.py:190} INFO - [2026-07-24T10:42:50.141+0000] {dag.py:4180} INFO - Setting next_dagrun for my_dag to None, run_after=None
[2026-07-24T10:42:50.155+0000] {processor.py:208} INFO - Processing /opt/airflow/dags/my_tasks.py took 0.060 seconds
[2026-07-24T10:43:20.372+0000] {processor.py:186} INFO - Started process (PID=329) to work on /opt/airflow/dags/my_tasks.py
[2026-07-24T10:43:20.373+0000] {processor.py:914} INFO - Processing file /opt/airflow/dags/my_tasks.py for tasks to queue
[2026-07-24T10:43:20.374+0000] {logging_mixin.py:190} INFO - [2026-07-24T10:43:20.374+0000] {dagbag.py:588} INFO - Filling up the DagBag from /opt/airflow/dags/my_tasks.py
[2026-07-24T10:43:20.381+0000] {processor.py:925} INFO - DAG(s) 'my_dag' retrieved from /opt/airflow/dags/my_tasks.py
[2026-07-24T10:43:20.398+0000] {logging_mixin.py:190} INFO - [2026-07-24T10:43:20.398+0000] {dag.py:3239} INFO - Sync 1 DAGs
[2026-07-24T10:43:20.414+0000] {logging_mixin.py:190} INFO - [2026-07-24T10:43:20.414+0000] {dag.py:4180} INFO - Setting next_dagrun for my_dag to None, run_after=None
[2026-07-24T10:43:20.428+0000] {processor.py:208} INFO - Processing /opt/airflow/dags/my_tasks.py took 0.060 seconds
[2026-07-24T10:43:50.636+0000] {processor.py:186} INFO - Started process (PID=340) to work on /opt/airflow/dags/my_tasks.py
[2026-07-24T10:43:50.644+0000] {processor.py:914} INFO - Processing file /opt/airflow/dags/my_tasks.py for tasks to queue
[2026-07-24T10:43:50.646+0000] {logging_mixin.py:190} INFO - [2026-07-24T10:43:50.645+0000] {dagbag.py:588} INFO - Filling up the DagBag from /opt/airflow/dags/my_tasks.py
[2026-07-24T10:43:50.655+0000] {processor.py:925} INFO - DAG(s) 'my_dag' retrieved from /opt/airflow/dags/my_tasks.py
[2026-07-24T10:43:50.675+0000] {logging_mixin.py:190} INFO - [2026-07-24T10:43:50.675+0000] {dag.py:3239} INFO - Sync 1 DAGs
[2026-07-24T10:43:50.694+0000] {logging_mixin.py:190} INFO - [2026-07-24T10:43:50.693+0000] {dag.py:4180} INFO - Setting next_dagrun for my_dag to None, run_after=None
[2026-07-24T10:43:50.709+0000] {processor.py:208} INFO - Processing /opt/airflow/dags/my_tasks.py took 0.077 seconds
[2026-07-24T10:44:20.873+0000] {processor.py:186} INFO - Started process (PID=351) to work on /opt/airflow/dags/my_tasks.py
[2026-07-24T10:44:20.874+0000] {processor.py:914} INFO - Processing file /opt/airflow/dags/my_tasks.py for tasks to queue
[2026-07-24T10:44:20.875+0000] {logging_mixin.py:190} INFO - [2026-07-24T10:44:20.875+0000] {dagbag.py:588} INFO - Filling up the DagBag from /opt/airflow/dags/my_tasks.py
[2026-07-24T10:44:20.881+0000] {processor.py:925} INFO - DAG(s) 'my_dag' retrieved from /opt/airflow/dags/my_tasks.py
[2026-07-24T10:44:20.901+0000] {logging_mixin.py:190} INFO - [2026-07-24T10:44:20.901+0000] {dag.py:3239} INFO - Sync 1 DAGs
[2026-07-24T10:44:20.919+0000] {logging_mixin.py:190} INFO - [2026-07-24T10:44:20.918+0000] {dag.py:4180} INFO - Setting next_dagrun for my_dag to None, run_after=None
[2026-07-24T10:44:20.934+0000] {processor.py:208} INFO - Processing /opt/airflow/dags/my_tasks.py took 0.065 seconds
[2026-07-24T10:44:51.152+0000] {processor.py:186} INFO - Started process (PID=362) to work on /opt/airflow/dags/my_tasks.py
[2026-07-24T10:44:51.154+0000] {processor.py:914} INFO - Processing file /opt/airflow/dags/my_tasks.py for tasks to queue
[2026-07-24T10:44:51.155+0000] {logging_mixin.py:190} INFO - [2026-07-24T10:44:51.155+0000] {dagbag.py:588} INFO - Filling up the DagBag from /opt/airflow/dags/my_tasks.py
[2026-07-24T10:44:51.162+0000] {processor.py:925} INFO - DAG(s) 'my_dag' retrieved from /opt/airflow/dags/my_tasks.py
[2026-07-24T10:44:51.179+0000] {logging_mixin.py:190} INFO - [2026-07-24T10:44:51.179+0000] {dag.py:3239} INFO - Sync 1 DAGs
[2026-07-24T10:44:51.194+0000] {logging_mixin.py:190} INFO - [2026-07-24T10:44:51.194+0000] {dag.py:4180} INFO - Setting next_dagrun for my_dag to None, run_after=None
[2026-07-24T10:44:51.208+0000] {processor.py:208} INFO - Processing /opt/airflow/dags/my_tasks.py took 0.060 seconds
[2026-07-24T10:45:21.413+0000] {processor.py:186} INFO - Started process (PID=373) to work on /opt/airflow/dags/my_tasks.py
[2026-07-24T10:45:21.414+0000] {processor.py:914} INFO - Processing file /opt/airflow/dags/my_tasks.py for tasks to queue
[2026-07-24T10:45:21.415+0000] {logging_mixin.py:190} INFO - [2026-07-24T10:45:21.415+0000] {dagbag.py:588} INFO - Filling up the DagBag from /opt/airflow/dags/my_tasks.py
[2026-07-24T10:45:21.421+0000] {processor.py:925} INFO - DAG(s) 'my_dag' retrieved from /opt/airflow/dags/my_tasks.py
[2026-07-24T10:45:21.439+0000] {logging_mixin.py:190} INFO - [2026-07-24T10:45:21.439+0000] {dag.py:3239} INFO - Sync 1 DAGs
[2026-07-24T10:45:21.454+0000] {logging_mixin.py:190} INFO - [2026-07-24T10:45:21.454+0000] {dag.py:4180} INFO - Setting next_dagrun for my_dag to None, run_after=None
[2026-07-24T10:45:21.468+0000] {processor.py:208} INFO - Processing /opt/airflow/dags/my_tasks.py took 0.060 seconds
[2026-07-24T10:45:51.674+0000] {processor.py:186} INFO - Started process (PID=384) to work on /opt/airflow/dags/my_tasks.py
[2026-07-24T10:45:51.682+0000] {processor.py:914} INFO - Processing file /opt/airflow/dags/my_tasks.py for tasks to queue
[2026-07-24T10:45:51.684+0000] {logging_mixin.py:190} INFO - [2026-07-24T10:45:51.684+0000] {dagbag.py:588} INFO - Filling up the DagBag from /opt/airflow/dags/my_tasks.py
[2026-07-24T10:45:51.693+0000] {processor.py:925} INFO - DAG(s) 'my_dag' retrieved from /opt/airflow/dags/my_tasks.py
[2026-07-24T10:45:51.713+0000] {logging_mixin.py:190} INFO - [2026-07-24T10:45:51.712+0000] {dag.py:3239} INFO - Sync 1 DAGs
[2026-07-24T10:45:51.731+0000] {logging_mixin.py:190} INFO - [2026-07-24T10:45:51.731+0000] {dag.py:4180} INFO - Setting next_dagrun for my_dag to None, run_after=None
[2026-07-24T10:45:51.747+0000] {processor.py:208} INFO - Processing /opt/airflow/dags/my_tasks.py took 0.077 seconds
[2026-07-24T10:46:21.941+0000] {processor.py:186} INFO - Started process (PID=395) to work on /opt/airflow/dags/my_tasks.py
[2026-07-24T10:46:21.941+0000] {processor.py:914} INFO - Processing file /opt/airflow/dags/my_tasks.py for tasks to queue
[2026-07-24T10:46:21.943+0000] {logging_mixin.py:190} INFO - [2026-07-24T10:46:21.943+0000] {dagbag.py:588} INFO - Filling up the DagBag from /opt/airflow/dags/my_tasks.py
[2026-07-24T10:46:21.954+0000] {processor.py:925} INFO - DAG(s) 'my_dag' retrieved from /opt/airflow/dags/my_tasks.py
[2026-07-24T10:46:21.971+0000] {logging_mixin.py:190} INFO - [2026-07-24T10:46:21.971+0000] {dag.py:3239} INFO - Sync 1 DAGs
[2026-07-24T10:46:21.986+0000] {logging_mixin.py:190} INFO - [2026-07-24T10:46:21.986+0000] {dag.py:4180} INFO - Setting next_dagrun for my_dag to None, run_after=None
[2026-07-24T10:46:22.000+0000] {processor.py:208} INFO - Processing /opt/airflow/dags/my_tasks.py took 0.063 seconds
[2026-07-24T10:46:52.216+0000] {processor.py:186} INFO - Started process (PID=406) to work on /opt/airflow/dags/my_tasks.py
[2026-07-24T10:46:52.217+0000] {processor.py:914} INFO - Processing file /opt/airflow/dags/my_tasks.py for tasks to queue
[2026-07-24T10:46:52.218+0000] {logging_mixin.py:190} INFO - [2026-07-24T10:46:52.218+0000] {dagbag.py:588} INFO - Filling up the DagBag from /opt/airflow/dags/my_tasks.py
[2026-07-24T10:46:52.225+0000] {processor.py:925} INFO - DAG(s) 'my_dag' retrieved from /opt/airflow/dags/my_tasks.py
[2026-07-24T10:46:52.242+0000] {logging_mixin.py:190} INFO - [2026-07-24T10:46:52.242+0000] {dag.py:3239} INFO - Sync 1 DAGs
[2026-07-24T10:46:52.257+0000] {logging_mixin.py:190} INFO - [2026-07-24T10:46:52.257+0000] {dag.py:4180} INFO - Setting next_dagrun for my_dag to None, run_after=None
[2026-07-24T10:46:52.272+0000] {processor.py:208} INFO - Processing /opt/airflow/dags/my_tasks.py took 0.060 seconds
[2026-07-24T10:47:22.483+0000] {processor.py:186} INFO - Started process (PID=423) to work on /opt/airflow/dags/my_tasks.py
[2026-07-24T10:47:22.485+0000] {processor.py:914} INFO - Processing file /opt/airflow/dags/my_tasks.py for tasks to queue
[2026-07-24T10:47:22.486+0000] {logging_mixin.py:190} INFO - [2026-07-24T10:47:22.486+0000] {dagbag.py:588} INFO - Filling up the DagBag from /opt/airflow/dags/my_tasks.py
[2026-07-24T10:47:22.494+0000] {processor.py:925} INFO - DAG(s) 'my_dag' retrieved from /opt/airflow/dags/my_tasks.py
[2026-07-24T10:47:22.513+0000] {logging_mixin.py:190} INFO - [2026-07-24T10:47:22.512+0000] {dag.py:3239} INFO - Sync 1 DAGs
[2026-07-24T10:47:22.529+0000] {logging_mixin.py:190} INFO - [2026-07-24T10:47:22.529+0000] {dag.py:4180} INFO - Setting next_dagrun for my_dag to None, run_after=None
[2026-07-24T10:47:22.544+0000] {processor.py:208} INFO - Processing /opt/airflow/dags/my_tasks.py took 0.065 seconds
[2026-07-24T10:47:52.758+0000] {processor.py:186} INFO - Started process (PID=434) to work on /opt/airflow/dags/my_tasks.py
[2026-07-24T10:47:52.766+0000] {processor.py:914} INFO - Processing file /opt/airflow/dags/my_tasks.py for tasks to queue
[2026-07-24T10:47:52.768+0000] {logging_mixin.py:190} INFO - [2026-07-24T10:47:52.768+0000] {dagbag.py:588} INFO - Filling up the DagBag from /opt/airflow/dags/my_tasks.py
[2026-07-24T10:47:52.780+0000] {processor.py:925} INFO - DAG(s) 'my_dag' retrieved from /opt/airflow/dags/my_tasks.py
[2026-07-24T10:47:52.798+0000] {logging_mixin.py:190} INFO - [2026-07-24T10:47:52.797+0000] {dag.py:3239} INFO - Sync 1 DAGs
[2026-07-24T10:47:52.813+0000] {logging_mixin.py:190} INFO - [2026-07-24T10:47:52.813+0000] {dag.py:4180} INFO - Setting next_dagrun for my_dag to None, run_after=None
[2026-07-24T10:47:52.828+0000] {processor.py:208} INFO - Processing /opt/airflow/dags/my_tasks.py took 0.073 seconds
[2026-07-24T10:48:23.030+0000] {processor.py:186} INFO - Started process (PID=445) to work on /opt/airflow/dags/my_tasks.py
[2026-07-24T10:48:23.031+0000] {processor.py:914} INFO - Processing file /opt/airflow/dags/my_tasks.py for tasks to queue
[2026-07-24T10:48:23.033+0000] {logging_mixin.py:190} INFO - [2026-07-24T10:48:23.032+0000] {dagbag.py:588} INFO - Filling up the DagBag from /opt/airflow/dags/my_tasks.py
[2026-07-24T10:48:23.039+0000] {processor.py:925} INFO - DAG(s) 'my_dag' retrieved from /opt/airflow/dags/my_tasks.py
[2026-07-24T10:48:23.057+0000] {logging_mixin.py:190} INFO - [2026-07-24T10:48:23.056+0000] {dag.py:3239} INFO - Sync 1 DAGs
[2026-07-24T10:48:23.072+0000] {logging_mixin.py:190} INFO - [2026-07-24T10:48:23.072+0000] {dag.py:4180} INFO - Setting next_dagrun for my_dag to None, run_after=None
[2026-07-24T10:48:23.086+0000] {processor.py:208} INFO - Processing /opt/airflow/dags/my_tasks.py took 0.060 seconds
[2026-07-24T10:48:53.271+0000] {processor.py:186} INFO - Started process (PID=456) to work on /opt/airflow/dags/my_tasks.py
[2026-07-24T10:48:53.280+0000] {processor.py:914} INFO - Processing file /opt/airflow/dags/my_tasks.py for tasks to queue
[2026-07-24T10:48:53.282+0000] {logging_mixin.py:190} INFO - [2026-07-24T10:48:53.282+0000] {dagbag.py:588} INFO - Filling up the DagBag from /opt/airflow/dags/my_tasks.py
[2026-07-24T10:48:53.289+0000] {processor.py:925} INFO - DAG(s) 'my_dag' retrieved from /opt/airflow/dags/my_tasks.py
[2026-07-24T10:48:53.310+0000] {logging_mixin.py:190} INFO - [2026-07-24T10:48:53.310+0000] {dag.py:3239} INFO - Sync 1 DAGs
[2026-07-24T10:48:53.331+0000] {logging_mixin.py:190} INFO - [2026-07-24T10:48:53.330+0000] {dag.py:4180} INFO - Setting next_dagrun for my_dag to None, run_after=None
[2026-07-24T10:48:53.348+0000] {processor.py:208} INFO - Processing /opt/airflow/dags/my_tasks.py took 0.081 seconds
[2026-07-24T10:49:23.536+0000] {processor.py:186} INFO - Started process (PID=467) to work on /opt/airflow/dags/my_tasks.py
[2026-07-24T10:49:23.537+0000] {processor.py:914} INFO - Processing file /opt/airflow/dags/my_tasks.py for tasks to queue
[2026-07-24T10:49:23.539+0000] {logging_mixin.py:190} INFO - [2026-07-24T10:49:23.539+0000] {dagbag.py:588} INFO - Filling up the DagBag from /opt/airflow/dags/my_tasks.py
[2026-07-24T10:49:23.545+0000] {processor.py:925} INFO - DAG(s) 'my_dag' retrieved from /opt/airflow/dags/my_tasks.py
[2026-07-24T10:49:23.564+0000] {logging_mixin.py:190} INFO - [2026-07-24T10:49:23.564+0000] {dag.py:3239} INFO - Sync 1 DAGs
[2026-07-24T10:49:23.580+0000] {logging_mixin.py:190} INFO - [2026-07-24T10:49:23.579+0000] {dag.py:4180} INFO - Setting next_dagrun for my_dag to None, run_after=None
[2026-07-24T10:49:23.593+0000] {processor.py:208} INFO - Processing /opt/airflow/dags/my_tasks.py took 0.062 seconds
[2026-07-24T10:49:53.784+0000] {processor.py:186} INFO - Started process (PID=478) to work on /opt/airflow/dags/my_tasks.py
[2026-07-24T10:49:53.792+0000] {processor.py:914} INFO - Processing file /opt/airflow/dags/my_tasks.py for tasks to queue
[2026-07-24T10:49:53.794+0000] {logging_mixin.py:190} INFO - [2026-07-24T10:49:53.794+0000] {dagbag.py:588} INFO - Filling up the DagBag from /opt/airflow/dags/my_tasks.py
[2026-07-24T10:49:53.805+0000] {processor.py:925} INFO - DAG(s) 'my_dag' retrieved from /opt/airflow/dags/my_tasks.py
[2026-07-24T10:49:53.833+0000] {logging_mixin.py:190} INFO - [2026-07-24T10:49:53.833+0000] {dag.py:3239} INFO - Sync 1 DAGs
[2026-07-24T10:49:53.854+0000] {logging_mixin.py:190} INFO - [2026-07-24T10:49:53.854+0000] {dag.py:4180} INFO - Setting next_dagrun for my_dag to None, run_after=None
[2026-07-24T10:49:53.877+0000] {processor.py:208} INFO - Processing /opt/airflow/dags/my_tasks.py took 0.100 seconds
[2026-07-24T10:50:24.045+0000] {processor.py:186} INFO - Started process (PID=489) to work on /opt/airflow/dags/my_tasks.py
[2026-07-24T10:50:24.053+0000] {processor.py:914} INFO - Processing file /opt/airflow/dags/my_tasks.py for tasks to queue
[2026-07-24T10:50:24.056+0000] {logging_mixin.py:190} INFO - [2026-07-24T10:50:24.056+0000] {dagbag.py:588} INFO - Filling up the DagBag from /opt/airflow/dags/my_tasks.py
[2026-07-24T10:50:24.065+0000] {processor.py:925} INFO - DAG(s) 'my_dag' retrieved from /opt/airflow/dags/my_tasks.py
[2026-07-24T10:50:24.085+0000] {logging_mixin.py:190} INFO - [2026-07-24T10:50:24.085+0000] {dag.py:3239} INFO - Sync 1 DAGs
[2026-07-24T10:50:24.102+0000] {logging_mixin.py:190} INFO - [2026-07-24T10:50:24.101+0000] {dag.py:4180} INFO - Setting next_dagrun for my_dag to None, run_after=None
[2026-07-24T10:50:24.115+0000] {processor.py:208} INFO - Processing /opt/airflow/dags/my_tasks.py took 0.074 seconds
[2026-07-24T10:50:54.330+0000] {processor.py:186} INFO - Started process (PID=500) to work on /opt/airflow/dags/my_tasks.py
[2026-07-24T10:50:54.336+0000] {processor.py:914} INFO - Processing file /opt/airflow/dags/my_tasks.py for tasks to queue
[2026-07-24T10:50:54.339+0000] {logging_mixin.py:190} INFO - [2026-07-24T10:50:54.339+0000] {dagbag.py:588} INFO - Filling up the DagBag from /opt/airflow/dags/my_tasks.py
[2026-07-24T10:50:54.347+0000] {processor.py:925} INFO - DAG(s) 'my_dag' retrieved from /opt/airflow/dags/my_tasks.py
[2026-07-24T10:50:54.365+0000] {logging_mixin.py:190} INFO - [2026-07-24T10:50:54.365+0000] {dag.py:3239} INFO - Sync 1 DAGs
[2026-07-24T10:50:54.384+0000] {logging_mixin.py:190} INFO - [2026-07-24T10:50:54.383+0000] {dag.py:4180} INFO - Setting next_dagrun for my_dag to None, run_after=None
[2026-07-24T10:50:54.398+0000] {processor.py:208} INFO - Processing /opt/airflow/dags/my_tasks.py took 0.072 seconds
[2026-07-24T10:51:24.585+0000] {processor.py:186} INFO - Started process (PID=511) to work on /opt/airflow/dags/my_tasks.py
[2026-07-24T10:51:24.586+0000] {processor.py:914} INFO - Processing file /opt/airflow/dags/my_tasks.py for tasks to queue
[2026-07-24T10:51:24.587+0000] {logging_mixin.py:190} INFO - [2026-07-24T10:51:24.587+0000] {dagbag.py:588} INFO - Filling up the DagBag from /opt/airflow/dags/my_tasks.py
[2026-07-24T10:51:24.595+0000] {processor.py:925} INFO - DAG(s) 'my_dag' retrieved from /opt/airflow/dags/my_tasks.py
[2026-07-24T10:51:24.615+0000] {logging_mixin.py:190} INFO - [2026-07-24T10:51:24.614+0000] {dag.py:3239} INFO - Sync 1 DAGs
[2026-07-24T10:51:24.631+0000] {logging_mixin.py:190} INFO - [2026-07-24T10:51:24.631+0000] {dag.py:4180} INFO - Setting next_dagrun for my_dag to None, run_after=None
[2026-07-24T10:51:24.648+0000] {processor.py:208} INFO - Processing /opt/airflow/dags/my_tasks.py took 0.066 seconds
[2026-07-24T10:51:54.824+0000] {processor.py:186} INFO - Started process (PID=522) to work on /opt/airflow/dags/my_tasks.py
[2026-07-24T10:51:54.831+0000] {processor.py:914} INFO - Processing file /opt/airflow/dags/my_tasks.py for tasks to queue
[2026-07-24T10:51:54.833+0000] {logging_mixin.py:190} INFO - [2026-07-24T10:51:54.833+0000] {dagbag.py:588} INFO - Filling up the DagBag from /opt/airflow/dags/my_tasks.py
[2026-07-24T10:51:54.841+0000] {processor.py:925} INFO - DAG(s) 'my_dag' retrieved from /opt/airflow/dags/my_tasks.py
[2026-07-24T10:51:54.858+0000] {logging_mixin.py:190} INFO - [2026-07-24T10:51:54.858+0000] {dag.py:3239} INFO - Sync 1 DAGs
[2026-07-24T10:51:54.874+0000] {logging_mixin.py:190} INFO - [2026-07-24T10:51:54.874+0000] {dag.py:4180} INFO - Setting next_dagrun for my_dag to None, run_after=None
[2026-07-24T10:51:54.888+0000] {processor.py:208} INFO - Processing /opt/airflow/dags/my_tasks.py took 0.068 seconds
[2026-07-24T10:52:25.097+0000] {processor.py:186} INFO - Started process (PID=533) to work on /opt/airflow/dags/my_tasks.py
[2026-07-24T10:52:25.105+0000] {processor.py:914} INFO - Processing file /opt/airflow/dags/my_tasks.py for tasks to queue
[2026-07-24T10:52:25.107+0000] {logging_mixin.py:190} INFO - [2026-07-24T10:52:25.107+0000] {dagbag.py:588} INFO - Filling up the DagBag from /opt/airflow/dags/my_tasks.py
[2026-07-24T10:52:25.117+0000] {processor.py:925} INFO - DAG(s) 'my_dag' retrieved from /opt/airflow/dags/my_tasks.py
[2026-07-24T10:52:25.135+0000] {logging_mixin.py:190} INFO - [2026-07-24T10:52:25.135+0000] {dag.py:3239} INFO - Sync 1 DAGs
[2026-07-24T10:52:25.151+0000] {logging_mixin.py:190} INFO - [2026-07-24T10:52:25.151+0000] {dag.py:4180} INFO - Setting next_dagrun for my_dag to None, run_after=None
[2026-07-24T10:52:25.165+0000] {processor.py:208} INFO - Processing /opt/airflow/dags/my_tasks.py took 0.072 seconds
[2026-07-24T10:52:55.364+0000] {processor.py:186} INFO - Started process (PID=544) to work on /opt/airflow/dags/my_tasks.py
[2026-07-24T10:52:55.372+0000] {processor.py:914} INFO - Processing file /opt/airflow/dags/my_tasks.py for tasks to queue
[2026-07-24T10:52:55.374+0000] {logging_mixin.py:190} INFO - [2026-07-24T10:52:55.374+0000] {dagbag.py:588} INFO - Filling up the DagBag from /opt/airflow/dags/my_tasks.py
[2026-07-24T10:52:55.384+0000] {processor.py:925} INFO - DAG(s) 'my_dag' retrieved from /opt/airflow/dags/my_tasks.py
[2026-07-24T10:52:55.401+0000] {logging_mixin.py:190} INFO - [2026-07-24T10:52:55.401+0000] {dag.py:3239} INFO - Sync 1 DAGs
[2026-07-24T10:52:55.418+0000] {logging_mixin.py:190} INFO - [2026-07-24T10:52:55.418+0000] {dag.py:4180} INFO - Setting next_dagrun for my_dag to None, run_after=None
[2026-07-24T10:52:55.432+0000] {processor.py:208} INFO - Processing /opt/airflow/dags/my_tasks.py took 0.072 seconds
[2026-07-24T10:53:25.644+0000] {processor.py:186} INFO - Started process (PID=555) to work on /opt/airflow/dags/my_tasks.py
[2026-07-24T10:53:25.651+0000] {processor.py:914} INFO - Processing file /opt/airflow/dags/my_tasks.py for tasks to queue
[2026-07-24T10:53:25.653+0000] {logging_mixin.py:190} INFO - [2026-07-24T10:53:25.653+0000] {dagbag.py:588} INFO - Filling up the DagBag from /opt/airflow/dags/my_tasks.py
[2026-07-24T10:53:25.663+0000] {processor.py:925} INFO - DAG(s) 'my_dag' retrieved from /opt/airflow/dags/my_tasks.py
[2026-07-24T10:53:25.681+0000] {logging_mixin.py:190} INFO - [2026-07-24T10:53:25.680+0000] {dag.py:3239} INFO - Sync 1 DAGs
[2026-07-24T10:53:25.696+0000] {logging_mixin.py:190} INFO - [2026-07-24T10:53:25.696+0000] {dag.py:4180} INFO - Setting next_dagrun for my_dag to None, run_after=None
[2026-07-24T10:53:25.710+0000] {processor.py:208} INFO - Processing /opt/airflow/dags/my_tasks.py took 0.070 seconds
[2026-07-24T10:53:55.937+0000] {processor.py:186} INFO - Started process (PID=566) to work on /opt/airflow/dags/my_tasks.py
[2026-07-24T10:53:55.945+0000] {processor.py:914} INFO - Processing file /opt/airflow/dags/my_tasks.py for tasks to queue
[2026-07-24T10:53:55.948+0000] {logging_mixin.py:190} INFO - [2026-07-24T10:53:55.947+0000] {dagbag.py:588} INFO - Filling up the DagBag from /opt/airflow/dags/my_tasks.py
[2026-07-24T10:53:55.957+0000] {processor.py:925} INFO - DAG(s) 'my_dag' retrieved from /opt/airflow/dags/my_tasks.py
[2026-07-24T10:53:55.975+0000] {logging_mixin.py:190} INFO - [2026-07-24T10:53:55.975+0000] {dag.py:3239} INFO - Sync 1 DAGs
[2026-07-24T10:53:55.991+0000] {logging_mixin.py:190} INFO - [2026-07-24T10:53:55.991+0000] {dag.py:4180} INFO - Setting next_dagrun for my_dag to None, run_after=None
[2026-07-24T10:53:56.005+0000] {processor.py:208} INFO - Processing /opt/airflow/dags/my_tasks.py took 0.072 seconds
[2026-07-24T10:54:26.197+0000] {processor.py:186} INFO - Started process (PID=577) to work on /opt/airflow/dags/my_tasks.py
[2026-07-24T10:54:26.204+0000] {processor.py:914} INFO - Processing file /opt/airflow/dags/my_tasks.py for tasks to queue
[2026-07-24T10:54:26.207+0000] {logging_mixin.py:190} INFO - [2026-07-24T10:54:26.206+0000] {dagbag.py:588} INFO - Filling up the DagBag from /opt/airflow/dags/my_tasks.py
[2026-07-24T10:54:26.215+0000] {processor.py:925} INFO - DAG(s) 'my_dag' retrieved from /opt/airflow/dags/my_tasks.py
[2026-07-24T10:54:26.233+0000] {logging_mixin.py:190} INFO - [2026-07-24T10:54:26.233+0000] {dag.py:3239} INFO - Sync 1 DAGs
[2026-07-24T10:54:26.249+0000] {logging_mixin.py:190} INFO - [2026-07-24T10:54:26.249+0000] {dag.py:4180} INFO - Setting next_dagrun for my_dag to None, run_after=None
[2026-07-24T10:54:26.263+0000] {processor.py:208} INFO - Processing /opt/airflow/dags/my_tasks.py took 0.069 seconds
[2026-07-24T10:54:56.469+0000] {processor.py:186} INFO - Started process (PID=588) to work on /opt/airflow/dags/my_tasks.py
[2026-07-24T10:54:56.475+0000] {processor.py:914} INFO - Processing file /opt/airflow/dags/my_tasks.py for tasks to queue
[2026-07-24T10:54:56.477+0000] {logging_mixin.py:190} INFO - [2026-07-24T10:54:56.476+0000] {dagbag.py:588} INFO - Filling up the DagBag from /opt/airflow/dags/my_tasks.py
[2026-07-24T10:54:56.486+0000] {processor.py:925} INFO - DAG(s) 'my_dag' retrieved from /opt/airflow/dags/my_tasks.py
[2026-07-24T10:54:56.503+0000] {logging_mixin.py:190} INFO - [2026-07-24T10:54:56.503+0000] {dag.py:3239} INFO - Sync 1 DAGs
[2026-07-24T10:54:56.521+0000] {logging_mixin.py:190} INFO - [2026-07-24T10:54:56.521+0000] {dag.py:4180} INFO - Setting next_dagrun for my_dag to None, run_after=None
[2026-07-24T10:54:56.536+0000] {processor.py:208} INFO - Processing /opt/airflow/dags/my_tasks.py took 0.071 seconds
[2026-07-24T10:55:26.726+0000] {processor.py:186} INFO - Started process (PID=599) to work on /opt/airflow/dags/my_tasks.py
[2026-07-24T10:55:26.734+0000] {processor.py:914} INFO - Processing file /opt/airflow/dags/my_tasks.py for tasks to queue
[2026-07-24T10:55:26.735+0000] {logging_mixin.py:190} INFO - [2026-07-24T10:55:26.735+0000] {dagbag.py:588} INFO - Filling up the DagBag from /opt/airflow/dags/my_tasks.py
[2026-07-24T10:55:26.744+0000] {processor.py:925} INFO - DAG(s) 'my_dag' retrieved from /opt/airflow/dags/my_tasks.py
[2026-07-24T10:55:26.762+0000] {logging_mixin.py:190} INFO - [2026-07-24T10:55:26.762+0000] {dag.py:3239} INFO - Sync 1 DAGs
[2026-07-24T10:55:26.777+0000] {logging_mixin.py:190} INFO - [2026-07-24T10:55:26.777+0000] {dag.py:4180} INFO - Setting next_dagrun for my_dag to None, run_after=None
[2026-07-24T10:55:26.791+0000] {processor.py:208} INFO - Processing /opt/airflow/dags/my_tasks.py took 0.069 seconds
[2026-07-24T10:55:57.006+0000] {processor.py:186} INFO - Started process (PID=610) to work on /opt/airflow/dags/my_tasks.py
[2026-07-24T10:55:57.006+0000] {processor.py:914} INFO - Processing file /opt/airflow/dags/my_tasks.py for tasks to queue
[2026-07-24T10:55:57.008+0000] {logging_mixin.py:190} INFO - [2026-07-24T10:55:57.008+0000] {dagbag.py:588} INFO - Filling up the DagBag from /opt/airflow/dags/my_tasks.py
[2026-07-24T10:55:57.015+0000] {processor.py:925} INFO - DAG(s) 'my_dag' retrieved from /opt/airflow/dags/my_tasks.py
[2026-07-24T10:55:57.035+0000] {logging_mixin.py:190} INFO - [2026-07-24T10:55:57.034+0000] {dag.py:3239} INFO - Sync 1 DAGs
[2026-07-24T10:55:57.051+0000] {logging_mixin.py:190} INFO - [2026-07-24T10:55:57.051+0000] {dag.py:4180} INFO - Setting next_dagrun for my_dag to None, run_after=None
[2026-07-24T10:55:57.064+0000] {processor.py:208} INFO - Processing /opt/airflow/dags/my_tasks.py took 0.062 seconds
[2026-07-24T10:56:27.278+0000] {processor.py:186} INFO - Started process (PID=621) to work on /opt/airflow/dags/my_tasks.py
[2026-07-24T10:56:27.286+0000] {processor.py:914} INFO - Processing file /opt/airflow/dags/my_tasks.py for tasks to queue
[2026-07-24T10:56:27.288+0000] {logging_mixin.py:190} INFO - [2026-07-24T10:56:27.287+0000] {dagbag.py:588} INFO - Filling up the DagBag from /opt/airflow/dags/my_tasks.py
[2026-07-24T10:56:27.295+0000] {processor.py:925} INFO - DAG(s) 'my_dag' retrieved from /opt/airflow/dags/my_tasks.py
[2026-07-24T10:56:27.313+0000] {logging_mixin.py:190} INFO - [2026-07-24T10:56:27.313+0000] {dag.py:3239} INFO - Sync 1 DAGs
[2026-07-24T10:56:27.330+0000] {logging_mixin.py:190} INFO - [2026-07-24T10:56:27.329+0000] {dag.py:4180} INFO - Setting next_dagrun for my_dag to None, run_after=None
[2026-07-24T10:56:27.345+0000] {processor.py:208} INFO - Processing /opt/airflow/dags/my_tasks.py took 0.072 seconds
[2026-07-24T10:56:57.560+0000] {processor.py:186} INFO - Started process (PID=632) to work on /opt/airflow/dags/my_tasks.py
[2026-07-24T10:56:57.561+0000] {processor.py:914} INFO - Processing file /opt/airflow/dags/my_tasks.py for tasks to queue
[2026-07-24T10:56:57.562+0000] {logging_mixin.py:190} INFO - [2026-07-24T10:56:57.562+0000] {dagbag.py:588} INFO - Filling up the DagBag from /opt/airflow/dags/my_tasks.py
[2026-07-24T10:56:57.569+0000] {processor.py:925} INFO - DAG(s) 'my_dag' retrieved from /opt/airflow/dags/my_tasks.py
[2026-07-24T10:56:57.589+0000] {logging_mixin.py:190} INFO - [2026-07-24T10:56:57.589+0000] {dag.py:3239} INFO - Sync 1 DAGs
[2026-07-24T10:56:57.604+0000] {logging_mixin.py:190} INFO - [2026-07-24T10:56:57.604+0000] {dag.py:4180} INFO - Setting next_dagrun for my_dag to None, run_after=None
[2026-07-24T10:56:57.618+0000] {processor.py:208} INFO - Processing /opt/airflow/dags/my_tasks.py took 0.063 seconds
[2026-07-24T10:57:27.822+0000] {processor.py:186} INFO - Started process (PID=643) to work on /opt/airflow/dags/my_tasks.py
[2026-07-24T10:57:27.827+0000] {processor.py:914} INFO - Processing file /opt/airflow/dags/my_tasks.py for tasks to queue
[2026-07-24T10:57:27.830+0000] {logging_mixin.py:190} INFO - [2026-07-24T10:57:27.829+0000] {dagbag.py:588} INFO - Filling up the DagBag from /opt/airflow/dags/my_tasks.py
[2026-07-24T10:57:27.838+0000] {processor.py:925} INFO - DAG(s) 'my_dag' retrieved from /opt/airflow/dags/my_tasks.py
[2026-07-24T10:57:27.862+0000] {logging_mixin.py:190} INFO - [2026-07-24T10:57:27.862+0000] {dag.py:3239} INFO - Sync 1 DAGs
[2026-07-24T10:57:27.885+0000] {logging_mixin.py:190} INFO - [2026-07-24T10:57:27.885+0000] {dag.py:4180} INFO - Setting next_dagrun for my_dag to None, run_after=None
[2026-07-24T10:57:27.905+0000] {processor.py:208} INFO - Processing /opt/airflow/dags/my_tasks.py took 0.088 seconds
[2026-07-24T10:57:58.088+0000] {processor.py:186} INFO - Started process (PID=654) to work on /opt/airflow/dags/my_tasks.py
[2026-07-24T10:57:58.088+0000] {processor.py:914} INFO - Processing file /opt/airflow/dags/my_tasks.py for tasks to queue
[2026-07-24T10:57:58.090+0000] {logging_mixin.py:190} INFO - [2026-07-24T10:57:58.089+0000] {dagbag.py:588} INFO - Filling up the DagBag from /opt/airflow/dags/my_tasks.py
[2026-07-24T10:57:58.100+0000] {processor.py:925} INFO - DAG(s) 'my_dag' retrieved from /opt/airflow/dags/my_tasks.py
[2026-07-24T10:57:58.121+0000] {logging_mixin.py:190} INFO - [2026-07-24T10:57:58.121+0000] {dag.py:3239} INFO - Sync 1 DAGs
[2026-07-24T10:57:58.141+0000] {logging_mixin.py:190} INFO - [2026-07-24T10:57:58.141+0000] {dag.py:4180} INFO - Setting next_dagrun for my_dag to None, run_after=None
[2026-07-24T10:57:58.159+0000] {processor.py:208} INFO - Processing /opt/airflow/dags/my_tasks.py took 0.075 seconds
[2026-07-24T10:58:28.335+0000] {processor.py:186} INFO - Started process (PID=665) to work on /opt/airflow/dags/my_tasks.py
[2026-07-24T10:58:28.336+0000] {processor.py:914} INFO - Processing file /opt/airflow/dags/my_tasks.py for tasks to queue
[2026-07-24T10:58:28.337+0000] {logging_mixin.py:190} INFO - [2026-07-24T10:58:28.337+0000] {dagbag.py:588} INFO - Filling up the DagBag from /opt/airflow/dags/my_tasks.py
[2026-07-24T10:58:28.344+0000] {processor.py:925} INFO - DAG(s) 'my_dag' retrieved from /opt/airflow/dags/my_tasks.py
[2026-07-24T10:58:28.362+0000] {logging_mixin.py:190} INFO - [2026-07-24T10:58:28.362+0000] {dag.py:3239} INFO - Sync 1 DAGs
[2026-07-24T10:58:28.378+0000] {logging_mixin.py:190} INFO - [2026-07-24T10:58:28.378+0000] {dag.py:4180} INFO - Setting next_dagrun for my_dag to None, run_after=None
[2026-07-24T10:58:28.392+0000] {processor.py:208} INFO - Processing /opt/airflow/dags/my_tasks.py took 0.061 seconds
[2026-07-24T10:58:58.584+0000] {processor.py:186} INFO - Started process (PID=676) to work on /opt/airflow/dags/my_tasks.py
[2026-07-24T10:58:58.585+0000] {processor.py:914} INFO - Processing file /opt/airflow/dags/my_tasks.py for tasks to queue
[2026-07-24T10:58:58.586+0000] {logging_mixin.py:190} INFO - [2026-07-24T10:58:58.586+0000] {dagbag.py:588} INFO - Filling up the DagBag from /opt/airflow/dags/my_tasks.py
[2026-07-24T10:58:58.593+0000] {processor.py:925} INFO - DAG(s) 'my_dag' retrieved from /opt/airflow/dags/my_tasks.py
[2026-07-24T10:58:58.611+0000] {logging_mixin.py:190} INFO - [2026-07-24T10:58:58.611+0000] {dag.py:3239} INFO - Sync 1 DAGs
[2026-07-24T10:58:58.627+0000] {logging_mixin.py:190} INFO - [2026-07-24T10:58:58.626+0000] {dag.py:4180} INFO - Setting next_dagrun for my_dag to None, run_after=None
[2026-07-24T10:58:58.644+0000] {processor.py:208} INFO - Processing /opt/airflow/dags/my_tasks.py took 0.063 seconds
[2026-07-24T10:59:28.837+0000] {processor.py:186} INFO - Started process (PID=687) to work on /opt/airflow/dags/my_tasks.py
[2026-07-24T10:59:28.837+0000] {processor.py:914} INFO - Processing file /opt/airflow/dags/my_tasks.py for tasks to queue
[2026-07-24T10:59:28.839+0000] {logging_mixin.py:190} INFO - [2026-07-24T10:59:28.839+0000] {dagbag.py:588} INFO - Filling up the DagBag from /opt/airflow/dags/my_tasks.py
[2026-07-24T10:59:28.845+0000] {processor.py:925} INFO - DAG(s) 'my_dag' retrieved from /opt/airflow/dags/my_tasks.py
[2026-07-24T10:59:28.862+0000] {logging_mixin.py:190} INFO - [2026-07-24T10:59:28.862+0000] {dag.py:3239} INFO - Sync 1 DAGs
[2026-07-24T10:59:28.877+0000] {logging_mixin.py:190} INFO - [2026-07-24T10:59:28.877+0000] {dag.py:4180} INFO - Setting next_dagrun for my_dag to None, run_after=None
[2026-07-24T10:59:28.891+0000] {processor.py:208} INFO - Processing /opt/airflow/dags/my_tasks.py took 0.058 seconds
[2026-07-24T10:59:59.086+0000] {processor.py:186} INFO - Started process (PID=698) to work on /opt/airflow/dags/my_tasks.py
[2026-07-24T10:59:59.095+0000] {processor.py:914} INFO - Processing file /opt/airflow/dags/my_tasks.py for tasks to queue
[2026-07-24T10:59:59.098+0000] {logging_mixin.py:190} INFO - [2026-07-24T10:59:59.098+0000] {dagbag.py:588} INFO - Filling up the DagBag from /opt/airflow/dags/my_tasks.py
[2026-07-24T10:59:59.112+0000] {processor.py:925} INFO - DAG(s) 'my_dag' retrieved from /opt/airflow/dags/my_tasks.py
[2026-07-24T10:59:59.159+0000] {logging_mixin.py:190} INFO - [2026-07-24T10:59:59.159+0000] {dag.py:3239} INFO - Sync 1 DAGs
[2026-07-24T10:59:59.178+0000] {logging_mixin.py:190} INFO - [2026-07-24T10:59:59.178+0000] {dag.py:4180} INFO - Setting next_dagrun for my_dag to None, run_after=None
[2026-07-24T10:59:59.194+0000] {processor.py:208} INFO - Processing /opt/airflow/dags/my_tasks.py took 0.112 seconds
[2026-07-24T11:00:29.360+0000] {processor.py:186} INFO - Started process (PID=709) to work on /opt/airflow/dags/my_tasks.py
[2026-07-24T11:00:29.363+0000] {processor.py:914} INFO - Processing file /opt/airflow/dags/my_tasks.py for tasks to queue
[2026-07-24T11:00:29.364+0000] {logging_mixin.py:190} INFO - [2026-07-24T11:00:29.364+0000] {dagbag.py:588} INFO - Filling up the DagBag from /opt/airflow/dags/my_tasks.py
[2026-07-24T11:00:29.372+0000] {processor.py:925} INFO - DAG(s) 'my_dag' retrieved from /opt/airflow/dags/my_tasks.py
[2026-07-24T11:00:29.389+0000] {logging_mixin.py:190} INFO - [2026-07-24T11:00:29.389+0000] {dag.py:3239} INFO - Sync 1 DAGs
[2026-07-24T11:00:29.404+0000] {logging_mixin.py:190} INFO - [2026-07-24T11:00:29.404+0000] {dag.py:4180} INFO - Setting next_dagrun for my_dag to None, run_after=None
[2026-07-24T11:00:29.419+0000] {processor.py:208} INFO - Processing /opt/airflow/dags/my_tasks.py took 0.063 seconds
[2026-07-24T11:00:59.641+0000] {processor.py:186} INFO - Started process (PID=720) to work on /opt/airflow/dags/my_tasks.py
[2026-07-24T11:00:59.642+0000] {processor.py:914} INFO - Processing file /opt/airflow/dags/my_tasks.py for tasks to queue
[2026-07-24T11:00:59.644+0000] {logging_mixin.py:190} INFO - [2026-07-24T11:00:59.644+0000] {dagbag.py:588} INFO - Filling up the DagBag from /opt/airflow/dags/my_tasks.py
[2026-07-24T11:00:59.659+0000] {processor.py:925} INFO - DAG(s) 'my_dag' retrieved from /opt/airflow/dags/my_tasks.py
[2026-07-24T11:00:59.690+0000] {logging_mixin.py:190} INFO - [2026-07-24T11:00:59.690+0000] {dag.py:3239} INFO - Sync 1 DAGs
[2026-07-24T11:00:59.721+0000] {logging_mixin.py:190} INFO - [2026-07-24T11:00:59.721+0000] {dag.py:4180} INFO - Setting next_dagrun for my_dag to None, run_after=None
[2026-07-24T11:00:59.745+0000] {processor.py:208} INFO - Processing /opt/airflow/dags/my_tasks.py took 0.111 seconds
[2026-07-24T11:01:29.848+0000] {processor.py:186} INFO - Started process (PID=731) to work on /opt/airflow/dags/my_tasks.py
[2026-07-24T11:01:29.856+0000] {processor.py:914} INFO - Processing file /opt/airflow/dags/my_tasks.py for tasks to queue
[2026-07-24T11:01:29.859+0000] {logging_mixin.py:190} INFO - [2026-07-24T11:01:29.858+0000] {dagbag.py:588} INFO - Filling up the DagBag from /opt/airflow/dags/my_tasks.py
[2026-07-24T11:01:29.867+0000] {processor.py:925} INFO - DAG(s) 'my_dag' retrieved from /opt/airflow/dags/my_tasks.py
[2026-07-24T11:01:29.887+0000] {logging_mixin.py:190} INFO - [2026-07-24T11:01:29.887+0000] {dag.py:3239} INFO - Sync 1 DAGs
[2026-07-24T11:01:29.904+0000] {logging_mixin.py:190} INFO - [2026-07-24T11:01:29.904+0000] {dag.py:4180} INFO - Setting next_dagrun for my_dag to None, run_after=None
[2026-07-24T11:01:29.918+0000] {processor.py:208} INFO - Processing /opt/airflow/dags/my_tasks.py took 0.074 seconds
[2026-07-24T11:02:00.086+0000] {processor.py:186} INFO - Started process (PID=742) to work on /opt/airflow/dags/my_tasks.py
[2026-07-24T11:02:00.094+0000] {processor.py:914} INFO - Processing file /opt/airflow/dags/my_tasks.py for tasks to queue
[2026-07-24T11:02:00.095+0000] {logging_mixin.py:190} INFO - [2026-07-24T11:02:00.095+0000] {dagbag.py:588} INFO - Filling up the DagBag from /opt/airflow/dags/my_tasks.py
[2026-07-24T11:02:00.104+0000] {processor.py:925} INFO - DAG(s) 'my_dag' retrieved from /opt/airflow/dags/my_tasks.py
[2026-07-24T11:02:00.123+0000] {logging_mixin.py:190} INFO - [2026-07-24T11:02:00.123+0000] {dag.py:3239} INFO - Sync 1 DAGs
[2026-07-24T11:02:00.139+0000] {logging_mixin.py:190} INFO - [2026-07-24T11:02:00.139+0000] {dag.py:4180} INFO - Setting next_dagrun for my_dag to None, run_after=None
[2026-07-24T11:02:00.154+0000] {processor.py:208} INFO - Processing /opt/airflow/dags/my_tasks.py took 0.072 seconds
[2026-07-24T11:02:30.308+0000] {processor.py:186} INFO - Started process (PID=753) to work on /opt/airflow/dags/my_tasks.py
[2026-07-24T11:02:30.316+0000] {processor.py:914} INFO - Processing file /opt/airflow/dags/my_tasks.py for tasks to queue
[2026-07-24T11:02:30.318+0000] {logging_mixin.py:190} INFO - [2026-07-24T11:02:30.318+0000] {dagbag.py:588} INFO - Filling up the DagBag from /opt/airflow/dags/my_tasks.py
[2026-07-24T11:02:30.326+0000] {processor.py:925} INFO - DAG(s) 'my_dag' retrieved from /opt/airflow/dags/my_tasks.py
[2026-07-24T11:02:30.345+0000] {logging_mixin.py:190} INFO - [2026-07-24T11:02:30.344+0000] {dag.py:3239} INFO - Sync 1 DAGs
[2026-07-24T11:02:30.362+0000] {logging_mixin.py:190} INFO - [2026-07-24T11:02:30.362+0000] {dag.py:4180} INFO - Setting next_dagrun for my_dag to None, run_after=None
[2026-07-24T11:02:30.376+0000] {processor.py:208} INFO - Processing /opt/airflow/dags/my_tasks.py took 0.071 seconds
[2026-07-24T11:03:00.531+0000] {processor.py:186} INFO - Started process (PID=764) to work on /opt/airflow/dags/my_tasks.py
[2026-07-24T11:03:00.532+0000] {processor.py:914} INFO - Processing file /opt/airflow/dags/my_tasks.py for tasks to queue
[2026-07-24T11:03:00.536+0000] {logging_mixin.py:190} INFO - [2026-07-24T11:03:00.535+0000] {dagbag.py:588} INFO - Filling up the DagBag from /opt/airflow/dags/my_tasks.py
[2026-07-24T11:03:00.542+0000] {processor.py:925} INFO - DAG(s) 'my_dag' retrieved from /opt/airflow/dags/my_tasks.py
[2026-07-24T11:03:00.564+0000] {logging_mixin.py:190} INFO - [2026-07-24T11:03:00.564+0000] {dag.py:3239} INFO - Sync 1 DAGs
[2026-07-24T11:03:00.584+0000] {logging_mixin.py:190} INFO - [2026-07-24T11:03:00.584+0000] {dag.py:4180} INFO - Setting next_dagrun for my_dag to None, run_after=None
[2026-07-24T11:03:00.599+0000] {processor.py:208} INFO - Processing /opt/airflow/dags/my_tasks.py took 0.073 seconds
[2026-07-24T11:03:30.761+0000] {processor.py:186} INFO - Started process (PID=775) to work on /opt/airflow/dags/my_tasks.py
[2026-07-24T11:03:30.769+0000] {processor.py:914} INFO - Processing file /opt/airflow/dags/my_tasks.py for tasks to queue
[2026-07-24T11:03:30.771+0000] {logging_mixin.py:190} INFO - [2026-07-24T11:03:30.771+0000] {dagbag.py:588} INFO - Filling up the DagBag from /opt/airflow/dags/my_tasks.py
[2026-07-24T11:03:30.780+0000] {processor.py:925} INFO - DAG(s) 'my_dag' retrieved from /opt/airflow/dags/my_tasks.py
[2026-07-24T11:03:30.799+0000] {logging_mixin.py:190} INFO - [2026-07-24T11:03:30.799+0000] {dag.py:3239} INFO - Sync 1 DAGs
[2026-07-24T11:03:30.815+0000] {logging_mixin.py:190} INFO - [2026-07-24T11:03:30.815+0000] {dag.py:4180} INFO - Setting next_dagrun for my_dag to None, run_after=None
[2026-07-24T11:03:30.829+0000] {processor.py:208} INFO - Processing /opt/airflow/dags/my_tasks.py took 0.072 seconds
[2026-07-24T11:04:00.996+0000] {processor.py:186} INFO - Started process (PID=786) to work on /opt/airflow/dags/my_tasks.py
[2026-07-24T11:04:01.000+0000] {processor.py:914} INFO - Processing file /opt/airflow/dags/my_tasks.py for tasks to queue
[2026-07-24T11:04:01.003+0000] {logging_mixin.py:190} INFO - [2026-07-24T11:04:01.002+0000] {dagbag.py:588} INFO - Filling up the DagBag from /opt/airflow/dags/my_tasks.py
[2026-07-24T11:04:01.011+0000] {processor.py:925} INFO - DAG(s) 'my_dag' retrieved from /opt/airflow/dags/my_tasks.py
[2026-07-24T11:04:01.032+0000] {logging_mixin.py:190} INFO - [2026-07-24T11:04:01.032+0000] {dag.py:3239} INFO - Sync 1 DAGs
[2026-07-24T11:04:01.055+0000] {logging_mixin.py:190} INFO - [2026-07-24T11:04:01.054+0000] {dag.py:4180} INFO - Setting next_dagrun for my_dag to None, run_after=None
[2026-07-24T11:04:01.072+0000] {processor.py:208} INFO - Processing /opt/airflow/dags/my_tasks.py took 0.080 seconds
[2026-07-24T11:04:31.208+0000] {processor.py:186} INFO - Started process (PID=797) to work on /opt/airflow/dags/my_tasks.py
[2026-07-24T11:04:31.216+0000] {processor.py:914} INFO - Processing file /opt/airflow/dags/my_tasks.py for tasks to queue
[2026-07-24T11:04:31.218+0000] {logging_mixin.py:190} INFO - [2026-07-24T11:04:31.217+0000] {dagbag.py:588} INFO - Filling up the DagBag from /opt/airflow/dags/my_tasks.py
[2026-07-24T11:04:31.226+0000] {processor.py:925} INFO - DAG(s) 'my_dag' retrieved from /opt/airflow/dags/my_tasks.py
[2026-07-24T11:04:31.244+0000] {logging_mixin.py:190} INFO - [2026-07-24T11:04:31.244+0000] {dag.py:3239} INFO - Sync 1 DAGs
[2026-07-24T11:04:31.260+0000] {logging_mixin.py:190} INFO - [2026-07-24T11:04:31.260+0000] {dag.py:4180} INFO - Setting next_dagrun for my_dag to None, run_after=None
[2026-07-24T11:04:31.274+0000] {processor.py:208} INFO - Processing /opt/airflow/dags/my_tasks.py took 0.071 seconds
[2026-07-24T11:05:01.475+0000] {processor.py:186} INFO - Started process (PID=808) to work on /opt/airflow/dags/my_tasks.py
[2026-07-24T11:05:01.476+0000] {processor.py:914} INFO - Processing file /opt/airflow/dags/my_tasks.py for tasks to queue
[2026-07-24T11:05:01.478+0000] {logging_mixin.py:190} INFO - [2026-07-24T11:05:01.477+0000] {dagbag.py:588} INFO - Filling up the DagBag from /opt/airflow/dags/my_tasks.py
[2026-07-24T11:05:01.485+0000] {processor.py:925} INFO - DAG(s) 'my_dag' retrieved from /opt/airflow/dags/my_tasks.py
[2026-07-24T11:05:01.504+0000] {logging_mixin.py:190} INFO - [2026-07-24T11:05:01.504+0000] {dag.py:3239} INFO - Sync 1 DAGs
[2026-07-24T11:05:01.520+0000] {logging_mixin.py:190} INFO - [2026-07-24T11:05:01.520+0000] {dag.py:4180} INFO - Setting next_dagrun for my_dag to None, run_after=None
[2026-07-24T11:05:01.534+0000] {processor.py:208} INFO - Processing /opt/airflow/dags/my_tasks.py took 0.062 seconds
[2026-07-24T11:05:31.737+0000] {processor.py:186} INFO - Started process (PID=819) to work on /opt/airflow/dags/my_tasks.py
[2026-07-24T11:05:31.744+0000] {processor.py:914} INFO - Processing file /opt/airflow/dags/my_tasks.py for tasks to queue
[2026-07-24T11:05:31.747+0000] {logging_mixin.py:190} INFO - [2026-07-24T11:05:31.746+0000] {dagbag.py:588} INFO - Filling up the DagBag from /opt/airflow/dags/my_tasks.py
[2026-07-24T11:05:31.756+0000] {processor.py:925} INFO - DAG(s) 'my_dag' retrieved from /opt/airflow/dags/my_tasks.py
[2026-07-24T11:05:31.774+0000] {logging_mixin.py:190} INFO - [2026-07-24T11:05:31.774+0000] {dag.py:3239} INFO - Sync 1 DAGs
[2026-07-24T11:05:31.791+0000] {logging_mixin.py:190} INFO - [2026-07-24T11:05:31.791+0000] {dag.py:4180} INFO - Setting next_dagrun for my_dag to None, run_after=None
[2026-07-24T11:05:31.806+0000] {processor.py:208} INFO - Processing /opt/airflow/dags/my_tasks.py took 0.073 seconds
[2026-07-24T11:06:01.991+0000] {processor.py:186} INFO - Started process (PID=830) to work on /opt/airflow/dags/my_tasks.py
[2026-07-24T11:06:01.991+0000] {processor.py:914} INFO - Processing file /opt/airflow/dags/my_tasks.py for tasks to queue
[2026-07-24T11:06:01.993+0000] {logging_mixin.py:190} INFO - [2026-07-24T11:06:01.992+0000] {dagbag.py:588} INFO - Filling up the DagBag from /opt/airflow/dags/my_tasks.py
[2026-07-24T11:06:02.000+0000] {processor.py:925} INFO - DAG(s) 'my_dag' retrieved from /opt/airflow/dags/my_tasks.py
[2026-07-24T11:06:02.018+0000] {logging_mixin.py:190} INFO - [2026-07-24T11:06:02.018+0000] {dag.py:3239} INFO - Sync 1 DAGs
[2026-07-24T11:06:02.035+0000] {logging_mixin.py:190} INFO - [2026-07-24T11:06:02.035+0000] {dag.py:4180} INFO - Setting next_dagrun for my_dag to None, run_after=None
[2026-07-24T11:06:02.049+0000] {processor.py:208} INFO - Processing /opt/airflow/dags/my_tasks.py took 0.063 seconds
[2026-07-24T11:06:32.241+0000] {processor.py:186} INFO - Started process (PID=841) to work on /opt/airflow/dags/my_tasks.py
[2026-07-24T11:06:32.241+0000] {processor.py:914} INFO - Processing file /opt/airflow/dags/my_tasks.py for tasks to queue
[2026-07-24T11:06:32.243+0000] {logging_mixin.py:190} INFO - [2026-07-24T11:06:32.242+0000] {dagbag.py:588} INFO - Filling up the DagBag from /opt/airflow/dags/my_tasks.py
[2026-07-24T11:06:32.250+0000] {processor.py:925} INFO - DAG(s) 'my_dag' retrieved from /opt/airflow/dags/my_tasks.py
[2026-07-24T11:06:32.268+0000] {logging_mixin.py:190} INFO - [2026-07-24T11:06:32.268+0000] {dag.py:3239} INFO - Sync 1 DAGs
[2026-07-24T11:06:32.284+0000] {logging_mixin.py:190} INFO - [2026-07-24T11:06:32.284+0000] {dag.py:4180} INFO - Setting next_dagrun for my_dag to None, run_after=None
[2026-07-24T11:06:32.299+0000] {processor.py:208} INFO - Processing /opt/airflow/dags/my_tasks.py took 0.062 seconds
[2026-07-24T11:07:02.500+0000] {processor.py:186} INFO - Started process (PID=852) to work on /opt/airflow/dags/my_tasks.py
[2026-07-24T11:07:02.500+0000] {processor.py:914} INFO - Processing file /opt/airflow/dags/my_tasks.py for tasks to queue
[2026-07-24T11:07:02.502+0000] {logging_mixin.py:190} INFO - [2026-07-24T11:07:02.502+0000] {dagbag.py:588} INFO - Filling up the DagBag from /opt/airflow/dags/my_tasks.py
[2026-07-24T11:07:02.508+0000] {processor.py:925} INFO - DAG(s) 'my_dag' retrieved from /opt/airflow/dags/my_tasks.py
[2026-07-24T11:07:02.526+0000] {logging_mixin.py:190} INFO - [2026-07-24T11:07:02.526+0000] {dag.py:3239} INFO - Sync 1 DAGs
[2026-07-24T11:07:02.543+0000] {logging_mixin.py:190} INFO - [2026-07-24T11:07:02.542+0000] {dag.py:4180} INFO - Setting next_dagrun for my_dag to None, run_after=None
[2026-07-24T11:07:02.557+0000] {processor.py:208} INFO - Processing /opt/airflow/dags/my_tasks.py took 0.061 seconds
[2026-07-24T11:07:32.737+0000] {processor.py:186} INFO - Started process (PID=863) to work on /opt/airflow/dags/my_tasks.py
[2026-07-24T11:07:32.738+0000] {processor.py:914} INFO - Processing file /opt/airflow/dags/my_tasks.py for tasks to queue
[2026-07-24T11:07:32.739+0000] {logging_mixin.py:190} INFO - [2026-07-24T11:07:32.739+0000] {dagbag.py:588} INFO - Filling up the DagBag from /opt/airflow/dags/my_tasks.py
[2026-07-24T11:07:32.746+0000] {processor.py:925} INFO - DAG(s) 'my_dag' retrieved from /opt/airflow/dags/my_tasks.py
[2026-07-24T11:07:32.765+0000] {logging_mixin.py:190} INFO - [2026-07-24T11:07:32.764+0000] {dag.py:3239} INFO - Sync 1 DAGs
[2026-07-24T11:07:32.781+0000] {logging_mixin.py:190} INFO - [2026-07-24T11:07:32.780+0000] {dag.py:4180} INFO - Setting next_dagrun for my_dag to None, run_after=None
[2026-07-24T11:07:32.795+0000] {processor.py:208} INFO - Processing /opt/airflow/dags/my_tasks.py took 0.061 seconds
[2026-07-24T11:08:03.027+0000] {processor.py:186} INFO - Started process (PID=874) to work on /opt/airflow/dags/my_tasks.py
[2026-07-24T11:08:03.027+0000] {processor.py:914} INFO - Processing file /opt/airflow/dags/my_tasks.py for tasks to queue
[2026-07-24T11:08:03.028+0000] {logging_mixin.py:190} INFO - [2026-07-24T11:08:03.028+0000] {dagbag.py:588} INFO - Filling up the DagBag from /opt/airflow/dags/my_tasks.py
[2026-07-24T11:08:03.036+0000] {processor.py:925} INFO - DAG(s) 'my_dag' retrieved from /opt/airflow/dags/my_tasks.py
[2026-07-24T11:08:03.054+0000] {logging_mixin.py:190} INFO - [2026-07-24T11:08:03.054+0000] {dag.py:3239} INFO - Sync 1 DAGs
[2026-07-24T11:08:03.071+0000] {logging_mixin.py:190} INFO - [2026-07-24T11:08:03.071+0000] {dag.py:4180} INFO - Setting next_dagrun for my_dag to None, run_after=None
[2026-07-24T11:08:03.085+0000] {processor.py:208} INFO - Processing /opt/airflow/dags/my_tasks.py took 0.064 seconds
[2026-07-24T11:08:33.284+0000] {processor.py:186} INFO - Started process (PID=885) to work on /opt/airflow/dags/my_tasks.py
[2026-07-24T11:08:33.289+0000] {processor.py:914} INFO - Processing file /opt/airflow/dags/my_tasks.py for tasks to queue
[2026-07-24T11:08:33.291+0000] {logging_mixin.py:190} INFO - [2026-07-24T11:08:33.291+0000] {dagbag.py:588} INFO - Filling up the DagBag from /opt/airflow/dags/my_tasks.py
[2026-07-24T11:08:33.298+0000] {processor.py:925} INFO - DAG(s) 'my_dag' retrieved from /opt/airflow/dags/my_tasks.py
[2026-07-24T11:08:33.317+0000] {logging_mixin.py:190} INFO - [2026-07-24T11:08:33.317+0000] {dag.py:3239} INFO - Sync 1 DAGs
[2026-07-24T11:08:33.333+0000] {logging_mixin.py:190} INFO - [2026-07-24T11:08:33.333+0000] {dag.py:4180} INFO - Setting next_dagrun for my_dag to None, run_after=None
[2026-07-24T11:08:33.348+0000] {processor.py:208} INFO - Processing /opt/airflow/dags/my_tasks.py took 0.068 seconds
[2026-07-24T11:09:03.558+0000] {processor.py:186} INFO - Started process (PID=896) to work on /opt/airflow/dags/my_tasks.py
[2026-07-24T11:09:03.558+0000] {processor.py:914} INFO - Processing file /opt/airflow/dags/my_tasks.py for tasks to queue
[2026-07-24T11:09:03.559+0000] {logging_mixin.py:190} INFO - [2026-07-24T11:09:03.559+0000] {dagbag.py:588} INFO - Filling up the DagBag from /opt/airflow/dags/my_tasks.py
[2026-07-24T11:09:03.566+0000] {processor.py:925} INFO - DAG(s) 'my_dag' retrieved from /opt/airflow/dags/my_tasks.py
[2026-07-24T11:09:03.584+0000] {logging_mixin.py:190} INFO - [2026-07-24T11:09:03.584+0000] {dag.py:3239} INFO - Sync 1 DAGs
[2026-07-24T11:09:03.604+0000] {logging_mixin.py:190} INFO - [2026-07-24T11:09:03.603+0000] {dag.py:4180} INFO - Setting next_dagrun for my_dag to None, run_after=None
[2026-07-24T11:09:03.619+0000] {processor.py:208} INFO - Processing /opt/airflow/dags/my_tasks.py took 0.067 seconds
[2026-07-24T11:09:33.808+0000] {processor.py:186} INFO - Started process (PID=907) to work on /opt/airflow/dags/my_tasks.py
[2026-07-24T11:09:33.816+0000] {processor.py:914} INFO - Processing file /opt/airflow/dags/my_tasks.py for tasks to queue
[2026-07-24T11:09:33.818+0000] {logging_mixin.py:190} INFO - [2026-07-24T11:09:33.818+0000] {dagbag.py:588} INFO - Filling up the DagBag from /opt/airflow/dags/my_tasks.py
[2026-07-24T11:09:33.825+0000] {processor.py:925} INFO - DAG(s) 'my_dag' retrieved from /opt/airflow/dags/my_tasks.py
[2026-07-24T11:09:33.843+0000] {logging_mixin.py:190} INFO - [2026-07-24T11:09:33.843+0000] {dag.py:3239} INFO - Sync 1 DAGs
[2026-07-24T11:09:33.860+0000] {logging_mixin.py:190} INFO - [2026-07-24T11:09:33.860+0000] {dag.py:4180} INFO - Setting next_dagrun for my_dag to None, run_after=None
[2026-07-24T11:09:33.874+0000] {processor.py:208} INFO - Processing /opt/airflow/dags/my_tasks.py took 0.070 seconds
[2026-07-24T11:10:04.063+0000] {processor.py:186} INFO - Started process (PID=918) to work on /opt/airflow/dags/my_tasks.py
[2026-07-24T11:10:04.064+0000] {processor.py:914} INFO - Processing file /opt/airflow/dags/my_tasks.py for tasks to queue
[2026-07-24T11:10:04.065+0000] {logging_mixin.py:190} INFO - [2026-07-24T11:10:04.065+0000] {dagbag.py:588} INFO - Filling up the DagBag from /opt/airflow/dags/my_tasks.py
[2026-07-24T11:10:04.073+0000] {processor.py:925} INFO - DAG(s) 'my_dag' retrieved from /opt/airflow/dags/my_tasks.py
[2026-07-24T11:10:04.092+0000] {logging_mixin.py:190} INFO - [2026-07-24T11:10:04.092+0000] {dag.py:3239} INFO - Sync 1 DAGs
[2026-07-24T11:10:04.108+0000] {logging_mixin.py:190} INFO - [2026-07-24T11:10:04.108+0000] {dag.py:4180} INFO - Setting next_dagrun for my_dag to None, run_after=None
[2026-07-24T11:10:04.123+0000] {processor.py:208} INFO - Processing /opt/airflow/dags/my_tasks.py took 0.063 seconds
[2026-07-24T11:10:34.328+0000] {processor.py:186} INFO - Started process (PID=929) to work on /opt/airflow/dags/my_tasks.py
[2026-07-24T11:10:34.328+0000] {processor.py:914} INFO - Processing file /opt/airflow/dags/my_tasks.py for tasks to queue
[2026-07-24T11:10:34.330+0000] {logging_mixin.py:190} INFO - [2026-07-24T11:10:34.330+0000] {dagbag.py:588} INFO - Filling up the DagBag from /opt/airflow/dags/my_tasks.py
[2026-07-24T11:10:34.337+0000] {processor.py:925} INFO - DAG(s) 'my_dag' retrieved from /opt/airflow/dags/my_tasks.py
[2026-07-24T11:10:34.356+0000] {logging_mixin.py:190} INFO - [2026-07-24T11:10:34.355+0000] {dag.py:3239} INFO - Sync 1 DAGs
[2026-07-24T11:10:34.372+0000] {logging_mixin.py:190} INFO - [2026-07-24T11:10:34.372+0000] {dag.py:4180} INFO - Setting next_dagrun for my_dag to None, run_after=None
[2026-07-24T11:10:34.386+0000] {processor.py:208} INFO - Processing /opt/airflow/dags/my_tasks.py took 0.062 seconds
[2026-07-24T11:11:04.580+0000] {processor.py:186} INFO - Started process (PID=940) to work on /opt/airflow/dags/my_tasks.py
[2026-07-24T11:11:04.581+0000] {processor.py:914} INFO - Processing file /opt/airflow/dags/my_tasks.py for tasks to queue
[2026-07-24T11:11:04.583+0000] {logging_mixin.py:190} INFO - [2026-07-24T11:11:04.582+0000] {dagbag.py:588} INFO - Filling up the DagBag from /opt/airflow/dags/my_tasks.py
[2026-07-24T11:11:04.589+0000] {processor.py:925} INFO - DAG(s) 'my_dag' retrieved from /opt/airflow/dags/my_tasks.py
[2026-07-24T11:11:04.607+0000] {logging_mixin.py:190} INFO - [2026-07-24T11:11:04.607+0000] {dag.py:3239} INFO - Sync 1 DAGs
[2026-07-24T11:11:04.623+0000] {logging_mixin.py:190} INFO - [2026-07-24T11:11:04.623+0000] {dag.py:4180} INFO - Setting next_dagrun for my_dag to None, run_after=None
[2026-07-24T11:11:04.637+0000] {processor.py:208} INFO - Processing /opt/airflow/dags/my_tasks.py took 0.061 seconds
[2026-07-24T11:11:34.846+0000] {processor.py:186} INFO - Started process (PID=951) to work on /opt/airflow/dags/my_tasks.py
[2026-07-24T11:11:34.854+0000] {processor.py:914} INFO - Processing file /opt/airflow/dags/my_tasks.py for tasks to queue
[2026-07-24T11:11:34.856+0000] {logging_mixin.py:190} INFO - [2026-07-24T11:11:34.855+0000] {dagbag.py:588} INFO - Filling up the DagBag from /opt/airflow/dags/my_tasks.py
[2026-07-24T11:11:34.864+0000] {processor.py:925} INFO - DAG(s) 'my_dag' retrieved from /opt/airflow/dags/my_tasks.py
[2026-07-24T11:11:34.882+0000] {logging_mixin.py:190} INFO - [2026-07-24T11:11:34.882+0000] {dag.py:3239} INFO - Sync 1 DAGs
[2026-07-24T11:11:34.898+0000] {logging_mixin.py:190} INFO - [2026-07-24T11:11:34.898+0000] {dag.py:4180} INFO - Setting next_dagrun for my_dag to None, run_after=None
[2026-07-24T11:11:34.912+0000] {processor.py:208} INFO - Processing /opt/airflow/dags/my_tasks.py took 0.071 seconds
[2026-07-24T11:12:05.101+0000] {processor.py:186} INFO - Started process (PID=962) to work on /opt/airflow/dags/my_tasks.py
[2026-07-24T11:12:05.102+0000] {processor.py:914} INFO - Processing file /opt/airflow/dags/my_tasks.py for tasks to queue
[2026-07-24T11:12:05.103+0000] {logging_mixin.py:190} INFO - [2026-07-24T11:12:05.103+0000] {dagbag.py:588} INFO - Filling up the DagBag from /opt/airflow/dags/my_tasks.py
[2026-07-24T11:12:05.110+0000] {processor.py:925} INFO - DAG(s) 'my_dag' retrieved from /opt/airflow/dags/my_tasks.py
[2026-07-24T11:12:05.128+0000] {logging_mixin.py:190} INFO - [2026-07-24T11:12:05.128+0000] {dag.py:3239} INFO - Sync 1 DAGs
[2026-07-24T11:12:05.144+0000] {logging_mixin.py:190} INFO - [2026-07-24T11:12:05.144+0000] {dag.py:4180} INFO - Setting next_dagrun for my_dag to None, run_after=None
[2026-07-24T11:12:05.158+0000] {processor.py:208} INFO - Processing /opt/airflow/dags/my_tasks.py took 0.060 seconds
[2026-07-24T11:12:35.361+0000] {processor.py:186} INFO - Started process (PID=973) to work on /opt/airflow/dags/my_tasks.py
[2026-07-24T11:12:35.369+0000] {processor.py:914} INFO - Processing file /opt/airflow/dags/my_tasks.py for tasks to queue
[2026-07-24T11:12:35.371+0000] {logging_mixin.py:190} INFO - [2026-07-24T11:12:35.370+0000] {dagbag.py:588} INFO - Filling up the DagBag from /opt/airflow/dags/my_tasks.py
[2026-07-24T11:12:35.379+0000] {processor.py:925} INFO - DAG(s) 'my_dag' retrieved from /opt/airflow/dags/my_tasks.py
[2026-07-24T11:12:35.399+0000] {logging_mixin.py:190} INFO - [2026-07-24T11:12:35.398+0000] {dag.py:3239} INFO - Sync 1 DAGs
[2026-07-24T11:12:35.416+0000] {logging_mixin.py:190} INFO - [2026-07-24T11:12:35.416+0000] {dag.py:4180} INFO - Setting next_dagrun for my_dag to None, run_after=None
[2026-07-24T11:12:35.432+0000] {processor.py:208} INFO - Processing /opt/airflow/dags/my_tasks.py took 0.075 seconds
[2026-07-24T11:13:05.631+0000] {processor.py:186} INFO - Started process (PID=984) to work on /opt/airflow/dags/my_tasks.py
[2026-07-24T11:13:05.631+0000] {processor.py:914} INFO - Processing file /opt/airflow/dags/my_tasks.py for tasks to queue
[2026-07-24T11:13:05.632+0000] {logging_mixin.py:190} INFO - [2026-07-24T11:13:05.632+0000] {dagbag.py:588} INFO - Filling up the DagBag from /opt/airflow/dags/my_tasks.py
[2026-07-24T11:13:05.639+0000] {processor.py:925} INFO - DAG(s) 'my_dag' retrieved from /opt/airflow/dags/my_tasks.py
[2026-07-24T11:13:05.657+0000] {logging_mixin.py:190} INFO - [2026-07-24T11:13:05.657+0000] {dag.py:3239} INFO - Sync 1 DAGs
[2026-07-24T11:13:05.674+0000] {logging_mixin.py:190} INFO - [2026-07-24T11:13:05.674+0000] {dag.py:4180} INFO - Setting next_dagrun for my_dag to None, run_after=None
[2026-07-24T11:13:05.689+0000] {processor.py:208} INFO - Processing /opt/airflow/dags/my_tasks.py took 0.063 seconds
[2026-07-24T11:13:35.888+0000] {processor.py:186} INFO - Started process (PID=995) to work on /opt/airflow/dags/my_tasks.py
[2026-07-24T11:13:35.896+0000] {processor.py:914} INFO - Processing file /opt/airflow/dags/my_tasks.py for tasks to queue
[2026-07-24T11:13:35.898+0000] {logging_mixin.py:190} INFO - [2026-07-24T11:13:35.898+0000] {dagbag.py:588} INFO - Filling up the DagBag from /opt/airflow/dags/my_tasks.py
[2026-07-24T11:13:35.906+0000] {processor.py:925} INFO - DAG(s) 'my_dag' retrieved from /opt/airflow/dags/my_tasks.py
[2026-07-24T11:13:35.925+0000] {logging_mixin.py:190} INFO - [2026-07-24T11:13:35.924+0000] {dag.py:3239} INFO - Sync 1 DAGs
[2026-07-24T11:13:35.941+0000] {logging_mixin.py:190} INFO - [2026-07-24T11:13:35.941+0000] {dag.py:4180} INFO - Setting next_dagrun for my_dag to None, run_after=None
[2026-07-24T11:13:35.956+0000] {processor.py:208} INFO - Processing /opt/airflow/dags/my_tasks.py took 0.071 seconds
[2026-07-24T11:14:06.148+0000] {processor.py:186} INFO - Started process (PID=1006) to work on /opt/airflow/dags/my_tasks.py
[2026-07-24T11:14:06.149+0000] {processor.py:914} INFO - Processing file /opt/airflow/dags/my_tasks.py for tasks to queue
[2026-07-24T11:14:06.151+0000] {logging_mixin.py:190} INFO - [2026-07-24T11:14:06.150+0000] {dagbag.py:588} INFO - Filling up the DagBag from /opt/airflow/dags/my_tasks.py
[2026-07-24T11:14:06.158+0000] {processor.py:925} INFO - DAG(s) 'my_dag' retrieved from /opt/airflow/dags/my_tasks.py
[2026-07-24T11:14:06.176+0000] {logging_mixin.py:190} INFO - [2026-07-24T11:14:06.176+0000] {dag.py:3239} INFO - Sync 1 DAGs
[2026-07-24T11:14:06.192+0000] {logging_mixin.py:190} INFO - [2026-07-24T11:14:06.192+0000] {dag.py:4180} INFO - Setting next_dagrun for my_dag to None, run_after=None
[2026-07-24T11:14:06.207+0000] {processor.py:208} INFO - Processing /opt/airflow/dags/my_tasks.py took 0.062 seconds
[2026-07-24T11:14:36.403+0000] {processor.py:186} INFO - Started process (PID=1017) to work on /opt/airflow/dags/my_tasks.py
[2026-07-24T11:14:36.411+0000] {processor.py:914} INFO - Processing file /opt/airflow/dags/my_tasks.py for tasks to queue
[2026-07-24T11:14:36.414+0000] {logging_mixin.py:190} INFO - [2026-07-24T11:14:36.414+0000] {dagbag.py:588} INFO - Filling up the DagBag from /opt/airflow/dags/my_tasks.py
[2026-07-24T11:14:36.424+0000] {processor.py:925} INFO - DAG(s) 'my_dag' retrieved from /opt/airflow/dags/my_tasks.py
[2026-07-24T11:14:36.442+0000] {logging_mixin.py:190} INFO - [2026-07-24T11:14:36.442+0000] {dag.py:3239} INFO - Sync 1 DAGs
[2026-07-24T11:14:36.459+0000] {logging_mixin.py:190} INFO - [2026-07-24T11:14:36.458+0000] {dag.py:4180} INFO - Setting next_dagrun for my_dag to None, run_after=None
[2026-07-24T11:14:36.472+0000] {processor.py:208} INFO - Processing /opt/airflow/dags/my_tasks.py took 0.073 seconds
[2026-07-24T11:15:06.658+0000] {processor.py:186} INFO - Started process (PID=1028) to work on /opt/airflow/dags/my_tasks.py
[2026-07-24T11:15:06.658+0000] {processor.py:914} INFO - Processing file /opt/airflow/dags/my_tasks.py for tasks to queue
[2026-07-24T11:15:06.659+0000] {logging_mixin.py:190} INFO - [2026-07-24T11:15:06.659+0000] {dagbag.py:588} INFO - Filling up the DagBag from /opt/airflow/dags/my_tasks.py
[2026-07-24T11:15:06.666+0000] {processor.py:925} INFO - DAG(s) 'my_dag' retrieved from /opt/airflow/dags/my_tasks.py
[2026-07-24T11:15:06.685+0000] {logging_mixin.py:190} INFO - [2026-07-24T11:15:06.684+0000] {dag.py:3239} INFO - Sync 1 DAGs
[2026-07-24T11:15:06.701+0000] {logging_mixin.py:190} INFO - [2026-07-24T11:15:06.701+0000] {dag.py:4180} INFO - Setting next_dagrun for my_dag to None, run_after=None
[2026-07-24T11:15:06.716+0000] {processor.py:208} INFO - Processing /opt/airflow/dags/my_tasks.py took 0.062 seconds
[2026-07-24T11:15:36.905+0000] {processor.py:186} INFO - Started process (PID=1039) to work on /opt/airflow/dags/my_tasks.py
[2026-07-24T11:15:36.911+0000] {processor.py:914} INFO - Processing file /opt/airflow/dags/my_tasks.py for tasks to queue
[2026-07-24T11:15:36.913+0000] {logging_mixin.py:190} INFO - [2026-07-24T11:15:36.912+0000] {dagbag.py:588} INFO - Filling up the DagBag from /opt/airflow/dags/my_tasks.py
[2026-07-24T11:15:36.921+0000] {processor.py:925} INFO - DAG(s) 'my_dag' retrieved from /opt/airflow/dags/my_tasks.py
[2026-07-24T11:15:36.940+0000] {logging_mixin.py:190} INFO - [2026-07-24T11:15:36.939+0000] {dag.py:3239} INFO - Sync 1 DAGs
[2026-07-24T11:15:36.956+0000] {logging_mixin.py:190} INFO - [2026-07-24T11:15:36.956+0000] {dag.py:4180} INFO - Setting next_dagrun for my_dag to None, run_after=None
[2026-07-24T11:15:36.970+0000] {processor.py:208} INFO - Processing /opt/airflow/dags/my_tasks.py took 0.070 seconds
[2026-07-24T11:16:07.165+0000] {processor.py:186} INFO - Started process (PID=1050) to work on /opt/airflow/dags/my_tasks.py
[2026-07-24T11:16:07.166+0000] {processor.py:914} INFO - Processing file /opt/airflow/dags/my_tasks.py for tasks to queue
[2026-07-24T11:16:07.168+0000] {logging_mixin.py:190} INFO - [2026-07-24T11:16:07.168+0000] {dagbag.py:588} INFO - Filling up the DagBag from /opt/airflow/dags/my_tasks.py
[2026-07-24T11:16:07.175+0000] {processor.py:925} INFO - DAG(s) 'my_dag' retrieved from /opt/airflow/dags/my_tasks.py
[2026-07-24T11:16:07.193+0000] {logging_mixin.py:190} INFO - [2026-07-24T11:16:07.193+0000] {dag.py:3239} INFO - Sync 1 DAGs
[2026-07-24T11:16:07.212+0000] {logging_mixin.py:190} INFO - [2026-07-24T11:16:07.212+0000] {dag.py:4180} INFO - Setting next_dagrun for my_dag to None, run_after=None
[2026-07-24T11:16:07.228+0000] {processor.py:208} INFO - Processing /opt/airflow/dags/my_tasks.py took 0.067 seconds
[2026-07-24T11:16:37.427+0000] {processor.py:186} INFO - Started process (PID=1061) to work on /opt/airflow/dags/my_tasks.py
[2026-07-24T11:16:37.435+0000] {processor.py:914} INFO - Processing file /opt/airflow/dags/my_tasks.py for tasks to queue
[2026-07-24T11:16:37.437+0000] {logging_mixin.py:190} INFO - [2026-07-24T11:16:37.437+0000] {dagbag.py:588} INFO - Filling up the DagBag from /opt/airflow/dags/my_tasks.py
[2026-07-24T11:16:37.446+0000] {processor.py:925} INFO - DAG(s) 'my_dag' retrieved from /opt/airflow/dags/my_tasks.py
[2026-07-24T11:16:37.464+0000] {logging_mixin.py:190} INFO - [2026-07-24T11:16:37.464+0000] {dag.py:3239} INFO - Sync 1 DAGs
[2026-07-24T11:16:37.480+0000] {logging_mixin.py:190} INFO - [2026-07-24T11:16:37.480+0000] {dag.py:4180} INFO - Setting next_dagrun for my_dag to None, run_after=None
[2026-07-24T11:16:37.494+0000] {processor.py:208} INFO - Processing /opt/airflow/dags/my_tasks.py took 0.071 seconds
[2026-07-24T11:17:07.681+0000] {processor.py:186} INFO - Started process (PID=1072) to work on /opt/airflow/dags/my_tasks.py
[2026-07-24T11:17:07.681+0000] {processor.py:914} INFO - Processing file /opt/airflow/dags/my_tasks.py for tasks to queue
[2026-07-24T11:17:07.683+0000] {logging_mixin.py:190} INFO - [2026-07-24T11:17:07.682+0000] {dagbag.py:588} INFO - Filling up the DagBag from /opt/airflow/dags/my_tasks.py
[2026-07-24T11:17:07.690+0000] {processor.py:925} INFO - DAG(s) 'my_dag' retrieved from /opt/airflow/dags/my_tasks.py
[2026-07-24T11:17:07.708+0000] {logging_mixin.py:190} INFO - [2026-07-24T11:17:07.708+0000] {dag.py:3239} INFO - Sync 1 DAGs
[2026-07-24T11:17:07.724+0000] {logging_mixin.py:190} INFO - [2026-07-24T11:17:07.724+0000] {dag.py:4180} INFO - Setting next_dagrun for my_dag to None, run_after=None
[2026-07-24T11:17:07.738+0000] {processor.py:208} INFO - Processing /opt/airflow/dags/my_tasks.py took 0.062 seconds
[2026-07-24T11:17:37.942+0000] {processor.py:186} INFO - Started process (PID=1083) to work on /opt/airflow/dags/my_tasks.py
[2026-07-24T11:17:37.950+0000] {processor.py:914} INFO - Processing file /opt/airflow/dags/my_tasks.py for tasks to queue
[2026-07-24T11:17:37.952+0000] {logging_mixin.py:190} INFO - [2026-07-24T11:17:37.952+0000] {dagbag.py:588} INFO - Filling up the DagBag from /opt/airflow/dags/my_tasks.py
[2026-07-24T11:17:37.962+0000] {processor.py:925} INFO - DAG(s) 'my_dag' retrieved from /opt/airflow/dags/my_tasks.py
[2026-07-24T11:17:37.981+0000] {logging_mixin.py:190} INFO - [2026-07-24T11:17:37.980+0000] {dag.py:3239} INFO - Sync 1 DAGs
[2026-07-24T11:17:37.997+0000] {logging_mixin.py:190} INFO - [2026-07-24T11:17:37.997+0000] {dag.py:4180} INFO - Setting next_dagrun for my_dag to None, run_after=None
[2026-07-24T11:17:38.011+0000] {processor.py:208} INFO - Processing /opt/airflow/dags/my_tasks.py took 0.073 seconds
[2026-07-24T11:18:08.203+0000] {processor.py:186} INFO - Started process (PID=1094) to work on /opt/airflow/dags/my_tasks.py
[2026-07-24T11:18:08.204+0000] {processor.py:914} INFO - Processing file /opt/airflow/dags/my_tasks.py for tasks to queue
[2026-07-24T11:18:08.206+0000] {logging_mixin.py:190} INFO - [2026-07-24T11:18:08.205+0000] {dagbag.py:588} INFO - Filling up the DagBag from /opt/airflow/dags/my_tasks.py
[2026-07-24T11:18:08.213+0000] {processor.py:925} INFO - DAG(s) 'my_dag' retrieved from /opt/airflow/dags/my_tasks.py
[2026-07-24T11:18:08.232+0000] {logging_mixin.py:190} INFO - [2026-07-24T11:18:08.231+0000] {dag.py:3239} INFO - Sync 1 DAGs
[2026-07-24T11:18:08.249+0000] {logging_mixin.py:190} INFO - [2026-07-24T11:18:08.248+0000] {dag.py:4180} INFO - Setting next_dagrun for my_dag to None, run_after=None
[2026-07-24T11:18:08.263+0000] {processor.py:208} INFO - Processing /opt/airflow/dags/my_tasks.py took 0.064 seconds
[2026-07-24T11:18:38.466+0000] {processor.py:186} INFO - Started process (PID=1105) to work on /opt/airflow/dags/my_tasks.py
[2026-07-24T11:18:38.474+0000] {processor.py:914} INFO - Processing file /opt/airflow/dags/my_tasks.py for tasks to queue
[2026-07-24T11:18:38.477+0000] {logging_mixin.py:190} INFO - [2026-07-24T11:18:38.477+0000] {dagbag.py:588} INFO - Filling up the DagBag from /opt/airflow/dags/my_tasks.py
[2026-07-24T11:18:38.485+0000] {processor.py:925} INFO - DAG(s) 'my_dag' retrieved from /opt/airflow/dags/my_tasks.py
[2026-07-24T11:18:38.503+0000] {logging_mixin.py:190} INFO - [2026-07-24T11:18:38.503+0000] {dag.py:3239} INFO - Sync 1 DAGs
[2026-07-24T11:18:38.521+0000] {logging_mixin.py:190} INFO - [2026-07-24T11:18:38.521+0000] {dag.py:4180} INFO - Setting next_dagrun for my_dag to None, run_after=None
[2026-07-24T11:18:38.535+0000] {processor.py:208} INFO - Processing /opt/airflow/dags/my_tasks.py took 0.074 seconds
[2026-07-24T11:19:08.704+0000] {processor.py:186} INFO - Started process (PID=1116) to work on /opt/airflow/dags/my_tasks.py
[2026-07-24T11:19:08.704+0000] {processor.py:914} INFO - Processing file /opt/airflow/dags/my_tasks.py for tasks to queue
[2026-07-24T11:19:08.705+0000] {logging_mixin.py:190} INFO - [2026-07-24T11:19:08.705+0000] {dagbag.py:588} INFO - Filling up the DagBag from /opt/airflow/dags/my_tasks.py
[2026-07-24T11:19:08.713+0000] {processor.py:925} INFO - DAG(s) 'my_dag' retrieved from /opt/airflow/dags/my_tasks.py
[2026-07-24T11:19:08.731+0000] {logging_mixin.py:190} INFO - [2026-07-24T11:19:08.730+0000] {dag.py:3239} INFO - Sync 1 DAGs
[2026-07-24T11:19:08.747+0000] {logging_mixin.py:190} INFO - [2026-07-24T11:19:08.747+0000] {dag.py:4180} INFO - Setting next_dagrun for my_dag to None, run_after=None
[2026-07-24T11:19:08.761+0000] {processor.py:208} INFO - Processing /opt/airflow/dags/my_tasks.py took 0.062 seconds
[2026-07-24T11:19:38.950+0000] {processor.py:186} INFO - Started process (PID=1127) to work on /opt/airflow/dags/my_tasks.py
[2026-07-24T11:19:38.958+0000] {processor.py:914} INFO - Processing file /opt/airflow/dags/my_tasks.py for tasks to queue
[2026-07-24T11:19:38.962+0000] {logging_mixin.py:190} INFO - [2026-07-24T11:19:38.961+0000] {dagbag.py:588} INFO - Filling up the DagBag from /opt/airflow/dags/my_tasks.py
[2026-07-24T11:19:38.970+0000] {processor.py:925} INFO - DAG(s) 'my_dag' retrieved from /opt/airflow/dags/my_tasks.py
[2026-07-24T11:19:38.988+0000] {logging_mixin.py:190} INFO - [2026-07-24T11:19:38.988+0000] {dag.py:3239} INFO - Sync 1 DAGs
[2026-07-24T11:19:39.004+0000] {logging_mixin.py:190} INFO - [2026-07-24T11:19:39.004+0000] {dag.py:4180} INFO - Setting next_dagrun for my_dag to None, run_after=None
[2026-07-24T11:19:39.020+0000] {processor.py:208} INFO - Processing /opt/airflow/dags/my_tasks.py took 0.074 seconds
[2026-07-24T11:20:09.211+0000] {processor.py:186} INFO - Started process (PID=1138) to work on /opt/airflow/dags/my_tasks.py
[2026-07-24T11:20:09.212+0000] {processor.py:914} INFO - Processing file /opt/airflow/dags/my_tasks.py for tasks to queue
[2026-07-24T11:20:09.213+0000] {logging_mixin.py:190} INFO - [2026-07-24T11:20:09.213+0000] {dagbag.py:588} INFO - Filling up the DagBag from /opt/airflow/dags/my_tasks.py
[2026-07-24T11:20:09.220+0000] {processor.py:925} INFO - DAG(s) 'my_dag' retrieved from /opt/airflow/dags/my_tasks.py
[2026-07-24T11:20:09.239+0000] {logging_mixin.py:190} INFO - [2026-07-24T11:20:09.239+0000] {dag.py:3239} INFO - Sync 1 DAGs
[2026-07-24T11:20:09.256+0000] {logging_mixin.py:190} INFO - [2026-07-24T11:20:09.256+0000] {dag.py:4180} INFO - Setting next_dagrun for my_dag to None, run_after=None
[2026-07-24T11:20:09.270+0000] {processor.py:208} INFO - Processing /opt/airflow/dags/my_tasks.py took 0.063 seconds
[2026-07-24T11:20:39.464+0000] {processor.py:186} INFO - Started process (PID=1149) to work on /opt/airflow/dags/my_tasks.py
[2026-07-24T11:20:39.465+0000] {processor.py:914} INFO - Processing file /opt/airflow/dags/my_tasks.py for tasks to queue
[2026-07-24T11:20:39.466+0000] {logging_mixin.py:190} INFO - [2026-07-24T11:20:39.466+0000] {dagbag.py:588} INFO - Filling up the DagBag from /opt/airflow/dags/my_tasks.py
[2026-07-24T11:20:39.473+0000] {processor.py:925} INFO - DAG(s) 'my_dag' retrieved from /opt/airflow/dags/my_tasks.py
[2026-07-24T11:20:39.492+0000] {logging_mixin.py:190} INFO - [2026-07-24T11:20:39.492+0000] {dag.py:3239} INFO - Sync 1 DAGs
[2026-07-24T11:20:39.508+0000] {logging_mixin.py:190} INFO - [2026-07-24T11:20:39.508+0000] {dag.py:4180} INFO - Setting next_dagrun for my_dag to None, run_after=None
[2026-07-24T11:20:39.522+0000] {processor.py:208} INFO - Processing /opt/airflow/dags/my_tasks.py took 0.062 seconds
[2026-07-24T11:21:09.719+0000] {processor.py:186} INFO - Started process (PID=1160) to work on /opt/airflow/dags/my_tasks.py
[2026-07-24T11:21:09.725+0000] {processor.py:914} INFO - Processing file /opt/airflow/dags/my_tasks.py for tasks to queue
[2026-07-24T11:21:09.727+0000] {logging_mixin.py:190} INFO - [2026-07-24T11:21:09.726+0000] {dagbag.py:588} INFO - Filling up the DagBag from /opt/airflow/dags/my_tasks.py
[2026-07-24T11:21:09.734+0000] {processor.py:925} INFO - DAG(s) 'my_dag' retrieved from /opt/airflow/dags/my_tasks.py
[2026-07-24T11:21:09.753+0000] {logging_mixin.py:190} INFO - [2026-07-24T11:21:09.752+0000] {dag.py:3239} INFO - Sync 1 DAGs
[2026-07-24T11:21:09.769+0000] {logging_mixin.py:190} INFO - [2026-07-24T11:21:09.768+0000] {dag.py:4180} INFO - Setting next_dagrun for my_dag to None, run_after=None
[2026-07-24T11:21:09.787+0000] {processor.py:208} INFO - Processing /opt/airflow/dags/my_tasks.py took 0.071 seconds
[2026-07-24T11:21:39.990+0000] {processor.py:186} INFO - Started process (PID=1171) to work on /opt/airflow/dags/my_tasks.py
[2026-07-24T11:21:39.998+0000] {processor.py:914} INFO - Processing file /opt/airflow/dags/my_tasks.py for tasks to queue
[2026-07-24T11:21:40.001+0000] {logging_mixin.py:190} INFO - [2026-07-24T11:21:40.000+0000] {dagbag.py:588} INFO - Filling up the DagBag from /opt/airflow/dags/my_tasks.py
[2026-07-24T11:21:40.008+0000] {processor.py:925} INFO - DAG(s) 'my_dag' retrieved from /opt/airflow/dags/my_tasks.py
[2026-07-24T11:21:40.027+0000] {logging_mixin.py:190} INFO - [2026-07-24T11:21:40.027+0000] {dag.py:3239} INFO - Sync 1 DAGs
[2026-07-24T11:21:40.044+0000] {logging_mixin.py:190} INFO - [2026-07-24T11:21:40.044+0000] {dag.py:4180} INFO - Setting next_dagrun for my_dag to None, run_after=None
[2026-07-24T11:21:40.058+0000] {processor.py:208} INFO - Processing /opt/airflow/dags/my_tasks.py took 0.073 seconds
[2026-07-24T11:22:10.239+0000] {processor.py:186} INFO - Started process (PID=1182) to work on /opt/airflow/dags/my_tasks.py
[2026-07-24T11:22:10.240+0000] {processor.py:914} INFO - Processing file /opt/airflow/dags/my_tasks.py for tasks to queue
[2026-07-24T11:22:10.241+0000] {logging_mixin.py:190} INFO - [2026-07-24T11:22:10.241+0000] {dagbag.py:588} INFO - Filling up the DagBag from /opt/airflow/dags/my_tasks.py
[2026-07-24T11:22:10.248+0000] {processor.py:925} INFO - DAG(s) 'my_dag' retrieved from /opt/airflow/dags/my_tasks.py
[2026-07-24T11:22:10.267+0000] {logging_mixin.py:190} INFO - [2026-07-24T11:22:10.266+0000] {dag.py:3239} INFO - Sync 1 DAGs
[2026-07-24T11:22:10.284+0000] {logging_mixin.py:190} INFO - [2026-07-24T11:22:10.284+0000] {dag.py:4180} INFO - Setting next_dagrun for my_dag to None, run_after=None
[2026-07-24T11:22:10.298+0000] {processor.py:208} INFO - Processing /opt/airflow/dags/my_tasks.py took 0.063 seconds
[2026-07-24T11:22:40.489+0000] {processor.py:186} INFO - Started process (PID=1193) to work on /opt/airflow/dags/my_tasks.py
[2026-07-24T11:22:40.497+0000] {processor.py:914} INFO - Processing file /opt/airflow/dags/my_tasks.py for tasks to queue
[2026-07-24T11:22:40.498+0000] {logging_mixin.py:190} INFO - [2026-07-24T11:22:40.498+0000] {dagbag.py:588} INFO - Filling up the DagBag from /opt/airflow/dags/my_tasks.py
[2026-07-24T11:22:40.505+0000] {processor.py:925} INFO - DAG(s) 'my_dag' retrieved from /opt/airflow/dags/my_tasks.py
[2026-07-24T11:22:40.524+0000] {logging_mixin.py:190} INFO - [2026-07-24T11:22:40.524+0000] {dag.py:3239} INFO - Sync 1 DAGs
[2026-07-24T11:22:40.541+0000] {logging_mixin.py:190} INFO - [2026-07-24T11:22:40.541+0000] {dag.py:4180} INFO - Setting next_dagrun for my_dag to None, run_after=None
[2026-07-24T11:22:40.554+0000] {processor.py:208} INFO - Processing /opt/airflow/dags/my_tasks.py took 0.070 seconds
[2026-07-24T11:23:10.720+0000] {processor.py:186} INFO - Started process (PID=1204) to work on /opt/airflow/dags/my_tasks.py
[2026-07-24T11:23:10.721+0000] {processor.py:914} INFO - Processing file /opt/airflow/dags/my_tasks.py for tasks to queue
[2026-07-24T11:23:10.723+0000] {logging_mixin.py:190} INFO - [2026-07-24T11:23:10.723+0000] {dagbag.py:588} INFO - Filling up the DagBag from /opt/airflow/dags/my_tasks.py
[2026-07-24T11:23:10.737+0000] {processor.py:925} INFO - DAG(s) 'my_dag' retrieved from /opt/airflow/dags/my_tasks.py
[2026-07-24T11:23:10.765+0000] {logging_mixin.py:190} INFO - [2026-07-24T11:23:10.764+0000] {dag.py:3239} INFO - Sync 1 DAGs
[2026-07-24T11:23:10.792+0000] {logging_mixin.py:190} INFO - [2026-07-24T11:23:10.791+0000] {dag.py:4180} INFO - Setting next_dagrun for my_dag to None, run_after=None
[2026-07-24T11:23:10.811+0000] {processor.py:208} INFO - Processing /opt/airflow/dags/my_tasks.py took 0.098 seconds
[2026-07-24T11:23:40.947+0000] {processor.py:186} INFO - Started process (PID=1215) to work on /opt/airflow/dags/my_tasks.py
[2026-07-24T11:23:40.955+0000] {processor.py:914} INFO - Processing file /opt/airflow/dags/my_tasks.py for tasks to queue
[2026-07-24T11:23:40.957+0000] {logging_mixin.py:190} INFO - [2026-07-24T11:23:40.957+0000] {dagbag.py:588} INFO - Filling up the DagBag from /opt/airflow/dags/my_tasks.py
[2026-07-24T11:23:40.964+0000] {processor.py:925} INFO - DAG(s) 'my_dag' retrieved from /opt/airflow/dags/my_tasks.py
[2026-07-24T11:23:40.983+0000] {logging_mixin.py:190} INFO - [2026-07-24T11:23:40.983+0000] {dag.py:3239} INFO - Sync 1 DAGs
[2026-07-24T11:23:40.998+0000] {logging_mixin.py:190} INFO - [2026-07-24T11:23:40.998+0000] {dag.py:4180} INFO - Setting next_dagrun for my_dag to None, run_after=None
[2026-07-24T11:23:41.012+0000] {processor.py:208} INFO - Processing /opt/airflow/dags/my_tasks.py took 0.069 seconds
[2026-07-24T11:24:11.235+0000] {processor.py:186} INFO - Started process (PID=1226) to work on /opt/airflow/dags/my_tasks.py
[2026-07-24T11:24:11.242+0000] {processor.py:914} INFO - Processing file /opt/airflow/dags/my_tasks.py for tasks to queue
[2026-07-24T11:24:11.244+0000] {logging_mixin.py:190} INFO - [2026-07-24T11:24:11.244+0000] {dagbag.py:588} INFO - Filling up the DagBag from /opt/airflow/dags/my_tasks.py
[2026-07-24T11:24:11.254+0000] {processor.py:925} INFO - DAG(s) 'my_dag' retrieved from /opt/airflow/dags/my_tasks.py
[2026-07-24T11:24:11.274+0000] {logging_mixin.py:190} INFO - [2026-07-24T11:24:11.274+0000] {dag.py:3239} INFO - Sync 1 DAGs
[2026-07-24T11:24:11.290+0000] {logging_mixin.py:190} INFO - [2026-07-24T11:24:11.289+0000] {dag.py:4180} INFO - Setting next_dagrun for my_dag to None, run_after=None
[2026-07-24T11:24:11.311+0000] {processor.py:208} INFO - Processing /opt/airflow/dags/my_tasks.py took 0.081 seconds
[2026-07-24T11:24:41.469+0000] {processor.py:186} INFO - Started process (PID=1237) to work on /opt/airflow/dags/my_tasks.py
[2026-07-24T11:24:41.470+0000] {processor.py:914} INFO - Processing file /opt/airflow/dags/my_tasks.py for tasks to queue
[2026-07-24T11:24:41.471+0000] {logging_mixin.py:190} INFO - [2026-07-24T11:24:41.471+0000] {dagbag.py:588} INFO - Filling up the DagBag from /opt/airflow/dags/my_tasks.py
[2026-07-24T11:24:41.478+0000] {processor.py:925} INFO - DAG(s) 'my_dag' retrieved from /opt/airflow/dags/my_tasks.py
[2026-07-24T11:24:41.498+0000] {logging_mixin.py:190} INFO - [2026-07-24T11:24:41.498+0000] {dag.py:3239} INFO - Sync 1 DAGs
[2026-07-24T11:24:41.514+0000] {logging_mixin.py:190} INFO - [2026-07-24T11:24:41.513+0000] {dag.py:4180} INFO - Setting next_dagrun for my_dag to None, run_after=None
[2026-07-24T11:24:41.527+0000] {processor.py:208} INFO - Processing /opt/airflow/dags/my_tasks.py took 0.062 seconds
[2026-07-24T11:25:11.725+0000] {processor.py:186} INFO - Started process (PID=1248) to work on /opt/airflow/dags/my_tasks.py
[2026-07-24T11:25:13.697+0000] {processor.py:914} INFO - Processing file /opt/airflow/dags/my_tasks.py for tasks to queue
[2026-07-24T11:25:13.702+0000] {logging_mixin.py:190} INFO - [2026-07-24T11:25:13.701+0000] {dagbag.py:588} INFO - Filling up the DagBag from /opt/airflow/dags/my_tasks.py
[2026-07-24T11:25:13.719+0000] {processor.py:925} INFO - DAG(s) 'my_dag' retrieved from /opt/airflow/dags/my_tasks.py
[2026-07-24T11:25:13.766+0000] {logging_mixin.py:190} INFO - [2026-07-24T11:25:13.765+0000] {dag.py:3239} INFO - Sync 1 DAGs
[2026-07-24T11:25:13.786+0000] {logging_mixin.py:190} INFO - [2026-07-24T11:25:13.786+0000] {dag.py:4180} INFO - Setting next_dagrun for my_dag to None, run_after=None
[2026-07-24T11:25:14.686+0000] {processor.py:208} INFO - Processing /opt/airflow/dags/my_tasks.py took 2.966 seconds
[2026-07-24T11:25:44.899+0000] {processor.py:186} INFO - Started process (PID=1259) to work on /opt/airflow/dags/my_tasks.py
[2026-07-24T11:25:45.259+0000] {processor.py:914} INFO - Processing file /opt/airflow/dags/my_tasks.py for tasks to queue
[2026-07-24T11:25:45.263+0000] {logging_mixin.py:190} INFO - [2026-07-24T11:25:45.262+0000] {dagbag.py:588} INFO - Filling up the DagBag from /opt/airflow/dags/my_tasks.py
[2026-07-24T11:25:45.278+0000] {processor.py:925} INFO - DAG(s) 'my_dag' retrieved from /opt/airflow/dags/my_tasks.py
[2026-07-24T11:25:45.297+0000] {logging_mixin.py:190} INFO - [2026-07-24T11:25:45.296+0000] {dag.py:3239} INFO - Sync 1 DAGs
[2026-07-24T11:25:45.316+0000] {logging_mixin.py:190} INFO - [2026-07-24T11:25:45.316+0000] {dag.py:4180} INFO - Setting next_dagrun for my_dag to None, run_after=None
[2026-07-24T11:25:46.913+0000] {processor.py:208} INFO - Processing /opt/airflow/dags/my_tasks.py took 2.020 seconds
[2026-07-24T11:26:17.173+0000] {processor.py:186} INFO - Started process (PID=1270) to work on /opt/airflow/dags/my_tasks.py
[2026-07-24T11:26:17.173+0000] {processor.py:914} INFO - Processing file /opt/airflow/dags/my_tasks.py for tasks to queue
[2026-07-24T11:26:17.175+0000] {logging_mixin.py:190} INFO - [2026-07-24T11:26:17.174+0000] {dagbag.py:588} INFO - Filling up the DagBag from /opt/airflow/dags/my_tasks.py
[2026-07-24T11:26:17.181+0000] {processor.py:925} INFO - DAG(s) 'my_dag' retrieved from /opt/airflow/dags/my_tasks.py
[2026-07-24T11:26:17.199+0000] {logging_mixin.py:190} INFO - [2026-07-24T11:26:17.198+0000] {dag.py:3239} INFO - Sync 1 DAGs
[2026-07-24T11:26:17.215+0000] {logging_mixin.py:190} INFO - [2026-07-24T11:26:17.214+0000] {dag.py:4180} INFO - Setting next_dagrun for my_dag to None, run_after=None
[2026-07-24T11:26:17.228+0000] {processor.py:208} INFO - Processing /opt/airflow/dags/my_tasks.py took 0.061 seconds
[2026-07-24T11:26:47.431+0000] {processor.py:186} INFO - Started process (PID=1281) to work on /opt/airflow/dags/my_tasks.py
[2026-07-24T11:26:47.439+0000] {processor.py:914} INFO - Processing file /opt/airflow/dags/my_tasks.py for tasks to queue
[2026-07-24T11:26:47.441+0000] {logging_mixin.py:190} INFO - [2026-07-24T11:26:47.441+0000] {dagbag.py:588} INFO - Filling up the DagBag from /opt/airflow/dags/my_tasks.py
[2026-07-24T11:26:47.448+0000] {processor.py:925} INFO - DAG(s) 'my_dag' retrieved from /opt/airflow/dags/my_tasks.py
[2026-07-24T11:26:47.470+0000] {logging_mixin.py:190} INFO - [2026-07-24T11:26:47.469+0000] {dag.py:3239} INFO - Sync 1 DAGs
[2026-07-24T11:26:47.487+0000] {logging_mixin.py:190} INFO - [2026-07-24T11:26:47.487+0000] {dag.py:4180} INFO - Setting next_dagrun for my_dag to None, run_after=None
[2026-07-24T11:26:47.504+0000] {processor.py:208} INFO - Processing /opt/airflow/dags/my_tasks.py took 0.077 seconds
[2026-07-24T11:27:17.721+0000] {processor.py:186} INFO - Started process (PID=1292) to work on /opt/airflow/dags/my_tasks.py
[2026-07-24T11:27:17.722+0000] {processor.py:914} INFO - Processing file /opt/airflow/dags/my_tasks.py for tasks to queue
[2026-07-24T11:27:17.724+0000] {logging_mixin.py:190} INFO - [2026-07-24T11:27:17.723+0000] {dagbag.py:588} INFO - Filling up the DagBag from /opt/airflow/dags/my_tasks.py
[2026-07-24T11:27:17.731+0000] {processor.py:925} INFO - DAG(s) 'my_dag' retrieved from /opt/airflow/dags/my_tasks.py
[2026-07-24T11:27:17.748+0000] {logging_mixin.py:190} INFO - [2026-07-24T11:27:17.748+0000] {dag.py:3239} INFO - Sync 1 DAGs
[2026-07-24T11:27:17.764+0000] {logging_mixin.py:190} INFO - [2026-07-24T11:27:17.764+0000] {dag.py:4180} INFO - Setting next_dagrun for my_dag to None, run_after=None
[2026-07-24T11:27:17.781+0000] {processor.py:208} INFO - Processing /opt/airflow/dags/my_tasks.py took 0.064 seconds
[2026-07-24T11:27:47.971+0000] {processor.py:186} INFO - Started process (PID=1303) to work on /opt/airflow/dags/my_tasks.py
[2026-07-24T11:27:47.972+0000] {processor.py:914} INFO - Processing file /opt/airflow/dags/my_tasks.py for tasks to queue
[2026-07-24T11:27:47.974+0000] {logging_mixin.py:190} INFO - [2026-07-24T11:27:47.973+0000] {dagbag.py:588} INFO - Filling up the DagBag from /opt/airflow/dags/my_tasks.py
[2026-07-24T11:27:47.981+0000] {processor.py:925} INFO - DAG(s) 'my_dag' retrieved from /opt/airflow/dags/my_tasks.py
[2026-07-24T11:27:47.999+0000] {logging_mixin.py:190} INFO - [2026-07-24T11:27:47.999+0000] {dag.py:3239} INFO - Sync 1 DAGs
[2026-07-24T11:27:48.014+0000] {logging_mixin.py:190} INFO - [2026-07-24T11:27:48.014+0000] {dag.py:4180} INFO - Setting next_dagrun for my_dag to None, run_after=None
[2026-07-24T11:27:48.029+0000] {processor.py:208} INFO - Processing /opt/airflow/dags/my_tasks.py took 0.062 seconds
[2026-07-24T11:28:18.248+0000] {processor.py:186} INFO - Started process (PID=1314) to work on /opt/airflow/dags/my_tasks.py
[2026-07-24T11:28:18.249+0000] {processor.py:914} INFO - Processing file /opt/airflow/dags/my_tasks.py for tasks to queue
[2026-07-24T11:28:18.250+0000] {logging_mixin.py:190} INFO - [2026-07-24T11:28:18.250+0000] {dagbag.py:588} INFO - Filling up the DagBag from /opt/airflow/dags/my_tasks.py
[2026-07-24T11:28:18.258+0000] {processor.py:925} INFO - DAG(s) 'my_dag' retrieved from /opt/airflow/dags/my_tasks.py
[2026-07-24T11:28:18.276+0000] {logging_mixin.py:190} INFO - [2026-07-24T11:28:18.276+0000] {dag.py:3239} INFO - Sync 1 DAGs
[2026-07-24T11:28:18.292+0000] {logging_mixin.py:190} INFO - [2026-07-24T11:28:18.292+0000] {dag.py:4180} INFO - Setting next_dagrun for my_dag to None, run_after=None
[2026-07-24T11:28:18.306+0000] {processor.py:208} INFO - Processing /opt/airflow/dags/my_tasks.py took 0.062 seconds
[2026-07-24T11:28:48.523+0000] {processor.py:186} INFO - Started process (PID=1325) to work on /opt/airflow/dags/my_tasks.py
[2026-07-24T11:28:48.531+0000] {processor.py:914} INFO - Processing file /opt/airflow/dags/my_tasks.py for tasks to queue
[2026-07-24T11:28:48.536+0000] {logging_mixin.py:190} INFO - [2026-07-24T11:28:48.535+0000] {dagbag.py:588} INFO - Filling up the DagBag from /opt/airflow/dags/my_tasks.py
[2026-07-24T11:28:48.546+0000] {processor.py:925} INFO - DAG(s) 'my_dag' retrieved from /opt/airflow/dags/my_tasks.py
[2026-07-24T11:28:48.568+0000] {logging_mixin.py:190} INFO - [2026-07-24T11:28:48.567+0000] {dag.py:3239} INFO - Sync 1 DAGs
[2026-07-24T11:28:48.583+0000] {logging_mixin.py:190} INFO - [2026-07-24T11:28:48.583+0000] {dag.py:4180} INFO - Setting next_dagrun for my_dag to None, run_after=None
[2026-07-24T11:28:48.597+0000] {processor.py:208} INFO - Processing /opt/airflow/dags/my_tasks.py took 0.079 seconds
[2026-07-24T11:29:18.802+0000] {processor.py:186} INFO - Started process (PID=1336) to work on /opt/airflow/dags/my_tasks.py
[2026-07-24T11:29:18.810+0000] {processor.py:914} INFO - Processing file /opt/airflow/dags/my_tasks.py for tasks to queue
[2026-07-24T11:29:18.813+0000] {logging_mixin.py:190} INFO - [2026-07-24T11:29:18.813+0000] {dagbag.py:588} INFO - Filling up the DagBag from /opt/airflow/dags/my_tasks.py
[2026-07-24T11:29:18.823+0000] {processor.py:925} INFO - DAG(s) 'my_dag' retrieved from /opt/airflow/dags/my_tasks.py
[2026-07-24T11:29:18.841+0000] {logging_mixin.py:190} INFO - [2026-07-24T11:29:18.841+0000] {dag.py:3239} INFO - Sync 1 DAGs
[2026-07-24T11:29:18.856+0000] {logging_mixin.py:190} INFO - [2026-07-24T11:29:18.856+0000] {dag.py:4180} INFO - Setting next_dagrun for my_dag to None, run_after=None
[2026-07-24T11:29:18.869+0000] {processor.py:208} INFO - Processing /opt/airflow/dags/my_tasks.py took 0.075 seconds
[2026-07-24T11:29:49.071+0000] {processor.py:186} INFO - Started process (PID=1347) to work on /opt/airflow/dags/my_tasks.py
[2026-07-24T11:29:49.079+0000] {processor.py:914} INFO - Processing file /opt/airflow/dags/my_tasks.py for tasks to queue
[2026-07-24T11:29:49.082+0000] {logging_mixin.py:190} INFO - [2026-07-24T11:29:49.082+0000] {dagbag.py:588} INFO - Filling up the DagBag from /opt/airflow/dags/my_tasks.py
[2026-07-24T11:29:49.092+0000] {processor.py:925} INFO - DAG(s) 'my_dag' retrieved from /opt/airflow/dags/my_tasks.py
[2026-07-24T11:29:49.110+0000] {logging_mixin.py:190} INFO - [2026-07-24T11:29:49.110+0000] {dag.py:3239} INFO - Sync 1 DAGs
[2026-07-24T11:29:49.126+0000] {logging_mixin.py:190} INFO - [2026-07-24T11:29:49.126+0000] {dag.py:4180} INFO - Setting next_dagrun for my_dag to None, run_after=None
[2026-07-24T11:29:49.141+0000] {processor.py:208} INFO - Processing /opt/airflow/dags/my_tasks.py took 0.076 seconds
[2026-07-24T11:30:19.351+0000] {processor.py:186} INFO - Started process (PID=1358) to work on /opt/airflow/dags/my_tasks.py
[2026-07-24T11:30:19.353+0000] {processor.py:914} INFO - Processing file /opt/airflow/dags/my_tasks.py for tasks to queue
[2026-07-24T11:30:19.356+0000] {logging_mixin.py:190} INFO - [2026-07-24T11:30:19.356+0000] {dagbag.py:588} INFO - Filling up the DagBag from /opt/airflow/dags/my_tasks.py
[2026-07-24T11:30:19.364+0000] {processor.py:925} INFO - DAG(s) 'my_dag' retrieved from /opt/airflow/dags/my_tasks.py
[2026-07-24T11:30:19.381+0000] {logging_mixin.py:190} INFO - [2026-07-24T11:30:19.381+0000] {dag.py:3239} INFO - Sync 1 DAGs
[2026-07-24T11:30:19.397+0000] {logging_mixin.py:190} INFO - [2026-07-24T11:30:19.397+0000] {dag.py:4180} INFO - Setting next_dagrun for my_dag to None, run_after=None
[2026-07-24T11:30:19.410+0000] {processor.py:208} INFO - Processing /opt/airflow/dags/my_tasks.py took 0.066 seconds
[2026-07-24T11:30:49.637+0000] {processor.py:186} INFO - Started process (PID=1369) to work on /opt/airflow/dags/my_tasks.py
[2026-07-24T11:30:49.645+0000] {processor.py:914} INFO - Processing file /opt/airflow/dags/my_tasks.py for tasks to queue
[2026-07-24T11:30:49.647+0000] {logging_mixin.py:190} INFO - [2026-07-24T11:30:49.646+0000] {dagbag.py:588} INFO - Filling up the DagBag from /opt/airflow/dags/my_tasks.py
[2026-07-24T11:30:49.654+0000] {processor.py:925} INFO - DAG(s) 'my_dag' retrieved from /opt/airflow/dags/my_tasks.py
[2026-07-24T11:30:49.671+0000] {logging_mixin.py:190} INFO - [2026-07-24T11:30:49.671+0000] {dag.py:3239} INFO - Sync 1 DAGs
[2026-07-24T11:30:49.687+0000] {logging_mixin.py:190} INFO - [2026-07-24T11:30:49.687+0000] {dag.py:4180} INFO - Setting next_dagrun for my_dag to None, run_after=None
[2026-07-24T11:30:49.700+0000] {processor.py:208} INFO - Processing /opt/airflow/dags/my_tasks.py took 0.069 seconds
[2026-07-24T11:31:19.914+0000] {processor.py:186} INFO - Started process (PID=1380) to work on /opt/airflow/dags/my_tasks.py
[2026-07-24T11:31:19.922+0000] {processor.py:914} INFO - Processing file /opt/airflow/dags/my_tasks.py for tasks to queue
[2026-07-24T11:31:19.925+0000] {logging_mixin.py:190} INFO - [2026-07-24T11:31:19.925+0000] {dagbag.py:588} INFO - Filling up the DagBag from /opt/airflow/dags/my_tasks.py
[2026-07-24T11:31:19.934+0000] {processor.py:925} INFO - DAG(s) 'my_dag' retrieved from /opt/airflow/dags/my_tasks.py
[2026-07-24T11:31:19.955+0000] {logging_mixin.py:190} INFO - [2026-07-24T11:31:19.955+0000] {dag.py:3239} INFO - Sync 1 DAGs
[2026-07-24T11:31:19.970+0000] {logging_mixin.py:190} INFO - [2026-07-24T11:31:19.969+0000] {dag.py:4180} INFO - Setting next_dagrun for my_dag to None, run_after=None
[2026-07-24T11:31:19.983+0000] {processor.py:208} INFO - Processing /opt/airflow/dags/my_tasks.py took 0.075 seconds
[2026-07-24T11:31:50.157+0000] {processor.py:186} INFO - Started process (PID=1391) to work on /opt/airflow/dags/my_tasks.py
[2026-07-24T11:31:50.163+0000] {processor.py:914} INFO - Processing file /opt/airflow/dags/my_tasks.py for tasks to queue
[2026-07-24T11:31:50.167+0000] {logging_mixin.py:190} INFO - [2026-07-24T11:31:50.166+0000] {dagbag.py:588} INFO - Filling up the DagBag from /opt/airflow/dags/my_tasks.py
[2026-07-24T11:31:50.175+0000] {processor.py:925} INFO - DAG(s) 'my_dag' retrieved from /opt/airflow/dags/my_tasks.py
[2026-07-24T11:31:50.196+0000] {logging_mixin.py:190} INFO - [2026-07-24T11:31:50.196+0000] {dag.py:3239} INFO - Sync 1 DAGs
[2026-07-24T11:31:50.213+0000] {logging_mixin.py:190} INFO - [2026-07-24T11:31:50.212+0000] {dag.py:4180} INFO - Setting next_dagrun for my_dag to None, run_after=None
[2026-07-24T11:31:50.228+0000] {processor.py:208} INFO - Processing /opt/airflow/dags/my_tasks.py took 0.078 seconds
[2026-07-24T11:32:20.418+0000] {processor.py:186} INFO - Started process (PID=1402) to work on /opt/airflow/dags/my_tasks.py
[2026-07-24T11:32:20.418+0000] {processor.py:914} INFO - Processing file /opt/airflow/dags/my_tasks.py for tasks to queue
[2026-07-24T11:32:20.420+0000] {logging_mixin.py:190} INFO - [2026-07-24T11:32:20.420+0000] {dagbag.py:588} INFO - Filling up the DagBag from /opt/airflow/dags/my_tasks.py
[2026-07-24T11:32:20.426+0000] {processor.py:925} INFO - DAG(s) 'my_dag' retrieved from /opt/airflow/dags/my_tasks.py
[2026-07-24T11:32:20.444+0000] {logging_mixin.py:190} INFO - [2026-07-24T11:32:20.444+0000] {dag.py:3239} INFO - Sync 1 DAGs
[2026-07-24T11:32:20.459+0000] {logging_mixin.py:190} INFO - [2026-07-24T11:32:20.459+0000] {dag.py:4180} INFO - Setting next_dagrun for my_dag to None, run_after=None
[2026-07-24T11:32:20.473+0000] {processor.py:208} INFO - Processing /opt/airflow/dags/my_tasks.py took 0.060 seconds
[2026-07-24T11:32:50.691+0000] {processor.py:186} INFO - Started process (PID=1413) to work on /opt/airflow/dags/my_tasks.py
[2026-07-24T11:32:50.700+0000] {processor.py:914} INFO - Processing file /opt/airflow/dags/my_tasks.py for tasks to queue
[2026-07-24T11:32:50.702+0000] {logging_mixin.py:190} INFO - [2026-07-24T11:32:50.701+0000] {dagbag.py:588} INFO - Filling up the DagBag from /opt/airflow/dags/my_tasks.py
[2026-07-24T11:32:50.713+0000] {processor.py:925} INFO - DAG(s) 'my_dag' retrieved from /opt/airflow/dags/my_tasks.py
[2026-07-24T11:32:50.730+0000] {logging_mixin.py:190} INFO - [2026-07-24T11:32:50.730+0000] {dag.py:3239} INFO - Sync 1 DAGs
[2026-07-24T11:32:50.746+0000] {logging_mixin.py:190} INFO - [2026-07-24T11:32:50.746+0000] {dag.py:4180} INFO - Setting next_dagrun for my_dag to None, run_after=None
[2026-07-24T11:32:50.765+0000] {processor.py:208} INFO - Processing /opt/airflow/dags/my_tasks.py took 0.080 seconds
[2026-07-24T11:33:20.949+0000] {processor.py:186} INFO - Started process (PID=1424) to work on /opt/airflow/dags/my_tasks.py
[2026-07-24T11:33:20.957+0000] {processor.py:914} INFO - Processing file /opt/airflow/dags/my_tasks.py for tasks to queue
[2026-07-24T11:33:20.961+0000] {logging_mixin.py:190} INFO - [2026-07-24T11:33:20.961+0000] {dagbag.py:588} INFO - Filling up the DagBag from /opt/airflow/dags/my_tasks.py
[2026-07-24T11:33:20.970+0000] {processor.py:925} INFO - DAG(s) 'my_dag' retrieved from /opt/airflow/dags/my_tasks.py
[2026-07-24T11:33:20.987+0000] {logging_mixin.py:190} INFO - [2026-07-24T11:33:20.987+0000] {dag.py:3239} INFO - Sync 1 DAGs
[2026-07-24T11:33:21.003+0000] {logging_mixin.py:190} INFO - [2026-07-24T11:33:21.003+0000] {dag.py:4180} INFO - Setting next_dagrun for my_dag to None, run_after=None
[2026-07-24T11:33:21.017+0000] {processor.py:208} INFO - Processing /opt/airflow/dags/my_tasks.py took 0.074 seconds
