[2026-10-01T03:45:16.419+0000] {processor.py:186} INFO - Started process (PID=185) to work on /opt/airflow/dags/my_tasks.py
[2026-10-01T03:45:16.419+0000] {processor.py:914} INFO - Processing file /opt/airflow/dags/my_tasks.py for tasks to queue
[2026-10-01T03:45:16.420+0000] {logging_mixin.py:190} INFO - [2026-10-01T03:45:16.420+0000] {dagbag.py:588} INFO - Filling up the DagBag from /opt/airflow/dags/my_tasks.py
[2026-10-01T03:45:16.438+0000] {processor.py:925} INFO - DAG(s) 'my_dag' retrieved from /opt/airflow/dags/my_tasks.py
[2026-10-01T03:45:16.613+0000] {logging_mixin.py:190} INFO - [2026-10-01T03:45:16.613+0000] {override.py:1912} INFO - Created Permission View: can read on DAG:my_dag
[2026-10-01T03:45:16.623+0000] {logging_mixin.py:190} INFO - [2026-10-01T03:45:16.623+0000] {override.py:1912} INFO - Created Permission View: can edit on DAG:my_dag
[2026-10-01T03:45:16.629+0000] {logging_mixin.py:190} INFO - [2026-10-01T03:45:16.629+0000] {override.py:1912} INFO - Created Permission View: can delete on DAG:my_dag
[2026-10-01T03:45:16.637+0000] {logging_mixin.py:190} INFO - [2026-10-01T03:45:16.637+0000] {override.py:1912} INFO - Created Permission View: can read on DAG Run:my_dag
[2026-10-01T03:45:16.643+0000] {logging_mixin.py:190} INFO - [2026-10-01T03:45:16.643+0000] {override.py:1912} INFO - Created Permission View: can create on DAG Run:my_dag
[2026-10-01T03:45:16.649+0000] {logging_mixin.py:190} INFO - [2026-10-01T03:45:16.649+0000] {override.py:1912} INFO - Created Permission View: menu access on DAG Run:my_dag
[2026-10-01T03:45:16.655+0000] {logging_mixin.py:190} INFO - [2026-10-01T03:45:16.655+0000] {override.py:1912} INFO - Created Permission View: can delete on DAG Run:my_dag
[2026-10-01T03:45:16.655+0000] {logging_mixin.py:190} INFO - [2026-10-01T03:45:16.655+0000] {dag.py:3239} INFO - Sync 1 DAGs
[2026-10-01T03:45:16.664+0000] {logging_mixin.py:190} INFO - [2026-10-01T03:45:16.664+0000] {dag.py:3262} INFO - Creating ORM DAG for my_dag
[2026-10-01T03:45:16.672+0000] {logging_mixin.py:190} INFO - [2026-10-01T03:45:16.671+0000] {dag.py:4180} INFO - Setting next_dagrun for my_dag to 2026-03-02 00:00:00+00:00, run_after=2026-03-02 00:00:00+00:00
[2026-10-01T03:45:16.684+0000] {processor.py:208} INFO - Processing /opt/airflow/dags/my_tasks.py took 0.269 seconds
[2026-10-01T03:45:46.842+0000] {processor.py:186} INFO - Started process (PID=212) to work on /opt/airflow/dags/my_tasks.py
[2026-10-01T03:45:46.843+0000] {processor.py:914} INFO - Processing file /opt/airflow/dags/my_tasks.py for tasks to queue
[2026-10-01T03:45:46.845+0000] {logging_mixin.py:190} INFO - [2026-10-01T03:45:46.844+0000] {dagbag.py:588} INFO - Filling up the DagBag from /opt/airflow/dags/my_tasks.py
[2026-10-01T03:45:46.852+0000] {processor.py:925} INFO - DAG(s) 'my_dag' retrieved from /opt/airflow/dags/my_tasks.py
[2026-10-01T03:45:46.870+0000] {logging_mixin.py:190} INFO - [2026-10-01T03:45:46.870+0000] {dag.py:3239} INFO - Sync 1 DAGs
[2026-10-01T03:45:46.887+0000] {logging_mixin.py:190} INFO - [2026-10-01T03:45:46.886+0000] {dag.py:4180} INFO - Setting next_dagrun for my_dag to None, run_after=None
[2026-10-01T03:45:46.901+0000] {processor.py:208} INFO - Processing /opt/airflow/dags/my_tasks.py took 0.069 seconds
[2026-10-01T03:46:17.080+0000] {processor.py:186} INFO - Started process (PID=223) to work on /opt/airflow/dags/my_tasks.py
[2026-10-01T03:46:17.080+0000] {processor.py:914} INFO - Processing file /opt/airflow/dags/my_tasks.py for tasks to queue
[2026-10-01T03:46:17.081+0000] {logging_mixin.py:190} INFO - [2026-10-01T03:46:17.081+0000] {dagbag.py:588} INFO - Filling up the DagBag from /opt/airflow/dags/my_tasks.py
[2026-10-01T03:46:17.088+0000] {processor.py:925} INFO - DAG(s) 'my_dag' retrieved from /opt/airflow/dags/my_tasks.py
[2026-10-01T03:46:17.106+0000] {logging_mixin.py:190} INFO - [2026-10-01T03:46:17.106+0000] {dag.py:3239} INFO - Sync 1 DAGs
[2026-10-01T03:46:17.121+0000] {logging_mixin.py:190} INFO - [2026-10-01T03:46:17.121+0000] {dag.py:4180} INFO - Setting next_dagrun for my_dag to None, run_after=None
[2026-10-01T03:46:17.135+0000] {processor.py:208} INFO - Processing /opt/airflow/dags/my_tasks.py took 0.059 seconds
[2026-10-01T03:46:47.336+0000] {processor.py:186} INFO - Started process (PID=234) to work on /opt/airflow/dags/my_tasks.py
[2026-10-01T03:46:47.344+0000] {processor.py:914} INFO - Processing file /opt/airflow/dags/my_tasks.py for tasks to queue
[2026-10-01T03:46:47.346+0000] {logging_mixin.py:190} INFO - [2026-10-01T03:46:47.345+0000] {dagbag.py:588} INFO - Filling up the DagBag from /opt/airflow/dags/my_tasks.py
[2026-10-01T03:46:47.353+0000] {processor.py:925} INFO - DAG(s) 'my_dag' retrieved from /opt/airflow/dags/my_tasks.py
[2026-10-01T03:46:47.370+0000] {logging_mixin.py:190} INFO - [2026-10-01T03:46:47.370+0000] {dag.py:3239} INFO - Sync 1 DAGs
[2026-10-01T03:46:47.385+0000] {logging_mixin.py:190} INFO - [2026-10-01T03:46:47.385+0000] {dag.py:4180} INFO - Setting next_dagrun for my_dag to None, run_after=None
[2026-10-01T03:46:47.399+0000] {processor.py:208} INFO - Processing /opt/airflow/dags/my_tasks.py took 0.068 seconds
[2026-10-01T03:47:17.616+0000] {processor.py:186} INFO - Started process (PID=245) to work on /opt/airflow/dags/my_tasks.py
[2026-10-01T03:47:17.617+0000] {processor.py:914} INFO - Processing file /opt/airflow/dags/my_tasks.py for tasks to queue
[2026-10-01T03:47:17.618+0000] {logging_mixin.py:190} INFO - [2026-10-01T03:47:17.618+0000] {dagbag.py:588} INFO - Filling up the DagBag from /opt/airflow/dags/my_tasks.py
[2026-10-01T03:47:17.624+0000] {processor.py:925} INFO - DAG(s) 'my_dag' retrieved from /opt/airflow/dags/my_tasks.py
[2026-10-01T03:47:17.641+0000] {logging_mixin.py:190} INFO - [2026-10-01T03:47:17.641+0000] {dag.py:3239} INFO - Sync 1 DAGs
[2026-10-01T03:47:17.656+0000] {logging_mixin.py:190} INFO - [2026-10-01T03:47:17.656+0000] {dag.py:4180} INFO - Setting next_dagrun for my_dag to None, run_after=None
[2026-10-01T03:47:17.670+0000] {processor.py:208} INFO - Processing /opt/airflow/dags/my_tasks.py took 0.059 seconds
[2026-10-01T03:47:47.862+0000] {processor.py:186} INFO - Started process (PID=256) to work on /opt/airflow/dags/my_tasks.py
[2026-10-01T03:47:47.863+0000] {processor.py:914} INFO - Processing file /opt/airflow/dags/my_tasks.py for tasks to queue
[2026-10-01T03:47:47.864+0000] {logging_mixin.py:190} INFO - [2026-10-01T03:47:47.864+0000] {dagbag.py:588} INFO - Filling up the DagBag from /opt/airflow/dags/my_tasks.py
[2026-10-01T03:47:47.871+0000] {processor.py:925} INFO - DAG(s) 'my_dag' retrieved from /opt/airflow/dags/my_tasks.py
[2026-10-01T03:47:47.890+0000] {logging_mixin.py:190} INFO - [2026-10-01T03:47:47.890+0000] {dag.py:3239} INFO - Sync 1 DAGs
[2026-10-01T03:47:47.908+0000] {logging_mixin.py:190} INFO - [2026-10-01T03:47:47.908+0000] {dag.py:4180} INFO - Setting next_dagrun for my_dag to None, run_after=None
[2026-10-01T03:47:47.925+0000] {processor.py:208} INFO - Processing /opt/airflow/dags/my_tasks.py took 0.067 seconds
[2026-10-01T03:48:18.131+0000] {processor.py:186} INFO - Started process (PID=273) to work on /opt/airflow/dags/my_tasks.py
[2026-10-01T03:48:18.131+0000] {processor.py:914} INFO - Processing file /opt/airflow/dags/my_tasks.py for tasks to queue
[2026-10-01T03:48:18.133+0000] {logging_mixin.py:190} INFO - [2026-10-01T03:48:18.133+0000] {dagbag.py:588} INFO - Filling up the DagBag from /opt/airflow/dags/my_tasks.py
[2026-10-01T03:48:18.140+0000] {processor.py:925} INFO - DAG(s) 'my_dag' retrieved from /opt/airflow/dags/my_tasks.py
[2026-10-01T03:48:18.158+0000] {logging_mixin.py:190} INFO - [2026-10-01T03:48:18.157+0000] {dag.py:3239} INFO - Sync 1 DAGs
[2026-10-01T03:48:18.172+0000] {logging_mixin.py:190} INFO - [2026-10-01T03:48:18.172+0000] {dag.py:4180} INFO - Setting next_dagrun for my_dag to None, run_after=None
[2026-10-01T03:48:18.185+0000] {processor.py:208} INFO - Processing /opt/airflow/dags/my_tasks.py took 0.059 seconds
[2026-10-01T03:48:48.397+0000] {processor.py:186} INFO - Started process (PID=284) to work on /opt/airflow/dags/my_tasks.py
[2026-10-01T03:48:48.405+0000] {processor.py:914} INFO - Processing file /opt/airflow/dags/my_tasks.py for tasks to queue
[2026-10-01T03:48:48.407+0000] {logging_mixin.py:190} INFO - [2026-10-01T03:48:48.407+0000] {dagbag.py:588} INFO - Filling up the DagBag from /opt/airflow/dags/my_tasks.py
[2026-10-01T03:48:48.414+0000] {processor.py:925} INFO - DAG(s) 'my_dag' retrieved from /opt/airflow/dags/my_tasks.py
[2026-10-01T03:48:48.437+0000] {logging_mixin.py:190} INFO - [2026-10-01T03:48:48.436+0000] {dag.py:3239} INFO - Sync 1 DAGs
[2026-10-01T03:48:48.459+0000] {logging_mixin.py:190} INFO - [2026-10-01T03:48:48.458+0000] {dag.py:4180} INFO - Setting next_dagrun for my_dag to None, run_after=None
[2026-10-01T03:48:48.480+0000] {processor.py:208} INFO - Processing /opt/airflow/dags/my_tasks.py took 0.087 seconds
[2026-10-01T03:49:18.673+0000] {processor.py:186} INFO - Started process (PID=295) to work on /opt/airflow/dags/my_tasks.py
[2026-10-01T03:49:18.681+0000] {processor.py:914} INFO - Processing file /opt/airflow/dags/my_tasks.py for tasks to queue
[2026-10-01T03:49:18.683+0000] {logging_mixin.py:190} INFO - [2026-10-01T03:49:18.683+0000] {dagbag.py:588} INFO - Filling up the DagBag from /opt/airflow/dags/my_tasks.py
[2026-10-01T03:49:18.690+0000] {processor.py:925} INFO - DAG(s) 'my_dag' retrieved from /opt/airflow/dags/my_tasks.py
[2026-10-01T03:49:18.708+0000] {logging_mixin.py:190} INFO - [2026-10-01T03:49:18.707+0000] {dag.py:3239} INFO - Sync 1 DAGs
[2026-10-01T03:49:18.724+0000] {logging_mixin.py:190} INFO - [2026-10-01T03:49:18.724+0000] {dag.py:4180} INFO - Setting next_dagrun for my_dag to None, run_after=None
[2026-10-01T03:49:18.739+0000] {processor.py:208} INFO - Processing /opt/airflow/dags/my_tasks.py took 0.070 seconds
[2026-10-01T03:49:48.910+0000] {processor.py:186} INFO - Started process (PID=306) to work on /opt/airflow/dags/my_tasks.py
[2026-10-01T03:49:48.911+0000] {processor.py:914} INFO - Processing file /opt/airflow/dags/my_tasks.py for tasks to queue
[2026-10-01T03:49:48.912+0000] {logging_mixin.py:190} INFO - [2026-10-01T03:49:48.912+0000] {dagbag.py:588} INFO - Filling up the DagBag from /opt/airflow/dags/my_tasks.py
[2026-10-01T03:49:48.919+0000] {processor.py:925} INFO - DAG(s) 'my_dag' retrieved from /opt/airflow/dags/my_tasks.py
[2026-10-01T03:49:48.937+0000] {logging_mixin.py:190} INFO - [2026-10-01T03:49:48.937+0000] {dag.py:3239} INFO - Sync 1 DAGs
[2026-10-01T03:49:48.952+0000] {logging_mixin.py:190} INFO - [2026-10-01T03:49:48.951+0000] {dag.py:4180} INFO - Setting next_dagrun for my_dag to None, run_after=None
[2026-10-01T03:49:48.966+0000] {processor.py:208} INFO - Processing /opt/airflow/dags/my_tasks.py took 0.060 seconds
[2026-10-01T03:50:19.175+0000] {processor.py:186} INFO - Started process (PID=317) to work on /opt/airflow/dags/my_tasks.py
[2026-10-01T03:50:19.183+0000] {processor.py:914} INFO - Processing file /opt/airflow/dags/my_tasks.py for tasks to queue
[2026-10-01T03:50:19.185+0000] {logging_mixin.py:190} INFO - [2026-10-01T03:50:19.185+0000] {dagbag.py:588} INFO - Filling up the DagBag from /opt/airflow/dags/my_tasks.py
[2026-10-01T03:50:19.194+0000] {processor.py:925} INFO - DAG(s) 'my_dag' retrieved from /opt/airflow/dags/my_tasks.py
[2026-10-01T03:50:19.211+0000] {logging_mixin.py:190} INFO - [2026-10-01T03:50:19.211+0000] {dag.py:3239} INFO - Sync 1 DAGs
[2026-10-01T03:50:19.227+0000] {logging_mixin.py:190} INFO - [2026-10-01T03:50:19.227+0000] {dag.py:4180} INFO - Setting next_dagrun for my_dag to None, run_after=None
[2026-10-01T03:50:19.241+0000] {processor.py:208} INFO - Processing /opt/airflow/dags/my_tasks.py took 0.070 seconds
[2026-10-01T03:50:49.436+0000] {processor.py:186} INFO - Started process (PID=328) to work on /opt/airflow/dags/my_tasks.py
[2026-10-01T03:50:49.444+0000] {processor.py:914} INFO - Processing file /opt/airflow/dags/my_tasks.py for tasks to queue
[2026-10-01T03:50:49.446+0000] {logging_mixin.py:190} INFO - [2026-10-01T03:50:49.446+0000] {dagbag.py:588} INFO - Filling up the DagBag from /opt/airflow/dags/my_tasks.py
[2026-10-01T03:50:49.456+0000] {processor.py:925} INFO - DAG(s) 'my_dag' retrieved from /opt/airflow/dags/my_tasks.py
[2026-10-01T03:50:49.473+0000] {logging_mixin.py:190} INFO - [2026-10-01T03:50:49.473+0000] {dag.py:3239} INFO - Sync 1 DAGs
[2026-10-01T03:50:49.488+0000] {logging_mixin.py:190} INFO - [2026-10-01T03:50:49.487+0000] {dag.py:4180} INFO - Setting next_dagrun for my_dag to None, run_after=None
[2026-10-01T03:50:49.501+0000] {processor.py:208} INFO - Processing /opt/airflow/dags/my_tasks.py took 0.068 seconds
[2026-10-01T03:51:19.728+0000] {processor.py:186} INFO - Started process (PID=339) to work on /opt/airflow/dags/my_tasks.py
[2026-10-01T03:51:19.728+0000] {processor.py:914} INFO - Processing file /opt/airflow/dags/my_tasks.py for tasks to queue
[2026-10-01T03:51:19.730+0000] {logging_mixin.py:190} INFO - [2026-10-01T03:51:19.730+0000] {dagbag.py:588} INFO - Filling up the DagBag from /opt/airflow/dags/my_tasks.py
[2026-10-01T03:51:19.736+0000] {processor.py:925} INFO - DAG(s) 'my_dag' retrieved from /opt/airflow/dags/my_tasks.py
[2026-10-01T03:51:19.753+0000] {logging_mixin.py:190} INFO - [2026-10-01T03:51:19.753+0000] {dag.py:3239} INFO - Sync 1 DAGs
[2026-10-01T03:51:19.769+0000] {logging_mixin.py:190} INFO - [2026-10-01T03:51:19.769+0000] {dag.py:4180} INFO - Setting next_dagrun for my_dag to None, run_after=None
[2026-10-01T03:51:19.783+0000] {processor.py:208} INFO - Processing /opt/airflow/dags/my_tasks.py took 0.059 seconds
[2026-10-01T03:51:50.014+0000] {processor.py:186} INFO - Started process (PID=350) to work on /opt/airflow/dags/my_tasks.py
[2026-10-01T03:51:50.015+0000] {processor.py:914} INFO - Processing file /opt/airflow/dags/my_tasks.py for tasks to queue
[2026-10-01T03:51:50.017+0000] {logging_mixin.py:190} INFO - [2026-10-01T03:51:50.016+0000] {dagbag.py:588} INFO - Filling up the DagBag from /opt/airflow/dags/my_tasks.py
[2026-10-01T03:51:50.024+0000] {processor.py:925} INFO - DAG(s) 'my_dag' retrieved from /opt/airflow/dags/my_tasks.py
[2026-10-01T03:51:50.042+0000] {logging_mixin.py:190} INFO - [2026-10-01T03:51:50.041+0000] {dag.py:3239} INFO - Sync 1 DAGs
[2026-10-01T03:51:50.059+0000] {logging_mixin.py:190} INFO - [2026-10-01T03:51:50.059+0000] {dag.py:4180} INFO - Setting next_dagrun for my_dag to None, run_after=None
[2026-10-01T03:51:50.081+0000] {processor.py:208} INFO - Processing /opt/airflow/dags/my_tasks.py took 0.071 seconds
[2026-10-01T03:52:20.268+0000] {processor.py:186} INFO - Started process (PID=361) to work on /opt/airflow/dags/my_tasks.py
[2026-10-01T03:52:20.269+0000] {processor.py:914} INFO - Processing file /opt/airflow/dags/my_tasks.py for tasks to queue
[2026-10-01T03:52:20.271+0000] {logging_mixin.py:190} INFO - [2026-10-01T03:52:20.271+0000] {dagbag.py:588} INFO - Filling up the DagBag from /opt/airflow/dags/my_tasks.py
[2026-10-01T03:52:20.278+0000] {processor.py:925} INFO - DAG(s) 'my_dag' retrieved from /opt/airflow/dags/my_tasks.py
[2026-10-01T03:52:20.296+0000] {logging_mixin.py:190} INFO - [2026-10-01T03:52:20.296+0000] {dag.py:3239} INFO - Sync 1 DAGs
[2026-10-01T03:52:20.313+0000] {logging_mixin.py:190} INFO - [2026-10-01T03:52:20.313+0000] {dag.py:4180} INFO - Setting next_dagrun for my_dag to None, run_after=None
[2026-10-01T03:52:20.329+0000] {processor.py:208} INFO - Processing /opt/airflow/dags/my_tasks.py took 0.065 seconds
[2026-10-01T03:52:50.529+0000] {processor.py:186} INFO - Started process (PID=372) to work on /opt/airflow/dags/my_tasks.py
[2026-10-01T03:52:50.529+0000] {processor.py:914} INFO - Processing file /opt/airflow/dags/my_tasks.py for tasks to queue
[2026-10-01T03:52:50.531+0000] {logging_mixin.py:190} INFO - [2026-10-01T03:52:50.530+0000] {dagbag.py:588} INFO - Filling up the DagBag from /opt/airflow/dags/my_tasks.py
[2026-10-01T03:52:50.538+0000] {processor.py:925} INFO - DAG(s) 'my_dag' retrieved from /opt/airflow/dags/my_tasks.py
[2026-10-01T03:52:50.557+0000] {logging_mixin.py:190} INFO - [2026-10-01T03:52:50.557+0000] {dag.py:3239} INFO - Sync 1 DAGs
[2026-10-01T03:52:50.572+0000] {logging_mixin.py:190} INFO - [2026-10-01T03:52:50.572+0000] {dag.py:4180} INFO - Setting next_dagrun for my_dag to None, run_after=None
[2026-10-01T03:52:50.587+0000] {processor.py:208} INFO - Processing /opt/airflow/dags/my_tasks.py took 0.063 seconds
[2026-10-01T03:53:20.795+0000] {processor.py:186} INFO - Started process (PID=383) to work on /opt/airflow/dags/my_tasks.py
[2026-10-01T03:53:20.803+0000] {processor.py:914} INFO - Processing file /opt/airflow/dags/my_tasks.py for tasks to queue
[2026-10-01T03:53:20.805+0000] {logging_mixin.py:190} INFO - [2026-10-01T03:53:20.805+0000] {dagbag.py:588} INFO - Filling up the DagBag from /opt/airflow/dags/my_tasks.py
[2026-10-01T03:53:20.813+0000] {processor.py:925} INFO - DAG(s) 'my_dag' retrieved from /opt/airflow/dags/my_tasks.py
[2026-10-01T03:53:20.835+0000] {logging_mixin.py:190} INFO - [2026-10-01T03:53:20.835+0000] {dag.py:3239} INFO - Sync 1 DAGs
[2026-10-01T03:53:20.857+0000] {logging_mixin.py:190} INFO - [2026-10-01T03:53:20.857+0000] {dag.py:4180} INFO - Setting next_dagrun for my_dag to None, run_after=None
[2026-10-01T03:53:20.874+0000] {processor.py:208} INFO - Processing /opt/airflow/dags/my_tasks.py took 0.083 seconds
[2026-10-01T03:53:51.021+0000] {processor.py:186} INFO - Started process (PID=394) to work on /opt/airflow/dags/my_tasks.py
[2026-10-01T03:53:51.029+0000] {processor.py:914} INFO - Processing file /opt/airflow/dags/my_tasks.py for tasks to queue
[2026-10-01T03:53:51.032+0000] {logging_mixin.py:190} INFO - [2026-10-01T03:53:51.032+0000] {dagbag.py:588} INFO - Filling up the DagBag from /opt/airflow/dags/my_tasks.py
[2026-10-01T03:53:51.044+0000] {processor.py:925} INFO - DAG(s) 'my_dag' retrieved from /opt/airflow/dags/my_tasks.py
[2026-10-01T03:53:51.066+0000] {logging_mixin.py:190} INFO - [2026-10-01T03:53:51.066+0000] {dag.py:3239} INFO - Sync 1 DAGs
[2026-10-01T03:53:51.084+0000] {logging_mixin.py:190} INFO - [2026-10-01T03:53:51.084+0000] {dag.py:4180} INFO - Setting next_dagrun for my_dag to None, run_after=None
[2026-10-01T03:53:51.102+0000] {processor.py:208} INFO - Processing /opt/airflow/dags/my_tasks.py took 0.085 seconds
[2026-10-01T03:54:21.796+0000] {processor.py:186} INFO - Started process (PID=405) to work on /opt/airflow/dags/my_tasks.py
[2026-10-01T03:54:21.804+0000] {processor.py:914} INFO - Processing file /opt/airflow/dags/my_tasks.py for tasks to queue
[2026-10-01T03:54:21.806+0000] {logging_mixin.py:190} INFO - [2026-10-01T03:54:21.806+0000] {dagbag.py:588} INFO - Filling up the DagBag from /opt/airflow/dags/my_tasks.py
[2026-10-01T03:54:21.813+0000] {processor.py:925} INFO - DAG(s) 'my_dag' retrieved from /opt/airflow/dags/my_tasks.py
[2026-10-01T03:54:21.831+0000] {logging_mixin.py:190} INFO - [2026-10-01T03:54:21.831+0000] {dag.py:3239} INFO - Sync 1 DAGs
[2026-10-01T03:54:21.852+0000] {logging_mixin.py:190} INFO - [2026-10-01T03:54:21.852+0000] {dag.py:4180} INFO - Setting next_dagrun for my_dag to None, run_after=None
[2026-10-01T03:54:21.866+0000] {processor.py:208} INFO - Processing /opt/airflow/dags/my_tasks.py took 0.074 seconds
[2026-10-01T03:54:52.055+0000] {processor.py:186} INFO - Started process (PID=416) to work on /opt/airflow/dags/my_tasks.py
[2026-10-01T03:54:52.063+0000] {processor.py:914} INFO - Processing file /opt/airflow/dags/my_tasks.py for tasks to queue
[2026-10-01T03:54:52.065+0000] {logging_mixin.py:190} INFO - [2026-10-01T03:54:52.065+0000] {dagbag.py:588} INFO - Filling up the DagBag from /opt/airflow/dags/my_tasks.py
[2026-10-01T03:54:52.075+0000] {processor.py:925} INFO - DAG(s) 'my_dag' retrieved from /opt/airflow/dags/my_tasks.py
[2026-10-01T03:54:52.094+0000] {logging_mixin.py:190} INFO - [2026-10-01T03:54:52.094+0000] {dag.py:3239} INFO - Sync 1 DAGs
[2026-10-01T03:54:52.110+0000] {logging_mixin.py:190} INFO - [2026-10-01T03:54:52.110+0000] {dag.py:4180} INFO - Setting next_dagrun for my_dag to None, run_after=None
[2026-10-01T03:54:52.126+0000] {processor.py:208} INFO - Processing /opt/airflow/dags/my_tasks.py took 0.075 seconds
[2026-10-01T03:55:22.329+0000] {processor.py:186} INFO - Started process (PID=427) to work on /opt/airflow/dags/my_tasks.py
[2026-10-01T03:55:22.337+0000] {processor.py:914} INFO - Processing file /opt/airflow/dags/my_tasks.py for tasks to queue
[2026-10-01T03:55:22.339+0000] {logging_mixin.py:190} INFO - [2026-10-01T03:55:22.339+0000] {dagbag.py:588} INFO - Filling up the DagBag from /opt/airflow/dags/my_tasks.py
[2026-10-01T03:55:22.346+0000] {processor.py:925} INFO - DAG(s) 'my_dag' retrieved from /opt/airflow/dags/my_tasks.py
[2026-10-01T03:55:22.363+0000] {logging_mixin.py:190} INFO - [2026-10-01T03:55:22.363+0000] {dag.py:3239} INFO - Sync 1 DAGs
[2026-10-01T03:55:22.379+0000] {logging_mixin.py:190} INFO - [2026-10-01T03:55:22.379+0000] {dag.py:4180} INFO - Setting next_dagrun for my_dag to None, run_after=None
[2026-10-01T03:55:22.393+0000] {processor.py:208} INFO - Processing /opt/airflow/dags/my_tasks.py took 0.068 seconds
[2026-10-01T03:55:52.611+0000] {processor.py:186} INFO - Started process (PID=438) to work on /opt/airflow/dags/my_tasks.py
[2026-10-01T03:55:52.615+0000] {processor.py:914} INFO - Processing file /opt/airflow/dags/my_tasks.py for tasks to queue
[2026-10-01T03:55:52.617+0000] {logging_mixin.py:190} INFO - [2026-10-01T03:55:52.617+0000] {dagbag.py:588} INFO - Filling up the DagBag from /opt/airflow/dags/my_tasks.py
[2026-10-01T03:55:52.626+0000] {processor.py:925} INFO - DAG(s) 'my_dag' retrieved from /opt/airflow/dags/my_tasks.py
[2026-10-01T03:55:52.645+0000] {logging_mixin.py:190} INFO - [2026-10-01T03:55:52.645+0000] {dag.py:3239} INFO - Sync 1 DAGs
[2026-10-01T03:55:52.660+0000] {logging_mixin.py:190} INFO - [2026-10-01T03:55:52.660+0000] {dag.py:4180} INFO - Setting next_dagrun for my_dag to None, run_after=None
[2026-10-01T03:55:52.676+0000] {processor.py:208} INFO - Processing /opt/airflow/dags/my_tasks.py took 0.069 seconds
[2026-10-01T03:56:22.884+0000] {processor.py:186} INFO - Started process (PID=449) to work on /opt/airflow/dags/my_tasks.py
[2026-10-01T03:56:22.892+0000] {processor.py:914} INFO - Processing file /opt/airflow/dags/my_tasks.py for tasks to queue
[2026-10-01T03:56:22.894+0000] {logging_mixin.py:190} INFO - [2026-10-01T03:56:22.894+0000] {dagbag.py:588} INFO - Filling up the DagBag from /opt/airflow/dags/my_tasks.py
[2026-10-01T03:56:22.905+0000] {processor.py:925} INFO - DAG(s) 'my_dag' retrieved from /opt/airflow/dags/my_tasks.py
[2026-10-01T03:56:22.923+0000] {logging_mixin.py:190} INFO - [2026-10-01T03:56:22.922+0000] {dag.py:3239} INFO - Sync 1 DAGs
[2026-10-01T03:56:22.938+0000] {logging_mixin.py:190} INFO - [2026-10-01T03:56:22.938+0000] {dag.py:4180} INFO - Setting next_dagrun for my_dag to None, run_after=None
[2026-10-01T03:56:22.953+0000] {processor.py:208} INFO - Processing /opt/airflow/dags/my_tasks.py took 0.073 seconds
[2026-10-01T03:56:53.140+0000] {processor.py:186} INFO - Started process (PID=460) to work on /opt/airflow/dags/my_tasks.py
[2026-10-01T03:56:53.141+0000] {processor.py:914} INFO - Processing file /opt/airflow/dags/my_tasks.py for tasks to queue
[2026-10-01T03:56:53.142+0000] {logging_mixin.py:190} INFO - [2026-10-01T03:56:53.142+0000] {dagbag.py:588} INFO - Filling up the DagBag from /opt/airflow/dags/my_tasks.py
[2026-10-01T03:56:53.149+0000] {processor.py:925} INFO - DAG(s) 'my_dag' retrieved from /opt/airflow/dags/my_tasks.py
[2026-10-01T03:56:53.167+0000] {logging_mixin.py:190} INFO - [2026-10-01T03:56:53.166+0000] {dag.py:3239} INFO - Sync 1 DAGs
[2026-10-01T03:56:53.182+0000] {logging_mixin.py:190} INFO - [2026-10-01T03:56:53.182+0000] {dag.py:4180} INFO - Setting next_dagrun for my_dag to None, run_after=None
[2026-10-01T03:56:53.196+0000] {processor.py:208} INFO - Processing /opt/airflow/dags/my_tasks.py took 0.061 seconds
[2026-10-01T03:57:23.423+0000] {processor.py:186} INFO - Started process (PID=471) to work on /opt/airflow/dags/my_tasks.py
[2026-10-01T03:57:23.423+0000] {processor.py:914} INFO - Processing file /opt/airflow/dags/my_tasks.py for tasks to queue
[2026-10-01T03:57:23.425+0000] {logging_mixin.py:190} INFO - [2026-10-01T03:57:23.425+0000] {dagbag.py:588} INFO - Filling up the DagBag from /opt/airflow/dags/my_tasks.py
[2026-10-01T03:57:23.432+0000] {processor.py:925} INFO - DAG(s) 'my_dag' retrieved from /opt/airflow/dags/my_tasks.py
[2026-10-01T03:57:23.449+0000] {logging_mixin.py:190} INFO - [2026-10-01T03:57:23.449+0000] {dag.py:3239} INFO - Sync 1 DAGs
[2026-10-01T03:57:23.464+0000] {logging_mixin.py:190} INFO - [2026-10-01T03:57:23.464+0000] {dag.py:4180} INFO - Setting next_dagrun for my_dag to None, run_after=None
[2026-10-01T03:57:23.479+0000] {processor.py:208} INFO - Processing /opt/airflow/dags/my_tasks.py took 0.060 seconds
[2026-10-01T03:57:53.694+0000] {processor.py:186} INFO - Started process (PID=482) to work on /opt/airflow/dags/my_tasks.py
[2026-10-01T03:57:53.695+0000] {processor.py:914} INFO - Processing file /opt/airflow/dags/my_tasks.py for tasks to queue
[2026-10-01T03:57:53.697+0000] {logging_mixin.py:190} INFO - [2026-10-01T03:57:53.696+0000] {dagbag.py:588} INFO - Filling up the DagBag from /opt/airflow/dags/my_tasks.py
[2026-10-01T03:57:53.704+0000] {processor.py:925} INFO - DAG(s) 'my_dag' retrieved from /opt/airflow/dags/my_tasks.py
[2026-10-01T03:57:53.721+0000] {logging_mixin.py:190} INFO - [2026-10-01T03:57:53.721+0000] {dag.py:3239} INFO - Sync 1 DAGs
[2026-10-01T03:57:53.736+0000] {logging_mixin.py:190} INFO - [2026-10-01T03:57:53.736+0000] {dag.py:4180} INFO - Setting next_dagrun for my_dag to None, run_after=None
[2026-10-01T03:57:53.750+0000] {processor.py:208} INFO - Processing /opt/airflow/dags/my_tasks.py took 0.059 seconds
[2026-10-01T03:58:11.859+0000] {processor.py:186} INFO - Started process (PID=487) to work on /opt/airflow/dags/my_tasks.py
[2026-10-01T03:58:11.868+0000] {processor.py:914} INFO - Processing file /opt/airflow/dags/my_tasks.py for tasks to queue
[2026-10-01T03:58:11.870+0000] {logging_mixin.py:190} INFO - [2026-10-01T03:58:11.870+0000] {dagbag.py:588} INFO - Filling up the DagBag from /opt/airflow/dags/my_tasks.py
[2026-10-01T03:58:11.879+0000] {processor.py:925} INFO - DAG(s) 'my_dag' retrieved from /opt/airflow/dags/my_tasks.py
[2026-10-01T03:58:11.963+0000] {logging_mixin.py:190} INFO - [2026-10-01T03:58:11.962+0000] {dag.py:3239} INFO - Sync 1 DAGs
[2026-10-01T03:58:11.977+0000] {logging_mixin.py:190} INFO - [2026-10-01T03:58:11.977+0000] {dag.py:4180} INFO - Setting next_dagrun for my_dag to None, run_after=None
[2026-10-01T03:58:12.000+0000] {processor.py:208} INFO - Processing /opt/airflow/dags/my_tasks.py took 0.149 seconds
[2026-10-01T03:58:42.150+0000] {processor.py:186} INFO - Started process (PID=498) to work on /opt/airflow/dags/my_tasks.py
[2026-10-01T03:58:42.158+0000] {processor.py:914} INFO - Processing file /opt/airflow/dags/my_tasks.py for tasks to queue
[2026-10-01T03:58:42.162+0000] {logging_mixin.py:190} INFO - [2026-10-01T03:58:42.161+0000] {dagbag.py:588} INFO - Filling up the DagBag from /opt/airflow/dags/my_tasks.py
[2026-10-01T03:58:42.170+0000] {processor.py:925} INFO - DAG(s) 'my_dag' retrieved from /opt/airflow/dags/my_tasks.py
[2026-10-01T03:58:42.188+0000] {logging_mixin.py:190} INFO - [2026-10-01T03:58:42.188+0000] {dag.py:3239} INFO - Sync 1 DAGs
[2026-10-01T03:58:42.205+0000] {logging_mixin.py:190} INFO - [2026-10-01T03:58:42.205+0000] {dag.py:4180} INFO - Setting next_dagrun for my_dag to None, run_after=None
[2026-10-01T03:58:42.219+0000] {processor.py:208} INFO - Processing /opt/airflow/dags/my_tasks.py took 0.079 seconds
[2026-10-01T03:59:12.421+0000] {processor.py:186} INFO - Started process (PID=509) to work on /opt/airflow/dags/my_tasks.py
[2026-10-01T03:59:12.422+0000] {processor.py:914} INFO - Processing file /opt/airflow/dags/my_tasks.py for tasks to queue
[2026-10-01T03:59:12.425+0000] {logging_mixin.py:190} INFO - [2026-10-01T03:59:12.424+0000] {dagbag.py:588} INFO - Filling up the DagBag from /opt/airflow/dags/my_tasks.py
[2026-10-01T03:59:12.432+0000] {processor.py:925} INFO - DAG(s) 'my_dag' retrieved from /opt/airflow/dags/my_tasks.py
[2026-10-01T03:59:12.450+0000] {logging_mixin.py:190} INFO - [2026-10-01T03:59:12.449+0000] {dag.py:3239} INFO - Sync 1 DAGs
[2026-10-01T03:59:12.465+0000] {logging_mixin.py:190} INFO - [2026-10-01T03:59:12.465+0000] {dag.py:4180} INFO - Setting next_dagrun for my_dag to None, run_after=None
[2026-10-01T03:59:12.478+0000] {processor.py:208} INFO - Processing /opt/airflow/dags/my_tasks.py took 0.062 seconds
[2026-10-01T03:59:42.700+0000] {processor.py:186} INFO - Started process (PID=520) to work on /opt/airflow/dags/my_tasks.py
[2026-10-01T03:59:42.701+0000] {processor.py:914} INFO - Processing file /opt/airflow/dags/my_tasks.py for tasks to queue
[2026-10-01T03:59:42.703+0000] {logging_mixin.py:190} INFO - [2026-10-01T03:59:42.702+0000] {dagbag.py:588} INFO - Filling up the DagBag from /opt/airflow/dags/my_tasks.py
[2026-10-01T03:59:42.713+0000] {processor.py:925} INFO - DAG(s) 'my_dag' retrieved from /opt/airflow/dags/my_tasks.py
[2026-10-01T03:59:42.734+0000] {logging_mixin.py:190} INFO - [2026-10-01T03:59:42.734+0000] {dag.py:3239} INFO - Sync 1 DAGs
[2026-10-01T03:59:42.752+0000] {logging_mixin.py:190} INFO - [2026-10-01T03:59:42.751+0000] {dag.py:4180} INFO - Setting next_dagrun for my_dag to None, run_after=None
[2026-10-01T03:59:42.767+0000] {processor.py:208} INFO - Processing /opt/airflow/dags/my_tasks.py took 0.071 seconds
[2026-10-01T04:00:12.962+0000] {processor.py:186} INFO - Started process (PID=531) to work on /opt/airflow/dags/my_tasks.py
[2026-10-01T04:00:12.971+0000] {processor.py:914} INFO - Processing file /opt/airflow/dags/my_tasks.py for tasks to queue
[2026-10-01T04:00:12.975+0000] {logging_mixin.py:190} INFO - [2026-10-01T04:00:12.974+0000] {dagbag.py:588} INFO - Filling up the DagBag from /opt/airflow/dags/my_tasks.py
[2026-10-01T04:00:12.985+0000] {processor.py:925} INFO - DAG(s) 'my_dag' retrieved from /opt/airflow/dags/my_tasks.py
[2026-10-01T04:00:13.002+0000] {logging_mixin.py:190} INFO - [2026-10-01T04:00:13.002+0000] {dag.py:3239} INFO - Sync 1 DAGs
[2026-10-01T04:00:13.018+0000] {logging_mixin.py:190} INFO - [2026-10-01T04:00:13.018+0000] {dag.py:4180} INFO - Setting next_dagrun for my_dag to None, run_after=None
[2026-10-01T04:00:13.032+0000] {processor.py:208} INFO - Processing /opt/airflow/dags/my_tasks.py took 0.074 seconds
[2026-10-01T04:00:43.233+0000] {processor.py:186} INFO - Started process (PID=542) to work on /opt/airflow/dags/my_tasks.py
[2026-10-01T04:00:43.234+0000] {processor.py:914} INFO - Processing file /opt/airflow/dags/my_tasks.py for tasks to queue
[2026-10-01T04:00:43.237+0000] {logging_mixin.py:190} INFO - [2026-10-01T04:00:43.237+0000] {dagbag.py:588} INFO - Filling up the DagBag from /opt/airflow/dags/my_tasks.py
[2026-10-01T04:00:43.244+0000] {processor.py:925} INFO - DAG(s) 'my_dag' retrieved from /opt/airflow/dags/my_tasks.py
[2026-10-01T04:00:43.261+0000] {logging_mixin.py:190} INFO - [2026-10-01T04:00:43.261+0000] {dag.py:3239} INFO - Sync 1 DAGs
[2026-10-01T04:00:43.276+0000] {logging_mixin.py:190} INFO - [2026-10-01T04:00:43.276+0000] {dag.py:4180} INFO - Setting next_dagrun for my_dag to None, run_after=None
[2026-10-01T04:00:43.290+0000] {processor.py:208} INFO - Processing /opt/airflow/dags/my_tasks.py took 0.066 seconds
[2026-10-01T04:01:13.488+0000] {processor.py:186} INFO - Started process (PID=553) to work on /opt/airflow/dags/my_tasks.py
[2026-10-01T04:01:13.496+0000] {processor.py:914} INFO - Processing file /opt/airflow/dags/my_tasks.py for tasks to queue
[2026-10-01T04:01:13.500+0000] {logging_mixin.py:190} INFO - [2026-10-01T04:01:13.499+0000] {dagbag.py:588} INFO - Filling up the DagBag from /opt/airflow/dags/my_tasks.py
[2026-10-01T04:01:13.510+0000] {processor.py:925} INFO - DAG(s) 'my_dag' retrieved from /opt/airflow/dags/my_tasks.py
[2026-10-01T04:01:13.528+0000] {logging_mixin.py:190} INFO - [2026-10-01T04:01:13.528+0000] {dag.py:3239} INFO - Sync 1 DAGs
[2026-10-01T04:01:13.544+0000] {logging_mixin.py:190} INFO - [2026-10-01T04:01:13.543+0000] {dag.py:4180} INFO - Setting next_dagrun for my_dag to None, run_after=None
[2026-10-01T04:01:13.558+0000] {processor.py:208} INFO - Processing /opt/airflow/dags/my_tasks.py took 0.074 seconds
[2026-10-01T04:01:43.772+0000] {processor.py:186} INFO - Started process (PID=564) to work on /opt/airflow/dags/my_tasks.py
[2026-10-01T04:01:43.773+0000] {processor.py:914} INFO - Processing file /opt/airflow/dags/my_tasks.py for tasks to queue
[2026-10-01T04:01:43.775+0000] {logging_mixin.py:190} INFO - [2026-10-01T04:01:43.774+0000] {dagbag.py:588} INFO - Filling up the DagBag from /opt/airflow/dags/my_tasks.py
[2026-10-01T04:01:43.782+0000] {processor.py:925} INFO - DAG(s) 'my_dag' retrieved from /opt/airflow/dags/my_tasks.py
[2026-10-01T04:01:43.800+0000] {logging_mixin.py:190} INFO - [2026-10-01T04:01:43.800+0000] {dag.py:3239} INFO - Sync 1 DAGs
[2026-10-01T04:01:43.815+0000] {logging_mixin.py:190} INFO - [2026-10-01T04:01:43.815+0000] {dag.py:4180} INFO - Setting next_dagrun for my_dag to None, run_after=None
[2026-10-01T04:01:43.828+0000] {processor.py:208} INFO - Processing /opt/airflow/dags/my_tasks.py took 0.060 seconds
[2026-10-01T04:02:14.040+0000] {processor.py:186} INFO - Started process (PID=575) to work on /opt/airflow/dags/my_tasks.py
[2026-10-01T04:02:14.048+0000] {processor.py:914} INFO - Processing file /opt/airflow/dags/my_tasks.py for tasks to queue
[2026-10-01T04:02:14.052+0000] {logging_mixin.py:190} INFO - [2026-10-01T04:02:14.051+0000] {dagbag.py:588} INFO - Filling up the DagBag from /opt/airflow/dags/my_tasks.py
[2026-10-01T04:02:14.059+0000] {processor.py:925} INFO - DAG(s) 'my_dag' retrieved from /opt/airflow/dags/my_tasks.py
[2026-10-01T04:02:14.077+0000] {logging_mixin.py:190} INFO - [2026-10-01T04:02:14.077+0000] {dag.py:3239} INFO - Sync 1 DAGs
[2026-10-01T04:02:14.094+0000] {logging_mixin.py:190} INFO - [2026-10-01T04:02:14.093+0000] {dag.py:4180} INFO - Setting next_dagrun for my_dag to None, run_after=None
[2026-10-01T04:02:14.108+0000] {processor.py:208} INFO - Processing /opt/airflow/dags/my_tasks.py took 0.074 seconds
[2026-10-01T04:02:44.323+0000] {processor.py:186} INFO - Started process (PID=586) to work on /opt/airflow/dags/my_tasks.py
[2026-10-01T04:02:44.324+0000] {processor.py:914} INFO - Processing file /opt/airflow/dags/my_tasks.py for tasks to queue
[2026-10-01T04:02:44.325+0000] {logging_mixin.py:190} INFO - [2026-10-01T04:02:44.325+0000] {dagbag.py:588} INFO - Filling up the DagBag from /opt/airflow/dags/my_tasks.py
[2026-10-01T04:02:44.334+0000] {processor.py:925} INFO - DAG(s) 'my_dag' retrieved from /opt/airflow/dags/my_tasks.py
[2026-10-01T04:02:44.354+0000] {logging_mixin.py:190} INFO - [2026-10-01T04:02:44.354+0000] {dag.py:3239} INFO - Sync 1 DAGs
[2026-10-01T04:02:44.370+0000] {logging_mixin.py:190} INFO - [2026-10-01T04:02:44.370+0000] {dag.py:4180} INFO - Setting next_dagrun for my_dag to None, run_after=None
[2026-10-01T04:02:44.385+0000] {processor.py:208} INFO - Processing /opt/airflow/dags/my_tasks.py took 0.067 seconds
[2026-10-01T08:21:38.132+0000] {processor.py:186} INFO - Started process (PID=185) to work on /opt/airflow/dags/my_tasks.py
[2026-10-01T08:21:38.133+0000] {processor.py:914} INFO - Processing file /opt/airflow/dags/my_tasks.py for tasks to queue
[2026-10-01T08:21:38.134+0000] {logging_mixin.py:190} INFO - [2026-10-01T08:21:38.134+0000] {dagbag.py:588} INFO - Filling up the DagBag from /opt/airflow/dags/my_tasks.py
[2026-10-01T08:21:38.152+0000] {processor.py:925} INFO - DAG(s) 'my_dag' retrieved from /opt/airflow/dags/my_tasks.py
[2026-10-01T08:21:38.336+0000] {logging_mixin.py:190} INFO - [2026-10-01T08:21:38.336+0000] {dag.py:3239} INFO - Sync 1 DAGs
[2026-10-01T08:21:38.364+0000] {logging_mixin.py:190} INFO - [2026-10-01T08:21:38.364+0000] {dag.py:4180} INFO - Setting next_dagrun for my_dag to None, run_after=None
[2026-10-01T08:21:38.386+0000] {processor.py:208} INFO - Processing /opt/airflow/dags/my_tasks.py took 0.259 seconds
[2026-10-01T08:22:08.571+0000] {processor.py:186} INFO - Started process (PID=196) to work on /opt/airflow/dags/my_tasks.py
[2026-10-01T08:22:08.572+0000] {processor.py:914} INFO - Processing file /opt/airflow/dags/my_tasks.py for tasks to queue
[2026-10-01T08:22:08.574+0000] {logging_mixin.py:190} INFO - [2026-10-01T08:22:08.573+0000] {dagbag.py:588} INFO - Filling up the DagBag from /opt/airflow/dags/my_tasks.py
[2026-10-01T08:22:08.581+0000] {processor.py:925} INFO - DAG(s) 'my_dag' retrieved from /opt/airflow/dags/my_tasks.py
[2026-10-01T08:22:08.599+0000] {logging_mixin.py:190} INFO - [2026-10-01T08:22:08.599+0000] {dag.py:3239} INFO - Sync 1 DAGs
[2026-10-01T08:22:08.616+0000] {logging_mixin.py:190} INFO - [2026-10-01T08:22:08.615+0000] {dag.py:4180} INFO - Setting next_dagrun for my_dag to None, run_after=None
[2026-10-01T08:22:08.630+0000] {processor.py:208} INFO - Processing /opt/airflow/dags/my_tasks.py took 0.069 seconds
[2026-10-01T08:22:38.819+0000] {processor.py:186} INFO - Started process (PID=207) to work on /opt/airflow/dags/my_tasks.py
[2026-10-01T08:22:38.827+0000] {processor.py:914} INFO - Processing file /opt/airflow/dags/my_tasks.py for tasks to queue
[2026-10-01T08:22:38.829+0000] {logging_mixin.py:190} INFO - [2026-10-01T08:22:38.829+0000] {dagbag.py:588} INFO - Filling up the DagBag from /opt/airflow/dags/my_tasks.py
[2026-10-01T08:22:38.836+0000] {processor.py:925} INFO - DAG(s) 'my_dag' retrieved from /opt/airflow/dags/my_tasks.py
[2026-10-01T08:22:38.856+0000] {logging_mixin.py:190} INFO - [2026-10-01T08:22:38.855+0000] {dag.py:3239} INFO - Sync 1 DAGs
[2026-10-01T08:22:38.871+0000] {logging_mixin.py:190} INFO - [2026-10-01T08:22:38.871+0000] {dag.py:4180} INFO - Setting next_dagrun for my_dag to None, run_after=None
[2026-10-01T08:22:38.885+0000] {processor.py:208} INFO - Processing /opt/airflow/dags/my_tasks.py took 0.071 seconds
[2026-10-01T08:23:09.069+0000] {processor.py:186} INFO - Started process (PID=218) to work on /opt/airflow/dags/my_tasks.py
[2026-10-01T08:23:09.070+0000] {processor.py:914} INFO - Processing file /opt/airflow/dags/my_tasks.py for tasks to queue
[2026-10-01T08:23:09.071+0000] {logging_mixin.py:190} INFO - [2026-10-01T08:23:09.071+0000] {dagbag.py:588} INFO - Filling up the DagBag from /opt/airflow/dags/my_tasks.py
[2026-10-01T08:23:09.078+0000] {processor.py:925} INFO - DAG(s) 'my_dag' retrieved from /opt/airflow/dags/my_tasks.py
[2026-10-01T08:23:09.096+0000] {logging_mixin.py:190} INFO - [2026-10-01T08:23:09.096+0000] {dag.py:3239} INFO - Sync 1 DAGs
[2026-10-01T08:23:09.112+0000] {logging_mixin.py:190} INFO - [2026-10-01T08:23:09.111+0000] {dag.py:4180} INFO - Setting next_dagrun for my_dag to None, run_after=None
[2026-10-01T08:23:09.126+0000] {processor.py:208} INFO - Processing /opt/airflow/dags/my_tasks.py took 0.061 seconds
[2026-10-01T08:23:39.327+0000] {processor.py:186} INFO - Started process (PID=235) to work on /opt/airflow/dags/my_tasks.py
[2026-10-01T08:23:39.327+0000] {processor.py:914} INFO - Processing file /opt/airflow/dags/my_tasks.py for tasks to queue
[2026-10-01T08:23:39.329+0000] {logging_mixin.py:190} INFO - [2026-10-01T08:23:39.329+0000] {dagbag.py:588} INFO - Filling up the DagBag from /opt/airflow/dags/my_tasks.py
[2026-10-01T08:23:39.335+0000] {processor.py:925} INFO - DAG(s) 'my_dag' retrieved from /opt/airflow/dags/my_tasks.py
[2026-10-01T08:23:39.352+0000] {logging_mixin.py:190} INFO - [2026-10-01T08:23:39.352+0000] {dag.py:3239} INFO - Sync 1 DAGs
[2026-10-01T08:23:39.367+0000] {logging_mixin.py:190} INFO - [2026-10-01T08:23:39.367+0000] {dag.py:4180} INFO - Setting next_dagrun for my_dag to None, run_after=None
[2026-10-01T08:23:39.382+0000] {processor.py:208} INFO - Processing /opt/airflow/dags/my_tasks.py took 0.060 seconds
[2026-10-01T08:24:09.604+0000] {processor.py:186} INFO - Started process (PID=246) to work on /opt/airflow/dags/my_tasks.py
[2026-10-01T08:24:09.604+0000] {processor.py:914} INFO - Processing file /opt/airflow/dags/my_tasks.py for tasks to queue
[2026-10-01T08:24:09.606+0000] {logging_mixin.py:190} INFO - [2026-10-01T08:24:09.605+0000] {dagbag.py:588} INFO - Filling up the DagBag from /opt/airflow/dags/my_tasks.py
[2026-10-01T08:24:09.612+0000] {processor.py:925} INFO - DAG(s) 'my_dag' retrieved from /opt/airflow/dags/my_tasks.py
[2026-10-01T08:24:09.631+0000] {logging_mixin.py:190} INFO - [2026-10-01T08:24:09.631+0000] {dag.py:3239} INFO - Sync 1 DAGs
[2026-10-01T08:24:09.647+0000] {logging_mixin.py:190} INFO - [2026-10-01T08:24:09.646+0000] {dag.py:4180} INFO - Setting next_dagrun for my_dag to None, run_after=None
[2026-10-01T08:24:09.661+0000] {processor.py:208} INFO - Processing /opt/airflow/dags/my_tasks.py took 0.061 seconds
[2026-10-01T08:24:39.883+0000] {processor.py:186} INFO - Started process (PID=257) to work on /opt/airflow/dags/my_tasks.py
[2026-10-01T08:24:39.884+0000] {processor.py:914} INFO - Processing file /opt/airflow/dags/my_tasks.py for tasks to queue
[2026-10-01T08:24:39.885+0000] {logging_mixin.py:190} INFO - [2026-10-01T08:24:39.885+0000] {dagbag.py:588} INFO - Filling up the DagBag from /opt/airflow/dags/my_tasks.py
[2026-10-01T08:24:39.893+0000] {processor.py:925} INFO - DAG(s) 'my_dag' retrieved from /opt/airflow/dags/my_tasks.py
[2026-10-01T08:24:39.911+0000] {logging_mixin.py:190} INFO - [2026-10-01T08:24:39.911+0000] {dag.py:3239} INFO - Sync 1 DAGs
[2026-10-01T08:24:39.926+0000] {logging_mixin.py:190} INFO - [2026-10-01T08:24:39.926+0000] {dag.py:4180} INFO - Setting next_dagrun for my_dag to None, run_after=None
[2026-10-01T08:24:39.940+0000] {processor.py:208} INFO - Processing /opt/airflow/dags/my_tasks.py took 0.062 seconds
[2026-10-01T08:25:10.156+0000] {processor.py:186} INFO - Started process (PID=268) to work on /opt/airflow/dags/my_tasks.py
[2026-10-01T08:25:10.157+0000] {processor.py:914} INFO - Processing file /opt/airflow/dags/my_tasks.py for tasks to queue
[2026-10-01T08:25:10.158+0000] {logging_mixin.py:190} INFO - [2026-10-01T08:25:10.158+0000] {dagbag.py:588} INFO - Filling up the DagBag from /opt/airflow/dags/my_tasks.py
[2026-10-01T08:25:10.165+0000] {processor.py:925} INFO - DAG(s) 'my_dag' retrieved from /opt/airflow/dags/my_tasks.py
[2026-10-01T08:25:10.182+0000] {logging_mixin.py:190} INFO - [2026-10-01T08:25:10.182+0000] {dag.py:3239} INFO - Sync 1 DAGs
[2026-10-01T08:25:10.197+0000] {logging_mixin.py:190} INFO - [2026-10-01T08:25:10.197+0000] {dag.py:4180} INFO - Setting next_dagrun for my_dag to None, run_after=None
[2026-10-01T08:25:10.211+0000] {processor.py:208} INFO - Processing /opt/airflow/dags/my_tasks.py took 0.059 seconds
[2026-10-01T08:25:40.430+0000] {processor.py:186} INFO - Started process (PID=279) to work on /opt/airflow/dags/my_tasks.py
[2026-10-01T08:25:40.439+0000] {processor.py:914} INFO - Processing file /opt/airflow/dags/my_tasks.py for tasks to queue
[2026-10-01T08:25:40.442+0000] {logging_mixin.py:190} INFO - [2026-10-01T08:25:40.441+0000] {dagbag.py:588} INFO - Filling up the DagBag from /opt/airflow/dags/my_tasks.py
[2026-10-01T08:25:40.451+0000] {processor.py:925} INFO - DAG(s) 'my_dag' retrieved from /opt/airflow/dags/my_tasks.py
[2026-10-01T08:25:40.470+0000] {logging_mixin.py:190} INFO - [2026-10-01T08:25:40.470+0000] {dag.py:3239} INFO - Sync 1 DAGs
[2026-10-01T08:25:40.488+0000] {logging_mixin.py:190} INFO - [2026-10-01T08:25:40.488+0000] {dag.py:4180} INFO - Setting next_dagrun for my_dag to None, run_after=None
[2026-10-01T08:25:40.503+0000] {processor.py:208} INFO - Processing /opt/airflow/dags/my_tasks.py took 0.076 seconds
[2026-10-01T08:26:10.706+0000] {processor.py:186} INFO - Started process (PID=290) to work on /opt/airflow/dags/my_tasks.py
[2026-10-01T08:26:10.714+0000] {processor.py:914} INFO - Processing file /opt/airflow/dags/my_tasks.py for tasks to queue
[2026-10-01T08:26:10.715+0000] {logging_mixin.py:190} INFO - [2026-10-01T08:26:10.715+0000] {dagbag.py:588} INFO - Filling up the DagBag from /opt/airflow/dags/my_tasks.py
[2026-10-01T08:26:10.721+0000] {processor.py:925} INFO - DAG(s) 'my_dag' retrieved from /opt/airflow/dags/my_tasks.py
[2026-10-01T08:26:10.738+0000] {logging_mixin.py:190} INFO - [2026-10-01T08:26:10.738+0000] {dag.py:3239} INFO - Sync 1 DAGs
[2026-10-01T08:26:10.754+0000] {logging_mixin.py:190} INFO - [2026-10-01T08:26:10.753+0000] {dag.py:4180} INFO - Setting next_dagrun for my_dag to None, run_after=None
[2026-10-01T08:26:10.768+0000] {processor.py:208} INFO - Processing /opt/airflow/dags/my_tasks.py took 0.067 seconds
[2026-10-01T08:26:40.983+0000] {processor.py:186} INFO - Started process (PID=301) to work on /opt/airflow/dags/my_tasks.py
[2026-10-01T08:26:40.991+0000] {processor.py:914} INFO - Processing file /opt/airflow/dags/my_tasks.py for tasks to queue
[2026-10-01T08:26:40.993+0000] {logging_mixin.py:190} INFO - [2026-10-01T08:26:40.993+0000] {dagbag.py:588} INFO - Filling up the DagBag from /opt/airflow/dags/my_tasks.py
[2026-10-01T08:26:41.001+0000] {processor.py:925} INFO - DAG(s) 'my_dag' retrieved from /opt/airflow/dags/my_tasks.py
[2026-10-01T08:26:41.018+0000] {logging_mixin.py:190} INFO - [2026-10-01T08:26:41.018+0000] {dag.py:3239} INFO - Sync 1 DAGs
[2026-10-01T08:26:41.033+0000] {logging_mixin.py:190} INFO - [2026-10-01T08:26:41.033+0000] {dag.py:4180} INFO - Setting next_dagrun for my_dag to None, run_after=None
[2026-10-01T08:26:41.047+0000] {processor.py:208} INFO - Processing /opt/airflow/dags/my_tasks.py took 0.067 seconds
[2026-10-01T08:27:11.256+0000] {processor.py:186} INFO - Started process (PID=312) to work on /opt/airflow/dags/my_tasks.py
[2026-10-01T08:27:11.264+0000] {processor.py:914} INFO - Processing file /opt/airflow/dags/my_tasks.py for tasks to queue
[2026-10-01T08:27:11.266+0000] {logging_mixin.py:190} INFO - [2026-10-01T08:27:11.266+0000] {dagbag.py:588} INFO - Filling up the DagBag from /opt/airflow/dags/my_tasks.py
[2026-10-01T08:27:11.277+0000] {processor.py:925} INFO - DAG(s) 'my_dag' retrieved from /opt/airflow/dags/my_tasks.py
[2026-10-01T08:27:11.294+0000] {logging_mixin.py:190} INFO - [2026-10-01T08:27:11.294+0000] {dag.py:3239} INFO - Sync 1 DAGs
[2026-10-01T08:27:11.310+0000] {logging_mixin.py:190} INFO - [2026-10-01T08:27:11.310+0000] {dag.py:4180} INFO - Setting next_dagrun for my_dag to None, run_after=None
[2026-10-01T08:27:11.324+0000] {processor.py:208} INFO - Processing /opt/airflow/dags/my_tasks.py took 0.071 seconds
[2026-10-01T08:27:41.528+0000] {processor.py:186} INFO - Started process (PID=323) to work on /opt/airflow/dags/my_tasks.py
[2026-10-01T08:27:41.536+0000] {processor.py:914} INFO - Processing file /opt/airflow/dags/my_tasks.py for tasks to queue
[2026-10-01T08:27:41.538+0000] {logging_mixin.py:190} INFO - [2026-10-01T08:27:41.538+0000] {dagbag.py:588} INFO - Filling up the DagBag from /opt/airflow/dags/my_tasks.py
[2026-10-01T08:27:41.549+0000] {processor.py:925} INFO - DAG(s) 'my_dag' retrieved from /opt/airflow/dags/my_tasks.py
[2026-10-01T08:27:41.569+0000] {logging_mixin.py:190} INFO - [2026-10-01T08:27:41.569+0000] {dag.py:3239} INFO - Sync 1 DAGs
[2026-10-01T08:27:41.585+0000] {logging_mixin.py:190} INFO - [2026-10-01T08:27:41.585+0000] {dag.py:4180} INFO - Setting next_dagrun for my_dag to None, run_after=None
[2026-10-01T08:27:41.603+0000] {processor.py:208} INFO - Processing /opt/airflow/dags/my_tasks.py took 0.079 seconds
[2026-10-01T08:28:11.797+0000] {processor.py:186} INFO - Started process (PID=334) to work on /opt/airflow/dags/my_tasks.py
[2026-10-01T08:28:11.805+0000] {processor.py:914} INFO - Processing file /opt/airflow/dags/my_tasks.py for tasks to queue
[2026-10-01T08:28:11.807+0000] {logging_mixin.py:190} INFO - [2026-10-01T08:28:11.806+0000] {dagbag.py:588} INFO - Filling up the DagBag from /opt/airflow/dags/my_tasks.py
[2026-10-01T08:28:11.818+0000] {processor.py:925} INFO - DAG(s) 'my_dag' retrieved from /opt/airflow/dags/my_tasks.py
[2026-10-01T08:28:11.840+0000] {logging_mixin.py:190} INFO - [2026-10-01T08:28:11.840+0000] {dag.py:3239} INFO - Sync 1 DAGs
[2026-10-01T08:28:11.855+0000] {logging_mixin.py:190} INFO - [2026-10-01T08:28:11.855+0000] {dag.py:4180} INFO - Setting next_dagrun for my_dag to None, run_after=None
[2026-10-01T08:28:11.870+0000] {processor.py:208} INFO - Processing /opt/airflow/dags/my_tasks.py took 0.077 seconds
[2026-10-01T08:28:42.074+0000] {processor.py:186} INFO - Started process (PID=345) to work on /opt/airflow/dags/my_tasks.py
[2026-10-01T08:28:42.086+0000] {processor.py:914} INFO - Processing file /opt/airflow/dags/my_tasks.py for tasks to queue
[2026-10-01T08:28:42.088+0000] {logging_mixin.py:190} INFO - [2026-10-01T08:28:42.088+0000] {dagbag.py:588} INFO - Filling up the DagBag from /opt/airflow/dags/my_tasks.py
[2026-10-01T08:28:42.098+0000] {processor.py:925} INFO - DAG(s) 'my_dag' retrieved from /opt/airflow/dags/my_tasks.py
[2026-10-01T08:28:42.116+0000] {logging_mixin.py:190} INFO - [2026-10-01T08:28:42.116+0000] {dag.py:3239} INFO - Sync 1 DAGs
[2026-10-01T08:28:42.131+0000] {logging_mixin.py:190} INFO - [2026-10-01T08:28:42.131+0000] {dag.py:4180} INFO - Setting next_dagrun for my_dag to None, run_after=None
[2026-10-01T08:28:42.145+0000] {processor.py:208} INFO - Processing /opt/airflow/dags/my_tasks.py took 0.075 seconds
[2026-10-01T08:29:12.331+0000] {processor.py:186} INFO - Started process (PID=356) to work on /opt/airflow/dags/my_tasks.py
[2026-10-01T08:29:12.331+0000] {processor.py:914} INFO - Processing file /opt/airflow/dags/my_tasks.py for tasks to queue
[2026-10-01T08:29:12.332+0000] {logging_mixin.py:190} INFO - [2026-10-01T08:29:12.332+0000] {dagbag.py:588} INFO - Filling up the DagBag from /opt/airflow/dags/my_tasks.py
[2026-10-01T08:29:12.340+0000] {processor.py:925} INFO - DAG(s) 'my_dag' retrieved from /opt/airflow/dags/my_tasks.py
[2026-10-01T08:29:12.357+0000] {logging_mixin.py:190} INFO - [2026-10-01T08:29:12.356+0000] {dag.py:3239} INFO - Sync 1 DAGs
[2026-10-01T08:29:12.371+0000] {logging_mixin.py:190} INFO - [2026-10-01T08:29:12.371+0000] {dag.py:4180} INFO - Setting next_dagrun for my_dag to None, run_after=None
[2026-10-01T08:29:12.386+0000] {processor.py:208} INFO - Processing /opt/airflow/dags/my_tasks.py took 0.059 seconds
[2026-10-01T08:29:42.583+0000] {processor.py:186} INFO - Started process (PID=367) to work on /opt/airflow/dags/my_tasks.py
[2026-10-01T08:29:42.591+0000] {processor.py:914} INFO - Processing file /opt/airflow/dags/my_tasks.py for tasks to queue
[2026-10-01T08:29:42.593+0000] {logging_mixin.py:190} INFO - [2026-10-01T08:29:42.593+0000] {dagbag.py:588} INFO - Filling up the DagBag from /opt/airflow/dags/my_tasks.py
[2026-10-01T08:29:42.604+0000] {processor.py:925} INFO - DAG(s) 'my_dag' retrieved from /opt/airflow/dags/my_tasks.py
[2026-10-01T08:29:42.621+0000] {logging_mixin.py:190} INFO - [2026-10-01T08:29:42.621+0000] {dag.py:3239} INFO - Sync 1 DAGs
[2026-10-01T08:29:42.637+0000] {logging_mixin.py:190} INFO - [2026-10-01T08:29:42.637+0000] {dag.py:4180} INFO - Setting next_dagrun for my_dag to None, run_after=None
[2026-10-01T08:29:42.652+0000] {processor.py:208} INFO - Processing /opt/airflow/dags/my_tasks.py took 0.073 seconds
[2026-10-01T08:30:12.857+0000] {processor.py:186} INFO - Started process (PID=378) to work on /opt/airflow/dags/my_tasks.py
[2026-10-01T08:30:12.865+0000] {processor.py:914} INFO - Processing file /opt/airflow/dags/my_tasks.py for tasks to queue
[2026-10-01T08:30:12.868+0000] {logging_mixin.py:190} INFO - [2026-10-01T08:30:12.868+0000] {dagbag.py:588} INFO - Filling up the DagBag from /opt/airflow/dags/my_tasks.py
[2026-10-01T08:30:12.882+0000] {processor.py:925} INFO - DAG(s) 'my_dag' retrieved from /opt/airflow/dags/my_tasks.py
[2026-10-01T08:30:12.899+0000] {logging_mixin.py:190} INFO - [2026-10-01T08:30:12.899+0000] {dag.py:3239} INFO - Sync 1 DAGs
[2026-10-01T08:30:12.914+0000] {logging_mixin.py:190} INFO - [2026-10-01T08:30:12.914+0000] {dag.py:4180} INFO - Setting next_dagrun for my_dag to None, run_after=None
[2026-10-01T08:30:12.928+0000] {processor.py:208} INFO - Processing /opt/airflow/dags/my_tasks.py took 0.075 seconds
[2026-10-01T08:30:43.138+0000] {processor.py:186} INFO - Started process (PID=389) to work on /opt/airflow/dags/my_tasks.py
[2026-10-01T08:30:43.146+0000] {processor.py:914} INFO - Processing file /opt/airflow/dags/my_tasks.py for tasks to queue
[2026-10-01T08:30:43.148+0000] {logging_mixin.py:190} INFO - [2026-10-01T08:30:43.148+0000] {dagbag.py:588} INFO - Filling up the DagBag from /opt/airflow/dags/my_tasks.py
[2026-10-01T08:30:43.157+0000] {processor.py:925} INFO - DAG(s) 'my_dag' retrieved from /opt/airflow/dags/my_tasks.py
[2026-10-01T08:30:43.176+0000] {logging_mixin.py:190} INFO - [2026-10-01T08:30:43.176+0000] {dag.py:3239} INFO - Sync 1 DAGs
[2026-10-01T08:30:43.193+0000] {logging_mixin.py:190} INFO - [2026-10-01T08:30:43.193+0000] {dag.py:4180} INFO - Setting next_dagrun for my_dag to None, run_after=None
[2026-10-01T08:30:43.206+0000] {processor.py:208} INFO - Processing /opt/airflow/dags/my_tasks.py took 0.072 seconds
[2026-10-01T08:31:13.412+0000] {processor.py:186} INFO - Started process (PID=400) to work on /opt/airflow/dags/my_tasks.py
[2026-10-01T08:31:13.420+0000] {processor.py:914} INFO - Processing file /opt/airflow/dags/my_tasks.py for tasks to queue
[2026-10-01T08:31:13.423+0000] {logging_mixin.py:190} INFO - [2026-10-01T08:31:13.422+0000] {dagbag.py:588} INFO - Filling up the DagBag from /opt/airflow/dags/my_tasks.py
[2026-10-01T08:31:13.433+0000] {processor.py:925} INFO - DAG(s) 'my_dag' retrieved from /opt/airflow/dags/my_tasks.py
[2026-10-01T08:31:13.450+0000] {logging_mixin.py:190} INFO - [2026-10-01T08:31:13.450+0000] {dag.py:3239} INFO - Sync 1 DAGs
[2026-10-01T08:31:13.467+0000] {logging_mixin.py:190} INFO - [2026-10-01T08:31:13.466+0000] {dag.py:4180} INFO - Setting next_dagrun for my_dag to None, run_after=None
[2026-10-01T08:31:13.480+0000] {processor.py:208} INFO - Processing /opt/airflow/dags/my_tasks.py took 0.072 seconds
[2026-10-01T08:31:43.682+0000] {processor.py:186} INFO - Started process (PID=411) to work on /opt/airflow/dags/my_tasks.py
[2026-10-01T08:31:43.682+0000] {processor.py:914} INFO - Processing file /opt/airflow/dags/my_tasks.py for tasks to queue
[2026-10-01T08:31:43.683+0000] {logging_mixin.py:190} INFO - [2026-10-01T08:31:43.683+0000] {dagbag.py:588} INFO - Filling up the DagBag from /opt/airflow/dags/my_tasks.py
[2026-10-01T08:31:43.690+0000] {processor.py:925} INFO - DAG(s) 'my_dag' retrieved from /opt/airflow/dags/my_tasks.py
[2026-10-01T08:31:43.708+0000] {logging_mixin.py:190} INFO - [2026-10-01T08:31:43.708+0000] {dag.py:3239} INFO - Sync 1 DAGs
[2026-10-01T08:31:43.723+0000] {logging_mixin.py:190} INFO - [2026-10-01T08:31:43.723+0000] {dag.py:4180} INFO - Setting next_dagrun for my_dag to None, run_after=None
[2026-10-01T08:31:43.737+0000] {processor.py:208} INFO - Processing /opt/airflow/dags/my_tasks.py took 0.059 seconds
[2026-10-01T08:32:13.956+0000] {processor.py:186} INFO - Started process (PID=422) to work on /opt/airflow/dags/my_tasks.py
[2026-10-01T08:32:13.964+0000] {processor.py:914} INFO - Processing file /opt/airflow/dags/my_tasks.py for tasks to queue
[2026-10-01T08:32:13.966+0000] {logging_mixin.py:190} INFO - [2026-10-01T08:32:13.966+0000] {dagbag.py:588} INFO - Filling up the DagBag from /opt/airflow/dags/my_tasks.py
[2026-10-01T08:32:13.973+0000] {processor.py:925} INFO - DAG(s) 'my_dag' retrieved from /opt/airflow/dags/my_tasks.py
[2026-10-01T08:32:13.991+0000] {logging_mixin.py:190} INFO - [2026-10-01T08:32:13.991+0000] {dag.py:3239} INFO - Sync 1 DAGs
[2026-10-01T08:32:14.007+0000] {logging_mixin.py:190} INFO - [2026-10-01T08:32:14.007+0000] {dag.py:4180} INFO - Setting next_dagrun for my_dag to None, run_after=None
[2026-10-01T08:32:14.021+0000] {processor.py:208} INFO - Processing /opt/airflow/dags/my_tasks.py took 0.069 seconds
[2026-10-01T08:32:44.229+0000] {processor.py:186} INFO - Started process (PID=433) to work on /opt/airflow/dags/my_tasks.py
[2026-10-01T08:32:44.229+0000] {processor.py:914} INFO - Processing file /opt/airflow/dags/my_tasks.py for tasks to queue
[2026-10-01T08:32:44.231+0000] {logging_mixin.py:190} INFO - [2026-10-01T08:32:44.231+0000] {dagbag.py:588} INFO - Filling up the DagBag from /opt/airflow/dags/my_tasks.py
[2026-10-01T08:32:44.238+0000] {processor.py:925} INFO - DAG(s) 'my_dag' retrieved from /opt/airflow/dags/my_tasks.py
[2026-10-01T08:32:44.256+0000] {logging_mixin.py:190} INFO - [2026-10-01T08:32:44.256+0000] {dag.py:3239} INFO - Sync 1 DAGs
[2026-10-01T08:32:44.271+0000] {logging_mixin.py:190} INFO - [2026-10-01T08:32:44.271+0000] {dag.py:4180} INFO - Setting next_dagrun for my_dag to None, run_after=None
[2026-10-01T08:32:44.286+0000] {processor.py:208} INFO - Processing /opt/airflow/dags/my_tasks.py took 0.061 seconds
[2026-10-01T08:33:14.491+0000] {processor.py:186} INFO - Started process (PID=444) to work on /opt/airflow/dags/my_tasks.py
[2026-10-01T08:33:14.499+0000] {processor.py:914} INFO - Processing file /opt/airflow/dags/my_tasks.py for tasks to queue
[2026-10-01T08:33:14.501+0000] {logging_mixin.py:190} INFO - [2026-10-01T08:33:14.500+0000] {dagbag.py:588} INFO - Filling up the DagBag from /opt/airflow/dags/my_tasks.py
[2026-10-01T08:33:14.510+0000] {processor.py:925} INFO - DAG(s) 'my_dag' retrieved from /opt/airflow/dags/my_tasks.py
[2026-10-01T08:33:14.527+0000] {logging_mixin.py:190} INFO - [2026-10-01T08:33:14.527+0000] {dag.py:3239} INFO - Sync 1 DAGs
[2026-10-01T08:33:14.543+0000] {logging_mixin.py:190} INFO - [2026-10-01T08:33:14.543+0000] {dag.py:4180} INFO - Setting next_dagrun for my_dag to None, run_after=None
[2026-10-01T08:33:14.557+0000] {processor.py:208} INFO - Processing /opt/airflow/dags/my_tasks.py took 0.070 seconds
[2026-10-01T08:33:44.756+0000] {processor.py:186} INFO - Started process (PID=455) to work on /opt/airflow/dags/my_tasks.py
[2026-10-01T08:33:44.757+0000] {processor.py:914} INFO - Processing file /opt/airflow/dags/my_tasks.py for tasks to queue
[2026-10-01T08:33:44.758+0000] {logging_mixin.py:190} INFO - [2026-10-01T08:33:44.758+0000] {dagbag.py:588} INFO - Filling up the DagBag from /opt/airflow/dags/my_tasks.py
[2026-10-01T08:33:44.765+0000] {processor.py:925} INFO - DAG(s) 'my_dag' retrieved from /opt/airflow/dags/my_tasks.py
[2026-10-01T08:33:44.782+0000] {logging_mixin.py:190} INFO - [2026-10-01T08:33:44.782+0000] {dag.py:3239} INFO - Sync 1 DAGs
[2026-10-01T08:33:44.797+0000] {logging_mixin.py:190} INFO - [2026-10-01T08:33:44.797+0000] {dag.py:4180} INFO - Setting next_dagrun for my_dag to None, run_after=None
[2026-10-01T08:33:44.811+0000] {processor.py:208} INFO - Processing /opt/airflow/dags/my_tasks.py took 0.059 seconds
[2026-10-01T08:34:15.023+0000] {processor.py:186} INFO - Started process (PID=466) to work on /opt/airflow/dags/my_tasks.py
[2026-10-01T08:34:15.025+0000] {processor.py:914} INFO - Processing file /opt/airflow/dags/my_tasks.py for tasks to queue
[2026-10-01T08:34:15.027+0000] {logging_mixin.py:190} INFO - [2026-10-01T08:34:15.026+0000] {dagbag.py:588} INFO - Filling up the DagBag from /opt/airflow/dags/my_tasks.py
[2026-10-01T08:34:15.033+0000] {processor.py:925} INFO - DAG(s) 'my_dag' retrieved from /opt/airflow/dags/my_tasks.py
[2026-10-01T08:34:15.050+0000] {logging_mixin.py:190} INFO - [2026-10-01T08:34:15.050+0000] {dag.py:3239} INFO - Sync 1 DAGs
[2026-10-01T08:34:15.065+0000] {logging_mixin.py:190} INFO - [2026-10-01T08:34:15.065+0000] {dag.py:4180} INFO - Setting next_dagrun for my_dag to None, run_after=None
[2026-10-01T08:34:15.079+0000] {processor.py:208} INFO - Processing /opt/airflow/dags/my_tasks.py took 0.060 seconds
[2026-10-01T08:34:45.309+0000] {processor.py:186} INFO - Started process (PID=477) to work on /opt/airflow/dags/my_tasks.py
[2026-10-01T08:34:45.310+0000] {processor.py:914} INFO - Processing file /opt/airflow/dags/my_tasks.py for tasks to queue
[2026-10-01T08:34:45.311+0000] {logging_mixin.py:190} INFO - [2026-10-01T08:34:45.311+0000] {dagbag.py:588} INFO - Filling up the DagBag from /opt/airflow/dags/my_tasks.py
[2026-10-01T08:34:45.317+0000] {processor.py:925} INFO - DAG(s) 'my_dag' retrieved from /opt/airflow/dags/my_tasks.py
[2026-10-01T08:34:45.335+0000] {logging_mixin.py:190} INFO - [2026-10-01T08:34:45.335+0000] {dag.py:3239} INFO - Sync 1 DAGs
[2026-10-01T08:34:45.350+0000] {logging_mixin.py:190} INFO - [2026-10-01T08:34:45.350+0000] {dag.py:4180} INFO - Setting next_dagrun for my_dag to None, run_after=None
[2026-10-01T08:34:45.364+0000] {processor.py:208} INFO - Processing /opt/airflow/dags/my_tasks.py took 0.059 seconds
[2026-10-01T08:35:15.583+0000] {processor.py:186} INFO - Started process (PID=488) to work on /opt/airflow/dags/my_tasks.py
[2026-10-01T08:35:15.591+0000] {processor.py:914} INFO - Processing file /opt/airflow/dags/my_tasks.py for tasks to queue
[2026-10-01T08:35:15.593+0000] {logging_mixin.py:190} INFO - [2026-10-01T08:35:15.593+0000] {dagbag.py:588} INFO - Filling up the DagBag from /opt/airflow/dags/my_tasks.py
[2026-10-01T08:35:15.603+0000] {processor.py:925} INFO - DAG(s) 'my_dag' retrieved from /opt/airflow/dags/my_tasks.py
[2026-10-01T08:35:15.620+0000] {logging_mixin.py:190} INFO - [2026-10-01T08:35:15.620+0000] {dag.py:3239} INFO - Sync 1 DAGs
[2026-10-01T08:35:15.636+0000] {logging_mixin.py:190} INFO - [2026-10-01T08:35:15.636+0000] {dag.py:4180} INFO - Setting next_dagrun for my_dag to None, run_after=None
[2026-10-01T08:35:15.650+0000] {processor.py:208} INFO - Processing /opt/airflow/dags/my_tasks.py took 0.071 seconds
[2026-10-01T08:35:45.858+0000] {processor.py:186} INFO - Started process (PID=499) to work on /opt/airflow/dags/my_tasks.py
[2026-10-01T08:35:45.864+0000] {processor.py:914} INFO - Processing file /opt/airflow/dags/my_tasks.py for tasks to queue
[2026-10-01T08:35:45.866+0000] {logging_mixin.py:190} INFO - [2026-10-01T08:35:45.866+0000] {dagbag.py:588} INFO - Filling up the DagBag from /opt/airflow/dags/my_tasks.py
[2026-10-01T08:35:45.875+0000] {processor.py:925} INFO - DAG(s) 'my_dag' retrieved from /opt/airflow/dags/my_tasks.py
[2026-10-01T08:35:45.894+0000] {logging_mixin.py:190} INFO - [2026-10-01T08:35:45.894+0000] {dag.py:3239} INFO - Sync 1 DAGs
[2026-10-01T08:35:45.910+0000] {logging_mixin.py:190} INFO - [2026-10-01T08:35:45.910+0000] {dag.py:4180} INFO - Setting next_dagrun for my_dag to None, run_after=None
[2026-10-01T08:35:45.925+0000] {processor.py:208} INFO - Processing /opt/airflow/dags/my_tasks.py took 0.070 seconds
[2026-10-01T08:36:16.138+0000] {processor.py:186} INFO - Started process (PID=510) to work on /opt/airflow/dags/my_tasks.py
[2026-10-01T08:36:16.146+0000] {processor.py:914} INFO - Processing file /opt/airflow/dags/my_tasks.py for tasks to queue
[2026-10-01T08:36:16.148+0000] {logging_mixin.py:190} INFO - [2026-10-01T08:36:16.147+0000] {dagbag.py:588} INFO - Filling up the DagBag from /opt/airflow/dags/my_tasks.py
[2026-10-01T08:36:16.157+0000] {processor.py:925} INFO - DAG(s) 'my_dag' retrieved from /opt/airflow/dags/my_tasks.py
[2026-10-01T08:36:16.174+0000] {logging_mixin.py:190} INFO - [2026-10-01T08:36:16.174+0000] {dag.py:3239} INFO - Sync 1 DAGs
[2026-10-01T08:36:16.189+0000] {logging_mixin.py:190} INFO - [2026-10-01T08:36:16.189+0000] {dag.py:4180} INFO - Setting next_dagrun for my_dag to None, run_after=None
[2026-10-01T08:36:16.203+0000] {processor.py:208} INFO - Processing /opt/airflow/dags/my_tasks.py took 0.069 seconds
[2026-10-01T08:36:46.395+0000] {processor.py:186} INFO - Started process (PID=521) to work on /opt/airflow/dags/my_tasks.py
[2026-10-01T08:36:46.396+0000] {processor.py:914} INFO - Processing file /opt/airflow/dags/my_tasks.py for tasks to queue
[2026-10-01T08:36:46.397+0000] {logging_mixin.py:190} INFO - [2026-10-01T08:36:46.397+0000] {dagbag.py:588} INFO - Filling up the DagBag from /opt/airflow/dags/my_tasks.py
[2026-10-01T08:36:46.404+0000] {processor.py:925} INFO - DAG(s) 'my_dag' retrieved from /opt/airflow/dags/my_tasks.py
[2026-10-01T08:36:46.422+0000] {logging_mixin.py:190} INFO - [2026-10-01T08:36:46.421+0000] {dag.py:3239} INFO - Sync 1 DAGs
[2026-10-01T08:36:46.437+0000] {logging_mixin.py:190} INFO - [2026-10-01T08:36:46.437+0000] {dag.py:4180} INFO - Setting next_dagrun for my_dag to None, run_after=None
[2026-10-01T08:36:46.451+0000] {processor.py:208} INFO - Processing /opt/airflow/dags/my_tasks.py took 0.059 seconds
[2026-10-01T08:37:16.679+0000] {processor.py:186} INFO - Started process (PID=532) to work on /opt/airflow/dags/my_tasks.py
[2026-10-01T08:37:16.687+0000] {processor.py:914} INFO - Processing file /opt/airflow/dags/my_tasks.py for tasks to queue
[2026-10-01T08:37:16.690+0000] {logging_mixin.py:190} INFO - [2026-10-01T08:37:16.689+0000] {dagbag.py:588} INFO - Filling up the DagBag from /opt/airflow/dags/my_tasks.py
[2026-10-01T08:37:16.699+0000] {processor.py:925} INFO - DAG(s) 'my_dag' retrieved from /opt/airflow/dags/my_tasks.py
[2026-10-01T08:37:16.717+0000] {logging_mixin.py:190} INFO - [2026-10-01T08:37:16.717+0000] {dag.py:3239} INFO - Sync 1 DAGs
[2026-10-01T08:37:16.734+0000] {logging_mixin.py:190} INFO - [2026-10-01T08:37:16.734+0000] {dag.py:4180} INFO - Setting next_dagrun for my_dag to None, run_after=None
[2026-10-01T08:37:16.748+0000] {processor.py:208} INFO - Processing /opt/airflow/dags/my_tasks.py took 0.073 seconds
[2026-10-01T08:37:46.943+0000] {processor.py:186} INFO - Started process (PID=543) to work on /opt/airflow/dags/my_tasks.py
[2026-10-01T08:37:46.945+0000] {processor.py:914} INFO - Processing file /opt/airflow/dags/my_tasks.py for tasks to queue
[2026-10-01T08:37:46.947+0000] {logging_mixin.py:190} INFO - [2026-10-01T08:37:46.947+0000] {dagbag.py:588} INFO - Filling up the DagBag from /opt/airflow/dags/my_tasks.py
[2026-10-01T08:37:46.954+0000] {processor.py:925} INFO - DAG(s) 'my_dag' retrieved from /opt/airflow/dags/my_tasks.py
[2026-10-01T08:37:46.972+0000] {logging_mixin.py:190} INFO - [2026-10-01T08:37:46.972+0000] {dag.py:3239} INFO - Sync 1 DAGs
[2026-10-01T08:37:46.988+0000] {logging_mixin.py:190} INFO - [2026-10-01T08:37:46.988+0000] {dag.py:4180} INFO - Setting next_dagrun for my_dag to None, run_after=None
[2026-10-01T08:37:47.003+0000] {processor.py:208} INFO - Processing /opt/airflow/dags/my_tasks.py took 0.064 seconds
[2026-10-01T08:38:17.219+0000] {processor.py:186} INFO - Started process (PID=554) to work on /opt/airflow/dags/my_tasks.py
[2026-10-01T08:38:17.227+0000] {processor.py:914} INFO - Processing file /opt/airflow/dags/my_tasks.py for tasks to queue
[2026-10-01T08:38:17.231+0000] {logging_mixin.py:190} INFO - [2026-10-01T08:38:17.230+0000] {dagbag.py:588} INFO - Filling up the DagBag from /opt/airflow/dags/my_tasks.py
[2026-10-01T08:38:17.240+0000] {processor.py:925} INFO - DAG(s) 'my_dag' retrieved from /opt/airflow/dags/my_tasks.py
[2026-10-01T08:38:17.258+0000] {logging_mixin.py:190} INFO - [2026-10-01T08:38:17.257+0000] {dag.py:3239} INFO - Sync 1 DAGs
[2026-10-01T08:38:17.273+0000] {logging_mixin.py:190} INFO - [2026-10-01T08:38:17.273+0000] {dag.py:4180} INFO - Setting next_dagrun for my_dag to None, run_after=None
[2026-10-01T08:38:17.288+0000] {processor.py:208} INFO - Processing /opt/airflow/dags/my_tasks.py took 0.072 seconds
[2026-10-01T08:38:47.464+0000] {processor.py:186} INFO - Started process (PID=565) to work on /opt/airflow/dags/my_tasks.py
[2026-10-01T08:38:47.472+0000] {processor.py:914} INFO - Processing file /opt/airflow/dags/my_tasks.py for tasks to queue
[2026-10-01T08:38:47.474+0000] {logging_mixin.py:190} INFO - [2026-10-01T08:38:47.474+0000] {dagbag.py:588} INFO - Filling up the DagBag from /opt/airflow/dags/my_tasks.py
[2026-10-01T08:38:47.484+0000] {processor.py:925} INFO - DAG(s) 'my_dag' retrieved from /opt/airflow/dags/my_tasks.py
[2026-10-01T08:38:47.502+0000] {logging_mixin.py:190} INFO - [2026-10-01T08:38:47.502+0000] {dag.py:3239} INFO - Sync 1 DAGs
[2026-10-01T08:38:47.518+0000] {logging_mixin.py:190} INFO - [2026-10-01T08:38:47.517+0000] {dag.py:4180} INFO - Setting next_dagrun for my_dag to None, run_after=None
[2026-10-01T08:38:47.532+0000] {processor.py:208} INFO - Processing /opt/airflow/dags/my_tasks.py took 0.072 seconds
[2026-10-01T08:39:17.742+0000] {processor.py:186} INFO - Started process (PID=576) to work on /opt/airflow/dags/my_tasks.py
[2026-10-01T08:39:17.750+0000] {processor.py:914} INFO - Processing file /opt/airflow/dags/my_tasks.py for tasks to queue
[2026-10-01T08:39:17.753+0000] {logging_mixin.py:190} INFO - [2026-10-01T08:39:17.752+0000] {dagbag.py:588} INFO - Filling up the DagBag from /opt/airflow/dags/my_tasks.py
[2026-10-01T08:39:17.763+0000] {processor.py:925} INFO - DAG(s) 'my_dag' retrieved from /opt/airflow/dags/my_tasks.py
[2026-10-01T08:39:17.780+0000] {logging_mixin.py:190} INFO - [2026-10-01T08:39:17.780+0000] {dag.py:3239} INFO - Sync 1 DAGs
[2026-10-01T08:39:17.796+0000] {logging_mixin.py:190} INFO - [2026-10-01T08:39:17.795+0000] {dag.py:4180} INFO - Setting next_dagrun for my_dag to None, run_after=None
[2026-10-01T08:39:17.827+0000] {processor.py:208} INFO - Processing /opt/airflow/dags/my_tasks.py took 0.090 seconds
[2026-10-01T08:39:48.004+0000] {processor.py:186} INFO - Started process (PID=587) to work on /opt/airflow/dags/my_tasks.py
[2026-10-01T08:39:48.012+0000] {processor.py:914} INFO - Processing file /opt/airflow/dags/my_tasks.py for tasks to queue
[2026-10-01T08:39:48.014+0000] {logging_mixin.py:190} INFO - [2026-10-01T08:39:48.014+0000] {dagbag.py:588} INFO - Filling up the DagBag from /opt/airflow/dags/my_tasks.py
[2026-10-01T08:39:48.022+0000] {processor.py:925} INFO - DAG(s) 'my_dag' retrieved from /opt/airflow/dags/my_tasks.py
[2026-10-01T08:39:48.039+0000] {logging_mixin.py:190} INFO - [2026-10-01T08:39:48.039+0000] {dag.py:3239} INFO - Sync 1 DAGs
[2026-10-01T08:39:48.055+0000] {logging_mixin.py:190} INFO - [2026-10-01T08:39:48.054+0000] {dag.py:4180} INFO - Setting next_dagrun for my_dag to None, run_after=None
[2026-10-01T08:39:48.069+0000] {processor.py:208} INFO - Processing /opt/airflow/dags/my_tasks.py took 0.069 seconds
[2026-10-01T08:40:18.272+0000] {processor.py:186} INFO - Started process (PID=598) to work on /opt/airflow/dags/my_tasks.py
[2026-10-01T08:40:18.280+0000] {processor.py:914} INFO - Processing file /opt/airflow/dags/my_tasks.py for tasks to queue
[2026-10-01T08:40:18.282+0000] {logging_mixin.py:190} INFO - [2026-10-01T08:40:18.282+0000] {dagbag.py:588} INFO - Filling up the DagBag from /opt/airflow/dags/my_tasks.py
[2026-10-01T08:40:18.293+0000] {processor.py:925} INFO - DAG(s) 'my_dag' retrieved from /opt/airflow/dags/my_tasks.py
[2026-10-01T08:40:18.310+0000] {logging_mixin.py:190} INFO - [2026-10-01T08:40:18.310+0000] {dag.py:3239} INFO - Sync 1 DAGs
[2026-10-01T08:40:18.326+0000] {logging_mixin.py:190} INFO - [2026-10-01T08:40:18.326+0000] {dag.py:4180} INFO - Setting next_dagrun for my_dag to None, run_after=None
[2026-10-01T08:40:18.341+0000] {processor.py:208} INFO - Processing /opt/airflow/dags/my_tasks.py took 0.073 seconds
[2026-10-01T08:40:48.497+0000] {processor.py:186} INFO - Started process (PID=609) to work on /opt/airflow/dags/my_tasks.py
[2026-10-01T08:40:48.498+0000] {processor.py:914} INFO - Processing file /opt/airflow/dags/my_tasks.py for tasks to queue
[2026-10-01T08:40:48.499+0000] {logging_mixin.py:190} INFO - [2026-10-01T08:40:48.499+0000] {dagbag.py:588} INFO - Filling up the DagBag from /opt/airflow/dags/my_tasks.py
[2026-10-01T08:40:48.506+0000] {processor.py:925} INFO - DAG(s) 'my_dag' retrieved from /opt/airflow/dags/my_tasks.py
[2026-10-01T08:40:48.523+0000] {logging_mixin.py:190} INFO - [2026-10-01T08:40:48.523+0000] {dag.py:3239} INFO - Sync 1 DAGs
[2026-10-01T08:40:48.539+0000] {logging_mixin.py:190} INFO - [2026-10-01T08:40:48.539+0000] {dag.py:4180} INFO - Setting next_dagrun for my_dag to None, run_after=None
[2026-10-01T08:40:48.553+0000] {processor.py:208} INFO - Processing /opt/airflow/dags/my_tasks.py took 0.060 seconds
[2026-10-01T08:41:18.751+0000] {processor.py:186} INFO - Started process (PID=620) to work on /opt/airflow/dags/my_tasks.py
[2026-10-01T08:41:18.752+0000] {processor.py:914} INFO - Processing file /opt/airflow/dags/my_tasks.py for tasks to queue
[2026-10-01T08:41:18.754+0000] {logging_mixin.py:190} INFO - [2026-10-01T08:41:18.753+0000] {dagbag.py:588} INFO - Filling up the DagBag from /opt/airflow/dags/my_tasks.py
[2026-10-01T08:41:18.760+0000] {processor.py:925} INFO - DAG(s) 'my_dag' retrieved from /opt/airflow/dags/my_tasks.py
[2026-10-01T08:41:18.780+0000] {logging_mixin.py:190} INFO - [2026-10-01T08:41:18.780+0000] {dag.py:3239} INFO - Sync 1 DAGs
[2026-10-01T08:41:18.799+0000] {logging_mixin.py:190} INFO - [2026-10-01T08:41:18.799+0000] {dag.py:4180} INFO - Setting next_dagrun for my_dag to None, run_after=None
[2026-10-01T08:41:18.816+0000] {processor.py:208} INFO - Processing /opt/airflow/dags/my_tasks.py took 0.070 seconds
[2026-10-01T08:41:48.979+0000] {processor.py:186} INFO - Started process (PID=631) to work on /opt/airflow/dags/my_tasks.py
[2026-10-01T08:41:48.981+0000] {processor.py:914} INFO - Processing file /opt/airflow/dags/my_tasks.py for tasks to queue
[2026-10-01T08:41:48.982+0000] {logging_mixin.py:190} INFO - [2026-10-01T08:41:48.982+0000] {dagbag.py:588} INFO - Filling up the DagBag from /opt/airflow/dags/my_tasks.py
[2026-10-01T08:41:48.990+0000] {processor.py:925} INFO - DAG(s) 'my_dag' retrieved from /opt/airflow/dags/my_tasks.py
[2026-10-01T08:41:49.009+0000] {logging_mixin.py:190} INFO - [2026-10-01T08:41:49.008+0000] {dag.py:3239} INFO - Sync 1 DAGs
[2026-10-01T08:41:49.025+0000] {logging_mixin.py:190} INFO - [2026-10-01T08:41:49.025+0000] {dag.py:4180} INFO - Setting next_dagrun for my_dag to None, run_after=None
[2026-10-01T08:41:49.279+0000] {processor.py:208} INFO - Processing /opt/airflow/dags/my_tasks.py took 0.304 seconds
[2026-10-01T08:42:19.479+0000] {processor.py:186} INFO - Started process (PID=642) to work on /opt/airflow/dags/my_tasks.py
[2026-10-01T08:42:19.480+0000] {processor.py:914} INFO - Processing file /opt/airflow/dags/my_tasks.py for tasks to queue
[2026-10-01T08:42:19.482+0000] {logging_mixin.py:190} INFO - [2026-10-01T08:42:19.482+0000] {dagbag.py:588} INFO - Filling up the DagBag from /opt/airflow/dags/my_tasks.py
[2026-10-01T08:42:19.492+0000] {processor.py:925} INFO - DAG(s) 'my_dag' retrieved from /opt/airflow/dags/my_tasks.py
[2026-10-01T08:42:19.510+0000] {logging_mixin.py:190} INFO - [2026-10-01T08:42:19.510+0000] {dag.py:3239} INFO - Sync 1 DAGs
[2026-10-01T08:42:19.526+0000] {logging_mixin.py:190} INFO - [2026-10-01T08:42:19.526+0000] {dag.py:4180} INFO - Setting next_dagrun for my_dag to None, run_after=None
[2026-10-01T08:42:19.540+0000] {processor.py:208} INFO - Processing /opt/airflow/dags/my_tasks.py took 0.070 seconds
[2026-10-01T08:42:49.712+0000] {processor.py:186} INFO - Started process (PID=653) to work on /opt/airflow/dags/my_tasks.py
[2026-10-01T08:42:49.720+0000] {processor.py:914} INFO - Processing file /opt/airflow/dags/my_tasks.py for tasks to queue
[2026-10-01T08:42:49.721+0000] {logging_mixin.py:190} INFO - [2026-10-01T08:42:49.721+0000] {dagbag.py:588} INFO - Filling up the DagBag from /opt/airflow/dags/my_tasks.py
[2026-10-01T08:42:49.730+0000] {processor.py:925} INFO - DAG(s) 'my_dag' retrieved from /opt/airflow/dags/my_tasks.py
[2026-10-01T08:42:49.748+0000] {logging_mixin.py:190} INFO - [2026-10-01T08:42:49.748+0000] {dag.py:3239} INFO - Sync 1 DAGs
[2026-10-01T08:42:49.764+0000] {logging_mixin.py:190} INFO - [2026-10-01T08:42:49.764+0000] {dag.py:4180} INFO - Setting next_dagrun for my_dag to None, run_after=None
[2026-10-01T08:42:49.784+0000] {processor.py:208} INFO - Processing /opt/airflow/dags/my_tasks.py took 0.077 seconds
[2026-10-01T08:43:19.977+0000] {processor.py:186} INFO - Started process (PID=664) to work on /opt/airflow/dags/my_tasks.py
[2026-10-01T08:43:19.978+0000] {processor.py:914} INFO - Processing file /opt/airflow/dags/my_tasks.py for tasks to queue
[2026-10-01T08:43:19.981+0000] {logging_mixin.py:190} INFO - [2026-10-01T08:43:19.980+0000] {dagbag.py:588} INFO - Filling up the DagBag from /opt/airflow/dags/my_tasks.py
[2026-10-01T08:43:19.988+0000] {processor.py:925} INFO - DAG(s) 'my_dag' retrieved from /opt/airflow/dags/my_tasks.py
[2026-10-01T08:43:20.014+0000] {logging_mixin.py:190} INFO - [2026-10-01T08:43:20.014+0000] {dag.py:3239} INFO - Sync 1 DAGs
[2026-10-01T08:43:20.034+0000] {logging_mixin.py:190} INFO - [2026-10-01T08:43:20.033+0000] {dag.py:4180} INFO - Setting next_dagrun for my_dag to None, run_after=None
[2026-10-01T08:43:20.054+0000] {processor.py:208} INFO - Processing /opt/airflow/dags/my_tasks.py took 0.086 seconds
[2026-10-01T08:43:50.258+0000] {processor.py:186} INFO - Started process (PID=675) to work on /opt/airflow/dags/my_tasks.py
[2026-10-01T08:43:50.265+0000] {processor.py:914} INFO - Processing file /opt/airflow/dags/my_tasks.py for tasks to queue
[2026-10-01T08:43:50.267+0000] {logging_mixin.py:190} INFO - [2026-10-01T08:43:50.267+0000] {dagbag.py:588} INFO - Filling up the DagBag from /opt/airflow/dags/my_tasks.py
[2026-10-01T08:43:50.275+0000] {processor.py:925} INFO - DAG(s) 'my_dag' retrieved from /opt/airflow/dags/my_tasks.py
[2026-10-01T08:43:50.293+0000] {logging_mixin.py:190} INFO - [2026-10-01T08:43:50.293+0000] {dag.py:3239} INFO - Sync 1 DAGs
[2026-10-01T08:43:50.310+0000] {logging_mixin.py:190} INFO - [2026-10-01T08:43:50.310+0000] {dag.py:4180} INFO - Setting next_dagrun for my_dag to None, run_after=None
[2026-10-01T08:43:50.324+0000] {processor.py:208} INFO - Processing /opt/airflow/dags/my_tasks.py took 0.072 seconds
[2026-10-01T08:44:20.522+0000] {processor.py:186} INFO - Started process (PID=686) to work on /opt/airflow/dags/my_tasks.py
[2026-10-01T08:44:20.530+0000] {processor.py:914} INFO - Processing file /opt/airflow/dags/my_tasks.py for tasks to queue
[2026-10-01T08:44:20.533+0000] {logging_mixin.py:190} INFO - [2026-10-01T08:44:20.532+0000] {dagbag.py:588} INFO - Filling up the DagBag from /opt/airflow/dags/my_tasks.py
[2026-10-01T08:44:20.541+0000] {processor.py:925} INFO - DAG(s) 'my_dag' retrieved from /opt/airflow/dags/my_tasks.py
[2026-10-01T08:44:20.559+0000] {logging_mixin.py:190} INFO - [2026-10-01T08:44:20.558+0000] {dag.py:3239} INFO - Sync 1 DAGs
[2026-10-01T08:44:20.575+0000] {logging_mixin.py:190} INFO - [2026-10-01T08:44:20.575+0000] {dag.py:4180} INFO - Setting next_dagrun for my_dag to None, run_after=None
[2026-10-01T08:44:20.589+0000] {processor.py:208} INFO - Processing /opt/airflow/dags/my_tasks.py took 0.072 seconds
[2026-10-01T08:44:50.781+0000] {processor.py:186} INFO - Started process (PID=697) to work on /opt/airflow/dags/my_tasks.py
[2026-10-01T08:44:50.782+0000] {processor.py:914} INFO - Processing file /opt/airflow/dags/my_tasks.py for tasks to queue
[2026-10-01T08:44:50.783+0000] {logging_mixin.py:190} INFO - [2026-10-01T08:44:50.783+0000] {dagbag.py:588} INFO - Filling up the DagBag from /opt/airflow/dags/my_tasks.py
[2026-10-01T08:44:50.790+0000] {processor.py:925} INFO - DAG(s) 'my_dag' retrieved from /opt/airflow/dags/my_tasks.py
[2026-10-01T08:44:50.809+0000] {logging_mixin.py:190} INFO - [2026-10-01T08:44:50.809+0000] {dag.py:3239} INFO - Sync 1 DAGs
[2026-10-01T08:44:50.824+0000] {logging_mixin.py:190} INFO - [2026-10-01T08:44:50.824+0000] {dag.py:4180} INFO - Setting next_dagrun for my_dag to None, run_after=None
[2026-10-01T08:44:50.838+0000] {processor.py:208} INFO - Processing /opt/airflow/dags/my_tasks.py took 0.060 seconds
[2026-10-01T08:45:21.018+0000] {processor.py:186} INFO - Started process (PID=708) to work on /opt/airflow/dags/my_tasks.py
[2026-10-01T08:45:21.019+0000] {processor.py:914} INFO - Processing file /opt/airflow/dags/my_tasks.py for tasks to queue
[2026-10-01T08:45:21.020+0000] {logging_mixin.py:190} INFO - [2026-10-01T08:45:21.020+0000] {dagbag.py:588} INFO - Filling up the DagBag from /opt/airflow/dags/my_tasks.py
[2026-10-01T08:45:21.027+0000] {processor.py:925} INFO - DAG(s) 'my_dag' retrieved from /opt/airflow/dags/my_tasks.py
[2026-10-01T08:45:21.044+0000] {logging_mixin.py:190} INFO - [2026-10-01T08:45:21.044+0000] {dag.py:3239} INFO - Sync 1 DAGs
[2026-10-01T08:45:21.060+0000] {logging_mixin.py:190} INFO - [2026-10-01T08:45:21.060+0000] {dag.py:4180} INFO - Setting next_dagrun for my_dag to None, run_after=None
[2026-10-01T08:45:21.075+0000] {processor.py:208} INFO - Processing /opt/airflow/dags/my_tasks.py took 0.061 seconds
[2026-10-01T08:45:51.289+0000] {processor.py:186} INFO - Started process (PID=719) to work on /opt/airflow/dags/my_tasks.py
[2026-10-01T08:45:51.289+0000] {processor.py:914} INFO - Processing file /opt/airflow/dags/my_tasks.py for tasks to queue
[2026-10-01T08:45:51.291+0000] {logging_mixin.py:190} INFO - [2026-10-01T08:45:51.290+0000] {dagbag.py:588} INFO - Filling up the DagBag from /opt/airflow/dags/my_tasks.py
[2026-10-01T08:45:51.297+0000] {processor.py:925} INFO - DAG(s) 'my_dag' retrieved from /opt/airflow/dags/my_tasks.py
[2026-10-01T08:45:51.314+0000] {logging_mixin.py:190} INFO - [2026-10-01T08:45:51.314+0000] {dag.py:3239} INFO - Sync 1 DAGs
[2026-10-01T08:45:51.330+0000] {logging_mixin.py:190} INFO - [2026-10-01T08:45:51.330+0000] {dag.py:4180} INFO - Setting next_dagrun for my_dag to None, run_after=None
[2026-10-01T08:45:51.345+0000] {processor.py:208} INFO - Processing /opt/airflow/dags/my_tasks.py took 0.060 seconds
[2026-10-01T08:46:21.560+0000] {processor.py:186} INFO - Started process (PID=730) to work on /opt/airflow/dags/my_tasks.py
[2026-10-01T08:46:21.568+0000] {processor.py:914} INFO - Processing file /opt/airflow/dags/my_tasks.py for tasks to queue
[2026-10-01T08:46:21.570+0000] {logging_mixin.py:190} INFO - [2026-10-01T08:46:21.570+0000] {dagbag.py:588} INFO - Filling up the DagBag from /opt/airflow/dags/my_tasks.py
[2026-10-01T08:46:21.578+0000] {processor.py:925} INFO - DAG(s) 'my_dag' retrieved from /opt/airflow/dags/my_tasks.py
[2026-10-01T08:46:21.595+0000] {logging_mixin.py:190} INFO - [2026-10-01T08:46:21.595+0000] {dag.py:3239} INFO - Sync 1 DAGs
[2026-10-01T08:46:21.612+0000] {logging_mixin.py:190} INFO - [2026-10-01T08:46:21.612+0000] {dag.py:4180} INFO - Setting next_dagrun for my_dag to None, run_after=None
[2026-10-01T08:46:21.626+0000] {processor.py:208} INFO - Processing /opt/airflow/dags/my_tasks.py took 0.070 seconds
[2026-10-01T08:46:51.835+0000] {processor.py:186} INFO - Started process (PID=741) to work on /opt/airflow/dags/my_tasks.py
[2026-10-01T08:46:51.843+0000] {processor.py:914} INFO - Processing file /opt/airflow/dags/my_tasks.py for tasks to queue
[2026-10-01T08:46:51.845+0000] {logging_mixin.py:190} INFO - [2026-10-01T08:46:51.845+0000] {dagbag.py:588} INFO - Filling up the DagBag from /opt/airflow/dags/my_tasks.py
[2026-10-01T08:46:51.854+0000] {processor.py:925} INFO - DAG(s) 'my_dag' retrieved from /opt/airflow/dags/my_tasks.py
[2026-10-01T08:46:51.874+0000] {logging_mixin.py:190} INFO - [2026-10-01T08:46:51.874+0000] {dag.py:3239} INFO - Sync 1 DAGs
[2026-10-01T08:46:51.892+0000] {logging_mixin.py:190} INFO - [2026-10-01T08:46:51.892+0000] {dag.py:4180} INFO - Setting next_dagrun for my_dag to None, run_after=None
[2026-10-01T08:46:51.908+0000] {processor.py:208} INFO - Processing /opt/airflow/dags/my_tasks.py took 0.079 seconds
[2026-10-01T08:47:22.104+0000] {processor.py:186} INFO - Started process (PID=752) to work on /opt/airflow/dags/my_tasks.py
[2026-10-01T08:47:22.112+0000] {processor.py:914} INFO - Processing file /opt/airflow/dags/my_tasks.py for tasks to queue
[2026-10-01T08:47:22.114+0000] {logging_mixin.py:190} INFO - [2026-10-01T08:47:22.114+0000] {dagbag.py:588} INFO - Filling up the DagBag from /opt/airflow/dags/my_tasks.py
[2026-10-01T08:47:22.124+0000] {processor.py:925} INFO - DAG(s) 'my_dag' retrieved from /opt/airflow/dags/my_tasks.py
[2026-10-01T08:47:22.145+0000] {logging_mixin.py:190} INFO - [2026-10-01T08:47:22.145+0000] {dag.py:3239} INFO - Sync 1 DAGs
[2026-10-01T08:47:22.161+0000] {logging_mixin.py:190} INFO - [2026-10-01T08:47:22.161+0000] {dag.py:4180} INFO - Setting next_dagrun for my_dag to None, run_after=None
[2026-10-01T08:47:22.175+0000] {processor.py:208} INFO - Processing /opt/airflow/dags/my_tasks.py took 0.075 seconds
[2026-10-01T08:47:52.399+0000] {processor.py:186} INFO - Started process (PID=763) to work on /opt/airflow/dags/my_tasks.py
[2026-10-01T08:47:52.407+0000] {processor.py:914} INFO - Processing file /opt/airflow/dags/my_tasks.py for tasks to queue
[2026-10-01T08:47:52.409+0000] {logging_mixin.py:190} INFO - [2026-10-01T08:47:52.409+0000] {dagbag.py:588} INFO - Filling up the DagBag from /opt/airflow/dags/my_tasks.py
[2026-10-01T08:47:52.419+0000] {processor.py:925} INFO - DAG(s) 'my_dag' retrieved from /opt/airflow/dags/my_tasks.py
[2026-10-01T08:47:52.437+0000] {logging_mixin.py:190} INFO - [2026-10-01T08:47:52.436+0000] {dag.py:3239} INFO - Sync 1 DAGs
[2026-10-01T08:47:52.453+0000] {logging_mixin.py:190} INFO - [2026-10-01T08:47:52.453+0000] {dag.py:4180} INFO - Setting next_dagrun for my_dag to None, run_after=None
[2026-10-01T08:47:52.475+0000] {processor.py:208} INFO - Processing /opt/airflow/dags/my_tasks.py took 0.080 seconds
[2026-10-01T08:48:22.683+0000] {processor.py:186} INFO - Started process (PID=774) to work on /opt/airflow/dags/my_tasks.py
[2026-10-01T08:48:22.692+0000] {processor.py:914} INFO - Processing file /opt/airflow/dags/my_tasks.py for tasks to queue
[2026-10-01T08:48:22.696+0000] {logging_mixin.py:190} INFO - [2026-10-01T08:48:22.694+0000] {dagbag.py:588} INFO - Filling up the DagBag from /opt/airflow/dags/my_tasks.py
[2026-10-01T08:48:22.705+0000] {processor.py:925} INFO - DAG(s) 'my_dag' retrieved from /opt/airflow/dags/my_tasks.py
[2026-10-01T08:48:22.723+0000] {logging_mixin.py:190} INFO - [2026-10-01T08:48:22.723+0000] {dag.py:3239} INFO - Sync 1 DAGs
[2026-10-01T08:48:22.739+0000] {logging_mixin.py:190} INFO - [2026-10-01T08:48:22.739+0000] {dag.py:4180} INFO - Setting next_dagrun for my_dag to None, run_after=None
[2026-10-01T08:48:22.753+0000] {processor.py:208} INFO - Processing /opt/airflow/dags/my_tasks.py took 0.077 seconds
[2026-10-01T08:48:52.936+0000] {processor.py:186} INFO - Started process (PID=785) to work on /opt/airflow/dags/my_tasks.py
[2026-10-01T08:48:52.944+0000] {processor.py:914} INFO - Processing file /opt/airflow/dags/my_tasks.py for tasks to queue
[2026-10-01T08:48:52.947+0000] {logging_mixin.py:190} INFO - [2026-10-01T08:48:52.946+0000] {dagbag.py:588} INFO - Filling up the DagBag from /opt/airflow/dags/my_tasks.py
[2026-10-01T08:48:52.956+0000] {processor.py:925} INFO - DAG(s) 'my_dag' retrieved from /opt/airflow/dags/my_tasks.py
[2026-10-01T08:48:52.974+0000] {logging_mixin.py:190} INFO - [2026-10-01T08:48:52.974+0000] {dag.py:3239} INFO - Sync 1 DAGs
[2026-10-01T08:48:52.990+0000] {logging_mixin.py:190} INFO - [2026-10-01T08:48:52.990+0000] {dag.py:4180} INFO - Setting next_dagrun for my_dag to None, run_after=None
[2026-10-01T08:48:53.007+0000] {processor.py:208} INFO - Processing /opt/airflow/dags/my_tasks.py took 0.075 seconds
[2026-10-01T08:49:23.201+0000] {processor.py:186} INFO - Started process (PID=796) to work on /opt/airflow/dags/my_tasks.py
[2026-10-01T08:49:23.202+0000] {processor.py:914} INFO - Processing file /opt/airflow/dags/my_tasks.py for tasks to queue
[2026-10-01T08:49:23.203+0000] {logging_mixin.py:190} INFO - [2026-10-01T08:49:23.203+0000] {dagbag.py:588} INFO - Filling up the DagBag from /opt/airflow/dags/my_tasks.py
[2026-10-01T08:49:23.211+0000] {processor.py:925} INFO - DAG(s) 'my_dag' retrieved from /opt/airflow/dags/my_tasks.py
[2026-10-01T08:49:23.228+0000] {logging_mixin.py:190} INFO - [2026-10-01T08:49:23.227+0000] {dag.py:3239} INFO - Sync 1 DAGs
[2026-10-01T08:49:23.243+0000] {logging_mixin.py:190} INFO - [2026-10-01T08:49:23.243+0000] {dag.py:4180} INFO - Setting next_dagrun for my_dag to None, run_after=None
[2026-10-01T08:49:23.257+0000] {processor.py:208} INFO - Processing /opt/airflow/dags/my_tasks.py took 0.060 seconds
[2026-10-01T08:49:53.465+0000] {processor.py:186} INFO - Started process (PID=807) to work on /opt/airflow/dags/my_tasks.py
[2026-10-01T08:49:53.473+0000] {processor.py:914} INFO - Processing file /opt/airflow/dags/my_tasks.py for tasks to queue
[2026-10-01T08:49:53.475+0000] {logging_mixin.py:190} INFO - [2026-10-01T08:49:53.475+0000] {dagbag.py:588} INFO - Filling up the DagBag from /opt/airflow/dags/my_tasks.py
[2026-10-01T08:49:53.482+0000] {processor.py:925} INFO - DAG(s) 'my_dag' retrieved from /opt/airflow/dags/my_tasks.py
[2026-10-01T08:49:53.499+0000] {logging_mixin.py:190} INFO - [2026-10-01T08:49:53.499+0000] {dag.py:3239} INFO - Sync 1 DAGs
[2026-10-01T08:49:53.516+0000] {logging_mixin.py:190} INFO - [2026-10-01T08:49:53.516+0000] {dag.py:4180} INFO - Setting next_dagrun for my_dag to None, run_after=None
[2026-10-01T08:49:53.529+0000] {processor.py:208} INFO - Processing /opt/airflow/dags/my_tasks.py took 0.069 seconds
[2026-10-01T08:50:23.729+0000] {processor.py:186} INFO - Started process (PID=818) to work on /opt/airflow/dags/my_tasks.py
[2026-10-01T08:50:23.730+0000] {processor.py:914} INFO - Processing file /opt/airflow/dags/my_tasks.py for tasks to queue
[2026-10-01T08:50:23.731+0000] {logging_mixin.py:190} INFO - [2026-10-01T08:50:23.731+0000] {dagbag.py:588} INFO - Filling up the DagBag from /opt/airflow/dags/my_tasks.py
[2026-10-01T08:50:23.738+0000] {processor.py:925} INFO - DAG(s) 'my_dag' retrieved from /opt/airflow/dags/my_tasks.py
[2026-10-01T08:50:23.756+0000] {logging_mixin.py:190} INFO - [2026-10-01T08:50:23.755+0000] {dag.py:3239} INFO - Sync 1 DAGs
[2026-10-01T08:50:23.771+0000] {logging_mixin.py:190} INFO - [2026-10-01T08:50:23.771+0000] {dag.py:4180} INFO - Setting next_dagrun for my_dag to None, run_after=None
[2026-10-01T08:50:23.785+0000] {processor.py:208} INFO - Processing /opt/airflow/dags/my_tasks.py took 0.060 seconds
[2026-10-01T08:50:53.997+0000] {processor.py:186} INFO - Started process (PID=829) to work on /opt/airflow/dags/my_tasks.py
[2026-10-01T08:50:54.005+0000] {processor.py:914} INFO - Processing file /opt/airflow/dags/my_tasks.py for tasks to queue
[2026-10-01T08:50:54.009+0000] {logging_mixin.py:190} INFO - [2026-10-01T08:50:54.008+0000] {dagbag.py:588} INFO - Filling up the DagBag from /opt/airflow/dags/my_tasks.py
[2026-10-01T08:50:54.017+0000] {processor.py:925} INFO - DAG(s) 'my_dag' retrieved from /opt/airflow/dags/my_tasks.py
[2026-10-01T08:50:54.034+0000] {logging_mixin.py:190} INFO - [2026-10-01T08:50:54.034+0000] {dag.py:3239} INFO - Sync 1 DAGs
[2026-10-01T08:50:54.050+0000] {logging_mixin.py:190} INFO - [2026-10-01T08:50:54.050+0000] {dag.py:4180} INFO - Setting next_dagrun for my_dag to None, run_after=None
[2026-10-01T08:50:54.064+0000] {processor.py:208} INFO - Processing /opt/airflow/dags/my_tasks.py took 0.070 seconds
[2026-10-01T08:51:24.267+0000] {processor.py:186} INFO - Started process (PID=840) to work on /opt/airflow/dags/my_tasks.py
[2026-10-01T08:51:24.269+0000] {processor.py:914} INFO - Processing file /opt/airflow/dags/my_tasks.py for tasks to queue
[2026-10-01T08:51:24.270+0000] {logging_mixin.py:190} INFO - [2026-10-01T08:51:24.270+0000] {dagbag.py:588} INFO - Filling up the DagBag from /opt/airflow/dags/my_tasks.py
[2026-10-01T08:51:24.277+0000] {processor.py:925} INFO - DAG(s) 'my_dag' retrieved from /opt/airflow/dags/my_tasks.py
[2026-10-01T08:51:24.294+0000] {logging_mixin.py:190} INFO - [2026-10-01T08:51:24.294+0000] {dag.py:3239} INFO - Sync 1 DAGs
[2026-10-01T08:51:24.309+0000] {logging_mixin.py:190} INFO - [2026-10-01T08:51:24.309+0000] {dag.py:4180} INFO - Setting next_dagrun for my_dag to None, run_after=None
[2026-10-01T08:51:24.346+0000] {processor.py:208} INFO - Processing /opt/airflow/dags/my_tasks.py took 0.083 seconds
[2026-10-01T08:51:54.543+0000] {processor.py:186} INFO - Started process (PID=851) to work on /opt/airflow/dags/my_tasks.py
[2026-10-01T08:51:54.544+0000] {processor.py:914} INFO - Processing file /opt/airflow/dags/my_tasks.py for tasks to queue
[2026-10-01T08:51:54.545+0000] {logging_mixin.py:190} INFO - [2026-10-01T08:51:54.545+0000] {dagbag.py:588} INFO - Filling up the DagBag from /opt/airflow/dags/my_tasks.py
[2026-10-01T08:51:54.552+0000] {processor.py:925} INFO - DAG(s) 'my_dag' retrieved from /opt/airflow/dags/my_tasks.py
[2026-10-01T08:51:54.569+0000] {logging_mixin.py:190} INFO - [2026-10-01T08:51:54.569+0000] {dag.py:3239} INFO - Sync 1 DAGs
[2026-10-01T08:51:54.584+0000] {logging_mixin.py:190} INFO - [2026-10-01T08:51:54.584+0000] {dag.py:4180} INFO - Setting next_dagrun for my_dag to None, run_after=None
[2026-10-01T08:51:54.599+0000] {processor.py:208} INFO - Processing /opt/airflow/dags/my_tasks.py took 0.059 seconds
[2026-10-01T08:52:24.816+0000] {processor.py:186} INFO - Started process (PID=862) to work on /opt/airflow/dags/my_tasks.py
[2026-10-01T08:52:24.824+0000] {processor.py:914} INFO - Processing file /opt/airflow/dags/my_tasks.py for tasks to queue
[2026-10-01T08:52:24.827+0000] {logging_mixin.py:190} INFO - [2026-10-01T08:52:24.827+0000] {dagbag.py:588} INFO - Filling up the DagBag from /opt/airflow/dags/my_tasks.py
[2026-10-01T08:52:24.836+0000] {processor.py:925} INFO - DAG(s) 'my_dag' retrieved from /opt/airflow/dags/my_tasks.py
[2026-10-01T08:52:24.853+0000] {logging_mixin.py:190} INFO - [2026-10-01T08:52:24.852+0000] {dag.py:3239} INFO - Sync 1 DAGs
[2026-10-01T08:52:24.868+0000] {logging_mixin.py:190} INFO - [2026-10-01T08:52:24.868+0000] {dag.py:4180} INFO - Setting next_dagrun for my_dag to None, run_after=None
[2026-10-01T08:52:24.882+0000] {processor.py:208} INFO - Processing /opt/airflow/dags/my_tasks.py took 0.069 seconds
[2026-10-01T08:52:55.081+0000] {processor.py:186} INFO - Started process (PID=873) to work on /opt/airflow/dags/my_tasks.py
[2026-10-01T08:52:55.081+0000] {processor.py:914} INFO - Processing file /opt/airflow/dags/my_tasks.py for tasks to queue
[2026-10-01T08:52:55.083+0000] {logging_mixin.py:190} INFO - [2026-10-01T08:52:55.082+0000] {dagbag.py:588} INFO - Filling up the DagBag from /opt/airflow/dags/my_tasks.py
[2026-10-01T08:52:55.089+0000] {processor.py:925} INFO - DAG(s) 'my_dag' retrieved from /opt/airflow/dags/my_tasks.py
[2026-10-01T08:52:55.107+0000] {logging_mixin.py:190} INFO - [2026-10-01T08:52:55.106+0000] {dag.py:3239} INFO - Sync 1 DAGs
[2026-10-01T08:52:55.122+0000] {logging_mixin.py:190} INFO - [2026-10-01T08:52:55.122+0000] {dag.py:4180} INFO - Setting next_dagrun for my_dag to None, run_after=None
[2026-10-01T08:52:55.135+0000] {processor.py:208} INFO - Processing /opt/airflow/dags/my_tasks.py took 0.058 seconds
[2026-10-01T08:53:25.374+0000] {processor.py:186} INFO - Started process (PID=884) to work on /opt/airflow/dags/my_tasks.py
[2026-10-01T08:53:25.382+0000] {processor.py:914} INFO - Processing file /opt/airflow/dags/my_tasks.py for tasks to queue
[2026-10-01T08:53:25.385+0000] {logging_mixin.py:190} INFO - [2026-10-01T08:53:25.384+0000] {dagbag.py:588} INFO - Filling up the DagBag from /opt/airflow/dags/my_tasks.py
[2026-10-01T08:53:25.396+0000] {processor.py:925} INFO - DAG(s) 'my_dag' retrieved from /opt/airflow/dags/my_tasks.py
[2026-10-01T08:53:25.418+0000] {logging_mixin.py:190} INFO - [2026-10-01T08:53:25.418+0000] {dag.py:3239} INFO - Sync 1 DAGs
[2026-10-01T08:53:25.434+0000] {logging_mixin.py:190} INFO - [2026-10-01T08:53:25.434+0000] {dag.py:4180} INFO - Setting next_dagrun for my_dag to None, run_after=None
[2026-10-01T08:53:25.447+0000] {processor.py:208} INFO - Processing /opt/airflow/dags/my_tasks.py took 0.078 seconds
[2026-10-01T08:53:55.642+0000] {processor.py:186} INFO - Started process (PID=895) to work on /opt/airflow/dags/my_tasks.py
[2026-10-01T08:53:55.642+0000] {processor.py:914} INFO - Processing file /opt/airflow/dags/my_tasks.py for tasks to queue
[2026-10-01T08:53:55.644+0000] {logging_mixin.py:190} INFO - [2026-10-01T08:53:55.643+0000] {dagbag.py:588} INFO - Filling up the DagBag from /opt/airflow/dags/my_tasks.py
[2026-10-01T08:53:55.651+0000] {processor.py:925} INFO - DAG(s) 'my_dag' retrieved from /opt/airflow/dags/my_tasks.py
[2026-10-01T08:53:55.670+0000] {logging_mixin.py:190} INFO - [2026-10-01T08:53:55.670+0000] {dag.py:3239} INFO - Sync 1 DAGs
[2026-10-01T08:53:55.687+0000] {logging_mixin.py:190} INFO - [2026-10-01T08:53:55.687+0000] {dag.py:4180} INFO - Setting next_dagrun for my_dag to None, run_after=None
[2026-10-01T08:53:55.700+0000] {processor.py:208} INFO - Processing /opt/airflow/dags/my_tasks.py took 0.063 seconds
[2026-10-01T08:54:25.872+0000] {processor.py:186} INFO - Started process (PID=906) to work on /opt/airflow/dags/my_tasks.py
[2026-10-01T08:54:25.880+0000] {processor.py:914} INFO - Processing file /opt/airflow/dags/my_tasks.py for tasks to queue
[2026-10-01T08:54:25.881+0000] {logging_mixin.py:190} INFO - [2026-10-01T08:54:25.881+0000] {dagbag.py:588} INFO - Filling up the DagBag from /opt/airflow/dags/my_tasks.py
[2026-10-01T08:54:25.888+0000] {processor.py:925} INFO - DAG(s) 'my_dag' retrieved from /opt/airflow/dags/my_tasks.py
[2026-10-01T08:54:25.905+0000] {logging_mixin.py:190} INFO - [2026-10-01T08:54:25.905+0000] {dag.py:3239} INFO - Sync 1 DAGs
[2026-10-01T08:54:25.920+0000] {logging_mixin.py:190} INFO - [2026-10-01T08:54:25.920+0000] {dag.py:4180} INFO - Setting next_dagrun for my_dag to None, run_after=None
[2026-10-01T08:54:25.934+0000] {processor.py:208} INFO - Processing /opt/airflow/dags/my_tasks.py took 0.066 seconds
[2026-10-01T08:54:56.149+0000] {processor.py:186} INFO - Started process (PID=917) to work on /opt/airflow/dags/my_tasks.py
[2026-10-01T08:54:56.149+0000] {processor.py:914} INFO - Processing file /opt/airflow/dags/my_tasks.py for tasks to queue
[2026-10-01T08:54:56.151+0000] {logging_mixin.py:190} INFO - [2026-10-01T08:54:56.151+0000] {dagbag.py:588} INFO - Filling up the DagBag from /opt/airflow/dags/my_tasks.py
[2026-10-01T08:54:56.158+0000] {processor.py:925} INFO - DAG(s) 'my_dag' retrieved from /opt/airflow/dags/my_tasks.py
[2026-10-01T08:54:56.179+0000] {logging_mixin.py:190} INFO - [2026-10-01T08:54:56.179+0000] {dag.py:3239} INFO - Sync 1 DAGs
[2026-10-01T08:54:56.194+0000] {logging_mixin.py:190} INFO - [2026-10-01T08:54:56.194+0000] {dag.py:4180} INFO - Setting next_dagrun for my_dag to None, run_after=None
[2026-10-01T08:54:56.208+0000] {processor.py:208} INFO - Processing /opt/airflow/dags/my_tasks.py took 0.063 seconds
[2026-10-01T08:55:26.417+0000] {processor.py:186} INFO - Started process (PID=928) to work on /opt/airflow/dags/my_tasks.py
[2026-10-01T08:55:26.418+0000] {processor.py:914} INFO - Processing file /opt/airflow/dags/my_tasks.py for tasks to queue
[2026-10-01T08:55:26.419+0000] {logging_mixin.py:190} INFO - [2026-10-01T08:55:26.419+0000] {dagbag.py:588} INFO - Filling up the DagBag from /opt/airflow/dags/my_tasks.py
[2026-10-01T08:55:26.426+0000] {processor.py:925} INFO - DAG(s) 'my_dag' retrieved from /opt/airflow/dags/my_tasks.py
[2026-10-01T08:55:26.451+0000] {logging_mixin.py:190} INFO - [2026-10-01T08:55:26.451+0000] {dag.py:3239} INFO - Sync 1 DAGs
[2026-10-01T08:55:26.478+0000] {logging_mixin.py:190} INFO - [2026-10-01T08:55:26.478+0000] {dag.py:4180} INFO - Setting next_dagrun for my_dag to None, run_after=None
[2026-10-01T08:55:26.500+0000] {processor.py:208} INFO - Processing /opt/airflow/dags/my_tasks.py took 0.087 seconds
[2026-10-01T08:55:56.688+0000] {processor.py:186} INFO - Started process (PID=939) to work on /opt/airflow/dags/my_tasks.py
[2026-10-01T08:55:56.688+0000] {processor.py:914} INFO - Processing file /opt/airflow/dags/my_tasks.py for tasks to queue
[2026-10-01T08:55:56.689+0000] {logging_mixin.py:190} INFO - [2026-10-01T08:55:56.689+0000] {dagbag.py:588} INFO - Filling up the DagBag from /opt/airflow/dags/my_tasks.py
[2026-10-01T08:55:56.697+0000] {processor.py:925} INFO - DAG(s) 'my_dag' retrieved from /opt/airflow/dags/my_tasks.py
[2026-10-01T08:55:56.716+0000] {logging_mixin.py:190} INFO - [2026-10-01T08:55:56.716+0000] {dag.py:3239} INFO - Sync 1 DAGs
[2026-10-01T08:55:56.732+0000] {logging_mixin.py:190} INFO - [2026-10-01T08:55:56.732+0000] {dag.py:4180} INFO - Setting next_dagrun for my_dag to None, run_after=None
[2026-10-01T08:55:56.747+0000] {processor.py:208} INFO - Processing /opt/airflow/dags/my_tasks.py took 0.063 seconds
[2026-10-01T08:56:26.931+0000] {processor.py:186} INFO - Started process (PID=950) to work on /opt/airflow/dags/my_tasks.py
[2026-10-01T08:56:26.932+0000] {processor.py:914} INFO - Processing file /opt/airflow/dags/my_tasks.py for tasks to queue
[2026-10-01T08:56:26.933+0000] {logging_mixin.py:190} INFO - [2026-10-01T08:56:26.933+0000] {dagbag.py:588} INFO - Filling up the DagBag from /opt/airflow/dags/my_tasks.py
[2026-10-01T08:56:26.940+0000] {processor.py:925} INFO - DAG(s) 'my_dag' retrieved from /opt/airflow/dags/my_tasks.py
[2026-10-01T08:56:26.957+0000] {logging_mixin.py:190} INFO - [2026-10-01T08:56:26.956+0000] {dag.py:3239} INFO - Sync 1 DAGs
[2026-10-01T08:56:26.972+0000] {logging_mixin.py:190} INFO - [2026-10-01T08:56:26.971+0000] {dag.py:4180} INFO - Setting next_dagrun for my_dag to None, run_after=None
[2026-10-01T08:56:26.989+0000] {processor.py:208} INFO - Processing /opt/airflow/dags/my_tasks.py took 0.061 seconds
[2026-10-01T08:56:57.185+0000] {processor.py:186} INFO - Started process (PID=961) to work on /opt/airflow/dags/my_tasks.py
[2026-10-01T08:56:57.185+0000] {processor.py:914} INFO - Processing file /opt/airflow/dags/my_tasks.py for tasks to queue
[2026-10-01T08:56:57.186+0000] {logging_mixin.py:190} INFO - [2026-10-01T08:56:57.186+0000] {dagbag.py:588} INFO - Filling up the DagBag from /opt/airflow/dags/my_tasks.py
[2026-10-01T08:56:57.193+0000] {processor.py:925} INFO - DAG(s) 'my_dag' retrieved from /opt/airflow/dags/my_tasks.py
[2026-10-01T08:56:57.211+0000] {logging_mixin.py:190} INFO - [2026-10-01T08:56:57.211+0000] {dag.py:3239} INFO - Sync 1 DAGs
[2026-10-01T08:56:57.226+0000] {logging_mixin.py:190} INFO - [2026-10-01T08:56:57.226+0000] {dag.py:4180} INFO - Setting next_dagrun for my_dag to None, run_after=None
[2026-10-01T08:56:57.241+0000] {processor.py:208} INFO - Processing /opt/airflow/dags/my_tasks.py took 0.060 seconds
[2026-10-01T08:57:27.442+0000] {processor.py:186} INFO - Started process (PID=972) to work on /opt/airflow/dags/my_tasks.py
[2026-10-01T08:57:27.450+0000] {processor.py:914} INFO - Processing file /opt/airflow/dags/my_tasks.py for tasks to queue
[2026-10-01T08:57:27.453+0000] {logging_mixin.py:190} INFO - [2026-10-01T08:57:27.453+0000] {dagbag.py:588} INFO - Filling up the DagBag from /opt/airflow/dags/my_tasks.py
[2026-10-01T08:57:27.464+0000] {processor.py:925} INFO - DAG(s) 'my_dag' retrieved from /opt/airflow/dags/my_tasks.py
[2026-10-01T08:57:27.483+0000] {logging_mixin.py:190} INFO - [2026-10-01T08:57:27.483+0000] {dag.py:3239} INFO - Sync 1 DAGs
[2026-10-01T08:57:27.501+0000] {logging_mixin.py:190} INFO - [2026-10-01T08:57:27.501+0000] {dag.py:4180} INFO - Setting next_dagrun for my_dag to None, run_after=None
[2026-10-01T08:57:27.522+0000] {processor.py:208} INFO - Processing /opt/airflow/dags/my_tasks.py took 0.084 seconds
[2026-10-01T08:57:57.703+0000] {processor.py:186} INFO - Started process (PID=983) to work on /opt/airflow/dags/my_tasks.py
[2026-10-01T08:57:57.703+0000] {processor.py:914} INFO - Processing file /opt/airflow/dags/my_tasks.py for tasks to queue
[2026-10-01T08:57:57.705+0000] {logging_mixin.py:190} INFO - [2026-10-01T08:57:57.705+0000] {dagbag.py:588} INFO - Filling up the DagBag from /opt/airflow/dags/my_tasks.py
[2026-10-01T08:57:57.711+0000] {processor.py:925} INFO - DAG(s) 'my_dag' retrieved from /opt/airflow/dags/my_tasks.py
[2026-10-01T08:57:57.728+0000] {logging_mixin.py:190} INFO - [2026-10-01T08:57:57.728+0000] {dag.py:3239} INFO - Sync 1 DAGs
[2026-10-01T08:57:57.744+0000] {logging_mixin.py:190} INFO - [2026-10-01T08:57:57.743+0000] {dag.py:4180} INFO - Setting next_dagrun for my_dag to None, run_after=None
[2026-10-01T08:57:57.758+0000] {processor.py:208} INFO - Processing /opt/airflow/dags/my_tasks.py took 0.060 seconds
[2026-10-01T08:58:27.956+0000] {processor.py:186} INFO - Started process (PID=994) to work on /opt/airflow/dags/my_tasks.py
[2026-10-01T08:58:27.967+0000] {processor.py:914} INFO - Processing file /opt/airflow/dags/my_tasks.py for tasks to queue
[2026-10-01T08:58:27.969+0000] {logging_mixin.py:190} INFO - [2026-10-01T08:58:27.969+0000] {dagbag.py:588} INFO - Filling up the DagBag from /opt/airflow/dags/my_tasks.py
[2026-10-01T08:58:27.978+0000] {processor.py:925} INFO - DAG(s) 'my_dag' retrieved from /opt/airflow/dags/my_tasks.py
[2026-10-01T08:58:27.997+0000] {logging_mixin.py:190} INFO - [2026-10-01T08:58:27.997+0000] {dag.py:3239} INFO - Sync 1 DAGs
[2026-10-01T08:58:28.013+0000] {logging_mixin.py:190} INFO - [2026-10-01T08:58:28.013+0000] {dag.py:4180} INFO - Setting next_dagrun for my_dag to None, run_after=None
[2026-10-01T08:58:28.027+0000] {processor.py:208} INFO - Processing /opt/airflow/dags/my_tasks.py took 0.076 seconds
[2026-10-01T08:58:58.200+0000] {processor.py:186} INFO - Started process (PID=1005) to work on /opt/airflow/dags/my_tasks.py
[2026-10-01T08:58:58.201+0000] {processor.py:914} INFO - Processing file /opt/airflow/dags/my_tasks.py for tasks to queue
[2026-10-01T08:58:58.202+0000] {logging_mixin.py:190} INFO - [2026-10-01T08:58:58.202+0000] {dagbag.py:588} INFO - Filling up the DagBag from /opt/airflow/dags/my_tasks.py
[2026-10-01T08:58:58.209+0000] {processor.py:925} INFO - DAG(s) 'my_dag' retrieved from /opt/airflow/dags/my_tasks.py
[2026-10-01T08:58:58.227+0000] {logging_mixin.py:190} INFO - [2026-10-01T08:58:58.227+0000] {dag.py:3239} INFO - Sync 1 DAGs
[2026-10-01T08:58:58.243+0000] {logging_mixin.py:190} INFO - [2026-10-01T08:58:58.243+0000] {dag.py:4180} INFO - Setting next_dagrun for my_dag to None, run_after=None
[2026-10-01T08:58:58.257+0000] {processor.py:208} INFO - Processing /opt/airflow/dags/my_tasks.py took 0.061 seconds
[2026-10-01T08:59:28.467+0000] {processor.py:186} INFO - Started process (PID=1016) to work on /opt/airflow/dags/my_tasks.py
[2026-10-01T08:59:28.475+0000] {processor.py:914} INFO - Processing file /opt/airflow/dags/my_tasks.py for tasks to queue
[2026-10-01T08:59:28.479+0000] {logging_mixin.py:190} INFO - [2026-10-01T08:59:28.478+0000] {dagbag.py:588} INFO - Filling up the DagBag from /opt/airflow/dags/my_tasks.py
[2026-10-01T08:59:28.489+0000] {processor.py:925} INFO - DAG(s) 'my_dag' retrieved from /opt/airflow/dags/my_tasks.py
[2026-10-01T08:59:28.506+0000] {logging_mixin.py:190} INFO - [2026-10-01T08:59:28.506+0000] {dag.py:3239} INFO - Sync 1 DAGs
[2026-10-01T08:59:28.522+0000] {logging_mixin.py:190} INFO - [2026-10-01T08:59:28.522+0000] {dag.py:4180} INFO - Setting next_dagrun for my_dag to None, run_after=None
[2026-10-01T08:59:28.536+0000] {processor.py:208} INFO - Processing /opt/airflow/dags/my_tasks.py took 0.075 seconds
[2026-10-01T08:59:58.742+0000] {processor.py:186} INFO - Started process (PID=1027) to work on /opt/airflow/dags/my_tasks.py
[2026-10-01T08:59:58.742+0000] {processor.py:914} INFO - Processing file /opt/airflow/dags/my_tasks.py for tasks to queue
[2026-10-01T08:59:58.744+0000] {logging_mixin.py:190} INFO - [2026-10-01T08:59:58.744+0000] {dagbag.py:588} INFO - Filling up the DagBag from /opt/airflow/dags/my_tasks.py
[2026-10-01T08:59:58.750+0000] {processor.py:925} INFO - DAG(s) 'my_dag' retrieved from /opt/airflow/dags/my_tasks.py
[2026-10-01T08:59:58.769+0000] {logging_mixin.py:190} INFO - [2026-10-01T08:59:58.768+0000] {dag.py:3239} INFO - Sync 1 DAGs
[2026-10-01T08:59:58.785+0000] {logging_mixin.py:190} INFO - [2026-10-01T08:59:58.785+0000] {dag.py:4180} INFO - Setting next_dagrun for my_dag to None, run_after=None
[2026-10-01T08:59:58.798+0000] {processor.py:208} INFO - Processing /opt/airflow/dags/my_tasks.py took 0.061 seconds
[2026-10-01T09:00:29.024+0000] {processor.py:186} INFO - Started process (PID=1038) to work on /opt/airflow/dags/my_tasks.py
[2026-10-01T09:00:29.032+0000] {processor.py:914} INFO - Processing file /opt/airflow/dags/my_tasks.py for tasks to queue
[2026-10-01T09:00:29.035+0000] {logging_mixin.py:190} INFO - [2026-10-01T09:00:29.034+0000] {dagbag.py:588} INFO - Filling up the DagBag from /opt/airflow/dags/my_tasks.py
[2026-10-01T09:00:29.044+0000] {processor.py:925} INFO - DAG(s) 'my_dag' retrieved from /opt/airflow/dags/my_tasks.py
[2026-10-01T09:00:29.061+0000] {logging_mixin.py:190} INFO - [2026-10-01T09:00:29.061+0000] {dag.py:3239} INFO - Sync 1 DAGs
[2026-10-01T09:00:29.077+0000] {logging_mixin.py:190} INFO - [2026-10-01T09:00:29.077+0000] {dag.py:4180} INFO - Setting next_dagrun for my_dag to None, run_after=None
[2026-10-01T09:00:29.091+0000] {processor.py:208} INFO - Processing /opt/airflow/dags/my_tasks.py took 0.071 seconds
[2026-10-01T09:00:59.287+0000] {processor.py:186} INFO - Started process (PID=1049) to work on /opt/airflow/dags/my_tasks.py
[2026-10-01T09:00:59.288+0000] {processor.py:914} INFO - Processing file /opt/airflow/dags/my_tasks.py for tasks to queue
[2026-10-01T09:00:59.289+0000] {logging_mixin.py:190} INFO - [2026-10-01T09:00:59.289+0000] {dagbag.py:588} INFO - Filling up the DagBag from /opt/airflow/dags/my_tasks.py
[2026-10-01T09:00:59.296+0000] {processor.py:925} INFO - DAG(s) 'my_dag' retrieved from /opt/airflow/dags/my_tasks.py
[2026-10-01T09:00:59.313+0000] {logging_mixin.py:190} INFO - [2026-10-01T09:00:59.313+0000] {dag.py:3239} INFO - Sync 1 DAGs
[2026-10-01T09:00:59.329+0000] {logging_mixin.py:190} INFO - [2026-10-01T09:00:59.328+0000] {dag.py:4180} INFO - Setting next_dagrun for my_dag to None, run_after=None
[2026-10-01T09:00:59.344+0000] {processor.py:208} INFO - Processing /opt/airflow/dags/my_tasks.py took 0.060 seconds
[2026-10-01T09:01:29.545+0000] {processor.py:186} INFO - Started process (PID=1060) to work on /opt/airflow/dags/my_tasks.py
[2026-10-01T09:01:29.545+0000] {processor.py:914} INFO - Processing file /opt/airflow/dags/my_tasks.py for tasks to queue
[2026-10-01T09:01:29.547+0000] {logging_mixin.py:190} INFO - [2026-10-01T09:01:29.546+0000] {dagbag.py:588} INFO - Filling up the DagBag from /opt/airflow/dags/my_tasks.py
[2026-10-01T09:01:29.554+0000] {processor.py:925} INFO - DAG(s) 'my_dag' retrieved from /opt/airflow/dags/my_tasks.py
[2026-10-01T09:01:29.571+0000] {logging_mixin.py:190} INFO - [2026-10-01T09:01:29.571+0000] {dag.py:3239} INFO - Sync 1 DAGs
[2026-10-01T09:01:29.587+0000] {logging_mixin.py:190} INFO - [2026-10-01T09:01:29.586+0000] {dag.py:4180} INFO - Setting next_dagrun for my_dag to None, run_after=None
[2026-10-01T09:01:29.605+0000] {processor.py:208} INFO - Processing /opt/airflow/dags/my_tasks.py took 0.065 seconds
[2026-10-01T09:01:59.831+0000] {processor.py:186} INFO - Started process (PID=1071) to work on /opt/airflow/dags/my_tasks.py
[2026-10-01T09:01:59.839+0000] {processor.py:914} INFO - Processing file /opt/airflow/dags/my_tasks.py for tasks to queue
[2026-10-01T09:01:59.842+0000] {logging_mixin.py:190} INFO - [2026-10-01T09:01:59.842+0000] {dagbag.py:588} INFO - Filling up the DagBag from /opt/airflow/dags/my_tasks.py
[2026-10-01T09:01:59.851+0000] {processor.py:925} INFO - DAG(s) 'my_dag' retrieved from /opt/airflow/dags/my_tasks.py
[2026-10-01T09:01:59.869+0000] {logging_mixin.py:190} INFO - [2026-10-01T09:01:59.868+0000] {dag.py:3239} INFO - Sync 1 DAGs
[2026-10-01T09:01:59.885+0000] {logging_mixin.py:190} INFO - [2026-10-01T09:01:59.885+0000] {dag.py:4180} INFO - Setting next_dagrun for my_dag to None, run_after=None
[2026-10-01T09:01:59.902+0000] {processor.py:208} INFO - Processing /opt/airflow/dags/my_tasks.py took 0.075 seconds
[2026-10-01T09:02:30.115+0000] {processor.py:186} INFO - Started process (PID=1082) to work on /opt/airflow/dags/my_tasks.py
[2026-10-01T09:02:30.115+0000] {processor.py:914} INFO - Processing file /opt/airflow/dags/my_tasks.py for tasks to queue
[2026-10-01T09:02:30.117+0000] {logging_mixin.py:190} INFO - [2026-10-01T09:02:30.116+0000] {dagbag.py:588} INFO - Filling up the DagBag from /opt/airflow/dags/my_tasks.py
[2026-10-01T09:02:30.124+0000] {processor.py:925} INFO - DAG(s) 'my_dag' retrieved from /opt/airflow/dags/my_tasks.py
[2026-10-01T09:02:30.144+0000] {logging_mixin.py:190} INFO - [2026-10-01T09:02:30.144+0000] {dag.py:3239} INFO - Sync 1 DAGs
[2026-10-01T09:02:30.159+0000] {logging_mixin.py:190} INFO - [2026-10-01T09:02:30.159+0000] {dag.py:4180} INFO - Setting next_dagrun for my_dag to None, run_after=None
[2026-10-01T09:02:30.174+0000] {processor.py:208} INFO - Processing /opt/airflow/dags/my_tasks.py took 0.064 seconds
[2026-10-01T09:03:00.399+0000] {processor.py:186} INFO - Started process (PID=1093) to work on /opt/airflow/dags/my_tasks.py
[2026-10-01T09:03:00.399+0000] {processor.py:914} INFO - Processing file /opt/airflow/dags/my_tasks.py for tasks to queue
[2026-10-01T09:03:00.401+0000] {logging_mixin.py:190} INFO - [2026-10-01T09:03:00.400+0000] {dagbag.py:588} INFO - Filling up the DagBag from /opt/airflow/dags/my_tasks.py
[2026-10-01T09:03:00.408+0000] {processor.py:925} INFO - DAG(s) 'my_dag' retrieved from /opt/airflow/dags/my_tasks.py
[2026-10-01T09:03:00.425+0000] {logging_mixin.py:190} INFO - [2026-10-01T09:03:00.425+0000] {dag.py:3239} INFO - Sync 1 DAGs
[2026-10-01T09:03:00.440+0000] {logging_mixin.py:190} INFO - [2026-10-01T09:03:00.440+0000] {dag.py:4180} INFO - Setting next_dagrun for my_dag to None, run_after=None
[2026-10-01T09:03:00.454+0000] {processor.py:208} INFO - Processing /opt/airflow/dags/my_tasks.py took 0.059 seconds
[2026-10-01T09:03:30.679+0000] {processor.py:186} INFO - Started process (PID=1104) to work on /opt/airflow/dags/my_tasks.py
[2026-10-01T09:03:30.680+0000] {processor.py:914} INFO - Processing file /opt/airflow/dags/my_tasks.py for tasks to queue
[2026-10-01T09:03:30.682+0000] {logging_mixin.py:190} INFO - [2026-10-01T09:03:30.682+0000] {dagbag.py:588} INFO - Filling up the DagBag from /opt/airflow/dags/my_tasks.py
[2026-10-01T09:03:30.690+0000] {processor.py:925} INFO - DAG(s) 'my_dag' retrieved from /opt/airflow/dags/my_tasks.py
[2026-10-01T09:03:30.706+0000] {logging_mixin.py:190} INFO - [2026-10-01T09:03:30.706+0000] {dag.py:3239} INFO - Sync 1 DAGs
[2026-10-01T09:03:30.722+0000] {logging_mixin.py:190} INFO - [2026-10-01T09:03:30.722+0000] {dag.py:4180} INFO - Setting next_dagrun for my_dag to None, run_after=None
[2026-10-01T09:03:30.736+0000] {processor.py:208} INFO - Processing /opt/airflow/dags/my_tasks.py took 0.061 seconds
[2026-10-01T09:04:00.954+0000] {processor.py:186} INFO - Started process (PID=1115) to work on /opt/airflow/dags/my_tasks.py
[2026-10-01T09:04:00.955+0000] {processor.py:914} INFO - Processing file /opt/airflow/dags/my_tasks.py for tasks to queue
[2026-10-01T09:04:00.956+0000] {logging_mixin.py:190} INFO - [2026-10-01T09:04:00.956+0000] {dagbag.py:588} INFO - Filling up the DagBag from /opt/airflow/dags/my_tasks.py
[2026-10-01T09:04:00.963+0000] {processor.py:925} INFO - DAG(s) 'my_dag' retrieved from /opt/airflow/dags/my_tasks.py
[2026-10-01T09:04:00.981+0000] {logging_mixin.py:190} INFO - [2026-10-01T09:04:00.981+0000] {dag.py:3239} INFO - Sync 1 DAGs
[2026-10-01T09:04:00.997+0000] {logging_mixin.py:190} INFO - [2026-10-01T09:04:00.997+0000] {dag.py:4180} INFO - Setting next_dagrun for my_dag to None, run_after=None
[2026-10-01T09:04:01.011+0000] {processor.py:208} INFO - Processing /opt/airflow/dags/my_tasks.py took 0.062 seconds
[2026-10-01T09:04:31.202+0000] {processor.py:186} INFO - Started process (PID=1126) to work on /opt/airflow/dags/my_tasks.py
[2026-10-01T09:04:31.206+0000] {processor.py:914} INFO - Processing file /opt/airflow/dags/my_tasks.py for tasks to queue
[2026-10-01T09:04:31.207+0000] {logging_mixin.py:190} INFO - [2026-10-01T09:04:31.207+0000] {dagbag.py:588} INFO - Filling up the DagBag from /opt/airflow/dags/my_tasks.py
[2026-10-01T09:04:31.215+0000] {processor.py:925} INFO - DAG(s) 'my_dag' retrieved from /opt/airflow/dags/my_tasks.py
[2026-10-01T09:04:31.233+0000] {logging_mixin.py:190} INFO - [2026-10-01T09:04:31.233+0000] {dag.py:3239} INFO - Sync 1 DAGs
[2026-10-01T09:04:31.249+0000] {logging_mixin.py:190} INFO - [2026-10-01T09:04:31.249+0000] {dag.py:4180} INFO - Setting next_dagrun for my_dag to None, run_after=None
[2026-10-01T09:04:31.263+0000] {processor.py:208} INFO - Processing /opt/airflow/dags/my_tasks.py took 0.065 seconds
[2026-10-01T09:05:01.450+0000] {processor.py:186} INFO - Started process (PID=1137) to work on /opt/airflow/dags/my_tasks.py
[2026-10-01T09:05:01.451+0000] {processor.py:914} INFO - Processing file /opt/airflow/dags/my_tasks.py for tasks to queue
[2026-10-01T09:05:01.452+0000] {logging_mixin.py:190} INFO - [2026-10-01T09:05:01.452+0000] {dagbag.py:588} INFO - Filling up the DagBag from /opt/airflow/dags/my_tasks.py
[2026-10-01T09:05:01.458+0000] {processor.py:925} INFO - DAG(s) 'my_dag' retrieved from /opt/airflow/dags/my_tasks.py
[2026-10-01T09:05:01.476+0000] {logging_mixin.py:190} INFO - [2026-10-01T09:05:01.476+0000] {dag.py:3239} INFO - Sync 1 DAGs
[2026-10-01T09:05:01.491+0000] {logging_mixin.py:190} INFO - [2026-10-01T09:05:01.491+0000] {dag.py:4180} INFO - Setting next_dagrun for my_dag to None, run_after=None
[2026-10-01T09:05:01.506+0000] {processor.py:208} INFO - Processing /opt/airflow/dags/my_tasks.py took 0.060 seconds
[2026-10-01T09:05:31.713+0000] {processor.py:186} INFO - Started process (PID=1148) to work on /opt/airflow/dags/my_tasks.py
[2026-10-01T09:05:31.721+0000] {processor.py:914} INFO - Processing file /opt/airflow/dags/my_tasks.py for tasks to queue
[2026-10-01T09:05:31.724+0000] {logging_mixin.py:190} INFO - [2026-10-01T09:05:31.723+0000] {dagbag.py:588} INFO - Filling up the DagBag from /opt/airflow/dags/my_tasks.py
[2026-10-01T09:05:31.733+0000] {processor.py:925} INFO - DAG(s) 'my_dag' retrieved from /opt/airflow/dags/my_tasks.py
[2026-10-01T09:05:31.751+0000] {logging_mixin.py:190} INFO - [2026-10-01T09:05:31.750+0000] {dag.py:3239} INFO - Sync 1 DAGs
[2026-10-01T09:05:31.766+0000] {logging_mixin.py:190} INFO - [2026-10-01T09:05:31.766+0000] {dag.py:4180} INFO - Setting next_dagrun for my_dag to None, run_after=None
[2026-10-01T09:05:31.780+0000] {processor.py:208} INFO - Processing /opt/airflow/dags/my_tasks.py took 0.070 seconds
[2026-10-01T09:06:01.976+0000] {processor.py:186} INFO - Started process (PID=1159) to work on /opt/airflow/dags/my_tasks.py
[2026-10-01T09:06:01.984+0000] {processor.py:914} INFO - Processing file /opt/airflow/dags/my_tasks.py for tasks to queue
[2026-10-01T09:06:01.986+0000] {logging_mixin.py:190} INFO - [2026-10-01T09:06:01.985+0000] {dagbag.py:588} INFO - Filling up the DagBag from /opt/airflow/dags/my_tasks.py
[2026-10-01T09:06:01.995+0000] {processor.py:925} INFO - DAG(s) 'my_dag' retrieved from /opt/airflow/dags/my_tasks.py
[2026-10-01T09:06:02.012+0000] {logging_mixin.py:190} INFO - [2026-10-01T09:06:02.012+0000] {dag.py:3239} INFO - Sync 1 DAGs
[2026-10-01T09:06:02.027+0000] {logging_mixin.py:190} INFO - [2026-10-01T09:06:02.027+0000] {dag.py:4180} INFO - Setting next_dagrun for my_dag to None, run_after=None
[2026-10-01T09:06:02.049+0000] {processor.py:208} INFO - Processing /opt/airflow/dags/my_tasks.py took 0.077 seconds
[2026-10-01T09:06:32.247+0000] {processor.py:186} INFO - Started process (PID=1170) to work on /opt/airflow/dags/my_tasks.py
[2026-10-01T09:06:32.255+0000] {processor.py:914} INFO - Processing file /opt/airflow/dags/my_tasks.py for tasks to queue
[2026-10-01T09:06:32.257+0000] {logging_mixin.py:190} INFO - [2026-10-01T09:06:32.257+0000] {dagbag.py:588} INFO - Filling up the DagBag from /opt/airflow/dags/my_tasks.py
[2026-10-01T09:06:32.267+0000] {processor.py:925} INFO - DAG(s) 'my_dag' retrieved from /opt/airflow/dags/my_tasks.py
[2026-10-01T09:06:32.287+0000] {logging_mixin.py:190} INFO - [2026-10-01T09:06:32.287+0000] {dag.py:3239} INFO - Sync 1 DAGs
[2026-10-01T09:06:32.303+0000] {logging_mixin.py:190} INFO - [2026-10-01T09:06:32.303+0000] {dag.py:4180} INFO - Setting next_dagrun for my_dag to None, run_after=None
[2026-10-01T09:06:32.317+0000] {processor.py:208} INFO - Processing /opt/airflow/dags/my_tasks.py took 0.074 seconds
[2026-10-01T09:07:02.506+0000] {processor.py:186} INFO - Started process (PID=1181) to work on /opt/airflow/dags/my_tasks.py
[2026-10-01T09:07:02.506+0000] {processor.py:914} INFO - Processing file /opt/airflow/dags/my_tasks.py for tasks to queue
[2026-10-01T09:07:02.507+0000] {logging_mixin.py:190} INFO - [2026-10-01T09:07:02.507+0000] {dagbag.py:588} INFO - Filling up the DagBag from /opt/airflow/dags/my_tasks.py
[2026-10-01T09:07:02.514+0000] {processor.py:925} INFO - DAG(s) 'my_dag' retrieved from /opt/airflow/dags/my_tasks.py
[2026-10-01T09:07:02.531+0000] {logging_mixin.py:190} INFO - [2026-10-01T09:07:02.531+0000] {dag.py:3239} INFO - Sync 1 DAGs
[2026-10-01T09:07:02.546+0000] {logging_mixin.py:190} INFO - [2026-10-01T09:07:02.546+0000] {dag.py:4180} INFO - Setting next_dagrun for my_dag to None, run_after=None
[2026-10-01T09:07:02.560+0000] {processor.py:208} INFO - Processing /opt/airflow/dags/my_tasks.py took 0.059 seconds
[2026-10-01T09:07:32.776+0000] {processor.py:186} INFO - Started process (PID=1192) to work on /opt/airflow/dags/my_tasks.py
[2026-10-01T09:07:32.776+0000] {processor.py:914} INFO - Processing file /opt/airflow/dags/my_tasks.py for tasks to queue
[2026-10-01T09:07:32.778+0000] {logging_mixin.py:190} INFO - [2026-10-01T09:07:32.778+0000] {dagbag.py:588} INFO - Filling up the DagBag from /opt/airflow/dags/my_tasks.py
[2026-10-01T09:07:32.785+0000] {processor.py:925} INFO - DAG(s) 'my_dag' retrieved from /opt/airflow/dags/my_tasks.py
[2026-10-01T09:07:32.803+0000] {logging_mixin.py:190} INFO - [2026-10-01T09:07:32.802+0000] {dag.py:3239} INFO - Sync 1 DAGs
[2026-10-01T09:07:32.818+0000] {logging_mixin.py:190} INFO - [2026-10-01T09:07:32.818+0000] {dag.py:4180} INFO - Setting next_dagrun for my_dag to None, run_after=None
[2026-10-01T09:07:32.831+0000] {processor.py:208} INFO - Processing /opt/airflow/dags/my_tasks.py took 0.059 seconds
[2026-10-01T09:08:03.045+0000] {processor.py:186} INFO - Started process (PID=1203) to work on /opt/airflow/dags/my_tasks.py
[2026-10-01T09:08:03.053+0000] {processor.py:914} INFO - Processing file /opt/airflow/dags/my_tasks.py for tasks to queue
[2026-10-01T09:08:03.055+0000] {logging_mixin.py:190} INFO - [2026-10-01T09:08:03.054+0000] {dagbag.py:588} INFO - Filling up the DagBag from /opt/airflow/dags/my_tasks.py
[2026-10-01T09:08:03.065+0000] {processor.py:925} INFO - DAG(s) 'my_dag' retrieved from /opt/airflow/dags/my_tasks.py
[2026-10-01T09:08:03.082+0000] {logging_mixin.py:190} INFO - [2026-10-01T09:08:03.082+0000] {dag.py:3239} INFO - Sync 1 DAGs
[2026-10-01T09:08:03.098+0000] {logging_mixin.py:190} INFO - [2026-10-01T09:08:03.098+0000] {dag.py:4180} INFO - Setting next_dagrun for my_dag to None, run_after=None
[2026-10-01T09:08:03.113+0000] {processor.py:208} INFO - Processing /opt/airflow/dags/my_tasks.py took 0.071 seconds
[2026-10-01T09:08:33.312+0000] {processor.py:186} INFO - Started process (PID=1214) to work on /opt/airflow/dags/my_tasks.py
[2026-10-01T09:08:33.313+0000] {processor.py:914} INFO - Processing file /opt/airflow/dags/my_tasks.py for tasks to queue
[2026-10-01T09:08:33.314+0000] {logging_mixin.py:190} INFO - [2026-10-01T09:08:33.314+0000] {dagbag.py:588} INFO - Filling up the DagBag from /opt/airflow/dags/my_tasks.py
[2026-10-01T09:08:33.321+0000] {processor.py:925} INFO - DAG(s) 'my_dag' retrieved from /opt/airflow/dags/my_tasks.py
[2026-10-01T09:08:33.338+0000] {logging_mixin.py:190} INFO - [2026-10-01T09:08:33.338+0000] {dag.py:3239} INFO - Sync 1 DAGs
[2026-10-01T09:08:33.354+0000] {logging_mixin.py:190} INFO - [2026-10-01T09:08:33.354+0000] {dag.py:4180} INFO - Setting next_dagrun for my_dag to None, run_after=None
[2026-10-01T09:08:33.369+0000] {processor.py:208} INFO - Processing /opt/airflow/dags/my_tasks.py took 0.061 seconds
[2026-10-01T09:09:03.602+0000] {processor.py:186} INFO - Started process (PID=1225) to work on /opt/airflow/dags/my_tasks.py
[2026-10-01T09:09:03.610+0000] {processor.py:914} INFO - Processing file /opt/airflow/dags/my_tasks.py for tasks to queue
[2026-10-01T09:09:03.614+0000] {logging_mixin.py:190} INFO - [2026-10-01T09:09:03.613+0000] {dagbag.py:588} INFO - Filling up the DagBag from /opt/airflow/dags/my_tasks.py
[2026-10-01T09:09:03.622+0000] {processor.py:925} INFO - DAG(s) 'my_dag' retrieved from /opt/airflow/dags/my_tasks.py
[2026-10-01T09:09:03.639+0000] {logging_mixin.py:190} INFO - [2026-10-01T09:09:03.639+0000] {dag.py:3239} INFO - Sync 1 DAGs
[2026-10-01T09:09:03.655+0000] {logging_mixin.py:190} INFO - [2026-10-01T09:09:03.654+0000] {dag.py:4180} INFO - Setting next_dagrun for my_dag to None, run_after=None
[2026-10-01T09:09:03.669+0000] {processor.py:208} INFO - Processing /opt/airflow/dags/my_tasks.py took 0.072 seconds
[2026-10-01T09:09:33.885+0000] {processor.py:186} INFO - Started process (PID=1236) to work on /opt/airflow/dags/my_tasks.py
[2026-10-01T09:09:33.886+0000] {processor.py:914} INFO - Processing file /opt/airflow/dags/my_tasks.py for tasks to queue
[2026-10-01T09:09:33.887+0000] {logging_mixin.py:190} INFO - [2026-10-01T09:09:33.887+0000] {dagbag.py:588} INFO - Filling up the DagBag from /opt/airflow/dags/my_tasks.py
[2026-10-01T09:09:33.893+0000] {processor.py:925} INFO - DAG(s) 'my_dag' retrieved from /opt/airflow/dags/my_tasks.py
[2026-10-01T09:09:33.913+0000] {logging_mixin.py:190} INFO - [2026-10-01T09:09:33.913+0000] {dag.py:3239} INFO - Sync 1 DAGs
[2026-10-01T09:09:33.928+0000] {logging_mixin.py:190} INFO - [2026-10-01T09:09:33.928+0000] {dag.py:4180} INFO - Setting next_dagrun for my_dag to None, run_after=None
[2026-10-01T09:09:33.942+0000] {processor.py:208} INFO - Processing /opt/airflow/dags/my_tasks.py took 0.061 seconds
[2026-10-01T09:10:04.162+0000] {processor.py:186} INFO - Started process (PID=1247) to work on /opt/airflow/dags/my_tasks.py
[2026-10-01T09:10:04.163+0000] {processor.py:914} INFO - Processing file /opt/airflow/dags/my_tasks.py for tasks to queue
[2026-10-01T09:10:04.164+0000] {logging_mixin.py:190} INFO - [2026-10-01T09:10:04.164+0000] {dagbag.py:588} INFO - Filling up the DagBag from /opt/airflow/dags/my_tasks.py
[2026-10-01T09:10:04.171+0000] {processor.py:925} INFO - DAG(s) 'my_dag' retrieved from /opt/airflow/dags/my_tasks.py
[2026-10-01T09:10:04.188+0000] {logging_mixin.py:190} INFO - [2026-10-01T09:10:04.188+0000] {dag.py:3239} INFO - Sync 1 DAGs
[2026-10-01T09:10:04.203+0000] {logging_mixin.py:190} INFO - [2026-10-01T09:10:04.203+0000] {dag.py:4180} INFO - Setting next_dagrun for my_dag to None, run_after=None
[2026-10-01T09:10:04.217+0000] {processor.py:208} INFO - Processing /opt/airflow/dags/my_tasks.py took 0.059 seconds
[2026-10-01T09:10:34.427+0000] {processor.py:186} INFO - Started process (PID=1258) to work on /opt/airflow/dags/my_tasks.py
[2026-10-01T09:10:34.427+0000] {processor.py:914} INFO - Processing file /opt/airflow/dags/my_tasks.py for tasks to queue
[2026-10-01T09:10:34.429+0000] {logging_mixin.py:190} INFO - [2026-10-01T09:10:34.428+0000] {dagbag.py:588} INFO - Filling up the DagBag from /opt/airflow/dags/my_tasks.py
[2026-10-01T09:10:34.435+0000] {processor.py:925} INFO - DAG(s) 'my_dag' retrieved from /opt/airflow/dags/my_tasks.py
[2026-10-01T09:10:34.453+0000] {logging_mixin.py:190} INFO - [2026-10-01T09:10:34.452+0000] {dag.py:3239} INFO - Sync 1 DAGs
[2026-10-01T09:10:34.468+0000] {logging_mixin.py:190} INFO - [2026-10-01T09:10:34.468+0000] {dag.py:4180} INFO - Setting next_dagrun for my_dag to None, run_after=None
[2026-10-01T09:10:34.482+0000] {processor.py:208} INFO - Processing /opt/airflow/dags/my_tasks.py took 0.059 seconds
[2026-10-01T09:11:04.702+0000] {processor.py:186} INFO - Started process (PID=1269) to work on /opt/airflow/dags/my_tasks.py
[2026-10-01T09:11:04.710+0000] {processor.py:914} INFO - Processing file /opt/airflow/dags/my_tasks.py for tasks to queue
[2026-10-01T09:11:04.713+0000] {logging_mixin.py:190} INFO - [2026-10-01T09:11:04.713+0000] {dagbag.py:588} INFO - Filling up the DagBag from /opt/airflow/dags/my_tasks.py
[2026-10-01T09:11:04.722+0000] {processor.py:925} INFO - DAG(s) 'my_dag' retrieved from /opt/airflow/dags/my_tasks.py
[2026-10-01T09:11:04.740+0000] {logging_mixin.py:190} INFO - [2026-10-01T09:11:04.740+0000] {dag.py:3239} INFO - Sync 1 DAGs
[2026-10-01T09:11:04.756+0000] {logging_mixin.py:190} INFO - [2026-10-01T09:11:04.756+0000] {dag.py:4180} INFO - Setting next_dagrun for my_dag to None, run_after=None
[2026-10-01T09:11:04.770+0000] {processor.py:208} INFO - Processing /opt/airflow/dags/my_tasks.py took 0.072 seconds
[2026-10-01T09:11:34.975+0000] {processor.py:186} INFO - Started process (PID=1280) to work on /opt/airflow/dags/my_tasks.py
[2026-10-01T09:11:34.976+0000] {processor.py:914} INFO - Processing file /opt/airflow/dags/my_tasks.py for tasks to queue
[2026-10-01T09:11:34.977+0000] {logging_mixin.py:190} INFO - [2026-10-01T09:11:34.977+0000] {dagbag.py:588} INFO - Filling up the DagBag from /opt/airflow/dags/my_tasks.py
[2026-10-01T09:11:34.985+0000] {processor.py:925} INFO - DAG(s) 'my_dag' retrieved from /opt/airflow/dags/my_tasks.py
[2026-10-01T09:11:35.002+0000] {logging_mixin.py:190} INFO - [2026-10-01T09:11:35.001+0000] {dag.py:3239} INFO - Sync 1 DAGs
[2026-10-01T09:11:35.017+0000] {logging_mixin.py:190} INFO - [2026-10-01T09:11:35.017+0000] {dag.py:4180} INFO - Setting next_dagrun for my_dag to None, run_after=None
[2026-10-01T09:11:35.031+0000] {processor.py:208} INFO - Processing /opt/airflow/dags/my_tasks.py took 0.060 seconds
[2026-10-01T09:12:05.251+0000] {processor.py:186} INFO - Started process (PID=1291) to work on /opt/airflow/dags/my_tasks.py
[2026-10-01T09:12:05.259+0000] {processor.py:914} INFO - Processing file /opt/airflow/dags/my_tasks.py for tasks to queue
[2026-10-01T09:12:05.261+0000] {logging_mixin.py:190} INFO - [2026-10-01T09:12:05.260+0000] {dagbag.py:588} INFO - Filling up the DagBag from /opt/airflow/dags/my_tasks.py
[2026-10-01T09:12:05.271+0000] {processor.py:925} INFO - DAG(s) 'my_dag' retrieved from /opt/airflow/dags/my_tasks.py
[2026-10-01T09:12:05.289+0000] {logging_mixin.py:190} INFO - [2026-10-01T09:12:05.289+0000] {dag.py:3239} INFO - Sync 1 DAGs
[2026-10-01T09:12:05.306+0000] {logging_mixin.py:190} INFO - [2026-10-01T09:12:05.305+0000] {dag.py:4180} INFO - Setting next_dagrun for my_dag to None, run_after=None
[2026-10-01T09:12:05.320+0000] {processor.py:208} INFO - Processing /opt/airflow/dags/my_tasks.py took 0.072 seconds
[2026-10-01T09:12:35.513+0000] {processor.py:186} INFO - Started process (PID=1302) to work on /opt/airflow/dags/my_tasks.py
[2026-10-01T09:12:35.514+0000] {processor.py:914} INFO - Processing file /opt/airflow/dags/my_tasks.py for tasks to queue
[2026-10-01T09:12:35.516+0000] {logging_mixin.py:190} INFO - [2026-10-01T09:12:35.516+0000] {dagbag.py:588} INFO - Filling up the DagBag from /opt/airflow/dags/my_tasks.py
[2026-10-01T09:12:35.524+0000] {processor.py:925} INFO - DAG(s) 'my_dag' retrieved from /opt/airflow/dags/my_tasks.py
[2026-10-01T09:12:35.542+0000] {logging_mixin.py:190} INFO - [2026-10-01T09:12:35.542+0000] {dag.py:3239} INFO - Sync 1 DAGs
[2026-10-01T09:12:35.558+0000] {logging_mixin.py:190} INFO - [2026-10-01T09:12:35.557+0000] {dag.py:4180} INFO - Setting next_dagrun for my_dag to None, run_after=None
[2026-10-01T09:12:35.571+0000] {processor.py:208} INFO - Processing /opt/airflow/dags/my_tasks.py took 0.063 seconds
[2026-10-01T09:13:05.759+0000] {processor.py:186} INFO - Started process (PID=1313) to work on /opt/airflow/dags/my_tasks.py
[2026-10-01T09:13:05.767+0000] {processor.py:914} INFO - Processing file /opt/airflow/dags/my_tasks.py for tasks to queue
[2026-10-01T09:13:05.769+0000] {logging_mixin.py:190} INFO - [2026-10-01T09:13:05.769+0000] {dagbag.py:588} INFO - Filling up the DagBag from /opt/airflow/dags/my_tasks.py
[2026-10-01T09:13:05.778+0000] {processor.py:925} INFO - DAG(s) 'my_dag' retrieved from /opt/airflow/dags/my_tasks.py
[2026-10-01T09:13:05.796+0000] {logging_mixin.py:190} INFO - [2026-10-01T09:13:05.795+0000] {dag.py:3239} INFO - Sync 1 DAGs
[2026-10-01T09:13:05.811+0000] {logging_mixin.py:190} INFO - [2026-10-01T09:13:05.811+0000] {dag.py:4180} INFO - Setting next_dagrun for my_dag to None, run_after=None
[2026-10-01T09:13:05.825+0000] {processor.py:208} INFO - Processing /opt/airflow/dags/my_tasks.py took 0.070 seconds
[2026-10-01T09:13:36.041+0000] {processor.py:186} INFO - Started process (PID=1324) to work on /opt/airflow/dags/my_tasks.py
[2026-10-01T09:13:36.042+0000] {processor.py:914} INFO - Processing file /opt/airflow/dags/my_tasks.py for tasks to queue
[2026-10-01T09:13:36.043+0000] {logging_mixin.py:190} INFO - [2026-10-01T09:13:36.043+0000] {dagbag.py:588} INFO - Filling up the DagBag from /opt/airflow/dags/my_tasks.py
[2026-10-01T09:13:36.050+0000] {processor.py:925} INFO - DAG(s) 'my_dag' retrieved from /opt/airflow/dags/my_tasks.py
[2026-10-01T09:13:36.067+0000] {logging_mixin.py:190} INFO - [2026-10-01T09:13:36.067+0000] {dag.py:3239} INFO - Sync 1 DAGs
[2026-10-01T09:13:36.082+0000] {logging_mixin.py:190} INFO - [2026-10-01T09:13:36.082+0000] {dag.py:4180} INFO - Setting next_dagrun for my_dag to None, run_after=None
[2026-10-01T09:13:36.101+0000] {processor.py:208} INFO - Processing /opt/airflow/dags/my_tasks.py took 0.064 seconds
[2026-10-01T09:14:06.317+0000] {processor.py:186} INFO - Started process (PID=1335) to work on /opt/airflow/dags/my_tasks.py
[2026-10-01T09:14:06.318+0000] {processor.py:914} INFO - Processing file /opt/airflow/dags/my_tasks.py for tasks to queue
[2026-10-01T09:14:06.319+0000] {logging_mixin.py:190} INFO - [2026-10-01T09:14:06.319+0000] {dagbag.py:588} INFO - Filling up the DagBag from /opt/airflow/dags/my_tasks.py
[2026-10-01T09:14:06.327+0000] {processor.py:925} INFO - DAG(s) 'my_dag' retrieved from /opt/airflow/dags/my_tasks.py
[2026-10-01T09:14:06.345+0000] {logging_mixin.py:190} INFO - [2026-10-01T09:14:06.345+0000] {dag.py:3239} INFO - Sync 1 DAGs
[2026-10-01T09:14:06.361+0000] {logging_mixin.py:190} INFO - [2026-10-01T09:14:06.360+0000] {dag.py:4180} INFO - Setting next_dagrun for my_dag to None, run_after=None
[2026-10-01T09:14:06.374+0000] {processor.py:208} INFO - Processing /opt/airflow/dags/my_tasks.py took 0.061 seconds
[2026-10-01T09:14:36.596+0000] {processor.py:186} INFO - Started process (PID=1346) to work on /opt/airflow/dags/my_tasks.py
[2026-10-01T09:14:36.604+0000] {processor.py:914} INFO - Processing file /opt/airflow/dags/my_tasks.py for tasks to queue
[2026-10-01T09:14:36.607+0000] {logging_mixin.py:190} INFO - [2026-10-01T09:14:36.606+0000] {dagbag.py:588} INFO - Filling up the DagBag from /opt/airflow/dags/my_tasks.py
[2026-10-01T09:14:36.614+0000] {processor.py:925} INFO - DAG(s) 'my_dag' retrieved from /opt/airflow/dags/my_tasks.py
[2026-10-01T09:14:36.631+0000] {logging_mixin.py:190} INFO - [2026-10-01T09:14:36.631+0000] {dag.py:3239} INFO - Sync 1 DAGs
[2026-10-01T09:14:36.647+0000] {logging_mixin.py:190} INFO - [2026-10-01T09:14:36.647+0000] {dag.py:4180} INFO - Setting next_dagrun for my_dag to None, run_after=None
[2026-10-01T09:14:36.661+0000] {processor.py:208} INFO - Processing /opt/airflow/dags/my_tasks.py took 0.069 seconds
[2026-10-01T09:15:06.855+0000] {processor.py:186} INFO - Started process (PID=1357) to work on /opt/airflow/dags/my_tasks.py
[2026-10-01T09:15:06.855+0000] {processor.py:914} INFO - Processing file /opt/airflow/dags/my_tasks.py for tasks to queue
[2026-10-01T09:15:06.857+0000] {logging_mixin.py:190} INFO - [2026-10-01T09:15:06.856+0000] {dagbag.py:588} INFO - Filling up the DagBag from /opt/airflow/dags/my_tasks.py
[2026-10-01T09:15:06.863+0000] {processor.py:925} INFO - DAG(s) 'my_dag' retrieved from /opt/airflow/dags/my_tasks.py
[2026-10-01T09:15:06.880+0000] {logging_mixin.py:190} INFO - [2026-10-01T09:15:06.880+0000] {dag.py:3239} INFO - Sync 1 DAGs
[2026-10-01T09:15:06.895+0000] {logging_mixin.py:190} INFO - [2026-10-01T09:15:06.895+0000] {dag.py:4180} INFO - Setting next_dagrun for my_dag to None, run_after=None
[2026-10-01T09:15:06.909+0000] {processor.py:208} INFO - Processing /opt/airflow/dags/my_tasks.py took 0.058 seconds
[2026-10-01T09:15:37.116+0000] {processor.py:186} INFO - Started process (PID=1368) to work on /opt/airflow/dags/my_tasks.py
[2026-10-01T09:15:37.124+0000] {processor.py:914} INFO - Processing file /opt/airflow/dags/my_tasks.py for tasks to queue
[2026-10-01T09:15:37.126+0000] {logging_mixin.py:190} INFO - [2026-10-01T09:15:37.126+0000] {dagbag.py:588} INFO - Filling up the DagBag from /opt/airflow/dags/my_tasks.py
[2026-10-01T09:15:37.136+0000] {processor.py:925} INFO - DAG(s) 'my_dag' retrieved from /opt/airflow/dags/my_tasks.py
[2026-10-01T09:15:37.156+0000] {logging_mixin.py:190} INFO - [2026-10-01T09:15:37.156+0000] {dag.py:3239} INFO - Sync 1 DAGs
[2026-10-01T09:15:37.172+0000] {logging_mixin.py:190} INFO - [2026-10-01T09:15:37.172+0000] {dag.py:4180} INFO - Setting next_dagrun for my_dag to None, run_after=None
[2026-10-01T09:15:37.186+0000] {processor.py:208} INFO - Processing /opt/airflow/dags/my_tasks.py took 0.074 seconds
[2026-10-01T09:16:07.386+0000] {processor.py:186} INFO - Started process (PID=1379) to work on /opt/airflow/dags/my_tasks.py
[2026-10-01T09:16:07.394+0000] {processor.py:914} INFO - Processing file /opt/airflow/dags/my_tasks.py for tasks to queue
[2026-10-01T09:16:07.396+0000] {logging_mixin.py:190} INFO - [2026-10-01T09:16:07.395+0000] {dagbag.py:588} INFO - Filling up the DagBag from /opt/airflow/dags/my_tasks.py
[2026-10-01T09:16:07.403+0000] {processor.py:925} INFO - DAG(s) 'my_dag' retrieved from /opt/airflow/dags/my_tasks.py
[2026-10-01T09:16:07.422+0000] {logging_mixin.py:190} INFO - [2026-10-01T09:16:07.421+0000] {dag.py:3239} INFO - Sync 1 DAGs
[2026-10-01T09:16:07.438+0000] {logging_mixin.py:190} INFO - [2026-10-01T09:16:07.438+0000] {dag.py:4180} INFO - Setting next_dagrun for my_dag to None, run_after=None
[2026-10-01T09:16:07.453+0000] {processor.py:208} INFO - Processing /opt/airflow/dags/my_tasks.py took 0.072 seconds
[2026-10-01T09:16:37.637+0000] {processor.py:186} INFO - Started process (PID=1390) to work on /opt/airflow/dags/my_tasks.py
[2026-10-01T09:16:37.645+0000] {processor.py:914} INFO - Processing file /opt/airflow/dags/my_tasks.py for tasks to queue
[2026-10-01T09:16:37.647+0000] {logging_mixin.py:190} INFO - [2026-10-01T09:16:37.647+0000] {dagbag.py:588} INFO - Filling up the DagBag from /opt/airflow/dags/my_tasks.py
[2026-10-01T09:16:37.655+0000] {processor.py:925} INFO - DAG(s) 'my_dag' retrieved from /opt/airflow/dags/my_tasks.py
[2026-10-01T09:16:37.675+0000] {logging_mixin.py:190} INFO - [2026-10-01T09:16:37.675+0000] {dag.py:3239} INFO - Sync 1 DAGs
[2026-10-01T09:16:37.690+0000] {logging_mixin.py:190} INFO - [2026-10-01T09:16:37.690+0000] {dag.py:4180} INFO - Setting next_dagrun for my_dag to None, run_after=None
[2026-10-01T09:16:37.705+0000] {processor.py:208} INFO - Processing /opt/airflow/dags/my_tasks.py took 0.072 seconds
[2026-10-01T09:17:07.865+0000] {processor.py:186} INFO - Started process (PID=1401) to work on /opt/airflow/dags/my_tasks.py
[2026-10-01T09:17:07.873+0000] {processor.py:914} INFO - Processing file /opt/airflow/dags/my_tasks.py for tasks to queue
[2026-10-01T09:17:07.876+0000] {logging_mixin.py:190} INFO - [2026-10-01T09:17:07.875+0000] {dagbag.py:588} INFO - Filling up the DagBag from /opt/airflow/dags/my_tasks.py
[2026-10-01T09:17:07.884+0000] {processor.py:925} INFO - DAG(s) 'my_dag' retrieved from /opt/airflow/dags/my_tasks.py
[2026-10-01T09:17:07.902+0000] {logging_mixin.py:190} INFO - [2026-10-01T09:17:07.901+0000] {dag.py:3239} INFO - Sync 1 DAGs
[2026-10-01T09:17:07.917+0000] {logging_mixin.py:190} INFO - [2026-10-01T09:17:07.917+0000] {dag.py:4180} INFO - Setting next_dagrun for my_dag to None, run_after=None
[2026-10-01T09:17:07.930+0000] {processor.py:208} INFO - Processing /opt/airflow/dags/my_tasks.py took 0.070 seconds
[2026-10-01T09:17:38.164+0000] {processor.py:186} INFO - Started process (PID=1412) to work on /opt/airflow/dags/my_tasks.py
[2026-10-01T09:17:38.165+0000] {processor.py:914} INFO - Processing file /opt/airflow/dags/my_tasks.py for tasks to queue
[2026-10-01T09:17:38.166+0000] {logging_mixin.py:190} INFO - [2026-10-01T09:17:38.166+0000] {dagbag.py:588} INFO - Filling up the DagBag from /opt/airflow/dags/my_tasks.py
[2026-10-01T09:17:38.173+0000] {processor.py:925} INFO - DAG(s) 'my_dag' retrieved from /opt/airflow/dags/my_tasks.py
[2026-10-01T09:17:38.191+0000] {logging_mixin.py:190} INFO - [2026-10-01T09:17:38.190+0000] {dag.py:3239} INFO - Sync 1 DAGs
[2026-10-01T09:17:38.206+0000] {logging_mixin.py:190} INFO - [2026-10-01T09:17:38.206+0000] {dag.py:4180} INFO - Setting next_dagrun for my_dag to None, run_after=None
[2026-10-01T09:17:38.223+0000] {processor.py:208} INFO - Processing /opt/airflow/dags/my_tasks.py took 0.063 seconds
[2026-10-01T09:18:08.424+0000] {processor.py:186} INFO - Started process (PID=1423) to work on /opt/airflow/dags/my_tasks.py
[2026-10-01T09:18:08.432+0000] {processor.py:914} INFO - Processing file /opt/airflow/dags/my_tasks.py for tasks to queue
[2026-10-01T09:18:08.434+0000] {logging_mixin.py:190} INFO - [2026-10-01T09:18:08.433+0000] {dagbag.py:588} INFO - Filling up the DagBag from /opt/airflow/dags/my_tasks.py
[2026-10-01T09:18:08.440+0000] {processor.py:925} INFO - DAG(s) 'my_dag' retrieved from /opt/airflow/dags/my_tasks.py
[2026-10-01T09:18:08.458+0000] {logging_mixin.py:190} INFO - [2026-10-01T09:18:08.458+0000] {dag.py:3239} INFO - Sync 1 DAGs
[2026-10-01T09:18:08.473+0000] {logging_mixin.py:190} INFO - [2026-10-01T09:18:08.473+0000] {dag.py:4180} INFO - Setting next_dagrun for my_dag to None, run_after=None
[2026-10-01T09:18:08.487+0000] {processor.py:208} INFO - Processing /opt/airflow/dags/my_tasks.py took 0.068 seconds
[2026-10-01T09:18:38.664+0000] {processor.py:186} INFO - Started process (PID=1435) to work on /opt/airflow/dags/my_tasks.py
[2026-10-01T09:18:38.672+0000] {processor.py:914} INFO - Processing file /opt/airflow/dags/my_tasks.py for tasks to queue
[2026-10-01T09:18:38.674+0000] {logging_mixin.py:190} INFO - [2026-10-01T09:18:38.674+0000] {dagbag.py:588} INFO - Filling up the DagBag from /opt/airflow/dags/my_tasks.py
[2026-10-01T09:18:38.680+0000] {processor.py:925} INFO - DAG(s) 'my_dag' retrieved from /opt/airflow/dags/my_tasks.py
[2026-10-01T09:18:38.697+0000] {logging_mixin.py:190} INFO - [2026-10-01T09:18:38.697+0000] {dag.py:3239} INFO - Sync 1 DAGs
[2026-10-01T09:18:38.712+0000] {logging_mixin.py:190} INFO - [2026-10-01T09:18:38.712+0000] {dag.py:4180} INFO - Setting next_dagrun for my_dag to None, run_after=None
[2026-10-01T09:18:38.727+0000] {processor.py:208} INFO - Processing /opt/airflow/dags/my_tasks.py took 0.067 seconds
[2026-10-01T09:19:08.927+0000] {processor.py:186} INFO - Started process (PID=1446) to work on /opt/airflow/dags/my_tasks.py
[2026-10-01T09:19:08.935+0000] {processor.py:914} INFO - Processing file /opt/airflow/dags/my_tasks.py for tasks to queue
[2026-10-01T09:19:08.938+0000] {logging_mixin.py:190} INFO - [2026-10-01T09:19:08.937+0000] {dagbag.py:588} INFO - Filling up the DagBag from /opt/airflow/dags/my_tasks.py
[2026-10-01T09:19:08.948+0000] {processor.py:925} INFO - DAG(s) 'my_dag' retrieved from /opt/airflow/dags/my_tasks.py
[2026-10-01T09:19:08.965+0000] {logging_mixin.py:190} INFO - [2026-10-01T09:19:08.965+0000] {dag.py:3239} INFO - Sync 1 DAGs
[2026-10-01T09:19:08.981+0000] {logging_mixin.py:190} INFO - [2026-10-01T09:19:08.981+0000] {dag.py:4180} INFO - Setting next_dagrun for my_dag to None, run_after=None
[2026-10-01T09:19:09.006+0000] {processor.py:208} INFO - Processing /opt/airflow/dags/my_tasks.py took 0.084 seconds
[2026-10-01T09:22:56.789+0000] {processor.py:186} INFO - Started process (PID=191) to work on /opt/airflow/dags/my_tasks.py
[2026-10-01T09:22:56.789+0000] {processor.py:914} INFO - Processing file /opt/airflow/dags/my_tasks.py for tasks to queue
[2026-10-01T09:22:56.791+0000] {logging_mixin.py:190} INFO - [2026-10-01T09:22:56.791+0000] {dagbag.py:588} INFO - Filling up the DagBag from /opt/airflow/dags/my_tasks.py
[2026-10-01T09:22:56.806+0000] {processor.py:925} INFO - DAG(s) 'my_dag' retrieved from /opt/airflow/dags/my_tasks.py
[2026-10-01T09:22:56.989+0000] {logging_mixin.py:190} INFO - [2026-10-01T09:22:56.989+0000] {override.py:1912} INFO - Created Permission View: can delete on DAG:my_dag
[2026-10-01T09:22:56.999+0000] {logging_mixin.py:190} INFO - [2026-10-01T09:22:56.999+0000] {override.py:1912} INFO - Created Permission View: can edit on DAG:my_dag
[2026-10-01T09:22:57.005+0000] {logging_mixin.py:190} INFO - [2026-10-01T09:22:57.005+0000] {override.py:1912} INFO - Created Permission View: can read on DAG:my_dag
[2026-10-01T09:22:57.015+0000] {logging_mixin.py:190} INFO - [2026-10-01T09:22:57.015+0000] {override.py:1912} INFO - Created Permission View: can delete on DAG Run:my_dag
[2026-10-01T09:22:57.021+0000] {logging_mixin.py:190} INFO - [2026-10-01T09:22:57.021+0000] {override.py:1912} INFO - Created Permission View: menu access on DAG Run:my_dag
[2026-10-01T09:22:57.027+0000] {logging_mixin.py:190} INFO - [2026-10-01T09:22:57.027+0000] {override.py:1912} INFO - Created Permission View: can read on DAG Run:my_dag
[2026-10-01T09:22:57.050+0000] {logging_mixin.py:190} INFO - [2026-10-01T09:22:57.049+0000] {override.py:1912} INFO - Created Permission View: can create on DAG Run:my_dag
[2026-10-01T09:22:57.050+0000] {logging_mixin.py:190} INFO - [2026-10-01T09:22:57.050+0000] {dag.py:3239} INFO - Sync 1 DAGs
[2026-10-01T09:22:57.066+0000] {logging_mixin.py:190} INFO - [2026-10-01T09:22:57.065+0000] {dag.py:3262} INFO - Creating ORM DAG for my_dag
[2026-10-01T09:22:57.073+0000] {logging_mixin.py:190} INFO - [2026-10-01T09:22:57.073+0000] {dag.py:4180} INFO - Setting next_dagrun for my_dag to 2026-03-02 00:00:00+00:00, run_after=2026-03-02 00:00:00+00:00
[2026-10-01T09:22:57.191+0000] {processor.py:208} INFO - Processing /opt/airflow/dags/my_tasks.py took 0.407 seconds
[2026-10-01T09:23:27.340+0000] {processor.py:186} INFO - Started process (PID=208) to work on /opt/airflow/dags/my_tasks.py
[2026-10-01T09:23:27.340+0000] {processor.py:914} INFO - Processing file /opt/airflow/dags/my_tasks.py for tasks to queue
[2026-10-01T09:23:27.342+0000] {logging_mixin.py:190} INFO - [2026-10-01T09:23:27.342+0000] {dagbag.py:588} INFO - Filling up the DagBag from /opt/airflow/dags/my_tasks.py
[2026-10-01T09:23:27.349+0000] {processor.py:925} INFO - DAG(s) 'my_dag' retrieved from /opt/airflow/dags/my_tasks.py
[2026-10-01T09:23:27.367+0000] {logging_mixin.py:190} INFO - [2026-10-01T09:23:27.366+0000] {dag.py:3239} INFO - Sync 1 DAGs
[2026-10-01T09:23:27.385+0000] {logging_mixin.py:190} INFO - [2026-10-01T09:23:27.385+0000] {dag.py:4180} INFO - Setting next_dagrun for my_dag to 2026-03-02 00:00:00+00:00, run_after=2026-03-02 00:00:00+00:00
[2026-10-01T09:23:27.400+0000] {processor.py:208} INFO - Processing /opt/airflow/dags/my_tasks.py took 0.064 seconds
[2026-10-01T09:23:57.575+0000] {processor.py:186} INFO - Started process (PID=219) to work on /opt/airflow/dags/my_tasks.py
[2026-10-01T09:23:57.575+0000] {processor.py:914} INFO - Processing file /opt/airflow/dags/my_tasks.py for tasks to queue
[2026-10-01T09:23:57.577+0000] {logging_mixin.py:190} INFO - [2026-10-01T09:23:57.577+0000] {dagbag.py:588} INFO - Filling up the DagBag from /opt/airflow/dags/my_tasks.py
[2026-10-01T09:23:57.586+0000] {processor.py:925} INFO - DAG(s) 'my_dag' retrieved from /opt/airflow/dags/my_tasks.py
[2026-10-01T09:23:57.610+0000] {logging_mixin.py:190} INFO - [2026-10-01T09:23:57.609+0000] {dag.py:3239} INFO - Sync 1 DAGs
[2026-10-01T09:23:57.632+0000] {logging_mixin.py:190} INFO - [2026-10-01T09:23:57.632+0000] {dag.py:4180} INFO - Setting next_dagrun for my_dag to 2026-03-02 00:00:00+00:00, run_after=2026-03-02 00:00:00+00:00
[2026-10-01T09:23:57.651+0000] {processor.py:208} INFO - Processing /opt/airflow/dags/my_tasks.py took 0.081 seconds
[2026-10-01T09:24:27.821+0000] {processor.py:186} INFO - Started process (PID=230) to work on /opt/airflow/dags/my_tasks.py
[2026-10-01T09:24:27.828+0000] {processor.py:914} INFO - Processing file /opt/airflow/dags/my_tasks.py for tasks to queue
[2026-10-01T09:24:27.830+0000] {logging_mixin.py:190} INFO - [2026-10-01T09:24:27.830+0000] {dagbag.py:588} INFO - Filling up the DagBag from /opt/airflow/dags/my_tasks.py
[2026-10-01T09:24:27.838+0000] {processor.py:925} INFO - DAG(s) 'my_dag' retrieved from /opt/airflow/dags/my_tasks.py
[2026-10-01T09:24:27.856+0000] {logging_mixin.py:190} INFO - [2026-10-01T09:24:27.856+0000] {dag.py:3239} INFO - Sync 1 DAGs
[2026-10-01T09:24:27.871+0000] {logging_mixin.py:190} INFO - [2026-10-01T09:24:27.871+0000] {dag.py:4180} INFO - Setting next_dagrun for my_dag to 2026-03-02 00:00:00+00:00, run_after=2026-03-02 00:00:00+00:00
[2026-10-01T09:24:27.886+0000] {processor.py:208} INFO - Processing /opt/airflow/dags/my_tasks.py took 0.069 seconds
[2026-10-01T09:24:58.094+0000] {processor.py:186} INFO - Started process (PID=241) to work on /opt/airflow/dags/my_tasks.py
[2026-10-01T09:24:58.101+0000] {processor.py:914} INFO - Processing file /opt/airflow/dags/my_tasks.py for tasks to queue
[2026-10-01T09:24:58.104+0000] {logging_mixin.py:190} INFO - [2026-10-01T09:24:58.104+0000] {dagbag.py:588} INFO - Filling up the DagBag from /opt/airflow/dags/my_tasks.py
[2026-10-01T09:24:58.114+0000] {processor.py:925} INFO - DAG(s) 'my_dag' retrieved from /opt/airflow/dags/my_tasks.py
[2026-10-01T09:24:58.131+0000] {logging_mixin.py:190} INFO - [2026-10-01T09:24:58.131+0000] {dag.py:3239} INFO - Sync 1 DAGs
[2026-10-01T09:24:58.147+0000] {logging_mixin.py:190} INFO - [2026-10-01T09:24:58.147+0000] {dag.py:4180} INFO - Setting next_dagrun for my_dag to 2026-03-02 00:00:00+00:00, run_after=2026-03-02 00:00:00+00:00
[2026-10-01T09:24:58.163+0000] {processor.py:208} INFO - Processing /opt/airflow/dags/my_tasks.py took 0.073 seconds
[2026-10-01T09:25:28.371+0000] {processor.py:186} INFO - Started process (PID=253) to work on /opt/airflow/dags/my_tasks.py
[2026-10-01T09:25:28.372+0000] {processor.py:914} INFO - Processing file /opt/airflow/dags/my_tasks.py for tasks to queue
[2026-10-01T09:25:28.374+0000] {logging_mixin.py:190} INFO - [2026-10-01T09:25:28.373+0000] {dagbag.py:588} INFO - Filling up the DagBag from /opt/airflow/dags/my_tasks.py
[2026-10-01T09:25:28.381+0000] {processor.py:925} INFO - DAG(s) 'my_dag' retrieved from /opt/airflow/dags/my_tasks.py
[2026-10-01T09:25:28.400+0000] {logging_mixin.py:190} INFO - [2026-10-01T09:25:28.400+0000] {dag.py:3239} INFO - Sync 1 DAGs
[2026-10-01T09:25:28.415+0000] {logging_mixin.py:190} INFO - [2026-10-01T09:25:28.415+0000] {dag.py:4180} INFO - Setting next_dagrun for my_dag to 2026-03-02 00:00:00+00:00, run_after=2026-03-02 00:00:00+00:00
[2026-10-01T09:25:28.429+0000] {processor.py:208} INFO - Processing /opt/airflow/dags/my_tasks.py took 0.062 seconds
[2026-10-01T13:10:48.418+0000] {processor.py:186} INFO - Started process (PID=191) to work on /opt/airflow/dags/my_tasks.py
[2026-10-01T13:10:48.419+0000] {processor.py:914} INFO - Processing file /opt/airflow/dags/my_tasks.py for tasks to queue
[2026-10-01T13:10:48.421+0000] {logging_mixin.py:190} INFO - [2026-10-01T13:10:48.420+0000] {dagbag.py:588} INFO - Filling up the DagBag from /opt/airflow/dags/my_tasks.py
[2026-10-01T13:10:48.439+0000] {processor.py:925} INFO - DAG(s) 'my_dag' retrieved from /opt/airflow/dags/my_tasks.py
[2026-10-01T13:10:48.706+0000] {logging_mixin.py:190} INFO - [2026-10-01T13:10:48.705+0000] {override.py:1912} INFO - Created Permission View: can read on DAG:my_dag
[2026-10-01T13:10:48.723+0000] {logging_mixin.py:190} INFO - [2026-10-01T13:10:48.723+0000] {override.py:1912} INFO - Created Permission View: can delete on DAG:my_dag
[2026-10-01T13:10:48.734+0000] {logging_mixin.py:190} INFO - [2026-10-01T13:10:48.734+0000] {override.py:1912} INFO - Created Permission View: can edit on DAG:my_dag
[2026-10-01T13:10:48.746+0000] {logging_mixin.py:190} INFO - [2026-10-01T13:10:48.746+0000] {override.py:1912} INFO - Created Permission View: menu access on DAG Run:my_dag
[2026-10-01T13:10:48.756+0000] {logging_mixin.py:190} INFO - [2026-10-01T13:10:48.755+0000] {override.py:1912} INFO - Created Permission View: can read on DAG Run:my_dag
[2026-10-01T13:10:48.766+0000] {logging_mixin.py:190} INFO - [2026-10-01T13:10:48.766+0000] {override.py:1912} INFO - Created Permission View: can delete on DAG Run:my_dag
[2026-10-01T13:10:48.777+0000] {logging_mixin.py:190} INFO - [2026-10-01T13:10:48.776+0000] {override.py:1912} INFO - Created Permission View: can create on DAG Run:my_dag
[2026-10-01T13:10:48.777+0000] {logging_mixin.py:190} INFO - [2026-10-01T13:10:48.777+0000] {dag.py:3239} INFO - Sync 1 DAGs
[2026-10-01T13:10:48.794+0000] {logging_mixin.py:190} INFO - [2026-10-01T13:10:48.794+0000] {dag.py:3262} INFO - Creating ORM DAG for my_dag
[2026-10-01T13:10:48.814+0000] {logging_mixin.py:190} INFO - [2026-10-01T13:10:48.814+0000] {dag.py:4180} INFO - Setting next_dagrun for my_dag to 2026-03-02 00:00:00+00:00, run_after=2026-03-02 00:00:00+00:00
[2026-10-01T13:10:48.849+0000] {processor.py:208} INFO - Processing /opt/airflow/dags/my_tasks.py took 0.437 seconds
[2026-10-01T13:11:19.036+0000] {processor.py:186} INFO - Started process (PID=202) to work on /opt/airflow/dags/my_tasks.py
[2026-10-01T13:11:19.044+0000] {processor.py:914} INFO - Processing file /opt/airflow/dags/my_tasks.py for tasks to queue
[2026-10-01T13:11:19.048+0000] {logging_mixin.py:190} INFO - [2026-10-01T13:11:19.047+0000] {dagbag.py:588} INFO - Filling up the DagBag from /opt/airflow/dags/my_tasks.py
[2026-10-01T13:11:19.058+0000] {processor.py:925} INFO - DAG(s) 'my_dag' retrieved from /opt/airflow/dags/my_tasks.py
[2026-10-01T13:11:19.076+0000] {logging_mixin.py:190} INFO - [2026-10-01T13:11:19.076+0000] {dag.py:3239} INFO - Sync 1 DAGs
[2026-10-01T13:11:19.095+0000] {logging_mixin.py:190} INFO - [2026-10-01T13:11:19.094+0000] {dag.py:4180} INFO - Setting next_dagrun for my_dag to 2026-03-02 00:00:00+00:00, run_after=2026-03-02 00:00:00+00:00
[2026-10-01T13:11:19.108+0000] {processor.py:208} INFO - Processing /opt/airflow/dags/my_tasks.py took 0.082 seconds
[2026-10-01T13:11:49.288+0000] {processor.py:186} INFO - Started process (PID=213) to work on /opt/airflow/dags/my_tasks.py
[2026-10-01T13:11:49.296+0000] {processor.py:914} INFO - Processing file /opt/airflow/dags/my_tasks.py for tasks to queue
[2026-10-01T13:11:49.298+0000] {logging_mixin.py:190} INFO - [2026-10-01T13:11:49.297+0000] {dagbag.py:588} INFO - Filling up the DagBag from /opt/airflow/dags/my_tasks.py
[2026-10-01T13:11:49.308+0000] {processor.py:925} INFO - DAG(s) 'my_dag' retrieved from /opt/airflow/dags/my_tasks.py
[2026-10-01T13:11:49.326+0000] {logging_mixin.py:190} INFO - [2026-10-01T13:11:49.326+0000] {dag.py:3239} INFO - Sync 1 DAGs
[2026-10-01T13:11:49.341+0000] {logging_mixin.py:190} INFO - [2026-10-01T13:11:49.341+0000] {dag.py:4180} INFO - Setting next_dagrun for my_dag to 2026-03-02 00:00:00+00:00, run_after=2026-03-02 00:00:00+00:00
[2026-10-01T13:11:49.354+0000] {processor.py:208} INFO - Processing /opt/airflow/dags/my_tasks.py took 0.070 seconds
[2026-10-01T13:12:19.568+0000] {processor.py:186} INFO - Started process (PID=224) to work on /opt/airflow/dags/my_tasks.py
[2026-10-01T13:12:19.576+0000] {processor.py:914} INFO - Processing file /opt/airflow/dags/my_tasks.py for tasks to queue
[2026-10-01T13:12:19.578+0000] {logging_mixin.py:190} INFO - [2026-10-01T13:12:19.578+0000] {dagbag.py:588} INFO - Filling up the DagBag from /opt/airflow/dags/my_tasks.py
[2026-10-01T13:12:19.588+0000] {processor.py:925} INFO - DAG(s) 'my_dag' retrieved from /opt/airflow/dags/my_tasks.py
[2026-10-01T13:12:19.605+0000] {logging_mixin.py:190} INFO - [2026-10-01T13:12:19.605+0000] {dag.py:3239} INFO - Sync 1 DAGs
[2026-10-01T13:12:19.620+0000] {logging_mixin.py:190} INFO - [2026-10-01T13:12:19.620+0000] {dag.py:4180} INFO - Setting next_dagrun for my_dag to 2026-03-02 00:00:00+00:00, run_after=2026-03-02 00:00:00+00:00
[2026-10-01T13:12:19.635+0000] {processor.py:208} INFO - Processing /opt/airflow/dags/my_tasks.py took 0.071 seconds
[2026-10-01T13:12:49.868+0000] {processor.py:186} INFO - Started process (PID=235) to work on /opt/airflow/dags/my_tasks.py
[2026-10-01T13:12:49.877+0000] {processor.py:914} INFO - Processing file /opt/airflow/dags/my_tasks.py for tasks to queue
[2026-10-01T13:12:49.880+0000] {logging_mixin.py:190} INFO - [2026-10-01T13:12:49.880+0000] {dagbag.py:588} INFO - Filling up the DagBag from /opt/airflow/dags/my_tasks.py
[2026-10-01T13:12:49.890+0000] {processor.py:925} INFO - DAG(s) 'my_dag' retrieved from /opt/airflow/dags/my_tasks.py
[2026-10-01T13:12:49.910+0000] {logging_mixin.py:190} INFO - [2026-10-01T13:12:49.910+0000] {dag.py:3239} INFO - Sync 1 DAGs
[2026-10-01T13:12:49.925+0000] {logging_mixin.py:190} INFO - [2026-10-01T13:12:49.925+0000] {dag.py:4180} INFO - Setting next_dagrun for my_dag to 2026-03-02 00:00:00+00:00, run_after=2026-03-02 00:00:00+00:00
[2026-10-01T13:12:49.939+0000] {processor.py:208} INFO - Processing /opt/airflow/dags/my_tasks.py took 0.076 seconds
[2026-10-01T13:13:20.160+0000] {processor.py:186} INFO - Started process (PID=246) to work on /opt/airflow/dags/my_tasks.py
[2026-10-01T13:13:20.164+0000] {processor.py:914} INFO - Processing file /opt/airflow/dags/my_tasks.py for tasks to queue
[2026-10-01T13:13:20.167+0000] {logging_mixin.py:190} INFO - [2026-10-01T13:13:20.167+0000] {dagbag.py:588} INFO - Filling up the DagBag from /opt/airflow/dags/my_tasks.py
[2026-10-01T13:13:20.180+0000] {processor.py:925} INFO - DAG(s) 'my_dag' retrieved from /opt/airflow/dags/my_tasks.py
[2026-10-01T13:13:20.211+0000] {logging_mixin.py:190} INFO - [2026-10-01T13:13:20.211+0000] {dag.py:3239} INFO - Sync 1 DAGs
[2026-10-01T13:13:20.239+0000] {logging_mixin.py:190} INFO - [2026-10-01T13:13:20.238+0000] {dag.py:4180} INFO - Setting next_dagrun for my_dag to 2026-03-02 00:00:00+00:00, run_after=2026-03-02 00:00:00+00:00
[2026-10-01T13:13:20.261+0000] {processor.py:208} INFO - Processing /opt/airflow/dags/my_tasks.py took 0.108 seconds
[2026-10-01T13:13:50.388+0000] {processor.py:186} INFO - Started process (PID=257) to work on /opt/airflow/dags/my_tasks.py
[2026-10-01T13:13:50.396+0000] {processor.py:914} INFO - Processing file /opt/airflow/dags/my_tasks.py for tasks to queue
[2026-10-01T13:13:50.399+0000] {logging_mixin.py:190} INFO - [2026-10-01T13:13:50.399+0000] {dagbag.py:588} INFO - Filling up the DagBag from /opt/airflow/dags/my_tasks.py
[2026-10-01T13:13:50.410+0000] {processor.py:925} INFO - DAG(s) 'my_dag' retrieved from /opt/airflow/dags/my_tasks.py
[2026-10-01T13:13:50.428+0000] {logging_mixin.py:190} INFO - [2026-10-01T13:13:50.428+0000] {dag.py:3239} INFO - Sync 1 DAGs
[2026-10-01T13:13:50.444+0000] {logging_mixin.py:190} INFO - [2026-10-01T13:13:50.444+0000] {dag.py:4180} INFO - Setting next_dagrun for my_dag to 2026-03-02 00:00:00+00:00, run_after=2026-03-02 00:00:00+00:00
[2026-10-01T13:13:50.458+0000] {processor.py:208} INFO - Processing /opt/airflow/dags/my_tasks.py took 0.074 seconds
[2026-10-01T13:14:20.703+0000] {processor.py:186} INFO - Started process (PID=268) to work on /opt/airflow/dags/my_tasks.py
[2026-10-01T13:14:20.703+0000] {processor.py:914} INFO - Processing file /opt/airflow/dags/my_tasks.py for tasks to queue
[2026-10-01T13:14:20.705+0000] {logging_mixin.py:190} INFO - [2026-10-01T13:14:20.705+0000] {dagbag.py:588} INFO - Filling up the DagBag from /opt/airflow/dags/my_tasks.py
[2026-10-01T13:14:20.711+0000] {processor.py:925} INFO - DAG(s) 'my_dag' retrieved from /opt/airflow/dags/my_tasks.py
[2026-10-01T13:14:20.729+0000] {logging_mixin.py:190} INFO - [2026-10-01T13:14:20.729+0000] {dag.py:3239} INFO - Sync 1 DAGs
[2026-10-01T13:14:20.744+0000] {logging_mixin.py:190} INFO - [2026-10-01T13:14:20.744+0000] {dag.py:4180} INFO - Setting next_dagrun for my_dag to 2026-03-02 00:00:00+00:00, run_after=2026-03-02 00:00:00+00:00
[2026-10-01T13:14:20.758+0000] {processor.py:208} INFO - Processing /opt/airflow/dags/my_tasks.py took 0.060 seconds
[2026-10-01T13:14:50.970+0000] {processor.py:186} INFO - Started process (PID=279) to work on /opt/airflow/dags/my_tasks.py
[2026-10-01T13:14:50.979+0000] {processor.py:914} INFO - Processing file /opt/airflow/dags/my_tasks.py for tasks to queue
[2026-10-01T13:14:50.981+0000] {logging_mixin.py:190} INFO - [2026-10-01T13:14:50.981+0000] {dagbag.py:588} INFO - Filling up the DagBag from /opt/airflow/dags/my_tasks.py
[2026-10-01T13:14:50.990+0000] {processor.py:925} INFO - DAG(s) 'my_dag' retrieved from /opt/airflow/dags/my_tasks.py
[2026-10-01T13:14:51.008+0000] {logging_mixin.py:190} INFO - [2026-10-01T13:14:51.008+0000] {dag.py:3239} INFO - Sync 1 DAGs
[2026-10-01T13:14:51.027+0000] {logging_mixin.py:190} INFO - [2026-10-01T13:14:51.027+0000] {dag.py:4180} INFO - Setting next_dagrun for my_dag to 2026-03-02 00:00:00+00:00, run_after=2026-03-02 00:00:00+00:00
[2026-10-01T13:14:51.042+0000] {processor.py:208} INFO - Processing /opt/airflow/dags/my_tasks.py took 0.077 seconds
[2026-10-01T13:15:21.219+0000] {processor.py:186} INFO - Started process (PID=296) to work on /opt/airflow/dags/my_tasks.py
[2026-10-01T13:15:21.223+0000] {processor.py:914} INFO - Processing file /opt/airflow/dags/my_tasks.py for tasks to queue
[2026-10-01T13:15:21.225+0000] {logging_mixin.py:190} INFO - [2026-10-01T13:15:21.224+0000] {dagbag.py:588} INFO - Filling up the DagBag from /opt/airflow/dags/my_tasks.py
[2026-10-01T13:15:21.233+0000] {processor.py:925} INFO - DAG(s) 'my_dag' retrieved from /opt/airflow/dags/my_tasks.py
[2026-10-01T13:15:21.257+0000] {logging_mixin.py:190} INFO - [2026-10-01T13:15:21.257+0000] {dag.py:3239} INFO - Sync 1 DAGs
[2026-10-01T13:15:21.278+0000] {logging_mixin.py:190} INFO - [2026-10-01T13:15:21.277+0000] {dag.py:4180} INFO - Setting next_dagrun for my_dag to 2026-03-02 00:00:00+00:00, run_after=2026-03-02 00:00:00+00:00
[2026-10-01T13:15:21.295+0000] {processor.py:208} INFO - Processing /opt/airflow/dags/my_tasks.py took 0.082 seconds
[2026-10-01T13:15:51.484+0000] {processor.py:186} INFO - Started process (PID=307) to work on /opt/airflow/dags/my_tasks.py
[2026-10-01T13:15:51.492+0000] {processor.py:914} INFO - Processing file /opt/airflow/dags/my_tasks.py for tasks to queue
[2026-10-01T13:15:51.494+0000] {logging_mixin.py:190} INFO - [2026-10-01T13:15:51.494+0000] {dagbag.py:588} INFO - Filling up the DagBag from /opt/airflow/dags/my_tasks.py
[2026-10-01T13:15:51.502+0000] {processor.py:925} INFO - DAG(s) 'my_dag' retrieved from /opt/airflow/dags/my_tasks.py
[2026-10-01T13:15:51.521+0000] {logging_mixin.py:190} INFO - [2026-10-01T13:15:51.521+0000] {dag.py:3239} INFO - Sync 1 DAGs
[2026-10-01T13:15:51.537+0000] {logging_mixin.py:190} INFO - [2026-10-01T13:15:51.536+0000] {dag.py:4180} INFO - Setting next_dagrun for my_dag to 2026-03-02 00:00:00+00:00, run_after=2026-03-02 00:00:00+00:00
[2026-10-01T13:15:51.551+0000] {processor.py:208} INFO - Processing /opt/airflow/dags/my_tasks.py took 0.071 seconds
[2026-10-01T13:16:21.746+0000] {processor.py:186} INFO - Started process (PID=318) to work on /opt/airflow/dags/my_tasks.py
[2026-10-01T13:16:21.746+0000] {processor.py:914} INFO - Processing file /opt/airflow/dags/my_tasks.py for tasks to queue
[2026-10-01T13:16:21.748+0000] {logging_mixin.py:190} INFO - [2026-10-01T13:16:21.747+0000] {dagbag.py:588} INFO - Filling up the DagBag from /opt/airflow/dags/my_tasks.py
[2026-10-01T13:16:21.754+0000] {processor.py:925} INFO - DAG(s) 'my_dag' retrieved from /opt/airflow/dags/my_tasks.py
[2026-10-01T13:16:21.772+0000] {logging_mixin.py:190} INFO - [2026-10-01T13:16:21.772+0000] {dag.py:3239} INFO - Sync 1 DAGs
[2026-10-01T13:16:21.791+0000] {logging_mixin.py:190} INFO - [2026-10-01T13:16:21.790+0000] {dag.py:4180} INFO - Setting next_dagrun for my_dag to 2026-03-02 00:00:00+00:00, run_after=2026-03-02 00:00:00+00:00
[2026-10-01T13:16:21.807+0000] {processor.py:208} INFO - Processing /opt/airflow/dags/my_tasks.py took 0.065 seconds
[2026-10-01T13:18:42.652+0000] {processor.py:186} INFO - Started process (PID=186) to work on /opt/airflow/dags/my_tasks.py
[2026-10-01T13:18:42.653+0000] {processor.py:914} INFO - Processing file /opt/airflow/dags/my_tasks.py for tasks to queue
[2026-10-01T13:18:42.655+0000] {logging_mixin.py:190} INFO - [2026-10-01T13:18:42.654+0000] {dagbag.py:588} INFO - Filling up the DagBag from /opt/airflow/dags/my_tasks.py
[2026-10-01T13:18:42.670+0000] {processor.py:925} INFO - DAG(s) 'my_dag' retrieved from /opt/airflow/dags/my_tasks.py
[2026-10-01T13:18:42.706+0000] {logging_mixin.py:190} INFO - [2026-10-01T13:18:42.706+0000] {dag.py:3239} INFO - Sync 1 DAGs
[2026-10-01T13:18:42.727+0000] {logging_mixin.py:190} INFO - [2026-10-01T13:18:42.727+0000] {dag.py:4180} INFO - Setting next_dagrun for my_dag to 2026-03-02 00:00:00+00:00, run_after=2026-03-02 00:00:00+00:00
[2026-10-01T13:18:42.747+0000] {processor.py:208} INFO - Processing /opt/airflow/dags/my_tasks.py took 0.101 seconds
[2026-10-01T13:19:12.876+0000] {processor.py:186} INFO - Started process (PID=197) to work on /opt/airflow/dags/my_tasks.py
[2026-10-01T13:19:12.877+0000] {processor.py:914} INFO - Processing file /opt/airflow/dags/my_tasks.py for tasks to queue
[2026-10-01T13:19:12.878+0000] {logging_mixin.py:190} INFO - [2026-10-01T13:19:12.878+0000] {dagbag.py:588} INFO - Filling up the DagBag from /opt/airflow/dags/my_tasks.py
[2026-10-01T13:19:12.885+0000] {processor.py:925} INFO - DAG(s) 'my_dag' retrieved from /opt/airflow/dags/my_tasks.py
[2026-10-01T13:19:12.904+0000] {logging_mixin.py:190} INFO - [2026-10-01T13:19:12.903+0000] {dag.py:3239} INFO - Sync 1 DAGs
[2026-10-01T13:19:12.920+0000] {logging_mixin.py:190} INFO - [2026-10-01T13:19:12.920+0000] {dag.py:4180} INFO - Setting next_dagrun for my_dag to 2026-03-02 00:00:00+00:00, run_after=2026-03-02 00:00:00+00:00
[2026-10-01T13:19:12.935+0000] {processor.py:208} INFO - Processing /opt/airflow/dags/my_tasks.py took 0.063 seconds
[2026-10-01T13:19:43.128+0000] {processor.py:186} INFO - Started process (PID=208) to work on /opt/airflow/dags/my_tasks.py
[2026-10-01T13:19:43.136+0000] {processor.py:914} INFO - Processing file /opt/airflow/dags/my_tasks.py for tasks to queue
[2026-10-01T13:19:43.138+0000] {logging_mixin.py:190} INFO - [2026-10-01T13:19:43.138+0000] {dagbag.py:588} INFO - Filling up the DagBag from /opt/airflow/dags/my_tasks.py
[2026-10-01T13:19:43.148+0000] {processor.py:925} INFO - DAG(s) 'my_dag' retrieved from /opt/airflow/dags/my_tasks.py
[2026-10-01T13:19:43.167+0000] {logging_mixin.py:190} INFO - [2026-10-01T13:19:43.167+0000] {dag.py:3239} INFO - Sync 1 DAGs
[2026-10-01T13:19:43.184+0000] {logging_mixin.py:190} INFO - [2026-10-01T13:19:43.184+0000] {dag.py:4180} INFO - Setting next_dagrun for my_dag to 2026-03-02 00:00:00+00:00, run_after=2026-03-02 00:00:00+00:00
[2026-10-01T13:19:43.200+0000] {processor.py:208} INFO - Processing /opt/airflow/dags/my_tasks.py took 0.076 seconds
[2026-10-01T13:20:13.409+0000] {processor.py:186} INFO - Started process (PID=219) to work on /opt/airflow/dags/my_tasks.py
[2026-10-01T13:20:13.410+0000] {processor.py:914} INFO - Processing file /opt/airflow/dags/my_tasks.py for tasks to queue
[2026-10-01T13:20:13.411+0000] {logging_mixin.py:190} INFO - [2026-10-01T13:20:13.411+0000] {dagbag.py:588} INFO - Filling up the DagBag from /opt/airflow/dags/my_tasks.py
[2026-10-01T13:20:13.418+0000] {processor.py:925} INFO - DAG(s) 'my_dag' retrieved from /opt/airflow/dags/my_tasks.py
[2026-10-01T13:20:13.437+0000] {logging_mixin.py:190} INFO - [2026-10-01T13:20:13.436+0000] {dag.py:3239} INFO - Sync 1 DAGs
[2026-10-01T13:20:13.452+0000] {logging_mixin.py:190} INFO - [2026-10-01T13:20:13.452+0000] {dag.py:4180} INFO - Setting next_dagrun for my_dag to 2026-03-02 00:00:00+00:00, run_after=2026-03-02 00:00:00+00:00
[2026-10-01T13:20:13.471+0000] {processor.py:208} INFO - Processing /opt/airflow/dags/my_tasks.py took 0.066 seconds
[2026-10-01T13:20:43.666+0000] {processor.py:186} INFO - Started process (PID=236) to work on /opt/airflow/dags/my_tasks.py
[2026-10-01T13:20:43.667+0000] {processor.py:914} INFO - Processing file /opt/airflow/dags/my_tasks.py for tasks to queue
[2026-10-01T13:20:43.669+0000] {logging_mixin.py:190} INFO - [2026-10-01T13:20:43.669+0000] {dagbag.py:588} INFO - Filling up the DagBag from /opt/airflow/dags/my_tasks.py
[2026-10-01T13:20:43.677+0000] {processor.py:925} INFO - DAG(s) 'my_dag' retrieved from /opt/airflow/dags/my_tasks.py
[2026-10-01T13:20:43.696+0000] {logging_mixin.py:190} INFO - [2026-10-01T13:20:43.696+0000] {dag.py:3239} INFO - Sync 1 DAGs
[2026-10-01T13:20:43.715+0000] {logging_mixin.py:190} INFO - [2026-10-01T13:20:43.715+0000] {dag.py:4180} INFO - Setting next_dagrun for my_dag to 2026-03-02 00:00:00+00:00, run_after=2026-03-02 00:00:00+00:00
[2026-10-01T13:20:43.732+0000] {processor.py:208} INFO - Processing /opt/airflow/dags/my_tasks.py took 0.069 seconds
[2026-10-01T13:21:13.904+0000] {processor.py:186} INFO - Started process (PID=247) to work on /opt/airflow/dags/my_tasks.py
[2026-10-01T13:21:13.904+0000] {processor.py:914} INFO - Processing file /opt/airflow/dags/my_tasks.py for tasks to queue
[2026-10-01T13:21:13.906+0000] {logging_mixin.py:190} INFO - [2026-10-01T13:21:13.905+0000] {dagbag.py:588} INFO - Filling up the DagBag from /opt/airflow/dags/my_tasks.py
[2026-10-01T13:21:13.912+0000] {processor.py:925} INFO - DAG(s) 'my_dag' retrieved from /opt/airflow/dags/my_tasks.py
[2026-10-01T13:21:13.929+0000] {logging_mixin.py:190} INFO - [2026-10-01T13:21:13.929+0000] {dag.py:3239} INFO - Sync 1 DAGs
[2026-10-01T13:21:13.945+0000] {logging_mixin.py:190} INFO - [2026-10-01T13:21:13.945+0000] {dag.py:4180} INFO - Setting next_dagrun for my_dag to 2026-03-02 00:00:00+00:00, run_after=2026-03-02 00:00:00+00:00
[2026-10-01T13:21:13.957+0000] {processor.py:208} INFO - Processing /opt/airflow/dags/my_tasks.py took 0.057 seconds
[2026-10-01T13:21:44.169+0000] {processor.py:186} INFO - Started process (PID=258) to work on /opt/airflow/dags/my_tasks.py
[2026-10-01T13:21:44.177+0000] {processor.py:914} INFO - Processing file /opt/airflow/dags/my_tasks.py for tasks to queue
[2026-10-01T13:21:44.179+0000] {logging_mixin.py:190} INFO - [2026-10-01T13:21:44.178+0000] {dagbag.py:588} INFO - Filling up the DagBag from /opt/airflow/dags/my_tasks.py
[2026-10-01T13:21:44.189+0000] {processor.py:925} INFO - DAG(s) 'my_dag' retrieved from /opt/airflow/dags/my_tasks.py
[2026-10-01T13:21:44.207+0000] {logging_mixin.py:190} INFO - [2026-10-01T13:21:44.206+0000] {dag.py:3239} INFO - Sync 1 DAGs
[2026-10-01T13:21:44.222+0000] {logging_mixin.py:190} INFO - [2026-10-01T13:21:44.222+0000] {dag.py:4180} INFO - Setting next_dagrun for my_dag to 2026-03-02 00:00:00+00:00, run_after=2026-03-02 00:00:00+00:00
[2026-10-01T13:21:44.236+0000] {processor.py:208} INFO - Processing /opt/airflow/dags/my_tasks.py took 0.072 seconds
[2026-10-01T13:22:14.444+0000] {processor.py:186} INFO - Started process (PID=269) to work on /opt/airflow/dags/my_tasks.py
[2026-10-01T13:22:14.452+0000] {processor.py:914} INFO - Processing file /opt/airflow/dags/my_tasks.py for tasks to queue
[2026-10-01T13:22:14.454+0000] {logging_mixin.py:190} INFO - [2026-10-01T13:22:14.454+0000] {dagbag.py:588} INFO - Filling up the DagBag from /opt/airflow/dags/my_tasks.py
[2026-10-01T13:22:14.463+0000] {processor.py:925} INFO - DAG(s) 'my_dag' retrieved from /opt/airflow/dags/my_tasks.py
[2026-10-01T13:22:14.481+0000] {logging_mixin.py:190} INFO - [2026-10-01T13:22:14.481+0000] {dag.py:3239} INFO - Sync 1 DAGs
[2026-10-01T13:22:14.498+0000] {logging_mixin.py:190} INFO - [2026-10-01T13:22:14.497+0000] {dag.py:4180} INFO - Setting next_dagrun for my_dag to 2026-03-02 00:00:00+00:00, run_after=2026-03-02 00:00:00+00:00
[2026-10-01T13:22:14.512+0000] {processor.py:208} INFO - Processing /opt/airflow/dags/my_tasks.py took 0.072 seconds
[2026-10-01T13:22:44.706+0000] {processor.py:186} INFO - Started process (PID=280) to work on /opt/airflow/dags/my_tasks.py
[2026-10-01T13:22:44.713+0000] {processor.py:914} INFO - Processing file /opt/airflow/dags/my_tasks.py for tasks to queue
[2026-10-01T13:22:44.715+0000] {logging_mixin.py:190} INFO - [2026-10-01T13:22:44.715+0000] {dagbag.py:588} INFO - Filling up the DagBag from /opt/airflow/dags/my_tasks.py
[2026-10-01T13:22:44.724+0000] {processor.py:925} INFO - DAG(s) 'my_dag' retrieved from /opt/airflow/dags/my_tasks.py
[2026-10-01T13:22:44.742+0000] {logging_mixin.py:190} INFO - [2026-10-01T13:22:44.742+0000] {dag.py:3239} INFO - Sync 1 DAGs
[2026-10-01T13:22:44.758+0000] {logging_mixin.py:190} INFO - [2026-10-01T13:22:44.758+0000] {dag.py:4180} INFO - Setting next_dagrun for my_dag to 2026-03-02 00:00:00+00:00, run_after=2026-03-02 00:00:00+00:00
[2026-10-01T13:22:44.772+0000] {processor.py:208} INFO - Processing /opt/airflow/dags/my_tasks.py took 0.070 seconds
[2026-10-01T13:23:14.951+0000] {processor.py:186} INFO - Started process (PID=291) to work on /opt/airflow/dags/my_tasks.py
[2026-10-01T13:23:14.960+0000] {processor.py:914} INFO - Processing file /opt/airflow/dags/my_tasks.py for tasks to queue
[2026-10-01T13:23:14.962+0000] {logging_mixin.py:190} INFO - [2026-10-01T13:23:14.961+0000] {dagbag.py:588} INFO - Filling up the DagBag from /opt/airflow/dags/my_tasks.py
[2026-10-01T13:23:14.971+0000] {processor.py:925} INFO - DAG(s) 'my_dag' retrieved from /opt/airflow/dags/my_tasks.py
[2026-10-01T13:23:14.990+0000] {logging_mixin.py:190} INFO - [2026-10-01T13:23:14.990+0000] {dag.py:3239} INFO - Sync 1 DAGs
[2026-10-01T13:23:15.005+0000] {logging_mixin.py:190} INFO - [2026-10-01T13:23:15.005+0000] {dag.py:4180} INFO - Setting next_dagrun for my_dag to 2026-03-02 00:00:00+00:00, run_after=2026-03-02 00:00:00+00:00
[2026-10-01T13:23:15.037+0000] {processor.py:208} INFO - Processing /opt/airflow/dags/my_tasks.py took 0.091 seconds
[2026-10-01T13:23:45.218+0000] {processor.py:186} INFO - Started process (PID=302) to work on /opt/airflow/dags/my_tasks.py
[2026-10-01T13:23:45.219+0000] {processor.py:914} INFO - Processing file /opt/airflow/dags/my_tasks.py for tasks to queue
[2026-10-01T13:23:45.221+0000] {logging_mixin.py:190} INFO - [2026-10-01T13:23:45.220+0000] {dagbag.py:588} INFO - Filling up the DagBag from /opt/airflow/dags/my_tasks.py
[2026-10-01T13:23:45.227+0000] {processor.py:925} INFO - DAG(s) 'my_dag' retrieved from /opt/airflow/dags/my_tasks.py
[2026-10-01T13:23:45.245+0000] {logging_mixin.py:190} INFO - [2026-10-01T13:23:45.244+0000] {dag.py:3239} INFO - Sync 1 DAGs
[2026-10-01T13:23:45.260+0000] {logging_mixin.py:190} INFO - [2026-10-01T13:23:45.260+0000] {dag.py:4180} INFO - Setting next_dagrun for my_dag to 2026-03-02 00:00:00+00:00, run_after=2026-03-02 00:00:00+00:00
[2026-10-01T13:23:45.275+0000] {processor.py:208} INFO - Processing /opt/airflow/dags/my_tasks.py took 0.060 seconds
[2026-10-01T13:24:15.483+0000] {processor.py:186} INFO - Started process (PID=313) to work on /opt/airflow/dags/my_tasks.py
[2026-10-01T13:24:15.491+0000] {processor.py:914} INFO - Processing file /opt/airflow/dags/my_tasks.py for tasks to queue
[2026-10-01T13:24:15.492+0000] {logging_mixin.py:190} INFO - [2026-10-01T13:24:15.492+0000] {dagbag.py:588} INFO - Filling up the DagBag from /opt/airflow/dags/my_tasks.py
[2026-10-01T13:24:15.501+0000] {processor.py:925} INFO - DAG(s) 'my_dag' retrieved from /opt/airflow/dags/my_tasks.py
[2026-10-01T13:24:15.519+0000] {logging_mixin.py:190} INFO - [2026-10-01T13:24:15.519+0000] {dag.py:3239} INFO - Sync 1 DAGs
[2026-10-01T13:24:15.537+0000] {logging_mixin.py:190} INFO - [2026-10-01T13:24:15.536+0000] {dag.py:4180} INFO - Setting next_dagrun for my_dag to 2026-03-02 00:00:00+00:00, run_after=2026-03-02 00:00:00+00:00
[2026-10-01T13:24:15.552+0000] {processor.py:208} INFO - Processing /opt/airflow/dags/my_tasks.py took 0.073 seconds
[2026-10-01T13:24:45.756+0000] {processor.py:186} INFO - Started process (PID=324) to work on /opt/airflow/dags/my_tasks.py
[2026-10-01T13:24:45.756+0000] {processor.py:914} INFO - Processing file /opt/airflow/dags/my_tasks.py for tasks to queue
[2026-10-01T13:24:45.757+0000] {logging_mixin.py:190} INFO - [2026-10-01T13:24:45.757+0000] {dagbag.py:588} INFO - Filling up the DagBag from /opt/airflow/dags/my_tasks.py
[2026-10-01T13:24:45.764+0000] {processor.py:925} INFO - DAG(s) 'my_dag' retrieved from /opt/airflow/dags/my_tasks.py
[2026-10-01T13:24:45.782+0000] {logging_mixin.py:190} INFO - [2026-10-01T13:24:45.782+0000] {dag.py:3239} INFO - Sync 1 DAGs
[2026-10-01T13:24:45.797+0000] {logging_mixin.py:190} INFO - [2026-10-01T13:24:45.797+0000] {dag.py:4180} INFO - Setting next_dagrun for my_dag to 2026-03-02 00:00:00+00:00, run_after=2026-03-02 00:00:00+00:00
[2026-10-01T13:24:45.811+0000] {processor.py:208} INFO - Processing /opt/airflow/dags/my_tasks.py took 0.060 seconds
[2026-10-01T13:25:16.012+0000] {processor.py:186} INFO - Started process (PID=335) to work on /opt/airflow/dags/my_tasks.py
[2026-10-01T13:25:16.020+0000] {processor.py:914} INFO - Processing file /opt/airflow/dags/my_tasks.py for tasks to queue
[2026-10-01T13:25:16.022+0000] {logging_mixin.py:190} INFO - [2026-10-01T13:25:16.022+0000] {dagbag.py:588} INFO - Filling up the DagBag from /opt/airflow/dags/my_tasks.py
[2026-10-01T13:25:16.030+0000] {processor.py:925} INFO - DAG(s) 'my_dag' retrieved from /opt/airflow/dags/my_tasks.py
[2026-10-01T13:25:16.050+0000] {logging_mixin.py:190} INFO - [2026-10-01T13:25:16.050+0000] {dag.py:3239} INFO - Sync 1 DAGs
[2026-10-01T13:25:16.066+0000] {logging_mixin.py:190} INFO - [2026-10-01T13:25:16.066+0000] {dag.py:4180} INFO - Setting next_dagrun for my_dag to 2026-03-02 00:00:00+00:00, run_after=2026-03-02 00:00:00+00:00
[2026-10-01T13:25:16.082+0000] {processor.py:208} INFO - Processing /opt/airflow/dags/my_tasks.py took 0.073 seconds
[2026-10-01T13:25:46.278+0000] {processor.py:186} INFO - Started process (PID=346) to work on /opt/airflow/dags/my_tasks.py
[2026-10-01T13:25:46.280+0000] {processor.py:914} INFO - Processing file /opt/airflow/dags/my_tasks.py for tasks to queue
[2026-10-01T13:25:46.282+0000] {logging_mixin.py:190} INFO - [2026-10-01T13:25:46.282+0000] {dagbag.py:588} INFO - Filling up the DagBag from /opt/airflow/dags/my_tasks.py
[2026-10-01T13:25:46.289+0000] {processor.py:925} INFO - DAG(s) 'my_dag' retrieved from /opt/airflow/dags/my_tasks.py
[2026-10-01T13:25:46.306+0000] {logging_mixin.py:190} INFO - [2026-10-01T13:25:46.306+0000] {dag.py:3239} INFO - Sync 1 DAGs
[2026-10-01T13:25:46.322+0000] {logging_mixin.py:190} INFO - [2026-10-01T13:25:46.322+0000] {dag.py:4180} INFO - Setting next_dagrun for my_dag to 2026-03-02 00:00:00+00:00, run_after=2026-03-02 00:00:00+00:00
[2026-10-01T13:25:46.341+0000] {processor.py:208} INFO - Processing /opt/airflow/dags/my_tasks.py took 0.067 seconds
[2026-10-01T13:26:16.573+0000] {processor.py:186} INFO - Started process (PID=357) to work on /opt/airflow/dags/my_tasks.py
[2026-10-01T13:26:16.574+0000] {processor.py:914} INFO - Processing file /opt/airflow/dags/my_tasks.py for tasks to queue
[2026-10-01T13:26:16.576+0000] {logging_mixin.py:190} INFO - [2026-10-01T13:26:16.576+0000] {dagbag.py:588} INFO - Filling up the DagBag from /opt/airflow/dags/my_tasks.py
[2026-10-01T13:26:16.583+0000] {processor.py:925} INFO - DAG(s) 'my_dag' retrieved from /opt/airflow/dags/my_tasks.py
[2026-10-01T13:26:16.603+0000] {logging_mixin.py:190} INFO - [2026-10-01T13:26:16.603+0000] {dag.py:3239} INFO - Sync 1 DAGs
[2026-10-01T13:26:16.619+0000] {logging_mixin.py:190} INFO - [2026-10-01T13:26:16.619+0000] {dag.py:4180} INFO - Setting next_dagrun for my_dag to 2026-03-02 00:00:00+00:00, run_after=2026-03-02 00:00:00+00:00
[2026-10-01T13:26:16.635+0000] {processor.py:208} INFO - Processing /opt/airflow/dags/my_tasks.py took 0.067 seconds
[2026-10-01T13:26:46.816+0000] {processor.py:186} INFO - Started process (PID=368) to work on /opt/airflow/dags/my_tasks.py
[2026-10-01T13:26:46.824+0000] {processor.py:914} INFO - Processing file /opt/airflow/dags/my_tasks.py for tasks to queue
[2026-10-01T13:26:46.827+0000] {logging_mixin.py:190} INFO - [2026-10-01T13:26:46.827+0000] {dagbag.py:588} INFO - Filling up the DagBag from /opt/airflow/dags/my_tasks.py
[2026-10-01T13:26:46.837+0000] {processor.py:925} INFO - DAG(s) 'my_dag' retrieved from /opt/airflow/dags/my_tasks.py
[2026-10-01T13:26:48.146+0000] {processor.py:211} ERROR - Got an exception! Propagating...
Traceback (most recent call last):
  File "/home/airflow/.local/lib/python3.12/site-packages/sqlalchemy/engine/base.py", line 3371, in _wrap_pool_connect
    return fn()
           ^^^^
  File "/home/airflow/.local/lib/python3.12/site-packages/sqlalchemy/pool/base.py", line 327, in connect
    return _ConnectionFairy._checkout(self)
           ^^^^^^^^^^^^^^^^^^^^^^^^^^^^^^^^
  File "/home/airflow/.local/lib/python3.12/site-packages/sqlalchemy/pool/base.py", line 894, in _checkout
    fairy = _ConnectionRecord.checkout(pool)
            ^^^^^^^^^^^^^^^^^^^^^^^^^^^^^^^^
  File "/home/airflow/.local/lib/python3.12/site-packages/sqlalchemy/pool/base.py", line 493, in checkout
    rec = pool._do_get()
          ^^^^^^^^^^^^^^
  File "/home/airflow/.local/lib/python3.12/site-packages/sqlalchemy/pool/impl.py", line 145, in _do_get
    with util.safe_reraise():
         ^^^^^^^^^^^^^^^^^^^
  File "/home/airflow/.local/lib/python3.12/site-packages/sqlalchemy/util/langhelpers.py", line 70, in __exit__
    compat.raise_(
  File "/home/airflow/.local/lib/python3.12/site-packages/sqlalchemy/util/compat.py", line 211, in raise_
    raise exception
  File "/home/airflow/.local/lib/python3.12/site-packages/sqlalchemy/pool/impl.py", line 143, in _do_get
    return self._create_connection()
           ^^^^^^^^^^^^^^^^^^^^^^^^^
  File "/home/airflow/.local/lib/python3.12/site-packages/sqlalchemy/pool/base.py", line 273, in _create_connection
    return _ConnectionRecord(self)
           ^^^^^^^^^^^^^^^^^^^^^^^
  File "/home/airflow/.local/lib/python3.12/site-packages/sqlalchemy/pool/base.py", line 388, in __init__
    self.__connect()
  File "/home/airflow/.local/lib/python3.12/site-packages/sqlalchemy/pool/base.py", line 690, in __connect
    with util.safe_reraise():
         ^^^^^^^^^^^^^^^^^^^
  File "/home/airflow/.local/lib/python3.12/site-packages/sqlalchemy/util/langhelpers.py", line 70, in __exit__
    compat.raise_(
  File "/home/airflow/.local/lib/python3.12/site-packages/sqlalchemy/util/compat.py", line 211, in raise_
    raise exception
  File "/home/airflow/.local/lib/python3.12/site-packages/sqlalchemy/pool/base.py", line 686, in __connect
    self.dbapi_connection = connection = pool._invoke_creator(self)
                                         ^^^^^^^^^^^^^^^^^^^^^^^^^^
  File "/home/airflow/.local/lib/python3.12/site-packages/sqlalchemy/engine/create.py", line 574, in connect
    return dialect.connect(*cargs, **cparams)
           ^^^^^^^^^^^^^^^^^^^^^^^^^^^^^^^^^^
  File "/home/airflow/.local/lib/python3.12/site-packages/sqlalchemy/engine/default.py", line 598, in connect
    return self.dbapi.connect(*cargs, **cparams)
           ^^^^^^^^^^^^^^^^^^^^^^^^^^^^^^^^^^^^^
  File "/home/airflow/.local/lib/python3.12/site-packages/psycopg2/__init__.py", line 122, in connect
    conn = _connect(dsn, connection_factory=connection_factory, **kwasync)
           ^^^^^^^^^^^^^^^^^^^^^^^^^^^^^^^^^^^^^^^^^^^^^^^^^^^^^^^^^^^^^^^
psycopg2.OperationalError: connection to server at "postgres_airflow_service" (172.18.0.2), port 5432 failed: FATAL:  could not open file "global/pg_filenode.map": No such file or directory


The above exception was the direct cause of the following exception:

Traceback (most recent call last):
  File "/home/airflow/.local/lib/python3.12/site-packages/airflow/dag_processing/processor.py", line 207, in _run_file_processor
    _handle_dag_file_processing()
  File "/home/airflow/.local/lib/python3.12/site-packages/airflow/dag_processing/processor.py", line 188, in _handle_dag_file_processing
    result: tuple[int, int, int] = dag_file_processor.process_file(
                                   ^^^^^^^^^^^^^^^^^^^^^^^^^^^^^^^^
  File "/home/airflow/.local/lib/python3.12/site-packages/airflow/utils/session.py", line 97, in wrapper
    return func(*args, session=session, **kwargs)
           ^^^^^^^^^^^^^^^^^^^^^^^^^^^^^^^^^^^^^^
  File "/home/airflow/.local/lib/python3.12/site-packages/airflow/dag_processing/processor.py", line 942, in process_file
    serialize_errors = DagFileProcessor.save_dag_to_db(
                       ^^^^^^^^^^^^^^^^^^^^^^^^^^^^^^^^
  File "/home/airflow/.local/lib/python3.12/site-packages/airflow/api_internal/internal_api_call.py", line 166, in wrapper
    return func(*args, **kwargs)
           ^^^^^^^^^^^^^^^^^^^^^
  File "/home/airflow/.local/lib/python3.12/site-packages/airflow/utils/session.py", line 97, in wrapper
    return func(*args, session=session, **kwargs)
           ^^^^^^^^^^^^^^^^^^^^^^^^^^^^^^^^^^^^^^
  File "/home/airflow/.local/lib/python3.12/site-packages/airflow/dag_processing/processor.py", line 982, in save_dag_to_db
    import_errors = DagBag._sync_to_db(dags=dags, processor_subdir=dag_directory, session=session)
                    ^^^^^^^^^^^^^^^^^^^^^^^^^^^^^^^^^^^^^^^^^^^^^^^^^^^^^^^^^^^^^^^^^^^^^^^^^^^^^^
  File "/home/airflow/.local/lib/python3.12/site-packages/airflow/utils/session.py", line 94, in wrapper
    return func(*args, **kwargs)
           ^^^^^^^^^^^^^^^^^^^^^
  File "/home/airflow/.local/lib/python3.12/site-packages/airflow/models/dagbag.py", line 708, in _sync_to_db
    for attempt in run_with_db_retries(logger=log):
                   ^^^^^^^^^^^^^^^^^^^^^^^^^^^^^^^
  File "/home/airflow/.local/lib/python3.12/site-packages/tenacity/__init__.py", line 443, in __iter__
    do = self.iter(retry_state=retry_state)
         ^^^^^^^^^^^^^^^^^^^^^^^^^^^^^^^^^^
  File "/home/airflow/.local/lib/python3.12/site-packages/tenacity/__init__.py", line 376, in iter
    result = action(retry_state)
             ^^^^^^^^^^^^^^^^^^^
  File "/home/airflow/.local/lib/python3.12/site-packages/tenacity/__init__.py", line 418, in exc_check
    raise retry_exc.reraise()
          ^^^^^^^^^^^^^^^^^^^
  File "/home/airflow/.local/lib/python3.12/site-packages/tenacity/__init__.py", line 185, in reraise
    raise self.last_attempt.result()
          ^^^^^^^^^^^^^^^^^^^^^^^^^^
  File "/usr/local/lib/python3.12/concurrent/futures/_base.py", line 449, in result
    return self.__get_result()
           ^^^^^^^^^^^^^^^^^^^
  File "/usr/local/lib/python3.12/concurrent/futures/_base.py", line 401, in __get_result
    raise self._exception
  File "/home/airflow/.local/lib/python3.12/site-packages/airflow/models/dagbag.py", line 721, in _sync_to_db
    _serialize_dag_capturing_errors(dag, session, processor_subdir)
  File "/home/airflow/.local/lib/python3.12/site-packages/airflow/models/dagbag.py", line 686, in _serialize_dag_capturing_errors
    dag_was_updated = SerializedDagModel.write_dag(
                      ^^^^^^^^^^^^^^^^^^^^^^^^^^^^^
  File "/home/airflow/.local/lib/python3.12/site-packages/airflow/utils/session.py", line 94, in wrapper
    return func(*args, **kwargs)
           ^^^^^^^^^^^^^^^^^^^^^
  File "/home/airflow/.local/lib/python3.12/site-packages/airflow/models/serialized_dag.py", line 160, in write_dag
    if session.scalar(
       ^^^^^^^^^^^^^^^
  File "/home/airflow/.local/lib/python3.12/site-packages/sqlalchemy/orm/session.py", line 1747, in scalar
    return self.execute(
           ^^^^^^^^^^^^^
  File "/home/airflow/.local/lib/python3.12/site-packages/sqlalchemy/orm/session.py", line 1716, in execute
    conn = self._connection_for_bind(bind)
           ^^^^^^^^^^^^^^^^^^^^^^^^^^^^^^^
  File "/home/airflow/.local/lib/python3.12/site-packages/sqlalchemy/orm/session.py", line 1555, in _connection_for_bind
    return self._transaction._connection_for_bind(
           ^^^^^^^^^^^^^^^^^^^^^^^^^^^^^^^^^^^^^^^
  File "/home/airflow/.local/lib/python3.12/site-packages/sqlalchemy/orm/session.py", line 750, in _connection_for_bind
    conn = bind.connect()
           ^^^^^^^^^^^^^^
  File "/home/airflow/.local/lib/python3.12/site-packages/sqlalchemy/future/engine.py", line 412, in connect
    return super(Engine, self).connect()
           ^^^^^^^^^^^^^^^^^^^^^^^^^^^^^
  File "/home/airflow/.local/lib/python3.12/site-packages/sqlalchemy/engine/base.py", line 3325, in connect
    return self._connection_cls(self, close_with_result=close_with_result)
           ^^^^^^^^^^^^^^^^^^^^^^^^^^^^^^^^^^^^^^^^^^^^^^^^^^^^^^^^^^^^^^^
  File "/home/airflow/.local/lib/python3.12/site-packages/sqlalchemy/engine/base.py", line 96, in __init__
    else engine.raw_connection()
         ^^^^^^^^^^^^^^^^^^^^^^^
  File "/home/airflow/.local/lib/python3.12/site-packages/sqlalchemy/engine/base.py", line 3404, in raw_connection
    return self._wrap_pool_connect(self.pool.connect, _connection)
           ^^^^^^^^^^^^^^^^^^^^^^^^^^^^^^^^^^^^^^^^^^^^^^^^^^^^^^^
  File "/home/airflow/.local/lib/python3.12/site-packages/sqlalchemy/engine/base.py", line 3374, in _wrap_pool_connect
    Connection._handle_dbapi_exception_noconnection(
  File "/home/airflow/.local/lib/python3.12/site-packages/sqlalchemy/engine/base.py", line 2208, in _handle_dbapi_exception_noconnection
    util.raise_(
  File "/home/airflow/.local/lib/python3.12/site-packages/sqlalchemy/util/compat.py", line 211, in raise_
    raise exception
  File "/home/airflow/.local/lib/python3.12/site-packages/sqlalchemy/engine/base.py", line 3371, in _wrap_pool_connect
    return fn()
           ^^^^
  File "/home/airflow/.local/lib/python3.12/site-packages/sqlalchemy/pool/base.py", line 327, in connect
    return _ConnectionFairy._checkout(self)
           ^^^^^^^^^^^^^^^^^^^^^^^^^^^^^^^^
  File "/home/airflow/.local/lib/python3.12/site-packages/sqlalchemy/pool/base.py", line 894, in _checkout
    fairy = _ConnectionRecord.checkout(pool)
            ^^^^^^^^^^^^^^^^^^^^^^^^^^^^^^^^
  File "/home/airflow/.local/lib/python3.12/site-packages/sqlalchemy/pool/base.py", line 493, in checkout
    rec = pool._do_get()
          ^^^^^^^^^^^^^^
  File "/home/airflow/.local/lib/python3.12/site-packages/sqlalchemy/pool/impl.py", line 145, in _do_get
    with util.safe_reraise():
         ^^^^^^^^^^^^^^^^^^^
  File "/home/airflow/.local/lib/python3.12/site-packages/sqlalchemy/util/langhelpers.py", line 70, in __exit__
    compat.raise_(
  File "/home/airflow/.local/lib/python3.12/site-packages/sqlalchemy/util/compat.py", line 211, in raise_
    raise exception
  File "/home/airflow/.local/lib/python3.12/site-packages/sqlalchemy/pool/impl.py", line 143, in _do_get
    return self._create_connection()
           ^^^^^^^^^^^^^^^^^^^^^^^^^
  File "/home/airflow/.local/lib/python3.12/site-packages/sqlalchemy/pool/base.py", line 273, in _create_connection
    return _ConnectionRecord(self)
           ^^^^^^^^^^^^^^^^^^^^^^^
  File "/home/airflow/.local/lib/python3.12/site-packages/sqlalchemy/pool/base.py", line 388, in __init__
    self.__connect()
  File "/home/airflow/.local/lib/python3.12/site-packages/sqlalchemy/pool/base.py", line 690, in __connect
    with util.safe_reraise():
         ^^^^^^^^^^^^^^^^^^^
  File "/home/airflow/.local/lib/python3.12/site-packages/sqlalchemy/util/langhelpers.py", line 70, in __exit__
    compat.raise_(
  File "/home/airflow/.local/lib/python3.12/site-packages/sqlalchemy/util/compat.py", line 211, in raise_
    raise exception
  File "/home/airflow/.local/lib/python3.12/site-packages/sqlalchemy/pool/base.py", line 686, in __connect
    self.dbapi_connection = connection = pool._invoke_creator(self)
                                         ^^^^^^^^^^^^^^^^^^^^^^^^^^
  File "/home/airflow/.local/lib/python3.12/site-packages/sqlalchemy/engine/create.py", line 574, in connect
    return dialect.connect(*cargs, **cparams)
           ^^^^^^^^^^^^^^^^^^^^^^^^^^^^^^^^^^
  File "/home/airflow/.local/lib/python3.12/site-packages/sqlalchemy/engine/default.py", line 598, in connect
    return self.dbapi.connect(*cargs, **cparams)
           ^^^^^^^^^^^^^^^^^^^^^^^^^^^^^^^^^^^^^
  File "/home/airflow/.local/lib/python3.12/site-packages/psycopg2/__init__.py", line 122, in connect
    conn = _connect(dsn, connection_factory=connection_factory, **kwasync)
           ^^^^^^^^^^^^^^^^^^^^^^^^^^^^^^^^^^^^^^^^^^^^^^^^^^^^^^^^^^^^^^^
sqlalchemy.exc.OperationalError: (psycopg2.OperationalError) connection to server at "postgres_airflow_service" (172.18.0.2), port 5432 failed: FATAL:  could not open file "global/pg_filenode.map": No such file or directory

(Background on this error at: https://sqlalche.me/e/14/e3q8)
[2026-10-01T13:29:09.403+0000] {processor.py:186} INFO - Started process (PID=190) to work on /opt/airflow/dags/my_tasks.py
[2026-10-01T13:29:09.411+0000] {processor.py:914} INFO - Processing file /opt/airflow/dags/my_tasks.py for tasks to queue
[2026-10-01T13:29:09.413+0000] {logging_mixin.py:190} INFO - [2026-10-01T13:29:09.413+0000] {dagbag.py:588} INFO - Filling up the DagBag from /opt/airflow/dags/my_tasks.py
[2026-10-01T13:29:09.432+0000] {processor.py:925} INFO - DAG(s) 'my_dag' retrieved from /opt/airflow/dags/my_tasks.py
[2026-10-01T13:29:09.697+0000] {logging_mixin.py:190} INFO - [2026-10-01T13:29:09.695+0000] {override.py:1912} INFO - Created Permission View: can read on DAG:my_dag
[2026-10-01T13:29:09.709+0000] {logging_mixin.py:190} INFO - [2026-10-01T13:29:09.709+0000] {override.py:1912} INFO - Created Permission View: can delete on DAG:my_dag
[2026-10-01T13:29:09.717+0000] {logging_mixin.py:190} INFO - [2026-10-01T13:29:09.716+0000] {override.py:1912} INFO - Created Permission View: can edit on DAG:my_dag
[2026-10-01T13:29:09.726+0000] {logging_mixin.py:190} INFO - [2026-10-01T13:29:09.726+0000] {override.py:1912} INFO - Created Permission View: can read on DAG Run:my_dag
[2026-10-01T13:29:09.733+0000] {logging_mixin.py:190} INFO - [2026-10-01T13:29:09.733+0000] {override.py:1912} INFO - Created Permission View: menu access on DAG Run:my_dag
[2026-10-01T13:29:09.740+0000] {logging_mixin.py:190} INFO - [2026-10-01T13:29:09.740+0000] {override.py:1912} INFO - Created Permission View: can delete on DAG Run:my_dag
[2026-10-01T13:29:09.753+0000] {logging_mixin.py:190} INFO - [2026-10-01T13:29:09.753+0000] {override.py:1912} INFO - Created Permission View: can create on DAG Run:my_dag
[2026-10-01T13:29:09.753+0000] {logging_mixin.py:190} INFO - [2026-10-01T13:29:09.753+0000] {dag.py:3239} INFO - Sync 1 DAGs
[2026-10-01T13:29:09.762+0000] {logging_mixin.py:190} INFO - [2026-10-01T13:29:09.762+0000] {dag.py:3262} INFO - Creating ORM DAG for my_dag
[2026-10-01T13:29:09.770+0000] {logging_mixin.py:190} INFO - [2026-10-01T13:29:09.770+0000] {dag.py:4180} INFO - Setting next_dagrun for my_dag to 2026-03-02 00:00:00+00:00, run_after=2026-03-02 00:00:00+00:00
[2026-10-01T13:29:09.783+0000] {processor.py:208} INFO - Processing /opt/airflow/dags/my_tasks.py took 0.386 seconds
[2026-10-01T13:29:39.960+0000] {processor.py:186} INFO - Started process (PID=201) to work on /opt/airflow/dags/my_tasks.py
[2026-10-01T13:29:39.961+0000] {processor.py:914} INFO - Processing file /opt/airflow/dags/my_tasks.py for tasks to queue
[2026-10-01T13:29:39.963+0000] {logging_mixin.py:190} INFO - [2026-10-01T13:29:39.963+0000] {dagbag.py:588} INFO - Filling up the DagBag from /opt/airflow/dags/my_tasks.py
[2026-10-01T13:29:39.971+0000] {processor.py:925} INFO - DAG(s) 'my_dag' retrieved from /opt/airflow/dags/my_tasks.py
[2026-10-01T13:29:39.991+0000] {logging_mixin.py:190} INFO - [2026-10-01T13:29:39.991+0000] {dag.py:3239} INFO - Sync 1 DAGs
[2026-10-01T13:29:40.010+0000] {logging_mixin.py:190} INFO - [2026-10-01T13:29:40.010+0000] {dag.py:4180} INFO - Setting next_dagrun for my_dag to 2026-03-02 00:00:00+00:00, run_after=2026-03-02 00:00:00+00:00
[2026-10-01T13:29:40.025+0000] {processor.py:208} INFO - Processing /opt/airflow/dags/my_tasks.py took 0.073 seconds
[2026-10-01T13:30:10.216+0000] {processor.py:186} INFO - Started process (PID=212) to work on /opt/airflow/dags/my_tasks.py
[2026-10-01T13:30:10.216+0000] {processor.py:914} INFO - Processing file /opt/airflow/dags/my_tasks.py for tasks to queue
[2026-10-01T13:30:10.218+0000] {logging_mixin.py:190} INFO - [2026-10-01T13:30:10.218+0000] {dagbag.py:588} INFO - Filling up the DagBag from /opt/airflow/dags/my_tasks.py
[2026-10-01T13:30:10.224+0000] {processor.py:925} INFO - DAG(s) 'my_dag' retrieved from /opt/airflow/dags/my_tasks.py
[2026-10-01T13:30:10.244+0000] {logging_mixin.py:190} INFO - [2026-10-01T13:30:10.243+0000] {dag.py:3239} INFO - Sync 1 DAGs
[2026-10-01T13:30:10.260+0000] {logging_mixin.py:190} INFO - [2026-10-01T13:30:10.260+0000] {dag.py:4180} INFO - Setting next_dagrun for my_dag to 2026-03-02 00:00:00+00:00, run_after=2026-03-02 00:00:00+00:00
[2026-10-01T13:30:10.277+0000] {processor.py:208} INFO - Processing /opt/airflow/dags/my_tasks.py took 0.065 seconds
[2026-10-01T13:30:40.488+0000] {processor.py:186} INFO - Started process (PID=223) to work on /opt/airflow/dags/my_tasks.py
[2026-10-01T13:30:40.488+0000] {processor.py:914} INFO - Processing file /opt/airflow/dags/my_tasks.py for tasks to queue
[2026-10-01T13:30:40.490+0000] {logging_mixin.py:190} INFO - [2026-10-01T13:30:40.490+0000] {dagbag.py:588} INFO - Filling up the DagBag from /opt/airflow/dags/my_tasks.py
[2026-10-01T13:30:40.498+0000] {processor.py:925} INFO - DAG(s) 'my_dag' retrieved from /opt/airflow/dags/my_tasks.py
[2026-10-01T13:30:40.516+0000] {logging_mixin.py:190} INFO - [2026-10-01T13:30:40.516+0000] {dag.py:3239} INFO - Sync 1 DAGs
[2026-10-01T13:30:40.531+0000] {logging_mixin.py:190} INFO - [2026-10-01T13:30:40.531+0000] {dag.py:4180} INFO - Setting next_dagrun for my_dag to 2026-03-02 00:00:00+00:00, run_after=2026-03-02 00:00:00+00:00
[2026-10-01T13:30:40.545+0000] {processor.py:208} INFO - Processing /opt/airflow/dags/my_tasks.py took 0.061 seconds
[2026-10-01T13:31:10.777+0000] {processor.py:186} INFO - Started process (PID=234) to work on /opt/airflow/dags/my_tasks.py
[2026-10-01T13:31:10.778+0000] {processor.py:914} INFO - Processing file /opt/airflow/dags/my_tasks.py for tasks to queue
[2026-10-01T13:31:10.779+0000] {logging_mixin.py:190} INFO - [2026-10-01T13:31:10.779+0000] {dagbag.py:588} INFO - Filling up the DagBag from /opt/airflow/dags/my_tasks.py
[2026-10-01T13:31:10.786+0000] {processor.py:925} INFO - DAG(s) 'my_dag' retrieved from /opt/airflow/dags/my_tasks.py
[2026-10-01T13:31:10.804+0000] {logging_mixin.py:190} INFO - [2026-10-01T13:31:10.804+0000] {dag.py:3239} INFO - Sync 1 DAGs
[2026-10-01T13:31:10.819+0000] {logging_mixin.py:190} INFO - [2026-10-01T13:31:10.819+0000] {dag.py:4180} INFO - Setting next_dagrun for my_dag to 2026-03-02 00:00:00+00:00, run_after=2026-03-02 00:00:00+00:00
[2026-10-01T13:31:10.835+0000] {processor.py:208} INFO - Processing /opt/airflow/dags/my_tasks.py took 0.062 seconds
[2026-10-01T13:31:41.046+0000] {processor.py:186} INFO - Started process (PID=245) to work on /opt/airflow/dags/my_tasks.py
[2026-10-01T13:31:41.046+0000] {processor.py:914} INFO - Processing file /opt/airflow/dags/my_tasks.py for tasks to queue
[2026-10-01T13:31:41.048+0000] {logging_mixin.py:190} INFO - [2026-10-01T13:31:41.048+0000] {dagbag.py:588} INFO - Filling up the DagBag from /opt/airflow/dags/my_tasks.py
[2026-10-01T13:31:41.055+0000] {processor.py:925} INFO - DAG(s) 'my_dag' retrieved from /opt/airflow/dags/my_tasks.py
[2026-10-01T13:31:41.074+0000] {logging_mixin.py:190} INFO - [2026-10-01T13:31:41.074+0000] {dag.py:3239} INFO - Sync 1 DAGs
[2026-10-01T13:31:41.090+0000] {logging_mixin.py:190} INFO - [2026-10-01T13:31:41.090+0000] {dag.py:4180} INFO - Setting next_dagrun for my_dag to 2026-03-02 00:00:00+00:00, run_after=2026-03-02 00:00:00+00:00
[2026-10-01T13:31:41.105+0000] {processor.py:208} INFO - Processing /opt/airflow/dags/my_tasks.py took 0.063 seconds
[2026-10-01T13:32:11.324+0000] {processor.py:186} INFO - Started process (PID=256) to work on /opt/airflow/dags/my_tasks.py
[2026-10-01T13:32:11.332+0000] {processor.py:914} INFO - Processing file /opt/airflow/dags/my_tasks.py for tasks to queue
[2026-10-01T13:32:11.336+0000] {logging_mixin.py:190} INFO - [2026-10-01T13:32:11.335+0000] {dagbag.py:588} INFO - Filling up the DagBag from /opt/airflow/dags/my_tasks.py
[2026-10-01T13:32:11.346+0000] {processor.py:925} INFO - DAG(s) 'my_dag' retrieved from /opt/airflow/dags/my_tasks.py
[2026-10-01T13:32:11.367+0000] {logging_mixin.py:190} INFO - [2026-10-01T13:32:11.367+0000] {dag.py:3239} INFO - Sync 1 DAGs
[2026-10-01T13:32:11.385+0000] {logging_mixin.py:190} INFO - [2026-10-01T13:32:11.385+0000] {dag.py:4180} INFO - Setting next_dagrun for my_dag to 2026-03-02 00:00:00+00:00, run_after=2026-03-02 00:00:00+00:00
[2026-10-01T13:32:11.400+0000] {processor.py:208} INFO - Processing /opt/airflow/dags/my_tasks.py took 0.079 seconds
[2026-10-01T13:32:41.588+0000] {processor.py:186} INFO - Started process (PID=267) to work on /opt/airflow/dags/my_tasks.py
[2026-10-01T13:32:41.596+0000] {processor.py:914} INFO - Processing file /opt/airflow/dags/my_tasks.py for tasks to queue
[2026-10-01T13:32:41.598+0000] {logging_mixin.py:190} INFO - [2026-10-01T13:32:41.598+0000] {dagbag.py:588} INFO - Filling up the DagBag from /opt/airflow/dags/my_tasks.py
[2026-10-01T13:32:41.604+0000] {processor.py:925} INFO - DAG(s) 'my_dag' retrieved from /opt/airflow/dags/my_tasks.py
[2026-10-01T13:32:41.624+0000] {logging_mixin.py:190} INFO - [2026-10-01T13:32:41.624+0000] {dag.py:3239} INFO - Sync 1 DAGs
[2026-10-01T13:32:41.642+0000] {logging_mixin.py:190} INFO - [2026-10-01T13:32:41.641+0000] {dag.py:4180} INFO - Setting next_dagrun for my_dag to 2026-03-02 00:00:00+00:00, run_after=2026-03-02 00:00:00+00:00
[2026-10-01T13:32:41.659+0000] {processor.py:208} INFO - Processing /opt/airflow/dags/my_tasks.py took 0.074 seconds
[2026-10-01T13:33:11.855+0000] {processor.py:186} INFO - Started process (PID=278) to work on /opt/airflow/dags/my_tasks.py
[2026-10-01T13:33:11.856+0000] {processor.py:914} INFO - Processing file /opt/airflow/dags/my_tasks.py for tasks to queue
[2026-10-01T13:33:11.857+0000] {logging_mixin.py:190} INFO - [2026-10-01T13:33:11.857+0000] {dagbag.py:588} INFO - Filling up the DagBag from /opt/airflow/dags/my_tasks.py
[2026-10-01T13:33:11.864+0000] {processor.py:925} INFO - DAG(s) 'my_dag' retrieved from /opt/airflow/dags/my_tasks.py
[2026-10-01T13:33:11.882+0000] {logging_mixin.py:190} INFO - [2026-10-01T13:33:11.882+0000] {dag.py:3239} INFO - Sync 1 DAGs
[2026-10-01T13:33:11.899+0000] {logging_mixin.py:190} INFO - [2026-10-01T13:33:11.898+0000] {dag.py:4180} INFO - Setting next_dagrun for my_dag to 2026-03-02 00:00:00+00:00, run_after=2026-03-02 00:00:00+00:00
[2026-10-01T13:33:11.913+0000] {processor.py:208} INFO - Processing /opt/airflow/dags/my_tasks.py took 0.062 seconds
[2026-10-01T13:33:42.080+0000] {processor.py:186} INFO - Started process (PID=289) to work on /opt/airflow/dags/my_tasks.py
[2026-10-01T13:33:42.080+0000] {processor.py:914} INFO - Processing file /opt/airflow/dags/my_tasks.py for tasks to queue
[2026-10-01T13:33:42.081+0000] {logging_mixin.py:190} INFO - [2026-10-01T13:33:42.081+0000] {dagbag.py:588} INFO - Filling up the DagBag from /opt/airflow/dags/my_tasks.py
[2026-10-01T13:33:42.089+0000] {processor.py:925} INFO - DAG(s) 'my_dag' retrieved from /opt/airflow/dags/my_tasks.py
[2026-10-01T13:33:42.109+0000] {logging_mixin.py:190} INFO - [2026-10-01T13:33:42.108+0000] {dag.py:3239} INFO - Sync 1 DAGs
[2026-10-01T13:33:42.123+0000] {logging_mixin.py:190} INFO - [2026-10-01T13:33:42.123+0000] {dag.py:4180} INFO - Setting next_dagrun for my_dag to 2026-03-02 00:00:00+00:00, run_after=2026-03-02 00:00:00+00:00
[2026-10-01T13:33:42.138+0000] {processor.py:208} INFO - Processing /opt/airflow/dags/my_tasks.py took 0.063 seconds
[2026-10-01T13:34:12.331+0000] {processor.py:186} INFO - Started process (PID=300) to work on /opt/airflow/dags/my_tasks.py
[2026-10-01T13:34:12.332+0000] {processor.py:914} INFO - Processing file /opt/airflow/dags/my_tasks.py for tasks to queue
[2026-10-01T13:34:12.333+0000] {logging_mixin.py:190} INFO - [2026-10-01T13:34:12.333+0000] {dagbag.py:588} INFO - Filling up the DagBag from /opt/airflow/dags/my_tasks.py
[2026-10-01T13:34:12.340+0000] {processor.py:925} INFO - DAG(s) 'my_dag' retrieved from /opt/airflow/dags/my_tasks.py
[2026-10-01T13:34:12.358+0000] {logging_mixin.py:190} INFO - [2026-10-01T13:34:12.357+0000] {dag.py:3239} INFO - Sync 1 DAGs
[2026-10-01T13:34:12.372+0000] {logging_mixin.py:190} INFO - [2026-10-01T13:34:12.372+0000] {dag.py:4180} INFO - Setting next_dagrun for my_dag to 2026-03-02 00:00:00+00:00, run_after=2026-03-02 00:00:00+00:00
[2026-10-01T13:34:12.387+0000] {processor.py:208} INFO - Processing /opt/airflow/dags/my_tasks.py took 0.059 seconds
[2026-10-01T13:34:42.599+0000] {processor.py:186} INFO - Started process (PID=311) to work on /opt/airflow/dags/my_tasks.py
[2026-10-01T13:34:42.607+0000] {processor.py:914} INFO - Processing file /opt/airflow/dags/my_tasks.py for tasks to queue
[2026-10-01T13:34:42.609+0000] {logging_mixin.py:190} INFO - [2026-10-01T13:34:42.609+0000] {dagbag.py:588} INFO - Filling up the DagBag from /opt/airflow/dags/my_tasks.py
[2026-10-01T13:34:42.620+0000] {processor.py:925} INFO - DAG(s) 'my_dag' retrieved from /opt/airflow/dags/my_tasks.py
[2026-10-01T13:34:42.638+0000] {logging_mixin.py:190} INFO - [2026-10-01T13:34:42.638+0000] {dag.py:3239} INFO - Sync 1 DAGs
[2026-10-01T13:34:42.655+0000] {logging_mixin.py:190} INFO - [2026-10-01T13:34:42.654+0000] {dag.py:4180} INFO - Setting next_dagrun for my_dag to 2026-03-02 00:00:00+00:00, run_after=2026-03-02 00:00:00+00:00
[2026-10-01T13:34:42.669+0000] {processor.py:208} INFO - Processing /opt/airflow/dags/my_tasks.py took 0.074 seconds
[2026-10-01T13:35:12.852+0000] {processor.py:186} INFO - Started process (PID=322) to work on /opt/airflow/dags/my_tasks.py
[2026-10-01T13:35:12.853+0000] {processor.py:914} INFO - Processing file /opt/airflow/dags/my_tasks.py for tasks to queue
[2026-10-01T13:35:12.855+0000] {logging_mixin.py:190} INFO - [2026-10-01T13:35:12.855+0000] {dagbag.py:588} INFO - Filling up the DagBag from /opt/airflow/dags/my_tasks.py
[2026-10-01T13:35:12.863+0000] {processor.py:925} INFO - DAG(s) 'my_dag' retrieved from /opt/airflow/dags/my_tasks.py
[2026-10-01T13:35:12.882+0000] {logging_mixin.py:190} INFO - [2026-10-01T13:35:12.882+0000] {dag.py:3239} INFO - Sync 1 DAGs
[2026-10-01T13:35:12.901+0000] {logging_mixin.py:190} INFO - [2026-10-01T13:35:12.901+0000] {dag.py:4180} INFO - Setting next_dagrun for my_dag to 2026-03-02 00:00:00+00:00, run_after=2026-03-02 00:00:00+00:00
[2026-10-01T13:35:12.918+0000] {processor.py:208} INFO - Processing /opt/airflow/dags/my_tasks.py took 0.070 seconds
[2026-10-01T13:35:43.104+0000] {processor.py:186} INFO - Started process (PID=333) to work on /opt/airflow/dags/my_tasks.py
[2026-10-01T13:35:43.112+0000] {processor.py:914} INFO - Processing file /opt/airflow/dags/my_tasks.py for tasks to queue
[2026-10-01T13:35:43.114+0000] {logging_mixin.py:190} INFO - [2026-10-01T13:35:43.113+0000] {dagbag.py:588} INFO - Filling up the DagBag from /opt/airflow/dags/my_tasks.py
[2026-10-01T13:35:43.122+0000] {processor.py:925} INFO - DAG(s) 'my_dag' retrieved from /opt/airflow/dags/my_tasks.py
[2026-10-01T13:35:43.141+0000] {logging_mixin.py:190} INFO - [2026-10-01T13:35:43.141+0000] {dag.py:3239} INFO - Sync 1 DAGs
[2026-10-01T13:35:43.160+0000] {logging_mixin.py:190} INFO - [2026-10-01T13:35:43.160+0000] {dag.py:4180} INFO - Setting next_dagrun for my_dag to 2026-03-02 00:00:00+00:00, run_after=2026-03-02 00:00:00+00:00
[2026-10-01T13:35:43.175+0000] {processor.py:208} INFO - Processing /opt/airflow/dags/my_tasks.py took 0.075 seconds
[2026-10-01T13:36:13.352+0000] {processor.py:186} INFO - Started process (PID=344) to work on /opt/airflow/dags/my_tasks.py
[2026-10-01T13:36:13.353+0000] {processor.py:914} INFO - Processing file /opt/airflow/dags/my_tasks.py for tasks to queue
[2026-10-01T13:36:13.354+0000] {logging_mixin.py:190} INFO - [2026-10-01T13:36:13.354+0000] {dagbag.py:588} INFO - Filling up the DagBag from /opt/airflow/dags/my_tasks.py
[2026-10-01T13:36:13.361+0000] {processor.py:925} INFO - DAG(s) 'my_dag' retrieved from /opt/airflow/dags/my_tasks.py
[2026-10-01T13:36:13.379+0000] {logging_mixin.py:190} INFO - [2026-10-01T13:36:13.378+0000] {dag.py:3239} INFO - Sync 1 DAGs
[2026-10-01T13:36:13.395+0000] {logging_mixin.py:190} INFO - [2026-10-01T13:36:13.394+0000] {dag.py:4180} INFO - Setting next_dagrun for my_dag to 2026-03-02 00:00:00+00:00, run_after=2026-03-02 00:00:00+00:00
[2026-10-01T13:36:13.413+0000] {processor.py:208} INFO - Processing /opt/airflow/dags/my_tasks.py took 0.065 seconds
[2026-10-01T13:36:43.614+0000] {processor.py:186} INFO - Started process (PID=355) to work on /opt/airflow/dags/my_tasks.py
[2026-10-01T13:36:43.622+0000] {processor.py:914} INFO - Processing file /opt/airflow/dags/my_tasks.py for tasks to queue
[2026-10-01T13:36:43.625+0000] {logging_mixin.py:190} INFO - [2026-10-01T13:36:43.624+0000] {dagbag.py:588} INFO - Filling up the DagBag from /opt/airflow/dags/my_tasks.py
[2026-10-01T13:36:43.634+0000] {processor.py:925} INFO - DAG(s) 'my_dag' retrieved from /opt/airflow/dags/my_tasks.py
[2026-10-01T13:36:43.653+0000] {logging_mixin.py:190} INFO - [2026-10-01T13:36:43.653+0000] {dag.py:3239} INFO - Sync 1 DAGs
[2026-10-01T13:36:43.668+0000] {logging_mixin.py:190} INFO - [2026-10-01T13:36:43.668+0000] {dag.py:4180} INFO - Setting next_dagrun for my_dag to 2026-03-02 00:00:00+00:00, run_after=2026-03-02 00:00:00+00:00
[2026-10-01T13:36:43.683+0000] {processor.py:208} INFO - Processing /opt/airflow/dags/my_tasks.py took 0.072 seconds
[2026-10-01T13:37:13.887+0000] {processor.py:186} INFO - Started process (PID=366) to work on /opt/airflow/dags/my_tasks.py
[2026-10-01T13:37:13.887+0000] {processor.py:914} INFO - Processing file /opt/airflow/dags/my_tasks.py for tasks to queue
[2026-10-01T13:37:13.889+0000] {logging_mixin.py:190} INFO - [2026-10-01T13:37:13.888+0000] {dagbag.py:588} INFO - Filling up the DagBag from /opt/airflow/dags/my_tasks.py
[2026-10-01T13:37:13.896+0000] {processor.py:925} INFO - DAG(s) 'my_dag' retrieved from /opt/airflow/dags/my_tasks.py
[2026-10-01T13:37:13.914+0000] {logging_mixin.py:190} INFO - [2026-10-01T13:37:13.914+0000] {dag.py:3239} INFO - Sync 1 DAGs
[2026-10-01T13:37:13.930+0000] {logging_mixin.py:190} INFO - [2026-10-01T13:37:13.930+0000] {dag.py:4180} INFO - Setting next_dagrun for my_dag to 2026-03-02 00:00:00+00:00, run_after=2026-03-02 00:00:00+00:00
[2026-10-01T13:37:13.945+0000] {processor.py:208} INFO - Processing /opt/airflow/dags/my_tasks.py took 0.062 seconds
[2026-10-01T13:37:44.152+0000] {processor.py:186} INFO - Started process (PID=377) to work on /opt/airflow/dags/my_tasks.py
[2026-10-01T13:37:44.160+0000] {processor.py:914} INFO - Processing file /opt/airflow/dags/my_tasks.py for tasks to queue
[2026-10-01T13:37:44.162+0000] {logging_mixin.py:190} INFO - [2026-10-01T13:37:44.161+0000] {dagbag.py:588} INFO - Filling up the DagBag from /opt/airflow/dags/my_tasks.py
[2026-10-01T13:37:44.174+0000] {processor.py:925} INFO - DAG(s) 'my_dag' retrieved from /opt/airflow/dags/my_tasks.py
[2026-10-01T13:37:44.191+0000] {logging_mixin.py:190} INFO - [2026-10-01T13:37:44.191+0000] {dag.py:3239} INFO - Sync 1 DAGs
[2026-10-01T13:37:44.207+0000] {logging_mixin.py:190} INFO - [2026-10-01T13:37:44.207+0000] {dag.py:4180} INFO - Setting next_dagrun for my_dag to 2026-03-02 00:00:00+00:00, run_after=2026-03-02 00:00:00+00:00
[2026-10-01T13:37:44.222+0000] {processor.py:208} INFO - Processing /opt/airflow/dags/my_tasks.py took 0.074 seconds
[2026-10-01T13:38:14.406+0000] {processor.py:186} INFO - Started process (PID=394) to work on /opt/airflow/dags/my_tasks.py
[2026-10-01T13:38:14.407+0000] {processor.py:914} INFO - Processing file /opt/airflow/dags/my_tasks.py for tasks to queue
[2026-10-01T13:38:14.409+0000] {logging_mixin.py:190} INFO - [2026-10-01T13:38:14.408+0000] {dagbag.py:588} INFO - Filling up the DagBag from /opt/airflow/dags/my_tasks.py
[2026-10-01T13:38:14.417+0000] {processor.py:925} INFO - DAG(s) 'my_dag' retrieved from /opt/airflow/dags/my_tasks.py
[2026-10-01T13:38:14.438+0000] {logging_mixin.py:190} INFO - [2026-10-01T13:38:14.438+0000] {dag.py:3239} INFO - Sync 1 DAGs
[2026-10-01T13:38:14.456+0000] {logging_mixin.py:190} INFO - [2026-10-01T13:38:14.456+0000] {dag.py:4180} INFO - Setting next_dagrun for my_dag to 2026-03-02 00:00:00+00:00, run_after=2026-03-02 00:00:00+00:00
[2026-10-01T13:38:14.477+0000] {processor.py:208} INFO - Processing /opt/airflow/dags/my_tasks.py took 0.075 seconds
[2026-10-01T13:38:44.647+0000] {processor.py:186} INFO - Started process (PID=405) to work on /opt/airflow/dags/my_tasks.py
[2026-10-01T13:38:44.655+0000] {processor.py:914} INFO - Processing file /opt/airflow/dags/my_tasks.py for tasks to queue
[2026-10-01T13:38:44.657+0000] {logging_mixin.py:190} INFO - [2026-10-01T13:38:44.656+0000] {dagbag.py:588} INFO - Filling up the DagBag from /opt/airflow/dags/my_tasks.py
[2026-10-01T13:38:44.667+0000] {processor.py:925} INFO - DAG(s) 'my_dag' retrieved from /opt/airflow/dags/my_tasks.py
[2026-10-01T13:38:44.686+0000] {logging_mixin.py:190} INFO - [2026-10-01T13:38:44.686+0000] {dag.py:3239} INFO - Sync 1 DAGs
[2026-10-01T13:38:44.702+0000] {logging_mixin.py:190} INFO - [2026-10-01T13:38:44.702+0000] {dag.py:4180} INFO - Setting next_dagrun for my_dag to 2026-03-02 00:00:00+00:00, run_after=2026-03-02 00:00:00+00:00
[2026-10-01T13:38:44.716+0000] {processor.py:208} INFO - Processing /opt/airflow/dags/my_tasks.py took 0.073 seconds
[2026-10-01T13:39:14.899+0000] {processor.py:186} INFO - Started process (PID=416) to work on /opt/airflow/dags/my_tasks.py
[2026-10-01T13:39:14.900+0000] {processor.py:914} INFO - Processing file /opt/airflow/dags/my_tasks.py for tasks to queue
[2026-10-01T13:39:14.901+0000] {logging_mixin.py:190} INFO - [2026-10-01T13:39:14.901+0000] {dagbag.py:588} INFO - Filling up the DagBag from /opt/airflow/dags/my_tasks.py
[2026-10-01T13:39:14.908+0000] {processor.py:925} INFO - DAG(s) 'my_dag' retrieved from /opt/airflow/dags/my_tasks.py
[2026-10-01T13:39:14.925+0000] {logging_mixin.py:190} INFO - [2026-10-01T13:39:14.925+0000] {dag.py:3239} INFO - Sync 1 DAGs
[2026-10-01T13:39:14.940+0000] {logging_mixin.py:190} INFO - [2026-10-01T13:39:14.940+0000] {dag.py:4180} INFO - Setting next_dagrun for my_dag to 2026-03-02 00:00:00+00:00, run_after=2026-03-02 00:00:00+00:00
[2026-10-01T13:39:14.955+0000] {processor.py:208} INFO - Processing /opt/airflow/dags/my_tasks.py took 0.060 seconds
[2026-10-01T13:39:45.163+0000] {processor.py:186} INFO - Started process (PID=427) to work on /opt/airflow/dags/my_tasks.py
[2026-10-01T13:39:45.165+0000] {processor.py:914} INFO - Processing file /opt/airflow/dags/my_tasks.py for tasks to queue
[2026-10-01T13:39:45.167+0000] {logging_mixin.py:190} INFO - [2026-10-01T13:39:45.167+0000] {dagbag.py:588} INFO - Filling up the DagBag from /opt/airflow/dags/my_tasks.py
[2026-10-01T13:39:45.173+0000] {processor.py:925} INFO - DAG(s) 'my_dag' retrieved from /opt/airflow/dags/my_tasks.py
[2026-10-01T13:39:45.191+0000] {logging_mixin.py:190} INFO - [2026-10-01T13:39:45.191+0000] {dag.py:3239} INFO - Sync 1 DAGs
[2026-10-01T13:39:45.206+0000] {logging_mixin.py:190} INFO - [2026-10-01T13:39:45.206+0000] {dag.py:4180} INFO - Setting next_dagrun for my_dag to 2026-03-02 00:00:00+00:00, run_after=2026-03-02 00:00:00+00:00
[2026-10-01T13:39:45.221+0000] {processor.py:208} INFO - Processing /opt/airflow/dags/my_tasks.py took 0.063 seconds
[2026-10-01T13:40:15.417+0000] {processor.py:186} INFO - Started process (PID=438) to work on /opt/airflow/dags/my_tasks.py
[2026-10-01T13:40:15.418+0000] {processor.py:914} INFO - Processing file /opt/airflow/dags/my_tasks.py for tasks to queue
[2026-10-01T13:40:15.420+0000] {logging_mixin.py:190} INFO - [2026-10-01T13:40:15.420+0000] {dagbag.py:588} INFO - Filling up the DagBag from /opt/airflow/dags/my_tasks.py
[2026-10-01T13:40:15.426+0000] {processor.py:925} INFO - DAG(s) 'my_dag' retrieved from /opt/airflow/dags/my_tasks.py
[2026-10-01T13:40:15.444+0000] {logging_mixin.py:190} INFO - [2026-10-01T13:40:15.444+0000] {dag.py:3239} INFO - Sync 1 DAGs
[2026-10-01T13:40:15.459+0000] {logging_mixin.py:190} INFO - [2026-10-01T13:40:15.459+0000] {dag.py:4180} INFO - Setting next_dagrun for my_dag to 2026-03-02 00:00:00+00:00, run_after=2026-03-02 00:00:00+00:00
[2026-10-01T13:40:15.473+0000] {processor.py:208} INFO - Processing /opt/airflow/dags/my_tasks.py took 0.060 seconds
[2026-10-01T13:40:45.676+0000] {processor.py:186} INFO - Started process (PID=449) to work on /opt/airflow/dags/my_tasks.py
[2026-10-01T13:40:45.677+0000] {processor.py:914} INFO - Processing file /opt/airflow/dags/my_tasks.py for tasks to queue
[2026-10-01T13:40:45.678+0000] {logging_mixin.py:190} INFO - [2026-10-01T13:40:45.678+0000] {dagbag.py:588} INFO - Filling up the DagBag from /opt/airflow/dags/my_tasks.py
[2026-10-01T13:40:45.685+0000] {processor.py:925} INFO - DAG(s) 'my_dag' retrieved from /opt/airflow/dags/my_tasks.py
[2026-10-01T13:40:45.702+0000] {logging_mixin.py:190} INFO - [2026-10-01T13:40:45.702+0000] {dag.py:3239} INFO - Sync 1 DAGs
[2026-10-01T13:40:45.718+0000] {logging_mixin.py:190} INFO - [2026-10-01T13:40:45.718+0000] {dag.py:4180} INFO - Setting next_dagrun for my_dag to 2026-03-02 00:00:00+00:00, run_after=2026-03-02 00:00:00+00:00
[2026-10-01T13:40:45.732+0000] {processor.py:208} INFO - Processing /opt/airflow/dags/my_tasks.py took 0.059 seconds
[2026-10-01T13:41:15.939+0000] {processor.py:186} INFO - Started process (PID=460) to work on /opt/airflow/dags/my_tasks.py
[2026-10-01T13:41:15.939+0000] {processor.py:914} INFO - Processing file /opt/airflow/dags/my_tasks.py for tasks to queue
[2026-10-01T13:41:15.941+0000] {logging_mixin.py:190} INFO - [2026-10-01T13:41:15.940+0000] {dagbag.py:588} INFO - Filling up the DagBag from /opt/airflow/dags/my_tasks.py
[2026-10-01T13:41:15.947+0000] {processor.py:925} INFO - DAG(s) 'my_dag' retrieved from /opt/airflow/dags/my_tasks.py
[2026-10-01T13:41:15.965+0000] {logging_mixin.py:190} INFO - [2026-10-01T13:41:15.965+0000] {dag.py:3239} INFO - Sync 1 DAGs
[2026-10-01T13:41:15.980+0000] {logging_mixin.py:190} INFO - [2026-10-01T13:41:15.980+0000] {dag.py:4180} INFO - Setting next_dagrun for my_dag to 2026-03-02 00:00:00+00:00, run_after=2026-03-02 00:00:00+00:00
[2026-10-01T13:41:15.994+0000] {processor.py:208} INFO - Processing /opt/airflow/dags/my_tasks.py took 0.060 seconds
[2026-10-01T13:41:46.219+0000] {processor.py:186} INFO - Started process (PID=471) to work on /opt/airflow/dags/my_tasks.py
[2026-10-01T13:41:46.227+0000] {processor.py:914} INFO - Processing file /opt/airflow/dags/my_tasks.py for tasks to queue
[2026-10-01T13:41:46.230+0000] {logging_mixin.py:190} INFO - [2026-10-01T13:41:46.230+0000] {dagbag.py:588} INFO - Filling up the DagBag from /opt/airflow/dags/my_tasks.py
[2026-10-01T13:41:46.237+0000] {processor.py:925} INFO - DAG(s) 'my_dag' retrieved from /opt/airflow/dags/my_tasks.py
[2026-10-01T13:41:46.255+0000] {logging_mixin.py:190} INFO - [2026-10-01T13:41:46.254+0000] {dag.py:3239} INFO - Sync 1 DAGs
[2026-10-01T13:41:46.271+0000] {logging_mixin.py:190} INFO - [2026-10-01T13:41:46.270+0000] {dag.py:4180} INFO - Setting next_dagrun for my_dag to 2026-03-02 00:00:00+00:00, run_after=2026-03-02 00:00:00+00:00
[2026-10-01T13:41:46.285+0000] {processor.py:208} INFO - Processing /opt/airflow/dags/my_tasks.py took 0.069 seconds
[2026-10-01T13:42:16.489+0000] {processor.py:186} INFO - Started process (PID=482) to work on /opt/airflow/dags/my_tasks.py
[2026-10-01T13:42:16.497+0000] {processor.py:914} INFO - Processing file /opt/airflow/dags/my_tasks.py for tasks to queue
[2026-10-01T13:42:16.500+0000] {logging_mixin.py:190} INFO - [2026-10-01T13:42:16.499+0000] {dagbag.py:588} INFO - Filling up the DagBag from /opt/airflow/dags/my_tasks.py
[2026-10-01T13:42:16.509+0000] {processor.py:925} INFO - DAG(s) 'my_dag' retrieved from /opt/airflow/dags/my_tasks.py
[2026-10-01T13:42:16.527+0000] {logging_mixin.py:190} INFO - [2026-10-01T13:42:16.527+0000] {dag.py:3239} INFO - Sync 1 DAGs
[2026-10-01T13:42:16.543+0000] {logging_mixin.py:190} INFO - [2026-10-01T13:42:16.543+0000] {dag.py:4180} INFO - Setting next_dagrun for my_dag to 2026-03-02 00:00:00+00:00, run_after=2026-03-02 00:00:00+00:00
[2026-10-01T13:42:16.558+0000] {processor.py:208} INFO - Processing /opt/airflow/dags/my_tasks.py took 0.073 seconds
[2026-10-01T13:42:46.763+0000] {processor.py:186} INFO - Started process (PID=493) to work on /opt/airflow/dags/my_tasks.py
[2026-10-01T13:42:46.771+0000] {processor.py:914} INFO - Processing file /opt/airflow/dags/my_tasks.py for tasks to queue
[2026-10-01T13:42:46.773+0000] {logging_mixin.py:190} INFO - [2026-10-01T13:42:46.773+0000] {dagbag.py:588} INFO - Filling up the DagBag from /opt/airflow/dags/my_tasks.py
[2026-10-01T13:42:46.782+0000] {processor.py:925} INFO - DAG(s) 'my_dag' retrieved from /opt/airflow/dags/my_tasks.py
[2026-10-01T13:42:46.799+0000] {logging_mixin.py:190} INFO - [2026-10-01T13:42:46.799+0000] {dag.py:3239} INFO - Sync 1 DAGs
[2026-10-01T13:42:46.814+0000] {logging_mixin.py:190} INFO - [2026-10-01T13:42:46.814+0000] {dag.py:4180} INFO - Setting next_dagrun for my_dag to 2026-03-02 00:00:00+00:00, run_after=2026-03-02 00:00:00+00:00
[2026-10-01T13:42:46.828+0000] {processor.py:208} INFO - Processing /opt/airflow/dags/my_tasks.py took 0.069 seconds
[2026-10-01T13:43:17.018+0000] {processor.py:186} INFO - Started process (PID=504) to work on /opt/airflow/dags/my_tasks.py
[2026-10-01T13:43:17.027+0000] {processor.py:914} INFO - Processing file /opt/airflow/dags/my_tasks.py for tasks to queue
[2026-10-01T13:43:17.030+0000] {logging_mixin.py:190} INFO - [2026-10-01T13:43:17.029+0000] {dagbag.py:588} INFO - Filling up the DagBag from /opt/airflow/dags/my_tasks.py
[2026-10-01T13:43:17.040+0000] {processor.py:925} INFO - DAG(s) 'my_dag' retrieved from /opt/airflow/dags/my_tasks.py
[2026-10-01T13:43:17.057+0000] {logging_mixin.py:190} INFO - [2026-10-01T13:43:17.057+0000] {dag.py:3239} INFO - Sync 1 DAGs
[2026-10-01T13:43:17.073+0000] {logging_mixin.py:190} INFO - [2026-10-01T13:43:17.072+0000] {dag.py:4180} INFO - Setting next_dagrun for my_dag to 2026-03-02 00:00:00+00:00, run_after=2026-03-02 00:00:00+00:00
[2026-10-01T13:43:17.086+0000] {processor.py:208} INFO - Processing /opt/airflow/dags/my_tasks.py took 0.072 seconds
[2026-10-01T13:43:47.286+0000] {processor.py:186} INFO - Started process (PID=515) to work on /opt/airflow/dags/my_tasks.py
[2026-10-01T13:43:47.295+0000] {processor.py:914} INFO - Processing file /opt/airflow/dags/my_tasks.py for tasks to queue
[2026-10-01T13:43:47.297+0000] {logging_mixin.py:190} INFO - [2026-10-01T13:43:47.297+0000] {dagbag.py:588} INFO - Filling up the DagBag from /opt/airflow/dags/my_tasks.py
[2026-10-01T13:43:47.306+0000] {processor.py:925} INFO - DAG(s) 'my_dag' retrieved from /opt/airflow/dags/my_tasks.py
[2026-10-01T13:43:47.324+0000] {logging_mixin.py:190} INFO - [2026-10-01T13:43:47.323+0000] {dag.py:3239} INFO - Sync 1 DAGs
[2026-10-01T13:43:47.340+0000] {logging_mixin.py:190} INFO - [2026-10-01T13:43:47.340+0000] {dag.py:4180} INFO - Setting next_dagrun for my_dag to 2026-03-02 00:00:00+00:00, run_after=2026-03-02 00:00:00+00:00
[2026-10-01T13:43:47.363+0000] {processor.py:208} INFO - Processing /opt/airflow/dags/my_tasks.py took 0.083 seconds
[2026-10-01T13:44:17.542+0000] {processor.py:186} INFO - Started process (PID=526) to work on /opt/airflow/dags/my_tasks.py
[2026-10-01T13:44:17.550+0000] {processor.py:914} INFO - Processing file /opt/airflow/dags/my_tasks.py for tasks to queue
[2026-10-01T13:44:17.553+0000] {logging_mixin.py:190} INFO - [2026-10-01T13:44:17.552+0000] {dagbag.py:588} INFO - Filling up the DagBag from /opt/airflow/dags/my_tasks.py
[2026-10-01T13:44:17.563+0000] {processor.py:925} INFO - DAG(s) 'my_dag' retrieved from /opt/airflow/dags/my_tasks.py
[2026-10-01T13:44:17.581+0000] {logging_mixin.py:190} INFO - [2026-10-01T13:44:17.580+0000] {dag.py:3239} INFO - Sync 1 DAGs
[2026-10-01T13:44:17.597+0000] {logging_mixin.py:190} INFO - [2026-10-01T13:44:17.597+0000] {dag.py:4180} INFO - Setting next_dagrun for my_dag to 2026-03-02 00:00:00+00:00, run_after=2026-03-02 00:00:00+00:00
[2026-10-01T13:44:17.611+0000] {processor.py:208} INFO - Processing /opt/airflow/dags/my_tasks.py took 0.072 seconds
[2026-10-01T13:44:47.823+0000] {processor.py:186} INFO - Started process (PID=537) to work on /opt/airflow/dags/my_tasks.py
[2026-10-01T13:44:47.831+0000] {processor.py:914} INFO - Processing file /opt/airflow/dags/my_tasks.py for tasks to queue
[2026-10-01T13:44:47.834+0000] {logging_mixin.py:190} INFO - [2026-10-01T13:44:47.833+0000] {dagbag.py:588} INFO - Filling up the DagBag from /opt/airflow/dags/my_tasks.py
[2026-10-01T13:44:47.844+0000] {processor.py:925} INFO - DAG(s) 'my_dag' retrieved from /opt/airflow/dags/my_tasks.py
[2026-10-01T13:44:47.862+0000] {logging_mixin.py:190} INFO - [2026-10-01T13:44:47.862+0000] {dag.py:3239} INFO - Sync 1 DAGs
[2026-10-01T13:44:47.877+0000] {logging_mixin.py:190} INFO - [2026-10-01T13:44:47.877+0000] {dag.py:4180} INFO - Setting next_dagrun for my_dag to 2026-03-02 00:00:00+00:00, run_after=2026-03-02 00:00:00+00:00
[2026-10-01T13:44:47.891+0000] {processor.py:208} INFO - Processing /opt/airflow/dags/my_tasks.py took 0.072 seconds
[2026-10-01T13:45:18.065+0000] {processor.py:186} INFO - Started process (PID=548) to work on /opt/airflow/dags/my_tasks.py
[2026-10-01T13:45:18.072+0000] {processor.py:914} INFO - Processing file /opt/airflow/dags/my_tasks.py for tasks to queue
[2026-10-01T13:45:18.075+0000] {logging_mixin.py:190} INFO - [2026-10-01T13:45:18.075+0000] {dagbag.py:588} INFO - Filling up the DagBag from /opt/airflow/dags/my_tasks.py
[2026-10-01T13:45:18.082+0000] {processor.py:925} INFO - DAG(s) 'my_dag' retrieved from /opt/airflow/dags/my_tasks.py
[2026-10-01T13:45:18.100+0000] {logging_mixin.py:190} INFO - [2026-10-01T13:45:18.099+0000] {dag.py:3239} INFO - Sync 1 DAGs
[2026-10-01T13:45:18.118+0000] {logging_mixin.py:190} INFO - [2026-10-01T13:45:18.117+0000] {dag.py:4180} INFO - Setting next_dagrun for my_dag to 2026-03-02 00:00:00+00:00, run_after=2026-03-02 00:00:00+00:00
[2026-10-01T13:45:18.135+0000] {processor.py:208} INFO - Processing /opt/airflow/dags/my_tasks.py took 0.074 seconds
[2026-10-01T13:48:45.917+0000] {processor.py:186} INFO - Started process (PID=179) to work on /opt/airflow/dags/my_tasks.py
[2026-10-01T13:48:45.918+0000] {processor.py:914} INFO - Processing file /opt/airflow/dags/my_tasks.py for tasks to queue
[2026-10-01T13:48:45.920+0000] {logging_mixin.py:190} INFO - [2026-10-01T13:48:45.920+0000] {dagbag.py:588} INFO - Filling up the DagBag from /opt/airflow/dags/my_tasks.py
[2026-10-01T13:48:45.935+0000] {processor.py:925} INFO - DAG(s) 'my_dag' retrieved from /opt/airflow/dags/my_tasks.py
[2026-10-01T13:48:46.116+0000] {logging_mixin.py:190} INFO - [2026-10-01T13:48:46.115+0000] {override.py:1912} INFO - Created Permission View: can edit on DAG:my_dag
[2026-10-01T13:48:46.128+0000] {logging_mixin.py:190} INFO - [2026-10-01T13:48:46.127+0000] {override.py:1912} INFO - Created Permission View: can delete on DAG:my_dag
[2026-10-01T13:48:46.134+0000] {logging_mixin.py:190} INFO - [2026-10-01T13:48:46.134+0000] {override.py:1912} INFO - Created Permission View: can read on DAG:my_dag
[2026-10-01T13:48:46.155+0000] {logging_mixin.py:190} INFO - [2026-10-01T13:48:46.155+0000] {override.py:1912} INFO - Created Permission View: menu access on DAG Run:my_dag
[2026-10-01T13:48:46.165+0000] {logging_mixin.py:190} INFO - [2026-10-01T13:48:46.165+0000] {override.py:1912} INFO - Created Permission View: can create on DAG Run:my_dag
[2026-10-01T13:48:46.171+0000] {logging_mixin.py:190} INFO - [2026-10-01T13:48:46.171+0000] {override.py:1912} INFO - Created Permission View: can delete on DAG Run:my_dag
[2026-10-01T13:48:46.178+0000] {logging_mixin.py:190} INFO - [2026-10-01T13:48:46.177+0000] {override.py:1912} INFO - Created Permission View: can read on DAG Run:my_dag
[2026-10-01T13:48:46.178+0000] {logging_mixin.py:190} INFO - [2026-10-01T13:48:46.178+0000] {dag.py:3239} INFO - Sync 1 DAGs
[2026-10-01T13:48:46.188+0000] {logging_mixin.py:190} INFO - [2026-10-01T13:48:46.188+0000] {dag.py:3262} INFO - Creating ORM DAG for my_dag
[2026-10-01T13:48:46.195+0000] {logging_mixin.py:190} INFO - [2026-10-01T13:48:46.195+0000] {dag.py:4180} INFO - Setting next_dagrun for my_dag to 2026-03-02 00:00:00+00:00, run_after=2026-03-02 00:00:00+00:00
[2026-10-01T13:48:46.210+0000] {processor.py:208} INFO - Processing /opt/airflow/dags/my_tasks.py took 0.297 seconds
[2026-10-01T13:49:16.391+0000] {processor.py:186} INFO - Started process (PID=190) to work on /opt/airflow/dags/my_tasks.py
[2026-10-01T13:49:16.399+0000] {processor.py:914} INFO - Processing file /opt/airflow/dags/my_tasks.py for tasks to queue
[2026-10-01T13:49:16.401+0000] {logging_mixin.py:190} INFO - [2026-10-01T13:49:16.400+0000] {dagbag.py:588} INFO - Filling up the DagBag from /opt/airflow/dags/my_tasks.py
[2026-10-01T13:49:16.408+0000] {processor.py:925} INFO - DAG(s) 'my_dag' retrieved from /opt/airflow/dags/my_tasks.py
[2026-10-01T13:49:16.426+0000] {logging_mixin.py:190} INFO - [2026-10-01T13:49:16.425+0000] {dag.py:3239} INFO - Sync 1 DAGs
[2026-10-01T13:49:16.441+0000] {logging_mixin.py:190} INFO - [2026-10-01T13:49:16.441+0000] {dag.py:4180} INFO - Setting next_dagrun for my_dag to 2026-03-02 00:00:00+00:00, run_after=2026-03-02 00:00:00+00:00
[2026-10-01T13:49:16.456+0000] {processor.py:208} INFO - Processing /opt/airflow/dags/my_tasks.py took 0.069 seconds
[2026-10-01T13:49:46.676+0000] {processor.py:186} INFO - Started process (PID=201) to work on /opt/airflow/dags/my_tasks.py
[2026-10-01T13:49:46.684+0000] {processor.py:914} INFO - Processing file /opt/airflow/dags/my_tasks.py for tasks to queue
[2026-10-01T13:49:46.686+0000] {logging_mixin.py:190} INFO - [2026-10-01T13:49:46.685+0000] {dagbag.py:588} INFO - Filling up the DagBag from /opt/airflow/dags/my_tasks.py
[2026-10-01T13:49:46.695+0000] {processor.py:925} INFO - DAG(s) 'my_dag' retrieved from /opt/airflow/dags/my_tasks.py
[2026-10-01T13:49:46.714+0000] {logging_mixin.py:190} INFO - [2026-10-01T13:49:46.714+0000] {dag.py:3239} INFO - Sync 1 DAGs
[2026-10-01T13:49:46.729+0000] {logging_mixin.py:190} INFO - [2026-10-01T13:49:46.729+0000] {dag.py:4180} INFO - Setting next_dagrun for my_dag to 2026-03-02 00:00:00+00:00, run_after=2026-03-02 00:00:00+00:00
[2026-10-01T13:49:46.743+0000] {processor.py:208} INFO - Processing /opt/airflow/dags/my_tasks.py took 0.072 seconds
[2026-10-01T13:50:16.938+0000] {processor.py:186} INFO - Started process (PID=212) to work on /opt/airflow/dags/my_tasks.py
[2026-10-01T13:50:16.946+0000] {processor.py:914} INFO - Processing file /opt/airflow/dags/my_tasks.py for tasks to queue
[2026-10-01T13:50:16.948+0000] {logging_mixin.py:190} INFO - [2026-10-01T13:50:16.948+0000] {dagbag.py:588} INFO - Filling up the DagBag from /opt/airflow/dags/my_tasks.py
[2026-10-01T13:50:16.954+0000] {processor.py:925} INFO - DAG(s) 'my_dag' retrieved from /opt/airflow/dags/my_tasks.py
[2026-10-01T13:50:16.972+0000] {logging_mixin.py:190} INFO - [2026-10-01T13:50:16.971+0000] {dag.py:3239} INFO - Sync 1 DAGs
[2026-10-01T13:50:16.987+0000] {logging_mixin.py:190} INFO - [2026-10-01T13:50:16.987+0000] {dag.py:4180} INFO - Setting next_dagrun for my_dag to 2026-03-02 00:00:00+00:00, run_after=2026-03-02 00:00:00+00:00
[2026-10-01T13:50:17.001+0000] {processor.py:208} INFO - Processing /opt/airflow/dags/my_tasks.py took 0.068 seconds
[2026-10-01T13:50:47.205+0000] {processor.py:186} INFO - Started process (PID=223) to work on /opt/airflow/dags/my_tasks.py
[2026-10-01T13:50:47.206+0000] {processor.py:914} INFO - Processing file /opt/airflow/dags/my_tasks.py for tasks to queue
[2026-10-01T13:50:47.208+0000] {logging_mixin.py:190} INFO - [2026-10-01T13:50:47.207+0000] {dagbag.py:588} INFO - Filling up the DagBag from /opt/airflow/dags/my_tasks.py
[2026-10-01T13:50:47.214+0000] {processor.py:925} INFO - DAG(s) 'my_dag' retrieved from /opt/airflow/dags/my_tasks.py
[2026-10-01T13:50:47.231+0000] {logging_mixin.py:190} INFO - [2026-10-01T13:50:47.231+0000] {dag.py:3239} INFO - Sync 1 DAGs
[2026-10-01T13:50:47.246+0000] {logging_mixin.py:190} INFO - [2026-10-01T13:50:47.246+0000] {dag.py:4180} INFO - Setting next_dagrun for my_dag to 2026-03-02 00:00:00+00:00, run_after=2026-03-02 00:00:00+00:00
[2026-10-01T13:50:47.262+0000] {processor.py:208} INFO - Processing /opt/airflow/dags/my_tasks.py took 0.060 seconds
[2026-10-01T13:51:17.490+0000] {processor.py:186} INFO - Started process (PID=234) to work on /opt/airflow/dags/my_tasks.py
[2026-10-01T13:51:17.491+0000] {processor.py:914} INFO - Processing file /opt/airflow/dags/my_tasks.py for tasks to queue
[2026-10-01T13:51:17.492+0000] {logging_mixin.py:190} INFO - [2026-10-01T13:51:17.492+0000] {dagbag.py:588} INFO - Filling up the DagBag from /opt/airflow/dags/my_tasks.py
[2026-10-01T13:51:17.499+0000] {processor.py:925} INFO - DAG(s) 'my_dag' retrieved from /opt/airflow/dags/my_tasks.py
[2026-10-01T13:51:17.517+0000] {logging_mixin.py:190} INFO - [2026-10-01T13:51:17.517+0000] {dag.py:3239} INFO - Sync 1 DAGs
[2026-10-01T13:51:17.532+0000] {logging_mixin.py:190} INFO - [2026-10-01T13:51:17.532+0000] {dag.py:4180} INFO - Setting next_dagrun for my_dag to 2026-03-02 00:00:00+00:00, run_after=2026-03-02 00:00:00+00:00
[2026-10-01T13:51:17.547+0000] {processor.py:208} INFO - Processing /opt/airflow/dags/my_tasks.py took 0.061 seconds
[2026-10-01T13:51:47.769+0000] {processor.py:186} INFO - Started process (PID=245) to work on /opt/airflow/dags/my_tasks.py
[2026-10-01T13:51:47.770+0000] {processor.py:914} INFO - Processing file /opt/airflow/dags/my_tasks.py for tasks to queue
[2026-10-01T13:51:47.771+0000] {logging_mixin.py:190} INFO - [2026-10-01T13:51:47.771+0000] {dagbag.py:588} INFO - Filling up the DagBag from /opt/airflow/dags/my_tasks.py
[2026-10-01T13:51:47.777+0000] {processor.py:925} INFO - DAG(s) 'my_dag' retrieved from /opt/airflow/dags/my_tasks.py
[2026-10-01T13:51:47.795+0000] {logging_mixin.py:190} INFO - [2026-10-01T13:51:47.795+0000] {dag.py:3239} INFO - Sync 1 DAGs
[2026-10-01T13:51:47.810+0000] {logging_mixin.py:190} INFO - [2026-10-01T13:51:47.810+0000] {dag.py:4180} INFO - Setting next_dagrun for my_dag to 2026-03-02 00:00:00+00:00, run_after=2026-03-02 00:00:00+00:00
[2026-10-01T13:51:47.824+0000] {processor.py:208} INFO - Processing /opt/airflow/dags/my_tasks.py took 0.059 seconds
[2026-10-01T13:52:18.041+0000] {processor.py:186} INFO - Started process (PID=256) to work on /opt/airflow/dags/my_tasks.py
[2026-10-01T13:52:18.049+0000] {processor.py:914} INFO - Processing file /opt/airflow/dags/my_tasks.py for tasks to queue
[2026-10-01T13:52:18.052+0000] {logging_mixin.py:190} INFO - [2026-10-01T13:52:18.052+0000] {dagbag.py:588} INFO - Filling up the DagBag from /opt/airflow/dags/my_tasks.py
[2026-10-01T13:52:18.060+0000] {processor.py:925} INFO - DAG(s) 'my_dag' retrieved from /opt/airflow/dags/my_tasks.py
[2026-10-01T13:52:18.079+0000] {logging_mixin.py:190} INFO - [2026-10-01T13:52:18.078+0000] {dag.py:3239} INFO - Sync 1 DAGs
[2026-10-01T13:52:18.094+0000] {logging_mixin.py:190} INFO - [2026-10-01T13:52:18.094+0000] {dag.py:4180} INFO - Setting next_dagrun for my_dag to 2026-03-02 00:00:00+00:00, run_after=2026-03-02 00:00:00+00:00
[2026-10-01T13:52:18.108+0000] {processor.py:208} INFO - Processing /opt/airflow/dags/my_tasks.py took 0.071 seconds
[2026-10-01T13:52:48.346+0000] {processor.py:186} INFO - Started process (PID=267) to work on /opt/airflow/dags/my_tasks.py
[2026-10-01T13:52:48.354+0000] {processor.py:914} INFO - Processing file /opt/airflow/dags/my_tasks.py for tasks to queue
[2026-10-01T13:52:48.357+0000] {logging_mixin.py:190} INFO - [2026-10-01T13:52:48.356+0000] {dagbag.py:588} INFO - Filling up the DagBag from /opt/airflow/dags/my_tasks.py
[2026-10-01T13:52:48.366+0000] {processor.py:925} INFO - DAG(s) 'my_dag' retrieved from /opt/airflow/dags/my_tasks.py
[2026-10-01T13:52:48.385+0000] {logging_mixin.py:190} INFO - [2026-10-01T13:52:48.384+0000] {dag.py:3239} INFO - Sync 1 DAGs
[2026-10-01T13:52:48.402+0000] {logging_mixin.py:190} INFO - [2026-10-01T13:52:48.402+0000] {dag.py:4180} INFO - Setting next_dagrun for my_dag to 2026-03-02 00:00:00+00:00, run_after=2026-03-02 00:00:00+00:00
[2026-10-01T13:52:48.416+0000] {processor.py:208} INFO - Processing /opt/airflow/dags/my_tasks.py took 0.075 seconds
[2026-10-01T13:53:18.605+0000] {processor.py:186} INFO - Started process (PID=278) to work on /opt/airflow/dags/my_tasks.py
[2026-10-01T13:53:18.613+0000] {processor.py:914} INFO - Processing file /opt/airflow/dags/my_tasks.py for tasks to queue
[2026-10-01T13:53:18.615+0000] {logging_mixin.py:190} INFO - [2026-10-01T13:53:18.615+0000] {dagbag.py:588} INFO - Filling up the DagBag from /opt/airflow/dags/my_tasks.py
[2026-10-01T13:53:18.626+0000] {processor.py:925} INFO - DAG(s) 'my_dag' retrieved from /opt/airflow/dags/my_tasks.py
[2026-10-01T13:53:18.645+0000] {logging_mixin.py:190} INFO - [2026-10-01T13:53:18.645+0000] {dag.py:3239} INFO - Sync 1 DAGs
[2026-10-01T13:53:18.662+0000] {logging_mixin.py:190} INFO - [2026-10-01T13:53:18.662+0000] {dag.py:4180} INFO - Setting next_dagrun for my_dag to 2026-03-02 00:00:00+00:00, run_after=2026-03-02 00:00:00+00:00
[2026-10-01T13:53:18.677+0000] {processor.py:208} INFO - Processing /opt/airflow/dags/my_tasks.py took 0.076 seconds
[2026-10-01T13:53:48.859+0000] {processor.py:186} INFO - Started process (PID=289) to work on /opt/airflow/dags/my_tasks.py
[2026-10-01T13:53:48.867+0000] {processor.py:914} INFO - Processing file /opt/airflow/dags/my_tasks.py for tasks to queue
[2026-10-01T13:53:48.870+0000] {logging_mixin.py:190} INFO - [2026-10-01T13:53:48.869+0000] {dagbag.py:588} INFO - Filling up the DagBag from /opt/airflow/dags/my_tasks.py
[2026-10-01T13:53:48.877+0000] {processor.py:925} INFO - DAG(s) 'my_dag' retrieved from /opt/airflow/dags/my_tasks.py
[2026-10-01T13:53:48.897+0000] {logging_mixin.py:190} INFO - [2026-10-01T13:53:48.897+0000] {dag.py:3239} INFO - Sync 1 DAGs
[2026-10-01T13:53:48.914+0000] {logging_mixin.py:190} INFO - [2026-10-01T13:53:48.914+0000] {dag.py:4180} INFO - Setting next_dagrun for my_dag to 2026-03-02 00:00:00+00:00, run_after=2026-03-02 00:00:00+00:00
[2026-10-01T13:53:48.929+0000] {processor.py:208} INFO - Processing /opt/airflow/dags/my_tasks.py took 0.077 seconds
[2026-10-01T13:54:19.129+0000] {processor.py:186} INFO - Started process (PID=300) to work on /opt/airflow/dags/my_tasks.py
[2026-10-01T13:54:19.137+0000] {processor.py:914} INFO - Processing file /opt/airflow/dags/my_tasks.py for tasks to queue
[2026-10-01T13:54:19.138+0000] {logging_mixin.py:190} INFO - [2026-10-01T13:54:19.138+0000] {dagbag.py:588} INFO - Filling up the DagBag from /opt/airflow/dags/my_tasks.py
[2026-10-01T13:54:19.145+0000] {processor.py:925} INFO - DAG(s) 'my_dag' retrieved from /opt/airflow/dags/my_tasks.py
[2026-10-01T13:54:19.163+0000] {logging_mixin.py:190} INFO - [2026-10-01T13:54:19.163+0000] {dag.py:3239} INFO - Sync 1 DAGs
[2026-10-01T13:54:19.178+0000] {logging_mixin.py:190} INFO - [2026-10-01T13:54:19.178+0000] {dag.py:4180} INFO - Setting next_dagrun for my_dag to 2026-03-02 00:00:00+00:00, run_after=2026-03-02 00:00:00+00:00
[2026-10-01T13:54:19.192+0000] {processor.py:208} INFO - Processing /opt/airflow/dags/my_tasks.py took 0.067 seconds
[2026-10-01T13:54:49.440+0000] {processor.py:186} INFO - Started process (PID=311) to work on /opt/airflow/dags/my_tasks.py
[2026-10-01T13:54:49.440+0000] {processor.py:914} INFO - Processing file /opt/airflow/dags/my_tasks.py for tasks to queue
[2026-10-01T13:54:49.442+0000] {logging_mixin.py:190} INFO - [2026-10-01T13:54:49.441+0000] {dagbag.py:588} INFO - Filling up the DagBag from /opt/airflow/dags/my_tasks.py
[2026-10-01T13:54:49.448+0000] {processor.py:925} INFO - DAG(s) 'my_dag' retrieved from /opt/airflow/dags/my_tasks.py
[2026-10-01T13:54:49.465+0000] {logging_mixin.py:190} INFO - [2026-10-01T13:54:49.464+0000] {dag.py:3239} INFO - Sync 1 DAGs
[2026-10-01T13:54:49.480+0000] {logging_mixin.py:190} INFO - [2026-10-01T13:54:49.480+0000] {dag.py:4180} INFO - Setting next_dagrun for my_dag to 2026-03-02 00:00:00+00:00, run_after=2026-03-02 00:00:00+00:00
[2026-10-01T13:54:49.494+0000] {processor.py:208} INFO - Processing /opt/airflow/dags/my_tasks.py took 0.058 seconds
[2026-10-01T13:55:19.713+0000] {processor.py:186} INFO - Started process (PID=322) to work on /opt/airflow/dags/my_tasks.py
[2026-10-01T13:55:19.721+0000] {processor.py:914} INFO - Processing file /opt/airflow/dags/my_tasks.py for tasks to queue
[2026-10-01T13:55:19.723+0000] {logging_mixin.py:190} INFO - [2026-10-01T13:55:19.723+0000] {dagbag.py:588} INFO - Filling up the DagBag from /opt/airflow/dags/my_tasks.py
[2026-10-01T13:55:19.731+0000] {processor.py:925} INFO - DAG(s) 'my_dag' retrieved from /opt/airflow/dags/my_tasks.py
[2026-10-01T13:55:19.752+0000] {logging_mixin.py:190} INFO - [2026-10-01T13:55:19.752+0000] {dag.py:3239} INFO - Sync 1 DAGs
[2026-10-01T13:55:19.768+0000] {logging_mixin.py:190} INFO - [2026-10-01T13:55:19.767+0000] {dag.py:4180} INFO - Setting next_dagrun for my_dag to 2026-03-02 00:00:00+00:00, run_after=2026-03-02 00:00:00+00:00
[2026-10-01T13:55:19.783+0000] {processor.py:208} INFO - Processing /opt/airflow/dags/my_tasks.py took 0.074 seconds
[2026-10-01T14:23:59.466+0000] {processor.py:186} INFO - Started process (PID=187) to work on /opt/airflow/dags/my_tasks.py
[2026-10-01T14:23:59.467+0000] {processor.py:914} INFO - Processing file /opt/airflow/dags/my_tasks.py for tasks to queue
[2026-10-01T14:23:59.469+0000] {logging_mixin.py:190} INFO - [2026-10-01T14:23:59.468+0000] {dagbag.py:588} INFO - Filling up the DagBag from /opt/airflow/dags/my_tasks.py
[2026-10-01T14:23:59.484+0000] {processor.py:925} INFO - DAG(s) 'my_dag' retrieved from /opt/airflow/dags/my_tasks.py
[2026-10-01T14:23:59.679+0000] {logging_mixin.py:190} INFO - [2026-10-01T14:23:59.678+0000] {override.py:1912} INFO - Created Permission View: can edit on DAG:my_dag
[2026-10-01T14:23:59.689+0000] {logging_mixin.py:190} INFO - [2026-10-01T14:23:59.689+0000] {override.py:1912} INFO - Created Permission View: can delete on DAG:my_dag
[2026-10-01T14:23:59.698+0000] {logging_mixin.py:190} INFO - [2026-10-01T14:23:59.698+0000] {override.py:1912} INFO - Created Permission View: can read on DAG:my_dag
[2026-10-01T14:23:59.709+0000] {logging_mixin.py:190} INFO - [2026-10-01T14:23:59.709+0000] {override.py:1912} INFO - Created Permission View: can delete on DAG Run:my_dag
[2026-10-01T14:23:59.718+0000] {logging_mixin.py:190} INFO - [2026-10-01T14:23:59.718+0000] {override.py:1912} INFO - Created Permission View: menu access on DAG Run:my_dag
[2026-10-01T14:23:59.724+0000] {logging_mixin.py:190} INFO - [2026-10-01T14:23:59.724+0000] {override.py:1912} INFO - Created Permission View: can create on DAG Run:my_dag
[2026-10-01T14:23:59.731+0000] {logging_mixin.py:190} INFO - [2026-10-01T14:23:59.731+0000] {override.py:1912} INFO - Created Permission View: can read on DAG Run:my_dag
[2026-10-01T14:23:59.732+0000] {logging_mixin.py:190} INFO - [2026-10-01T14:23:59.732+0000] {dag.py:3239} INFO - Sync 1 DAGs
[2026-10-01T14:23:59.746+0000] {logging_mixin.py:190} INFO - [2026-10-01T14:23:59.745+0000] {dag.py:3262} INFO - Creating ORM DAG for my_dag
[2026-10-01T14:23:59.753+0000] {logging_mixin.py:190} INFO - [2026-10-01T14:23:59.753+0000] {dag.py:4180} INFO - Setting next_dagrun for my_dag to 2026-03-02 00:00:00+00:00, run_after=2026-03-02 00:00:00+00:00
[2026-10-01T14:23:59.769+0000] {processor.py:208} INFO - Processing /opt/airflow/dags/my_tasks.py took 0.307 seconds
[2026-10-01T14:24:29.948+0000] {processor.py:186} INFO - Started process (PID=198) to work on /opt/airflow/dags/my_tasks.py
[2026-10-01T14:24:29.949+0000] {processor.py:914} INFO - Processing file /opt/airflow/dags/my_tasks.py for tasks to queue
[2026-10-01T14:24:29.950+0000] {logging_mixin.py:190} INFO - [2026-10-01T14:24:29.950+0000] {dagbag.py:588} INFO - Filling up the DagBag from /opt/airflow/dags/my_tasks.py
[2026-10-01T14:24:29.957+0000] {processor.py:925} INFO - DAG(s) 'my_dag' retrieved from /opt/airflow/dags/my_tasks.py
[2026-10-01T14:24:29.974+0000] {logging_mixin.py:190} INFO - [2026-10-01T14:24:29.974+0000] {dag.py:3239} INFO - Sync 1 DAGs
[2026-10-01T14:24:29.991+0000] {logging_mixin.py:190} INFO - [2026-10-01T14:24:29.990+0000] {dag.py:4180} INFO - Setting next_dagrun for my_dag to 2026-03-02 00:00:00+00:00, run_after=2026-03-02 00:00:00+00:00
[2026-10-01T14:24:30.005+0000] {processor.py:208} INFO - Processing /opt/airflow/dags/my_tasks.py took 0.064 seconds
[2026-10-01T14:25:00.201+0000] {processor.py:186} INFO - Started process (PID=209) to work on /opt/airflow/dags/my_tasks.py
[2026-10-01T14:25:00.209+0000] {processor.py:914} INFO - Processing file /opt/airflow/dags/my_tasks.py for tasks to queue
[2026-10-01T14:25:00.212+0000] {logging_mixin.py:190} INFO - [2026-10-01T14:25:00.211+0000] {dagbag.py:588} INFO - Filling up the DagBag from /opt/airflow/dags/my_tasks.py
[2026-10-01T14:25:00.220+0000] {processor.py:925} INFO - DAG(s) 'my_dag' retrieved from /opt/airflow/dags/my_tasks.py
[2026-10-01T14:25:00.240+0000] {logging_mixin.py:190} INFO - [2026-10-01T14:25:00.240+0000] {dag.py:3239} INFO - Sync 1 DAGs
[2026-10-01T14:25:00.257+0000] {logging_mixin.py:190} INFO - [2026-10-01T14:25:00.257+0000] {dag.py:4180} INFO - Setting next_dagrun for my_dag to 2026-03-02 00:00:00+00:00, run_after=2026-03-02 00:00:00+00:00
[2026-10-01T14:25:00.271+0000] {processor.py:208} INFO - Processing /opt/airflow/dags/my_tasks.py took 0.074 seconds
[2026-10-01T14:25:30.470+0000] {processor.py:186} INFO - Started process (PID=226) to work on /opt/airflow/dags/my_tasks.py
[2026-10-01T14:25:30.471+0000] {processor.py:914} INFO - Processing file /opt/airflow/dags/my_tasks.py for tasks to queue
[2026-10-01T14:25:30.472+0000] {logging_mixin.py:190} INFO - [2026-10-01T14:25:30.472+0000] {dagbag.py:588} INFO - Filling up the DagBag from /opt/airflow/dags/my_tasks.py
[2026-10-01T14:25:30.482+0000] {processor.py:925} INFO - DAG(s) 'my_dag' retrieved from /opt/airflow/dags/my_tasks.py
[2026-10-01T14:25:30.506+0000] {logging_mixin.py:190} INFO - [2026-10-01T14:25:30.506+0000] {dag.py:3239} INFO - Sync 1 DAGs
[2026-10-01T14:25:30.522+0000] {logging_mixin.py:190} INFO - [2026-10-01T14:25:30.522+0000] {dag.py:4180} INFO - Setting next_dagrun for my_dag to 2026-03-02 00:00:00+00:00, run_after=2026-03-02 00:00:00+00:00
[2026-10-01T14:25:30.538+0000] {processor.py:208} INFO - Processing /opt/airflow/dags/my_tasks.py took 0.074 seconds
[2026-10-01T14:26:00.747+0000] {processor.py:186} INFO - Started process (PID=237) to work on /opt/airflow/dags/my_tasks.py
[2026-10-01T14:26:00.747+0000] {processor.py:914} INFO - Processing file /opt/airflow/dags/my_tasks.py for tasks to queue
[2026-10-01T14:26:00.750+0000] {logging_mixin.py:190} INFO - [2026-10-01T14:26:00.749+0000] {dagbag.py:588} INFO - Filling up the DagBag from /opt/airflow/dags/my_tasks.py
[2026-10-01T14:26:00.757+0000] {processor.py:925} INFO - DAG(s) 'my_dag' retrieved from /opt/airflow/dags/my_tasks.py
[2026-10-01T14:26:00.775+0000] {logging_mixin.py:190} INFO - [2026-10-01T14:26:00.775+0000] {dag.py:3239} INFO - Sync 1 DAGs
[2026-10-01T14:26:00.790+0000] {logging_mixin.py:190} INFO - [2026-10-01T14:26:00.790+0000] {dag.py:4180} INFO - Setting next_dagrun for my_dag to 2026-03-02 00:00:00+00:00, run_after=2026-03-02 00:00:00+00:00
[2026-10-01T14:26:00.805+0000] {processor.py:208} INFO - Processing /opt/airflow/dags/my_tasks.py took 0.064 seconds
[2026-10-01T14:26:31.010+0000] {processor.py:186} INFO - Started process (PID=248) to work on /opt/airflow/dags/my_tasks.py
[2026-10-01T14:26:31.010+0000] {processor.py:914} INFO - Processing file /opt/airflow/dags/my_tasks.py for tasks to queue
[2026-10-01T14:26:31.012+0000] {logging_mixin.py:190} INFO - [2026-10-01T14:26:31.012+0000] {dagbag.py:588} INFO - Filling up the DagBag from /opt/airflow/dags/my_tasks.py
[2026-10-01T14:26:31.018+0000] {processor.py:925} INFO - DAG(s) 'my_dag' retrieved from /opt/airflow/dags/my_tasks.py
[2026-10-01T14:26:31.037+0000] {logging_mixin.py:190} INFO - [2026-10-01T14:26:31.037+0000] {dag.py:3239} INFO - Sync 1 DAGs
[2026-10-01T14:26:31.053+0000] {logging_mixin.py:190} INFO - [2026-10-01T14:26:31.053+0000] {dag.py:4180} INFO - Setting next_dagrun for my_dag to 2026-03-02 00:00:00+00:00, run_after=2026-03-02 00:00:00+00:00
[2026-10-01T14:26:31.067+0000] {processor.py:208} INFO - Processing /opt/airflow/dags/my_tasks.py took 0.061 seconds
[2026-10-01T14:27:01.269+0000] {processor.py:186} INFO - Started process (PID=259) to work on /opt/airflow/dags/my_tasks.py
[2026-10-01T14:27:01.269+0000] {processor.py:914} INFO - Processing file /opt/airflow/dags/my_tasks.py for tasks to queue
[2026-10-01T14:27:01.271+0000] {logging_mixin.py:190} INFO - [2026-10-01T14:27:01.270+0000] {dagbag.py:588} INFO - Filling up the DagBag from /opt/airflow/dags/my_tasks.py
[2026-10-01T14:27:01.277+0000] {processor.py:925} INFO - DAG(s) 'my_dag' retrieved from /opt/airflow/dags/my_tasks.py
[2026-10-01T14:27:01.295+0000] {logging_mixin.py:190} INFO - [2026-10-01T14:27:01.295+0000] {dag.py:3239} INFO - Sync 1 DAGs
[2026-10-01T14:27:01.310+0000] {logging_mixin.py:190} INFO - [2026-10-01T14:27:01.310+0000] {dag.py:4180} INFO - Setting next_dagrun for my_dag to 2026-03-02 00:00:00+00:00, run_after=2026-03-02 00:00:00+00:00
[2026-10-01T14:27:01.328+0000] {processor.py:208} INFO - Processing /opt/airflow/dags/my_tasks.py took 0.063 seconds
[2026-10-01T14:27:31.531+0000] {processor.py:186} INFO - Started process (PID=270) to work on /opt/airflow/dags/my_tasks.py
[2026-10-01T14:27:31.531+0000] {processor.py:914} INFO - Processing file /opt/airflow/dags/my_tasks.py for tasks to queue
[2026-10-01T14:27:31.533+0000] {logging_mixin.py:190} INFO - [2026-10-01T14:27:31.533+0000] {dagbag.py:588} INFO - Filling up the DagBag from /opt/airflow/dags/my_tasks.py
[2026-10-01T14:27:31.540+0000] {processor.py:925} INFO - DAG(s) 'my_dag' retrieved from /opt/airflow/dags/my_tasks.py
[2026-10-01T14:27:31.557+0000] {logging_mixin.py:190} INFO - [2026-10-01T14:27:31.557+0000] {dag.py:3239} INFO - Sync 1 DAGs
[2026-10-01T14:27:31.573+0000] {logging_mixin.py:190} INFO - [2026-10-01T14:27:31.572+0000] {dag.py:4180} INFO - Setting next_dagrun for my_dag to 2026-03-02 00:00:00+00:00, run_after=2026-03-02 00:00:00+00:00
[2026-10-01T14:27:31.589+0000] {processor.py:208} INFO - Processing /opt/airflow/dags/my_tasks.py took 0.063 seconds
[2026-10-01T14:28:01.820+0000] {processor.py:186} INFO - Started process (PID=281) to work on /opt/airflow/dags/my_tasks.py
[2026-10-01T14:28:01.828+0000] {processor.py:914} INFO - Processing file /opt/airflow/dags/my_tasks.py for tasks to queue
[2026-10-01T14:28:01.830+0000] {logging_mixin.py:190} INFO - [2026-10-01T14:28:01.830+0000] {dagbag.py:588} INFO - Filling up the DagBag from /opt/airflow/dags/my_tasks.py
[2026-10-01T14:28:01.840+0000] {processor.py:925} INFO - DAG(s) 'my_dag' retrieved from /opt/airflow/dags/my_tasks.py
[2026-10-01T14:28:01.857+0000] {logging_mixin.py:190} INFO - [2026-10-01T14:28:01.857+0000] {dag.py:3239} INFO - Sync 1 DAGs
[2026-10-01T14:28:01.874+0000] {logging_mixin.py:190} INFO - [2026-10-01T14:28:01.873+0000] {dag.py:4180} INFO - Setting next_dagrun for my_dag to 2026-03-02 00:00:00+00:00, run_after=2026-03-02 00:00:00+00:00
[2026-10-01T14:28:01.888+0000] {processor.py:208} INFO - Processing /opt/airflow/dags/my_tasks.py took 0.072 seconds
[2026-10-01T14:28:32.080+0000] {processor.py:186} INFO - Started process (PID=292) to work on /opt/airflow/dags/my_tasks.py
[2026-10-01T14:28:32.086+0000] {processor.py:914} INFO - Processing file /opt/airflow/dags/my_tasks.py for tasks to queue
[2026-10-01T14:28:32.088+0000] {logging_mixin.py:190} INFO - [2026-10-01T14:28:32.088+0000] {dagbag.py:588} INFO - Filling up the DagBag from /opt/airflow/dags/my_tasks.py
[2026-10-01T14:28:32.096+0000] {processor.py:925} INFO - DAG(s) 'my_dag' retrieved from /opt/airflow/dags/my_tasks.py
[2026-10-01T14:28:32.114+0000] {logging_mixin.py:190} INFO - [2026-10-01T14:28:32.113+0000] {dag.py:3239} INFO - Sync 1 DAGs
[2026-10-01T14:28:32.129+0000] {logging_mixin.py:190} INFO - [2026-10-01T14:28:32.129+0000] {dag.py:4180} INFO - Setting next_dagrun for my_dag to 2026-03-02 00:00:00+00:00, run_after=2026-03-02 00:00:00+00:00
[2026-10-01T14:28:32.143+0000] {processor.py:208} INFO - Processing /opt/airflow/dags/my_tasks.py took 0.067 seconds
[2026-10-01T14:29:02.351+0000] {processor.py:186} INFO - Started process (PID=303) to work on /opt/airflow/dags/my_tasks.py
[2026-10-01T14:29:02.359+0000] {processor.py:914} INFO - Processing file /opt/airflow/dags/my_tasks.py for tasks to queue
[2026-10-01T14:29:02.361+0000] {logging_mixin.py:190} INFO - [2026-10-01T14:29:02.361+0000] {dagbag.py:588} INFO - Filling up the DagBag from /opt/airflow/dags/my_tasks.py
[2026-10-01T14:29:02.371+0000] {processor.py:925} INFO - DAG(s) 'my_dag' retrieved from /opt/airflow/dags/my_tasks.py
[2026-10-01T14:29:02.388+0000] {logging_mixin.py:190} INFO - [2026-10-01T14:29:02.388+0000] {dag.py:3239} INFO - Sync 1 DAGs
[2026-10-01T14:29:02.404+0000] {logging_mixin.py:190} INFO - [2026-10-01T14:29:02.403+0000] {dag.py:4180} INFO - Setting next_dagrun for my_dag to 2026-03-02 00:00:00+00:00, run_after=2026-03-02 00:00:00+00:00
[2026-10-01T14:29:02.418+0000] {processor.py:208} INFO - Processing /opt/airflow/dags/my_tasks.py took 0.070 seconds
[2026-10-01T14:29:32.611+0000] {processor.py:186} INFO - Started process (PID=314) to work on /opt/airflow/dags/my_tasks.py
[2026-10-01T14:29:32.619+0000] {processor.py:914} INFO - Processing file /opt/airflow/dags/my_tasks.py for tasks to queue
[2026-10-01T14:29:32.622+0000] {logging_mixin.py:190} INFO - [2026-10-01T14:29:32.621+0000] {dagbag.py:588} INFO - Filling up the DagBag from /opt/airflow/dags/my_tasks.py
[2026-10-01T14:29:32.632+0000] {processor.py:925} INFO - DAG(s) 'my_dag' retrieved from /opt/airflow/dags/my_tasks.py
[2026-10-01T14:29:32.653+0000] {logging_mixin.py:190} INFO - [2026-10-01T14:29:32.652+0000] {dag.py:3239} INFO - Sync 1 DAGs
[2026-10-01T14:29:32.668+0000] {logging_mixin.py:190} INFO - [2026-10-01T14:29:32.668+0000] {dag.py:4180} INFO - Setting next_dagrun for my_dag to 2026-03-02 00:00:00+00:00, run_after=2026-03-02 00:00:00+00:00
[2026-10-01T14:29:32.694+0000] {processor.py:208} INFO - Processing /opt/airflow/dags/my_tasks.py took 0.087 seconds
[2026-10-01T14:30:02.886+0000] {processor.py:186} INFO - Started process (PID=325) to work on /opt/airflow/dags/my_tasks.py
[2026-10-01T14:30:02.894+0000] {processor.py:914} INFO - Processing file /opt/airflow/dags/my_tasks.py for tasks to queue
[2026-10-01T14:30:02.896+0000] {logging_mixin.py:190} INFO - [2026-10-01T14:30:02.896+0000] {dagbag.py:588} INFO - Filling up the DagBag from /opt/airflow/dags/my_tasks.py
[2026-10-01T14:30:02.906+0000] {processor.py:925} INFO - DAG(s) 'my_dag' retrieved from /opt/airflow/dags/my_tasks.py
[2026-10-01T14:30:02.928+0000] {logging_mixin.py:190} INFO - [2026-10-01T14:30:02.927+0000] {dag.py:3239} INFO - Sync 1 DAGs
[2026-10-01T14:30:02.944+0000] {logging_mixin.py:190} INFO - [2026-10-01T14:30:02.944+0000] {dag.py:4180} INFO - Setting next_dagrun for my_dag to 2026-03-02 00:00:00+00:00, run_after=2026-03-02 00:00:00+00:00
[2026-10-01T14:30:02.958+0000] {processor.py:208} INFO - Processing /opt/airflow/dags/my_tasks.py took 0.076 seconds
[2026-10-01T14:30:33.146+0000] {processor.py:186} INFO - Started process (PID=336) to work on /opt/airflow/dags/my_tasks.py
[2026-10-01T14:30:33.154+0000] {processor.py:914} INFO - Processing file /opt/airflow/dags/my_tasks.py for tasks to queue
[2026-10-01T14:30:33.157+0000] {logging_mixin.py:190} INFO - [2026-10-01T14:30:33.156+0000] {dagbag.py:588} INFO - Filling up the DagBag from /opt/airflow/dags/my_tasks.py
[2026-10-01T14:30:33.165+0000] {processor.py:925} INFO - DAG(s) 'my_dag' retrieved from /opt/airflow/dags/my_tasks.py
[2026-10-01T14:30:33.183+0000] {logging_mixin.py:190} INFO - [2026-10-01T14:30:33.183+0000] {dag.py:3239} INFO - Sync 1 DAGs
[2026-10-01T14:30:33.199+0000] {logging_mixin.py:190} INFO - [2026-10-01T14:30:33.199+0000] {dag.py:4180} INFO - Setting next_dagrun for my_dag to 2026-03-02 00:00:00+00:00, run_after=2026-03-02 00:00:00+00:00
[2026-10-01T14:30:33.213+0000] {processor.py:208} INFO - Processing /opt/airflow/dags/my_tasks.py took 0.071 seconds
[2026-10-01T14:31:03.421+0000] {processor.py:186} INFO - Started process (PID=347) to work on /opt/airflow/dags/my_tasks.py
[2026-10-01T14:31:03.421+0000] {processor.py:914} INFO - Processing file /opt/airflow/dags/my_tasks.py for tasks to queue
[2026-10-01T14:31:03.423+0000] {logging_mixin.py:190} INFO - [2026-10-01T14:31:03.423+0000] {dagbag.py:588} INFO - Filling up the DagBag from /opt/airflow/dags/my_tasks.py
[2026-10-01T14:31:03.429+0000] {processor.py:925} INFO - DAG(s) 'my_dag' retrieved from /opt/airflow/dags/my_tasks.py
[2026-10-01T14:31:03.447+0000] {logging_mixin.py:190} INFO - [2026-10-01T14:31:03.447+0000] {dag.py:3239} INFO - Sync 1 DAGs
[2026-10-01T14:31:03.463+0000] {logging_mixin.py:190} INFO - [2026-10-01T14:31:03.463+0000] {dag.py:4180} INFO - Setting next_dagrun for my_dag to 2026-03-02 00:00:00+00:00, run_after=2026-03-02 00:00:00+00:00
[2026-10-01T14:31:03.477+0000] {processor.py:208} INFO - Processing /opt/airflow/dags/my_tasks.py took 0.060 seconds
[2026-10-01T14:31:33.677+0000] {processor.py:186} INFO - Started process (PID=358) to work on /opt/airflow/dags/my_tasks.py
[2026-10-01T14:31:33.685+0000] {processor.py:914} INFO - Processing file /opt/airflow/dags/my_tasks.py for tasks to queue
[2026-10-01T14:31:33.686+0000] {logging_mixin.py:190} INFO - [2026-10-01T14:31:33.686+0000] {dagbag.py:588} INFO - Filling up the DagBag from /opt/airflow/dags/my_tasks.py
[2026-10-01T14:31:33.693+0000] {processor.py:925} INFO - DAG(s) 'my_dag' retrieved from /opt/airflow/dags/my_tasks.py
[2026-10-01T14:31:33.712+0000] {logging_mixin.py:190} INFO - [2026-10-01T14:31:33.712+0000] {dag.py:3239} INFO - Sync 1 DAGs
[2026-10-01T14:31:33.730+0000] {logging_mixin.py:190} INFO - [2026-10-01T14:31:33.730+0000] {dag.py:4180} INFO - Setting next_dagrun for my_dag to 2026-03-02 00:00:00+00:00, run_after=2026-03-02 00:00:00+00:00
[2026-10-01T14:31:33.745+0000] {processor.py:208} INFO - Processing /opt/airflow/dags/my_tasks.py took 0.072 seconds
[2026-10-01T14:32:03.961+0000] {processor.py:186} INFO - Started process (PID=369) to work on /opt/airflow/dags/my_tasks.py
[2026-10-01T14:32:03.969+0000] {processor.py:914} INFO - Processing file /opt/airflow/dags/my_tasks.py for tasks to queue
[2026-10-01T14:32:03.971+0000] {logging_mixin.py:190} INFO - [2026-10-01T14:32:03.971+0000] {dagbag.py:588} INFO - Filling up the DagBag from /opt/airflow/dags/my_tasks.py
[2026-10-01T14:32:03.982+0000] {processor.py:925} INFO - DAG(s) 'my_dag' retrieved from /opt/airflow/dags/my_tasks.py
[2026-10-01T14:32:04.000+0000] {logging_mixin.py:190} INFO - [2026-10-01T14:32:04.000+0000] {dag.py:3239} INFO - Sync 1 DAGs
[2026-10-01T14:32:04.017+0000] {logging_mixin.py:190} INFO - [2026-10-01T14:32:04.017+0000] {dag.py:4180} INFO - Setting next_dagrun for my_dag to 2026-03-02 00:00:00+00:00, run_after=2026-03-02 00:00:00+00:00
[2026-10-01T14:32:04.032+0000] {processor.py:208} INFO - Processing /opt/airflow/dags/my_tasks.py took 0.074 seconds
[2026-10-01T14:32:34.220+0000] {processor.py:186} INFO - Started process (PID=380) to work on /opt/airflow/dags/my_tasks.py
[2026-10-01T14:32:34.228+0000] {processor.py:914} INFO - Processing file /opt/airflow/dags/my_tasks.py for tasks to queue
[2026-10-01T14:32:34.231+0000] {logging_mixin.py:190} INFO - [2026-10-01T14:32:34.231+0000] {dagbag.py:588} INFO - Filling up the DagBag from /opt/airflow/dags/my_tasks.py
[2026-10-01T14:32:34.244+0000] {processor.py:925} INFO - DAG(s) 'my_dag' retrieved from /opt/airflow/dags/my_tasks.py
[2026-10-01T14:32:34.261+0000] {logging_mixin.py:190} INFO - [2026-10-01T14:32:34.261+0000] {dag.py:3239} INFO - Sync 1 DAGs
[2026-10-01T14:32:34.276+0000] {logging_mixin.py:190} INFO - [2026-10-01T14:32:34.276+0000] {dag.py:4180} INFO - Setting next_dagrun for my_dag to 2026-03-02 00:00:00+00:00, run_after=2026-03-02 00:00:00+00:00
[2026-10-01T14:32:34.291+0000] {processor.py:208} INFO - Processing /opt/airflow/dags/my_tasks.py took 0.074 seconds
[2026-10-01T14:33:04.486+0000] {processor.py:186} INFO - Started process (PID=391) to work on /opt/airflow/dags/my_tasks.py
[2026-10-01T14:33:04.494+0000] {processor.py:914} INFO - Processing file /opt/airflow/dags/my_tasks.py for tasks to queue
[2026-10-01T14:33:04.495+0000] {logging_mixin.py:190} INFO - [2026-10-01T14:33:04.495+0000] {dagbag.py:588} INFO - Filling up the DagBag from /opt/airflow/dags/my_tasks.py
[2026-10-01T14:33:04.504+0000] {processor.py:925} INFO - DAG(s) 'my_dag' retrieved from /opt/airflow/dags/my_tasks.py
[2026-10-01T14:33:04.522+0000] {logging_mixin.py:190} INFO - [2026-10-01T14:33:04.521+0000] {dag.py:3239} INFO - Sync 1 DAGs
[2026-10-01T14:33:04.537+0000] {logging_mixin.py:190} INFO - [2026-10-01T14:33:04.537+0000] {dag.py:4180} INFO - Setting next_dagrun for my_dag to 2026-03-02 00:00:00+00:00, run_after=2026-03-02 00:00:00+00:00
[2026-10-01T14:33:04.568+0000] {processor.py:208} INFO - Processing /opt/airflow/dags/my_tasks.py took 0.085 seconds
[2026-10-01T14:33:34.737+0000] {processor.py:186} INFO - Started process (PID=402) to work on /opt/airflow/dags/my_tasks.py
[2026-10-01T14:33:34.745+0000] {processor.py:914} INFO - Processing file /opt/airflow/dags/my_tasks.py for tasks to queue
[2026-10-01T14:33:34.747+0000] {logging_mixin.py:190} INFO - [2026-10-01T14:33:34.747+0000] {dagbag.py:588} INFO - Filling up the DagBag from /opt/airflow/dags/my_tasks.py
[2026-10-01T14:33:34.758+0000] {processor.py:925} INFO - DAG(s) 'my_dag' retrieved from /opt/airflow/dags/my_tasks.py
[2026-10-01T14:33:34.775+0000] {logging_mixin.py:190} INFO - [2026-10-01T14:33:34.775+0000] {dag.py:3239} INFO - Sync 1 DAGs
[2026-10-01T14:33:34.792+0000] {logging_mixin.py:190} INFO - [2026-10-01T14:33:34.792+0000] {dag.py:4180} INFO - Setting next_dagrun for my_dag to 2026-03-02 00:00:00+00:00, run_after=2026-03-02 00:00:00+00:00
[2026-10-01T14:33:34.807+0000] {processor.py:208} INFO - Processing /opt/airflow/dags/my_tasks.py took 0.074 seconds
[2026-10-01T14:34:04.998+0000] {processor.py:186} INFO - Started process (PID=413) to work on /opt/airflow/dags/my_tasks.py
[2026-10-01T14:34:05.006+0000] {processor.py:914} INFO - Processing file /opt/airflow/dags/my_tasks.py for tasks to queue
[2026-10-01T14:34:05.009+0000] {logging_mixin.py:190} INFO - [2026-10-01T14:34:05.008+0000] {dagbag.py:588} INFO - Filling up the DagBag from /opt/airflow/dags/my_tasks.py
[2026-10-01T14:34:05.019+0000] {processor.py:925} INFO - DAG(s) 'my_dag' retrieved from /opt/airflow/dags/my_tasks.py
[2026-10-01T14:34:05.039+0000] {logging_mixin.py:190} INFO - [2026-10-01T14:34:05.039+0000] {dag.py:3239} INFO - Sync 1 DAGs
[2026-10-01T14:34:05.056+0000] {logging_mixin.py:190} INFO - [2026-10-01T14:34:05.056+0000] {dag.py:4180} INFO - Setting next_dagrun for my_dag to 2026-03-02 00:00:00+00:00, run_after=2026-03-02 00:00:00+00:00
[2026-10-01T14:34:05.081+0000] {processor.py:208} INFO - Processing /opt/airflow/dags/my_tasks.py took 0.087 seconds
[2026-10-01T14:34:35.242+0000] {processor.py:186} INFO - Started process (PID=424) to work on /opt/airflow/dags/my_tasks.py
[2026-10-01T14:34:35.250+0000] {processor.py:914} INFO - Processing file /opt/airflow/dags/my_tasks.py for tasks to queue
[2026-10-01T14:34:35.253+0000] {logging_mixin.py:190} INFO - [2026-10-01T14:34:35.252+0000] {dagbag.py:588} INFO - Filling up the DagBag from /opt/airflow/dags/my_tasks.py
[2026-10-01T14:34:35.259+0000] {processor.py:925} INFO - DAG(s) 'my_dag' retrieved from /opt/airflow/dags/my_tasks.py
[2026-10-01T14:34:35.277+0000] {logging_mixin.py:190} INFO - [2026-10-01T14:34:35.277+0000] {dag.py:3239} INFO - Sync 1 DAGs
[2026-10-01T14:34:35.292+0000] {logging_mixin.py:190} INFO - [2026-10-01T14:34:35.292+0000] {dag.py:4180} INFO - Setting next_dagrun for my_dag to 2026-03-02 00:00:00+00:00, run_after=2026-03-02 00:00:00+00:00
[2026-10-01T14:34:35.307+0000] {processor.py:208} INFO - Processing /opt/airflow/dags/my_tasks.py took 0.069 seconds
[2026-10-01T14:35:05.534+0000] {processor.py:186} INFO - Started process (PID=435) to work on /opt/airflow/dags/my_tasks.py
[2026-10-01T14:35:05.542+0000] {processor.py:914} INFO - Processing file /opt/airflow/dags/my_tasks.py for tasks to queue
[2026-10-01T14:35:05.545+0000] {logging_mixin.py:190} INFO - [2026-10-01T14:35:05.544+0000] {dagbag.py:588} INFO - Filling up the DagBag from /opt/airflow/dags/my_tasks.py
[2026-10-01T14:35:05.553+0000] {processor.py:925} INFO - DAG(s) 'my_dag' retrieved from /opt/airflow/dags/my_tasks.py
[2026-10-01T14:35:05.570+0000] {logging_mixin.py:190} INFO - [2026-10-01T14:35:05.570+0000] {dag.py:3239} INFO - Sync 1 DAGs
[2026-10-01T14:35:05.587+0000] {logging_mixin.py:190} INFO - [2026-10-01T14:35:05.586+0000] {dag.py:4180} INFO - Setting next_dagrun for my_dag to 2026-03-02 00:00:00+00:00, run_after=2026-03-02 00:00:00+00:00
[2026-10-01T14:35:05.600+0000] {processor.py:208} INFO - Processing /opt/airflow/dags/my_tasks.py took 0.071 seconds
[2026-10-01T14:35:35.804+0000] {processor.py:186} INFO - Started process (PID=446) to work on /opt/airflow/dags/my_tasks.py
[2026-10-01T14:35:35.804+0000] {processor.py:914} INFO - Processing file /opt/airflow/dags/my_tasks.py for tasks to queue
[2026-10-01T14:35:35.806+0000] {logging_mixin.py:190} INFO - [2026-10-01T14:35:35.805+0000] {dagbag.py:588} INFO - Filling up the DagBag from /opt/airflow/dags/my_tasks.py
[2026-10-01T14:35:35.813+0000] {processor.py:925} INFO - DAG(s) 'my_dag' retrieved from /opt/airflow/dags/my_tasks.py
[2026-10-01T14:35:35.833+0000] {logging_mixin.py:190} INFO - [2026-10-01T14:35:35.833+0000] {dag.py:3239} INFO - Sync 1 DAGs
[2026-10-01T14:35:35.849+0000] {logging_mixin.py:190} INFO - [2026-10-01T14:35:35.849+0000] {dag.py:4180} INFO - Setting next_dagrun for my_dag to 2026-03-02 00:00:00+00:00, run_after=2026-03-02 00:00:00+00:00
[2026-10-01T14:35:35.863+0000] {processor.py:208} INFO - Processing /opt/airflow/dags/my_tasks.py took 0.063 seconds
[2026-10-01T14:36:06.098+0000] {processor.py:186} INFO - Started process (PID=457) to work on /opt/airflow/dags/my_tasks.py
[2026-10-01T14:36:06.101+0000] {processor.py:914} INFO - Processing file /opt/airflow/dags/my_tasks.py for tasks to queue
[2026-10-01T14:36:06.102+0000] {logging_mixin.py:190} INFO - [2026-10-01T14:36:06.102+0000] {dagbag.py:588} INFO - Filling up the DagBag from /opt/airflow/dags/my_tasks.py
[2026-10-01T14:36:06.110+0000] {processor.py:925} INFO - DAG(s) 'my_dag' retrieved from /opt/airflow/dags/my_tasks.py
[2026-10-01T14:36:06.127+0000] {logging_mixin.py:190} INFO - [2026-10-01T14:36:06.127+0000] {dag.py:3239} INFO - Sync 1 DAGs
[2026-10-01T14:36:06.142+0000] {logging_mixin.py:190} INFO - [2026-10-01T14:36:06.142+0000] {dag.py:4180} INFO - Setting next_dagrun for my_dag to 2026-03-02 00:00:00+00:00, run_after=2026-03-02 00:00:00+00:00
[2026-10-01T14:36:06.155+0000] {processor.py:208} INFO - Processing /opt/airflow/dags/my_tasks.py took 0.061 seconds
[2026-10-01T14:36:36.369+0000] {processor.py:186} INFO - Started process (PID=468) to work on /opt/airflow/dags/my_tasks.py
[2026-10-01T14:36:36.377+0000] {processor.py:914} INFO - Processing file /opt/airflow/dags/my_tasks.py for tasks to queue
[2026-10-01T14:36:36.380+0000] {logging_mixin.py:190} INFO - [2026-10-01T14:36:36.379+0000] {dagbag.py:588} INFO - Filling up the DagBag from /opt/airflow/dags/my_tasks.py
[2026-10-01T14:36:36.390+0000] {processor.py:925} INFO - DAG(s) 'my_dag' retrieved from /opt/airflow/dags/my_tasks.py
[2026-10-01T14:36:36.407+0000] {logging_mixin.py:190} INFO - [2026-10-01T14:36:36.407+0000] {dag.py:3239} INFO - Sync 1 DAGs
[2026-10-01T14:36:36.422+0000] {logging_mixin.py:190} INFO - [2026-10-01T14:36:36.422+0000] {dag.py:4180} INFO - Setting next_dagrun for my_dag to 2026-03-02 00:00:00+00:00, run_after=2026-03-02 00:00:00+00:00
[2026-10-01T14:36:36.437+0000] {processor.py:208} INFO - Processing /opt/airflow/dags/my_tasks.py took 0.072 seconds
[2026-10-01T14:37:06.643+0000] {processor.py:186} INFO - Started process (PID=479) to work on /opt/airflow/dags/my_tasks.py
[2026-10-01T14:37:06.644+0000] {processor.py:914} INFO - Processing file /opt/airflow/dags/my_tasks.py for tasks to queue
[2026-10-01T14:37:06.645+0000] {logging_mixin.py:190} INFO - [2026-10-01T14:37:06.645+0000] {dagbag.py:588} INFO - Filling up the DagBag from /opt/airflow/dags/my_tasks.py
[2026-10-01T14:37:06.652+0000] {processor.py:925} INFO - DAG(s) 'my_dag' retrieved from /opt/airflow/dags/my_tasks.py
[2026-10-01T14:37:06.670+0000] {logging_mixin.py:190} INFO - [2026-10-01T14:37:06.670+0000] {dag.py:3239} INFO - Sync 1 DAGs
[2026-10-01T14:37:06.685+0000] {logging_mixin.py:190} INFO - [2026-10-01T14:37:06.685+0000] {dag.py:4180} INFO - Setting next_dagrun for my_dag to 2026-03-02 00:00:00+00:00, run_after=2026-03-02 00:00:00+00:00
[2026-10-01T14:37:06.700+0000] {processor.py:208} INFO - Processing /opt/airflow/dags/my_tasks.py took 0.061 seconds
[2026-10-01T14:37:36.921+0000] {processor.py:186} INFO - Started process (PID=490) to work on /opt/airflow/dags/my_tasks.py
[2026-10-01T14:37:36.929+0000] {processor.py:914} INFO - Processing file /opt/airflow/dags/my_tasks.py for tasks to queue
[2026-10-01T14:37:36.932+0000] {logging_mixin.py:190} INFO - [2026-10-01T14:37:36.931+0000] {dagbag.py:588} INFO - Filling up the DagBag from /opt/airflow/dags/my_tasks.py
[2026-10-01T14:37:36.939+0000] {processor.py:925} INFO - DAG(s) 'my_dag' retrieved from /opt/airflow/dags/my_tasks.py
[2026-10-01T14:37:36.956+0000] {logging_mixin.py:190} INFO - [2026-10-01T14:37:36.956+0000] {dag.py:3239} INFO - Sync 1 DAGs
[2026-10-01T14:37:36.973+0000] {logging_mixin.py:190} INFO - [2026-10-01T14:37:36.973+0000] {dag.py:4180} INFO - Setting next_dagrun for my_dag to 2026-03-02 00:00:00+00:00, run_after=2026-03-02 00:00:00+00:00
[2026-10-01T14:37:36.987+0000] {processor.py:208} INFO - Processing /opt/airflow/dags/my_tasks.py took 0.070 seconds
[2026-10-01T14:38:07.175+0000] {processor.py:186} INFO - Started process (PID=501) to work on /opt/airflow/dags/my_tasks.py
[2026-10-01T14:38:07.175+0000] {processor.py:914} INFO - Processing file /opt/airflow/dags/my_tasks.py for tasks to queue
[2026-10-01T14:38:07.177+0000] {logging_mixin.py:190} INFO - [2026-10-01T14:38:07.177+0000] {dagbag.py:588} INFO - Filling up the DagBag from /opt/airflow/dags/my_tasks.py
[2026-10-01T14:38:07.184+0000] {processor.py:925} INFO - DAG(s) 'my_dag' retrieved from /opt/airflow/dags/my_tasks.py
[2026-10-01T14:38:07.201+0000] {logging_mixin.py:190} INFO - [2026-10-01T14:38:07.201+0000] {dag.py:3239} INFO - Sync 1 DAGs
[2026-10-01T14:38:07.216+0000] {logging_mixin.py:190} INFO - [2026-10-01T14:38:07.216+0000] {dag.py:4180} INFO - Setting next_dagrun for my_dag to 2026-03-02 00:00:00+00:00, run_after=2026-03-02 00:00:00+00:00
[2026-10-01T14:38:07.231+0000] {processor.py:208} INFO - Processing /opt/airflow/dags/my_tasks.py took 0.060 seconds
[2026-10-01T14:38:37.444+0000] {processor.py:186} INFO - Started process (PID=512) to work on /opt/airflow/dags/my_tasks.py
[2026-10-01T14:38:37.452+0000] {processor.py:914} INFO - Processing file /opt/airflow/dags/my_tasks.py for tasks to queue
[2026-10-01T14:38:37.453+0000] {logging_mixin.py:190} INFO - [2026-10-01T14:38:37.453+0000] {dagbag.py:588} INFO - Filling up the DagBag from /opt/airflow/dags/my_tasks.py
[2026-10-01T14:38:37.463+0000] {processor.py:925} INFO - DAG(s) 'my_dag' retrieved from /opt/airflow/dags/my_tasks.py
[2026-10-01T14:38:37.481+0000] {logging_mixin.py:190} INFO - [2026-10-01T14:38:37.481+0000] {dag.py:3239} INFO - Sync 1 DAGs
[2026-10-01T14:38:37.496+0000] {logging_mixin.py:190} INFO - [2026-10-01T14:38:37.496+0000] {dag.py:4180} INFO - Setting next_dagrun for my_dag to 2026-03-02 00:00:00+00:00, run_after=2026-03-02 00:00:00+00:00
[2026-10-01T14:38:37.510+0000] {processor.py:208} INFO - Processing /opt/airflow/dags/my_tasks.py took 0.071 seconds
[2026-10-01T14:39:07.699+0000] {processor.py:186} INFO - Started process (PID=523) to work on /opt/airflow/dags/my_tasks.py
[2026-10-01T14:39:07.700+0000] {processor.py:914} INFO - Processing file /opt/airflow/dags/my_tasks.py for tasks to queue
[2026-10-01T14:39:07.701+0000] {logging_mixin.py:190} INFO - [2026-10-01T14:39:07.701+0000] {dagbag.py:588} INFO - Filling up the DagBag from /opt/airflow/dags/my_tasks.py
[2026-10-01T14:39:07.708+0000] {processor.py:925} INFO - DAG(s) 'my_dag' retrieved from /opt/airflow/dags/my_tasks.py
[2026-10-01T14:39:07.726+0000] {logging_mixin.py:190} INFO - [2026-10-01T14:39:07.726+0000] {dag.py:3239} INFO - Sync 1 DAGs
[2026-10-01T14:39:07.742+0000] {logging_mixin.py:190} INFO - [2026-10-01T14:39:07.742+0000] {dag.py:4180} INFO - Setting next_dagrun for my_dag to 2026-03-02 00:00:00+00:00, run_after=2026-03-02 00:00:00+00:00
[2026-10-01T14:39:07.756+0000] {processor.py:208} INFO - Processing /opt/airflow/dags/my_tasks.py took 0.061 seconds
[2026-10-01T14:39:37.973+0000] {processor.py:186} INFO - Started process (PID=534) to work on /opt/airflow/dags/my_tasks.py
[2026-10-01T14:39:37.974+0000] {processor.py:914} INFO - Processing file /opt/airflow/dags/my_tasks.py for tasks to queue
[2026-10-01T14:39:37.975+0000] {logging_mixin.py:190} INFO - [2026-10-01T14:39:37.975+0000] {dagbag.py:588} INFO - Filling up the DagBag from /opt/airflow/dags/my_tasks.py
[2026-10-01T14:39:37.982+0000] {processor.py:925} INFO - DAG(s) 'my_dag' retrieved from /opt/airflow/dags/my_tasks.py
[2026-10-01T14:39:38.000+0000] {logging_mixin.py:190} INFO - [2026-10-01T14:39:38.000+0000] {dag.py:3239} INFO - Sync 1 DAGs
[2026-10-01T14:39:38.015+0000] {logging_mixin.py:190} INFO - [2026-10-01T14:39:38.015+0000] {dag.py:4180} INFO - Setting next_dagrun for my_dag to 2026-03-02 00:00:00+00:00, run_after=2026-03-02 00:00:00+00:00
[2026-10-01T14:39:38.030+0000] {processor.py:208} INFO - Processing /opt/airflow/dags/my_tasks.py took 0.061 seconds
[2026-10-01T14:40:08.260+0000] {processor.py:186} INFO - Started process (PID=545) to work on /opt/airflow/dags/my_tasks.py
[2026-10-01T14:40:08.261+0000] {processor.py:914} INFO - Processing file /opt/airflow/dags/my_tasks.py for tasks to queue
[2026-10-01T14:40:08.263+0000] {logging_mixin.py:190} INFO - [2026-10-01T14:40:08.262+0000] {dagbag.py:588} INFO - Filling up the DagBag from /opt/airflow/dags/my_tasks.py
[2026-10-01T14:40:08.269+0000] {processor.py:925} INFO - DAG(s) 'my_dag' retrieved from /opt/airflow/dags/my_tasks.py
[2026-10-01T14:40:08.286+0000] {logging_mixin.py:190} INFO - [2026-10-01T14:40:08.286+0000] {dag.py:3239} INFO - Sync 1 DAGs
[2026-10-01T14:40:08.302+0000] {logging_mixin.py:190} INFO - [2026-10-01T14:40:08.301+0000] {dag.py:4180} INFO - Setting next_dagrun for my_dag to 2026-03-02 00:00:00+00:00, run_after=2026-03-02 00:00:00+00:00
[2026-10-01T14:40:08.316+0000] {processor.py:208} INFO - Processing /opt/airflow/dags/my_tasks.py took 0.060 seconds
[2026-10-01T14:40:38.539+0000] {processor.py:186} INFO - Started process (PID=556) to work on /opt/airflow/dags/my_tasks.py
[2026-10-01T14:40:38.546+0000] {processor.py:914} INFO - Processing file /opt/airflow/dags/my_tasks.py for tasks to queue
[2026-10-01T14:40:38.548+0000] {logging_mixin.py:190} INFO - [2026-10-01T14:40:38.548+0000] {dagbag.py:588} INFO - Filling up the DagBag from /opt/airflow/dags/my_tasks.py
[2026-10-01T14:40:38.556+0000] {processor.py:925} INFO - DAG(s) 'my_dag' retrieved from /opt/airflow/dags/my_tasks.py
[2026-10-01T14:40:38.574+0000] {logging_mixin.py:190} INFO - [2026-10-01T14:40:38.574+0000] {dag.py:3239} INFO - Sync 1 DAGs
[2026-10-01T14:40:38.590+0000] {logging_mixin.py:190} INFO - [2026-10-01T14:40:38.590+0000] {dag.py:4180} INFO - Setting next_dagrun for my_dag to 2026-03-02 00:00:00+00:00, run_after=2026-03-02 00:00:00+00:00
[2026-10-01T14:40:38.604+0000] {processor.py:208} INFO - Processing /opt/airflow/dags/my_tasks.py took 0.069 seconds
[2026-10-01T14:41:08.821+0000] {processor.py:186} INFO - Started process (PID=567) to work on /opt/airflow/dags/my_tasks.py
[2026-10-01T14:41:08.829+0000] {processor.py:914} INFO - Processing file /opt/airflow/dags/my_tasks.py for tasks to queue
[2026-10-01T14:41:08.832+0000] {logging_mixin.py:190} INFO - [2026-10-01T14:41:08.831+0000] {dagbag.py:588} INFO - Filling up the DagBag from /opt/airflow/dags/my_tasks.py
[2026-10-01T14:41:08.842+0000] {processor.py:925} INFO - DAG(s) 'my_dag' retrieved from /opt/airflow/dags/my_tasks.py
[2026-10-01T14:41:08.859+0000] {logging_mixin.py:190} INFO - [2026-10-01T14:41:08.858+0000] {dag.py:3239} INFO - Sync 1 DAGs
[2026-10-01T14:41:08.874+0000] {logging_mixin.py:190} INFO - [2026-10-01T14:41:08.874+0000] {dag.py:4180} INFO - Setting next_dagrun for my_dag to 2026-03-02 00:00:00+00:00, run_after=2026-03-02 00:00:00+00:00
[2026-10-01T14:41:08.888+0000] {processor.py:208} INFO - Processing /opt/airflow/dags/my_tasks.py took 0.071 seconds
[2026-10-01T14:41:39.113+0000] {processor.py:186} INFO - Started process (PID=578) to work on /opt/airflow/dags/my_tasks.py
[2026-10-01T14:41:39.121+0000] {processor.py:914} INFO - Processing file /opt/airflow/dags/my_tasks.py for tasks to queue
[2026-10-01T14:41:39.123+0000] {logging_mixin.py:190} INFO - [2026-10-01T14:41:39.123+0000] {dagbag.py:588} INFO - Filling up the DagBag from /opt/airflow/dags/my_tasks.py
[2026-10-01T14:41:39.129+0000] {processor.py:925} INFO - DAG(s) 'my_dag' retrieved from /opt/airflow/dags/my_tasks.py
[2026-10-01T14:41:39.147+0000] {logging_mixin.py:190} INFO - [2026-10-01T14:41:39.147+0000] {dag.py:3239} INFO - Sync 1 DAGs
[2026-10-01T14:41:39.162+0000] {logging_mixin.py:190} INFO - [2026-10-01T14:41:39.162+0000] {dag.py:4180} INFO - Setting next_dagrun for my_dag to 2026-03-02 00:00:00+00:00, run_after=2026-03-02 00:00:00+00:00
[2026-10-01T14:41:39.176+0000] {processor.py:208} INFO - Processing /opt/airflow/dags/my_tasks.py took 0.067 seconds
[2026-10-01T14:42:09.390+0000] {processor.py:186} INFO - Started process (PID=589) to work on /opt/airflow/dags/my_tasks.py
[2026-10-01T14:42:09.397+0000] {processor.py:914} INFO - Processing file /opt/airflow/dags/my_tasks.py for tasks to queue
[2026-10-01T14:42:09.400+0000] {logging_mixin.py:190} INFO - [2026-10-01T14:42:09.400+0000] {dagbag.py:588} INFO - Filling up the DagBag from /opt/airflow/dags/my_tasks.py
[2026-10-01T14:42:09.410+0000] {processor.py:925} INFO - DAG(s) 'my_dag' retrieved from /opt/airflow/dags/my_tasks.py
[2026-10-01T14:42:09.428+0000] {logging_mixin.py:190} INFO - [2026-10-01T14:42:09.427+0000] {dag.py:3239} INFO - Sync 1 DAGs
[2026-10-01T14:42:09.443+0000] {logging_mixin.py:190} INFO - [2026-10-01T14:42:09.443+0000] {dag.py:4180} INFO - Setting next_dagrun for my_dag to 2026-03-02 00:00:00+00:00, run_after=2026-03-02 00:00:00+00:00
[2026-10-01T14:42:09.457+0000] {processor.py:208} INFO - Processing /opt/airflow/dags/my_tasks.py took 0.071 seconds
[2026-10-01T14:42:39.635+0000] {processor.py:186} INFO - Started process (PID=600) to work on /opt/airflow/dags/my_tasks.py
[2026-10-01T14:42:39.643+0000] {processor.py:914} INFO - Processing file /opt/airflow/dags/my_tasks.py for tasks to queue
[2026-10-01T14:42:39.645+0000] {logging_mixin.py:190} INFO - [2026-10-01T14:42:39.644+0000] {dagbag.py:588} INFO - Filling up the DagBag from /opt/airflow/dags/my_tasks.py
[2026-10-01T14:42:39.654+0000] {processor.py:925} INFO - DAG(s) 'my_dag' retrieved from /opt/airflow/dags/my_tasks.py
[2026-10-01T14:42:39.671+0000] {logging_mixin.py:190} INFO - [2026-10-01T14:42:39.671+0000] {dag.py:3239} INFO - Sync 1 DAGs
[2026-10-01T14:42:39.686+0000] {logging_mixin.py:190} INFO - [2026-10-01T14:42:39.686+0000] {dag.py:4180} INFO - Setting next_dagrun for my_dag to 2026-03-02 00:00:00+00:00, run_after=2026-03-02 00:00:00+00:00
[2026-10-01T14:42:39.702+0000] {processor.py:208} INFO - Processing /opt/airflow/dags/my_tasks.py took 0.071 seconds
[2026-10-01T14:43:09.900+0000] {processor.py:186} INFO - Started process (PID=611) to work on /opt/airflow/dags/my_tasks.py
[2026-10-01T14:43:09.901+0000] {processor.py:914} INFO - Processing file /opt/airflow/dags/my_tasks.py for tasks to queue
[2026-10-01T14:43:09.902+0000] {logging_mixin.py:190} INFO - [2026-10-01T14:43:09.902+0000] {dagbag.py:588} INFO - Filling up the DagBag from /opt/airflow/dags/my_tasks.py
[2026-10-01T14:43:09.909+0000] {processor.py:925} INFO - DAG(s) 'my_dag' retrieved from /opt/airflow/dags/my_tasks.py
[2026-10-01T14:43:09.926+0000] {logging_mixin.py:190} INFO - [2026-10-01T14:43:09.926+0000] {dag.py:3239} INFO - Sync 1 DAGs
[2026-10-01T14:43:09.943+0000] {logging_mixin.py:190} INFO - [2026-10-01T14:43:09.943+0000] {dag.py:4180} INFO - Setting next_dagrun for my_dag to 2026-03-02 00:00:00+00:00, run_after=2026-03-02 00:00:00+00:00
[2026-10-01T14:43:09.958+0000] {processor.py:208} INFO - Processing /opt/airflow/dags/my_tasks.py took 0.062 seconds
[2026-10-01T14:43:40.161+0000] {processor.py:186} INFO - Started process (PID=622) to work on /opt/airflow/dags/my_tasks.py
[2026-10-01T14:43:40.162+0000] {processor.py:914} INFO - Processing file /opt/airflow/dags/my_tasks.py for tasks to queue
[2026-10-01T14:43:40.163+0000] {logging_mixin.py:190} INFO - [2026-10-01T14:43:40.163+0000] {dagbag.py:588} INFO - Filling up the DagBag from /opt/airflow/dags/my_tasks.py
[2026-10-01T14:43:40.169+0000] {processor.py:925} INFO - DAG(s) 'my_dag' retrieved from /opt/airflow/dags/my_tasks.py
[2026-10-01T14:43:40.187+0000] {logging_mixin.py:190} INFO - [2026-10-01T14:43:40.187+0000] {dag.py:3239} INFO - Sync 1 DAGs
[2026-10-01T14:43:40.202+0000] {logging_mixin.py:190} INFO - [2026-10-01T14:43:40.202+0000] {dag.py:4180} INFO - Setting next_dagrun for my_dag to 2026-03-02 00:00:00+00:00, run_after=2026-03-02 00:00:00+00:00
[2026-10-01T14:43:40.216+0000] {processor.py:208} INFO - Processing /opt/airflow/dags/my_tasks.py took 0.059 seconds
[2026-10-01T14:44:10.438+0000] {processor.py:186} INFO - Started process (PID=633) to work on /opt/airflow/dags/my_tasks.py
[2026-10-01T14:44:10.445+0000] {processor.py:914} INFO - Processing file /opt/airflow/dags/my_tasks.py for tasks to queue
[2026-10-01T14:44:10.447+0000] {logging_mixin.py:190} INFO - [2026-10-01T14:44:10.447+0000] {dagbag.py:588} INFO - Filling up the DagBag from /opt/airflow/dags/my_tasks.py
[2026-10-01T14:44:10.458+0000] {processor.py:925} INFO - DAG(s) 'my_dag' retrieved from /opt/airflow/dags/my_tasks.py
[2026-10-01T14:44:10.476+0000] {logging_mixin.py:190} INFO - [2026-10-01T14:44:10.475+0000] {dag.py:3239} INFO - Sync 1 DAGs
[2026-10-01T14:44:10.491+0000] {logging_mixin.py:190} INFO - [2026-10-01T14:44:10.490+0000] {dag.py:4180} INFO - Setting next_dagrun for my_dag to 2026-03-02 00:00:00+00:00, run_after=2026-03-02 00:00:00+00:00
[2026-10-01T14:44:10.505+0000] {processor.py:208} INFO - Processing /opt/airflow/dags/my_tasks.py took 0.071 seconds
[2026-10-01T14:44:40.701+0000] {processor.py:186} INFO - Started process (PID=644) to work on /opt/airflow/dags/my_tasks.py
[2026-10-01T14:44:40.709+0000] {processor.py:914} INFO - Processing file /opt/airflow/dags/my_tasks.py for tasks to queue
[2026-10-01T14:44:40.710+0000] {logging_mixin.py:190} INFO - [2026-10-01T14:44:40.710+0000] {dagbag.py:588} INFO - Filling up the DagBag from /opt/airflow/dags/my_tasks.py
[2026-10-01T14:44:40.719+0000] {processor.py:925} INFO - DAG(s) 'my_dag' retrieved from /opt/airflow/dags/my_tasks.py
[2026-10-01T14:44:40.737+0000] {logging_mixin.py:190} INFO - [2026-10-01T14:44:40.736+0000] {dag.py:3239} INFO - Sync 1 DAGs
[2026-10-01T14:44:40.753+0000] {logging_mixin.py:190} INFO - [2026-10-01T14:44:40.753+0000] {dag.py:4180} INFO - Setting next_dagrun for my_dag to 2026-03-02 00:00:00+00:00, run_after=2026-03-02 00:00:00+00:00
[2026-10-01T14:44:40.769+0000] {processor.py:208} INFO - Processing /opt/airflow/dags/my_tasks.py took 0.072 seconds
[2026-10-01T14:45:10.981+0000] {processor.py:186} INFO - Started process (PID=655) to work on /opt/airflow/dags/my_tasks.py
[2026-10-01T14:45:10.989+0000] {processor.py:914} INFO - Processing file /opt/airflow/dags/my_tasks.py for tasks to queue
[2026-10-01T14:45:10.990+0000] {logging_mixin.py:190} INFO - [2026-10-01T14:45:10.990+0000] {dagbag.py:588} INFO - Filling up the DagBag from /opt/airflow/dags/my_tasks.py
[2026-10-01T14:45:10.998+0000] {processor.py:925} INFO - DAG(s) 'my_dag' retrieved from /opt/airflow/dags/my_tasks.py
[2026-10-01T14:45:11.015+0000] {logging_mixin.py:190} INFO - [2026-10-01T14:45:11.015+0000] {dag.py:3239} INFO - Sync 1 DAGs
[2026-10-01T14:45:11.030+0000] {logging_mixin.py:190} INFO - [2026-10-01T14:45:11.030+0000] {dag.py:4180} INFO - Setting next_dagrun for my_dag to 2026-03-02 00:00:00+00:00, run_after=2026-03-02 00:00:00+00:00
[2026-10-01T14:45:11.044+0000] {processor.py:208} INFO - Processing /opt/airflow/dags/my_tasks.py took 0.067 seconds
[2026-10-01T14:45:41.266+0000] {processor.py:186} INFO - Started process (PID=666) to work on /opt/airflow/dags/my_tasks.py
[2026-10-01T14:45:41.274+0000] {processor.py:914} INFO - Processing file /opt/airflow/dags/my_tasks.py for tasks to queue
[2026-10-01T14:45:41.277+0000] {logging_mixin.py:190} INFO - [2026-10-01T14:45:41.277+0000] {dagbag.py:588} INFO - Filling up the DagBag from /opt/airflow/dags/my_tasks.py
[2026-10-01T14:45:41.287+0000] {processor.py:925} INFO - DAG(s) 'my_dag' retrieved from /opt/airflow/dags/my_tasks.py
[2026-10-01T14:45:41.304+0000] {logging_mixin.py:190} INFO - [2026-10-01T14:45:41.304+0000] {dag.py:3239} INFO - Sync 1 DAGs
[2026-10-01T14:45:41.320+0000] {logging_mixin.py:190} INFO - [2026-10-01T14:45:41.320+0000] {dag.py:4180} INFO - Setting next_dagrun for my_dag to 2026-03-02 00:00:00+00:00, run_after=2026-03-02 00:00:00+00:00
[2026-10-01T14:45:41.334+0000] {processor.py:208} INFO - Processing /opt/airflow/dags/my_tasks.py took 0.072 seconds
[2026-10-01T14:46:11.519+0000] {processor.py:186} INFO - Started process (PID=677) to work on /opt/airflow/dags/my_tasks.py
[2026-10-01T14:46:11.527+0000] {processor.py:914} INFO - Processing file /opt/airflow/dags/my_tasks.py for tasks to queue
[2026-10-01T14:46:11.529+0000] {logging_mixin.py:190} INFO - [2026-10-01T14:46:11.529+0000] {dagbag.py:588} INFO - Filling up the DagBag from /opt/airflow/dags/my_tasks.py
[2026-10-01T14:46:11.538+0000] {processor.py:925} INFO - DAG(s) 'my_dag' retrieved from /opt/airflow/dags/my_tasks.py
[2026-10-01T14:46:11.558+0000] {logging_mixin.py:190} INFO - [2026-10-01T14:46:11.558+0000] {dag.py:3239} INFO - Sync 1 DAGs
[2026-10-01T14:46:11.573+0000] {logging_mixin.py:190} INFO - [2026-10-01T14:46:11.573+0000] {dag.py:4180} INFO - Setting next_dagrun for my_dag to 2026-03-02 00:00:00+00:00, run_after=2026-03-02 00:00:00+00:00
[2026-10-01T14:46:11.588+0000] {processor.py:208} INFO - Processing /opt/airflow/dags/my_tasks.py took 0.073 seconds
[2026-10-01T14:46:41.774+0000] {processor.py:186} INFO - Started process (PID=688) to work on /opt/airflow/dags/my_tasks.py
[2026-10-01T14:46:41.782+0000] {processor.py:914} INFO - Processing file /opt/airflow/dags/my_tasks.py for tasks to queue
[2026-10-01T14:46:41.783+0000] {logging_mixin.py:190} INFO - [2026-10-01T14:46:41.783+0000] {dagbag.py:588} INFO - Filling up the DagBag from /opt/airflow/dags/my_tasks.py
[2026-10-01T14:46:41.792+0000] {processor.py:925} INFO - DAG(s) 'my_dag' retrieved from /opt/airflow/dags/my_tasks.py
[2026-10-01T14:46:41.810+0000] {logging_mixin.py:190} INFO - [2026-10-01T14:46:41.810+0000] {dag.py:3239} INFO - Sync 1 DAGs
[2026-10-01T14:46:41.826+0000] {logging_mixin.py:190} INFO - [2026-10-01T14:46:41.826+0000] {dag.py:4180} INFO - Setting next_dagrun for my_dag to 2026-03-02 00:00:00+00:00, run_after=2026-03-02 00:00:00+00:00
[2026-10-01T14:46:41.839+0000] {processor.py:208} INFO - Processing /opt/airflow/dags/my_tasks.py took 0.069 seconds
[2026-10-01T14:47:12.032+0000] {processor.py:186} INFO - Started process (PID=699) to work on /opt/airflow/dags/my_tasks.py
[2026-10-01T14:47:12.040+0000] {processor.py:914} INFO - Processing file /opt/airflow/dags/my_tasks.py for tasks to queue
[2026-10-01T14:47:12.042+0000] {logging_mixin.py:190} INFO - [2026-10-01T14:47:12.041+0000] {dagbag.py:588} INFO - Filling up the DagBag from /opt/airflow/dags/my_tasks.py
[2026-10-01T14:47:12.051+0000] {processor.py:925} INFO - DAG(s) 'my_dag' retrieved from /opt/airflow/dags/my_tasks.py
[2026-10-01T14:47:12.072+0000] {logging_mixin.py:190} INFO - [2026-10-01T14:47:12.072+0000] {dag.py:3239} INFO - Sync 1 DAGs
[2026-10-01T14:47:12.087+0000] {logging_mixin.py:190} INFO - [2026-10-01T14:47:12.086+0000] {dag.py:4180} INFO - Setting next_dagrun for my_dag to 2026-03-02 00:00:00+00:00, run_after=2026-03-02 00:00:00+00:00
[2026-10-01T14:47:12.100+0000] {processor.py:208} INFO - Processing /opt/airflow/dags/my_tasks.py took 0.072 seconds
[2026-10-01T14:47:42.303+0000] {processor.py:186} INFO - Started process (PID=710) to work on /opt/airflow/dags/my_tasks.py
[2026-10-01T14:47:42.304+0000] {processor.py:914} INFO - Processing file /opt/airflow/dags/my_tasks.py for tasks to queue
[2026-10-01T14:47:42.305+0000] {logging_mixin.py:190} INFO - [2026-10-01T14:47:42.305+0000] {dagbag.py:588} INFO - Filling up the DagBag from /opt/airflow/dags/my_tasks.py
[2026-10-01T14:47:42.312+0000] {processor.py:925} INFO - DAG(s) 'my_dag' retrieved from /opt/airflow/dags/my_tasks.py
[2026-10-01T14:47:42.329+0000] {logging_mixin.py:190} INFO - [2026-10-01T14:47:42.329+0000] {dag.py:3239} INFO - Sync 1 DAGs
[2026-10-01T14:47:42.346+0000] {logging_mixin.py:190} INFO - [2026-10-01T14:47:42.345+0000] {dag.py:4180} INFO - Setting next_dagrun for my_dag to 2026-03-02 00:00:00+00:00, run_after=2026-03-02 00:00:00+00:00
[2026-10-01T14:47:42.360+0000] {processor.py:208} INFO - Processing /opt/airflow/dags/my_tasks.py took 0.061 seconds
[2026-10-01T14:48:12.556+0000] {processor.py:186} INFO - Started process (PID=721) to work on /opt/airflow/dags/my_tasks.py
[2026-10-01T14:48:12.565+0000] {processor.py:914} INFO - Processing file /opt/airflow/dags/my_tasks.py for tasks to queue
[2026-10-01T14:48:12.566+0000] {logging_mixin.py:190} INFO - [2026-10-01T14:48:12.566+0000] {dagbag.py:588} INFO - Filling up the DagBag from /opt/airflow/dags/my_tasks.py
[2026-10-01T14:48:12.573+0000] {processor.py:925} INFO - DAG(s) 'my_dag' retrieved from /opt/airflow/dags/my_tasks.py
[2026-10-01T14:48:12.590+0000] {logging_mixin.py:190} INFO - [2026-10-01T14:48:12.590+0000] {dag.py:3239} INFO - Sync 1 DAGs
[2026-10-01T14:48:12.605+0000] {logging_mixin.py:190} INFO - [2026-10-01T14:48:12.605+0000] {dag.py:4180} INFO - Setting next_dagrun for my_dag to 2026-03-02 00:00:00+00:00, run_after=2026-03-02 00:00:00+00:00
[2026-10-01T14:48:12.620+0000] {processor.py:208} INFO - Processing /opt/airflow/dags/my_tasks.py took 0.068 seconds
[2026-10-01T14:48:42.821+0000] {processor.py:186} INFO - Started process (PID=732) to work on /opt/airflow/dags/my_tasks.py
[2026-10-01T14:48:42.822+0000] {processor.py:914} INFO - Processing file /opt/airflow/dags/my_tasks.py for tasks to queue
[2026-10-01T14:48:42.824+0000] {logging_mixin.py:190} INFO - [2026-10-01T14:48:42.823+0000] {dagbag.py:588} INFO - Filling up the DagBag from /opt/airflow/dags/my_tasks.py
[2026-10-01T14:48:42.831+0000] {processor.py:925} INFO - DAG(s) 'my_dag' retrieved from /opt/airflow/dags/my_tasks.py
[2026-10-01T14:48:42.849+0000] {logging_mixin.py:190} INFO - [2026-10-01T14:48:42.849+0000] {dag.py:3239} INFO - Sync 1 DAGs
[2026-10-01T14:48:42.865+0000] {logging_mixin.py:190} INFO - [2026-10-01T14:48:42.865+0000] {dag.py:4180} INFO - Setting next_dagrun for my_dag to 2026-03-02 00:00:00+00:00, run_after=2026-03-02 00:00:00+00:00
[2026-10-01T14:48:42.879+0000] {processor.py:208} INFO - Processing /opt/airflow/dags/my_tasks.py took 0.062 seconds
[2026-10-01T14:49:13.076+0000] {processor.py:186} INFO - Started process (PID=743) to work on /opt/airflow/dags/my_tasks.py
[2026-10-01T14:49:13.084+0000] {processor.py:914} INFO - Processing file /opt/airflow/dags/my_tasks.py for tasks to queue
[2026-10-01T14:49:13.087+0000] {logging_mixin.py:190} INFO - [2026-10-01T14:49:13.086+0000] {dagbag.py:588} INFO - Filling up the DagBag from /opt/airflow/dags/my_tasks.py
[2026-10-01T14:49:13.096+0000] {processor.py:925} INFO - DAG(s) 'my_dag' retrieved from /opt/airflow/dags/my_tasks.py
[2026-10-01T14:49:13.114+0000] {logging_mixin.py:190} INFO - [2026-10-01T14:49:13.113+0000] {dag.py:3239} INFO - Sync 1 DAGs
[2026-10-01T14:49:13.129+0000] {logging_mixin.py:190} INFO - [2026-10-01T14:49:13.128+0000] {dag.py:4180} INFO - Setting next_dagrun for my_dag to 2026-03-02 00:00:00+00:00, run_after=2026-03-02 00:00:00+00:00
[2026-10-01T14:49:13.142+0000] {processor.py:208} INFO - Processing /opt/airflow/dags/my_tasks.py took 0.070 seconds
[2026-10-01T14:49:43.358+0000] {processor.py:186} INFO - Started process (PID=754) to work on /opt/airflow/dags/my_tasks.py
[2026-10-01T14:49:43.364+0000] {processor.py:914} INFO - Processing file /opt/airflow/dags/my_tasks.py for tasks to queue
[2026-10-01T14:49:43.365+0000] {logging_mixin.py:190} INFO - [2026-10-01T14:49:43.365+0000] {dagbag.py:588} INFO - Filling up the DagBag from /opt/airflow/dags/my_tasks.py
[2026-10-01T14:49:43.374+0000] {processor.py:925} INFO - DAG(s) 'my_dag' retrieved from /opt/airflow/dags/my_tasks.py
[2026-10-01T14:49:43.392+0000] {logging_mixin.py:190} INFO - [2026-10-01T14:49:43.392+0000] {dag.py:3239} INFO - Sync 1 DAGs
[2026-10-01T14:49:43.407+0000] {logging_mixin.py:190} INFO - [2026-10-01T14:49:43.407+0000] {dag.py:4180} INFO - Setting next_dagrun for my_dag to 2026-03-02 00:00:00+00:00, run_after=2026-03-02 00:00:00+00:00
[2026-10-01T14:49:43.421+0000] {processor.py:208} INFO - Processing /opt/airflow/dags/my_tasks.py took 0.067 seconds
[2026-10-01T14:50:13.646+0000] {processor.py:186} INFO - Started process (PID=765) to work on /opt/airflow/dags/my_tasks.py
[2026-10-01T14:50:13.654+0000] {processor.py:914} INFO - Processing file /opt/airflow/dags/my_tasks.py for tasks to queue
[2026-10-01T14:50:13.656+0000] {logging_mixin.py:190} INFO - [2026-10-01T14:50:13.656+0000] {dagbag.py:588} INFO - Filling up the DagBag from /opt/airflow/dags/my_tasks.py
[2026-10-01T14:50:13.665+0000] {processor.py:925} INFO - DAG(s) 'my_dag' retrieved from /opt/airflow/dags/my_tasks.py
[2026-10-01T14:50:13.683+0000] {logging_mixin.py:190} INFO - [2026-10-01T14:50:13.683+0000] {dag.py:3239} INFO - Sync 1 DAGs
[2026-10-01T14:50:13.699+0000] {logging_mixin.py:190} INFO - [2026-10-01T14:50:13.699+0000] {dag.py:4180} INFO - Setting next_dagrun for my_dag to 2026-03-02 00:00:00+00:00, run_after=2026-03-02 00:00:00+00:00
[2026-10-01T14:50:13.713+0000] {processor.py:208} INFO - Processing /opt/airflow/dags/my_tasks.py took 0.071 seconds
[2026-10-01T14:50:43.920+0000] {processor.py:186} INFO - Started process (PID=776) to work on /opt/airflow/dags/my_tasks.py
[2026-10-01T14:50:43.920+0000] {processor.py:914} INFO - Processing file /opt/airflow/dags/my_tasks.py for tasks to queue
[2026-10-01T14:50:43.922+0000] {logging_mixin.py:190} INFO - [2026-10-01T14:50:43.921+0000] {dagbag.py:588} INFO - Filling up the DagBag from /opt/airflow/dags/my_tasks.py
[2026-10-01T14:50:43.929+0000] {processor.py:925} INFO - DAG(s) 'my_dag' retrieved from /opt/airflow/dags/my_tasks.py
[2026-10-01T14:50:43.947+0000] {logging_mixin.py:190} INFO - [2026-10-01T14:50:43.947+0000] {dag.py:3239} INFO - Sync 1 DAGs
[2026-10-01T14:50:43.962+0000] {logging_mixin.py:190} INFO - [2026-10-01T14:50:43.962+0000] {dag.py:4180} INFO - Setting next_dagrun for my_dag to 2026-03-02 00:00:00+00:00, run_after=2026-03-02 00:00:00+00:00
[2026-10-01T14:50:43.976+0000] {processor.py:208} INFO - Processing /opt/airflow/dags/my_tasks.py took 0.060 seconds
[2026-10-01T14:51:14.181+0000] {processor.py:186} INFO - Started process (PID=787) to work on /opt/airflow/dags/my_tasks.py
[2026-10-01T14:51:14.189+0000] {processor.py:914} INFO - Processing file /opt/airflow/dags/my_tasks.py for tasks to queue
[2026-10-01T14:51:14.191+0000] {logging_mixin.py:190} INFO - [2026-10-01T14:51:14.190+0000] {dagbag.py:588} INFO - Filling up the DagBag from /opt/airflow/dags/my_tasks.py
[2026-10-01T14:51:14.198+0000] {processor.py:925} INFO - DAG(s) 'my_dag' retrieved from /opt/airflow/dags/my_tasks.py
[2026-10-01T14:51:14.215+0000] {logging_mixin.py:190} INFO - [2026-10-01T14:51:14.215+0000] {dag.py:3239} INFO - Sync 1 DAGs
[2026-10-01T14:51:14.231+0000] {logging_mixin.py:190} INFO - [2026-10-01T14:51:14.231+0000] {dag.py:4180} INFO - Setting next_dagrun for my_dag to 2026-03-02 00:00:00+00:00, run_after=2026-03-02 00:00:00+00:00
[2026-10-01T14:51:14.245+0000] {processor.py:208} INFO - Processing /opt/airflow/dags/my_tasks.py took 0.068 seconds
[2026-10-01T14:51:44.439+0000] {processor.py:186} INFO - Started process (PID=798) to work on /opt/airflow/dags/my_tasks.py
[2026-10-01T14:51:44.440+0000] {processor.py:914} INFO - Processing file /opt/airflow/dags/my_tasks.py for tasks to queue
[2026-10-01T14:51:44.441+0000] {logging_mixin.py:190} INFO - [2026-10-01T14:51:44.441+0000] {dagbag.py:588} INFO - Filling up the DagBag from /opt/airflow/dags/my_tasks.py
[2026-10-01T14:51:44.448+0000] {processor.py:925} INFO - DAG(s) 'my_dag' retrieved from /opt/airflow/dags/my_tasks.py
[2026-10-01T14:51:44.467+0000] {logging_mixin.py:190} INFO - [2026-10-01T14:51:44.467+0000] {dag.py:3239} INFO - Sync 1 DAGs
[2026-10-01T14:51:44.483+0000] {logging_mixin.py:190} INFO - [2026-10-01T14:51:44.483+0000] {dag.py:4180} INFO - Setting next_dagrun for my_dag to 2026-03-02 00:00:00+00:00, run_after=2026-03-02 00:00:00+00:00
[2026-10-01T14:51:44.497+0000] {processor.py:208} INFO - Processing /opt/airflow/dags/my_tasks.py took 0.062 seconds
[2026-10-01T14:52:14.692+0000] {processor.py:186} INFO - Started process (PID=809) to work on /opt/airflow/dags/my_tasks.py
[2026-10-01T14:52:14.693+0000] {processor.py:914} INFO - Processing file /opt/airflow/dags/my_tasks.py for tasks to queue
[2026-10-01T14:52:14.694+0000] {logging_mixin.py:190} INFO - [2026-10-01T14:52:14.694+0000] {dagbag.py:588} INFO - Filling up the DagBag from /opt/airflow/dags/my_tasks.py
[2026-10-01T14:52:14.701+0000] {processor.py:925} INFO - DAG(s) 'my_dag' retrieved from /opt/airflow/dags/my_tasks.py
[2026-10-01T14:52:14.719+0000] {logging_mixin.py:190} INFO - [2026-10-01T14:52:14.718+0000] {dag.py:3239} INFO - Sync 1 DAGs
[2026-10-01T14:52:14.735+0000] {logging_mixin.py:190} INFO - [2026-10-01T14:52:14.735+0000] {dag.py:4180} INFO - Setting next_dagrun for my_dag to 2026-03-02 00:00:00+00:00, run_after=2026-03-02 00:00:00+00:00
[2026-10-01T14:52:14.749+0000] {processor.py:208} INFO - Processing /opt/airflow/dags/my_tasks.py took 0.061 seconds
[2026-10-01T14:52:44.962+0000] {processor.py:186} INFO - Started process (PID=820) to work on /opt/airflow/dags/my_tasks.py
[2026-10-01T14:52:44.963+0000] {processor.py:914} INFO - Processing file /opt/airflow/dags/my_tasks.py for tasks to queue
[2026-10-01T14:52:44.964+0000] {logging_mixin.py:190} INFO - [2026-10-01T14:52:44.964+0000] {dagbag.py:588} INFO - Filling up the DagBag from /opt/airflow/dags/my_tasks.py
[2026-10-01T14:52:44.972+0000] {processor.py:925} INFO - DAG(s) 'my_dag' retrieved from /opt/airflow/dags/my_tasks.py
[2026-10-01T14:52:44.991+0000] {logging_mixin.py:190} INFO - [2026-10-01T14:52:44.991+0000] {dag.py:3239} INFO - Sync 1 DAGs
[2026-10-01T14:52:45.006+0000] {logging_mixin.py:190} INFO - [2026-10-01T14:52:45.006+0000] {dag.py:4180} INFO - Setting next_dagrun for my_dag to 2026-03-02 00:00:00+00:00, run_after=2026-03-02 00:00:00+00:00
[2026-10-01T14:52:45.021+0000] {processor.py:208} INFO - Processing /opt/airflow/dags/my_tasks.py took 0.063 seconds
[2026-10-01T14:53:15.246+0000] {processor.py:186} INFO - Started process (PID=831) to work on /opt/airflow/dags/my_tasks.py
[2026-10-01T14:53:15.254+0000] {processor.py:914} INFO - Processing file /opt/airflow/dags/my_tasks.py for tasks to queue
[2026-10-01T14:53:15.256+0000] {logging_mixin.py:190} INFO - [2026-10-01T14:53:15.256+0000] {dagbag.py:588} INFO - Filling up the DagBag from /opt/airflow/dags/my_tasks.py
[2026-10-01T14:53:15.263+0000] {processor.py:925} INFO - DAG(s) 'my_dag' retrieved from /opt/airflow/dags/my_tasks.py
[2026-10-01T14:53:15.280+0000] {logging_mixin.py:190} INFO - [2026-10-01T14:53:15.280+0000] {dag.py:3239} INFO - Sync 1 DAGs
[2026-10-01T14:53:15.295+0000] {logging_mixin.py:190} INFO - [2026-10-01T14:53:15.295+0000] {dag.py:4180} INFO - Setting next_dagrun for my_dag to 2026-03-02 00:00:00+00:00, run_after=2026-03-02 00:00:00+00:00
[2026-10-01T14:53:15.309+0000] {processor.py:208} INFO - Processing /opt/airflow/dags/my_tasks.py took 0.067 seconds
[2026-10-01T14:53:45.504+0000] {processor.py:186} INFO - Started process (PID=842) to work on /opt/airflow/dags/my_tasks.py
[2026-10-01T14:53:45.505+0000] {processor.py:914} INFO - Processing file /opt/airflow/dags/my_tasks.py for tasks to queue
[2026-10-01T14:53:45.506+0000] {logging_mixin.py:190} INFO - [2026-10-01T14:53:45.506+0000] {dagbag.py:588} INFO - Filling up the DagBag from /opt/airflow/dags/my_tasks.py
[2026-10-01T14:53:45.513+0000] {processor.py:925} INFO - DAG(s) 'my_dag' retrieved from /opt/airflow/dags/my_tasks.py
[2026-10-01T14:53:45.530+0000] {logging_mixin.py:190} INFO - [2026-10-01T14:53:45.530+0000] {dag.py:3239} INFO - Sync 1 DAGs
[2026-10-01T14:53:45.545+0000] {logging_mixin.py:190} INFO - [2026-10-01T14:53:45.545+0000] {dag.py:4180} INFO - Setting next_dagrun for my_dag to 2026-03-02 00:00:00+00:00, run_after=2026-03-02 00:00:00+00:00
[2026-10-01T14:53:45.559+0000] {processor.py:208} INFO - Processing /opt/airflow/dags/my_tasks.py took 0.059 seconds
[2026-10-01T14:54:15.765+0000] {processor.py:186} INFO - Started process (PID=853) to work on /opt/airflow/dags/my_tasks.py
[2026-10-01T14:54:15.772+0000] {processor.py:914} INFO - Processing file /opt/airflow/dags/my_tasks.py for tasks to queue
[2026-10-01T14:54:15.774+0000] {logging_mixin.py:190} INFO - [2026-10-01T14:54:15.774+0000] {dagbag.py:588} INFO - Filling up the DagBag from /opt/airflow/dags/my_tasks.py
[2026-10-01T14:54:15.783+0000] {processor.py:925} INFO - DAG(s) 'my_dag' retrieved from /opt/airflow/dags/my_tasks.py
[2026-10-01T14:54:15.800+0000] {logging_mixin.py:190} INFO - [2026-10-01T14:54:15.800+0000] {dag.py:3239} INFO - Sync 1 DAGs
[2026-10-01T14:54:15.816+0000] {logging_mixin.py:190} INFO - [2026-10-01T14:54:15.816+0000] {dag.py:4180} INFO - Setting next_dagrun for my_dag to 2026-03-02 00:00:00+00:00, run_after=2026-03-02 00:00:00+00:00
[2026-10-01T14:54:15.830+0000] {processor.py:208} INFO - Processing /opt/airflow/dags/my_tasks.py took 0.069 seconds
[2026-10-01T14:54:46.058+0000] {processor.py:186} INFO - Started process (PID=864) to work on /opt/airflow/dags/my_tasks.py
[2026-10-01T14:54:46.058+0000] {processor.py:914} INFO - Processing file /opt/airflow/dags/my_tasks.py for tasks to queue
[2026-10-01T14:54:46.060+0000] {logging_mixin.py:190} INFO - [2026-10-01T14:54:46.060+0000] {dagbag.py:588} INFO - Filling up the DagBag from /opt/airflow/dags/my_tasks.py
[2026-10-01T14:54:46.067+0000] {processor.py:925} INFO - DAG(s) 'my_dag' retrieved from /opt/airflow/dags/my_tasks.py
[2026-10-01T14:54:46.084+0000] {logging_mixin.py:190} INFO - [2026-10-01T14:54:46.084+0000] {dag.py:3239} INFO - Sync 1 DAGs
[2026-10-01T14:54:46.100+0000] {logging_mixin.py:190} INFO - [2026-10-01T14:54:46.099+0000] {dag.py:4180} INFO - Setting next_dagrun for my_dag to 2026-03-02 00:00:00+00:00, run_after=2026-03-02 00:00:00+00:00
[2026-10-01T14:54:46.113+0000] {processor.py:208} INFO - Processing /opt/airflow/dags/my_tasks.py took 0.061 seconds
[2026-10-01T14:55:16.336+0000] {processor.py:186} INFO - Started process (PID=875) to work on /opt/airflow/dags/my_tasks.py
[2026-10-01T14:55:16.344+0000] {processor.py:914} INFO - Processing file /opt/airflow/dags/my_tasks.py for tasks to queue
[2026-10-01T14:55:16.346+0000] {logging_mixin.py:190} INFO - [2026-10-01T14:55:16.346+0000] {dagbag.py:588} INFO - Filling up the DagBag from /opt/airflow/dags/my_tasks.py
[2026-10-01T14:55:16.353+0000] {processor.py:925} INFO - DAG(s) 'my_dag' retrieved from /opt/airflow/dags/my_tasks.py
[2026-10-01T14:55:16.372+0000] {logging_mixin.py:190} INFO - [2026-10-01T14:55:16.372+0000] {dag.py:3239} INFO - Sync 1 DAGs
[2026-10-01T14:55:16.388+0000] {logging_mixin.py:190} INFO - [2026-10-01T14:55:16.388+0000] {dag.py:4180} INFO - Setting next_dagrun for my_dag to 2026-03-02 00:00:00+00:00, run_after=2026-03-02 00:00:00+00:00
[2026-10-01T14:55:16.402+0000] {processor.py:208} INFO - Processing /opt/airflow/dags/my_tasks.py took 0.070 seconds
[2026-10-01T14:55:46.620+0000] {processor.py:186} INFO - Started process (PID=886) to work on /opt/airflow/dags/my_tasks.py
[2026-10-01T14:55:46.623+0000] {processor.py:914} INFO - Processing file /opt/airflow/dags/my_tasks.py for tasks to queue
[2026-10-01T14:55:46.624+0000] {logging_mixin.py:190} INFO - [2026-10-01T14:55:46.624+0000] {dagbag.py:588} INFO - Filling up the DagBag from /opt/airflow/dags/my_tasks.py
[2026-10-01T14:55:46.632+0000] {processor.py:925} INFO - DAG(s) 'my_dag' retrieved from /opt/airflow/dags/my_tasks.py
[2026-10-01T14:55:46.650+0000] {logging_mixin.py:190} INFO - [2026-10-01T14:55:46.650+0000] {dag.py:3239} INFO - Sync 1 DAGs
[2026-10-01T14:55:46.666+0000] {logging_mixin.py:190} INFO - [2026-10-01T14:55:46.666+0000] {dag.py:4180} INFO - Setting next_dagrun for my_dag to 2026-03-02 00:00:00+00:00, run_after=2026-03-02 00:00:00+00:00
[2026-10-01T14:55:46.680+0000] {processor.py:208} INFO - Processing /opt/airflow/dags/my_tasks.py took 0.064 seconds
[2026-10-01T14:56:16.872+0000] {processor.py:186} INFO - Started process (PID=897) to work on /opt/airflow/dags/my_tasks.py
[2026-10-01T14:56:16.880+0000] {processor.py:914} INFO - Processing file /opt/airflow/dags/my_tasks.py for tasks to queue
[2026-10-01T14:56:16.882+0000] {logging_mixin.py:190} INFO - [2026-10-01T14:56:16.881+0000] {dagbag.py:588} INFO - Filling up the DagBag from /opt/airflow/dags/my_tasks.py
[2026-10-01T14:56:16.891+0000] {processor.py:925} INFO - DAG(s) 'my_dag' retrieved from /opt/airflow/dags/my_tasks.py
[2026-10-01T14:56:16.908+0000] {logging_mixin.py:190} INFO - [2026-10-01T14:56:16.908+0000] {dag.py:3239} INFO - Sync 1 DAGs
[2026-10-01T14:56:16.924+0000] {logging_mixin.py:190} INFO - [2026-10-01T14:56:16.924+0000] {dag.py:4180} INFO - Setting next_dagrun for my_dag to 2026-03-02 00:00:00+00:00, run_after=2026-03-02 00:00:00+00:00
[2026-10-01T14:56:16.939+0000] {processor.py:208} INFO - Processing /opt/airflow/dags/my_tasks.py took 0.071 seconds
[2026-10-01T14:56:47.135+0000] {processor.py:186} INFO - Started process (PID=908) to work on /opt/airflow/dags/my_tasks.py
[2026-10-01T14:56:47.143+0000] {processor.py:914} INFO - Processing file /opt/airflow/dags/my_tasks.py for tasks to queue
[2026-10-01T14:56:47.145+0000] {logging_mixin.py:190} INFO - [2026-10-01T14:56:47.145+0000] {dagbag.py:588} INFO - Filling up the DagBag from /opt/airflow/dags/my_tasks.py
[2026-10-01T14:56:47.155+0000] {processor.py:925} INFO - DAG(s) 'my_dag' retrieved from /opt/airflow/dags/my_tasks.py
[2026-10-01T14:56:47.172+0000] {logging_mixin.py:190} INFO - [2026-10-01T14:56:47.172+0000] {dag.py:3239} INFO - Sync 1 DAGs
[2026-10-01T14:56:47.187+0000] {logging_mixin.py:190} INFO - [2026-10-01T14:56:47.187+0000] {dag.py:4180} INFO - Setting next_dagrun for my_dag to 2026-03-02 00:00:00+00:00, run_after=2026-03-02 00:00:00+00:00
[2026-10-01T14:56:47.201+0000] {processor.py:208} INFO - Processing /opt/airflow/dags/my_tasks.py took 0.070 seconds
[2026-10-01T14:57:17.416+0000] {processor.py:186} INFO - Started process (PID=919) to work on /opt/airflow/dags/my_tasks.py
[2026-10-01T14:57:17.424+0000] {processor.py:914} INFO - Processing file /opt/airflow/dags/my_tasks.py for tasks to queue
[2026-10-01T14:57:17.426+0000] {logging_mixin.py:190} INFO - [2026-10-01T14:57:17.426+0000] {dagbag.py:588} INFO - Filling up the DagBag from /opt/airflow/dags/my_tasks.py
[2026-10-01T14:57:17.433+0000] {processor.py:925} INFO - DAG(s) 'my_dag' retrieved from /opt/airflow/dags/my_tasks.py
[2026-10-01T14:57:17.451+0000] {logging_mixin.py:190} INFO - [2026-10-01T14:57:17.451+0000] {dag.py:3239} INFO - Sync 1 DAGs
[2026-10-01T14:57:17.468+0000] {logging_mixin.py:190} INFO - [2026-10-01T14:57:17.468+0000] {dag.py:4180} INFO - Setting next_dagrun for my_dag to 2026-03-02 00:00:00+00:00, run_after=2026-03-02 00:00:00+00:00
[2026-10-01T14:57:17.482+0000] {processor.py:208} INFO - Processing /opt/airflow/dags/my_tasks.py took 0.071 seconds
[2026-10-01T14:57:47.691+0000] {processor.py:186} INFO - Started process (PID=930) to work on /opt/airflow/dags/my_tasks.py
[2026-10-01T14:57:47.691+0000] {processor.py:914} INFO - Processing file /opt/airflow/dags/my_tasks.py for tasks to queue
[2026-10-01T14:57:47.693+0000] {logging_mixin.py:190} INFO - [2026-10-01T14:57:47.693+0000] {dagbag.py:588} INFO - Filling up the DagBag from /opt/airflow/dags/my_tasks.py
[2026-10-01T14:57:47.700+0000] {processor.py:925} INFO - DAG(s) 'my_dag' retrieved from /opt/airflow/dags/my_tasks.py
[2026-10-01T14:57:47.717+0000] {logging_mixin.py:190} INFO - [2026-10-01T14:57:47.717+0000] {dag.py:3239} INFO - Sync 1 DAGs
[2026-10-01T14:57:47.733+0000] {logging_mixin.py:190} INFO - [2026-10-01T14:57:47.732+0000] {dag.py:4180} INFO - Setting next_dagrun for my_dag to 2026-03-02 00:00:00+00:00, run_after=2026-03-02 00:00:00+00:00
[2026-10-01T14:57:47.750+0000] {processor.py:208} INFO - Processing /opt/airflow/dags/my_tasks.py took 0.063 seconds
[2026-10-01T14:58:17.963+0000] {processor.py:186} INFO - Started process (PID=941) to work on /opt/airflow/dags/my_tasks.py
[2026-10-01T14:58:17.970+0000] {processor.py:914} INFO - Processing file /opt/airflow/dags/my_tasks.py for tasks to queue
[2026-10-01T14:58:17.972+0000] {logging_mixin.py:190} INFO - [2026-10-01T14:58:17.972+0000] {dagbag.py:588} INFO - Filling up the DagBag from /opt/airflow/dags/my_tasks.py
[2026-10-01T14:58:17.979+0000] {processor.py:925} INFO - DAG(s) 'my_dag' retrieved from /opt/airflow/dags/my_tasks.py
[2026-10-01T14:58:17.996+0000] {logging_mixin.py:190} INFO - [2026-10-01T14:58:17.996+0000] {dag.py:3239} INFO - Sync 1 DAGs
[2026-10-01T14:58:18.012+0000] {logging_mixin.py:190} INFO - [2026-10-01T14:58:18.012+0000] {dag.py:4180} INFO - Setting next_dagrun for my_dag to 2026-03-02 00:00:00+00:00, run_after=2026-03-02 00:00:00+00:00
[2026-10-01T14:58:18.026+0000] {processor.py:208} INFO - Processing /opt/airflow/dags/my_tasks.py took 0.067 seconds
[2026-10-01T14:58:48.234+0000] {processor.py:186} INFO - Started process (PID=952) to work on /opt/airflow/dags/my_tasks.py
[2026-10-01T14:58:48.242+0000] {processor.py:914} INFO - Processing file /opt/airflow/dags/my_tasks.py for tasks to queue
[2026-10-01T14:58:48.245+0000] {logging_mixin.py:190} INFO - [2026-10-01T14:58:48.245+0000] {dagbag.py:588} INFO - Filling up the DagBag from /opt/airflow/dags/my_tasks.py
[2026-10-01T14:58:48.255+0000] {processor.py:925} INFO - DAG(s) 'my_dag' retrieved from /opt/airflow/dags/my_tasks.py
[2026-10-01T14:58:48.272+0000] {logging_mixin.py:190} INFO - [2026-10-01T14:58:48.272+0000] {dag.py:3239} INFO - Sync 1 DAGs
[2026-10-01T14:58:48.288+0000] {logging_mixin.py:190} INFO - [2026-10-01T14:58:48.288+0000] {dag.py:4180} INFO - Setting next_dagrun for my_dag to 2026-03-02 00:00:00+00:00, run_after=2026-03-02 00:00:00+00:00
[2026-10-01T14:58:48.301+0000] {processor.py:208} INFO - Processing /opt/airflow/dags/my_tasks.py took 0.071 seconds
[2026-10-01T14:59:18.497+0000] {processor.py:186} INFO - Started process (PID=963) to work on /opt/airflow/dags/my_tasks.py
[2026-10-01T14:59:18.497+0000] {processor.py:914} INFO - Processing file /opt/airflow/dags/my_tasks.py for tasks to queue
[2026-10-01T14:59:18.499+0000] {logging_mixin.py:190} INFO - [2026-10-01T14:59:18.498+0000] {dagbag.py:588} INFO - Filling up the DagBag from /opt/airflow/dags/my_tasks.py
[2026-10-01T14:59:18.505+0000] {processor.py:925} INFO - DAG(s) 'my_dag' retrieved from /opt/airflow/dags/my_tasks.py
[2026-10-01T14:59:18.523+0000] {logging_mixin.py:190} INFO - [2026-10-01T14:59:18.522+0000] {dag.py:3239} INFO - Sync 1 DAGs
[2026-10-01T14:59:18.538+0000] {logging_mixin.py:190} INFO - [2026-10-01T14:59:18.538+0000] {dag.py:4180} INFO - Setting next_dagrun for my_dag to 2026-03-02 00:00:00+00:00, run_after=2026-03-02 00:00:00+00:00
[2026-10-01T14:59:18.552+0000] {processor.py:208} INFO - Processing /opt/airflow/dags/my_tasks.py took 0.059 seconds
[2026-10-01T14:59:48.749+0000] {processor.py:186} INFO - Started process (PID=974) to work on /opt/airflow/dags/my_tasks.py
[2026-10-01T14:59:48.757+0000] {processor.py:914} INFO - Processing file /opt/airflow/dags/my_tasks.py for tasks to queue
[2026-10-01T14:59:48.759+0000] {logging_mixin.py:190} INFO - [2026-10-01T14:59:48.759+0000] {dagbag.py:588} INFO - Filling up the DagBag from /opt/airflow/dags/my_tasks.py
[2026-10-01T14:59:48.769+0000] {processor.py:925} INFO - DAG(s) 'my_dag' retrieved from /opt/airflow/dags/my_tasks.py
[2026-10-01T14:59:48.787+0000] {logging_mixin.py:190} INFO - [2026-10-01T14:59:48.787+0000] {dag.py:3239} INFO - Sync 1 DAGs
[2026-10-01T14:59:48.803+0000] {logging_mixin.py:190} INFO - [2026-10-01T14:59:48.802+0000] {dag.py:4180} INFO - Setting next_dagrun for my_dag to 2026-03-02 00:00:00+00:00, run_after=2026-03-02 00:00:00+00:00
[2026-10-01T14:59:48.817+0000] {processor.py:208} INFO - Processing /opt/airflow/dags/my_tasks.py took 0.072 seconds
[2026-10-01T15:00:19.022+0000] {processor.py:186} INFO - Started process (PID=985) to work on /opt/airflow/dags/my_tasks.py
[2026-10-01T15:00:19.022+0000] {processor.py:914} INFO - Processing file /opt/airflow/dags/my_tasks.py for tasks to queue
[2026-10-01T15:00:19.024+0000] {logging_mixin.py:190} INFO - [2026-10-01T15:00:19.024+0000] {dagbag.py:588} INFO - Filling up the DagBag from /opt/airflow/dags/my_tasks.py
[2026-10-01T15:00:19.031+0000] {processor.py:925} INFO - DAG(s) 'my_dag' retrieved from /opt/airflow/dags/my_tasks.py
[2026-10-01T15:00:19.049+0000] {logging_mixin.py:190} INFO - [2026-10-01T15:00:19.048+0000] {dag.py:3239} INFO - Sync 1 DAGs
[2026-10-01T15:00:19.064+0000] {logging_mixin.py:190} INFO - [2026-10-01T15:00:19.064+0000] {dag.py:4180} INFO - Setting next_dagrun for my_dag to 2026-03-02 00:00:00+00:00, run_after=2026-03-02 00:00:00+00:00
[2026-10-01T15:00:19.078+0000] {processor.py:208} INFO - Processing /opt/airflow/dags/my_tasks.py took 0.060 seconds
[2026-10-01T15:00:49.297+0000] {processor.py:186} INFO - Started process (PID=996) to work on /opt/airflow/dags/my_tasks.py
[2026-10-01T15:00:49.298+0000] {processor.py:914} INFO - Processing file /opt/airflow/dags/my_tasks.py for tasks to queue
[2026-10-01T15:00:49.300+0000] {logging_mixin.py:190} INFO - [2026-10-01T15:00:49.299+0000] {dagbag.py:588} INFO - Filling up the DagBag from /opt/airflow/dags/my_tasks.py
[2026-10-01T15:00:49.306+0000] {processor.py:925} INFO - DAG(s) 'my_dag' retrieved from /opt/airflow/dags/my_tasks.py
[2026-10-01T15:00:49.324+0000] {logging_mixin.py:190} INFO - [2026-10-01T15:00:49.324+0000] {dag.py:3239} INFO - Sync 1 DAGs
[2026-10-01T15:00:49.339+0000] {logging_mixin.py:190} INFO - [2026-10-01T15:00:49.339+0000] {dag.py:4180} INFO - Setting next_dagrun for my_dag to 2026-03-02 00:00:00+00:00, run_after=2026-03-02 00:00:00+00:00
[2026-10-01T15:00:49.353+0000] {processor.py:208} INFO - Processing /opt/airflow/dags/my_tasks.py took 0.061 seconds
[2026-10-01T15:01:19.571+0000] {processor.py:186} INFO - Started process (PID=1007) to work on /opt/airflow/dags/my_tasks.py
[2026-10-01T15:01:19.571+0000] {processor.py:914} INFO - Processing file /opt/airflow/dags/my_tasks.py for tasks to queue
[2026-10-01T15:01:19.573+0000] {logging_mixin.py:190} INFO - [2026-10-01T15:01:19.573+0000] {dagbag.py:588} INFO - Filling up the DagBag from /opt/airflow/dags/my_tasks.py
[2026-10-01T15:01:19.580+0000] {processor.py:925} INFO - DAG(s) 'my_dag' retrieved from /opt/airflow/dags/my_tasks.py
[2026-10-01T15:01:19.597+0000] {logging_mixin.py:190} INFO - [2026-10-01T15:01:19.597+0000] {dag.py:3239} INFO - Sync 1 DAGs
[2026-10-01T15:01:19.612+0000] {logging_mixin.py:190} INFO - [2026-10-01T15:01:19.612+0000] {dag.py:4180} INFO - Setting next_dagrun for my_dag to 2026-03-02 00:00:00+00:00, run_after=2026-03-02 00:00:00+00:00
[2026-10-01T15:01:19.627+0000] {processor.py:208} INFO - Processing /opt/airflow/dags/my_tasks.py took 0.060 seconds
[2026-10-01T15:01:49.851+0000] {processor.py:186} INFO - Started process (PID=1018) to work on /opt/airflow/dags/my_tasks.py
[2026-10-01T15:01:49.859+0000] {processor.py:914} INFO - Processing file /opt/airflow/dags/my_tasks.py for tasks to queue
[2026-10-01T15:01:49.862+0000] {logging_mixin.py:190} INFO - [2026-10-01T15:01:49.861+0000] {dagbag.py:588} INFO - Filling up the DagBag from /opt/airflow/dags/my_tasks.py
[2026-10-01T15:01:49.871+0000] {processor.py:925} INFO - DAG(s) 'my_dag' retrieved from /opt/airflow/dags/my_tasks.py
[2026-10-01T15:01:49.889+0000] {logging_mixin.py:190} INFO - [2026-10-01T15:01:49.888+0000] {dag.py:3239} INFO - Sync 1 DAGs
[2026-10-01T15:01:49.905+0000] {logging_mixin.py:190} INFO - [2026-10-01T15:01:49.905+0000] {dag.py:4180} INFO - Setting next_dagrun for my_dag to 2026-03-02 00:00:00+00:00, run_after=2026-03-02 00:00:00+00:00
[2026-10-01T15:01:49.920+0000] {processor.py:208} INFO - Processing /opt/airflow/dags/my_tasks.py took 0.073 seconds
[2026-10-01T15:02:20.131+0000] {processor.py:186} INFO - Started process (PID=1029) to work on /opt/airflow/dags/my_tasks.py
[2026-10-01T15:02:20.131+0000] {processor.py:914} INFO - Processing file /opt/airflow/dags/my_tasks.py for tasks to queue
[2026-10-01T15:02:20.133+0000] {logging_mixin.py:190} INFO - [2026-10-01T15:02:20.133+0000] {dagbag.py:588} INFO - Filling up the DagBag from /opt/airflow/dags/my_tasks.py
[2026-10-01T15:02:20.139+0000] {processor.py:925} INFO - DAG(s) 'my_dag' retrieved from /opt/airflow/dags/my_tasks.py
[2026-10-01T15:02:20.157+0000] {logging_mixin.py:190} INFO - [2026-10-01T15:02:20.156+0000] {dag.py:3239} INFO - Sync 1 DAGs
[2026-10-01T15:02:20.172+0000] {logging_mixin.py:190} INFO - [2026-10-01T15:02:20.172+0000] {dag.py:4180} INFO - Setting next_dagrun for my_dag to 2026-03-02 00:00:00+00:00, run_after=2026-03-02 00:00:00+00:00
[2026-10-01T15:02:20.187+0000] {processor.py:208} INFO - Processing /opt/airflow/dags/my_tasks.py took 0.060 seconds
[2026-10-01T15:02:50.379+0000] {processor.py:186} INFO - Started process (PID=1040) to work on /opt/airflow/dags/my_tasks.py
[2026-10-01T15:02:50.381+0000] {processor.py:914} INFO - Processing file /opt/airflow/dags/my_tasks.py for tasks to queue
[2026-10-01T15:02:50.383+0000] {logging_mixin.py:190} INFO - [2026-10-01T15:02:50.383+0000] {dagbag.py:588} INFO - Filling up the DagBag from /opt/airflow/dags/my_tasks.py
[2026-10-01T15:02:50.390+0000] {processor.py:925} INFO - DAG(s) 'my_dag' retrieved from /opt/airflow/dags/my_tasks.py
[2026-10-01T15:02:50.408+0000] {logging_mixin.py:190} INFO - [2026-10-01T15:02:50.408+0000] {dag.py:3239} INFO - Sync 1 DAGs
[2026-10-01T15:02:50.427+0000] {logging_mixin.py:190} INFO - [2026-10-01T15:02:50.427+0000] {dag.py:4180} INFO - Setting next_dagrun for my_dag to 2026-03-02 00:00:00+00:00, run_after=2026-03-02 00:00:00+00:00
[2026-10-01T15:02:50.441+0000] {processor.py:208} INFO - Processing /opt/airflow/dags/my_tasks.py took 0.066 seconds
[2026-10-01T15:03:20.625+0000] {processor.py:186} INFO - Started process (PID=1051) to work on /opt/airflow/dags/my_tasks.py
[2026-10-01T15:03:20.626+0000] {processor.py:914} INFO - Processing file /opt/airflow/dags/my_tasks.py for tasks to queue
[2026-10-01T15:03:20.627+0000] {logging_mixin.py:190} INFO - [2026-10-01T15:03:20.627+0000] {dagbag.py:588} INFO - Filling up the DagBag from /opt/airflow/dags/my_tasks.py
[2026-10-01T15:03:20.633+0000] {processor.py:925} INFO - DAG(s) 'my_dag' retrieved from /opt/airflow/dags/my_tasks.py
[2026-10-01T15:03:20.651+0000] {logging_mixin.py:190} INFO - [2026-10-01T15:03:20.650+0000] {dag.py:3239} INFO - Sync 1 DAGs
[2026-10-01T15:03:20.666+0000] {logging_mixin.py:190} INFO - [2026-10-01T15:03:20.666+0000] {dag.py:4180} INFO - Setting next_dagrun for my_dag to 2026-03-02 00:00:00+00:00, run_after=2026-03-02 00:00:00+00:00
[2026-10-01T15:03:20.680+0000] {processor.py:208} INFO - Processing /opt/airflow/dags/my_tasks.py took 0.059 seconds
[2026-10-01T15:03:50.898+0000] {processor.py:186} INFO - Started process (PID=1062) to work on /opt/airflow/dags/my_tasks.py
[2026-10-01T15:03:50.906+0000] {processor.py:914} INFO - Processing file /opt/airflow/dags/my_tasks.py for tasks to queue
[2026-10-01T15:03:50.908+0000] {logging_mixin.py:190} INFO - [2026-10-01T15:03:50.908+0000] {dagbag.py:588} INFO - Filling up the DagBag from /opt/airflow/dags/my_tasks.py
[2026-10-01T15:03:50.919+0000] {processor.py:925} INFO - DAG(s) 'my_dag' retrieved from /opt/airflow/dags/my_tasks.py
[2026-10-01T15:03:50.937+0000] {logging_mixin.py:190} INFO - [2026-10-01T15:03:50.936+0000] {dag.py:3239} INFO - Sync 1 DAGs
[2026-10-01T15:03:50.952+0000] {logging_mixin.py:190} INFO - [2026-10-01T15:03:50.952+0000] {dag.py:4180} INFO - Setting next_dagrun for my_dag to 2026-03-02 00:00:00+00:00, run_after=2026-03-02 00:00:00+00:00
[2026-10-01T15:03:50.966+0000] {processor.py:208} INFO - Processing /opt/airflow/dags/my_tasks.py took 0.072 seconds
[2026-10-01T15:04:21.190+0000] {processor.py:186} INFO - Started process (PID=1073) to work on /opt/airflow/dags/my_tasks.py
[2026-10-01T15:04:21.191+0000] {processor.py:914} INFO - Processing file /opt/airflow/dags/my_tasks.py for tasks to queue
[2026-10-01T15:04:21.192+0000] {logging_mixin.py:190} INFO - [2026-10-01T15:04:21.192+0000] {dagbag.py:588} INFO - Filling up the DagBag from /opt/airflow/dags/my_tasks.py
[2026-10-01T15:04:21.199+0000] {processor.py:925} INFO - DAG(s) 'my_dag' retrieved from /opt/airflow/dags/my_tasks.py
[2026-10-01T15:04:21.216+0000] {logging_mixin.py:190} INFO - [2026-10-01T15:04:21.216+0000] {dag.py:3239} INFO - Sync 1 DAGs
[2026-10-01T15:04:21.231+0000] {logging_mixin.py:190} INFO - [2026-10-01T15:04:21.231+0000] {dag.py:4180} INFO - Setting next_dagrun for my_dag to 2026-03-02 00:00:00+00:00, run_after=2026-03-02 00:00:00+00:00
[2026-10-01T15:04:21.246+0000] {processor.py:208} INFO - Processing /opt/airflow/dags/my_tasks.py took 0.061 seconds
[2026-10-01T15:04:51.467+0000] {processor.py:186} INFO - Started process (PID=1084) to work on /opt/airflow/dags/my_tasks.py
[2026-10-01T15:04:51.475+0000] {processor.py:914} INFO - Processing file /opt/airflow/dags/my_tasks.py for tasks to queue
[2026-10-01T15:04:51.477+0000] {logging_mixin.py:190} INFO - [2026-10-01T15:04:51.477+0000] {dagbag.py:588} INFO - Filling up the DagBag from /opt/airflow/dags/my_tasks.py
[2026-10-01T15:04:51.486+0000] {processor.py:925} INFO - DAG(s) 'my_dag' retrieved from /opt/airflow/dags/my_tasks.py
[2026-10-01T15:04:51.503+0000] {logging_mixin.py:190} INFO - [2026-10-01T15:04:51.503+0000] {dag.py:3239} INFO - Sync 1 DAGs
[2026-10-01T15:04:51.519+0000] {logging_mixin.py:190} INFO - [2026-10-01T15:04:51.518+0000] {dag.py:4180} INFO - Setting next_dagrun for my_dag to 2026-03-02 00:00:00+00:00, run_after=2026-03-02 00:00:00+00:00
[2026-10-01T15:04:51.533+0000] {processor.py:208} INFO - Processing /opt/airflow/dags/my_tasks.py took 0.069 seconds
[2026-10-01T15:05:21.727+0000] {processor.py:186} INFO - Started process (PID=1095) to work on /opt/airflow/dags/my_tasks.py
[2026-10-01T15:05:21.728+0000] {processor.py:914} INFO - Processing file /opt/airflow/dags/my_tasks.py for tasks to queue
[2026-10-01T15:05:21.729+0000] {logging_mixin.py:190} INFO - [2026-10-01T15:05:21.729+0000] {dagbag.py:588} INFO - Filling up the DagBag from /opt/airflow/dags/my_tasks.py
[2026-10-01T15:05:21.736+0000] {processor.py:925} INFO - DAG(s) 'my_dag' retrieved from /opt/airflow/dags/my_tasks.py
[2026-10-01T15:05:21.754+0000] {logging_mixin.py:190} INFO - [2026-10-01T15:05:21.754+0000] {dag.py:3239} INFO - Sync 1 DAGs
[2026-10-01T15:05:21.770+0000] {logging_mixin.py:190} INFO - [2026-10-01T15:05:21.770+0000] {dag.py:4180} INFO - Setting next_dagrun for my_dag to 2026-03-02 00:00:00+00:00, run_after=2026-03-02 00:00:00+00:00
[2026-10-01T15:05:21.784+0000] {processor.py:208} INFO - Processing /opt/airflow/dags/my_tasks.py took 0.061 seconds
[2026-10-01T15:05:52.010+0000] {processor.py:186} INFO - Started process (PID=1106) to work on /opt/airflow/dags/my_tasks.py
[2026-10-01T15:05:52.010+0000] {processor.py:914} INFO - Processing file /opt/airflow/dags/my_tasks.py for tasks to queue
[2026-10-01T15:05:52.012+0000] {logging_mixin.py:190} INFO - [2026-10-01T15:05:52.012+0000] {dagbag.py:588} INFO - Filling up the DagBag from /opt/airflow/dags/my_tasks.py
[2026-10-01T15:05:52.018+0000] {processor.py:925} INFO - DAG(s) 'my_dag' retrieved from /opt/airflow/dags/my_tasks.py
[2026-10-01T15:05:52.036+0000] {logging_mixin.py:190} INFO - [2026-10-01T15:05:52.035+0000] {dag.py:3239} INFO - Sync 1 DAGs
[2026-10-01T15:05:52.051+0000] {logging_mixin.py:190} INFO - [2026-10-01T15:05:52.051+0000] {dag.py:4180} INFO - Setting next_dagrun for my_dag to 2026-03-02 00:00:00+00:00, run_after=2026-03-02 00:00:00+00:00
[2026-10-01T15:05:52.065+0000] {processor.py:208} INFO - Processing /opt/airflow/dags/my_tasks.py took 0.060 seconds
[2026-10-01T15:06:22.296+0000] {processor.py:186} INFO - Started process (PID=1117) to work on /opt/airflow/dags/my_tasks.py
[2026-10-01T15:06:22.299+0000] {processor.py:914} INFO - Processing file /opt/airflow/dags/my_tasks.py for tasks to queue
[2026-10-01T15:06:22.301+0000] {logging_mixin.py:190} INFO - [2026-10-01T15:06:22.300+0000] {dagbag.py:588} INFO - Filling up the DagBag from /opt/airflow/dags/my_tasks.py
[2026-10-01T15:06:22.307+0000] {processor.py:925} INFO - DAG(s) 'my_dag' retrieved from /opt/airflow/dags/my_tasks.py
[2026-10-01T15:06:22.325+0000] {logging_mixin.py:190} INFO - [2026-10-01T15:06:22.325+0000] {dag.py:3239} INFO - Sync 1 DAGs
[2026-10-01T15:06:22.340+0000] {logging_mixin.py:190} INFO - [2026-10-01T15:06:22.340+0000] {dag.py:4180} INFO - Setting next_dagrun for my_dag to 2026-03-02 00:00:00+00:00, run_after=2026-03-02 00:00:00+00:00
[2026-10-01T15:06:22.354+0000] {processor.py:208} INFO - Processing /opt/airflow/dags/my_tasks.py took 0.063 seconds
[2026-10-01T15:06:52.553+0000] {processor.py:186} INFO - Started process (PID=1128) to work on /opt/airflow/dags/my_tasks.py
[2026-10-01T15:06:52.554+0000] {processor.py:914} INFO - Processing file /opt/airflow/dags/my_tasks.py for tasks to queue
[2026-10-01T15:06:52.555+0000] {logging_mixin.py:190} INFO - [2026-10-01T15:06:52.555+0000] {dagbag.py:588} INFO - Filling up the DagBag from /opt/airflow/dags/my_tasks.py
[2026-10-01T15:06:52.561+0000] {processor.py:925} INFO - DAG(s) 'my_dag' retrieved from /opt/airflow/dags/my_tasks.py
[2026-10-01T15:06:52.579+0000] {logging_mixin.py:190} INFO - [2026-10-01T15:06:52.578+0000] {dag.py:3239} INFO - Sync 1 DAGs
[2026-10-01T15:06:52.595+0000] {logging_mixin.py:190} INFO - [2026-10-01T15:06:52.595+0000] {dag.py:4180} INFO - Setting next_dagrun for my_dag to 2026-03-02 00:00:00+00:00, run_after=2026-03-02 00:00:00+00:00
[2026-10-01T15:06:52.609+0000] {processor.py:208} INFO - Processing /opt/airflow/dags/my_tasks.py took 0.060 seconds
[2026-10-01T15:07:22.805+0000] {processor.py:186} INFO - Started process (PID=1139) to work on /opt/airflow/dags/my_tasks.py
[2026-10-01T15:07:22.805+0000] {processor.py:914} INFO - Processing file /opt/airflow/dags/my_tasks.py for tasks to queue
[2026-10-01T15:07:22.807+0000] {logging_mixin.py:190} INFO - [2026-10-01T15:07:22.807+0000] {dagbag.py:588} INFO - Filling up the DagBag from /opt/airflow/dags/my_tasks.py
[2026-10-01T15:07:22.814+0000] {processor.py:925} INFO - DAG(s) 'my_dag' retrieved from /opt/airflow/dags/my_tasks.py
[2026-10-01T15:07:22.833+0000] {logging_mixin.py:190} INFO - [2026-10-01T15:07:22.833+0000] {dag.py:3239} INFO - Sync 1 DAGs
[2026-10-01T15:07:22.848+0000] {logging_mixin.py:190} INFO - [2026-10-01T15:07:22.848+0000] {dag.py:4180} INFO - Setting next_dagrun for my_dag to 2026-03-02 00:00:00+00:00, run_after=2026-03-02 00:00:00+00:00
[2026-10-01T15:07:22.862+0000] {processor.py:208} INFO - Processing /opt/airflow/dags/my_tasks.py took 0.061 seconds
[2026-10-01T15:07:53.078+0000] {processor.py:186} INFO - Started process (PID=1150) to work on /opt/airflow/dags/my_tasks.py
[2026-10-01T15:07:53.086+0000] {processor.py:914} INFO - Processing file /opt/airflow/dags/my_tasks.py for tasks to queue
[2026-10-01T15:07:53.088+0000] {logging_mixin.py:190} INFO - [2026-10-01T15:07:53.087+0000] {dagbag.py:588} INFO - Filling up the DagBag from /opt/airflow/dags/my_tasks.py
[2026-10-01T15:07:53.094+0000] {processor.py:925} INFO - DAG(s) 'my_dag' retrieved from /opt/airflow/dags/my_tasks.py
[2026-10-01T15:07:53.112+0000] {logging_mixin.py:190} INFO - [2026-10-01T15:07:53.112+0000] {dag.py:3239} INFO - Sync 1 DAGs
[2026-10-01T15:07:53.128+0000] {logging_mixin.py:190} INFO - [2026-10-01T15:07:53.128+0000] {dag.py:4180} INFO - Setting next_dagrun for my_dag to 2026-03-02 00:00:00+00:00, run_after=2026-03-02 00:00:00+00:00
[2026-10-01T15:07:53.142+0000] {processor.py:208} INFO - Processing /opt/airflow/dags/my_tasks.py took 0.069 seconds
[2026-10-01T15:08:23.363+0000] {processor.py:186} INFO - Started process (PID=1161) to work on /opt/airflow/dags/my_tasks.py
[2026-10-01T15:08:23.371+0000] {processor.py:914} INFO - Processing file /opt/airflow/dags/my_tasks.py for tasks to queue
[2026-10-01T15:08:23.372+0000] {logging_mixin.py:190} INFO - [2026-10-01T15:08:23.372+0000] {dagbag.py:588} INFO - Filling up the DagBag from /opt/airflow/dags/my_tasks.py
[2026-10-01T15:08:23.379+0000] {processor.py:925} INFO - DAG(s) 'my_dag' retrieved from /opt/airflow/dags/my_tasks.py
[2026-10-01T15:08:23.397+0000] {logging_mixin.py:190} INFO - [2026-10-01T15:08:23.397+0000] {dag.py:3239} INFO - Sync 1 DAGs
[2026-10-01T15:08:23.413+0000] {logging_mixin.py:190} INFO - [2026-10-01T15:08:23.413+0000] {dag.py:4180} INFO - Setting next_dagrun for my_dag to 2026-03-02 00:00:00+00:00, run_after=2026-03-02 00:00:00+00:00
[2026-10-01T15:08:23.427+0000] {processor.py:208} INFO - Processing /opt/airflow/dags/my_tasks.py took 0.069 seconds
[2026-10-01T15:08:53.631+0000] {processor.py:186} INFO - Started process (PID=1172) to work on /opt/airflow/dags/my_tasks.py
[2026-10-01T15:08:53.632+0000] {processor.py:914} INFO - Processing file /opt/airflow/dags/my_tasks.py for tasks to queue
[2026-10-01T15:08:53.633+0000] {logging_mixin.py:190} INFO - [2026-10-01T15:08:53.633+0000] {dagbag.py:588} INFO - Filling up the DagBag from /opt/airflow/dags/my_tasks.py
[2026-10-01T15:08:53.640+0000] {processor.py:925} INFO - DAG(s) 'my_dag' retrieved from /opt/airflow/dags/my_tasks.py
[2026-10-01T15:08:53.658+0000] {logging_mixin.py:190} INFO - [2026-10-01T15:08:53.658+0000] {dag.py:3239} INFO - Sync 1 DAGs
[2026-10-01T15:08:53.675+0000] {logging_mixin.py:190} INFO - [2026-10-01T15:08:53.674+0000] {dag.py:4180} INFO - Setting next_dagrun for my_dag to 2026-03-02 00:00:00+00:00, run_after=2026-03-02 00:00:00+00:00
[2026-10-01T15:08:53.689+0000] {processor.py:208} INFO - Processing /opt/airflow/dags/my_tasks.py took 0.062 seconds
[2026-10-01T15:09:23.909+0000] {processor.py:186} INFO - Started process (PID=1183) to work on /opt/airflow/dags/my_tasks.py
[2026-10-01T15:09:23.912+0000] {processor.py:914} INFO - Processing file /opt/airflow/dags/my_tasks.py for tasks to queue
[2026-10-01T15:09:23.913+0000] {logging_mixin.py:190} INFO - [2026-10-01T15:09:23.913+0000] {dagbag.py:588} INFO - Filling up the DagBag from /opt/airflow/dags/my_tasks.py
[2026-10-01T15:09:23.921+0000] {processor.py:925} INFO - DAG(s) 'my_dag' retrieved from /opt/airflow/dags/my_tasks.py
[2026-10-01T15:09:23.939+0000] {logging_mixin.py:190} INFO - [2026-10-01T15:09:23.939+0000] {dag.py:3239} INFO - Sync 1 DAGs
[2026-10-01T15:09:23.954+0000] {logging_mixin.py:190} INFO - [2026-10-01T15:09:23.954+0000] {dag.py:4180} INFO - Setting next_dagrun for my_dag to 2026-03-02 00:00:00+00:00, run_after=2026-03-02 00:00:00+00:00
[2026-10-01T15:09:23.969+0000] {processor.py:208} INFO - Processing /opt/airflow/dags/my_tasks.py took 0.064 seconds
[2026-10-01T15:09:54.166+0000] {processor.py:186} INFO - Started process (PID=1194) to work on /opt/airflow/dags/my_tasks.py
[2026-10-01T15:09:54.174+0000] {processor.py:914} INFO - Processing file /opt/airflow/dags/my_tasks.py for tasks to queue
[2026-10-01T15:09:54.177+0000] {logging_mixin.py:190} INFO - [2026-10-01T15:09:54.177+0000] {dagbag.py:588} INFO - Filling up the DagBag from /opt/airflow/dags/my_tasks.py
[2026-10-01T15:09:54.187+0000] {processor.py:925} INFO - DAG(s) 'my_dag' retrieved from /opt/airflow/dags/my_tasks.py
[2026-10-01T15:09:54.205+0000] {logging_mixin.py:190} INFO - [2026-10-01T15:09:54.205+0000] {dag.py:3239} INFO - Sync 1 DAGs
[2026-10-01T15:09:54.220+0000] {logging_mixin.py:190} INFO - [2026-10-01T15:09:54.220+0000] {dag.py:4180} INFO - Setting next_dagrun for my_dag to 2026-03-02 00:00:00+00:00, run_after=2026-03-02 00:00:00+00:00
[2026-10-01T15:09:54.234+0000] {processor.py:208} INFO - Processing /opt/airflow/dags/my_tasks.py took 0.072 seconds
[2026-10-01T15:10:24.452+0000] {processor.py:186} INFO - Started process (PID=1205) to work on /opt/airflow/dags/my_tasks.py
[2026-10-01T15:10:24.460+0000] {processor.py:914} INFO - Processing file /opt/airflow/dags/my_tasks.py for tasks to queue
[2026-10-01T15:10:24.462+0000] {logging_mixin.py:190} INFO - [2026-10-01T15:10:24.462+0000] {dagbag.py:588} INFO - Filling up the DagBag from /opt/airflow/dags/my_tasks.py
[2026-10-01T15:10:24.472+0000] {processor.py:925} INFO - DAG(s) 'my_dag' retrieved from /opt/airflow/dags/my_tasks.py
[2026-10-01T15:10:24.490+0000] {logging_mixin.py:190} INFO - [2026-10-01T15:10:24.490+0000] {dag.py:3239} INFO - Sync 1 DAGs
[2026-10-01T15:10:24.506+0000] {logging_mixin.py:190} INFO - [2026-10-01T15:10:24.505+0000] {dag.py:4180} INFO - Setting next_dagrun for my_dag to 2026-03-02 00:00:00+00:00, run_after=2026-03-02 00:00:00+00:00
[2026-10-01T15:10:24.521+0000] {processor.py:208} INFO - Processing /opt/airflow/dags/my_tasks.py took 0.072 seconds
[2026-10-01T15:10:54.735+0000] {processor.py:186} INFO - Started process (PID=1216) to work on /opt/airflow/dags/my_tasks.py
[2026-10-01T15:10:54.736+0000] {processor.py:914} INFO - Processing file /opt/airflow/dags/my_tasks.py for tasks to queue
[2026-10-01T15:10:54.737+0000] {logging_mixin.py:190} INFO - [2026-10-01T15:10:54.737+0000] {dagbag.py:588} INFO - Filling up the DagBag from /opt/airflow/dags/my_tasks.py
[2026-10-01T15:10:54.745+0000] {processor.py:925} INFO - DAG(s) 'my_dag' retrieved from /opt/airflow/dags/my_tasks.py
[2026-10-01T15:10:54.762+0000] {logging_mixin.py:190} INFO - [2026-10-01T15:10:54.762+0000] {dag.py:3239} INFO - Sync 1 DAGs
[2026-10-01T15:10:54.777+0000] {logging_mixin.py:190} INFO - [2026-10-01T15:10:54.777+0000] {dag.py:4180} INFO - Setting next_dagrun for my_dag to 2026-03-02 00:00:00+00:00, run_after=2026-03-02 00:00:00+00:00
[2026-10-01T15:10:54.792+0000] {processor.py:208} INFO - Processing /opt/airflow/dags/my_tasks.py took 0.060 seconds
[2026-10-01T15:11:25.009+0000] {processor.py:186} INFO - Started process (PID=1227) to work on /opt/airflow/dags/my_tasks.py
[2026-10-01T15:11:25.017+0000] {processor.py:914} INFO - Processing file /opt/airflow/dags/my_tasks.py for tasks to queue
[2026-10-01T15:11:25.020+0000] {logging_mixin.py:190} INFO - [2026-10-01T15:11:25.020+0000] {dagbag.py:588} INFO - Filling up the DagBag from /opt/airflow/dags/my_tasks.py
[2026-10-01T15:11:25.029+0000] {processor.py:925} INFO - DAG(s) 'my_dag' retrieved from /opt/airflow/dags/my_tasks.py
[2026-10-01T15:11:25.047+0000] {logging_mixin.py:190} INFO - [2026-10-01T15:11:25.047+0000] {dag.py:3239} INFO - Sync 1 DAGs
[2026-10-01T15:11:25.063+0000] {logging_mixin.py:190} INFO - [2026-10-01T15:11:25.062+0000] {dag.py:4180} INFO - Setting next_dagrun for my_dag to 2026-03-02 00:00:00+00:00, run_after=2026-03-02 00:00:00+00:00
[2026-10-01T15:11:25.076+0000] {processor.py:208} INFO - Processing /opt/airflow/dags/my_tasks.py took 0.072 seconds
[2026-10-01T15:11:55.271+0000] {processor.py:186} INFO - Started process (PID=1238) to work on /opt/airflow/dags/my_tasks.py
[2026-10-01T15:11:55.271+0000] {processor.py:914} INFO - Processing file /opt/airflow/dags/my_tasks.py for tasks to queue
[2026-10-01T15:11:55.273+0000] {logging_mixin.py:190} INFO - [2026-10-01T15:11:55.272+0000] {dagbag.py:588} INFO - Filling up the DagBag from /opt/airflow/dags/my_tasks.py
[2026-10-01T15:11:55.279+0000] {processor.py:925} INFO - DAG(s) 'my_dag' retrieved from /opt/airflow/dags/my_tasks.py
[2026-10-01T15:11:55.296+0000] {logging_mixin.py:190} INFO - [2026-10-01T15:11:55.296+0000] {dag.py:3239} INFO - Sync 1 DAGs
[2026-10-01T15:11:55.311+0000] {logging_mixin.py:190} INFO - [2026-10-01T15:11:55.311+0000] {dag.py:4180} INFO - Setting next_dagrun for my_dag to 2026-03-02 00:00:00+00:00, run_after=2026-03-02 00:00:00+00:00
[2026-10-01T15:11:55.325+0000] {processor.py:208} INFO - Processing /opt/airflow/dags/my_tasks.py took 0.059 seconds
[2026-10-01T15:12:25.540+0000] {processor.py:186} INFO - Started process (PID=1249) to work on /opt/airflow/dags/my_tasks.py
[2026-10-01T15:12:25.548+0000] {processor.py:914} INFO - Processing file /opt/airflow/dags/my_tasks.py for tasks to queue
[2026-10-01T15:12:25.550+0000] {logging_mixin.py:190} INFO - [2026-10-01T15:12:25.550+0000] {dagbag.py:588} INFO - Filling up the DagBag from /opt/airflow/dags/my_tasks.py
[2026-10-01T15:12:25.558+0000] {processor.py:925} INFO - DAG(s) 'my_dag' retrieved from /opt/airflow/dags/my_tasks.py
[2026-10-01T15:12:25.577+0000] {logging_mixin.py:190} INFO - [2026-10-01T15:12:25.576+0000] {dag.py:3239} INFO - Sync 1 DAGs
[2026-10-01T15:12:25.592+0000] {logging_mixin.py:190} INFO - [2026-10-01T15:12:25.592+0000] {dag.py:4180} INFO - Setting next_dagrun for my_dag to 2026-03-02 00:00:00+00:00, run_after=2026-03-02 00:00:00+00:00
[2026-10-01T15:12:25.606+0000] {processor.py:208} INFO - Processing /opt/airflow/dags/my_tasks.py took 0.070 seconds
[2026-10-01T15:12:55.792+0000] {processor.py:186} INFO - Started process (PID=1260) to work on /opt/airflow/dags/my_tasks.py
[2026-10-01T15:12:55.793+0000] {processor.py:914} INFO - Processing file /opt/airflow/dags/my_tasks.py for tasks to queue
[2026-10-01T15:12:55.795+0000] {logging_mixin.py:190} INFO - [2026-10-01T15:12:55.794+0000] {dagbag.py:588} INFO - Filling up the DagBag from /opt/airflow/dags/my_tasks.py
[2026-10-01T15:12:55.801+0000] {processor.py:925} INFO - DAG(s) 'my_dag' retrieved from /opt/airflow/dags/my_tasks.py
[2026-10-01T15:12:55.820+0000] {logging_mixin.py:190} INFO - [2026-10-01T15:12:55.820+0000] {dag.py:3239} INFO - Sync 1 DAGs
[2026-10-01T15:12:55.836+0000] {logging_mixin.py:190} INFO - [2026-10-01T15:12:55.835+0000] {dag.py:4180} INFO - Setting next_dagrun for my_dag to 2026-03-02 00:00:00+00:00, run_after=2026-03-02 00:00:00+00:00
[2026-10-01T15:12:55.849+0000] {processor.py:208} INFO - Processing /opt/airflow/dags/my_tasks.py took 0.061 seconds
[2026-10-01T15:13:26.071+0000] {processor.py:186} INFO - Started process (PID=1271) to work on /opt/airflow/dags/my_tasks.py
[2026-10-01T15:13:26.078+0000] {processor.py:914} INFO - Processing file /opt/airflow/dags/my_tasks.py for tasks to queue
[2026-10-01T15:13:26.080+0000] {logging_mixin.py:190} INFO - [2026-10-01T15:13:26.080+0000] {dagbag.py:588} INFO - Filling up the DagBag from /opt/airflow/dags/my_tasks.py
[2026-10-01T15:13:26.089+0000] {processor.py:925} INFO - DAG(s) 'my_dag' retrieved from /opt/airflow/dags/my_tasks.py
[2026-10-01T15:13:26.110+0000] {logging_mixin.py:190} INFO - [2026-10-01T15:13:26.110+0000] {dag.py:3239} INFO - Sync 1 DAGs
[2026-10-01T15:13:26.127+0000] {logging_mixin.py:190} INFO - [2026-10-01T15:13:26.126+0000] {dag.py:4180} INFO - Setting next_dagrun for my_dag to 2026-03-02 00:00:00+00:00, run_after=2026-03-02 00:00:00+00:00
[2026-10-01T15:13:26.140+0000] {processor.py:208} INFO - Processing /opt/airflow/dags/my_tasks.py took 0.073 seconds
[2026-10-01T15:13:56.338+0000] {processor.py:186} INFO - Started process (PID=1282) to work on /opt/airflow/dags/my_tasks.py
[2026-10-01T15:13:56.339+0000] {processor.py:914} INFO - Processing file /opt/airflow/dags/my_tasks.py for tasks to queue
[2026-10-01T15:13:56.340+0000] {logging_mixin.py:190} INFO - [2026-10-01T15:13:56.340+0000] {dagbag.py:588} INFO - Filling up the DagBag from /opt/airflow/dags/my_tasks.py
[2026-10-01T15:13:56.347+0000] {processor.py:925} INFO - DAG(s) 'my_dag' retrieved from /opt/airflow/dags/my_tasks.py
[2026-10-01T15:13:56.364+0000] {logging_mixin.py:190} INFO - [2026-10-01T15:13:56.364+0000] {dag.py:3239} INFO - Sync 1 DAGs
[2026-10-01T15:13:56.379+0000] {logging_mixin.py:190} INFO - [2026-10-01T15:13:56.379+0000] {dag.py:4180} INFO - Setting next_dagrun for my_dag to 2026-03-02 00:00:00+00:00, run_after=2026-03-02 00:00:00+00:00
[2026-10-01T15:13:56.401+0000] {processor.py:208} INFO - Processing /opt/airflow/dags/my_tasks.py took 0.067 seconds
[2026-10-01T15:14:26.612+0000] {processor.py:186} INFO - Started process (PID=1293) to work on /opt/airflow/dags/my_tasks.py
[2026-10-01T15:14:26.620+0000] {processor.py:914} INFO - Processing file /opt/airflow/dags/my_tasks.py for tasks to queue
[2026-10-01T15:14:26.622+0000] {logging_mixin.py:190} INFO - [2026-10-01T15:14:26.622+0000] {dagbag.py:588} INFO - Filling up the DagBag from /opt/airflow/dags/my_tasks.py
[2026-10-01T15:14:26.632+0000] {processor.py:925} INFO - DAG(s) 'my_dag' retrieved from /opt/airflow/dags/my_tasks.py
[2026-10-01T15:14:26.650+0000] {logging_mixin.py:190} INFO - [2026-10-01T15:14:26.650+0000] {dag.py:3239} INFO - Sync 1 DAGs
[2026-10-01T15:14:26.666+0000] {logging_mixin.py:190} INFO - [2026-10-01T15:14:26.665+0000] {dag.py:4180} INFO - Setting next_dagrun for my_dag to 2026-03-02 00:00:00+00:00, run_after=2026-03-02 00:00:00+00:00
[2026-10-01T15:14:26.679+0000] {processor.py:208} INFO - Processing /opt/airflow/dags/my_tasks.py took 0.071 seconds
[2026-10-01T15:14:56.891+0000] {processor.py:186} INFO - Started process (PID=1304) to work on /opt/airflow/dags/my_tasks.py
[2026-10-01T15:14:56.896+0000] {processor.py:914} INFO - Processing file /opt/airflow/dags/my_tasks.py for tasks to queue
[2026-10-01T15:14:56.897+0000] {logging_mixin.py:190} INFO - [2026-10-01T15:14:56.897+0000] {dagbag.py:588} INFO - Filling up the DagBag from /opt/airflow/dags/my_tasks.py
[2026-10-01T15:14:56.905+0000] {processor.py:925} INFO - DAG(s) 'my_dag' retrieved from /opt/airflow/dags/my_tasks.py
[2026-10-01T15:14:56.922+0000] {logging_mixin.py:190} INFO - [2026-10-01T15:14:56.922+0000] {dag.py:3239} INFO - Sync 1 DAGs
[2026-10-01T15:14:56.937+0000] {logging_mixin.py:190} INFO - [2026-10-01T15:14:56.937+0000] {dag.py:4180} INFO - Setting next_dagrun for my_dag to 2026-03-02 00:00:00+00:00, run_after=2026-03-02 00:00:00+00:00
[2026-10-01T15:14:56.953+0000] {processor.py:208} INFO - Processing /opt/airflow/dags/my_tasks.py took 0.066 seconds
[2026-10-01T15:15:27.150+0000] {processor.py:186} INFO - Started process (PID=1315) to work on /opt/airflow/dags/my_tasks.py
[2026-10-01T15:15:27.158+0000] {processor.py:914} INFO - Processing file /opt/airflow/dags/my_tasks.py for tasks to queue
[2026-10-01T15:15:27.160+0000] {logging_mixin.py:190} INFO - [2026-10-01T15:15:27.160+0000] {dagbag.py:588} INFO - Filling up the DagBag from /opt/airflow/dags/my_tasks.py
[2026-10-01T15:15:27.166+0000] {processor.py:925} INFO - DAG(s) 'my_dag' retrieved from /opt/airflow/dags/my_tasks.py
[2026-10-01T15:15:27.183+0000] {logging_mixin.py:190} INFO - [2026-10-01T15:15:27.183+0000] {dag.py:3239} INFO - Sync 1 DAGs
[2026-10-01T15:15:27.199+0000] {logging_mixin.py:190} INFO - [2026-10-01T15:15:27.199+0000] {dag.py:4180} INFO - Setting next_dagrun for my_dag to 2026-03-02 00:00:00+00:00, run_after=2026-03-02 00:00:00+00:00
[2026-10-01T15:15:27.215+0000] {processor.py:208} INFO - Processing /opt/airflow/dags/my_tasks.py took 0.069 seconds
[2026-10-01T15:15:57.404+0000] {processor.py:186} INFO - Started process (PID=1326) to work on /opt/airflow/dags/my_tasks.py
[2026-10-01T15:15:57.405+0000] {processor.py:914} INFO - Processing file /opt/airflow/dags/my_tasks.py for tasks to queue
[2026-10-01T15:15:57.406+0000] {logging_mixin.py:190} INFO - [2026-10-01T15:15:57.406+0000] {dagbag.py:588} INFO - Filling up the DagBag from /opt/airflow/dags/my_tasks.py
[2026-10-01T15:15:57.414+0000] {processor.py:925} INFO - DAG(s) 'my_dag' retrieved from /opt/airflow/dags/my_tasks.py
[2026-10-01T15:15:57.432+0000] {logging_mixin.py:190} INFO - [2026-10-01T15:15:57.432+0000] {dag.py:3239} INFO - Sync 1 DAGs
[2026-10-01T15:15:57.447+0000] {logging_mixin.py:190} INFO - [2026-10-01T15:15:57.447+0000] {dag.py:4180} INFO - Setting next_dagrun for my_dag to 2026-03-02 00:00:00+00:00, run_after=2026-03-02 00:00:00+00:00
[2026-10-01T15:15:57.463+0000] {processor.py:208} INFO - Processing /opt/airflow/dags/my_tasks.py took 0.063 seconds
[2026-10-01T15:16:27.697+0000] {processor.py:186} INFO - Started process (PID=1337) to work on /opt/airflow/dags/my_tasks.py
[2026-10-01T15:16:27.698+0000] {processor.py:914} INFO - Processing file /opt/airflow/dags/my_tasks.py for tasks to queue
[2026-10-01T15:16:27.699+0000] {logging_mixin.py:190} INFO - [2026-10-01T15:16:27.699+0000] {dagbag.py:588} INFO - Filling up the DagBag from /opt/airflow/dags/my_tasks.py
[2026-10-01T15:16:27.705+0000] {processor.py:925} INFO - DAG(s) 'my_dag' retrieved from /opt/airflow/dags/my_tasks.py
[2026-10-01T15:16:27.723+0000] {logging_mixin.py:190} INFO - [2026-10-01T15:16:27.723+0000] {dag.py:3239} INFO - Sync 1 DAGs
[2026-10-01T15:16:27.738+0000] {logging_mixin.py:190} INFO - [2026-10-01T15:16:27.738+0000] {dag.py:4180} INFO - Setting next_dagrun for my_dag to 2026-03-02 00:00:00+00:00, run_after=2026-03-02 00:00:00+00:00
[2026-10-01T15:16:27.755+0000] {processor.py:208} INFO - Processing /opt/airflow/dags/my_tasks.py took 0.062 seconds
[2026-10-01T15:16:57.945+0000] {processor.py:186} INFO - Started process (PID=1348) to work on /opt/airflow/dags/my_tasks.py
[2026-10-01T15:16:57.945+0000] {processor.py:914} INFO - Processing file /opt/airflow/dags/my_tasks.py for tasks to queue
[2026-10-01T15:16:57.947+0000] {logging_mixin.py:190} INFO - [2026-10-01T15:16:57.947+0000] {dagbag.py:588} INFO - Filling up the DagBag from /opt/airflow/dags/my_tasks.py
[2026-10-01T15:16:57.953+0000] {processor.py:925} INFO - DAG(s) 'my_dag' retrieved from /opt/airflow/dags/my_tasks.py
[2026-10-01T15:16:57.973+0000] {logging_mixin.py:190} INFO - [2026-10-01T15:16:57.973+0000] {dag.py:3239} INFO - Sync 1 DAGs
[2026-10-01T15:16:57.989+0000] {logging_mixin.py:190} INFO - [2026-10-01T15:16:57.988+0000] {dag.py:4180} INFO - Setting next_dagrun for my_dag to 2026-03-02 00:00:00+00:00, run_after=2026-03-02 00:00:00+00:00
[2026-10-01T15:16:58.003+0000] {processor.py:208} INFO - Processing /opt/airflow/dags/my_tasks.py took 0.062 seconds
[2026-10-01T15:17:28.215+0000] {processor.py:186} INFO - Started process (PID=1359) to work on /opt/airflow/dags/my_tasks.py
[2026-10-01T15:17:28.223+0000] {processor.py:914} INFO - Processing file /opt/airflow/dags/my_tasks.py for tasks to queue
[2026-10-01T15:17:28.226+0000] {logging_mixin.py:190} INFO - [2026-10-01T15:17:28.225+0000] {dagbag.py:588} INFO - Filling up the DagBag from /opt/airflow/dags/my_tasks.py
[2026-10-01T15:17:28.236+0000] {processor.py:925} INFO - DAG(s) 'my_dag' retrieved from /opt/airflow/dags/my_tasks.py
[2026-10-01T15:17:28.256+0000] {logging_mixin.py:190} INFO - [2026-10-01T15:17:28.256+0000] {dag.py:3239} INFO - Sync 1 DAGs
[2026-10-01T15:17:28.272+0000] {logging_mixin.py:190} INFO - [2026-10-01T15:17:28.272+0000] {dag.py:4180} INFO - Setting next_dagrun for my_dag to 2026-03-02 00:00:00+00:00, run_after=2026-03-02 00:00:00+00:00
[2026-10-01T15:17:28.286+0000] {processor.py:208} INFO - Processing /opt/airflow/dags/my_tasks.py took 0.075 seconds
[2026-10-01T15:17:58.463+0000] {processor.py:186} INFO - Started process (PID=1370) to work on /opt/airflow/dags/my_tasks.py
[2026-10-01T15:17:58.471+0000] {processor.py:914} INFO - Processing file /opt/airflow/dags/my_tasks.py for tasks to queue
[2026-10-01T15:17:58.472+0000] {logging_mixin.py:190} INFO - [2026-10-01T15:17:58.472+0000] {dagbag.py:588} INFO - Filling up the DagBag from /opt/airflow/dags/my_tasks.py
[2026-10-01T15:17:58.479+0000] {processor.py:925} INFO - DAG(s) 'my_dag' retrieved from /opt/airflow/dags/my_tasks.py
[2026-10-01T15:17:58.496+0000] {logging_mixin.py:190} INFO - [2026-10-01T15:17:58.496+0000] {dag.py:3239} INFO - Sync 1 DAGs
[2026-10-01T15:17:58.512+0000] {logging_mixin.py:190} INFO - [2026-10-01T15:17:58.512+0000] {dag.py:4180} INFO - Setting next_dagrun for my_dag to 2026-03-02 00:00:00+00:00, run_after=2026-03-02 00:00:00+00:00
[2026-10-01T15:17:58.526+0000] {processor.py:208} INFO - Processing /opt/airflow/dags/my_tasks.py took 0.067 seconds
[2026-10-01T15:18:28.746+0000] {processor.py:186} INFO - Started process (PID=1381) to work on /opt/airflow/dags/my_tasks.py
[2026-10-01T15:18:28.754+0000] {processor.py:914} INFO - Processing file /opt/airflow/dags/my_tasks.py for tasks to queue
[2026-10-01T15:18:28.756+0000] {logging_mixin.py:190} INFO - [2026-10-01T15:18:28.756+0000] {dagbag.py:588} INFO - Filling up the DagBag from /opt/airflow/dags/my_tasks.py
[2026-10-01T15:18:28.766+0000] {processor.py:925} INFO - DAG(s) 'my_dag' retrieved from /opt/airflow/dags/my_tasks.py
[2026-10-01T15:18:28.784+0000] {logging_mixin.py:190} INFO - [2026-10-01T15:18:28.783+0000] {dag.py:3239} INFO - Sync 1 DAGs
[2026-10-01T15:18:28.799+0000] {logging_mixin.py:190} INFO - [2026-10-01T15:18:28.799+0000] {dag.py:4180} INFO - Setting next_dagrun for my_dag to 2026-03-02 00:00:00+00:00, run_after=2026-03-02 00:00:00+00:00
[2026-10-01T15:18:28.813+0000] {processor.py:208} INFO - Processing /opt/airflow/dags/my_tasks.py took 0.071 seconds
[2026-10-01T15:18:59.025+0000] {processor.py:186} INFO - Started process (PID=1392) to work on /opt/airflow/dags/my_tasks.py
[2026-10-01T15:18:59.033+0000] {processor.py:914} INFO - Processing file /opt/airflow/dags/my_tasks.py for tasks to queue
[2026-10-01T15:18:59.036+0000] {logging_mixin.py:190} INFO - [2026-10-01T15:18:59.035+0000] {dagbag.py:588} INFO - Filling up the DagBag from /opt/airflow/dags/my_tasks.py
[2026-10-01T15:18:59.045+0000] {processor.py:925} INFO - DAG(s) 'my_dag' retrieved from /opt/airflow/dags/my_tasks.py
[2026-10-01T15:18:59.064+0000] {logging_mixin.py:190} INFO - [2026-10-01T15:18:59.064+0000] {dag.py:3239} INFO - Sync 1 DAGs
[2026-10-01T15:18:59.079+0000] {logging_mixin.py:190} INFO - [2026-10-01T15:18:59.079+0000] {dag.py:4180} INFO - Setting next_dagrun for my_dag to 2026-03-02 00:00:00+00:00, run_after=2026-03-02 00:00:00+00:00
[2026-10-01T15:18:59.093+0000] {processor.py:208} INFO - Processing /opt/airflow/dags/my_tasks.py took 0.073 seconds
[2026-10-01T15:19:29.316+0000] {processor.py:186} INFO - Started process (PID=1403) to work on /opt/airflow/dags/my_tasks.py
[2026-10-01T15:19:29.324+0000] {processor.py:914} INFO - Processing file /opt/airflow/dags/my_tasks.py for tasks to queue
[2026-10-01T15:19:29.325+0000] {logging_mixin.py:190} INFO - [2026-10-01T15:19:29.325+0000] {dagbag.py:588} INFO - Filling up the DagBag from /opt/airflow/dags/my_tasks.py
[2026-10-01T15:19:29.334+0000] {processor.py:925} INFO - DAG(s) 'my_dag' retrieved from /opt/airflow/dags/my_tasks.py
[2026-10-01T15:19:29.351+0000] {logging_mixin.py:190} INFO - [2026-10-01T15:19:29.351+0000] {dag.py:3239} INFO - Sync 1 DAGs
[2026-10-01T15:19:29.367+0000] {logging_mixin.py:190} INFO - [2026-10-01T15:19:29.367+0000] {dag.py:4180} INFO - Setting next_dagrun for my_dag to 2026-03-02 00:00:00+00:00, run_after=2026-03-02 00:00:00+00:00
[2026-10-01T15:19:29.381+0000] {processor.py:208} INFO - Processing /opt/airflow/dags/my_tasks.py took 0.070 seconds
[2026-10-01T15:19:59.574+0000] {processor.py:186} INFO - Started process (PID=1414) to work on /opt/airflow/dags/my_tasks.py
[2026-10-01T15:19:59.582+0000] {processor.py:914} INFO - Processing file /opt/airflow/dags/my_tasks.py for tasks to queue
[2026-10-01T15:19:59.585+0000] {logging_mixin.py:190} INFO - [2026-10-01T15:19:59.584+0000] {dagbag.py:588} INFO - Filling up the DagBag from /opt/airflow/dags/my_tasks.py
[2026-10-01T15:19:59.594+0000] {processor.py:925} INFO - DAG(s) 'my_dag' retrieved from /opt/airflow/dags/my_tasks.py
[2026-10-01T15:19:59.614+0000] {logging_mixin.py:190} INFO - [2026-10-01T15:19:59.614+0000] {dag.py:3239} INFO - Sync 1 DAGs
[2026-10-01T15:19:59.631+0000] {logging_mixin.py:190} INFO - [2026-10-01T15:19:59.631+0000] {dag.py:4180} INFO - Setting next_dagrun for my_dag to 2026-03-02 00:00:00+00:00, run_after=2026-03-02 00:00:00+00:00
[2026-10-01T15:19:59.645+0000] {processor.py:208} INFO - Processing /opt/airflow/dags/my_tasks.py took 0.075 seconds
[2026-10-01T15:20:29.856+0000] {processor.py:186} INFO - Started process (PID=1425) to work on /opt/airflow/dags/my_tasks.py
[2026-10-01T15:20:29.864+0000] {processor.py:914} INFO - Processing file /opt/airflow/dags/my_tasks.py for tasks to queue
[2026-10-01T15:20:29.867+0000] {logging_mixin.py:190} INFO - [2026-10-01T15:20:29.866+0000] {dagbag.py:588} INFO - Filling up the DagBag from /opt/airflow/dags/my_tasks.py
[2026-10-01T15:20:29.876+0000] {processor.py:925} INFO - DAG(s) 'my_dag' retrieved from /opt/airflow/dags/my_tasks.py
[2026-10-01T15:20:29.894+0000] {logging_mixin.py:190} INFO - [2026-10-01T15:20:29.894+0000] {dag.py:3239} INFO - Sync 1 DAGs
[2026-10-01T15:20:29.910+0000] {logging_mixin.py:190} INFO - [2026-10-01T15:20:29.910+0000] {dag.py:4180} INFO - Setting next_dagrun for my_dag to 2026-03-02 00:00:00+00:00, run_after=2026-03-02 00:00:00+00:00
[2026-10-01T15:20:29.923+0000] {processor.py:208} INFO - Processing /opt/airflow/dags/my_tasks.py took 0.071 seconds
[2026-10-01T15:21:00.143+0000] {processor.py:186} INFO - Started process (PID=1436) to work on /opt/airflow/dags/my_tasks.py
[2026-10-01T15:21:00.144+0000] {processor.py:914} INFO - Processing file /opt/airflow/dags/my_tasks.py for tasks to queue
[2026-10-01T15:21:00.145+0000] {logging_mixin.py:190} INFO - [2026-10-01T15:21:00.145+0000] {dagbag.py:588} INFO - Filling up the DagBag from /opt/airflow/dags/my_tasks.py
[2026-10-01T15:21:00.153+0000] {processor.py:925} INFO - DAG(s) 'my_dag' retrieved from /opt/airflow/dags/my_tasks.py
[2026-10-01T15:21:00.170+0000] {logging_mixin.py:190} INFO - [2026-10-01T15:21:00.170+0000] {dag.py:3239} INFO - Sync 1 DAGs
[2026-10-01T15:21:00.186+0000] {logging_mixin.py:190} INFO - [2026-10-01T15:21:00.186+0000] {dag.py:4180} INFO - Setting next_dagrun for my_dag to 2026-03-02 00:00:00+00:00, run_after=2026-03-02 00:00:00+00:00
[2026-10-01T15:21:00.200+0000] {processor.py:208} INFO - Processing /opt/airflow/dags/my_tasks.py took 0.061 seconds
[2026-10-01T15:21:30.440+0000] {processor.py:186} INFO - Started process (PID=1447) to work on /opt/airflow/dags/my_tasks.py
[2026-10-01T15:21:30.440+0000] {processor.py:914} INFO - Processing file /opt/airflow/dags/my_tasks.py for tasks to queue
[2026-10-01T15:21:30.441+0000] {logging_mixin.py:190} INFO - [2026-10-01T15:21:30.441+0000] {dagbag.py:588} INFO - Filling up the DagBag from /opt/airflow/dags/my_tasks.py
[2026-10-01T15:21:30.448+0000] {processor.py:925} INFO - DAG(s) 'my_dag' retrieved from /opt/airflow/dags/my_tasks.py
[2026-10-01T15:21:30.466+0000] {logging_mixin.py:190} INFO - [2026-10-01T15:21:30.465+0000] {dag.py:3239} INFO - Sync 1 DAGs
[2026-10-01T15:21:30.481+0000] {logging_mixin.py:190} INFO - [2026-10-01T15:21:30.481+0000] {dag.py:4180} INFO - Setting next_dagrun for my_dag to 2026-03-02 00:00:00+00:00, run_after=2026-03-02 00:00:00+00:00
[2026-10-01T15:21:30.496+0000] {processor.py:208} INFO - Processing /opt/airflow/dags/my_tasks.py took 0.061 seconds
[2026-10-01T15:22:00.716+0000] {processor.py:186} INFO - Started process (PID=1458) to work on /opt/airflow/dags/my_tasks.py
[2026-10-01T15:22:00.724+0000] {processor.py:914} INFO - Processing file /opt/airflow/dags/my_tasks.py for tasks to queue
[2026-10-01T15:22:00.728+0000] {logging_mixin.py:190} INFO - [2026-10-01T15:22:00.727+0000] {dagbag.py:588} INFO - Filling up the DagBag from /opt/airflow/dags/my_tasks.py
[2026-10-01T15:22:00.737+0000] {processor.py:925} INFO - DAG(s) 'my_dag' retrieved from /opt/airflow/dags/my_tasks.py
[2026-10-01T15:22:00.754+0000] {logging_mixin.py:190} INFO - [2026-10-01T15:22:00.754+0000] {dag.py:3239} INFO - Sync 1 DAGs
[2026-10-01T15:22:00.770+0000] {logging_mixin.py:190} INFO - [2026-10-01T15:22:00.770+0000] {dag.py:4180} INFO - Setting next_dagrun for my_dag to 2026-03-02 00:00:00+00:00, run_after=2026-03-02 00:00:00+00:00
[2026-10-01T15:22:00.784+0000] {processor.py:208} INFO - Processing /opt/airflow/dags/my_tasks.py took 0.074 seconds
[2026-10-01T15:22:30.988+0000] {processor.py:186} INFO - Started process (PID=1469) to work on /opt/airflow/dags/my_tasks.py
[2026-10-01T15:22:30.989+0000] {processor.py:914} INFO - Processing file /opt/airflow/dags/my_tasks.py for tasks to queue
[2026-10-01T15:22:30.990+0000] {logging_mixin.py:190} INFO - [2026-10-01T15:22:30.990+0000] {dagbag.py:588} INFO - Filling up the DagBag from /opt/airflow/dags/my_tasks.py
[2026-10-01T15:22:30.997+0000] {processor.py:925} INFO - DAG(s) 'my_dag' retrieved from /opt/airflow/dags/my_tasks.py
[2026-10-01T15:22:31.016+0000] {logging_mixin.py:190} INFO - [2026-10-01T15:22:31.016+0000] {dag.py:3239} INFO - Sync 1 DAGs
[2026-10-01T15:22:31.031+0000] {logging_mixin.py:190} INFO - [2026-10-01T15:22:31.031+0000] {dag.py:4180} INFO - Setting next_dagrun for my_dag to 2026-03-02 00:00:00+00:00, run_after=2026-03-02 00:00:00+00:00
[2026-10-01T15:22:31.045+0000] {processor.py:208} INFO - Processing /opt/airflow/dags/my_tasks.py took 0.061 seconds
[2026-10-01T15:23:01.277+0000] {processor.py:186} INFO - Started process (PID=1480) to work on /opt/airflow/dags/my_tasks.py
[2026-10-01T15:23:01.278+0000] {processor.py:914} INFO - Processing file /opt/airflow/dags/my_tasks.py for tasks to queue
[2026-10-01T15:23:01.279+0000] {logging_mixin.py:190} INFO - [2026-10-01T15:23:01.279+0000] {dagbag.py:588} INFO - Filling up the DagBag from /opt/airflow/dags/my_tasks.py
[2026-10-01T15:23:01.286+0000] {processor.py:925} INFO - DAG(s) 'my_dag' retrieved from /opt/airflow/dags/my_tasks.py
[2026-10-01T15:23:01.303+0000] {logging_mixin.py:190} INFO - [2026-10-01T15:23:01.303+0000] {dag.py:3239} INFO - Sync 1 DAGs
[2026-10-01T15:23:01.318+0000] {logging_mixin.py:190} INFO - [2026-10-01T15:23:01.318+0000] {dag.py:4180} INFO - Setting next_dagrun for my_dag to 2026-03-02 00:00:00+00:00, run_after=2026-03-02 00:00:00+00:00
[2026-10-01T15:23:01.332+0000] {processor.py:208} INFO - Processing /opt/airflow/dags/my_tasks.py took 0.059 seconds
[2026-10-01T15:23:31.546+0000] {processor.py:186} INFO - Started process (PID=1491) to work on /opt/airflow/dags/my_tasks.py
[2026-10-01T15:23:31.547+0000] {processor.py:914} INFO - Processing file /opt/airflow/dags/my_tasks.py for tasks to queue
[2026-10-01T15:23:31.548+0000] {logging_mixin.py:190} INFO - [2026-10-01T15:23:31.548+0000] {dagbag.py:588} INFO - Filling up the DagBag from /opt/airflow/dags/my_tasks.py
[2026-10-01T15:23:31.555+0000] {processor.py:925} INFO - DAG(s) 'my_dag' retrieved from /opt/airflow/dags/my_tasks.py
[2026-10-01T15:23:31.572+0000] {logging_mixin.py:190} INFO - [2026-10-01T15:23:31.572+0000] {dag.py:3239} INFO - Sync 1 DAGs
[2026-10-01T15:23:31.588+0000] {logging_mixin.py:190} INFO - [2026-10-01T15:23:31.588+0000] {dag.py:4180} INFO - Setting next_dagrun for my_dag to 2026-03-02 00:00:00+00:00, run_after=2026-03-02 00:00:00+00:00
[2026-10-01T15:23:31.602+0000] {processor.py:208} INFO - Processing /opt/airflow/dags/my_tasks.py took 0.060 seconds
[2026-10-01T15:24:01.829+0000] {processor.py:186} INFO - Started process (PID=1502) to work on /opt/airflow/dags/my_tasks.py
[2026-10-01T15:24:01.837+0000] {processor.py:914} INFO - Processing file /opt/airflow/dags/my_tasks.py for tasks to queue
[2026-10-01T15:24:01.840+0000] {logging_mixin.py:190} INFO - [2026-10-01T15:24:01.839+0000] {dagbag.py:588} INFO - Filling up the DagBag from /opt/airflow/dags/my_tasks.py
[2026-10-01T15:24:01.851+0000] {processor.py:925} INFO - DAG(s) 'my_dag' retrieved from /opt/airflow/dags/my_tasks.py
[2026-10-01T15:24:01.869+0000] {logging_mixin.py:190} INFO - [2026-10-01T15:24:01.869+0000] {dag.py:3239} INFO - Sync 1 DAGs
[2026-10-01T15:24:01.885+0000] {logging_mixin.py:190} INFO - [2026-10-01T15:24:01.885+0000] {dag.py:4180} INFO - Setting next_dagrun for my_dag to 2026-03-02 00:00:00+00:00, run_after=2026-03-02 00:00:00+00:00
[2026-10-01T15:24:01.899+0000] {processor.py:208} INFO - Processing /opt/airflow/dags/my_tasks.py took 0.075 seconds
[2026-10-01T15:24:32.099+0000] {processor.py:186} INFO - Started process (PID=1513) to work on /opt/airflow/dags/my_tasks.py
[2026-10-01T15:24:32.099+0000] {processor.py:914} INFO - Processing file /opt/airflow/dags/my_tasks.py for tasks to queue
[2026-10-01T15:24:32.101+0000] {logging_mixin.py:190} INFO - [2026-10-01T15:24:32.101+0000] {dagbag.py:588} INFO - Filling up the DagBag from /opt/airflow/dags/my_tasks.py
[2026-10-01T15:24:32.108+0000] {processor.py:925} INFO - DAG(s) 'my_dag' retrieved from /opt/airflow/dags/my_tasks.py
[2026-10-01T15:24:32.125+0000] {logging_mixin.py:190} INFO - [2026-10-01T15:24:32.125+0000] {dag.py:3239} INFO - Sync 1 DAGs
[2026-10-01T15:24:32.140+0000] {logging_mixin.py:190} INFO - [2026-10-01T15:24:32.140+0000] {dag.py:4180} INFO - Setting next_dagrun for my_dag to 2026-03-02 00:00:00+00:00, run_after=2026-03-02 00:00:00+00:00
[2026-10-01T15:24:32.154+0000] {processor.py:208} INFO - Processing /opt/airflow/dags/my_tasks.py took 0.059 seconds
[2026-10-01T15:25:02.352+0000] {processor.py:186} INFO - Started process (PID=1524) to work on /opt/airflow/dags/my_tasks.py
[2026-10-01T15:25:02.353+0000] {processor.py:914} INFO - Processing file /opt/airflow/dags/my_tasks.py for tasks to queue
[2026-10-01T15:25:02.355+0000] {logging_mixin.py:190} INFO - [2026-10-01T15:25:02.354+0000] {dagbag.py:588} INFO - Filling up the DagBag from /opt/airflow/dags/my_tasks.py
[2026-10-01T15:25:02.362+0000] {processor.py:925} INFO - DAG(s) 'my_dag' retrieved from /opt/airflow/dags/my_tasks.py
[2026-10-01T15:25:02.379+0000] {logging_mixin.py:190} INFO - [2026-10-01T15:25:02.379+0000] {dag.py:3239} INFO - Sync 1 DAGs
[2026-10-01T15:25:02.394+0000] {logging_mixin.py:190} INFO - [2026-10-01T15:25:02.394+0000] {dag.py:4180} INFO - Setting next_dagrun for my_dag to 2026-03-02 00:00:00+00:00, run_after=2026-03-02 00:00:00+00:00
[2026-10-01T15:25:02.409+0000] {processor.py:208} INFO - Processing /opt/airflow/dags/my_tasks.py took 0.061 seconds
[2026-10-01T15:25:32.641+0000] {processor.py:186} INFO - Started process (PID=1535) to work on /opt/airflow/dags/my_tasks.py
[2026-10-01T15:25:32.649+0000] {processor.py:914} INFO - Processing file /opt/airflow/dags/my_tasks.py for tasks to queue
[2026-10-01T15:25:32.651+0000] {logging_mixin.py:190} INFO - [2026-10-01T15:25:32.650+0000] {dagbag.py:588} INFO - Filling up the DagBag from /opt/airflow/dags/my_tasks.py
[2026-10-01T15:25:32.657+0000] {processor.py:925} INFO - DAG(s) 'my_dag' retrieved from /opt/airflow/dags/my_tasks.py
[2026-10-01T15:25:32.676+0000] {logging_mixin.py:190} INFO - [2026-10-01T15:25:32.675+0000] {dag.py:3239} INFO - Sync 1 DAGs
[2026-10-01T15:25:32.692+0000] {logging_mixin.py:190} INFO - [2026-10-01T15:25:32.692+0000] {dag.py:4180} INFO - Setting next_dagrun for my_dag to 2026-03-02 00:00:00+00:00, run_after=2026-03-02 00:00:00+00:00
[2026-10-01T15:25:32.706+0000] {processor.py:208} INFO - Processing /opt/airflow/dags/my_tasks.py took 0.069 seconds
[2026-10-01T15:26:02.920+0000] {processor.py:186} INFO - Started process (PID=1546) to work on /opt/airflow/dags/my_tasks.py
[2026-10-01T15:26:02.928+0000] {processor.py:914} INFO - Processing file /opt/airflow/dags/my_tasks.py for tasks to queue
[2026-10-01T15:26:02.930+0000] {logging_mixin.py:190} INFO - [2026-10-01T15:26:02.930+0000] {dagbag.py:588} INFO - Filling up the DagBag from /opt/airflow/dags/my_tasks.py
[2026-10-01T15:26:02.940+0000] {processor.py:925} INFO - DAG(s) 'my_dag' retrieved from /opt/airflow/dags/my_tasks.py
[2026-10-01T15:26:02.957+0000] {logging_mixin.py:190} INFO - [2026-10-01T15:26:02.957+0000] {dag.py:3239} INFO - Sync 1 DAGs
[2026-10-01T15:26:02.973+0000] {logging_mixin.py:190} INFO - [2026-10-01T15:26:02.973+0000] {dag.py:4180} INFO - Setting next_dagrun for my_dag to 2026-03-02 00:00:00+00:00, run_after=2026-03-02 00:00:00+00:00
[2026-10-01T15:26:02.992+0000] {processor.py:208} INFO - Processing /opt/airflow/dags/my_tasks.py took 0.075 seconds
[2026-10-01T15:26:33.198+0000] {processor.py:186} INFO - Started process (PID=1557) to work on /opt/airflow/dags/my_tasks.py
[2026-10-01T15:26:33.206+0000] {processor.py:914} INFO - Processing file /opt/airflow/dags/my_tasks.py for tasks to queue
[2026-10-01T15:26:33.209+0000] {logging_mixin.py:190} INFO - [2026-10-01T15:26:33.209+0000] {dagbag.py:588} INFO - Filling up the DagBag from /opt/airflow/dags/my_tasks.py
[2026-10-01T15:26:33.219+0000] {processor.py:925} INFO - DAG(s) 'my_dag' retrieved from /opt/airflow/dags/my_tasks.py
[2026-10-01T15:26:33.237+0000] {logging_mixin.py:190} INFO - [2026-10-01T15:26:33.236+0000] {dag.py:3239} INFO - Sync 1 DAGs
[2026-10-01T15:26:33.253+0000] {logging_mixin.py:190} INFO - [2026-10-01T15:26:33.253+0000] {dag.py:4180} INFO - Setting next_dagrun for my_dag to 2026-03-02 00:00:00+00:00, run_after=2026-03-02 00:00:00+00:00
[2026-10-01T15:26:33.267+0000] {processor.py:208} INFO - Processing /opt/airflow/dags/my_tasks.py took 0.074 seconds
[2026-10-01T15:27:03.444+0000] {processor.py:186} INFO - Started process (PID=1568) to work on /opt/airflow/dags/my_tasks.py
[2026-10-01T15:27:03.444+0000] {processor.py:914} INFO - Processing file /opt/airflow/dags/my_tasks.py for tasks to queue
[2026-10-01T15:27:03.446+0000] {logging_mixin.py:190} INFO - [2026-10-01T15:27:03.445+0000] {dagbag.py:588} INFO - Filling up the DagBag from /opt/airflow/dags/my_tasks.py
[2026-10-01T15:27:03.452+0000] {processor.py:925} INFO - DAG(s) 'my_dag' retrieved from /opt/airflow/dags/my_tasks.py
[2026-10-01T15:27:03.470+0000] {logging_mixin.py:190} INFO - [2026-10-01T15:27:03.470+0000] {dag.py:3239} INFO - Sync 1 DAGs
[2026-10-01T15:27:03.486+0000] {logging_mixin.py:190} INFO - [2026-10-01T15:27:03.486+0000] {dag.py:4180} INFO - Setting next_dagrun for my_dag to 2026-03-02 00:00:00+00:00, run_after=2026-03-02 00:00:00+00:00
[2026-10-01T15:27:03.504+0000] {processor.py:208} INFO - Processing /opt/airflow/dags/my_tasks.py took 0.064 seconds
[2026-10-01T15:27:33.720+0000] {processor.py:186} INFO - Started process (PID=1579) to work on /opt/airflow/dags/my_tasks.py
[2026-10-01T15:27:33.728+0000] {processor.py:914} INFO - Processing file /opt/airflow/dags/my_tasks.py for tasks to queue
[2026-10-01T15:27:33.730+0000] {logging_mixin.py:190} INFO - [2026-10-01T15:27:33.730+0000] {dagbag.py:588} INFO - Filling up the DagBag from /opt/airflow/dags/my_tasks.py
[2026-10-01T15:27:33.740+0000] {processor.py:925} INFO - DAG(s) 'my_dag' retrieved from /opt/airflow/dags/my_tasks.py
[2026-10-01T15:27:33.759+0000] {logging_mixin.py:190} INFO - [2026-10-01T15:27:33.759+0000] {dag.py:3239} INFO - Sync 1 DAGs
[2026-10-01T15:27:33.775+0000] {logging_mixin.py:190} INFO - [2026-10-01T15:27:33.775+0000] {dag.py:4180} INFO - Setting next_dagrun for my_dag to 2026-03-02 00:00:00+00:00, run_after=2026-03-02 00:00:00+00:00
[2026-10-01T15:27:33.789+0000] {processor.py:208} INFO - Processing /opt/airflow/dags/my_tasks.py took 0.073 seconds
[2026-10-01T15:28:03.997+0000] {processor.py:186} INFO - Started process (PID=1590) to work on /opt/airflow/dags/my_tasks.py
[2026-10-01T15:28:04.001+0000] {processor.py:914} INFO - Processing file /opt/airflow/dags/my_tasks.py for tasks to queue
[2026-10-01T15:28:04.004+0000] {logging_mixin.py:190} INFO - [2026-10-01T15:28:04.004+0000] {dagbag.py:588} INFO - Filling up the DagBag from /opt/airflow/dags/my_tasks.py
[2026-10-01T15:28:04.012+0000] {processor.py:925} INFO - DAG(s) 'my_dag' retrieved from /opt/airflow/dags/my_tasks.py
[2026-10-01T15:28:04.030+0000] {logging_mixin.py:190} INFO - [2026-10-01T15:28:04.029+0000] {dag.py:3239} INFO - Sync 1 DAGs
[2026-10-01T15:28:04.045+0000] {logging_mixin.py:190} INFO - [2026-10-01T15:28:04.045+0000] {dag.py:4180} INFO - Setting next_dagrun for my_dag to 2026-03-02 00:00:00+00:00, run_after=2026-03-02 00:00:00+00:00
[2026-10-01T15:28:04.059+0000] {processor.py:208} INFO - Processing /opt/airflow/dags/my_tasks.py took 0.067 seconds
[2026-10-01T15:28:34.263+0000] {processor.py:186} INFO - Started process (PID=1601) to work on /opt/airflow/dags/my_tasks.py
[2026-10-01T15:28:34.271+0000] {processor.py:914} INFO - Processing file /opt/airflow/dags/my_tasks.py for tasks to queue
[2026-10-01T15:28:34.273+0000] {logging_mixin.py:190} INFO - [2026-10-01T15:28:34.273+0000] {dagbag.py:588} INFO - Filling up the DagBag from /opt/airflow/dags/my_tasks.py
[2026-10-01T15:28:34.283+0000] {processor.py:925} INFO - DAG(s) 'my_dag' retrieved from /opt/airflow/dags/my_tasks.py
[2026-10-01T15:28:34.303+0000] {logging_mixin.py:190} INFO - [2026-10-01T15:28:34.302+0000] {dag.py:3239} INFO - Sync 1 DAGs
[2026-10-01T15:28:34.318+0000] {logging_mixin.py:190} INFO - [2026-10-01T15:28:34.318+0000] {dag.py:4180} INFO - Setting next_dagrun for my_dag to 2026-03-02 00:00:00+00:00, run_after=2026-03-02 00:00:00+00:00
[2026-10-01T15:28:34.332+0000] {processor.py:208} INFO - Processing /opt/airflow/dags/my_tasks.py took 0.073 seconds
[2026-10-01T16:15:30.082+0000] {processor.py:186} INFO - Started process (PID=192) to work on /opt/airflow/dags/my_tasks.py
[2026-10-01T16:15:30.083+0000] {processor.py:914} INFO - Processing file /opt/airflow/dags/my_tasks.py for tasks to queue
[2026-10-01T16:15:30.085+0000] {logging_mixin.py:190} INFO - [2026-10-01T16:15:30.084+0000] {dagbag.py:588} INFO - Filling up the DagBag from /opt/airflow/dags/my_tasks.py
[2026-10-01T16:15:30.120+0000] {processor.py:925} INFO - DAG(s) 'my_dag' retrieved from /opt/airflow/dags/my_tasks.py
[2026-10-01T16:15:30.375+0000] {logging_mixin.py:190} INFO - [2026-10-01T16:15:30.374+0000] {override.py:1912} INFO - Created Permission View: can read on DAG:my_dag
[2026-10-01T16:15:30.390+0000] {logging_mixin.py:190} INFO - [2026-10-01T16:15:30.389+0000] {override.py:1912} INFO - Created Permission View: can delete on DAG:my_dag
[2026-10-01T16:15:30.405+0000] {logging_mixin.py:190} INFO - [2026-10-01T16:15:30.405+0000] {override.py:1912} INFO - Created Permission View: can edit on DAG:my_dag
[2026-10-01T16:15:30.422+0000] {logging_mixin.py:190} INFO - [2026-10-01T16:15:30.422+0000] {override.py:1912} INFO - Created Permission View: menu access on DAG Run:my_dag
[2026-10-01T16:15:30.434+0000] {logging_mixin.py:190} INFO - [2026-10-01T16:15:30.433+0000] {override.py:1912} INFO - Created Permission View: can read on DAG Run:my_dag
[2026-10-01T16:15:30.443+0000] {logging_mixin.py:190} INFO - [2026-10-01T16:15:30.442+0000] {override.py:1912} INFO - Created Permission View: can delete on DAG Run:my_dag
[2026-10-01T16:15:30.453+0000] {logging_mixin.py:190} INFO - [2026-10-01T16:15:30.453+0000] {override.py:1912} INFO - Created Permission View: can create on DAG Run:my_dag
[2026-10-01T16:15:30.454+0000] {logging_mixin.py:190} INFO - [2026-10-01T16:15:30.454+0000] {dag.py:3239} INFO - Sync 1 DAGs
[2026-10-01T16:15:30.469+0000] {logging_mixin.py:190} INFO - [2026-10-01T16:15:30.468+0000] {dag.py:3262} INFO - Creating ORM DAG for my_dag
[2026-10-01T16:15:30.478+0000] {logging_mixin.py:190} INFO - [2026-10-01T16:15:30.478+0000] {dag.py:4180} INFO - Setting next_dagrun for my_dag to 2026-03-02 00:00:00+00:00, run_after=2026-03-02 00:00:00+00:00
[2026-10-01T16:15:30.500+0000] {processor.py:208} INFO - Processing /opt/airflow/dags/my_tasks.py took 0.431 seconds
[2026-10-01T16:16:00.674+0000] {processor.py:186} INFO - Started process (PID=203) to work on /opt/airflow/dags/my_tasks.py
[2026-10-01T16:16:00.675+0000] {processor.py:914} INFO - Processing file /opt/airflow/dags/my_tasks.py for tasks to queue
[2026-10-01T16:16:00.677+0000] {logging_mixin.py:190} INFO - [2026-10-01T16:16:00.676+0000] {dagbag.py:588} INFO - Filling up the DagBag from /opt/airflow/dags/my_tasks.py
[2026-10-01T16:16:00.685+0000] {processor.py:925} INFO - DAG(s) 'my_dag' retrieved from /opt/airflow/dags/my_tasks.py
[2026-10-01T16:16:00.707+0000] {logging_mixin.py:190} INFO - [2026-10-01T16:16:00.707+0000] {dag.py:3239} INFO - Sync 1 DAGs
[2026-10-01T16:16:00.726+0000] {logging_mixin.py:190} INFO - [2026-10-01T16:16:00.726+0000] {dag.py:4180} INFO - Setting next_dagrun for my_dag to 2026-03-02 00:00:00+00:00, run_after=2026-03-02 00:00:00+00:00
[2026-10-01T16:16:00.742+0000] {processor.py:208} INFO - Processing /opt/airflow/dags/my_tasks.py took 0.077 seconds
[2026-10-01T16:16:30.949+0000] {processor.py:186} INFO - Started process (PID=214) to work on /opt/airflow/dags/my_tasks.py
[2026-10-01T16:16:30.950+0000] {processor.py:914} INFO - Processing file /opt/airflow/dags/my_tasks.py for tasks to queue
[2026-10-01T16:16:30.951+0000] {logging_mixin.py:190} INFO - [2026-10-01T16:16:30.951+0000] {dagbag.py:588} INFO - Filling up the DagBag from /opt/airflow/dags/my_tasks.py
[2026-10-01T16:16:30.960+0000] {processor.py:925} INFO - DAG(s) 'my_dag' retrieved from /opt/airflow/dags/my_tasks.py
[2026-10-01T16:16:30.980+0000] {logging_mixin.py:190} INFO - [2026-10-01T16:16:30.980+0000] {dag.py:3239} INFO - Sync 1 DAGs
[2026-10-01T16:16:30.996+0000] {logging_mixin.py:190} INFO - [2026-10-01T16:16:30.996+0000] {dag.py:4180} INFO - Setting next_dagrun for my_dag to 2026-03-02 00:00:00+00:00, run_after=2026-03-02 00:00:00+00:00
[2026-10-01T16:16:31.010+0000] {processor.py:208} INFO - Processing /opt/airflow/dags/my_tasks.py took 0.066 seconds
[2026-10-01T16:17:01.217+0000] {processor.py:186} INFO - Started process (PID=225) to work on /opt/airflow/dags/my_tasks.py
[2026-10-01T16:17:01.217+0000] {processor.py:914} INFO - Processing file /opt/airflow/dags/my_tasks.py for tasks to queue
[2026-10-01T16:17:01.219+0000] {logging_mixin.py:190} INFO - [2026-10-01T16:17:01.218+0000] {dagbag.py:588} INFO - Filling up the DagBag from /opt/airflow/dags/my_tasks.py
[2026-10-01T16:17:01.226+0000] {processor.py:925} INFO - DAG(s) 'my_dag' retrieved from /opt/airflow/dags/my_tasks.py
[2026-10-01T16:17:01.244+0000] {logging_mixin.py:190} INFO - [2026-10-01T16:17:01.244+0000] {dag.py:3239} INFO - Sync 1 DAGs
[2026-10-01T16:17:01.259+0000] {logging_mixin.py:190} INFO - [2026-10-01T16:17:01.259+0000] {dag.py:4180} INFO - Setting next_dagrun for my_dag to 2026-03-02 00:00:00+00:00, run_after=2026-03-02 00:00:00+00:00
[2026-10-01T16:17:01.274+0000] {processor.py:208} INFO - Processing /opt/airflow/dags/my_tasks.py took 0.061 seconds
[2026-10-01T16:17:31.471+0000] {processor.py:186} INFO - Started process (PID=236) to work on /opt/airflow/dags/my_tasks.py
[2026-10-01T16:17:31.471+0000] {processor.py:914} INFO - Processing file /opt/airflow/dags/my_tasks.py for tasks to queue
[2026-10-01T16:17:31.473+0000] {logging_mixin.py:190} INFO - [2026-10-01T16:17:31.473+0000] {dagbag.py:588} INFO - Filling up the DagBag from /opt/airflow/dags/my_tasks.py
[2026-10-01T16:17:31.481+0000] {processor.py:925} INFO - DAG(s) 'my_dag' retrieved from /opt/airflow/dags/my_tasks.py
[2026-10-01T16:17:31.500+0000] {logging_mixin.py:190} INFO - [2026-10-01T16:17:31.500+0000] {dag.py:3239} INFO - Sync 1 DAGs
[2026-10-01T16:17:31.517+0000] {logging_mixin.py:190} INFO - [2026-10-01T16:17:31.516+0000] {dag.py:4180} INFO - Setting next_dagrun for my_dag to 2026-03-02 00:00:00+00:00, run_after=2026-03-02 00:00:00+00:00
[2026-10-01T16:17:31.533+0000] {processor.py:208} INFO - Processing /opt/airflow/dags/my_tasks.py took 0.066 seconds
[2026-10-01T16:18:01.751+0000] {processor.py:186} INFO - Started process (PID=247) to work on /opt/airflow/dags/my_tasks.py
[2026-10-01T16:18:01.751+0000] {processor.py:914} INFO - Processing file /opt/airflow/dags/my_tasks.py for tasks to queue
[2026-10-01T16:18:01.752+0000] {logging_mixin.py:190} INFO - [2026-10-01T16:18:01.752+0000] {dagbag.py:588} INFO - Filling up the DagBag from /opt/airflow/dags/my_tasks.py
[2026-10-01T16:18:01.759+0000] {processor.py:925} INFO - DAG(s) 'my_dag' retrieved from /opt/airflow/dags/my_tasks.py
[2026-10-01T16:18:01.776+0000] {logging_mixin.py:190} INFO - [2026-10-01T16:18:01.776+0000] {dag.py:3239} INFO - Sync 1 DAGs
[2026-10-01T16:18:01.792+0000] {logging_mixin.py:190} INFO - [2026-10-01T16:18:01.791+0000] {dag.py:4180} INFO - Setting next_dagrun for my_dag to 2026-03-02 00:00:00+00:00, run_after=2026-03-02 00:00:00+00:00
[2026-10-01T16:18:01.806+0000] {processor.py:208} INFO - Processing /opt/airflow/dags/my_tasks.py took 0.059 seconds
[2026-10-01T16:18:32.015+0000] {processor.py:186} INFO - Started process (PID=258) to work on /opt/airflow/dags/my_tasks.py
[2026-10-01T16:18:32.015+0000] {processor.py:914} INFO - Processing file /opt/airflow/dags/my_tasks.py for tasks to queue
[2026-10-01T16:18:32.016+0000] {logging_mixin.py:190} INFO - [2026-10-01T16:18:32.016+0000] {dagbag.py:588} INFO - Filling up the DagBag from /opt/airflow/dags/my_tasks.py
[2026-10-01T16:18:32.023+0000] {processor.py:925} INFO - DAG(s) 'my_dag' retrieved from /opt/airflow/dags/my_tasks.py
[2026-10-01T16:18:32.042+0000] {logging_mixin.py:190} INFO - [2026-10-01T16:18:32.042+0000] {dag.py:3239} INFO - Sync 1 DAGs
[2026-10-01T16:18:32.062+0000] {logging_mixin.py:190} INFO - [2026-10-01T16:18:32.062+0000] {dag.py:4180} INFO - Setting next_dagrun for my_dag to 2026-03-02 00:00:00+00:00, run_after=2026-03-02 00:00:00+00:00
[2026-10-01T16:18:32.079+0000] {processor.py:208} INFO - Processing /opt/airflow/dags/my_tasks.py took 0.070 seconds
[2026-10-01T16:19:02.264+0000] {processor.py:186} INFO - Started process (PID=285) to work on /opt/airflow/dags/my_tasks.py
[2026-10-01T16:19:02.264+0000] {processor.py:914} INFO - Processing file /opt/airflow/dags/my_tasks.py for tasks to queue
[2026-10-01T16:19:02.266+0000] {logging_mixin.py:190} INFO - [2026-10-01T16:19:02.266+0000] {dagbag.py:588} INFO - Filling up the DagBag from /opt/airflow/dags/my_tasks.py
[2026-10-01T16:19:02.272+0000] {processor.py:925} INFO - DAG(s) 'my_dag' retrieved from /opt/airflow/dags/my_tasks.py
[2026-10-01T16:19:02.294+0000] {logging_mixin.py:190} INFO - [2026-10-01T16:19:02.294+0000] {dag.py:3239} INFO - Sync 1 DAGs
[2026-10-01T16:19:02.314+0000] {logging_mixin.py:190} INFO - [2026-10-01T16:19:02.313+0000] {dag.py:4180} INFO - Setting next_dagrun for my_dag to None, run_after=None
[2026-10-01T16:19:02.330+0000] {processor.py:208} INFO - Processing /opt/airflow/dags/my_tasks.py took 0.072 seconds
[2026-10-01T16:19:32.539+0000] {processor.py:186} INFO - Started process (PID=296) to work on /opt/airflow/dags/my_tasks.py
[2026-10-01T16:19:32.540+0000] {processor.py:914} INFO - Processing file /opt/airflow/dags/my_tasks.py for tasks to queue
[2026-10-01T16:19:32.541+0000] {logging_mixin.py:190} INFO - [2026-10-01T16:19:32.541+0000] {dagbag.py:588} INFO - Filling up the DagBag from /opt/airflow/dags/my_tasks.py
[2026-10-01T16:19:32.548+0000] {processor.py:925} INFO - DAG(s) 'my_dag' retrieved from /opt/airflow/dags/my_tasks.py
[2026-10-01T16:19:32.565+0000] {logging_mixin.py:190} INFO - [2026-10-01T16:19:32.565+0000] {dag.py:3239} INFO - Sync 1 DAGs
[2026-10-01T16:19:32.580+0000] {logging_mixin.py:190} INFO - [2026-10-01T16:19:32.580+0000] {dag.py:4180} INFO - Setting next_dagrun for my_dag to None, run_after=None
[2026-10-01T16:19:32.594+0000] {processor.py:208} INFO - Processing /opt/airflow/dags/my_tasks.py took 0.059 seconds
[2026-10-01T16:20:02.803+0000] {processor.py:186} INFO - Started process (PID=307) to work on /opt/airflow/dags/my_tasks.py
[2026-10-01T16:20:02.803+0000] {processor.py:914} INFO - Processing file /opt/airflow/dags/my_tasks.py for tasks to queue
[2026-10-01T16:20:02.805+0000] {logging_mixin.py:190} INFO - [2026-10-01T16:20:02.805+0000] {dagbag.py:588} INFO - Filling up the DagBag from /opt/airflow/dags/my_tasks.py
[2026-10-01T16:20:02.812+0000] {processor.py:925} INFO - DAG(s) 'my_dag' retrieved from /opt/airflow/dags/my_tasks.py
[2026-10-01T16:20:02.829+0000] {logging_mixin.py:190} INFO - [2026-10-01T16:20:02.829+0000] {dag.py:3239} INFO - Sync 1 DAGs
[2026-10-01T16:20:02.845+0000] {logging_mixin.py:190} INFO - [2026-10-01T16:20:02.844+0000] {dag.py:4180} INFO - Setting next_dagrun for my_dag to None, run_after=None
[2026-10-01T16:20:02.859+0000] {processor.py:208} INFO - Processing /opt/airflow/dags/my_tasks.py took 0.060 seconds
[2026-10-01T16:20:31.035+0000] {processor.py:186} INFO - Started process (PID=318) to work on /opt/airflow/dags/my_tasks.py
[2026-10-01T16:20:31.036+0000] {processor.py:914} INFO - Processing file /opt/airflow/dags/my_tasks.py for tasks to queue
[2026-10-01T16:20:31.037+0000] {logging_mixin.py:190} INFO - [2026-10-01T16:20:31.037+0000] {dagbag.py:588} INFO - Filling up the DagBag from /opt/airflow/dags/my_tasks.py
[2026-10-01T16:20:31.045+0000] {processor.py:925} INFO - DAG(s) 'my_dag' retrieved from /opt/airflow/dags/my_tasks.py
[2026-10-01T16:20:31.062+0000] {logging_mixin.py:190} INFO - [2026-10-01T16:20:31.062+0000] {dag.py:3239} INFO - Sync 1 DAGs
[2026-10-01T16:20:31.078+0000] {logging_mixin.py:190} INFO - [2026-10-01T16:20:31.077+0000] {dag.py:4180} INFO - Setting next_dagrun for my_dag to None, run_after=None
[2026-10-01T16:20:31.093+0000] {processor.py:208} INFO - Processing /opt/airflow/dags/my_tasks.py took 0.062 seconds
[2026-10-01T16:21:01.329+0000] {processor.py:186} INFO - Started process (PID=345) to work on /opt/airflow/dags/my_tasks.py
[2026-10-01T16:21:01.330+0000] {processor.py:914} INFO - Processing file /opt/airflow/dags/my_tasks.py for tasks to queue
[2026-10-01T16:21:01.332+0000] {logging_mixin.py:190} INFO - [2026-10-01T16:21:01.332+0000] {dagbag.py:588} INFO - Filling up the DagBag from /opt/airflow/dags/my_tasks.py
[2026-10-01T16:21:01.339+0000] {processor.py:925} INFO - DAG(s) 'my_dag' retrieved from /opt/airflow/dags/my_tasks.py
[2026-10-01T16:21:01.356+0000] {logging_mixin.py:190} INFO - [2026-10-01T16:21:01.355+0000] {dag.py:3239} INFO - Sync 1 DAGs
[2026-10-01T16:21:01.370+0000] {logging_mixin.py:190} INFO - [2026-10-01T16:21:01.370+0000] {dag.py:4180} INFO - Setting next_dagrun for my_dag to None, run_after=None
[2026-10-01T16:21:01.384+0000] {processor.py:208} INFO - Processing /opt/airflow/dags/my_tasks.py took 0.061 seconds
[2026-10-01T16:21:31.587+0000] {processor.py:186} INFO - Started process (PID=356) to work on /opt/airflow/dags/my_tasks.py
[2026-10-01T16:21:31.587+0000] {processor.py:914} INFO - Processing file /opt/airflow/dags/my_tasks.py for tasks to queue
[2026-10-01T16:21:31.589+0000] {logging_mixin.py:190} INFO - [2026-10-01T16:21:31.589+0000] {dagbag.py:588} INFO - Filling up the DagBag from /opt/airflow/dags/my_tasks.py
[2026-10-01T16:21:31.596+0000] {processor.py:925} INFO - DAG(s) 'my_dag' retrieved from /opt/airflow/dags/my_tasks.py
[2026-10-01T16:21:31.614+0000] {logging_mixin.py:190} INFO - [2026-10-01T16:21:31.613+0000] {dag.py:3239} INFO - Sync 1 DAGs
[2026-10-01T16:21:31.629+0000] {logging_mixin.py:190} INFO - [2026-10-01T16:21:31.629+0000] {dag.py:4180} INFO - Setting next_dagrun for my_dag to None, run_after=None
[2026-10-01T16:21:31.643+0000] {processor.py:208} INFO - Processing /opt/airflow/dags/my_tasks.py took 0.061 seconds
[2026-10-01T16:22:01.841+0000] {processor.py:186} INFO - Started process (PID=367) to work on /opt/airflow/dags/my_tasks.py
[2026-10-01T16:22:01.841+0000] {processor.py:914} INFO - Processing file /opt/airflow/dags/my_tasks.py for tasks to queue
[2026-10-01T16:22:01.843+0000] {logging_mixin.py:190} INFO - [2026-10-01T16:22:01.843+0000] {dagbag.py:588} INFO - Filling up the DagBag from /opt/airflow/dags/my_tasks.py
[2026-10-01T16:22:01.850+0000] {processor.py:925} INFO - DAG(s) 'my_dag' retrieved from /opt/airflow/dags/my_tasks.py
[2026-10-01T16:22:01.867+0000] {logging_mixin.py:190} INFO - [2026-10-01T16:22:01.867+0000] {dag.py:3239} INFO - Sync 1 DAGs
[2026-10-01T16:22:01.882+0000] {logging_mixin.py:190} INFO - [2026-10-01T16:22:01.881+0000] {dag.py:4180} INFO - Setting next_dagrun for my_dag to None, run_after=None
[2026-10-01T16:22:01.895+0000] {processor.py:208} INFO - Processing /opt/airflow/dags/my_tasks.py took 0.061 seconds
[2026-10-01T16:22:32.065+0000] {processor.py:186} INFO - Started process (PID=378) to work on /opt/airflow/dags/my_tasks.py
[2026-10-01T16:22:32.065+0000] {processor.py:914} INFO - Processing file /opt/airflow/dags/my_tasks.py for tasks to queue
[2026-10-01T16:22:32.067+0000] {logging_mixin.py:190} INFO - [2026-10-01T16:22:32.067+0000] {dagbag.py:588} INFO - Filling up the DagBag from /opt/airflow/dags/my_tasks.py
[2026-10-01T16:22:32.074+0000] {processor.py:925} INFO - DAG(s) 'my_dag' retrieved from /opt/airflow/dags/my_tasks.py
[2026-10-01T16:22:32.095+0000] {logging_mixin.py:190} INFO - [2026-10-01T16:22:32.095+0000] {dag.py:3239} INFO - Sync 1 DAGs
[2026-10-01T16:22:32.113+0000] {logging_mixin.py:190} INFO - [2026-10-01T16:22:32.113+0000] {dag.py:4180} INFO - Setting next_dagrun for my_dag to None, run_after=None
[2026-10-01T16:22:32.131+0000] {processor.py:208} INFO - Processing /opt/airflow/dags/my_tasks.py took 0.070 seconds
[2026-10-01T16:23:02.312+0000] {processor.py:186} INFO - Started process (PID=389) to work on /opt/airflow/dags/my_tasks.py
[2026-10-01T16:23:02.313+0000] {processor.py:914} INFO - Processing file /opt/airflow/dags/my_tasks.py for tasks to queue
[2026-10-01T16:23:02.315+0000] {logging_mixin.py:190} INFO - [2026-10-01T16:23:02.315+0000] {dagbag.py:588} INFO - Filling up the DagBag from /opt/airflow/dags/my_tasks.py
[2026-10-01T16:23:02.322+0000] {processor.py:925} INFO - DAG(s) 'my_dag' retrieved from /opt/airflow/dags/my_tasks.py
[2026-10-01T16:23:02.340+0000] {logging_mixin.py:190} INFO - [2026-10-01T16:23:02.339+0000] {dag.py:3239} INFO - Sync 1 DAGs
[2026-10-01T16:23:02.355+0000] {logging_mixin.py:190} INFO - [2026-10-01T16:23:02.354+0000] {dag.py:4180} INFO - Setting next_dagrun for my_dag to None, run_after=None
[2026-10-01T16:23:02.369+0000] {processor.py:208} INFO - Processing /opt/airflow/dags/my_tasks.py took 0.065 seconds
[2026-10-01T16:23:32.556+0000] {processor.py:186} INFO - Started process (PID=400) to work on /opt/airflow/dags/my_tasks.py
[2026-10-01T16:23:32.556+0000] {processor.py:914} INFO - Processing file /opt/airflow/dags/my_tasks.py for tasks to queue
[2026-10-01T16:23:32.559+0000] {logging_mixin.py:190} INFO - [2026-10-01T16:23:32.558+0000] {dagbag.py:588} INFO - Filling up the DagBag from /opt/airflow/dags/my_tasks.py
[2026-10-01T16:23:32.567+0000] {processor.py:925} INFO - DAG(s) 'my_dag' retrieved from /opt/airflow/dags/my_tasks.py
[2026-10-01T16:23:32.587+0000] {logging_mixin.py:190} INFO - [2026-10-01T16:23:32.587+0000] {dag.py:3239} INFO - Sync 1 DAGs
[2026-10-01T16:23:32.605+0000] {logging_mixin.py:190} INFO - [2026-10-01T16:23:32.604+0000] {dag.py:4180} INFO - Setting next_dagrun for my_dag to None, run_after=None
[2026-10-01T16:23:32.621+0000] {processor.py:208} INFO - Processing /opt/airflow/dags/my_tasks.py took 0.069 seconds
[2026-10-01T16:24:02.824+0000] {processor.py:186} INFO - Started process (PID=411) to work on /opt/airflow/dags/my_tasks.py
[2026-10-01T16:24:02.825+0000] {processor.py:914} INFO - Processing file /opt/airflow/dags/my_tasks.py for tasks to queue
[2026-10-01T16:24:02.827+0000] {logging_mixin.py:190} INFO - [2026-10-01T16:24:02.827+0000] {dagbag.py:588} INFO - Filling up the DagBag from /opt/airflow/dags/my_tasks.py
[2026-10-01T16:24:02.838+0000] {processor.py:925} INFO - DAG(s) 'my_dag' retrieved from /opt/airflow/dags/my_tasks.py
[2026-10-01T16:24:02.856+0000] {logging_mixin.py:190} INFO - [2026-10-01T16:24:02.856+0000] {dag.py:3239} INFO - Sync 1 DAGs
[2026-10-01T16:24:02.871+0000] {logging_mixin.py:190} INFO - [2026-10-01T16:24:02.871+0000] {dag.py:4180} INFO - Setting next_dagrun for my_dag to None, run_after=None
[2026-10-01T16:24:02.885+0000] {processor.py:208} INFO - Processing /opt/airflow/dags/my_tasks.py took 0.067 seconds
[2026-10-01T16:24:33.110+0000] {processor.py:186} INFO - Started process (PID=422) to work on /opt/airflow/dags/my_tasks.py
[2026-10-01T16:24:33.111+0000] {processor.py:914} INFO - Processing file /opt/airflow/dags/my_tasks.py for tasks to queue
[2026-10-01T16:24:33.113+0000] {logging_mixin.py:190} INFO - [2026-10-01T16:24:33.113+0000] {dagbag.py:588} INFO - Filling up the DagBag from /opt/airflow/dags/my_tasks.py
[2026-10-01T16:24:33.121+0000] {processor.py:925} INFO - DAG(s) 'my_dag' retrieved from /opt/airflow/dags/my_tasks.py
[2026-10-01T16:24:33.139+0000] {logging_mixin.py:190} INFO - [2026-10-01T16:24:33.139+0000] {dag.py:3239} INFO - Sync 1 DAGs
[2026-10-01T16:24:33.155+0000] {logging_mixin.py:190} INFO - [2026-10-01T16:24:33.155+0000] {dag.py:4180} INFO - Setting next_dagrun for my_dag to None, run_after=None
[2026-10-01T16:24:33.173+0000] {processor.py:208} INFO - Processing /opt/airflow/dags/my_tasks.py took 0.067 seconds
[2026-10-01T16:25:03.377+0000] {processor.py:186} INFO - Started process (PID=433) to work on /opt/airflow/dags/my_tasks.py
[2026-10-01T16:25:03.378+0000] {processor.py:914} INFO - Processing file /opt/airflow/dags/my_tasks.py for tasks to queue
[2026-10-01T16:25:03.379+0000] {logging_mixin.py:190} INFO - [2026-10-01T16:25:03.379+0000] {dagbag.py:588} INFO - Filling up the DagBag from /opt/airflow/dags/my_tasks.py
[2026-10-01T16:25:03.386+0000] {processor.py:925} INFO - DAG(s) 'my_dag' retrieved from /opt/airflow/dags/my_tasks.py
[2026-10-01T16:25:03.403+0000] {logging_mixin.py:190} INFO - [2026-10-01T16:25:03.403+0000] {dag.py:3239} INFO - Sync 1 DAGs
[2026-10-01T16:25:03.419+0000] {logging_mixin.py:190} INFO - [2026-10-01T16:25:03.419+0000] {dag.py:4180} INFO - Setting next_dagrun for my_dag to None, run_after=None
[2026-10-01T16:25:03.433+0000] {processor.py:208} INFO - Processing /opt/airflow/dags/my_tasks.py took 0.062 seconds
[2026-10-01T16:25:33.649+0000] {processor.py:186} INFO - Started process (PID=444) to work on /opt/airflow/dags/my_tasks.py
[2026-10-01T16:25:33.650+0000] {processor.py:914} INFO - Processing file /opt/airflow/dags/my_tasks.py for tasks to queue
[2026-10-01T16:25:33.652+0000] {logging_mixin.py:190} INFO - [2026-10-01T16:25:33.652+0000] {dagbag.py:588} INFO - Filling up the DagBag from /opt/airflow/dags/my_tasks.py
[2026-10-01T16:25:33.660+0000] {processor.py:925} INFO - DAG(s) 'my_dag' retrieved from /opt/airflow/dags/my_tasks.py
[2026-10-01T16:25:33.678+0000] {logging_mixin.py:190} INFO - [2026-10-01T16:25:33.677+0000] {dag.py:3239} INFO - Sync 1 DAGs
[2026-10-01T16:25:33.693+0000] {logging_mixin.py:190} INFO - [2026-10-01T16:25:33.693+0000] {dag.py:4180} INFO - Setting next_dagrun for my_dag to None, run_after=None
[2026-10-01T16:25:33.709+0000] {processor.py:208} INFO - Processing /opt/airflow/dags/my_tasks.py took 0.066 seconds
[2026-10-01T16:26:03.900+0000] {processor.py:186} INFO - Started process (PID=455) to work on /opt/airflow/dags/my_tasks.py
[2026-10-01T16:26:03.901+0000] {processor.py:914} INFO - Processing file /opt/airflow/dags/my_tasks.py for tasks to queue
[2026-10-01T16:26:03.903+0000] {logging_mixin.py:190} INFO - [2026-10-01T16:26:03.903+0000] {dagbag.py:588} INFO - Filling up the DagBag from /opt/airflow/dags/my_tasks.py
[2026-10-01T16:26:03.910+0000] {processor.py:925} INFO - DAG(s) 'my_dag' retrieved from /opt/airflow/dags/my_tasks.py
[2026-10-01T16:26:03.927+0000] {logging_mixin.py:190} INFO - [2026-10-01T16:26:03.926+0000] {dag.py:3239} INFO - Sync 1 DAGs
[2026-10-01T16:26:03.942+0000] {logging_mixin.py:190} INFO - [2026-10-01T16:26:03.942+0000] {dag.py:4180} INFO - Setting next_dagrun for my_dag to None, run_after=None
[2026-10-01T16:26:03.956+0000] {processor.py:208} INFO - Processing /opt/airflow/dags/my_tasks.py took 0.062 seconds
[2026-10-01T16:26:34.181+0000] {processor.py:186} INFO - Started process (PID=466) to work on /opt/airflow/dags/my_tasks.py
[2026-10-01T16:26:34.185+0000] {processor.py:914} INFO - Processing file /opt/airflow/dags/my_tasks.py for tasks to queue
[2026-10-01T16:26:34.188+0000] {logging_mixin.py:190} INFO - [2026-10-01T16:26:34.187+0000] {dagbag.py:588} INFO - Filling up the DagBag from /opt/airflow/dags/my_tasks.py
[2026-10-01T16:26:34.197+0000] {processor.py:925} INFO - DAG(s) 'my_dag' retrieved from /opt/airflow/dags/my_tasks.py
[2026-10-01T16:26:34.215+0000] {logging_mixin.py:190} INFO - [2026-10-01T16:26:34.214+0000] {dag.py:3239} INFO - Sync 1 DAGs
[2026-10-01T16:26:34.232+0000] {logging_mixin.py:190} INFO - [2026-10-01T16:26:34.231+0000] {dag.py:4180} INFO - Setting next_dagrun for my_dag to None, run_after=None
[2026-10-01T16:26:34.247+0000] {processor.py:208} INFO - Processing /opt/airflow/dags/my_tasks.py took 0.071 seconds
[2026-10-01T16:27:04.450+0000] {processor.py:186} INFO - Started process (PID=477) to work on /opt/airflow/dags/my_tasks.py
[2026-10-01T16:27:04.450+0000] {processor.py:914} INFO - Processing file /opt/airflow/dags/my_tasks.py for tasks to queue
[2026-10-01T16:27:04.452+0000] {logging_mixin.py:190} INFO - [2026-10-01T16:27:04.451+0000] {dagbag.py:588} INFO - Filling up the DagBag from /opt/airflow/dags/my_tasks.py
[2026-10-01T16:27:04.459+0000] {processor.py:925} INFO - DAG(s) 'my_dag' retrieved from /opt/airflow/dags/my_tasks.py
[2026-10-01T16:27:04.480+0000] {logging_mixin.py:190} INFO - [2026-10-01T16:27:04.479+0000] {dag.py:3239} INFO - Sync 1 DAGs
[2026-10-01T16:27:04.499+0000] {logging_mixin.py:190} INFO - [2026-10-01T16:27:04.499+0000] {dag.py:4180} INFO - Setting next_dagrun for my_dag to None, run_after=None
[2026-10-01T16:27:04.516+0000] {processor.py:208} INFO - Processing /opt/airflow/dags/my_tasks.py took 0.072 seconds
[2026-10-01T16:27:34.711+0000] {processor.py:186} INFO - Started process (PID=488) to work on /opt/airflow/dags/my_tasks.py
[2026-10-01T16:27:34.712+0000] {processor.py:914} INFO - Processing file /opt/airflow/dags/my_tasks.py for tasks to queue
[2026-10-01T16:27:34.714+0000] {logging_mixin.py:190} INFO - [2026-10-01T16:27:34.714+0000] {dagbag.py:588} INFO - Filling up the DagBag from /opt/airflow/dags/my_tasks.py
[2026-10-01T16:27:34.722+0000] {processor.py:925} INFO - DAG(s) 'my_dag' retrieved from /opt/airflow/dags/my_tasks.py
[2026-10-01T16:27:34.740+0000] {logging_mixin.py:190} INFO - [2026-10-01T16:27:34.740+0000] {dag.py:3239} INFO - Sync 1 DAGs
[2026-10-01T16:27:34.755+0000] {logging_mixin.py:190} INFO - [2026-10-01T16:27:34.755+0000] {dag.py:4180} INFO - Setting next_dagrun for my_dag to None, run_after=None
[2026-10-01T16:27:34.769+0000] {processor.py:208} INFO - Processing /opt/airflow/dags/my_tasks.py took 0.062 seconds
[2026-10-01T16:28:04.990+0000] {processor.py:186} INFO - Started process (PID=499) to work on /opt/airflow/dags/my_tasks.py
[2026-10-01T16:28:04.990+0000] {processor.py:914} INFO - Processing file /opt/airflow/dags/my_tasks.py for tasks to queue
[2026-10-01T16:28:04.992+0000] {logging_mixin.py:190} INFO - [2026-10-01T16:28:04.992+0000] {dagbag.py:588} INFO - Filling up the DagBag from /opt/airflow/dags/my_tasks.py
[2026-10-01T16:28:04.998+0000] {processor.py:925} INFO - DAG(s) 'my_dag' retrieved from /opt/airflow/dags/my_tasks.py
[2026-10-01T16:28:05.016+0000] {logging_mixin.py:190} INFO - [2026-10-01T16:28:05.016+0000] {dag.py:3239} INFO - Sync 1 DAGs
[2026-10-01T16:28:05.032+0000] {logging_mixin.py:190} INFO - [2026-10-01T16:28:05.032+0000] {dag.py:4180} INFO - Setting next_dagrun for my_dag to None, run_after=None
[2026-10-01T16:28:05.048+0000] {processor.py:208} INFO - Processing /opt/airflow/dags/my_tasks.py took 0.063 seconds
[2026-10-01T16:28:35.286+0000] {processor.py:186} INFO - Started process (PID=510) to work on /opt/airflow/dags/my_tasks.py
[2026-10-01T16:28:35.295+0000] {processor.py:914} INFO - Processing file /opt/airflow/dags/my_tasks.py for tasks to queue
[2026-10-01T16:28:35.297+0000] {logging_mixin.py:190} INFO - [2026-10-01T16:28:35.297+0000] {dagbag.py:588} INFO - Filling up the DagBag from /opt/airflow/dags/my_tasks.py
[2026-10-01T16:28:35.308+0000] {processor.py:925} INFO - DAG(s) 'my_dag' retrieved from /opt/airflow/dags/my_tasks.py
[2026-10-01T16:28:35.325+0000] {logging_mixin.py:190} INFO - [2026-10-01T16:28:35.325+0000] {dag.py:3239} INFO - Sync 1 DAGs
[2026-10-01T16:28:35.341+0000] {logging_mixin.py:190} INFO - [2026-10-01T16:28:35.340+0000] {dag.py:4180} INFO - Setting next_dagrun for my_dag to None, run_after=None
[2026-10-01T16:28:35.355+0000] {processor.py:208} INFO - Processing /opt/airflow/dags/my_tasks.py took 0.079 seconds
[2026-10-01T16:29:05.515+0000] {processor.py:186} INFO - Started process (PID=521) to work on /opt/airflow/dags/my_tasks.py
[2026-10-01T16:29:05.516+0000] {processor.py:914} INFO - Processing file /opt/airflow/dags/my_tasks.py for tasks to queue
[2026-10-01T16:29:05.519+0000] {logging_mixin.py:190} INFO - [2026-10-01T16:29:05.518+0000] {dagbag.py:588} INFO - Filling up the DagBag from /opt/airflow/dags/my_tasks.py
[2026-10-01T16:29:05.525+0000] {processor.py:925} INFO - DAG(s) 'my_dag' retrieved from /opt/airflow/dags/my_tasks.py
[2026-10-01T16:29:05.542+0000] {logging_mixin.py:190} INFO - [2026-10-01T16:29:05.542+0000] {dag.py:3239} INFO - Sync 1 DAGs
[2026-10-01T16:29:05.558+0000] {logging_mixin.py:190} INFO - [2026-10-01T16:29:05.558+0000] {dag.py:4180} INFO - Setting next_dagrun for my_dag to None, run_after=None
[2026-10-01T16:29:05.575+0000] {processor.py:208} INFO - Processing /opt/airflow/dags/my_tasks.py took 0.070 seconds
[2026-10-01T16:29:35.789+0000] {processor.py:186} INFO - Started process (PID=532) to work on /opt/airflow/dags/my_tasks.py
[2026-10-01T16:29:35.790+0000] {processor.py:914} INFO - Processing file /opt/airflow/dags/my_tasks.py for tasks to queue
[2026-10-01T16:29:35.792+0000] {logging_mixin.py:190} INFO - [2026-10-01T16:29:35.792+0000] {dagbag.py:588} INFO - Filling up the DagBag from /opt/airflow/dags/my_tasks.py
[2026-10-01T16:29:35.798+0000] {processor.py:925} INFO - DAG(s) 'my_dag' retrieved from /opt/airflow/dags/my_tasks.py
[2026-10-01T16:29:35.815+0000] {logging_mixin.py:190} INFO - [2026-10-01T16:29:35.815+0000] {dag.py:3239} INFO - Sync 1 DAGs
[2026-10-01T16:29:35.831+0000] {logging_mixin.py:190} INFO - [2026-10-01T16:29:35.831+0000] {dag.py:4180} INFO - Setting next_dagrun for my_dag to None, run_after=None
[2026-10-01T16:29:35.844+0000] {processor.py:208} INFO - Processing /opt/airflow/dags/my_tasks.py took 0.060 seconds
[2026-10-01T16:30:06.067+0000] {processor.py:186} INFO - Started process (PID=543) to work on /opt/airflow/dags/my_tasks.py
[2026-10-01T16:30:06.067+0000] {processor.py:914} INFO - Processing file /opt/airflow/dags/my_tasks.py for tasks to queue
[2026-10-01T16:30:06.069+0000] {logging_mixin.py:190} INFO - [2026-10-01T16:30:06.069+0000] {dagbag.py:588} INFO - Filling up the DagBag from /opt/airflow/dags/my_tasks.py
[2026-10-01T16:30:06.077+0000] {processor.py:925} INFO - DAG(s) 'my_dag' retrieved from /opt/airflow/dags/my_tasks.py
[2026-10-01T16:30:06.094+0000] {logging_mixin.py:190} INFO - [2026-10-01T16:30:06.094+0000] {dag.py:3239} INFO - Sync 1 DAGs
[2026-10-01T16:30:06.109+0000] {logging_mixin.py:190} INFO - [2026-10-01T16:30:06.109+0000] {dag.py:4180} INFO - Setting next_dagrun for my_dag to None, run_after=None
[2026-10-01T16:30:06.124+0000] {processor.py:208} INFO - Processing /opt/airflow/dags/my_tasks.py took 0.062 seconds
[2026-10-01T16:30:36.326+0000] {processor.py:186} INFO - Started process (PID=554) to work on /opt/airflow/dags/my_tasks.py
[2026-10-01T16:30:36.334+0000] {processor.py:914} INFO - Processing file /opt/airflow/dags/my_tasks.py for tasks to queue
[2026-10-01T16:30:36.336+0000] {logging_mixin.py:190} INFO - [2026-10-01T16:30:36.336+0000] {dagbag.py:588} INFO - Filling up the DagBag from /opt/airflow/dags/my_tasks.py
[2026-10-01T16:30:36.343+0000] {processor.py:925} INFO - DAG(s) 'my_dag' retrieved from /opt/airflow/dags/my_tasks.py
[2026-10-01T16:30:36.361+0000] {logging_mixin.py:190} INFO - [2026-10-01T16:30:36.361+0000] {dag.py:3239} INFO - Sync 1 DAGs
[2026-10-01T16:30:36.377+0000] {logging_mixin.py:190} INFO - [2026-10-01T16:30:36.377+0000] {dag.py:4180} INFO - Setting next_dagrun for my_dag to None, run_after=None
[2026-10-01T16:30:36.391+0000] {processor.py:208} INFO - Processing /opt/airflow/dags/my_tasks.py took 0.071 seconds
[2026-10-01T16:31:06.605+0000] {processor.py:186} INFO - Started process (PID=565) to work on /opt/airflow/dags/my_tasks.py
[2026-10-01T16:31:06.606+0000] {processor.py:914} INFO - Processing file /opt/airflow/dags/my_tasks.py for tasks to queue
[2026-10-01T16:31:06.608+0000] {logging_mixin.py:190} INFO - [2026-10-01T16:31:06.608+0000] {dagbag.py:588} INFO - Filling up the DagBag from /opt/airflow/dags/my_tasks.py
[2026-10-01T16:31:06.615+0000] {processor.py:925} INFO - DAG(s) 'my_dag' retrieved from /opt/airflow/dags/my_tasks.py
[2026-10-01T16:31:06.633+0000] {logging_mixin.py:190} INFO - [2026-10-01T16:31:06.632+0000] {dag.py:3239} INFO - Sync 1 DAGs
[2026-10-01T16:31:06.648+0000] {logging_mixin.py:190} INFO - [2026-10-01T16:31:06.648+0000] {dag.py:4180} INFO - Setting next_dagrun for my_dag to None, run_after=None
[2026-10-01T16:31:06.662+0000] {processor.py:208} INFO - Processing /opt/airflow/dags/my_tasks.py took 0.063 seconds
[2026-10-01T16:31:36.872+0000] {processor.py:186} INFO - Started process (PID=576) to work on /opt/airflow/dags/my_tasks.py
[2026-10-01T16:31:36.876+0000] {processor.py:914} INFO - Processing file /opt/airflow/dags/my_tasks.py for tasks to queue
[2026-10-01T16:31:36.879+0000] {logging_mixin.py:190} INFO - [2026-10-01T16:31:36.878+0000] {dagbag.py:588} INFO - Filling up the DagBag from /opt/airflow/dags/my_tasks.py
[2026-10-01T16:31:36.887+0000] {processor.py:925} INFO - DAG(s) 'my_dag' retrieved from /opt/airflow/dags/my_tasks.py
[2026-10-01T16:31:36.904+0000] {logging_mixin.py:190} INFO - [2026-10-01T16:31:36.904+0000] {dag.py:3239} INFO - Sync 1 DAGs
[2026-10-01T16:31:36.919+0000] {logging_mixin.py:190} INFO - [2026-10-01T16:31:36.919+0000] {dag.py:4180} INFO - Setting next_dagrun for my_dag to None, run_after=None
[2026-10-01T16:31:36.933+0000] {processor.py:208} INFO - Processing /opt/airflow/dags/my_tasks.py took 0.071 seconds
[2026-10-01T16:32:07.143+0000] {processor.py:186} INFO - Started process (PID=587) to work on /opt/airflow/dags/my_tasks.py
[2026-10-01T16:32:07.151+0000] {processor.py:914} INFO - Processing file /opt/airflow/dags/my_tasks.py for tasks to queue
[2026-10-01T16:32:07.152+0000] {logging_mixin.py:190} INFO - [2026-10-01T16:32:07.152+0000] {dagbag.py:588} INFO - Filling up the DagBag from /opt/airflow/dags/my_tasks.py
[2026-10-01T16:32:07.159+0000] {processor.py:925} INFO - DAG(s) 'my_dag' retrieved from /opt/airflow/dags/my_tasks.py
[2026-10-01T16:32:07.178+0000] {logging_mixin.py:190} INFO - [2026-10-01T16:32:07.178+0000] {dag.py:3239} INFO - Sync 1 DAGs
[2026-10-01T16:32:07.195+0000] {logging_mixin.py:190} INFO - [2026-10-01T16:32:07.194+0000] {dag.py:4180} INFO - Setting next_dagrun for my_dag to None, run_after=None
[2026-10-01T16:32:07.211+0000] {processor.py:208} INFO - Processing /opt/airflow/dags/my_tasks.py took 0.075 seconds
[2026-10-01T16:32:37.414+0000] {processor.py:186} INFO - Started process (PID=598) to work on /opt/airflow/dags/my_tasks.py
[2026-10-01T16:32:37.414+0000] {processor.py:914} INFO - Processing file /opt/airflow/dags/my_tasks.py for tasks to queue
[2026-10-01T16:32:37.416+0000] {logging_mixin.py:190} INFO - [2026-10-01T16:32:37.415+0000] {dagbag.py:588} INFO - Filling up the DagBag from /opt/airflow/dags/my_tasks.py
[2026-10-01T16:32:37.422+0000] {processor.py:925} INFO - DAG(s) 'my_dag' retrieved from /opt/airflow/dags/my_tasks.py
[2026-10-01T16:32:37.440+0000] {logging_mixin.py:190} INFO - [2026-10-01T16:32:37.439+0000] {dag.py:3239} INFO - Sync 1 DAGs
[2026-10-01T16:32:37.456+0000] {logging_mixin.py:190} INFO - [2026-10-01T16:32:37.455+0000] {dag.py:4180} INFO - Setting next_dagrun for my_dag to None, run_after=None
[2026-10-01T16:32:37.469+0000] {processor.py:208} INFO - Processing /opt/airflow/dags/my_tasks.py took 0.061 seconds
[2026-10-01T16:33:07.675+0000] {processor.py:186} INFO - Started process (PID=609) to work on /opt/airflow/dags/my_tasks.py
[2026-10-01T16:33:07.684+0000] {processor.py:914} INFO - Processing file /opt/airflow/dags/my_tasks.py for tasks to queue
[2026-10-01T16:33:07.685+0000] {logging_mixin.py:190} INFO - [2026-10-01T16:33:07.685+0000] {dagbag.py:588} INFO - Filling up the DagBag from /opt/airflow/dags/my_tasks.py
[2026-10-01T16:33:07.693+0000] {processor.py:925} INFO - DAG(s) 'my_dag' retrieved from /opt/airflow/dags/my_tasks.py
[2026-10-01T16:33:07.715+0000] {logging_mixin.py:190} INFO - [2026-10-01T16:33:07.715+0000] {dag.py:3239} INFO - Sync 1 DAGs
[2026-10-01T16:33:07.736+0000] {logging_mixin.py:190} INFO - [2026-10-01T16:33:07.736+0000] {dag.py:4180} INFO - Setting next_dagrun for my_dag to None, run_after=None
[2026-10-01T16:33:07.753+0000] {processor.py:208} INFO - Processing /opt/airflow/dags/my_tasks.py took 0.083 seconds
[2026-10-01T16:33:37.942+0000] {processor.py:186} INFO - Started process (PID=620) to work on /opt/airflow/dags/my_tasks.py
[2026-10-01T16:33:37.943+0000] {processor.py:914} INFO - Processing file /opt/airflow/dags/my_tasks.py for tasks to queue
[2026-10-01T16:33:37.945+0000] {logging_mixin.py:190} INFO - [2026-10-01T16:33:37.945+0000] {dagbag.py:588} INFO - Filling up the DagBag from /opt/airflow/dags/my_tasks.py
[2026-10-01T16:33:37.951+0000] {processor.py:925} INFO - DAG(s) 'my_dag' retrieved from /opt/airflow/dags/my_tasks.py
[2026-10-01T16:33:37.969+0000] {logging_mixin.py:190} INFO - [2026-10-01T16:33:37.969+0000] {dag.py:3239} INFO - Sync 1 DAGs
[2026-10-01T16:33:37.984+0000] {logging_mixin.py:190} INFO - [2026-10-01T16:33:37.983+0000] {dag.py:4180} INFO - Setting next_dagrun for my_dag to None, run_after=None
[2026-10-01T16:33:37.997+0000] {processor.py:208} INFO - Processing /opt/airflow/dags/my_tasks.py took 0.063 seconds
[2026-10-01T16:34:08.227+0000] {processor.py:186} INFO - Started process (PID=631) to work on /opt/airflow/dags/my_tasks.py
[2026-10-01T16:34:08.235+0000] {processor.py:914} INFO - Processing file /opt/airflow/dags/my_tasks.py for tasks to queue
[2026-10-01T16:34:08.238+0000] {logging_mixin.py:190} INFO - [2026-10-01T16:34:08.238+0000] {dagbag.py:588} INFO - Filling up the DagBag from /opt/airflow/dags/my_tasks.py
[2026-10-01T16:34:08.247+0000] {processor.py:925} INFO - DAG(s) 'my_dag' retrieved from /opt/airflow/dags/my_tasks.py
[2026-10-01T16:34:08.265+0000] {logging_mixin.py:190} INFO - [2026-10-01T16:34:08.265+0000] {dag.py:3239} INFO - Sync 1 DAGs
[2026-10-01T16:34:08.280+0000] {logging_mixin.py:190} INFO - [2026-10-01T16:34:08.280+0000] {dag.py:4180} INFO - Setting next_dagrun for my_dag to None, run_after=None
[2026-10-01T16:34:08.295+0000] {processor.py:208} INFO - Processing /opt/airflow/dags/my_tasks.py took 0.077 seconds
[2026-10-01T16:34:38.495+0000] {processor.py:186} INFO - Started process (PID=642) to work on /opt/airflow/dags/my_tasks.py
[2026-10-01T16:34:38.496+0000] {processor.py:914} INFO - Processing file /opt/airflow/dags/my_tasks.py for tasks to queue
[2026-10-01T16:34:38.498+0000] {logging_mixin.py:190} INFO - [2026-10-01T16:34:38.497+0000] {dagbag.py:588} INFO - Filling up the DagBag from /opt/airflow/dags/my_tasks.py
[2026-10-01T16:34:38.504+0000] {processor.py:925} INFO - DAG(s) 'my_dag' retrieved from /opt/airflow/dags/my_tasks.py
[2026-10-01T16:34:38.521+0000] {logging_mixin.py:190} INFO - [2026-10-01T16:34:38.521+0000] {dag.py:3239} INFO - Sync 1 DAGs
[2026-10-01T16:34:38.536+0000] {logging_mixin.py:190} INFO - [2026-10-01T16:34:38.536+0000] {dag.py:4180} INFO - Setting next_dagrun for my_dag to None, run_after=None
[2026-10-01T16:34:38.550+0000] {processor.py:208} INFO - Processing /opt/airflow/dags/my_tasks.py took 0.060 seconds
[2026-10-01T16:35:08.753+0000] {processor.py:186} INFO - Started process (PID=653) to work on /opt/airflow/dags/my_tasks.py
[2026-10-01T16:35:08.755+0000] {processor.py:914} INFO - Processing file /opt/airflow/dags/my_tasks.py for tasks to queue
[2026-10-01T16:35:08.759+0000] {logging_mixin.py:190} INFO - [2026-10-01T16:35:08.758+0000] {dagbag.py:588} INFO - Filling up the DagBag from /opt/airflow/dags/my_tasks.py
[2026-10-01T16:35:08.767+0000] {processor.py:925} INFO - DAG(s) 'my_dag' retrieved from /opt/airflow/dags/my_tasks.py
[2026-10-01T16:35:08.786+0000] {logging_mixin.py:190} INFO - [2026-10-01T16:35:08.785+0000] {dag.py:3239} INFO - Sync 1 DAGs
[2026-10-01T16:35:08.802+0000] {logging_mixin.py:190} INFO - [2026-10-01T16:35:08.802+0000] {dag.py:4180} INFO - Setting next_dagrun for my_dag to None, run_after=None
[2026-10-01T16:35:08.816+0000] {processor.py:208} INFO - Processing /opt/airflow/dags/my_tasks.py took 0.069 seconds
[2026-10-01T16:35:39.028+0000] {processor.py:186} INFO - Started process (PID=664) to work on /opt/airflow/dags/my_tasks.py
[2026-10-01T16:35:39.029+0000] {processor.py:914} INFO - Processing file /opt/airflow/dags/my_tasks.py for tasks to queue
[2026-10-01T16:35:39.031+0000] {logging_mixin.py:190} INFO - [2026-10-01T16:35:39.031+0000] {dagbag.py:588} INFO - Filling up the DagBag from /opt/airflow/dags/my_tasks.py
[2026-10-01T16:35:39.038+0000] {processor.py:925} INFO - DAG(s) 'my_dag' retrieved from /opt/airflow/dags/my_tasks.py
[2026-10-01T16:35:39.061+0000] {logging_mixin.py:190} INFO - [2026-10-01T16:35:39.061+0000] {dag.py:3239} INFO - Sync 1 DAGs
[2026-10-01T16:35:39.082+0000] {logging_mixin.py:190} INFO - [2026-10-01T16:35:39.081+0000] {dag.py:4180} INFO - Setting next_dagrun for my_dag to None, run_after=None
[2026-10-01T16:35:39.099+0000] {processor.py:208} INFO - Processing /opt/airflow/dags/my_tasks.py took 0.076 seconds
[2026-10-01T16:36:09.258+0000] {processor.py:186} INFO - Started process (PID=675) to work on /opt/airflow/dags/my_tasks.py
[2026-10-01T16:36:09.259+0000] {processor.py:914} INFO - Processing file /opt/airflow/dags/my_tasks.py for tasks to queue
[2026-10-01T16:36:09.261+0000] {logging_mixin.py:190} INFO - [2026-10-01T16:36:09.261+0000] {dagbag.py:588} INFO - Filling up the DagBag from /opt/airflow/dags/my_tasks.py
[2026-10-01T16:36:09.269+0000] {processor.py:925} INFO - DAG(s) 'my_dag' retrieved from /opt/airflow/dags/my_tasks.py
[2026-10-01T16:36:09.291+0000] {logging_mixin.py:190} INFO - [2026-10-01T16:36:09.291+0000] {dag.py:3239} INFO - Sync 1 DAGs
[2026-10-01T16:36:09.309+0000] {logging_mixin.py:190} INFO - [2026-10-01T16:36:09.309+0000] {dag.py:4180} INFO - Setting next_dagrun for my_dag to None, run_after=None
[2026-10-01T16:36:09.324+0000] {processor.py:208} INFO - Processing /opt/airflow/dags/my_tasks.py took 0.071 seconds
[2026-10-01T16:36:39.525+0000] {processor.py:186} INFO - Started process (PID=686) to work on /opt/airflow/dags/my_tasks.py
[2026-10-01T16:36:39.526+0000] {processor.py:914} INFO - Processing file /opt/airflow/dags/my_tasks.py for tasks to queue
[2026-10-01T16:36:39.528+0000] {logging_mixin.py:190} INFO - [2026-10-01T16:36:39.528+0000] {dagbag.py:588} INFO - Filling up the DagBag from /opt/airflow/dags/my_tasks.py
[2026-10-01T16:36:39.536+0000] {processor.py:925} INFO - DAG(s) 'my_dag' retrieved from /opt/airflow/dags/my_tasks.py
[2026-10-01T16:36:39.553+0000] {logging_mixin.py:190} INFO - [2026-10-01T16:36:39.553+0000] {dag.py:3239} INFO - Sync 1 DAGs
[2026-10-01T16:36:39.569+0000] {logging_mixin.py:190} INFO - [2026-10-01T16:36:39.569+0000] {dag.py:4180} INFO - Setting next_dagrun for my_dag to None, run_after=None
[2026-10-01T16:36:39.583+0000] {processor.py:208} INFO - Processing /opt/airflow/dags/my_tasks.py took 0.065 seconds
[2026-10-01T16:37:09.790+0000] {processor.py:186} INFO - Started process (PID=697) to work on /opt/airflow/dags/my_tasks.py
[2026-10-01T16:37:09.792+0000] {processor.py:914} INFO - Processing file /opt/airflow/dags/my_tasks.py for tasks to queue
[2026-10-01T16:37:09.794+0000] {logging_mixin.py:190} INFO - [2026-10-01T16:37:09.794+0000] {dagbag.py:588} INFO - Filling up the DagBag from /opt/airflow/dags/my_tasks.py
[2026-10-01T16:37:09.802+0000] {processor.py:925} INFO - DAG(s) 'my_dag' retrieved from /opt/airflow/dags/my_tasks.py
[2026-10-01T16:37:09.820+0000] {logging_mixin.py:190} INFO - [2026-10-01T16:37:09.820+0000] {dag.py:3239} INFO - Sync 1 DAGs
[2026-10-01T16:37:09.835+0000] {logging_mixin.py:190} INFO - [2026-10-01T16:37:09.835+0000] {dag.py:4180} INFO - Setting next_dagrun for my_dag to None, run_after=None
[2026-10-01T16:37:09.849+0000] {processor.py:208} INFO - Processing /opt/airflow/dags/my_tasks.py took 0.064 seconds
[2026-10-01T16:37:40.049+0000] {processor.py:186} INFO - Started process (PID=708) to work on /opt/airflow/dags/my_tasks.py
[2026-10-01T16:37:40.050+0000] {processor.py:914} INFO - Processing file /opt/airflow/dags/my_tasks.py for tasks to queue
[2026-10-01T16:37:40.052+0000] {logging_mixin.py:190} INFO - [2026-10-01T16:37:40.051+0000] {dagbag.py:588} INFO - Filling up the DagBag from /opt/airflow/dags/my_tasks.py
[2026-10-01T16:37:40.059+0000] {processor.py:925} INFO - DAG(s) 'my_dag' retrieved from /opt/airflow/dags/my_tasks.py
[2026-10-01T16:37:40.077+0000] {logging_mixin.py:190} INFO - [2026-10-01T16:37:40.077+0000] {dag.py:3239} INFO - Sync 1 DAGs
[2026-10-01T16:37:40.094+0000] {logging_mixin.py:190} INFO - [2026-10-01T16:37:40.094+0000] {dag.py:4180} INFO - Setting next_dagrun for my_dag to None, run_after=None
[2026-10-01T16:37:40.110+0000] {processor.py:208} INFO - Processing /opt/airflow/dags/my_tasks.py took 0.066 seconds
[2026-10-01T16:38:10.337+0000] {processor.py:186} INFO - Started process (PID=719) to work on /opt/airflow/dags/my_tasks.py
[2026-10-01T16:38:10.338+0000] {processor.py:914} INFO - Processing file /opt/airflow/dags/my_tasks.py for tasks to queue
[2026-10-01T16:38:10.341+0000] {logging_mixin.py:190} INFO - [2026-10-01T16:38:10.340+0000] {dagbag.py:588} INFO - Filling up the DagBag from /opt/airflow/dags/my_tasks.py
[2026-10-01T16:38:10.349+0000] {processor.py:925} INFO - DAG(s) 'my_dag' retrieved from /opt/airflow/dags/my_tasks.py
[2026-10-01T16:38:10.366+0000] {logging_mixin.py:190} INFO - [2026-10-01T16:38:10.366+0000] {dag.py:3239} INFO - Sync 1 DAGs
[2026-10-01T16:38:10.382+0000] {logging_mixin.py:190} INFO - [2026-10-01T16:38:10.382+0000] {dag.py:4180} INFO - Setting next_dagrun for my_dag to None, run_after=None
[2026-10-01T16:38:10.396+0000] {processor.py:208} INFO - Processing /opt/airflow/dags/my_tasks.py took 0.065 seconds
[2026-10-01T16:38:40.605+0000] {processor.py:186} INFO - Started process (PID=730) to work on /opt/airflow/dags/my_tasks.py
[2026-10-01T16:38:40.606+0000] {processor.py:914} INFO - Processing file /opt/airflow/dags/my_tasks.py for tasks to queue
[2026-10-01T16:38:40.609+0000] {logging_mixin.py:190} INFO - [2026-10-01T16:38:40.609+0000] {dagbag.py:588} INFO - Filling up the DagBag from /opt/airflow/dags/my_tasks.py
[2026-10-01T16:38:40.616+0000] {processor.py:925} INFO - DAG(s) 'my_dag' retrieved from /opt/airflow/dags/my_tasks.py
[2026-10-01T16:38:40.636+0000] {logging_mixin.py:190} INFO - [2026-10-01T16:38:40.636+0000] {dag.py:3239} INFO - Sync 1 DAGs
[2026-10-01T16:38:40.653+0000] {logging_mixin.py:190} INFO - [2026-10-01T16:38:40.653+0000] {dag.py:4180} INFO - Setting next_dagrun for my_dag to None, run_after=None
[2026-10-01T16:38:40.667+0000] {processor.py:208} INFO - Processing /opt/airflow/dags/my_tasks.py took 0.068 seconds
[2026-10-01T16:39:10.867+0000] {processor.py:186} INFO - Started process (PID=741) to work on /opt/airflow/dags/my_tasks.py
[2026-10-01T16:39:10.868+0000] {processor.py:914} INFO - Processing file /opt/airflow/dags/my_tasks.py for tasks to queue
[2026-10-01T16:39:10.871+0000] {logging_mixin.py:190} INFO - [2026-10-01T16:39:10.870+0000] {dagbag.py:588} INFO - Filling up the DagBag from /opt/airflow/dags/my_tasks.py
[2026-10-01T16:39:10.878+0000] {processor.py:925} INFO - DAG(s) 'my_dag' retrieved from /opt/airflow/dags/my_tasks.py
[2026-10-01T16:39:10.897+0000] {logging_mixin.py:190} INFO - [2026-10-01T16:39:10.897+0000] {dag.py:3239} INFO - Sync 1 DAGs
[2026-10-01T16:39:10.913+0000] {logging_mixin.py:190} INFO - [2026-10-01T16:39:10.913+0000] {dag.py:4180} INFO - Setting next_dagrun for my_dag to None, run_after=None
[2026-10-01T16:39:10.929+0000] {processor.py:208} INFO - Processing /opt/airflow/dags/my_tasks.py took 0.068 seconds
[2026-10-01T16:39:41.152+0000] {processor.py:186} INFO - Started process (PID=752) to work on /opt/airflow/dags/my_tasks.py
[2026-10-01T16:39:41.152+0000] {processor.py:914} INFO - Processing file /opt/airflow/dags/my_tasks.py for tasks to queue
[2026-10-01T16:39:41.155+0000] {logging_mixin.py:190} INFO - [2026-10-01T16:39:41.154+0000] {dagbag.py:588} INFO - Filling up the DagBag from /opt/airflow/dags/my_tasks.py
[2026-10-01T16:39:41.162+0000] {processor.py:925} INFO - DAG(s) 'my_dag' retrieved from /opt/airflow/dags/my_tasks.py
[2026-10-01T16:39:41.181+0000] {logging_mixin.py:190} INFO - [2026-10-01T16:39:41.180+0000] {dag.py:3239} INFO - Sync 1 DAGs
[2026-10-01T16:39:41.196+0000] {logging_mixin.py:190} INFO - [2026-10-01T16:39:41.196+0000] {dag.py:4180} INFO - Setting next_dagrun for my_dag to None, run_after=None
[2026-10-01T16:39:41.210+0000] {processor.py:208} INFO - Processing /opt/airflow/dags/my_tasks.py took 0.065 seconds
[2026-10-01T17:36:26.894+0000] {processor.py:186} INFO - Started process (PID=191) to work on /opt/airflow/dags/my_tasks.py
[2026-10-01T17:36:26.895+0000] {processor.py:914} INFO - Processing file /opt/airflow/dags/my_tasks.py for tasks to queue
[2026-10-01T17:36:26.897+0000] {logging_mixin.py:190} INFO - [2026-10-01T17:36:26.896+0000] {dagbag.py:588} INFO - Filling up the DagBag from /opt/airflow/dags/my_tasks.py
[2026-10-01T17:36:26.911+0000] {processor.py:925} INFO - DAG(s) 'my_dag' retrieved from /opt/airflow/dags/my_tasks.py
[2026-10-01T17:36:26.942+0000] {logging_mixin.py:190} INFO - [2026-10-01T17:36:26.941+0000] {dag.py:3239} INFO - Sync 1 DAGs
[2026-10-01T17:36:26.962+0000] {logging_mixin.py:190} INFO - [2026-10-01T17:36:26.962+0000] {dag.py:4180} INFO - Setting next_dagrun for my_dag to None, run_after=None
[2026-10-01T17:36:26.978+0000] {processor.py:208} INFO - Processing /opt/airflow/dags/my_tasks.py took 0.088 seconds
[2026-10-01T17:36:57.115+0000] {processor.py:186} INFO - Started process (PID=202) to work on /opt/airflow/dags/my_tasks.py
[2026-10-01T17:36:57.115+0000] {processor.py:914} INFO - Processing file /opt/airflow/dags/my_tasks.py for tasks to queue
[2026-10-01T17:36:57.117+0000] {logging_mixin.py:190} INFO - [2026-10-01T17:36:57.116+0000] {dagbag.py:588} INFO - Filling up the DagBag from /opt/airflow/dags/my_tasks.py
[2026-10-01T17:36:57.123+0000] {processor.py:925} INFO - DAG(s) 'my_dag' retrieved from /opt/airflow/dags/my_tasks.py
[2026-10-01T17:36:57.141+0000] {logging_mixin.py:190} INFO - [2026-10-01T17:36:57.141+0000] {dag.py:3239} INFO - Sync 1 DAGs
[2026-10-01T17:36:57.158+0000] {logging_mixin.py:190} INFO - [2026-10-01T17:36:57.158+0000] {dag.py:4180} INFO - Setting next_dagrun for my_dag to None, run_after=None
[2026-10-01T17:36:57.171+0000] {processor.py:208} INFO - Processing /opt/airflow/dags/my_tasks.py took 0.060 seconds
[2026-10-01T17:37:27.382+0000] {processor.py:186} INFO - Started process (PID=213) to work on /opt/airflow/dags/my_tasks.py
[2026-10-01T17:37:27.382+0000] {processor.py:914} INFO - Processing file /opt/airflow/dags/my_tasks.py for tasks to queue
[2026-10-01T17:37:27.384+0000] {logging_mixin.py:190} INFO - [2026-10-01T17:37:27.383+0000] {dagbag.py:588} INFO - Filling up the DagBag from /opt/airflow/dags/my_tasks.py
[2026-10-01T17:37:27.393+0000] {processor.py:925} INFO - DAG(s) 'my_dag' retrieved from /opt/airflow/dags/my_tasks.py
[2026-10-01T17:37:27.413+0000] {logging_mixin.py:190} INFO - [2026-10-01T17:37:27.413+0000] {dag.py:3239} INFO - Sync 1 DAGs
[2026-10-01T17:37:27.427+0000] {logging_mixin.py:190} INFO - [2026-10-01T17:37:27.427+0000] {dag.py:4180} INFO - Setting next_dagrun for my_dag to None, run_after=None
[2026-10-01T17:37:27.442+0000] {processor.py:208} INFO - Processing /opt/airflow/dags/my_tasks.py took 0.064 seconds
[2026-10-01T17:37:57.605+0000] {processor.py:186} INFO - Started process (PID=224) to work on /opt/airflow/dags/my_tasks.py
[2026-10-01T17:37:57.606+0000] {processor.py:914} INFO - Processing file /opt/airflow/dags/my_tasks.py for tasks to queue
[2026-10-01T17:37:57.608+0000] {logging_mixin.py:190} INFO - [2026-10-01T17:37:57.607+0000] {dagbag.py:588} INFO - Filling up the DagBag from /opt/airflow/dags/my_tasks.py
[2026-10-01T17:37:57.620+0000] {processor.py:925} INFO - DAG(s) 'my_dag' retrieved from /opt/airflow/dags/my_tasks.py
[2026-10-01T17:37:57.642+0000] {logging_mixin.py:190} INFO - [2026-10-01T17:37:57.642+0000] {dag.py:3239} INFO - Sync 1 DAGs
[2026-10-01T17:37:57.661+0000] {logging_mixin.py:190} INFO - [2026-10-01T17:37:57.661+0000] {dag.py:4180} INFO - Setting next_dagrun for my_dag to None, run_after=None
[2026-10-01T17:37:57.679+0000] {processor.py:208} INFO - Processing /opt/airflow/dags/my_tasks.py took 0.078 seconds
[2026-10-01T17:38:27.867+0000] {processor.py:186} INFO - Started process (PID=235) to work on /opt/airflow/dags/my_tasks.py
[2026-10-01T17:38:27.875+0000] {processor.py:914} INFO - Processing file /opt/airflow/dags/my_tasks.py for tasks to queue
[2026-10-01T17:38:27.877+0000] {logging_mixin.py:190} INFO - [2026-10-01T17:38:27.877+0000] {dagbag.py:588} INFO - Filling up the DagBag from /opt/airflow/dags/my_tasks.py
[2026-10-01T17:38:27.886+0000] {processor.py:925} INFO - DAG(s) 'my_dag' retrieved from /opt/airflow/dags/my_tasks.py
[2026-10-01T17:38:27.905+0000] {logging_mixin.py:190} INFO - [2026-10-01T17:38:27.905+0000] {dag.py:3239} INFO - Sync 1 DAGs
[2026-10-01T17:38:27.921+0000] {logging_mixin.py:190} INFO - [2026-10-01T17:38:27.921+0000] {dag.py:4180} INFO - Setting next_dagrun for my_dag to None, run_after=None
[2026-10-01T17:38:27.936+0000] {processor.py:208} INFO - Processing /opt/airflow/dags/my_tasks.py took 0.073 seconds
[2026-10-01T17:38:58.091+0000] {processor.py:186} INFO - Started process (PID=246) to work on /opt/airflow/dags/my_tasks.py
[2026-10-01T17:38:58.100+0000] {processor.py:914} INFO - Processing file /opt/airflow/dags/my_tasks.py for tasks to queue
[2026-10-01T17:38:58.102+0000] {logging_mixin.py:190} INFO - [2026-10-01T17:38:58.101+0000] {dagbag.py:588} INFO - Filling up the DagBag from /opt/airflow/dags/my_tasks.py
[2026-10-01T17:38:58.114+0000] {processor.py:925} INFO - DAG(s) 'my_dag' retrieved from /opt/airflow/dags/my_tasks.py
[2026-10-01T17:38:58.150+0000] {logging_mixin.py:190} INFO - [2026-10-01T17:38:58.150+0000] {dag.py:3239} INFO - Sync 1 DAGs
[2026-10-01T17:38:58.172+0000] {logging_mixin.py:190} INFO - [2026-10-01T17:38:58.171+0000] {dag.py:4180} INFO - Setting next_dagrun for my_dag to None, run_after=None
[2026-10-01T17:38:58.189+0000] {processor.py:208} INFO - Processing /opt/airflow/dags/my_tasks.py took 0.103 seconds
[2026-10-01T17:39:28.355+0000] {processor.py:186} INFO - Started process (PID=257) to work on /opt/airflow/dags/my_tasks.py
[2026-10-01T17:39:28.363+0000] {processor.py:914} INFO - Processing file /opt/airflow/dags/my_tasks.py for tasks to queue
[2026-10-01T17:39:28.365+0000] {logging_mixin.py:190} INFO - [2026-10-01T17:39:28.365+0000] {dagbag.py:588} INFO - Filling up the DagBag from /opt/airflow/dags/my_tasks.py
[2026-10-01T17:39:28.376+0000] {processor.py:925} INFO - DAG(s) 'my_dag' retrieved from /opt/airflow/dags/my_tasks.py
[2026-10-01T17:39:28.395+0000] {logging_mixin.py:190} INFO - [2026-10-01T17:39:28.395+0000] {dag.py:3239} INFO - Sync 1 DAGs
[2026-10-01T17:39:28.411+0000] {logging_mixin.py:190} INFO - [2026-10-01T17:39:28.411+0000] {dag.py:4180} INFO - Setting next_dagrun for my_dag to None, run_after=None
[2026-10-01T17:39:28.424+0000] {processor.py:208} INFO - Processing /opt/airflow/dags/my_tasks.py took 0.073 seconds
[2026-10-01T17:39:58.633+0000] {processor.py:186} INFO - Started process (PID=268) to work on /opt/airflow/dags/my_tasks.py
[2026-10-01T17:39:58.640+0000] {processor.py:914} INFO - Processing file /opt/airflow/dags/my_tasks.py for tasks to queue
[2026-10-01T17:39:58.643+0000] {logging_mixin.py:190} INFO - [2026-10-01T17:39:58.643+0000] {dagbag.py:588} INFO - Filling up the DagBag from /opt/airflow/dags/my_tasks.py
[2026-10-01T17:39:58.653+0000] {processor.py:925} INFO - DAG(s) 'my_dag' retrieved from /opt/airflow/dags/my_tasks.py
[2026-10-01T17:39:58.670+0000] {logging_mixin.py:190} INFO - [2026-10-01T17:39:58.670+0000] {dag.py:3239} INFO - Sync 1 DAGs
[2026-10-01T17:39:58.686+0000] {logging_mixin.py:190} INFO - [2026-10-01T17:39:58.686+0000] {dag.py:4180} INFO - Setting next_dagrun for my_dag to None, run_after=None
[2026-10-01T17:39:58.705+0000] {processor.py:208} INFO - Processing /opt/airflow/dags/my_tasks.py took 0.076 seconds
[2026-10-01T17:40:28.899+0000] {processor.py:186} INFO - Started process (PID=279) to work on /opt/airflow/dags/my_tasks.py
[2026-10-01T17:40:28.900+0000] {processor.py:914} INFO - Processing file /opt/airflow/dags/my_tasks.py for tasks to queue
[2026-10-01T17:40:28.901+0000] {logging_mixin.py:190} INFO - [2026-10-01T17:40:28.901+0000] {dagbag.py:588} INFO - Filling up the DagBag from /opt/airflow/dags/my_tasks.py
[2026-10-01T17:40:28.908+0000] {processor.py:925} INFO - DAG(s) 'my_dag' retrieved from /opt/airflow/dags/my_tasks.py
[2026-10-01T17:40:28.926+0000] {logging_mixin.py:190} INFO - [2026-10-01T17:40:28.925+0000] {dag.py:3239} INFO - Sync 1 DAGs
[2026-10-01T17:40:28.941+0000] {logging_mixin.py:190} INFO - [2026-10-01T17:40:28.941+0000] {dag.py:4180} INFO - Setting next_dagrun for my_dag to None, run_after=None
[2026-10-01T17:40:28.954+0000] {processor.py:208} INFO - Processing /opt/airflow/dags/my_tasks.py took 0.059 seconds
[2026-10-01T17:40:59.187+0000] {processor.py:186} INFO - Started process (PID=290) to work on /opt/airflow/dags/my_tasks.py
[2026-10-01T17:40:59.195+0000] {processor.py:914} INFO - Processing file /opt/airflow/dags/my_tasks.py for tasks to queue
[2026-10-01T17:40:59.197+0000] {logging_mixin.py:190} INFO - [2026-10-01T17:40:59.197+0000] {dagbag.py:588} INFO - Filling up the DagBag from /opt/airflow/dags/my_tasks.py
[2026-10-01T17:40:59.208+0000] {processor.py:925} INFO - DAG(s) 'my_dag' retrieved from /opt/airflow/dags/my_tasks.py
[2026-10-01T17:40:59.225+0000] {logging_mixin.py:190} INFO - [2026-10-01T17:40:59.225+0000] {dag.py:3239} INFO - Sync 1 DAGs
[2026-10-01T17:40:59.241+0000] {logging_mixin.py:190} INFO - [2026-10-01T17:40:59.240+0000] {dag.py:4180} INFO - Setting next_dagrun for my_dag to None, run_after=None
[2026-10-01T17:40:59.254+0000] {processor.py:208} INFO - Processing /opt/airflow/dags/my_tasks.py took 0.072 seconds
[2026-10-01T17:41:29.463+0000] {processor.py:186} INFO - Started process (PID=301) to work on /opt/airflow/dags/my_tasks.py
[2026-10-01T17:41:29.471+0000] {processor.py:914} INFO - Processing file /opt/airflow/dags/my_tasks.py for tasks to queue
[2026-10-01T17:41:29.473+0000] {logging_mixin.py:190} INFO - [2026-10-01T17:41:29.473+0000] {dagbag.py:588} INFO - Filling up the DagBag from /opt/airflow/dags/my_tasks.py
[2026-10-01T17:41:29.482+0000] {processor.py:925} INFO - DAG(s) 'my_dag' retrieved from /opt/airflow/dags/my_tasks.py
[2026-10-01T17:41:29.500+0000] {logging_mixin.py:190} INFO - [2026-10-01T17:41:29.500+0000] {dag.py:3239} INFO - Sync 1 DAGs
[2026-10-01T17:41:29.517+0000] {logging_mixin.py:190} INFO - [2026-10-01T17:41:29.517+0000] {dag.py:4180} INFO - Setting next_dagrun for my_dag to None, run_after=None
[2026-10-01T17:41:29.530+0000] {processor.py:208} INFO - Processing /opt/airflow/dags/my_tasks.py took 0.071 seconds
[2026-10-01T17:41:59.727+0000] {processor.py:186} INFO - Started process (PID=312) to work on /opt/airflow/dags/my_tasks.py
[2026-10-01T17:41:59.728+0000] {processor.py:914} INFO - Processing file /opt/airflow/dags/my_tasks.py for tasks to queue
[2026-10-01T17:41:59.729+0000] {logging_mixin.py:190} INFO - [2026-10-01T17:41:59.729+0000] {dagbag.py:588} INFO - Filling up the DagBag from /opt/airflow/dags/my_tasks.py
[2026-10-01T17:41:59.736+0000] {processor.py:925} INFO - DAG(s) 'my_dag' retrieved from /opt/airflow/dags/my_tasks.py
[2026-10-01T17:41:59.752+0000] {logging_mixin.py:190} INFO - [2026-10-01T17:41:59.752+0000] {dag.py:3239} INFO - Sync 1 DAGs
[2026-10-01T17:41:59.768+0000] {logging_mixin.py:190} INFO - [2026-10-01T17:41:59.767+0000] {dag.py:4180} INFO - Setting next_dagrun for my_dag to None, run_after=None
[2026-10-01T17:41:59.786+0000] {processor.py:208} INFO - Processing /opt/airflow/dags/my_tasks.py took 0.063 seconds
[2026-10-01T17:42:30.004+0000] {processor.py:186} INFO - Started process (PID=323) to work on /opt/airflow/dags/my_tasks.py
[2026-10-01T17:42:30.012+0000] {processor.py:914} INFO - Processing file /opt/airflow/dags/my_tasks.py for tasks to queue
[2026-10-01T17:42:30.014+0000] {logging_mixin.py:190} INFO - [2026-10-01T17:42:30.013+0000] {dagbag.py:588} INFO - Filling up the DagBag from /opt/airflow/dags/my_tasks.py
[2026-10-01T17:42:30.023+0000] {processor.py:925} INFO - DAG(s) 'my_dag' retrieved from /opt/airflow/dags/my_tasks.py
[2026-10-01T17:42:30.041+0000] {logging_mixin.py:190} INFO - [2026-10-01T17:42:30.041+0000] {dag.py:3239} INFO - Sync 1 DAGs
[2026-10-01T17:42:30.058+0000] {logging_mixin.py:190} INFO - [2026-10-01T17:42:30.057+0000] {dag.py:4180} INFO - Setting next_dagrun for my_dag to None, run_after=None
[2026-10-01T17:42:30.071+0000] {processor.py:208} INFO - Processing /opt/airflow/dags/my_tasks.py took 0.072 seconds
[2026-10-01T17:43:00.269+0000] {processor.py:186} INFO - Started process (PID=334) to work on /opt/airflow/dags/my_tasks.py
[2026-10-01T17:43:00.277+0000] {processor.py:914} INFO - Processing file /opt/airflow/dags/my_tasks.py for tasks to queue
[2026-10-01T17:43:00.279+0000] {logging_mixin.py:190} INFO - [2026-10-01T17:43:00.279+0000] {dagbag.py:588} INFO - Filling up the DagBag from /opt/airflow/dags/my_tasks.py
[2026-10-01T17:43:00.290+0000] {processor.py:925} INFO - DAG(s) 'my_dag' retrieved from /opt/airflow/dags/my_tasks.py
[2026-10-01T17:43:00.312+0000] {logging_mixin.py:190} INFO - [2026-10-01T17:43:00.312+0000] {dag.py:3239} INFO - Sync 1 DAGs
[2026-10-01T17:43:00.328+0000] {logging_mixin.py:190} INFO - [2026-10-01T17:43:00.328+0000] {dag.py:4180} INFO - Setting next_dagrun for my_dag to None, run_after=None
[2026-10-01T17:43:00.343+0000] {processor.py:208} INFO - Processing /opt/airflow/dags/my_tasks.py took 0.078 seconds
[2026-10-01T17:43:30.549+0000] {processor.py:186} INFO - Started process (PID=345) to work on /opt/airflow/dags/my_tasks.py
[2026-10-01T17:43:30.557+0000] {processor.py:914} INFO - Processing file /opt/airflow/dags/my_tasks.py for tasks to queue
[2026-10-01T17:43:30.561+0000] {logging_mixin.py:190} INFO - [2026-10-01T17:43:30.561+0000] {dagbag.py:588} INFO - Filling up the DagBag from /opt/airflow/dags/my_tasks.py
[2026-10-01T17:43:30.570+0000] {processor.py:925} INFO - DAG(s) 'my_dag' retrieved from /opt/airflow/dags/my_tasks.py
[2026-10-01T17:43:30.589+0000] {logging_mixin.py:190} INFO - [2026-10-01T17:43:30.589+0000] {dag.py:3239} INFO - Sync 1 DAGs
[2026-10-01T17:43:30.606+0000] {logging_mixin.py:190} INFO - [2026-10-01T17:43:30.606+0000] {dag.py:4180} INFO - Setting next_dagrun for my_dag to None, run_after=None
[2026-10-01T17:43:30.620+0000] {processor.py:208} INFO - Processing /opt/airflow/dags/my_tasks.py took 0.078 seconds
[2026-10-01T17:44:00.812+0000] {processor.py:186} INFO - Started process (PID=356) to work on /opt/airflow/dags/my_tasks.py
[2026-10-01T17:44:00.813+0000] {processor.py:914} INFO - Processing file /opt/airflow/dags/my_tasks.py for tasks to queue
[2026-10-01T17:44:00.814+0000] {logging_mixin.py:190} INFO - [2026-10-01T17:44:00.814+0000] {dagbag.py:588} INFO - Filling up the DagBag from /opt/airflow/dags/my_tasks.py
[2026-10-01T17:44:00.821+0000] {processor.py:925} INFO - DAG(s) 'my_dag' retrieved from /opt/airflow/dags/my_tasks.py
[2026-10-01T17:44:00.839+0000] {logging_mixin.py:190} INFO - [2026-10-01T17:44:00.839+0000] {dag.py:3239} INFO - Sync 1 DAGs
[2026-10-01T17:44:00.855+0000] {logging_mixin.py:190} INFO - [2026-10-01T17:44:00.855+0000] {dag.py:4180} INFO - Setting next_dagrun for my_dag to None, run_after=None
[2026-10-01T17:44:00.871+0000] {processor.py:208} INFO - Processing /opt/airflow/dags/my_tasks.py took 0.063 seconds
[2026-10-01T17:44:31.077+0000] {processor.py:186} INFO - Started process (PID=367) to work on /opt/airflow/dags/my_tasks.py
[2026-10-01T17:44:31.084+0000] {processor.py:914} INFO - Processing file /opt/airflow/dags/my_tasks.py for tasks to queue
[2026-10-01T17:44:31.085+0000] {logging_mixin.py:190} INFO - [2026-10-01T17:44:31.085+0000] {dagbag.py:588} INFO - Filling up the DagBag from /opt/airflow/dags/my_tasks.py
[2026-10-01T17:44:31.093+0000] {processor.py:925} INFO - DAG(s) 'my_dag' retrieved from /opt/airflow/dags/my_tasks.py
[2026-10-01T17:44:31.113+0000] {logging_mixin.py:190} INFO - [2026-10-01T17:44:31.112+0000] {dag.py:3239} INFO - Sync 1 DAGs
[2026-10-01T17:44:31.130+0000] {logging_mixin.py:190} INFO - [2026-10-01T17:44:31.130+0000] {dag.py:4180} INFO - Setting next_dagrun for my_dag to None, run_after=None
[2026-10-01T17:44:31.142+0000] {processor.py:208} INFO - Processing /opt/airflow/dags/my_tasks.py took 0.070 seconds
[2026-10-01T17:45:01.361+0000] {processor.py:186} INFO - Started process (PID=378) to work on /opt/airflow/dags/my_tasks.py
[2026-10-01T17:45:01.362+0000] {processor.py:914} INFO - Processing file /opt/airflow/dags/my_tasks.py for tasks to queue
[2026-10-01T17:45:01.365+0000] {logging_mixin.py:190} INFO - [2026-10-01T17:45:01.364+0000] {dagbag.py:588} INFO - Filling up the DagBag from /opt/airflow/dags/my_tasks.py
[2026-10-01T17:45:01.376+0000] {processor.py:925} INFO - DAG(s) 'my_dag' retrieved from /opt/airflow/dags/my_tasks.py
[2026-10-01T17:45:01.393+0000] {logging_mixin.py:190} INFO - [2026-10-01T17:45:01.393+0000] {dag.py:3239} INFO - Sync 1 DAGs
[2026-10-01T17:45:01.408+0000] {logging_mixin.py:190} INFO - [2026-10-01T17:45:01.408+0000] {dag.py:4180} INFO - Setting next_dagrun for my_dag to None, run_after=None
[2026-10-01T17:45:01.423+0000] {processor.py:208} INFO - Processing /opt/airflow/dags/my_tasks.py took 0.066 seconds
[2026-10-01T17:45:31.609+0000] {processor.py:186} INFO - Started process (PID=389) to work on /opt/airflow/dags/my_tasks.py
[2026-10-01T17:45:31.617+0000] {processor.py:914} INFO - Processing file /opt/airflow/dags/my_tasks.py for tasks to queue
[2026-10-01T17:45:31.618+0000] {logging_mixin.py:190} INFO - [2026-10-01T17:45:31.618+0000] {dagbag.py:588} INFO - Filling up the DagBag from /opt/airflow/dags/my_tasks.py
[2026-10-01T17:45:31.625+0000] {processor.py:925} INFO - DAG(s) 'my_dag' retrieved from /opt/airflow/dags/my_tasks.py
[2026-10-01T17:45:31.642+0000] {logging_mixin.py:190} INFO - [2026-10-01T17:45:31.642+0000] {dag.py:3239} INFO - Sync 1 DAGs
[2026-10-01T17:45:31.658+0000] {logging_mixin.py:190} INFO - [2026-10-01T17:45:31.658+0000] {dag.py:4180} INFO - Setting next_dagrun for my_dag to None, run_after=None
[2026-10-01T17:45:31.672+0000] {processor.py:208} INFO - Processing /opt/airflow/dags/my_tasks.py took 0.067 seconds
[2026-10-01T17:46:01.886+0000] {processor.py:186} INFO - Started process (PID=400) to work on /opt/airflow/dags/my_tasks.py
[2026-10-01T17:46:01.886+0000] {processor.py:914} INFO - Processing file /opt/airflow/dags/my_tasks.py for tasks to queue
[2026-10-01T17:46:01.888+0000] {logging_mixin.py:190} INFO - [2026-10-01T17:46:01.888+0000] {dagbag.py:588} INFO - Filling up the DagBag from /opt/airflow/dags/my_tasks.py
[2026-10-01T17:46:01.894+0000] {processor.py:925} INFO - DAG(s) 'my_dag' retrieved from /opt/airflow/dags/my_tasks.py
[2026-10-01T17:46:01.912+0000] {logging_mixin.py:190} INFO - [2026-10-01T17:46:01.912+0000] {dag.py:3239} INFO - Sync 1 DAGs
[2026-10-01T17:46:01.928+0000] {logging_mixin.py:190} INFO - [2026-10-01T17:46:01.928+0000] {dag.py:4180} INFO - Setting next_dagrun for my_dag to None, run_after=None
[2026-10-01T17:46:01.943+0000] {processor.py:208} INFO - Processing /opt/airflow/dags/my_tasks.py took 0.062 seconds
[2026-10-01T17:46:32.145+0000] {processor.py:186} INFO - Started process (PID=417) to work on /opt/airflow/dags/my_tasks.py
[2026-10-01T17:46:32.150+0000] {processor.py:914} INFO - Processing file /opt/airflow/dags/my_tasks.py for tasks to queue
[2026-10-01T17:46:32.152+0000] {logging_mixin.py:190} INFO - [2026-10-01T17:46:32.152+0000] {dagbag.py:588} INFO - Filling up the DagBag from /opt/airflow/dags/my_tasks.py
[2026-10-01T17:46:32.160+0000] {processor.py:925} INFO - DAG(s) 'my_dag' retrieved from /opt/airflow/dags/my_tasks.py
[2026-10-01T17:46:32.181+0000] {logging_mixin.py:190} INFO - [2026-10-01T17:46:32.180+0000] {dag.py:3239} INFO - Sync 1 DAGs
[2026-10-01T17:46:32.196+0000] {logging_mixin.py:190} INFO - [2026-10-01T17:46:32.196+0000] {dag.py:4180} INFO - Setting next_dagrun for my_dag to None, run_after=None
[2026-10-01T17:46:32.213+0000] {processor.py:208} INFO - Processing /opt/airflow/dags/my_tasks.py took 0.073 seconds
[2026-10-01T17:47:02.401+0000] {processor.py:186} INFO - Started process (PID=428) to work on /opt/airflow/dags/my_tasks.py
[2026-10-01T17:47:02.401+0000] {processor.py:914} INFO - Processing file /opt/airflow/dags/my_tasks.py for tasks to queue
[2026-10-01T17:47:02.403+0000] {logging_mixin.py:190} INFO - [2026-10-01T17:47:02.403+0000] {dagbag.py:588} INFO - Filling up the DagBag from /opt/airflow/dags/my_tasks.py
[2026-10-01T17:47:02.409+0000] {processor.py:925} INFO - DAG(s) 'my_dag' retrieved from /opt/airflow/dags/my_tasks.py
[2026-10-01T17:47:02.429+0000] {logging_mixin.py:190} INFO - [2026-10-01T17:47:02.428+0000] {dag.py:3239} INFO - Sync 1 DAGs
[2026-10-01T17:47:02.446+0000] {logging_mixin.py:190} INFO - [2026-10-01T17:47:02.445+0000] {dag.py:4180} INFO - Setting next_dagrun for my_dag to None, run_after=None
[2026-10-01T17:47:02.459+0000] {processor.py:208} INFO - Processing /opt/airflow/dags/my_tasks.py took 0.064 seconds
[2026-10-01T17:47:32.677+0000] {processor.py:186} INFO - Started process (PID=439) to work on /opt/airflow/dags/my_tasks.py
[2026-10-01T17:47:32.685+0000] {processor.py:914} INFO - Processing file /opt/airflow/dags/my_tasks.py for tasks to queue
[2026-10-01T17:47:32.687+0000] {logging_mixin.py:190} INFO - [2026-10-01T17:47:32.686+0000] {dagbag.py:588} INFO - Filling up the DagBag from /opt/airflow/dags/my_tasks.py
[2026-10-01T17:47:32.694+0000] {processor.py:925} INFO - DAG(s) 'my_dag' retrieved from /opt/airflow/dags/my_tasks.py
[2026-10-01T17:47:32.718+0000] {logging_mixin.py:190} INFO - [2026-10-01T17:47:32.718+0000] {dag.py:3239} INFO - Sync 1 DAGs
[2026-10-01T17:47:32.738+0000] {logging_mixin.py:190} INFO - [2026-10-01T17:47:32.738+0000] {dag.py:4180} INFO - Setting next_dagrun for my_dag to None, run_after=None
[2026-10-01T17:47:32.756+0000] {processor.py:208} INFO - Processing /opt/airflow/dags/my_tasks.py took 0.084 seconds
[2026-10-01T17:48:02.939+0000] {processor.py:186} INFO - Started process (PID=450) to work on /opt/airflow/dags/my_tasks.py
[2026-10-01T17:48:02.940+0000] {processor.py:914} INFO - Processing file /opt/airflow/dags/my_tasks.py for tasks to queue
[2026-10-01T17:48:02.941+0000] {logging_mixin.py:190} INFO - [2026-10-01T17:48:02.941+0000] {dagbag.py:588} INFO - Filling up the DagBag from /opt/airflow/dags/my_tasks.py
[2026-10-01T17:48:02.948+0000] {processor.py:925} INFO - DAG(s) 'my_dag' retrieved from /opt/airflow/dags/my_tasks.py
[2026-10-01T17:48:02.965+0000] {logging_mixin.py:190} INFO - [2026-10-01T17:48:02.965+0000] {dag.py:3239} INFO - Sync 1 DAGs
[2026-10-01T17:48:02.981+0000] {logging_mixin.py:190} INFO - [2026-10-01T17:48:02.981+0000] {dag.py:4180} INFO - Setting next_dagrun for my_dag to None, run_after=None
[2026-10-01T17:48:02.995+0000] {processor.py:208} INFO - Processing /opt/airflow/dags/my_tasks.py took 0.060 seconds
[2026-10-01T17:48:33.199+0000] {processor.py:186} INFO - Started process (PID=461) to work on /opt/airflow/dags/my_tasks.py
[2026-10-01T17:48:33.207+0000] {processor.py:914} INFO - Processing file /opt/airflow/dags/my_tasks.py for tasks to queue
[2026-10-01T17:48:33.209+0000] {logging_mixin.py:190} INFO - [2026-10-01T17:48:33.209+0000] {dagbag.py:588} INFO - Filling up the DagBag from /opt/airflow/dags/my_tasks.py
[2026-10-01T17:48:33.220+0000] {processor.py:925} INFO - DAG(s) 'my_dag' retrieved from /opt/airflow/dags/my_tasks.py
[2026-10-01T17:48:33.238+0000] {logging_mixin.py:190} INFO - [2026-10-01T17:48:33.238+0000] {dag.py:3239} INFO - Sync 1 DAGs
[2026-10-01T17:48:33.254+0000] {logging_mixin.py:190} INFO - [2026-10-01T17:48:33.253+0000] {dag.py:4180} INFO - Setting next_dagrun for my_dag to None, run_after=None
[2026-10-01T17:48:33.267+0000] {processor.py:208} INFO - Processing /opt/airflow/dags/my_tasks.py took 0.073 seconds
[2026-10-01T17:49:03.467+0000] {processor.py:186} INFO - Started process (PID=472) to work on /opt/airflow/dags/my_tasks.py
[2026-10-01T17:49:03.467+0000] {processor.py:914} INFO - Processing file /opt/airflow/dags/my_tasks.py for tasks to queue
[2026-10-01T17:49:03.469+0000] {logging_mixin.py:190} INFO - [2026-10-01T17:49:03.469+0000] {dagbag.py:588} INFO - Filling up the DagBag from /opt/airflow/dags/my_tasks.py
[2026-10-01T17:49:03.475+0000] {processor.py:925} INFO - DAG(s) 'my_dag' retrieved from /opt/airflow/dags/my_tasks.py
[2026-10-01T17:49:03.493+0000] {logging_mixin.py:190} INFO - [2026-10-01T17:49:03.493+0000] {dag.py:3239} INFO - Sync 1 DAGs
[2026-10-01T17:49:03.508+0000] {logging_mixin.py:190} INFO - [2026-10-01T17:49:03.508+0000] {dag.py:4180} INFO - Setting next_dagrun for my_dag to None, run_after=None
[2026-10-01T17:49:03.522+0000] {processor.py:208} INFO - Processing /opt/airflow/dags/my_tasks.py took 0.059 seconds
[2026-10-01T17:49:33.741+0000] {processor.py:186} INFO - Started process (PID=483) to work on /opt/airflow/dags/my_tasks.py
[2026-10-01T17:49:33.749+0000] {processor.py:914} INFO - Processing file /opt/airflow/dags/my_tasks.py for tasks to queue
[2026-10-01T17:49:33.751+0000] {logging_mixin.py:190} INFO - [2026-10-01T17:49:33.751+0000] {dagbag.py:588} INFO - Filling up the DagBag from /opt/airflow/dags/my_tasks.py
[2026-10-01T17:49:33.759+0000] {processor.py:925} INFO - DAG(s) 'my_dag' retrieved from /opt/airflow/dags/my_tasks.py
[2026-10-01T17:49:33.777+0000] {logging_mixin.py:190} INFO - [2026-10-01T17:49:33.777+0000] {dag.py:3239} INFO - Sync 1 DAGs
[2026-10-01T17:49:33.792+0000] {logging_mixin.py:190} INFO - [2026-10-01T17:49:33.792+0000] {dag.py:4180} INFO - Setting next_dagrun for my_dag to None, run_after=None
[2026-10-01T17:49:33.806+0000] {processor.py:208} INFO - Processing /opt/airflow/dags/my_tasks.py took 0.068 seconds
[2026-10-01T17:50:03.993+0000] {processor.py:186} INFO - Started process (PID=494) to work on /opt/airflow/dags/my_tasks.py
[2026-10-01T17:50:03.993+0000] {processor.py:914} INFO - Processing file /opt/airflow/dags/my_tasks.py for tasks to queue
[2026-10-01T17:50:03.994+0000] {logging_mixin.py:190} INFO - [2026-10-01T17:50:03.994+0000] {dagbag.py:588} INFO - Filling up the DagBag from /opt/airflow/dags/my_tasks.py
[2026-10-01T17:50:04.002+0000] {processor.py:925} INFO - DAG(s) 'my_dag' retrieved from /opt/airflow/dags/my_tasks.py
[2026-10-01T17:50:04.019+0000] {logging_mixin.py:190} INFO - [2026-10-01T17:50:04.019+0000] {dag.py:3239} INFO - Sync 1 DAGs
[2026-10-01T17:50:04.035+0000] {logging_mixin.py:190} INFO - [2026-10-01T17:50:04.035+0000] {dag.py:4180} INFO - Setting next_dagrun for my_dag to None, run_after=None
[2026-10-01T17:50:04.049+0000] {processor.py:208} INFO - Processing /opt/airflow/dags/my_tasks.py took 0.061 seconds
[2026-10-01T17:50:34.242+0000] {processor.py:186} INFO - Started process (PID=505) to work on /opt/airflow/dags/my_tasks.py
[2026-10-01T17:50:34.243+0000] {processor.py:914} INFO - Processing file /opt/airflow/dags/my_tasks.py for tasks to queue
[2026-10-01T17:50:34.245+0000] {logging_mixin.py:190} INFO - [2026-10-01T17:50:34.245+0000] {dagbag.py:588} INFO - Filling up the DagBag from /opt/airflow/dags/my_tasks.py
[2026-10-01T17:50:34.252+0000] {processor.py:925} INFO - DAG(s) 'my_dag' retrieved from /opt/airflow/dags/my_tasks.py
[2026-10-01T17:50:34.272+0000] {logging_mixin.py:190} INFO - [2026-10-01T17:50:34.271+0000] {dag.py:3239} INFO - Sync 1 DAGs
[2026-10-01T17:50:34.287+0000] {logging_mixin.py:190} INFO - [2026-10-01T17:50:34.287+0000] {dag.py:4180} INFO - Setting next_dagrun for my_dag to None, run_after=None
[2026-10-01T17:50:34.303+0000] {processor.py:208} INFO - Processing /opt/airflow/dags/my_tasks.py took 0.065 seconds
[2026-10-01T17:51:04.506+0000] {processor.py:186} INFO - Started process (PID=517) to work on /opt/airflow/dags/my_tasks.py
[2026-10-01T17:51:04.507+0000] {processor.py:914} INFO - Processing file /opt/airflow/dags/my_tasks.py for tasks to queue
[2026-10-01T17:51:04.508+0000] {logging_mixin.py:190} INFO - [2026-10-01T17:51:04.508+0000] {dagbag.py:588} INFO - Filling up the DagBag from /opt/airflow/dags/my_tasks.py
[2026-10-01T17:51:04.515+0000] {processor.py:925} INFO - DAG(s) 'my_dag' retrieved from /opt/airflow/dags/my_tasks.py
[2026-10-01T17:51:04.534+0000] {logging_mixin.py:190} INFO - [2026-10-01T17:51:04.534+0000] {dag.py:3239} INFO - Sync 1 DAGs
[2026-10-01T17:51:04.549+0000] {logging_mixin.py:190} INFO - [2026-10-01T17:51:04.549+0000] {dag.py:4180} INFO - Setting next_dagrun for my_dag to None, run_after=None
[2026-10-01T17:51:04.563+0000] {processor.py:208} INFO - Processing /opt/airflow/dags/my_tasks.py took 0.061 seconds
[2026-10-01T17:51:34.757+0000] {processor.py:186} INFO - Started process (PID=528) to work on /opt/airflow/dags/my_tasks.py
[2026-10-01T17:51:34.765+0000] {processor.py:914} INFO - Processing file /opt/airflow/dags/my_tasks.py for tasks to queue
[2026-10-01T17:51:34.767+0000] {logging_mixin.py:190} INFO - [2026-10-01T17:51:34.767+0000] {dagbag.py:588} INFO - Filling up the DagBag from /opt/airflow/dags/my_tasks.py
[2026-10-01T17:51:34.775+0000] {processor.py:925} INFO - DAG(s) 'my_dag' retrieved from /opt/airflow/dags/my_tasks.py
[2026-10-01T17:51:34.793+0000] {logging_mixin.py:190} INFO - [2026-10-01T17:51:34.793+0000] {dag.py:3239} INFO - Sync 1 DAGs
[2026-10-01T17:51:34.810+0000] {logging_mixin.py:190} INFO - [2026-10-01T17:51:34.810+0000] {dag.py:4180} INFO - Setting next_dagrun for my_dag to None, run_after=None
[2026-10-01T17:51:34.825+0000] {processor.py:208} INFO - Processing /opt/airflow/dags/my_tasks.py took 0.072 seconds
[2026-10-01T17:52:05.038+0000] {processor.py:186} INFO - Started process (PID=539) to work on /opt/airflow/dags/my_tasks.py
[2026-10-01T17:52:05.039+0000] {processor.py:914} INFO - Processing file /opt/airflow/dags/my_tasks.py for tasks to queue
[2026-10-01T17:52:05.040+0000] {logging_mixin.py:190} INFO - [2026-10-01T17:52:05.040+0000] {dagbag.py:588} INFO - Filling up the DagBag from /opt/airflow/dags/my_tasks.py
[2026-10-01T17:52:05.047+0000] {processor.py:925} INFO - DAG(s) 'my_dag' retrieved from /opt/airflow/dags/my_tasks.py
[2026-10-01T17:52:05.064+0000] {logging_mixin.py:190} INFO - [2026-10-01T17:52:05.064+0000] {dag.py:3239} INFO - Sync 1 DAGs
[2026-10-01T17:52:05.079+0000] {logging_mixin.py:190} INFO - [2026-10-01T17:52:05.079+0000] {dag.py:4180} INFO - Setting next_dagrun for my_dag to None, run_after=None
[2026-10-01T17:52:05.093+0000] {processor.py:208} INFO - Processing /opt/airflow/dags/my_tasks.py took 0.059 seconds
[2026-10-01T17:52:35.311+0000] {processor.py:186} INFO - Started process (PID=550) to work on /opt/airflow/dags/my_tasks.py
[2026-10-01T17:52:35.319+0000] {processor.py:914} INFO - Processing file /opt/airflow/dags/my_tasks.py for tasks to queue
[2026-10-01T17:52:35.320+0000] {logging_mixin.py:190} INFO - [2026-10-01T17:52:35.320+0000] {dagbag.py:588} INFO - Filling up the DagBag from /opt/airflow/dags/my_tasks.py
[2026-10-01T17:52:35.328+0000] {processor.py:925} INFO - DAG(s) 'my_dag' retrieved from /opt/airflow/dags/my_tasks.py
[2026-10-01T17:52:35.345+0000] {logging_mixin.py:190} INFO - [2026-10-01T17:52:35.345+0000] {dag.py:3239} INFO - Sync 1 DAGs
[2026-10-01T17:52:35.361+0000] {logging_mixin.py:190} INFO - [2026-10-01T17:52:35.360+0000] {dag.py:4180} INFO - Setting next_dagrun for my_dag to None, run_after=None
[2026-10-01T17:52:35.375+0000] {processor.py:208} INFO - Processing /opt/airflow/dags/my_tasks.py took 0.068 seconds
[2026-10-01T17:53:05.586+0000] {processor.py:186} INFO - Started process (PID=561) to work on /opt/airflow/dags/my_tasks.py
[2026-10-01T17:53:05.591+0000] {processor.py:914} INFO - Processing file /opt/airflow/dags/my_tasks.py for tasks to queue
[2026-10-01T17:53:05.592+0000] {logging_mixin.py:190} INFO - [2026-10-01T17:53:05.592+0000] {dagbag.py:588} INFO - Filling up the DagBag from /opt/airflow/dags/my_tasks.py
[2026-10-01T17:53:05.600+0000] {processor.py:925} INFO - DAG(s) 'my_dag' retrieved from /opt/airflow/dags/my_tasks.py
[2026-10-01T17:53:05.618+0000] {logging_mixin.py:190} INFO - [2026-10-01T17:53:05.618+0000] {dag.py:3239} INFO - Sync 1 DAGs
[2026-10-01T17:53:05.634+0000] {logging_mixin.py:190} INFO - [2026-10-01T17:53:05.633+0000] {dag.py:4180} INFO - Setting next_dagrun for my_dag to None, run_after=None
[2026-10-01T17:53:05.648+0000] {processor.py:208} INFO - Processing /opt/airflow/dags/my_tasks.py took 0.067 seconds
[2026-10-01T17:53:35.837+0000] {processor.py:186} INFO - Started process (PID=572) to work on /opt/airflow/dags/my_tasks.py
[2026-10-01T17:53:35.845+0000] {processor.py:914} INFO - Processing file /opt/airflow/dags/my_tasks.py for tasks to queue
[2026-10-01T17:53:35.846+0000] {logging_mixin.py:190} INFO - [2026-10-01T17:53:35.846+0000] {dagbag.py:588} INFO - Filling up the DagBag from /opt/airflow/dags/my_tasks.py
[2026-10-01T17:53:35.855+0000] {processor.py:925} INFO - DAG(s) 'my_dag' retrieved from /opt/airflow/dags/my_tasks.py
[2026-10-01T17:53:35.874+0000] {logging_mixin.py:190} INFO - [2026-10-01T17:53:35.874+0000] {dag.py:3239} INFO - Sync 1 DAGs
[2026-10-01T17:53:35.891+0000] {logging_mixin.py:190} INFO - [2026-10-01T17:53:35.891+0000] {dag.py:4180} INFO - Setting next_dagrun for my_dag to None, run_after=None
[2026-10-01T17:53:35.906+0000] {processor.py:208} INFO - Processing /opt/airflow/dags/my_tasks.py took 0.073 seconds
[2026-10-01T17:54:06.113+0000] {processor.py:186} INFO - Started process (PID=583) to work on /opt/airflow/dags/my_tasks.py
[2026-10-01T17:54:06.121+0000] {processor.py:914} INFO - Processing file /opt/airflow/dags/my_tasks.py for tasks to queue
[2026-10-01T17:54:06.124+0000] {logging_mixin.py:190} INFO - [2026-10-01T17:54:06.123+0000] {dagbag.py:588} INFO - Filling up the DagBag from /opt/airflow/dags/my_tasks.py
[2026-10-01T17:54:06.133+0000] {processor.py:925} INFO - DAG(s) 'my_dag' retrieved from /opt/airflow/dags/my_tasks.py
[2026-10-01T17:54:06.152+0000] {logging_mixin.py:190} INFO - [2026-10-01T17:54:06.152+0000] {dag.py:3239} INFO - Sync 1 DAGs
[2026-10-01T17:54:06.169+0000] {logging_mixin.py:190} INFO - [2026-10-01T17:54:06.169+0000] {dag.py:4180} INFO - Setting next_dagrun for my_dag to None, run_after=None
[2026-10-01T17:54:06.183+0000] {processor.py:208} INFO - Processing /opt/airflow/dags/my_tasks.py took 0.075 seconds
[2026-10-01T17:54:36.397+0000] {processor.py:186} INFO - Started process (PID=594) to work on /opt/airflow/dags/my_tasks.py
[2026-10-01T17:54:36.405+0000] {processor.py:914} INFO - Processing file /opt/airflow/dags/my_tasks.py for tasks to queue
[2026-10-01T17:54:36.406+0000] {logging_mixin.py:190} INFO - [2026-10-01T17:54:36.406+0000] {dagbag.py:588} INFO - Filling up the DagBag from /opt/airflow/dags/my_tasks.py
[2026-10-01T17:54:36.415+0000] {processor.py:925} INFO - DAG(s) 'my_dag' retrieved from /opt/airflow/dags/my_tasks.py
[2026-10-01T17:54:36.439+0000] {logging_mixin.py:190} INFO - [2026-10-01T17:54:36.438+0000] {dag.py:3239} INFO - Sync 1 DAGs
[2026-10-01T17:54:36.460+0000] {logging_mixin.py:190} INFO - [2026-10-01T17:54:36.459+0000] {dag.py:4180} INFO - Setting next_dagrun for my_dag to None, run_after=None
[2026-10-01T17:54:36.479+0000] {processor.py:208} INFO - Processing /opt/airflow/dags/my_tasks.py took 0.089 seconds
[2026-10-01T17:55:06.661+0000] {processor.py:186} INFO - Started process (PID=605) to work on /opt/airflow/dags/my_tasks.py
[2026-10-01T17:55:06.662+0000] {processor.py:914} INFO - Processing file /opt/airflow/dags/my_tasks.py for tasks to queue
[2026-10-01T17:55:06.663+0000] {logging_mixin.py:190} INFO - [2026-10-01T17:55:06.663+0000] {dagbag.py:588} INFO - Filling up the DagBag from /opt/airflow/dags/my_tasks.py
[2026-10-01T17:55:06.670+0000] {processor.py:925} INFO - DAG(s) 'my_dag' retrieved from /opt/airflow/dags/my_tasks.py
[2026-10-01T17:55:06.689+0000] {logging_mixin.py:190} INFO - [2026-10-01T17:55:06.689+0000] {dag.py:3239} INFO - Sync 1 DAGs
[2026-10-01T17:55:06.706+0000] {logging_mixin.py:190} INFO - [2026-10-01T17:55:06.706+0000] {dag.py:4180} INFO - Setting next_dagrun for my_dag to None, run_after=None
[2026-10-01T17:55:06.725+0000] {processor.py:208} INFO - Processing /opt/airflow/dags/my_tasks.py took 0.069 seconds
[2026-10-01T17:55:36.935+0000] {processor.py:186} INFO - Started process (PID=616) to work on /opt/airflow/dags/my_tasks.py
[2026-10-01T17:55:36.936+0000] {processor.py:914} INFO - Processing file /opt/airflow/dags/my_tasks.py for tasks to queue
[2026-10-01T17:55:36.937+0000] {logging_mixin.py:190} INFO - [2026-10-01T17:55:36.937+0000] {dagbag.py:588} INFO - Filling up the DagBag from /opt/airflow/dags/my_tasks.py
[2026-10-01T17:55:36.946+0000] {processor.py:925} INFO - DAG(s) 'my_dag' retrieved from /opt/airflow/dags/my_tasks.py
[2026-10-01T17:55:36.963+0000] {logging_mixin.py:190} INFO - [2026-10-01T17:55:36.963+0000] {dag.py:3239} INFO - Sync 1 DAGs
[2026-10-01T17:55:36.981+0000] {logging_mixin.py:190} INFO - [2026-10-01T17:55:36.981+0000] {dag.py:4180} INFO - Setting next_dagrun for my_dag to None, run_after=None
[2026-10-01T17:55:37.002+0000] {processor.py:208} INFO - Processing /opt/airflow/dags/my_tasks.py took 0.071 seconds
[2026-10-01T17:56:07.202+0000] {processor.py:186} INFO - Started process (PID=627) to work on /opt/airflow/dags/my_tasks.py
[2026-10-01T17:56:07.202+0000] {processor.py:914} INFO - Processing file /opt/airflow/dags/my_tasks.py for tasks to queue
[2026-10-01T17:56:07.204+0000] {logging_mixin.py:190} INFO - [2026-10-01T17:56:07.204+0000] {dagbag.py:588} INFO - Filling up the DagBag from /opt/airflow/dags/my_tasks.py
[2026-10-01T17:56:07.212+0000] {processor.py:925} INFO - DAG(s) 'my_dag' retrieved from /opt/airflow/dags/my_tasks.py
[2026-10-01T17:56:07.233+0000] {logging_mixin.py:190} INFO - [2026-10-01T17:56:07.233+0000] {dag.py:3239} INFO - Sync 1 DAGs
[2026-10-01T17:56:07.250+0000] {logging_mixin.py:190} INFO - [2026-10-01T17:56:07.250+0000] {dag.py:4180} INFO - Setting next_dagrun for my_dag to None, run_after=None
[2026-10-01T17:56:07.264+0000] {processor.py:208} INFO - Processing /opt/airflow/dags/my_tasks.py took 0.067 seconds
[2026-10-01T17:56:37.463+0000] {processor.py:186} INFO - Started process (PID=638) to work on /opt/airflow/dags/my_tasks.py
[2026-10-01T17:56:37.464+0000] {processor.py:914} INFO - Processing file /opt/airflow/dags/my_tasks.py for tasks to queue
[2026-10-01T17:56:37.466+0000] {logging_mixin.py:190} INFO - [2026-10-01T17:56:37.465+0000] {dagbag.py:588} INFO - Filling up the DagBag from /opt/airflow/dags/my_tasks.py
[2026-10-01T17:56:37.472+0000] {processor.py:925} INFO - DAG(s) 'my_dag' retrieved from /opt/airflow/dags/my_tasks.py
[2026-10-01T17:56:37.491+0000] {logging_mixin.py:190} INFO - [2026-10-01T17:56:37.491+0000] {dag.py:3239} INFO - Sync 1 DAGs
[2026-10-01T17:56:37.508+0000] {logging_mixin.py:190} INFO - [2026-10-01T17:56:37.508+0000] {dag.py:4180} INFO - Setting next_dagrun for my_dag to None, run_after=None
[2026-10-01T17:56:37.523+0000] {processor.py:208} INFO - Processing /opt/airflow/dags/my_tasks.py took 0.065 seconds
[2026-10-01T17:57:07.720+0000] {processor.py:186} INFO - Started process (PID=649) to work on /opt/airflow/dags/my_tasks.py
[2026-10-01T17:57:07.721+0000] {processor.py:914} INFO - Processing file /opt/airflow/dags/my_tasks.py for tasks to queue
[2026-10-01T17:57:07.722+0000] {logging_mixin.py:190} INFO - [2026-10-01T17:57:07.722+0000] {dagbag.py:588} INFO - Filling up the DagBag from /opt/airflow/dags/my_tasks.py
[2026-10-01T17:57:07.729+0000] {processor.py:925} INFO - DAG(s) 'my_dag' retrieved from /opt/airflow/dags/my_tasks.py
[2026-10-01T17:57:07.750+0000] {logging_mixin.py:190} INFO - [2026-10-01T17:57:07.750+0000] {dag.py:3239} INFO - Sync 1 DAGs
[2026-10-01T17:57:07.768+0000] {logging_mixin.py:190} INFO - [2026-10-01T17:57:07.768+0000] {dag.py:4180} INFO - Setting next_dagrun for my_dag to None, run_after=None
[2026-10-01T17:57:07.787+0000] {processor.py:208} INFO - Processing /opt/airflow/dags/my_tasks.py took 0.072 seconds
[2026-10-01T17:57:37.997+0000] {processor.py:186} INFO - Started process (PID=660) to work on /opt/airflow/dags/my_tasks.py
[2026-10-01T17:57:38.005+0000] {processor.py:914} INFO - Processing file /opt/airflow/dags/my_tasks.py for tasks to queue
[2026-10-01T17:57:38.006+0000] {logging_mixin.py:190} INFO - [2026-10-01T17:57:38.006+0000] {dagbag.py:588} INFO - Filling up the DagBag from /opt/airflow/dags/my_tasks.py
[2026-10-01T17:57:38.014+0000] {processor.py:925} INFO - DAG(s) 'my_dag' retrieved from /opt/airflow/dags/my_tasks.py
[2026-10-01T17:57:38.035+0000] {logging_mixin.py:190} INFO - [2026-10-01T17:57:38.035+0000] {dag.py:3239} INFO - Sync 1 DAGs
[2026-10-01T17:57:38.053+0000] {logging_mixin.py:190} INFO - [2026-10-01T17:57:38.053+0000] {dag.py:4180} INFO - Setting next_dagrun for my_dag to None, run_after=None
[2026-10-01T17:57:38.083+0000] {processor.py:208} INFO - Processing /opt/airflow/dags/my_tasks.py took 0.090 seconds
[2026-10-01T17:58:08.259+0000] {processor.py:186} INFO - Started process (PID=671) to work on /opt/airflow/dags/my_tasks.py
[2026-10-01T17:58:08.267+0000] {processor.py:914} INFO - Processing file /opt/airflow/dags/my_tasks.py for tasks to queue
[2026-10-01T17:58:08.270+0000] {logging_mixin.py:190} INFO - [2026-10-01T17:58:08.270+0000] {dagbag.py:588} INFO - Filling up the DagBag from /opt/airflow/dags/my_tasks.py
[2026-10-01T17:58:08.280+0000] {processor.py:925} INFO - DAG(s) 'my_dag' retrieved from /opt/airflow/dags/my_tasks.py
[2026-10-01T17:58:08.298+0000] {logging_mixin.py:190} INFO - [2026-10-01T17:58:08.298+0000] {dag.py:3239} INFO - Sync 1 DAGs
[2026-10-01T17:58:08.313+0000] {logging_mixin.py:190} INFO - [2026-10-01T17:58:08.313+0000] {dag.py:4180} INFO - Setting next_dagrun for my_dag to None, run_after=None
[2026-10-01T17:58:08.327+0000] {processor.py:208} INFO - Processing /opt/airflow/dags/my_tasks.py took 0.072 seconds
[2026-10-01T17:58:38.521+0000] {processor.py:186} INFO - Started process (PID=682) to work on /opt/airflow/dags/my_tasks.py
[2026-10-01T17:58:38.529+0000] {processor.py:914} INFO - Processing file /opt/airflow/dags/my_tasks.py for tasks to queue
[2026-10-01T17:58:38.531+0000] {logging_mixin.py:190} INFO - [2026-10-01T17:58:38.530+0000] {dagbag.py:588} INFO - Filling up the DagBag from /opt/airflow/dags/my_tasks.py
[2026-10-01T17:58:38.537+0000] {processor.py:925} INFO - DAG(s) 'my_dag' retrieved from /opt/airflow/dags/my_tasks.py
[2026-10-01T17:58:38.556+0000] {logging_mixin.py:190} INFO - [2026-10-01T17:58:38.555+0000] {dag.py:3239} INFO - Sync 1 DAGs
[2026-10-01T17:58:38.571+0000] {logging_mixin.py:190} INFO - [2026-10-01T17:58:38.571+0000] {dag.py:4180} INFO - Setting next_dagrun for my_dag to None, run_after=None
[2026-10-01T17:58:38.587+0000] {processor.py:208} INFO - Processing /opt/airflow/dags/my_tasks.py took 0.070 seconds
[2026-10-01T17:59:08.787+0000] {processor.py:186} INFO - Started process (PID=693) to work on /opt/airflow/dags/my_tasks.py
[2026-10-01T17:59:08.795+0000] {processor.py:914} INFO - Processing file /opt/airflow/dags/my_tasks.py for tasks to queue
[2026-10-01T17:59:08.796+0000] {logging_mixin.py:190} INFO - [2026-10-01T17:59:08.796+0000] {dagbag.py:588} INFO - Filling up the DagBag from /opt/airflow/dags/my_tasks.py
[2026-10-01T17:59:08.804+0000] {processor.py:925} INFO - DAG(s) 'my_dag' retrieved from /opt/airflow/dags/my_tasks.py
[2026-10-01T17:59:08.823+0000] {logging_mixin.py:190} INFO - [2026-10-01T17:59:08.823+0000] {dag.py:3239} INFO - Sync 1 DAGs
[2026-10-01T17:59:08.840+0000] {logging_mixin.py:190} INFO - [2026-10-01T17:59:08.840+0000] {dag.py:4180} INFO - Setting next_dagrun for my_dag to None, run_after=None
[2026-10-01T17:59:08.855+0000] {processor.py:208} INFO - Processing /opt/airflow/dags/my_tasks.py took 0.072 seconds
[2026-10-01T17:59:39.060+0000] {processor.py:186} INFO - Started process (PID=704) to work on /opt/airflow/dags/my_tasks.py
[2026-10-01T17:59:39.060+0000] {processor.py:914} INFO - Processing file /opt/airflow/dags/my_tasks.py for tasks to queue
[2026-10-01T17:59:39.062+0000] {logging_mixin.py:190} INFO - [2026-10-01T17:59:39.061+0000] {dagbag.py:588} INFO - Filling up the DagBag from /opt/airflow/dags/my_tasks.py
[2026-10-01T17:59:39.068+0000] {processor.py:925} INFO - DAG(s) 'my_dag' retrieved from /opt/airflow/dags/my_tasks.py
[2026-10-01T17:59:39.087+0000] {logging_mixin.py:190} INFO - [2026-10-01T17:59:39.087+0000] {dag.py:3239} INFO - Sync 1 DAGs
[2026-10-01T17:59:39.104+0000] {logging_mixin.py:190} INFO - [2026-10-01T17:59:39.104+0000] {dag.py:4180} INFO - Setting next_dagrun for my_dag to None, run_after=None
[2026-10-01T17:59:39.118+0000] {processor.py:208} INFO - Processing /opt/airflow/dags/my_tasks.py took 0.062 seconds
[2026-10-01T18:00:09.274+0000] {processor.py:186} INFO - Started process (PID=715) to work on /opt/airflow/dags/my_tasks.py
[2026-10-01T18:00:09.274+0000] {processor.py:914} INFO - Processing file /opt/airflow/dags/my_tasks.py for tasks to queue
[2026-10-01T18:00:09.276+0000] {logging_mixin.py:190} INFO - [2026-10-01T18:00:09.276+0000] {dagbag.py:588} INFO - Filling up the DagBag from /opt/airflow/dags/my_tasks.py
[2026-10-01T18:00:09.282+0000] {processor.py:925} INFO - DAG(s) 'my_dag' retrieved from /opt/airflow/dags/my_tasks.py
[2026-10-01T18:00:09.300+0000] {logging_mixin.py:190} INFO - [2026-10-01T18:00:09.300+0000] {dag.py:3239} INFO - Sync 1 DAGs
[2026-10-01T18:00:09.316+0000] {logging_mixin.py:190} INFO - [2026-10-01T18:00:09.315+0000] {dag.py:4180} INFO - Setting next_dagrun for my_dag to None, run_after=None
[2026-10-01T18:00:09.329+0000] {processor.py:208} INFO - Processing /opt/airflow/dags/my_tasks.py took 0.060 seconds
[2026-10-01T18:00:39.558+0000] {processor.py:186} INFO - Started process (PID=726) to work on /opt/airflow/dags/my_tasks.py
[2026-10-01T18:00:39.566+0000] {processor.py:914} INFO - Processing file /opt/airflow/dags/my_tasks.py for tasks to queue
[2026-10-01T18:00:39.568+0000] {logging_mixin.py:190} INFO - [2026-10-01T18:00:39.568+0000] {dagbag.py:588} INFO - Filling up the DagBag from /opt/airflow/dags/my_tasks.py
[2026-10-01T18:00:39.578+0000] {processor.py:925} INFO - DAG(s) 'my_dag' retrieved from /opt/airflow/dags/my_tasks.py
[2026-10-01T18:00:39.597+0000] {logging_mixin.py:190} INFO - [2026-10-01T18:00:39.597+0000] {dag.py:3239} INFO - Sync 1 DAGs
[2026-10-01T18:00:39.612+0000] {logging_mixin.py:190} INFO - [2026-10-01T18:00:39.612+0000] {dag.py:4180} INFO - Setting next_dagrun for my_dag to None, run_after=None
[2026-10-01T18:00:39.626+0000] {processor.py:208} INFO - Processing /opt/airflow/dags/my_tasks.py took 0.072 seconds
[2026-10-01T18:01:09.833+0000] {processor.py:186} INFO - Started process (PID=737) to work on /opt/airflow/dags/my_tasks.py
[2026-10-01T18:01:09.841+0000] {processor.py:914} INFO - Processing file /opt/airflow/dags/my_tasks.py for tasks to queue
[2026-10-01T18:01:09.843+0000] {logging_mixin.py:190} INFO - [2026-10-01T18:01:09.842+0000] {dagbag.py:588} INFO - Filling up the DagBag from /opt/airflow/dags/my_tasks.py
[2026-10-01T18:01:09.853+0000] {processor.py:925} INFO - DAG(s) 'my_dag' retrieved from /opt/airflow/dags/my_tasks.py
[2026-10-01T18:01:09.871+0000] {logging_mixin.py:190} INFO - [2026-10-01T18:01:09.871+0000] {dag.py:3239} INFO - Sync 1 DAGs
[2026-10-01T18:01:09.887+0000] {logging_mixin.py:190} INFO - [2026-10-01T18:01:09.887+0000] {dag.py:4180} INFO - Setting next_dagrun for my_dag to None, run_after=None
[2026-10-01T18:01:09.901+0000] {processor.py:208} INFO - Processing /opt/airflow/dags/my_tasks.py took 0.072 seconds
[2026-10-01T18:01:40.103+0000] {processor.py:186} INFO - Started process (PID=748) to work on /opt/airflow/dags/my_tasks.py
[2026-10-01T18:01:40.111+0000] {processor.py:914} INFO - Processing file /opt/airflow/dags/my_tasks.py for tasks to queue
[2026-10-01T18:01:40.115+0000] {logging_mixin.py:190} INFO - [2026-10-01T18:01:40.115+0000] {dagbag.py:588} INFO - Filling up the DagBag from /opt/airflow/dags/my_tasks.py
[2026-10-01T18:01:40.124+0000] {processor.py:925} INFO - DAG(s) 'my_dag' retrieved from /opt/airflow/dags/my_tasks.py
[2026-10-01T18:01:40.142+0000] {logging_mixin.py:190} INFO - [2026-10-01T18:01:40.142+0000] {dag.py:3239} INFO - Sync 1 DAGs
[2026-10-01T18:01:40.158+0000] {logging_mixin.py:190} INFO - [2026-10-01T18:01:40.158+0000] {dag.py:4180} INFO - Setting next_dagrun for my_dag to None, run_after=None
[2026-10-01T18:01:40.172+0000] {processor.py:208} INFO - Processing /opt/airflow/dags/my_tasks.py took 0.073 seconds
[2026-10-01T18:02:10.366+0000] {processor.py:186} INFO - Started process (PID=759) to work on /opt/airflow/dags/my_tasks.py
[2026-10-01T18:02:10.374+0000] {processor.py:914} INFO - Processing file /opt/airflow/dags/my_tasks.py for tasks to queue
[2026-10-01T18:02:10.376+0000] {logging_mixin.py:190} INFO - [2026-10-01T18:02:10.376+0000] {dagbag.py:588} INFO - Filling up the DagBag from /opt/airflow/dags/my_tasks.py
[2026-10-01T18:02:10.386+0000] {processor.py:925} INFO - DAG(s) 'my_dag' retrieved from /opt/airflow/dags/my_tasks.py
[2026-10-01T18:02:10.404+0000] {logging_mixin.py:190} INFO - [2026-10-01T18:02:10.404+0000] {dag.py:3239} INFO - Sync 1 DAGs
[2026-10-01T18:02:10.421+0000] {logging_mixin.py:190} INFO - [2026-10-01T18:02:10.421+0000] {dag.py:4180} INFO - Setting next_dagrun for my_dag to None, run_after=None
[2026-10-01T18:02:10.433+0000] {processor.py:208} INFO - Processing /opt/airflow/dags/my_tasks.py took 0.072 seconds
[2026-10-01T18:02:40.631+0000] {processor.py:186} INFO - Started process (PID=770) to work on /opt/airflow/dags/my_tasks.py
[2026-10-01T18:02:40.633+0000] {processor.py:914} INFO - Processing file /opt/airflow/dags/my_tasks.py for tasks to queue
[2026-10-01T18:02:40.635+0000] {logging_mixin.py:190} INFO - [2026-10-01T18:02:40.634+0000] {dagbag.py:588} INFO - Filling up the DagBag from /opt/airflow/dags/my_tasks.py
[2026-10-01T18:02:40.643+0000] {processor.py:925} INFO - DAG(s) 'my_dag' retrieved from /opt/airflow/dags/my_tasks.py
[2026-10-01T18:02:40.663+0000] {logging_mixin.py:190} INFO - [2026-10-01T18:02:40.662+0000] {dag.py:3239} INFO - Sync 1 DAGs
[2026-10-01T18:02:40.679+0000] {logging_mixin.py:190} INFO - [2026-10-01T18:02:40.679+0000] {dag.py:4180} INFO - Setting next_dagrun for my_dag to None, run_after=None
[2026-10-01T18:02:40.694+0000] {processor.py:208} INFO - Processing /opt/airflow/dags/my_tasks.py took 0.066 seconds
[2026-10-01T18:03:10.892+0000] {processor.py:186} INFO - Started process (PID=781) to work on /opt/airflow/dags/my_tasks.py
[2026-10-01T18:03:10.900+0000] {processor.py:914} INFO - Processing file /opt/airflow/dags/my_tasks.py for tasks to queue
[2026-10-01T18:03:10.902+0000] {logging_mixin.py:190} INFO - [2026-10-01T18:03:10.901+0000] {dagbag.py:588} INFO - Filling up the DagBag from /opt/airflow/dags/my_tasks.py
[2026-10-01T18:03:10.911+0000] {processor.py:925} INFO - DAG(s) 'my_dag' retrieved from /opt/airflow/dags/my_tasks.py
[2026-10-01T18:03:10.935+0000] {logging_mixin.py:190} INFO - [2026-10-01T18:03:10.935+0000] {dag.py:3239} INFO - Sync 1 DAGs
[2026-10-01T18:03:10.952+0000] {logging_mixin.py:190} INFO - [2026-10-01T18:03:10.952+0000] {dag.py:4180} INFO - Setting next_dagrun for my_dag to None, run_after=None
[2026-10-01T18:03:10.968+0000] {processor.py:208} INFO - Processing /opt/airflow/dags/my_tasks.py took 0.080 seconds
[2026-10-01T18:03:41.170+0000] {processor.py:186} INFO - Started process (PID=792) to work on /opt/airflow/dags/my_tasks.py
[2026-10-01T18:03:41.171+0000] {processor.py:914} INFO - Processing file /opt/airflow/dags/my_tasks.py for tasks to queue
[2026-10-01T18:03:41.173+0000] {logging_mixin.py:190} INFO - [2026-10-01T18:03:41.173+0000] {dagbag.py:588} INFO - Filling up the DagBag from /opt/airflow/dags/my_tasks.py
[2026-10-01T18:03:41.180+0000] {processor.py:925} INFO - DAG(s) 'my_dag' retrieved from /opt/airflow/dags/my_tasks.py
[2026-10-01T18:03:41.199+0000] {logging_mixin.py:190} INFO - [2026-10-01T18:03:41.199+0000] {dag.py:3239} INFO - Sync 1 DAGs
[2026-10-01T18:03:41.216+0000] {logging_mixin.py:190} INFO - [2026-10-01T18:03:41.215+0000] {dag.py:4180} INFO - Setting next_dagrun for my_dag to None, run_after=None
[2026-10-01T18:03:41.232+0000] {processor.py:208} INFO - Processing /opt/airflow/dags/my_tasks.py took 0.066 seconds
[2026-10-01T18:04:11.456+0000] {processor.py:186} INFO - Started process (PID=803) to work on /opt/airflow/dags/my_tasks.py
[2026-10-01T18:04:11.457+0000] {processor.py:914} INFO - Processing file /opt/airflow/dags/my_tasks.py for tasks to queue
[2026-10-01T18:04:11.459+0000] {logging_mixin.py:190} INFO - [2026-10-01T18:04:11.459+0000] {dagbag.py:588} INFO - Filling up the DagBag from /opt/airflow/dags/my_tasks.py
[2026-10-01T18:04:11.466+0000] {processor.py:925} INFO - DAG(s) 'my_dag' retrieved from /opt/airflow/dags/my_tasks.py
[2026-10-01T18:04:11.486+0000] {logging_mixin.py:190} INFO - [2026-10-01T18:04:11.485+0000] {dag.py:3239} INFO - Sync 1 DAGs
[2026-10-01T18:04:11.502+0000] {logging_mixin.py:190} INFO - [2026-10-01T18:04:11.502+0000] {dag.py:4180} INFO - Setting next_dagrun for my_dag to None, run_after=None
[2026-10-01T18:04:11.517+0000] {processor.py:208} INFO - Processing /opt/airflow/dags/my_tasks.py took 0.067 seconds
[2026-10-01T18:04:41.711+0000] {processor.py:186} INFO - Started process (PID=814) to work on /opt/airflow/dags/my_tasks.py
[2026-10-01T18:04:41.712+0000] {processor.py:914} INFO - Processing file /opt/airflow/dags/my_tasks.py for tasks to queue
[2026-10-01T18:04:41.713+0000] {logging_mixin.py:190} INFO - [2026-10-01T18:04:41.713+0000] {dagbag.py:588} INFO - Filling up the DagBag from /opt/airflow/dags/my_tasks.py
[2026-10-01T18:04:41.724+0000] {processor.py:925} INFO - DAG(s) 'my_dag' retrieved from /opt/airflow/dags/my_tasks.py
[2026-10-01T18:04:41.749+0000] {logging_mixin.py:190} INFO - [2026-10-01T18:04:41.748+0000] {dag.py:3239} INFO - Sync 1 DAGs
[2026-10-01T18:04:41.770+0000] {logging_mixin.py:190} INFO - [2026-10-01T18:04:41.770+0000] {dag.py:4180} INFO - Setting next_dagrun for my_dag to None, run_after=None
[2026-10-01T18:04:41.788+0000] {processor.py:208} INFO - Processing /opt/airflow/dags/my_tasks.py took 0.081 seconds
[2026-10-01T18:05:11.953+0000] {processor.py:186} INFO - Started process (PID=825) to work on /opt/airflow/dags/my_tasks.py
[2026-10-01T18:05:11.954+0000] {processor.py:914} INFO - Processing file /opt/airflow/dags/my_tasks.py for tasks to queue
[2026-10-01T18:05:11.955+0000] {logging_mixin.py:190} INFO - [2026-10-01T18:05:11.955+0000] {dagbag.py:588} INFO - Filling up the DagBag from /opt/airflow/dags/my_tasks.py
[2026-10-01T18:05:11.962+0000] {processor.py:925} INFO - DAG(s) 'my_dag' retrieved from /opt/airflow/dags/my_tasks.py
[2026-10-01T18:05:11.981+0000] {logging_mixin.py:190} INFO - [2026-10-01T18:05:11.981+0000] {dag.py:3239} INFO - Sync 1 DAGs
[2026-10-01T18:05:11.997+0000] {logging_mixin.py:190} INFO - [2026-10-01T18:05:11.997+0000] {dag.py:4180} INFO - Setting next_dagrun for my_dag to None, run_after=None
[2026-10-01T18:05:12.012+0000] {processor.py:208} INFO - Processing /opt/airflow/dags/my_tasks.py took 0.065 seconds
[2026-10-01T18:05:42.217+0000] {processor.py:186} INFO - Started process (PID=836) to work on /opt/airflow/dags/my_tasks.py
[2026-10-01T18:05:42.217+0000] {processor.py:914} INFO - Processing file /opt/airflow/dags/my_tasks.py for tasks to queue
[2026-10-01T18:05:42.219+0000] {logging_mixin.py:190} INFO - [2026-10-01T18:05:42.219+0000] {dagbag.py:588} INFO - Filling up the DagBag from /opt/airflow/dags/my_tasks.py
[2026-10-01T18:05:42.226+0000] {processor.py:925} INFO - DAG(s) 'my_dag' retrieved from /opt/airflow/dags/my_tasks.py
[2026-10-01T18:05:42.244+0000] {logging_mixin.py:190} INFO - [2026-10-01T18:05:42.244+0000] {dag.py:3239} INFO - Sync 1 DAGs
[2026-10-01T18:05:42.261+0000] {logging_mixin.py:190} INFO - [2026-10-01T18:05:42.260+0000] {dag.py:4180} INFO - Setting next_dagrun for my_dag to None, run_after=None
[2026-10-01T18:05:42.276+0000] {processor.py:208} INFO - Processing /opt/airflow/dags/my_tasks.py took 0.064 seconds
[2026-10-01T18:06:12.467+0000] {processor.py:186} INFO - Started process (PID=847) to work on /opt/airflow/dags/my_tasks.py
[2026-10-01T18:06:12.475+0000] {processor.py:914} INFO - Processing file /opt/airflow/dags/my_tasks.py for tasks to queue
[2026-10-01T18:06:12.477+0000] {logging_mixin.py:190} INFO - [2026-10-01T18:06:12.477+0000] {dagbag.py:588} INFO - Filling up the DagBag from /opt/airflow/dags/my_tasks.py
[2026-10-01T18:06:12.485+0000] {processor.py:925} INFO - DAG(s) 'my_dag' retrieved from /opt/airflow/dags/my_tasks.py
[2026-10-01T18:06:12.505+0000] {logging_mixin.py:190} INFO - [2026-10-01T18:06:12.504+0000] {dag.py:3239} INFO - Sync 1 DAGs
[2026-10-01T18:06:12.522+0000] {logging_mixin.py:190} INFO - [2026-10-01T18:06:12.522+0000] {dag.py:4180} INFO - Setting next_dagrun for my_dag to None, run_after=None
[2026-10-01T18:06:12.537+0000] {processor.py:208} INFO - Processing /opt/airflow/dags/my_tasks.py took 0.074 seconds
[2026-10-01T18:06:42.746+0000] {processor.py:186} INFO - Started process (PID=858) to work on /opt/airflow/dags/my_tasks.py
[2026-10-01T18:06:42.747+0000] {processor.py:914} INFO - Processing file /opt/airflow/dags/my_tasks.py for tasks to queue
[2026-10-01T18:06:42.748+0000] {logging_mixin.py:190} INFO - [2026-10-01T18:06:42.748+0000] {dagbag.py:588} INFO - Filling up the DagBag from /opt/airflow/dags/my_tasks.py
[2026-10-01T18:06:42.755+0000] {processor.py:925} INFO - DAG(s) 'my_dag' retrieved from /opt/airflow/dags/my_tasks.py
[2026-10-01T18:06:42.773+0000] {logging_mixin.py:190} INFO - [2026-10-01T18:06:42.772+0000] {dag.py:3239} INFO - Sync 1 DAGs
[2026-10-01T18:06:42.789+0000] {logging_mixin.py:190} INFO - [2026-10-01T18:06:42.789+0000] {dag.py:4180} INFO - Setting next_dagrun for my_dag to None, run_after=None
[2026-10-01T18:06:42.803+0000] {processor.py:208} INFO - Processing /opt/airflow/dags/my_tasks.py took 0.061 seconds
[2026-10-01T18:07:13.004+0000] {processor.py:186} INFO - Started process (PID=869) to work on /opt/airflow/dags/my_tasks.py
[2026-10-01T18:07:13.014+0000] {processor.py:914} INFO - Processing file /opt/airflow/dags/my_tasks.py for tasks to queue
[2026-10-01T18:07:13.017+0000] {logging_mixin.py:190} INFO - [2026-10-01T18:07:13.016+0000] {dagbag.py:588} INFO - Filling up the DagBag from /opt/airflow/dags/my_tasks.py
[2026-10-01T18:07:13.033+0000] {processor.py:925} INFO - DAG(s) 'my_dag' retrieved from /opt/airflow/dags/my_tasks.py
[2026-10-01T18:07:13.063+0000] {logging_mixin.py:190} INFO - [2026-10-01T18:07:13.062+0000] {dag.py:3239} INFO - Sync 1 DAGs
[2026-10-01T18:07:13.085+0000] {logging_mixin.py:190} INFO - [2026-10-01T18:07:13.085+0000] {dag.py:4180} INFO - Setting next_dagrun for my_dag to None, run_after=None
[2026-10-01T18:07:13.101+0000] {processor.py:208} INFO - Processing /opt/airflow/dags/my_tasks.py took 0.102 seconds
[2026-10-01T18:07:43.262+0000] {processor.py:186} INFO - Started process (PID=880) to work on /opt/airflow/dags/my_tasks.py
[2026-10-01T18:07:43.262+0000] {processor.py:914} INFO - Processing file /opt/airflow/dags/my_tasks.py for tasks to queue
[2026-10-01T18:07:43.264+0000] {logging_mixin.py:190} INFO - [2026-10-01T18:07:43.264+0000] {dagbag.py:588} INFO - Filling up the DagBag from /opt/airflow/dags/my_tasks.py
[2026-10-01T18:07:43.271+0000] {processor.py:925} INFO - DAG(s) 'my_dag' retrieved from /opt/airflow/dags/my_tasks.py
[2026-10-01T18:07:43.290+0000] {logging_mixin.py:190} INFO - [2026-10-01T18:07:43.290+0000] {dag.py:3239} INFO - Sync 1 DAGs
[2026-10-01T18:07:43.307+0000] {logging_mixin.py:190} INFO - [2026-10-01T18:07:43.307+0000] {dag.py:4180} INFO - Setting next_dagrun for my_dag to None, run_after=None
[2026-10-01T18:07:43.323+0000] {processor.py:208} INFO - Processing /opt/airflow/dags/my_tasks.py took 0.065 seconds
[2026-10-01T18:08:13.523+0000] {processor.py:186} INFO - Started process (PID=891) to work on /opt/airflow/dags/my_tasks.py
[2026-10-01T18:08:13.531+0000] {processor.py:914} INFO - Processing file /opt/airflow/dags/my_tasks.py for tasks to queue
[2026-10-01T18:08:13.533+0000] {logging_mixin.py:190} INFO - [2026-10-01T18:08:13.533+0000] {dagbag.py:588} INFO - Filling up the DagBag from /opt/airflow/dags/my_tasks.py
[2026-10-01T18:08:13.544+0000] {processor.py:925} INFO - DAG(s) 'my_dag' retrieved from /opt/airflow/dags/my_tasks.py
[2026-10-01T18:08:13.562+0000] {logging_mixin.py:190} INFO - [2026-10-01T18:08:13.562+0000] {dag.py:3239} INFO - Sync 1 DAGs
[2026-10-01T18:08:13.580+0000] {logging_mixin.py:190} INFO - [2026-10-01T18:08:13.580+0000] {dag.py:4180} INFO - Setting next_dagrun for my_dag to None, run_after=None
[2026-10-01T18:08:13.594+0000] {processor.py:208} INFO - Processing /opt/airflow/dags/my_tasks.py took 0.075 seconds
[2026-10-01T18:08:43.752+0000] {processor.py:186} INFO - Started process (PID=902) to work on /opt/airflow/dags/my_tasks.py
[2026-10-01T18:08:43.752+0000] {processor.py:914} INFO - Processing file /opt/airflow/dags/my_tasks.py for tasks to queue
[2026-10-01T18:08:43.754+0000] {logging_mixin.py:190} INFO - [2026-10-01T18:08:43.754+0000] {dagbag.py:588} INFO - Filling up the DagBag from /opt/airflow/dags/my_tasks.py
[2026-10-01T18:08:43.763+0000] {processor.py:925} INFO - DAG(s) 'my_dag' retrieved from /opt/airflow/dags/my_tasks.py
[2026-10-01T18:08:43.784+0000] {logging_mixin.py:190} INFO - [2026-10-01T18:08:43.784+0000] {dag.py:3239} INFO - Sync 1 DAGs
[2026-10-01T18:08:43.802+0000] {logging_mixin.py:190} INFO - [2026-10-01T18:08:43.802+0000] {dag.py:4180} INFO - Setting next_dagrun for my_dag to None, run_after=None
[2026-10-01T18:08:43.819+0000] {processor.py:208} INFO - Processing /opt/airflow/dags/my_tasks.py took 0.072 seconds
[2026-10-01T18:09:14.010+0000] {processor.py:186} INFO - Started process (PID=913) to work on /opt/airflow/dags/my_tasks.py
[2026-10-01T18:09:14.018+0000] {processor.py:914} INFO - Processing file /opt/airflow/dags/my_tasks.py for tasks to queue
[2026-10-01T18:09:14.021+0000] {logging_mixin.py:190} INFO - [2026-10-01T18:09:14.021+0000] {dagbag.py:588} INFO - Filling up the DagBag from /opt/airflow/dags/my_tasks.py
[2026-10-01T18:09:14.029+0000] {processor.py:925} INFO - DAG(s) 'my_dag' retrieved from /opt/airflow/dags/my_tasks.py
[2026-10-01T18:09:14.047+0000] {logging_mixin.py:190} INFO - [2026-10-01T18:09:14.047+0000] {dag.py:3239} INFO - Sync 1 DAGs
[2026-10-01T18:09:14.063+0000] {logging_mixin.py:190} INFO - [2026-10-01T18:09:14.062+0000] {dag.py:4180} INFO - Setting next_dagrun for my_dag to None, run_after=None
[2026-10-01T18:09:14.076+0000] {processor.py:208} INFO - Processing /opt/airflow/dags/my_tasks.py took 0.071 seconds
[2026-10-01T18:09:44.266+0000] {processor.py:186} INFO - Started process (PID=924) to work on /opt/airflow/dags/my_tasks.py
[2026-10-01T18:09:44.266+0000] {processor.py:914} INFO - Processing file /opt/airflow/dags/my_tasks.py for tasks to queue
[2026-10-01T18:09:44.268+0000] {logging_mixin.py:190} INFO - [2026-10-01T18:09:44.268+0000] {dagbag.py:588} INFO - Filling up the DagBag from /opt/airflow/dags/my_tasks.py
[2026-10-01T18:09:44.275+0000] {processor.py:925} INFO - DAG(s) 'my_dag' retrieved from /opt/airflow/dags/my_tasks.py
[2026-10-01T18:09:44.296+0000] {logging_mixin.py:190} INFO - [2026-10-01T18:09:44.296+0000] {dag.py:3239} INFO - Sync 1 DAGs
[2026-10-01T18:09:44.312+0000] {logging_mixin.py:190} INFO - [2026-10-01T18:09:44.312+0000] {dag.py:4180} INFO - Setting next_dagrun for my_dag to None, run_after=None
[2026-10-01T18:09:44.326+0000] {processor.py:208} INFO - Processing /opt/airflow/dags/my_tasks.py took 0.065 seconds
[2026-10-01T18:10:14.516+0000] {processor.py:186} INFO - Started process (PID=935) to work on /opt/airflow/dags/my_tasks.py
[2026-10-01T18:10:14.524+0000] {processor.py:914} INFO - Processing file /opt/airflow/dags/my_tasks.py for tasks to queue
[2026-10-01T18:10:14.526+0000] {logging_mixin.py:190} INFO - [2026-10-01T18:10:14.526+0000] {dagbag.py:588} INFO - Filling up the DagBag from /opt/airflow/dags/my_tasks.py
[2026-10-01T18:10:14.533+0000] {processor.py:925} INFO - DAG(s) 'my_dag' retrieved from /opt/airflow/dags/my_tasks.py
[2026-10-01T18:10:14.554+0000] {logging_mixin.py:190} INFO - [2026-10-01T18:10:14.553+0000] {dag.py:3239} INFO - Sync 1 DAGs
[2026-10-01T18:10:14.571+0000] {logging_mixin.py:190} INFO - [2026-10-01T18:10:14.570+0000] {dag.py:4180} INFO - Setting next_dagrun for my_dag to None, run_after=None
[2026-10-01T18:10:14.586+0000] {processor.py:208} INFO - Processing /opt/airflow/dags/my_tasks.py took 0.074 seconds
[2026-10-01T18:10:44.783+0000] {processor.py:186} INFO - Started process (PID=946) to work on /opt/airflow/dags/my_tasks.py
[2026-10-01T18:10:44.783+0000] {processor.py:914} INFO - Processing file /opt/airflow/dags/my_tasks.py for tasks to queue
[2026-10-01T18:10:44.785+0000] {logging_mixin.py:190} INFO - [2026-10-01T18:10:44.785+0000] {dagbag.py:588} INFO - Filling up the DagBag from /opt/airflow/dags/my_tasks.py
[2026-10-01T18:10:44.792+0000] {processor.py:925} INFO - DAG(s) 'my_dag' retrieved from /opt/airflow/dags/my_tasks.py
[2026-10-01T18:10:44.809+0000] {logging_mixin.py:190} INFO - [2026-10-01T18:10:44.809+0000] {dag.py:3239} INFO - Sync 1 DAGs
[2026-10-01T18:10:44.824+0000] {logging_mixin.py:190} INFO - [2026-10-01T18:10:44.824+0000] {dag.py:4180} INFO - Setting next_dagrun for my_dag to None, run_after=None
[2026-10-01T18:10:44.838+0000] {processor.py:208} INFO - Processing /opt/airflow/dags/my_tasks.py took 0.059 seconds
[2026-10-01T18:11:15.054+0000] {processor.py:186} INFO - Started process (PID=957) to work on /opt/airflow/dags/my_tasks.py
[2026-10-01T18:11:15.062+0000] {processor.py:914} INFO - Processing file /opt/airflow/dags/my_tasks.py for tasks to queue
[2026-10-01T18:11:15.065+0000] {logging_mixin.py:190} INFO - [2026-10-01T18:11:15.064+0000] {dagbag.py:588} INFO - Filling up the DagBag from /opt/airflow/dags/my_tasks.py
[2026-10-01T18:11:15.074+0000] {processor.py:925} INFO - DAG(s) 'my_dag' retrieved from /opt/airflow/dags/my_tasks.py
[2026-10-01T18:11:15.092+0000] {logging_mixin.py:190} INFO - [2026-10-01T18:11:15.092+0000] {dag.py:3239} INFO - Sync 1 DAGs
[2026-10-01T18:11:15.108+0000] {logging_mixin.py:190} INFO - [2026-10-01T18:11:15.108+0000] {dag.py:4180} INFO - Setting next_dagrun for my_dag to None, run_after=None
[2026-10-01T18:11:15.122+0000] {processor.py:208} INFO - Processing /opt/airflow/dags/my_tasks.py took 0.072 seconds
[2026-10-01T18:11:45.325+0000] {processor.py:186} INFO - Started process (PID=968) to work on /opt/airflow/dags/my_tasks.py
[2026-10-01T18:11:45.325+0000] {processor.py:914} INFO - Processing file /opt/airflow/dags/my_tasks.py for tasks to queue
[2026-10-01T18:11:45.327+0000] {logging_mixin.py:190} INFO - [2026-10-01T18:11:45.326+0000] {dagbag.py:588} INFO - Filling up the DagBag from /opt/airflow/dags/my_tasks.py
[2026-10-01T18:11:45.333+0000] {processor.py:925} INFO - DAG(s) 'my_dag' retrieved from /opt/airflow/dags/my_tasks.py
[2026-10-01T18:11:45.351+0000] {logging_mixin.py:190} INFO - [2026-10-01T18:11:45.350+0000] {dag.py:3239} INFO - Sync 1 DAGs
[2026-10-01T18:11:45.366+0000] {logging_mixin.py:190} INFO - [2026-10-01T18:11:45.366+0000] {dag.py:4180} INFO - Setting next_dagrun for my_dag to None, run_after=None
[2026-10-01T18:11:45.380+0000] {processor.py:208} INFO - Processing /opt/airflow/dags/my_tasks.py took 0.060 seconds
[2026-10-01T18:12:15.580+0000] {processor.py:186} INFO - Started process (PID=979) to work on /opt/airflow/dags/my_tasks.py
[2026-10-01T18:12:15.588+0000] {processor.py:914} INFO - Processing file /opt/airflow/dags/my_tasks.py for tasks to queue
[2026-10-01T18:12:15.591+0000] {logging_mixin.py:190} INFO - [2026-10-01T18:12:15.590+0000] {dagbag.py:588} INFO - Filling up the DagBag from /opt/airflow/dags/my_tasks.py
[2026-10-01T18:12:15.599+0000] {processor.py:925} INFO - DAG(s) 'my_dag' retrieved from /opt/airflow/dags/my_tasks.py
[2026-10-01T18:12:15.617+0000] {logging_mixin.py:190} INFO - [2026-10-01T18:12:15.617+0000] {dag.py:3239} INFO - Sync 1 DAGs
[2026-10-01T18:12:15.634+0000] {logging_mixin.py:190} INFO - [2026-10-01T18:12:15.634+0000] {dag.py:4180} INFO - Setting next_dagrun for my_dag to None, run_after=None
[2026-10-01T18:12:15.648+0000] {processor.py:208} INFO - Processing /opt/airflow/dags/my_tasks.py took 0.073 seconds
[2026-10-01T18:12:45.848+0000] {processor.py:186} INFO - Started process (PID=990) to work on /opt/airflow/dags/my_tasks.py
[2026-10-01T18:12:45.848+0000] {processor.py:914} INFO - Processing file /opt/airflow/dags/my_tasks.py for tasks to queue
[2026-10-01T18:12:45.850+0000] {logging_mixin.py:190} INFO - [2026-10-01T18:12:45.850+0000] {dagbag.py:588} INFO - Filling up the DagBag from /opt/airflow/dags/my_tasks.py
[2026-10-01T18:12:45.857+0000] {processor.py:925} INFO - DAG(s) 'my_dag' retrieved from /opt/airflow/dags/my_tasks.py
[2026-10-01T18:12:45.874+0000] {logging_mixin.py:190} INFO - [2026-10-01T18:12:45.874+0000] {dag.py:3239} INFO - Sync 1 DAGs
[2026-10-01T18:12:45.890+0000] {logging_mixin.py:190} INFO - [2026-10-01T18:12:45.890+0000] {dag.py:4180} INFO - Setting next_dagrun for my_dag to None, run_after=None
[2026-10-01T18:12:45.904+0000] {processor.py:208} INFO - Processing /opt/airflow/dags/my_tasks.py took 0.061 seconds
[2026-10-01T18:13:16.105+0000] {processor.py:186} INFO - Started process (PID=1001) to work on /opt/airflow/dags/my_tasks.py
[2026-10-01T18:13:16.106+0000] {processor.py:914} INFO - Processing file /opt/airflow/dags/my_tasks.py for tasks to queue
[2026-10-01T18:13:16.107+0000] {logging_mixin.py:190} INFO - [2026-10-01T18:13:16.107+0000] {dagbag.py:588} INFO - Filling up the DagBag from /opt/airflow/dags/my_tasks.py
[2026-10-01T18:13:16.114+0000] {processor.py:925} INFO - DAG(s) 'my_dag' retrieved from /opt/airflow/dags/my_tasks.py
[2026-10-01T18:13:16.131+0000] {logging_mixin.py:190} INFO - [2026-10-01T18:13:16.131+0000] {dag.py:3239} INFO - Sync 1 DAGs
[2026-10-01T18:13:16.147+0000] {logging_mixin.py:190} INFO - [2026-10-01T18:13:16.147+0000] {dag.py:4180} INFO - Setting next_dagrun for my_dag to None, run_after=None
[2026-10-01T18:13:16.161+0000] {processor.py:208} INFO - Processing /opt/airflow/dags/my_tasks.py took 0.060 seconds
[2026-10-01T18:13:46.365+0000] {processor.py:186} INFO - Started process (PID=1012) to work on /opt/airflow/dags/my_tasks.py
[2026-10-01T18:13:46.366+0000] {processor.py:914} INFO - Processing file /opt/airflow/dags/my_tasks.py for tasks to queue
[2026-10-01T18:13:46.367+0000] {logging_mixin.py:190} INFO - [2026-10-01T18:13:46.367+0000] {dagbag.py:588} INFO - Filling up the DagBag from /opt/airflow/dags/my_tasks.py
[2026-10-01T18:13:46.374+0000] {processor.py:925} INFO - DAG(s) 'my_dag' retrieved from /opt/airflow/dags/my_tasks.py
[2026-10-01T18:13:46.391+0000] {logging_mixin.py:190} INFO - [2026-10-01T18:13:46.391+0000] {dag.py:3239} INFO - Sync 1 DAGs
[2026-10-01T18:13:46.407+0000] {logging_mixin.py:190} INFO - [2026-10-01T18:13:46.407+0000] {dag.py:4180} INFO - Setting next_dagrun for my_dag to None, run_after=None
[2026-10-01T18:13:46.421+0000] {processor.py:208} INFO - Processing /opt/airflow/dags/my_tasks.py took 0.060 seconds
[2026-10-01T18:14:16.612+0000] {processor.py:186} INFO - Started process (PID=1023) to work on /opt/airflow/dags/my_tasks.py
[2026-10-01T18:14:16.620+0000] {processor.py:914} INFO - Processing file /opt/airflow/dags/my_tasks.py for tasks to queue
[2026-10-01T18:14:16.622+0000] {logging_mixin.py:190} INFO - [2026-10-01T18:14:16.622+0000] {dagbag.py:588} INFO - Filling up the DagBag from /opt/airflow/dags/my_tasks.py
[2026-10-01T18:14:16.628+0000] {processor.py:925} INFO - DAG(s) 'my_dag' retrieved from /opt/airflow/dags/my_tasks.py
[2026-10-01T18:14:16.653+0000] {logging_mixin.py:190} INFO - [2026-10-01T18:14:16.652+0000] {dag.py:3239} INFO - Sync 1 DAGs
[2026-10-01T18:14:16.672+0000] {logging_mixin.py:190} INFO - [2026-10-01T18:14:16.672+0000] {dag.py:4180} INFO - Setting next_dagrun for my_dag to None, run_after=None
[2026-10-01T18:14:16.689+0000] {processor.py:208} INFO - Processing /opt/airflow/dags/my_tasks.py took 0.080 seconds
[2026-10-01T18:14:46.847+0000] {processor.py:186} INFO - Started process (PID=1034) to work on /opt/airflow/dags/my_tasks.py
[2026-10-01T18:14:46.848+0000] {processor.py:914} INFO - Processing file /opt/airflow/dags/my_tasks.py for tasks to queue
[2026-10-01T18:14:46.852+0000] {logging_mixin.py:190} INFO - [2026-10-01T18:14:46.852+0000] {dagbag.py:588} INFO - Filling up the DagBag from /opt/airflow/dags/my_tasks.py
[2026-10-01T18:14:46.859+0000] {processor.py:925} INFO - DAG(s) 'my_dag' retrieved from /opt/airflow/dags/my_tasks.py
[2026-10-01T18:14:46.879+0000] {logging_mixin.py:190} INFO - [2026-10-01T18:14:46.879+0000] {dag.py:3239} INFO - Sync 1 DAGs
[2026-10-01T18:14:46.899+0000] {logging_mixin.py:190} INFO - [2026-10-01T18:14:46.898+0000] {dag.py:4180} INFO - Setting next_dagrun for my_dag to None, run_after=None
[2026-10-01T18:14:46.919+0000] {processor.py:208} INFO - Processing /opt/airflow/dags/my_tasks.py took 0.076 seconds
[2026-10-01T18:15:17.131+0000] {processor.py:186} INFO - Started process (PID=1045) to work on /opt/airflow/dags/my_tasks.py
[2026-10-01T18:15:17.140+0000] {processor.py:914} INFO - Processing file /opt/airflow/dags/my_tasks.py for tasks to queue
[2026-10-01T18:15:17.144+0000] {logging_mixin.py:190} INFO - [2026-10-01T18:15:17.143+0000] {dagbag.py:588} INFO - Filling up the DagBag from /opt/airflow/dags/my_tasks.py
[2026-10-01T18:15:17.154+0000] {processor.py:925} INFO - DAG(s) 'my_dag' retrieved from /opt/airflow/dags/my_tasks.py
[2026-10-01T18:15:17.172+0000] {logging_mixin.py:190} INFO - [2026-10-01T18:15:17.172+0000] {dag.py:3239} INFO - Sync 1 DAGs
[2026-10-01T18:15:17.187+0000] {logging_mixin.py:190} INFO - [2026-10-01T18:15:17.187+0000] {dag.py:4180} INFO - Setting next_dagrun for my_dag to None, run_after=None
[2026-10-01T18:15:17.201+0000] {processor.py:208} INFO - Processing /opt/airflow/dags/my_tasks.py took 0.075 seconds
[2026-10-01T18:15:47.402+0000] {processor.py:186} INFO - Started process (PID=1056) to work on /opt/airflow/dags/my_tasks.py
[2026-10-01T18:15:47.403+0000] {processor.py:914} INFO - Processing file /opt/airflow/dags/my_tasks.py for tasks to queue
[2026-10-01T18:15:47.404+0000] {logging_mixin.py:190} INFO - [2026-10-01T18:15:47.404+0000] {dagbag.py:588} INFO - Filling up the DagBag from /opt/airflow/dags/my_tasks.py
[2026-10-01T18:15:47.411+0000] {processor.py:925} INFO - DAG(s) 'my_dag' retrieved from /opt/airflow/dags/my_tasks.py
[2026-10-01T18:15:47.431+0000] {logging_mixin.py:190} INFO - [2026-10-01T18:15:47.431+0000] {dag.py:3239} INFO - Sync 1 DAGs
[2026-10-01T18:15:47.447+0000] {logging_mixin.py:190} INFO - [2026-10-01T18:15:47.447+0000] {dag.py:4180} INFO - Setting next_dagrun for my_dag to None, run_after=None
[2026-10-01T18:15:47.466+0000] {processor.py:208} INFO - Processing /opt/airflow/dags/my_tasks.py took 0.068 seconds
[2026-10-01T18:16:17.678+0000] {processor.py:186} INFO - Started process (PID=1067) to work on /opt/airflow/dags/my_tasks.py
[2026-10-01T18:16:17.682+0000] {processor.py:914} INFO - Processing file /opt/airflow/dags/my_tasks.py for tasks to queue
[2026-10-01T18:16:17.683+0000] {logging_mixin.py:190} INFO - [2026-10-01T18:16:17.683+0000] {dagbag.py:588} INFO - Filling up the DagBag from /opt/airflow/dags/my_tasks.py
[2026-10-01T18:16:17.690+0000] {processor.py:925} INFO - DAG(s) 'my_dag' retrieved from /opt/airflow/dags/my_tasks.py
[2026-10-01T18:16:17.709+0000] {logging_mixin.py:190} INFO - [2026-10-01T18:16:17.709+0000] {dag.py:3239} INFO - Sync 1 DAGs
[2026-10-01T18:16:17.727+0000] {logging_mixin.py:190} INFO - [2026-10-01T18:16:17.727+0000] {dag.py:4180} INFO - Setting next_dagrun for my_dag to None, run_after=None
[2026-10-01T18:16:17.742+0000] {processor.py:208} INFO - Processing /opt/airflow/dags/my_tasks.py took 0.068 seconds
[2026-10-01T18:16:47.930+0000] {processor.py:186} INFO - Started process (PID=1078) to work on /opt/airflow/dags/my_tasks.py
[2026-10-01T18:16:47.930+0000] {processor.py:914} INFO - Processing file /opt/airflow/dags/my_tasks.py for tasks to queue
[2026-10-01T18:16:47.932+0000] {logging_mixin.py:190} INFO - [2026-10-01T18:16:47.932+0000] {dagbag.py:588} INFO - Filling up the DagBag from /opt/airflow/dags/my_tasks.py
[2026-10-01T18:16:47.939+0000] {processor.py:925} INFO - DAG(s) 'my_dag' retrieved from /opt/airflow/dags/my_tasks.py
[2026-10-01T18:16:47.956+0000] {logging_mixin.py:190} INFO - [2026-10-01T18:16:47.956+0000] {dag.py:3239} INFO - Sync 1 DAGs
[2026-10-01T18:16:47.971+0000] {logging_mixin.py:190} INFO - [2026-10-01T18:16:47.971+0000] {dag.py:4180} INFO - Setting next_dagrun for my_dag to None, run_after=None
[2026-10-01T18:16:47.984+0000] {processor.py:208} INFO - Processing /opt/airflow/dags/my_tasks.py took 0.059 seconds
[2026-10-01T18:17:18.198+0000] {processor.py:186} INFO - Started process (PID=1089) to work on /opt/airflow/dags/my_tasks.py
[2026-10-01T18:17:18.206+0000] {processor.py:914} INFO - Processing file /opt/airflow/dags/my_tasks.py for tasks to queue
[2026-10-01T18:17:18.208+0000] {logging_mixin.py:190} INFO - [2026-10-01T18:17:18.208+0000] {dagbag.py:588} INFO - Filling up the DagBag from /opt/airflow/dags/my_tasks.py
[2026-10-01T18:17:18.219+0000] {processor.py:925} INFO - DAG(s) 'my_dag' retrieved from /opt/airflow/dags/my_tasks.py
[2026-10-01T18:17:18.241+0000] {logging_mixin.py:190} INFO - [2026-10-01T18:17:18.241+0000] {dag.py:3239} INFO - Sync 1 DAGs
[2026-10-01T18:17:18.260+0000] {logging_mixin.py:190} INFO - [2026-10-01T18:17:18.259+0000] {dag.py:4180} INFO - Setting next_dagrun for my_dag to None, run_after=None
[2026-10-01T18:17:18.275+0000] {processor.py:208} INFO - Processing /opt/airflow/dags/my_tasks.py took 0.081 seconds
[2026-10-01T18:17:48.467+0000] {processor.py:186} INFO - Started process (PID=1100) to work on /opt/airflow/dags/my_tasks.py
[2026-10-01T18:17:48.467+0000] {processor.py:914} INFO - Processing file /opt/airflow/dags/my_tasks.py for tasks to queue
[2026-10-01T18:17:48.469+0000] {logging_mixin.py:190} INFO - [2026-10-01T18:17:48.468+0000] {dagbag.py:588} INFO - Filling up the DagBag from /opt/airflow/dags/my_tasks.py
[2026-10-01T18:17:48.475+0000] {processor.py:925} INFO - DAG(s) 'my_dag' retrieved from /opt/airflow/dags/my_tasks.py
[2026-10-01T18:17:48.493+0000] {logging_mixin.py:190} INFO - [2026-10-01T18:17:48.493+0000] {dag.py:3239} INFO - Sync 1 DAGs
[2026-10-01T18:17:48.509+0000] {logging_mixin.py:190} INFO - [2026-10-01T18:17:48.509+0000] {dag.py:4180} INFO - Setting next_dagrun for my_dag to None, run_after=None
[2026-10-01T18:17:48.523+0000] {processor.py:208} INFO - Processing /opt/airflow/dags/my_tasks.py took 0.060 seconds
[2026-10-01T18:18:18.749+0000] {processor.py:186} INFO - Started process (PID=1111) to work on /opt/airflow/dags/my_tasks.py
[2026-10-01T18:18:18.757+0000] {processor.py:914} INFO - Processing file /opt/airflow/dags/my_tasks.py for tasks to queue
[2026-10-01T18:18:18.762+0000] {logging_mixin.py:190} INFO - [2026-10-01T18:18:18.761+0000] {dagbag.py:588} INFO - Filling up the DagBag from /opt/airflow/dags/my_tasks.py
[2026-10-01T18:18:18.770+0000] {processor.py:925} INFO - DAG(s) 'my_dag' retrieved from /opt/airflow/dags/my_tasks.py
[2026-10-01T18:18:18.788+0000] {logging_mixin.py:190} INFO - [2026-10-01T18:18:18.787+0000] {dag.py:3239} INFO - Sync 1 DAGs
[2026-10-01T18:18:18.803+0000] {logging_mixin.py:190} INFO - [2026-10-01T18:18:18.803+0000] {dag.py:4180} INFO - Setting next_dagrun for my_dag to None, run_after=None
[2026-10-01T18:18:18.816+0000] {processor.py:208} INFO - Processing /opt/airflow/dags/my_tasks.py took 0.071 seconds
[2026-10-01T18:18:49.020+0000] {processor.py:186} INFO - Started process (PID=1122) to work on /opt/airflow/dags/my_tasks.py
[2026-10-01T18:18:49.020+0000] {processor.py:914} INFO - Processing file /opt/airflow/dags/my_tasks.py for tasks to queue
[2026-10-01T18:18:49.022+0000] {logging_mixin.py:190} INFO - [2026-10-01T18:18:49.022+0000] {dagbag.py:588} INFO - Filling up the DagBag from /opt/airflow/dags/my_tasks.py
[2026-10-01T18:18:49.028+0000] {processor.py:925} INFO - DAG(s) 'my_dag' retrieved from /opt/airflow/dags/my_tasks.py
[2026-10-01T18:18:49.046+0000] {logging_mixin.py:190} INFO - [2026-10-01T18:18:49.046+0000] {dag.py:3239} INFO - Sync 1 DAGs
[2026-10-01T18:18:49.061+0000] {logging_mixin.py:190} INFO - [2026-10-01T18:18:49.061+0000] {dag.py:4180} INFO - Setting next_dagrun for my_dag to None, run_after=None
[2026-10-01T18:18:49.076+0000] {processor.py:208} INFO - Processing /opt/airflow/dags/my_tasks.py took 0.060 seconds
[2026-10-01T18:19:19.297+0000] {processor.py:186} INFO - Started process (PID=1133) to work on /opt/airflow/dags/my_tasks.py
[2026-10-01T18:19:19.305+0000] {processor.py:914} INFO - Processing file /opt/airflow/dags/my_tasks.py for tasks to queue
[2026-10-01T18:19:19.307+0000] {logging_mixin.py:190} INFO - [2026-10-01T18:19:19.307+0000] {dagbag.py:588} INFO - Filling up the DagBag from /opt/airflow/dags/my_tasks.py
[2026-10-01T18:19:19.315+0000] {processor.py:925} INFO - DAG(s) 'my_dag' retrieved from /opt/airflow/dags/my_tasks.py
[2026-10-01T18:19:19.334+0000] {logging_mixin.py:190} INFO - [2026-10-01T18:19:19.334+0000] {dag.py:3239} INFO - Sync 1 DAGs
[2026-10-01T18:19:19.350+0000] {logging_mixin.py:190} INFO - [2026-10-01T18:19:19.350+0000] {dag.py:4180} INFO - Setting next_dagrun for my_dag to None, run_after=None
[2026-10-01T18:19:19.363+0000] {processor.py:208} INFO - Processing /opt/airflow/dags/my_tasks.py took 0.070 seconds
[2026-10-01T18:19:49.550+0000] {processor.py:186} INFO - Started process (PID=1144) to work on /opt/airflow/dags/my_tasks.py
[2026-10-01T18:19:49.552+0000] {processor.py:914} INFO - Processing file /opt/airflow/dags/my_tasks.py for tasks to queue
[2026-10-01T18:19:49.554+0000] {logging_mixin.py:190} INFO - [2026-10-01T18:19:49.554+0000] {dagbag.py:588} INFO - Filling up the DagBag from /opt/airflow/dags/my_tasks.py
[2026-10-01T18:19:49.561+0000] {processor.py:925} INFO - DAG(s) 'my_dag' retrieved from /opt/airflow/dags/my_tasks.py
[2026-10-01T18:19:49.580+0000] {logging_mixin.py:190} INFO - [2026-10-01T18:19:49.580+0000] {dag.py:3239} INFO - Sync 1 DAGs
[2026-10-01T18:19:49.595+0000] {logging_mixin.py:190} INFO - [2026-10-01T18:19:49.595+0000] {dag.py:4180} INFO - Setting next_dagrun for my_dag to None, run_after=None
[2026-10-01T18:19:49.609+0000] {processor.py:208} INFO - Processing /opt/airflow/dags/my_tasks.py took 0.064 seconds
[2026-10-01T18:20:19.829+0000] {processor.py:186} INFO - Started process (PID=1155) to work on /opt/airflow/dags/my_tasks.py
[2026-10-01T18:20:19.837+0000] {processor.py:914} INFO - Processing file /opt/airflow/dags/my_tasks.py for tasks to queue
[2026-10-01T18:20:19.840+0000] {logging_mixin.py:190} INFO - [2026-10-01T18:20:19.839+0000] {dagbag.py:588} INFO - Filling up the DagBag from /opt/airflow/dags/my_tasks.py
[2026-10-01T18:20:19.849+0000] {processor.py:925} INFO - DAG(s) 'my_dag' retrieved from /opt/airflow/dags/my_tasks.py
[2026-10-01T18:20:19.868+0000] {logging_mixin.py:190} INFO - [2026-10-01T18:20:19.868+0000] {dag.py:3239} INFO - Sync 1 DAGs
[2026-10-01T18:20:19.884+0000] {logging_mixin.py:190} INFO - [2026-10-01T18:20:19.883+0000] {dag.py:4180} INFO - Setting next_dagrun for my_dag to None, run_after=None
[2026-10-01T18:20:19.897+0000] {processor.py:208} INFO - Processing /opt/airflow/dags/my_tasks.py took 0.072 seconds
[2026-10-01T18:20:50.061+0000] {processor.py:186} INFO - Started process (PID=1166) to work on /opt/airflow/dags/my_tasks.py
[2026-10-01T18:20:50.061+0000] {processor.py:914} INFO - Processing file /opt/airflow/dags/my_tasks.py for tasks to queue
[2026-10-01T18:20:50.063+0000] {logging_mixin.py:190} INFO - [2026-10-01T18:20:50.063+0000] {dagbag.py:588} INFO - Filling up the DagBag from /opt/airflow/dags/my_tasks.py
[2026-10-01T18:20:50.070+0000] {processor.py:925} INFO - DAG(s) 'my_dag' retrieved from /opt/airflow/dags/my_tasks.py
[2026-10-01T18:20:50.088+0000] {logging_mixin.py:190} INFO - [2026-10-01T18:20:50.087+0000] {dag.py:3239} INFO - Sync 1 DAGs
[2026-10-01T18:20:50.103+0000] {logging_mixin.py:190} INFO - [2026-10-01T18:20:50.103+0000] {dag.py:4180} INFO - Setting next_dagrun for my_dag to None, run_after=None
[2026-10-01T18:20:50.116+0000] {processor.py:208} INFO - Processing /opt/airflow/dags/my_tasks.py took 0.060 seconds
[2026-10-01T18:21:20.341+0000] {processor.py:186} INFO - Started process (PID=1177) to work on /opt/airflow/dags/my_tasks.py
[2026-10-01T18:21:20.349+0000] {processor.py:914} INFO - Processing file /opt/airflow/dags/my_tasks.py for tasks to queue
[2026-10-01T18:21:20.350+0000] {logging_mixin.py:190} INFO - [2026-10-01T18:21:20.350+0000] {dagbag.py:588} INFO - Filling up the DagBag from /opt/airflow/dags/my_tasks.py
[2026-10-01T18:21:20.360+0000] {processor.py:925} INFO - DAG(s) 'my_dag' retrieved from /opt/airflow/dags/my_tasks.py
[2026-10-01T18:21:20.385+0000] {logging_mixin.py:190} INFO - [2026-10-01T18:21:20.385+0000] {dag.py:3239} INFO - Sync 1 DAGs
[2026-10-01T18:21:20.414+0000] {logging_mixin.py:190} INFO - [2026-10-01T18:21:20.414+0000] {dag.py:4180} INFO - Setting next_dagrun for my_dag to None, run_after=None
[2026-10-01T18:21:20.439+0000] {processor.py:208} INFO - Processing /opt/airflow/dags/my_tasks.py took 0.103 seconds
[2026-10-01T18:21:50.592+0000] {processor.py:186} INFO - Started process (PID=1188) to work on /opt/airflow/dags/my_tasks.py
[2026-10-01T18:21:50.593+0000] {processor.py:914} INFO - Processing file /opt/airflow/dags/my_tasks.py for tasks to queue
[2026-10-01T18:21:50.595+0000] {logging_mixin.py:190} INFO - [2026-10-01T18:21:50.595+0000] {dagbag.py:588} INFO - Filling up the DagBag from /opt/airflow/dags/my_tasks.py
[2026-10-01T18:21:50.603+0000] {processor.py:925} INFO - DAG(s) 'my_dag' retrieved from /opt/airflow/dags/my_tasks.py
[2026-10-01T18:21:50.622+0000] {logging_mixin.py:190} INFO - [2026-10-01T18:21:50.622+0000] {dag.py:3239} INFO - Sync 1 DAGs
[2026-10-01T18:21:50.638+0000] {logging_mixin.py:190} INFO - [2026-10-01T18:21:50.637+0000] {dag.py:4180} INFO - Setting next_dagrun for my_dag to None, run_after=None
[2026-10-01T18:21:50.652+0000] {processor.py:208} INFO - Processing /opt/airflow/dags/my_tasks.py took 0.064 seconds
[2026-10-01T18:22:20.889+0000] {processor.py:186} INFO - Started process (PID=1199) to work on /opt/airflow/dags/my_tasks.py
[2026-10-01T18:22:20.893+0000] {processor.py:914} INFO - Processing file /opt/airflow/dags/my_tasks.py for tasks to queue
[2026-10-01T18:22:20.895+0000] {logging_mixin.py:190} INFO - [2026-10-01T18:22:20.894+0000] {dagbag.py:588} INFO - Filling up the DagBag from /opt/airflow/dags/my_tasks.py
[2026-10-01T18:22:20.903+0000] {processor.py:925} INFO - DAG(s) 'my_dag' retrieved from /opt/airflow/dags/my_tasks.py
[2026-10-01T18:22:20.923+0000] {logging_mixin.py:190} INFO - [2026-10-01T18:22:20.922+0000] {dag.py:3239} INFO - Sync 1 DAGs
[2026-10-01T18:22:20.941+0000] {logging_mixin.py:190} INFO - [2026-10-01T18:22:20.941+0000] {dag.py:4180} INFO - Setting next_dagrun for my_dag to None, run_after=None
[2026-10-01T18:22:20.955+0000] {processor.py:208} INFO - Processing /opt/airflow/dags/my_tasks.py took 0.070 seconds
[2026-10-01T18:22:51.141+0000] {processor.py:186} INFO - Started process (PID=1210) to work on /opt/airflow/dags/my_tasks.py
[2026-10-01T18:22:51.143+0000] {processor.py:914} INFO - Processing file /opt/airflow/dags/my_tasks.py for tasks to queue
[2026-10-01T18:22:51.144+0000] {logging_mixin.py:190} INFO - [2026-10-01T18:22:51.144+0000] {dagbag.py:588} INFO - Filling up the DagBag from /opt/airflow/dags/my_tasks.py
[2026-10-01T18:22:51.151+0000] {processor.py:925} INFO - DAG(s) 'my_dag' retrieved from /opt/airflow/dags/my_tasks.py
[2026-10-01T18:22:51.169+0000] {logging_mixin.py:190} INFO - [2026-10-01T18:22:51.169+0000] {dag.py:3239} INFO - Sync 1 DAGs
[2026-10-01T18:22:51.184+0000] {logging_mixin.py:190} INFO - [2026-10-01T18:22:51.184+0000] {dag.py:4180} INFO - Setting next_dagrun for my_dag to None, run_after=None
[2026-10-01T18:22:51.199+0000] {processor.py:208} INFO - Processing /opt/airflow/dags/my_tasks.py took 0.063 seconds
[2026-10-01T18:23:21.420+0000] {processor.py:186} INFO - Started process (PID=1221) to work on /opt/airflow/dags/my_tasks.py
[2026-10-01T18:23:21.428+0000] {processor.py:914} INFO - Processing file /opt/airflow/dags/my_tasks.py for tasks to queue
[2026-10-01T18:23:21.430+0000] {logging_mixin.py:190} INFO - [2026-10-01T18:23:21.429+0000] {dagbag.py:588} INFO - Filling up the DagBag from /opt/airflow/dags/my_tasks.py
[2026-10-01T18:23:21.437+0000] {processor.py:925} INFO - DAG(s) 'my_dag' retrieved from /opt/airflow/dags/my_tasks.py
[2026-10-01T18:23:21.460+0000] {logging_mixin.py:190} INFO - [2026-10-01T18:23:21.460+0000] {dag.py:3239} INFO - Sync 1 DAGs
[2026-10-01T18:23:21.481+0000] {logging_mixin.py:190} INFO - [2026-10-01T18:23:21.480+0000] {dag.py:4180} INFO - Setting next_dagrun for my_dag to None, run_after=None
[2026-10-01T18:23:21.498+0000] {processor.py:208} INFO - Processing /opt/airflow/dags/my_tasks.py took 0.082 seconds
[2026-10-01T18:23:51.689+0000] {processor.py:186} INFO - Started process (PID=1232) to work on /opt/airflow/dags/my_tasks.py
[2026-10-01T18:23:51.697+0000] {processor.py:914} INFO - Processing file /opt/airflow/dags/my_tasks.py for tasks to queue
[2026-10-01T18:23:51.699+0000] {logging_mixin.py:190} INFO - [2026-10-01T18:23:51.699+0000] {dagbag.py:588} INFO - Filling up the DagBag from /opt/airflow/dags/my_tasks.py
[2026-10-01T18:23:51.709+0000] {processor.py:925} INFO - DAG(s) 'my_dag' retrieved from /opt/airflow/dags/my_tasks.py
[2026-10-01T18:23:51.730+0000] {logging_mixin.py:190} INFO - [2026-10-01T18:23:51.730+0000] {dag.py:3239} INFO - Sync 1 DAGs
[2026-10-01T18:23:51.749+0000] {logging_mixin.py:190} INFO - [2026-10-01T18:23:51.749+0000] {dag.py:4180} INFO - Setting next_dagrun for my_dag to None, run_after=None
[2026-10-01T18:23:51.765+0000] {processor.py:208} INFO - Processing /opt/airflow/dags/my_tasks.py took 0.082 seconds
[2026-10-01T18:24:21.960+0000] {processor.py:186} INFO - Started process (PID=1243) to work on /opt/airflow/dags/my_tasks.py
[2026-10-01T18:24:21.968+0000] {processor.py:914} INFO - Processing file /opt/airflow/dags/my_tasks.py for tasks to queue
[2026-10-01T18:24:21.969+0000] {logging_mixin.py:190} INFO - [2026-10-01T18:24:21.969+0000] {dagbag.py:588} INFO - Filling up the DagBag from /opt/airflow/dags/my_tasks.py
[2026-10-01T18:24:21.976+0000] {processor.py:925} INFO - DAG(s) 'my_dag' retrieved from /opt/airflow/dags/my_tasks.py
[2026-10-01T18:24:21.994+0000] {logging_mixin.py:190} INFO - [2026-10-01T18:24:21.994+0000] {dag.py:3239} INFO - Sync 1 DAGs
[2026-10-01T18:24:22.010+0000] {logging_mixin.py:190} INFO - [2026-10-01T18:24:22.010+0000] {dag.py:4180} INFO - Setting next_dagrun for my_dag to None, run_after=None
[2026-10-01T18:24:22.024+0000] {processor.py:208} INFO - Processing /opt/airflow/dags/my_tasks.py took 0.069 seconds
[2026-10-01T18:24:52.213+0000] {processor.py:186} INFO - Started process (PID=1254) to work on /opt/airflow/dags/my_tasks.py
[2026-10-01T18:24:52.214+0000] {processor.py:914} INFO - Processing file /opt/airflow/dags/my_tasks.py for tasks to queue
[2026-10-01T18:24:52.215+0000] {logging_mixin.py:190} INFO - [2026-10-01T18:24:52.215+0000] {dagbag.py:588} INFO - Filling up the DagBag from /opt/airflow/dags/my_tasks.py
[2026-10-01T18:24:52.223+0000] {processor.py:925} INFO - DAG(s) 'my_dag' retrieved from /opt/airflow/dags/my_tasks.py
[2026-10-01T18:24:52.241+0000] {logging_mixin.py:190} INFO - [2026-10-01T18:24:52.241+0000] {dag.py:3239} INFO - Sync 1 DAGs
[2026-10-01T18:24:52.257+0000] {logging_mixin.py:190} INFO - [2026-10-01T18:24:52.257+0000] {dag.py:4180} INFO - Setting next_dagrun for my_dag to None, run_after=None
[2026-10-01T18:24:52.272+0000] {processor.py:208} INFO - Processing /opt/airflow/dags/my_tasks.py took 0.062 seconds
[2026-10-01T18:25:22.464+0000] {processor.py:186} INFO - Started process (PID=1265) to work on /opt/airflow/dags/my_tasks.py
[2026-10-01T18:25:22.465+0000] {processor.py:914} INFO - Processing file /opt/airflow/dags/my_tasks.py for tasks to queue
[2026-10-01T18:25:22.467+0000] {logging_mixin.py:190} INFO - [2026-10-01T18:25:22.466+0000] {dagbag.py:588} INFO - Filling up the DagBag from /opt/airflow/dags/my_tasks.py
[2026-10-01T18:25:22.475+0000] {processor.py:925} INFO - DAG(s) 'my_dag' retrieved from /opt/airflow/dags/my_tasks.py
[2026-10-01T18:25:22.494+0000] {logging_mixin.py:190} INFO - [2026-10-01T18:25:22.494+0000] {dag.py:3239} INFO - Sync 1 DAGs
[2026-10-01T18:25:22.510+0000] {logging_mixin.py:190} INFO - [2026-10-01T18:25:22.510+0000] {dag.py:4180} INFO - Setting next_dagrun for my_dag to None, run_after=None
[2026-10-01T18:25:22.528+0000] {processor.py:208} INFO - Processing /opt/airflow/dags/my_tasks.py took 0.069 seconds
[2026-10-01T18:25:52.700+0000] {processor.py:186} INFO - Started process (PID=1276) to work on /opt/airflow/dags/my_tasks.py
[2026-10-01T18:25:52.708+0000] {processor.py:914} INFO - Processing file /opt/airflow/dags/my_tasks.py for tasks to queue
[2026-10-01T18:25:52.711+0000] {logging_mixin.py:190} INFO - [2026-10-01T18:25:52.710+0000] {dagbag.py:588} INFO - Filling up the DagBag from /opt/airflow/dags/my_tasks.py
[2026-10-01T18:25:52.718+0000] {processor.py:925} INFO - DAG(s) 'my_dag' retrieved from /opt/airflow/dags/my_tasks.py
[2026-10-01T18:25:52.738+0000] {logging_mixin.py:190} INFO - [2026-10-01T18:25:52.737+0000] {dag.py:3239} INFO - Sync 1 DAGs
[2026-10-01T18:25:52.755+0000] {logging_mixin.py:190} INFO - [2026-10-01T18:25:52.755+0000] {dag.py:4180} INFO - Setting next_dagrun for my_dag to None, run_after=None
[2026-10-01T18:25:52.770+0000] {processor.py:208} INFO - Processing /opt/airflow/dags/my_tasks.py took 0.075 seconds
[2026-10-01T18:26:22.968+0000] {processor.py:186} INFO - Started process (PID=1287) to work on /opt/airflow/dags/my_tasks.py
[2026-10-01T18:26:22.976+0000] {processor.py:914} INFO - Processing file /opt/airflow/dags/my_tasks.py for tasks to queue
[2026-10-01T18:26:22.979+0000] {logging_mixin.py:190} INFO - [2026-10-01T18:26:22.979+0000] {dagbag.py:588} INFO - Filling up the DagBag from /opt/airflow/dags/my_tasks.py
[2026-10-01T18:26:22.989+0000] {processor.py:925} INFO - DAG(s) 'my_dag' retrieved from /opt/airflow/dags/my_tasks.py
[2026-10-01T18:26:23.009+0000] {logging_mixin.py:190} INFO - [2026-10-01T18:26:23.009+0000] {dag.py:3239} INFO - Sync 1 DAGs
[2026-10-01T18:26:23.028+0000] {logging_mixin.py:190} INFO - [2026-10-01T18:26:23.027+0000] {dag.py:4180} INFO - Setting next_dagrun for my_dag to None, run_after=None
[2026-10-01T18:26:23.046+0000] {processor.py:208} INFO - Processing /opt/airflow/dags/my_tasks.py took 0.083 seconds
[2026-10-01T18:26:53.230+0000] {processor.py:186} INFO - Started process (PID=1298) to work on /opt/airflow/dags/my_tasks.py
[2026-10-01T18:26:53.238+0000] {processor.py:914} INFO - Processing file /opt/airflow/dags/my_tasks.py for tasks to queue
[2026-10-01T18:26:53.240+0000] {logging_mixin.py:190} INFO - [2026-10-01T18:26:53.239+0000] {dagbag.py:588} INFO - Filling up the DagBag from /opt/airflow/dags/my_tasks.py
[2026-10-01T18:26:53.249+0000] {processor.py:925} INFO - DAG(s) 'my_dag' retrieved from /opt/airflow/dags/my_tasks.py
[2026-10-01T18:26:53.268+0000] {logging_mixin.py:190} INFO - [2026-10-01T18:26:53.268+0000] {dag.py:3239} INFO - Sync 1 DAGs
[2026-10-01T18:26:53.285+0000] {logging_mixin.py:190} INFO - [2026-10-01T18:26:53.284+0000] {dag.py:4180} INFO - Setting next_dagrun for my_dag to None, run_after=None
[2026-10-01T18:26:53.298+0000] {processor.py:208} INFO - Processing /opt/airflow/dags/my_tasks.py took 0.072 seconds
[2026-10-01T18:27:23.515+0000] {processor.py:186} INFO - Started process (PID=1309) to work on /opt/airflow/dags/my_tasks.py
[2026-10-01T18:27:23.523+0000] {processor.py:914} INFO - Processing file /opt/airflow/dags/my_tasks.py for tasks to queue
[2026-10-01T18:27:23.525+0000] {logging_mixin.py:190} INFO - [2026-10-01T18:27:23.524+0000] {dagbag.py:588} INFO - Filling up the DagBag from /opt/airflow/dags/my_tasks.py
[2026-10-01T18:27:23.534+0000] {processor.py:925} INFO - DAG(s) 'my_dag' retrieved from /opt/airflow/dags/my_tasks.py
[2026-10-01T18:27:23.552+0000] {logging_mixin.py:190} INFO - [2026-10-01T18:27:23.552+0000] {dag.py:3239} INFO - Sync 1 DAGs
[2026-10-01T18:27:23.569+0000] {logging_mixin.py:190} INFO - [2026-10-01T18:27:23.569+0000] {dag.py:4180} INFO - Setting next_dagrun for my_dag to None, run_after=None
[2026-10-01T18:27:23.587+0000] {processor.py:208} INFO - Processing /opt/airflow/dags/my_tasks.py took 0.077 seconds
[2026-10-01T18:27:53.773+0000] {processor.py:186} INFO - Started process (PID=1320) to work on /opt/airflow/dags/my_tasks.py
[2026-10-01T18:27:53.774+0000] {processor.py:914} INFO - Processing file /opt/airflow/dags/my_tasks.py for tasks to queue
[2026-10-01T18:27:53.776+0000] {logging_mixin.py:190} INFO - [2026-10-01T18:27:53.776+0000] {dagbag.py:588} INFO - Filling up the DagBag from /opt/airflow/dags/my_tasks.py
[2026-10-01T18:27:53.782+0000] {processor.py:925} INFO - DAG(s) 'my_dag' retrieved from /opt/airflow/dags/my_tasks.py
[2026-10-01T18:27:53.804+0000] {logging_mixin.py:190} INFO - [2026-10-01T18:27:53.803+0000] {dag.py:3239} INFO - Sync 1 DAGs
[2026-10-01T18:27:53.825+0000] {logging_mixin.py:190} INFO - [2026-10-01T18:27:53.825+0000] {dag.py:4180} INFO - Setting next_dagrun for my_dag to None, run_after=None
[2026-10-01T18:27:53.842+0000] {processor.py:208} INFO - Processing /opt/airflow/dags/my_tasks.py took 0.076 seconds
[2026-10-01T18:28:24.049+0000] {processor.py:186} INFO - Started process (PID=1331) to work on /opt/airflow/dags/my_tasks.py
[2026-10-01T18:28:24.050+0000] {processor.py:914} INFO - Processing file /opt/airflow/dags/my_tasks.py for tasks to queue
[2026-10-01T18:28:24.052+0000] {logging_mixin.py:190} INFO - [2026-10-01T18:28:24.052+0000] {dagbag.py:588} INFO - Filling up the DagBag from /opt/airflow/dags/my_tasks.py
[2026-10-01T18:28:24.059+0000] {processor.py:925} INFO - DAG(s) 'my_dag' retrieved from /opt/airflow/dags/my_tasks.py
[2026-10-01T18:28:24.079+0000] {logging_mixin.py:190} INFO - [2026-10-01T18:28:24.078+0000] {dag.py:3239} INFO - Sync 1 DAGs
[2026-10-01T18:28:24.096+0000] {logging_mixin.py:190} INFO - [2026-10-01T18:28:24.096+0000] {dag.py:4180} INFO - Setting next_dagrun for my_dag to None, run_after=None
[2026-10-01T18:28:24.112+0000] {processor.py:208} INFO - Processing /opt/airflow/dags/my_tasks.py took 0.067 seconds
[2026-10-01T18:28:54.283+0000] {processor.py:186} INFO - Started process (PID=1342) to work on /opt/airflow/dags/my_tasks.py
[2026-10-01T18:28:54.283+0000] {processor.py:914} INFO - Processing file /opt/airflow/dags/my_tasks.py for tasks to queue
[2026-10-01T18:28:54.284+0000] {logging_mixin.py:190} INFO - [2026-10-01T18:28:54.284+0000] {dagbag.py:588} INFO - Filling up the DagBag from /opt/airflow/dags/my_tasks.py
[2026-10-01T18:28:54.294+0000] {processor.py:925} INFO - DAG(s) 'my_dag' retrieved from /opt/airflow/dags/my_tasks.py
[2026-10-01T18:28:54.314+0000] {logging_mixin.py:190} INFO - [2026-10-01T18:28:54.314+0000] {dag.py:3239} INFO - Sync 1 DAGs
[2026-10-01T18:28:54.331+0000] {logging_mixin.py:190} INFO - [2026-10-01T18:28:54.331+0000] {dag.py:4180} INFO - Setting next_dagrun for my_dag to None, run_after=None
[2026-10-01T18:28:54.345+0000] {processor.py:208} INFO - Processing /opt/airflow/dags/my_tasks.py took 0.066 seconds
[2026-10-01T18:29:24.558+0000] {processor.py:186} INFO - Started process (PID=1353) to work on /opt/airflow/dags/my_tasks.py
[2026-10-01T18:29:24.566+0000] {processor.py:914} INFO - Processing file /opt/airflow/dags/my_tasks.py for tasks to queue
[2026-10-01T18:29:24.569+0000] {logging_mixin.py:190} INFO - [2026-10-01T18:29:24.568+0000] {dagbag.py:588} INFO - Filling up the DagBag from /opt/airflow/dags/my_tasks.py
[2026-10-01T18:29:24.579+0000] {processor.py:925} INFO - DAG(s) 'my_dag' retrieved from /opt/airflow/dags/my_tasks.py
[2026-10-01T18:29:24.603+0000] {logging_mixin.py:190} INFO - [2026-10-01T18:29:24.603+0000] {dag.py:3239} INFO - Sync 1 DAGs
[2026-10-01T18:29:24.619+0000] {logging_mixin.py:190} INFO - [2026-10-01T18:29:24.619+0000] {dag.py:4180} INFO - Setting next_dagrun for my_dag to None, run_after=None
[2026-10-01T18:29:24.633+0000] {processor.py:208} INFO - Processing /opt/airflow/dags/my_tasks.py took 0.079 seconds
[2026-10-01T18:29:54.823+0000] {processor.py:186} INFO - Started process (PID=1364) to work on /opt/airflow/dags/my_tasks.py
[2026-10-01T18:29:54.831+0000] {processor.py:914} INFO - Processing file /opt/airflow/dags/my_tasks.py for tasks to queue
[2026-10-01T18:29:54.833+0000] {logging_mixin.py:190} INFO - [2026-10-01T18:29:54.832+0000] {dagbag.py:588} INFO - Filling up the DagBag from /opt/airflow/dags/my_tasks.py
[2026-10-01T18:29:54.839+0000] {processor.py:925} INFO - DAG(s) 'my_dag' retrieved from /opt/airflow/dags/my_tasks.py
[2026-10-01T18:29:54.860+0000] {logging_mixin.py:190} INFO - [2026-10-01T18:29:54.859+0000] {dag.py:3239} INFO - Sync 1 DAGs
[2026-10-01T18:29:54.879+0000] {logging_mixin.py:190} INFO - [2026-10-01T18:29:54.878+0000] {dag.py:4180} INFO - Setting next_dagrun for my_dag to None, run_after=None
[2026-10-01T18:29:54.893+0000] {processor.py:208} INFO - Processing /opt/airflow/dags/my_tasks.py took 0.074 seconds
[2026-10-01T18:30:25.062+0000] {processor.py:186} INFO - Started process (PID=1375) to work on /opt/airflow/dags/my_tasks.py
[2026-10-01T18:30:25.070+0000] {processor.py:914} INFO - Processing file /opt/airflow/dags/my_tasks.py for tasks to queue
[2026-10-01T18:30:25.073+0000] {logging_mixin.py:190} INFO - [2026-10-01T18:30:25.072+0000] {dagbag.py:588} INFO - Filling up the DagBag from /opt/airflow/dags/my_tasks.py
[2026-10-01T18:30:25.082+0000] {processor.py:925} INFO - DAG(s) 'my_dag' retrieved from /opt/airflow/dags/my_tasks.py
[2026-10-01T18:30:25.104+0000] {logging_mixin.py:190} INFO - [2026-10-01T18:30:25.103+0000] {dag.py:3239} INFO - Sync 1 DAGs
[2026-10-01T18:30:25.122+0000] {logging_mixin.py:190} INFO - [2026-10-01T18:30:25.122+0000] {dag.py:4180} INFO - Setting next_dagrun for my_dag to None, run_after=None
[2026-10-01T18:30:25.136+0000] {processor.py:208} INFO - Processing /opt/airflow/dags/my_tasks.py took 0.079 seconds
[2026-10-01T18:30:55.316+0000] {processor.py:186} INFO - Started process (PID=1386) to work on /opt/airflow/dags/my_tasks.py
[2026-10-01T18:30:55.324+0000] {processor.py:914} INFO - Processing file /opt/airflow/dags/my_tasks.py for tasks to queue
[2026-10-01T18:30:55.326+0000] {logging_mixin.py:190} INFO - [2026-10-01T18:30:55.325+0000] {dagbag.py:588} INFO - Filling up the DagBag from /opt/airflow/dags/my_tasks.py
[2026-10-01T18:30:55.332+0000] {processor.py:925} INFO - DAG(s) 'my_dag' retrieved from /opt/airflow/dags/my_tasks.py
[2026-10-01T18:30:55.350+0000] {logging_mixin.py:190} INFO - [2026-10-01T18:30:55.350+0000] {dag.py:3239} INFO - Sync 1 DAGs
[2026-10-01T18:30:55.366+0000] {logging_mixin.py:190} INFO - [2026-10-01T18:30:55.366+0000] {dag.py:4180} INFO - Setting next_dagrun for my_dag to None, run_after=None
[2026-10-01T18:30:55.380+0000] {processor.py:208} INFO - Processing /opt/airflow/dags/my_tasks.py took 0.068 seconds
[2026-10-01T18:31:25.578+0000] {processor.py:186} INFO - Started process (PID=1397) to work on /opt/airflow/dags/my_tasks.py
[2026-10-01T18:31:25.586+0000] {processor.py:914} INFO - Processing file /opt/airflow/dags/my_tasks.py for tasks to queue
[2026-10-01T18:31:25.588+0000] {logging_mixin.py:190} INFO - [2026-10-01T18:31:25.588+0000] {dagbag.py:588} INFO - Filling up the DagBag from /opt/airflow/dags/my_tasks.py
[2026-10-01T18:31:25.596+0000] {processor.py:925} INFO - DAG(s) 'my_dag' retrieved from /opt/airflow/dags/my_tasks.py
[2026-10-01T18:31:25.616+0000] {logging_mixin.py:190} INFO - [2026-10-01T18:31:25.616+0000] {dag.py:3239} INFO - Sync 1 DAGs
[2026-10-01T18:31:25.633+0000] {logging_mixin.py:190} INFO - [2026-10-01T18:31:25.633+0000] {dag.py:4180} INFO - Setting next_dagrun for my_dag to None, run_after=None
[2026-10-01T18:31:25.648+0000] {processor.py:208} INFO - Processing /opt/airflow/dags/my_tasks.py took 0.074 seconds
[2026-10-01T18:31:55.870+0000] {processor.py:186} INFO - Started process (PID=1408) to work on /opt/airflow/dags/my_tasks.py
[2026-10-01T18:31:55.878+0000] {processor.py:914} INFO - Processing file /opt/airflow/dags/my_tasks.py for tasks to queue
[2026-10-01T18:31:55.881+0000] {logging_mixin.py:190} INFO - [2026-10-01T18:31:55.881+0000] {dagbag.py:588} INFO - Filling up the DagBag from /opt/airflow/dags/my_tasks.py
[2026-10-01T18:31:55.890+0000] {processor.py:925} INFO - DAG(s) 'my_dag' retrieved from /opt/airflow/dags/my_tasks.py
[2026-10-01T18:31:55.910+0000] {logging_mixin.py:190} INFO - [2026-10-01T18:31:55.910+0000] {dag.py:3239} INFO - Sync 1 DAGs
[2026-10-01T18:31:55.928+0000] {logging_mixin.py:190} INFO - [2026-10-01T18:31:55.928+0000] {dag.py:4180} INFO - Setting next_dagrun for my_dag to None, run_after=None
[2026-10-01T18:31:55.944+0000] {processor.py:208} INFO - Processing /opt/airflow/dags/my_tasks.py took 0.080 seconds
[2026-10-01T18:32:26.129+0000] {processor.py:186} INFO - Started process (PID=1419) to work on /opt/airflow/dags/my_tasks.py
[2026-10-01T18:32:26.129+0000] {processor.py:914} INFO - Processing file /opt/airflow/dags/my_tasks.py for tasks to queue
[2026-10-01T18:32:26.131+0000] {logging_mixin.py:190} INFO - [2026-10-01T18:32:26.131+0000] {dagbag.py:588} INFO - Filling up the DagBag from /opt/airflow/dags/my_tasks.py
[2026-10-01T18:32:26.138+0000] {processor.py:925} INFO - DAG(s) 'my_dag' retrieved from /opt/airflow/dags/my_tasks.py
[2026-10-01T18:32:26.156+0000] {logging_mixin.py:190} INFO - [2026-10-01T18:32:26.156+0000] {dag.py:3239} INFO - Sync 1 DAGs
[2026-10-01T18:32:26.174+0000] {logging_mixin.py:190} INFO - [2026-10-01T18:32:26.174+0000] {dag.py:4180} INFO - Setting next_dagrun for my_dag to None, run_after=None
[2026-10-01T18:32:26.188+0000] {processor.py:208} INFO - Processing /opt/airflow/dags/my_tasks.py took 0.064 seconds
[2026-10-01T18:32:56.397+0000] {processor.py:186} INFO - Started process (PID=1430) to work on /opt/airflow/dags/my_tasks.py
[2026-10-01T18:32:56.399+0000] {processor.py:914} INFO - Processing file /opt/airflow/dags/my_tasks.py for tasks to queue
[2026-10-01T18:32:56.401+0000] {logging_mixin.py:190} INFO - [2026-10-01T18:32:56.400+0000] {dagbag.py:588} INFO - Filling up the DagBag from /opt/airflow/dags/my_tasks.py
[2026-10-01T18:32:56.409+0000] {processor.py:925} INFO - DAG(s) 'my_dag' retrieved from /opt/airflow/dags/my_tasks.py
[2026-10-01T18:32:56.431+0000] {logging_mixin.py:190} INFO - [2026-10-01T18:32:56.430+0000] {dag.py:3239} INFO - Sync 1 DAGs
[2026-10-01T18:32:56.448+0000] {logging_mixin.py:190} INFO - [2026-10-01T18:32:56.448+0000] {dag.py:4180} INFO - Setting next_dagrun for my_dag to None, run_after=None
[2026-10-01T18:32:56.464+0000] {processor.py:208} INFO - Processing /opt/airflow/dags/my_tasks.py took 0.072 seconds
[2026-10-01T18:33:26.650+0000] {processor.py:186} INFO - Started process (PID=1441) to work on /opt/airflow/dags/my_tasks.py
[2026-10-01T18:33:26.652+0000] {processor.py:914} INFO - Processing file /opt/airflow/dags/my_tasks.py for tasks to queue
[2026-10-01T18:33:26.654+0000] {logging_mixin.py:190} INFO - [2026-10-01T18:33:26.653+0000] {dagbag.py:588} INFO - Filling up the DagBag from /opt/airflow/dags/my_tasks.py
[2026-10-01T18:33:26.660+0000] {processor.py:925} INFO - DAG(s) 'my_dag' retrieved from /opt/airflow/dags/my_tasks.py
[2026-10-01T18:33:26.678+0000] {logging_mixin.py:190} INFO - [2026-10-01T18:33:26.678+0000] {dag.py:3239} INFO - Sync 1 DAGs
[2026-10-01T18:33:26.694+0000] {logging_mixin.py:190} INFO - [2026-10-01T18:33:26.694+0000] {dag.py:4180} INFO - Setting next_dagrun for my_dag to None, run_after=None
[2026-10-01T18:33:26.707+0000] {processor.py:208} INFO - Processing /opt/airflow/dags/my_tasks.py took 0.062 seconds
[2026-10-01T18:33:56.908+0000] {processor.py:186} INFO - Started process (PID=1452) to work on /opt/airflow/dags/my_tasks.py
[2026-10-01T18:33:57.800+0000] {processor.py:914} INFO - Processing file /opt/airflow/dags/my_tasks.py for tasks to queue
[2026-10-01T18:33:57.801+0000] {logging_mixin.py:190} INFO - [2026-10-01T18:33:57.801+0000] {dagbag.py:588} INFO - Filling up the DagBag from /opt/airflow/dags/my_tasks.py
[2026-10-01T18:33:57.809+0000] {processor.py:925} INFO - DAG(s) 'my_dag' retrieved from /opt/airflow/dags/my_tasks.py
[2026-10-01T18:33:57.848+0000] {logging_mixin.py:190} INFO - [2026-10-01T18:33:57.848+0000] {dag.py:3239} INFO - Sync 1 DAGs
[2026-10-01T18:33:57.869+0000] {logging_mixin.py:190} INFO - [2026-10-01T18:33:57.869+0000] {dag.py:4180} INFO - Setting next_dagrun for my_dag to None, run_after=None
[2026-10-01T18:34:00.189+0000] {processor.py:208} INFO - Processing /opt/airflow/dags/my_tasks.py took 3.292 seconds
[2026-10-01T18:34:30.365+0000] {processor.py:186} INFO - Started process (PID=1463) to work on /opt/airflow/dags/my_tasks.py
[2026-10-01T18:34:30.795+0000] {processor.py:914} INFO - Processing file /opt/airflow/dags/my_tasks.py for tasks to queue
[2026-10-01T18:34:30.797+0000] {logging_mixin.py:190} INFO - [2026-10-01T18:34:30.796+0000] {dagbag.py:588} INFO - Filling up the DagBag from /opt/airflow/dags/my_tasks.py
[2026-10-01T18:34:30.803+0000] {processor.py:925} INFO - DAG(s) 'my_dag' retrieved from /opt/airflow/dags/my_tasks.py
[2026-10-01T18:34:30.822+0000] {logging_mixin.py:190} INFO - [2026-10-01T18:34:30.822+0000] {dag.py:3239} INFO - Sync 1 DAGs
[2026-10-01T18:34:30.838+0000] {logging_mixin.py:190} INFO - [2026-10-01T18:34:30.838+0000] {dag.py:4180} INFO - Setting next_dagrun for my_dag to None, run_after=None
[2026-10-01T18:34:31.514+0000] {processor.py:208} INFO - Processing /opt/airflow/dags/my_tasks.py took 1.153 seconds
[2026-10-01T18:35:01.601+0000] {processor.py:186} INFO - Started process (PID=1474) to work on /opt/airflow/dags/my_tasks.py
[2026-10-01T18:35:01.609+0000] {processor.py:914} INFO - Processing file /opt/airflow/dags/my_tasks.py for tasks to queue
[2026-10-01T18:35:01.611+0000] {logging_mixin.py:190} INFO - [2026-10-01T18:35:01.610+0000] {dagbag.py:588} INFO - Filling up the DagBag from /opt/airflow/dags/my_tasks.py
[2026-10-01T18:35:01.619+0000] {processor.py:925} INFO - DAG(s) 'my_dag' retrieved from /opt/airflow/dags/my_tasks.py
[2026-10-01T18:35:01.636+0000] {logging_mixin.py:190} INFO - [2026-10-01T18:35:01.636+0000] {dag.py:3239} INFO - Sync 1 DAGs
[2026-10-01T18:35:01.652+0000] {logging_mixin.py:190} INFO - [2026-10-01T18:35:01.652+0000] {dag.py:4180} INFO - Setting next_dagrun for my_dag to None, run_after=None
[2026-10-01T18:35:01.665+0000] {processor.py:208} INFO - Processing /opt/airflow/dags/my_tasks.py took 0.070 seconds
[2026-10-01T18:35:31.861+0000] {processor.py:186} INFO - Started process (PID=1485) to work on /opt/airflow/dags/my_tasks.py
[2026-10-01T18:35:31.862+0000] {processor.py:914} INFO - Processing file /opt/airflow/dags/my_tasks.py for tasks to queue
[2026-10-01T18:35:31.863+0000] {logging_mixin.py:190} INFO - [2026-10-01T18:35:31.863+0000] {dagbag.py:588} INFO - Filling up the DagBag from /opt/airflow/dags/my_tasks.py
[2026-10-01T18:35:31.871+0000] {processor.py:925} INFO - DAG(s) 'my_dag' retrieved from /opt/airflow/dags/my_tasks.py
[2026-10-01T18:35:31.891+0000] {logging_mixin.py:190} INFO - [2026-10-01T18:35:31.891+0000] {dag.py:3239} INFO - Sync 1 DAGs
[2026-10-01T18:35:31.908+0000] {logging_mixin.py:190} INFO - [2026-10-01T18:35:31.908+0000] {dag.py:4180} INFO - Setting next_dagrun for my_dag to None, run_after=None
[2026-10-01T18:35:31.923+0000] {processor.py:208} INFO - Processing /opt/airflow/dags/my_tasks.py took 0.067 seconds
[2026-10-01T18:36:02.150+0000] {processor.py:186} INFO - Started process (PID=1496) to work on /opt/airflow/dags/my_tasks.py
[2026-10-01T18:36:02.152+0000] {processor.py:914} INFO - Processing file /opt/airflow/dags/my_tasks.py for tasks to queue
[2026-10-01T18:36:02.155+0000] {logging_mixin.py:190} INFO - [2026-10-01T18:36:02.155+0000] {dagbag.py:588} INFO - Filling up the DagBag from /opt/airflow/dags/my_tasks.py
[2026-10-01T18:36:02.163+0000] {processor.py:925} INFO - DAG(s) 'my_dag' retrieved from /opt/airflow/dags/my_tasks.py
[2026-10-01T18:36:02.182+0000] {logging_mixin.py:190} INFO - [2026-10-01T18:36:02.182+0000] {dag.py:3239} INFO - Sync 1 DAGs
[2026-10-01T18:36:02.199+0000] {logging_mixin.py:190} INFO - [2026-10-01T18:36:02.199+0000] {dag.py:4180} INFO - Setting next_dagrun for my_dag to None, run_after=None
[2026-10-01T18:36:02.214+0000] {processor.py:208} INFO - Processing /opt/airflow/dags/my_tasks.py took 0.072 seconds
[2026-10-01T18:36:32.439+0000] {processor.py:186} INFO - Started process (PID=1507) to work on /opt/airflow/dags/my_tasks.py
[2026-10-01T18:36:32.440+0000] {processor.py:914} INFO - Processing file /opt/airflow/dags/my_tasks.py for tasks to queue
[2026-10-01T18:36:32.443+0000] {logging_mixin.py:190} INFO - [2026-10-01T18:36:32.442+0000] {dagbag.py:588} INFO - Filling up the DagBag from /opt/airflow/dags/my_tasks.py
[2026-10-01T18:36:32.451+0000] {processor.py:925} INFO - DAG(s) 'my_dag' retrieved from /opt/airflow/dags/my_tasks.py
[2026-10-01T18:36:32.470+0000] {logging_mixin.py:190} INFO - [2026-10-01T18:36:32.470+0000] {dag.py:3239} INFO - Sync 1 DAGs
[2026-10-01T18:36:32.486+0000] {logging_mixin.py:190} INFO - [2026-10-01T18:36:32.486+0000] {dag.py:4180} INFO - Setting next_dagrun for my_dag to None, run_after=None
[2026-10-01T18:36:32.500+0000] {processor.py:208} INFO - Processing /opt/airflow/dags/my_tasks.py took 0.067 seconds
[2026-10-01T18:37:02.715+0000] {processor.py:186} INFO - Started process (PID=1518) to work on /opt/airflow/dags/my_tasks.py
[2026-10-01T18:37:02.717+0000] {processor.py:914} INFO - Processing file /opt/airflow/dags/my_tasks.py for tasks to queue
[2026-10-01T18:37:02.719+0000] {logging_mixin.py:190} INFO - [2026-10-01T18:37:02.719+0000] {dagbag.py:588} INFO - Filling up the DagBag from /opt/airflow/dags/my_tasks.py
[2026-10-01T18:37:02.726+0000] {processor.py:925} INFO - DAG(s) 'my_dag' retrieved from /opt/airflow/dags/my_tasks.py
[2026-10-01T18:37:02.744+0000] {logging_mixin.py:190} INFO - [2026-10-01T18:37:02.744+0000] {dag.py:3239} INFO - Sync 1 DAGs
[2026-10-01T18:37:02.760+0000] {logging_mixin.py:190} INFO - [2026-10-01T18:37:02.760+0000] {dag.py:4180} INFO - Setting next_dagrun for my_dag to None, run_after=None
[2026-10-01T18:37:02.775+0000] {processor.py:208} INFO - Processing /opt/airflow/dags/my_tasks.py took 0.067 seconds
[2026-10-01T18:37:32.995+0000] {processor.py:186} INFO - Started process (PID=1529) to work on /opt/airflow/dags/my_tasks.py
[2026-10-01T18:37:33.003+0000] {processor.py:914} INFO - Processing file /opt/airflow/dags/my_tasks.py for tasks to queue
[2026-10-01T18:37:33.006+0000] {logging_mixin.py:190} INFO - [2026-10-01T18:37:33.005+0000] {dagbag.py:588} INFO - Filling up the DagBag from /opt/airflow/dags/my_tasks.py
[2026-10-01T18:37:33.015+0000] {processor.py:925} INFO - DAG(s) 'my_dag' retrieved from /opt/airflow/dags/my_tasks.py
[2026-10-01T18:37:33.034+0000] {logging_mixin.py:190} INFO - [2026-10-01T18:37:33.033+0000] {dag.py:3239} INFO - Sync 1 DAGs
[2026-10-01T18:37:33.049+0000] {logging_mixin.py:190} INFO - [2026-10-01T18:37:33.049+0000] {dag.py:4180} INFO - Setting next_dagrun for my_dag to None, run_after=None
[2026-10-01T18:37:33.063+0000] {processor.py:208} INFO - Processing /opt/airflow/dags/my_tasks.py took 0.073 seconds
[2026-10-01T18:38:03.250+0000] {processor.py:186} INFO - Started process (PID=1540) to work on /opt/airflow/dags/my_tasks.py
[2026-10-01T18:38:03.259+0000] {processor.py:914} INFO - Processing file /opt/airflow/dags/my_tasks.py for tasks to queue
[2026-10-01T18:38:03.261+0000] {logging_mixin.py:190} INFO - [2026-10-01T18:38:03.261+0000] {dagbag.py:588} INFO - Filling up the DagBag from /opt/airflow/dags/my_tasks.py
[2026-10-01T18:38:03.268+0000] {processor.py:925} INFO - DAG(s) 'my_dag' retrieved from /opt/airflow/dags/my_tasks.py
[2026-10-01T18:38:03.287+0000] {logging_mixin.py:190} INFO - [2026-10-01T18:38:03.287+0000] {dag.py:3239} INFO - Sync 1 DAGs
[2026-10-01T18:38:03.304+0000] {logging_mixin.py:190} INFO - [2026-10-01T18:38:03.304+0000] {dag.py:4180} INFO - Setting next_dagrun for my_dag to None, run_after=None
[2026-10-01T18:38:03.317+0000] {processor.py:208} INFO - Processing /opt/airflow/dags/my_tasks.py took 0.073 seconds
[2026-10-01T18:38:33.521+0000] {processor.py:186} INFO - Started process (PID=1551) to work on /opt/airflow/dags/my_tasks.py
[2026-10-01T18:38:33.530+0000] {processor.py:914} INFO - Processing file /opt/airflow/dags/my_tasks.py for tasks to queue
[2026-10-01T18:38:33.532+0000] {logging_mixin.py:190} INFO - [2026-10-01T18:38:33.531+0000] {dagbag.py:588} INFO - Filling up the DagBag from /opt/airflow/dags/my_tasks.py
[2026-10-01T18:38:33.542+0000] {processor.py:925} INFO - DAG(s) 'my_dag' retrieved from /opt/airflow/dags/my_tasks.py
[2026-10-01T18:38:33.560+0000] {logging_mixin.py:190} INFO - [2026-10-01T18:38:33.560+0000] {dag.py:3239} INFO - Sync 1 DAGs
[2026-10-01T18:38:33.576+0000] {logging_mixin.py:190} INFO - [2026-10-01T18:38:33.576+0000] {dag.py:4180} INFO - Setting next_dagrun for my_dag to None, run_after=None
[2026-10-01T18:38:33.590+0000] {processor.py:208} INFO - Processing /opt/airflow/dags/my_tasks.py took 0.075 seconds
[2026-10-01T18:39:03.787+0000] {processor.py:186} INFO - Started process (PID=1562) to work on /opt/airflow/dags/my_tasks.py
[2026-10-01T18:39:03.795+0000] {processor.py:914} INFO - Processing file /opt/airflow/dags/my_tasks.py for tasks to queue
[2026-10-01T18:39:03.797+0000] {logging_mixin.py:190} INFO - [2026-10-01T18:39:03.797+0000] {dagbag.py:588} INFO - Filling up the DagBag from /opt/airflow/dags/my_tasks.py
[2026-10-01T18:39:03.807+0000] {processor.py:925} INFO - DAG(s) 'my_dag' retrieved from /opt/airflow/dags/my_tasks.py
[2026-10-01T18:39:03.825+0000] {logging_mixin.py:190} INFO - [2026-10-01T18:39:03.825+0000] {dag.py:3239} INFO - Sync 1 DAGs
[2026-10-01T18:39:03.841+0000] {logging_mixin.py:190} INFO - [2026-10-01T18:39:03.840+0000] {dag.py:4180} INFO - Setting next_dagrun for my_dag to None, run_after=None
[2026-10-01T18:39:03.854+0000] {processor.py:208} INFO - Processing /opt/airflow/dags/my_tasks.py took 0.072 seconds
[2026-10-01T18:39:34.055+0000] {processor.py:186} INFO - Started process (PID=1573) to work on /opt/airflow/dags/my_tasks.py
[2026-10-01T18:39:34.064+0000] {processor.py:914} INFO - Processing file /opt/airflow/dags/my_tasks.py for tasks to queue
[2026-10-01T18:39:34.066+0000] {logging_mixin.py:190} INFO - [2026-10-01T18:39:34.066+0000] {dagbag.py:588} INFO - Filling up the DagBag from /opt/airflow/dags/my_tasks.py
[2026-10-01T18:39:34.077+0000] {processor.py:925} INFO - DAG(s) 'my_dag' retrieved from /opt/airflow/dags/my_tasks.py
[2026-10-01T18:39:34.097+0000] {logging_mixin.py:190} INFO - [2026-10-01T18:39:34.096+0000] {dag.py:3239} INFO - Sync 1 DAGs
[2026-10-01T18:39:34.113+0000] {logging_mixin.py:190} INFO - [2026-10-01T18:39:34.113+0000] {dag.py:4180} INFO - Setting next_dagrun for my_dag to None, run_after=None
[2026-10-01T18:39:34.129+0000] {processor.py:208} INFO - Processing /opt/airflow/dags/my_tasks.py took 0.079 seconds
[2026-10-01T18:40:04.324+0000] {processor.py:186} INFO - Started process (PID=1584) to work on /opt/airflow/dags/my_tasks.py
[2026-10-01T18:40:04.324+0000] {processor.py:914} INFO - Processing file /opt/airflow/dags/my_tasks.py for tasks to queue
[2026-10-01T18:40:04.327+0000] {logging_mixin.py:190} INFO - [2026-10-01T18:40:04.326+0000] {dagbag.py:588} INFO - Filling up the DagBag from /opt/airflow/dags/my_tasks.py
[2026-10-01T18:40:04.337+0000] {processor.py:925} INFO - DAG(s) 'my_dag' retrieved from /opt/airflow/dags/my_tasks.py
[2026-10-01T18:40:04.367+0000] {logging_mixin.py:190} INFO - [2026-10-01T18:40:04.367+0000] {dag.py:3239} INFO - Sync 1 DAGs
[2026-10-01T18:40:04.393+0000] {logging_mixin.py:190} INFO - [2026-10-01T18:40:04.392+0000] {dag.py:4180} INFO - Setting next_dagrun for my_dag to None, run_after=None
[2026-10-01T18:40:04.409+0000] {processor.py:208} INFO - Processing /opt/airflow/dags/my_tasks.py took 0.092 seconds
[2026-10-01T18:40:34.556+0000] {processor.py:186} INFO - Started process (PID=1595) to work on /opt/airflow/dags/my_tasks.py
[2026-10-01T18:40:34.569+0000] {processor.py:914} INFO - Processing file /opt/airflow/dags/my_tasks.py for tasks to queue
[2026-10-01T18:40:34.572+0000] {logging_mixin.py:190} INFO - [2026-10-01T18:40:34.571+0000] {dagbag.py:588} INFO - Filling up the DagBag from /opt/airflow/dags/my_tasks.py
[2026-10-01T18:40:34.578+0000] {processor.py:925} INFO - DAG(s) 'my_dag' retrieved from /opt/airflow/dags/my_tasks.py
[2026-10-01T18:40:34.596+0000] {logging_mixin.py:190} INFO - [2026-10-01T18:40:34.596+0000] {dag.py:3239} INFO - Sync 1 DAGs
[2026-10-01T18:40:34.611+0000] {logging_mixin.py:190} INFO - [2026-10-01T18:40:34.611+0000] {dag.py:4180} INFO - Setting next_dagrun for my_dag to None, run_after=None
[2026-10-01T18:40:34.626+0000] {processor.py:208} INFO - Processing /opt/airflow/dags/my_tasks.py took 0.077 seconds
[2026-10-01T18:41:04.824+0000] {processor.py:186} INFO - Started process (PID=1606) to work on /opt/airflow/dags/my_tasks.py
[2026-10-01T18:41:04.832+0000] {processor.py:914} INFO - Processing file /opt/airflow/dags/my_tasks.py for tasks to queue
[2026-10-01T18:41:04.833+0000] {logging_mixin.py:190} INFO - [2026-10-01T18:41:04.833+0000] {dagbag.py:588} INFO - Filling up the DagBag from /opt/airflow/dags/my_tasks.py
[2026-10-01T18:41:04.841+0000] {processor.py:925} INFO - DAG(s) 'my_dag' retrieved from /opt/airflow/dags/my_tasks.py
[2026-10-01T18:41:04.863+0000] {logging_mixin.py:190} INFO - [2026-10-01T18:41:04.863+0000] {dag.py:3239} INFO - Sync 1 DAGs
[2026-10-01T18:41:04.879+0000] {logging_mixin.py:190} INFO - [2026-10-01T18:41:04.878+0000] {dag.py:4180} INFO - Setting next_dagrun for my_dag to None, run_after=None
[2026-10-01T18:41:04.891+0000] {processor.py:208} INFO - Processing /opt/airflow/dags/my_tasks.py took 0.072 seconds
[2026-10-01T18:41:35.077+0000] {processor.py:186} INFO - Started process (PID=1617) to work on /opt/airflow/dags/my_tasks.py
[2026-10-01T18:41:35.078+0000] {processor.py:914} INFO - Processing file /opt/airflow/dags/my_tasks.py for tasks to queue
[2026-10-01T18:41:35.079+0000] {logging_mixin.py:190} INFO - [2026-10-01T18:41:35.079+0000] {dagbag.py:588} INFO - Filling up the DagBag from /opt/airflow/dags/my_tasks.py
[2026-10-01T18:41:35.086+0000] {processor.py:925} INFO - DAG(s) 'my_dag' retrieved from /opt/airflow/dags/my_tasks.py
[2026-10-01T18:41:35.104+0000] {logging_mixin.py:190} INFO - [2026-10-01T18:41:35.104+0000] {dag.py:3239} INFO - Sync 1 DAGs
[2026-10-01T18:41:35.120+0000] {logging_mixin.py:190} INFO - [2026-10-01T18:41:35.120+0000] {dag.py:4180} INFO - Setting next_dagrun for my_dag to None, run_after=None
[2026-10-01T18:41:35.137+0000] {processor.py:208} INFO - Processing /opt/airflow/dags/my_tasks.py took 0.065 seconds
[2026-10-01T18:42:05.346+0000] {processor.py:186} INFO - Started process (PID=1628) to work on /opt/airflow/dags/my_tasks.py
[2026-10-01T18:42:05.350+0000] {processor.py:914} INFO - Processing file /opt/airflow/dags/my_tasks.py for tasks to queue
[2026-10-01T18:42:05.353+0000] {logging_mixin.py:190} INFO - [2026-10-01T18:42:05.352+0000] {dagbag.py:588} INFO - Filling up the DagBag from /opt/airflow/dags/my_tasks.py
[2026-10-01T18:42:05.360+0000] {processor.py:925} INFO - DAG(s) 'my_dag' retrieved from /opt/airflow/dags/my_tasks.py
[2026-10-01T18:42:05.378+0000] {logging_mixin.py:190} INFO - [2026-10-01T18:42:05.378+0000] {dag.py:3239} INFO - Sync 1 DAGs
[2026-10-01T18:42:05.396+0000] {logging_mixin.py:190} INFO - [2026-10-01T18:42:05.396+0000] {dag.py:4180} INFO - Setting next_dagrun for my_dag to None, run_after=None
[2026-10-01T18:42:05.410+0000] {processor.py:208} INFO - Processing /opt/airflow/dags/my_tasks.py took 0.070 seconds
[2026-10-01T18:42:35.632+0000] {processor.py:186} INFO - Started process (PID=1639) to work on /opt/airflow/dags/my_tasks.py
[2026-10-01T18:42:35.640+0000] {processor.py:914} INFO - Processing file /opt/airflow/dags/my_tasks.py for tasks to queue
[2026-10-01T18:42:35.642+0000] {logging_mixin.py:190} INFO - [2026-10-01T18:42:35.641+0000] {dagbag.py:588} INFO - Filling up the DagBag from /opt/airflow/dags/my_tasks.py
[2026-10-01T18:42:35.652+0000] {processor.py:925} INFO - DAG(s) 'my_dag' retrieved from /opt/airflow/dags/my_tasks.py
[2026-10-01T18:42:35.673+0000] {logging_mixin.py:190} INFO - [2026-10-01T18:42:35.673+0000] {dag.py:3239} INFO - Sync 1 DAGs
[2026-10-01T18:42:35.694+0000] {logging_mixin.py:190} INFO - [2026-10-01T18:42:35.693+0000] {dag.py:4180} INFO - Setting next_dagrun for my_dag to None, run_after=None
[2026-10-01T18:42:35.712+0000] {processor.py:208} INFO - Processing /opt/airflow/dags/my_tasks.py took 0.086 seconds
[2026-10-01T18:43:05.892+0000] {processor.py:186} INFO - Started process (PID=1650) to work on /opt/airflow/dags/my_tasks.py
[2026-10-01T18:43:05.900+0000] {processor.py:914} INFO - Processing file /opt/airflow/dags/my_tasks.py for tasks to queue
[2026-10-01T18:43:05.902+0000] {logging_mixin.py:190} INFO - [2026-10-01T18:43:05.902+0000] {dagbag.py:588} INFO - Filling up the DagBag from /opt/airflow/dags/my_tasks.py
[2026-10-01T18:43:05.909+0000] {processor.py:925} INFO - DAG(s) 'my_dag' retrieved from /opt/airflow/dags/my_tasks.py
[2026-10-01T18:43:05.930+0000] {logging_mixin.py:190} INFO - [2026-10-01T18:43:05.930+0000] {dag.py:3239} INFO - Sync 1 DAGs
[2026-10-01T18:43:05.948+0000] {logging_mixin.py:190} INFO - [2026-10-01T18:43:05.948+0000] {dag.py:4180} INFO - Setting next_dagrun for my_dag to None, run_after=None
[2026-10-01T18:43:05.964+0000] {processor.py:208} INFO - Processing /opt/airflow/dags/my_tasks.py took 0.079 seconds
[2026-10-01T18:43:36.152+0000] {processor.py:186} INFO - Started process (PID=1661) to work on /opt/airflow/dags/my_tasks.py
[2026-10-01T18:43:36.160+0000] {processor.py:914} INFO - Processing file /opt/airflow/dags/my_tasks.py for tasks to queue
[2026-10-01T18:43:36.164+0000] {logging_mixin.py:190} INFO - [2026-10-01T18:43:36.164+0000] {dagbag.py:588} INFO - Filling up the DagBag from /opt/airflow/dags/my_tasks.py
[2026-10-01T18:43:36.172+0000] {processor.py:925} INFO - DAG(s) 'my_dag' retrieved from /opt/airflow/dags/my_tasks.py
[2026-10-01T18:43:36.190+0000] {logging_mixin.py:190} INFO - [2026-10-01T18:43:36.190+0000] {dag.py:3239} INFO - Sync 1 DAGs
[2026-10-01T18:43:36.206+0000] {logging_mixin.py:190} INFO - [2026-10-01T18:43:36.206+0000] {dag.py:4180} INFO - Setting next_dagrun for my_dag to None, run_after=None
[2026-10-01T18:43:36.220+0000] {processor.py:208} INFO - Processing /opt/airflow/dags/my_tasks.py took 0.076 seconds
[2026-10-01T18:44:06.404+0000] {processor.py:186} INFO - Started process (PID=1672) to work on /opt/airflow/dags/my_tasks.py
[2026-10-01T18:44:06.412+0000] {processor.py:914} INFO - Processing file /opt/airflow/dags/my_tasks.py for tasks to queue
[2026-10-01T18:44:06.413+0000] {logging_mixin.py:190} INFO - [2026-10-01T18:44:06.413+0000] {dagbag.py:588} INFO - Filling up the DagBag from /opt/airflow/dags/my_tasks.py
[2026-10-01T18:44:06.420+0000] {processor.py:925} INFO - DAG(s) 'my_dag' retrieved from /opt/airflow/dags/my_tasks.py
[2026-10-01T18:44:06.438+0000] {logging_mixin.py:190} INFO - [2026-10-01T18:44:06.437+0000] {dag.py:3239} INFO - Sync 1 DAGs
[2026-10-01T18:44:06.453+0000] {logging_mixin.py:190} INFO - [2026-10-01T18:44:06.452+0000] {dag.py:4180} INFO - Setting next_dagrun for my_dag to None, run_after=None
[2026-10-01T18:44:06.466+0000] {processor.py:208} INFO - Processing /opt/airflow/dags/my_tasks.py took 0.070 seconds
[2026-10-01T18:44:36.649+0000] {processor.py:186} INFO - Started process (PID=1683) to work on /opt/airflow/dags/my_tasks.py
[2026-10-01T18:44:36.650+0000] {processor.py:914} INFO - Processing file /opt/airflow/dags/my_tasks.py for tasks to queue
[2026-10-01T18:44:36.651+0000] {logging_mixin.py:190} INFO - [2026-10-01T18:44:36.651+0000] {dagbag.py:588} INFO - Filling up the DagBag from /opt/airflow/dags/my_tasks.py
[2026-10-01T18:44:36.661+0000] {processor.py:925} INFO - DAG(s) 'my_dag' retrieved from /opt/airflow/dags/my_tasks.py
[2026-10-01T18:44:36.680+0000] {logging_mixin.py:190} INFO - [2026-10-01T18:44:36.680+0000] {dag.py:3239} INFO - Sync 1 DAGs
[2026-10-01T18:44:36.699+0000] {logging_mixin.py:190} INFO - [2026-10-01T18:44:36.699+0000] {dag.py:4180} INFO - Setting next_dagrun for my_dag to None, run_after=None
[2026-10-01T18:44:36.715+0000] {processor.py:208} INFO - Processing /opt/airflow/dags/my_tasks.py took 0.070 seconds
[2026-10-01T18:45:06.931+0000] {processor.py:186} INFO - Started process (PID=1700) to work on /opt/airflow/dags/my_tasks.py
[2026-10-01T18:45:06.939+0000] {processor.py:914} INFO - Processing file /opt/airflow/dags/my_tasks.py for tasks to queue
[2026-10-01T18:45:06.942+0000] {logging_mixin.py:190} INFO - [2026-10-01T18:45:06.941+0000] {dagbag.py:588} INFO - Filling up the DagBag from /opt/airflow/dags/my_tasks.py
[2026-10-01T18:45:06.949+0000] {processor.py:925} INFO - DAG(s) 'my_dag' retrieved from /opt/airflow/dags/my_tasks.py
[2026-10-01T18:45:06.969+0000] {logging_mixin.py:190} INFO - [2026-10-01T18:45:06.969+0000] {dag.py:3239} INFO - Sync 1 DAGs
[2026-10-01T18:45:06.987+0000] {logging_mixin.py:190} INFO - [2026-10-01T18:45:06.986+0000] {dag.py:4180} INFO - Setting next_dagrun for my_dag to None, run_after=None
[2026-10-01T18:45:07.001+0000] {processor.py:208} INFO - Processing /opt/airflow/dags/my_tasks.py took 0.077 seconds
[2026-10-01T18:45:37.189+0000] {processor.py:186} INFO - Started process (PID=1711) to work on /opt/airflow/dags/my_tasks.py
[2026-10-01T18:45:37.419+0000] {processor.py:914} INFO - Processing file /opt/airflow/dags/my_tasks.py for tasks to queue
[2026-10-01T18:45:37.422+0000] {logging_mixin.py:190} INFO - [2026-10-01T18:45:37.422+0000] {dagbag.py:588} INFO - Filling up the DagBag from /opt/airflow/dags/my_tasks.py
[2026-10-01T18:45:37.438+0000] {processor.py:925} INFO - DAG(s) 'my_dag' retrieved from /opt/airflow/dags/my_tasks.py
[2026-10-01T18:45:37.459+0000] {logging_mixin.py:190} INFO - [2026-10-01T18:45:37.459+0000] {dag.py:3239} INFO - Sync 1 DAGs
[2026-10-01T18:45:37.477+0000] {logging_mixin.py:190} INFO - [2026-10-01T18:45:37.477+0000] {dag.py:4180} INFO - Setting next_dagrun for my_dag to None, run_after=None
[2026-10-01T18:45:37.492+0000] {processor.py:208} INFO - Processing /opt/airflow/dags/my_tasks.py took 0.308 seconds
[2026-10-01T18:46:07.689+0000] {processor.py:186} INFO - Started process (PID=1722) to work on /opt/airflow/dags/my_tasks.py
[2026-10-01T18:46:07.697+0000] {processor.py:914} INFO - Processing file /opt/airflow/dags/my_tasks.py for tasks to queue
[2026-10-01T18:46:07.700+0000] {logging_mixin.py:190} INFO - [2026-10-01T18:46:07.700+0000] {dagbag.py:588} INFO - Filling up the DagBag from /opt/airflow/dags/my_tasks.py
[2026-10-01T18:46:07.709+0000] {processor.py:925} INFO - DAG(s) 'my_dag' retrieved from /opt/airflow/dags/my_tasks.py
[2026-10-01T18:46:07.727+0000] {logging_mixin.py:190} INFO - [2026-10-01T18:46:07.727+0000] {dag.py:3239} INFO - Sync 1 DAGs
[2026-10-01T18:46:07.742+0000] {logging_mixin.py:190} INFO - [2026-10-01T18:46:07.742+0000] {dag.py:4180} INFO - Setting next_dagrun for my_dag to None, run_after=None
[2026-10-01T18:46:07.756+0000] {processor.py:208} INFO - Processing /opt/airflow/dags/my_tasks.py took 0.077 seconds
[2026-10-01T18:46:37.938+0000] {processor.py:186} INFO - Started process (PID=1733) to work on /opt/airflow/dags/my_tasks.py
[2026-10-01T18:46:37.946+0000] {processor.py:914} INFO - Processing file /opt/airflow/dags/my_tasks.py for tasks to queue
[2026-10-01T18:46:37.951+0000] {logging_mixin.py:190} INFO - [2026-10-01T18:46:37.950+0000] {dagbag.py:588} INFO - Filling up the DagBag from /opt/airflow/dags/my_tasks.py
[2026-10-01T18:46:37.961+0000] {processor.py:925} INFO - DAG(s) 'my_dag' retrieved from /opt/airflow/dags/my_tasks.py
[2026-10-01T18:46:37.979+0000] {logging_mixin.py:190} INFO - [2026-10-01T18:46:37.979+0000] {dag.py:3239} INFO - Sync 1 DAGs
[2026-10-01T18:46:37.997+0000] {logging_mixin.py:190} INFO - [2026-10-01T18:46:37.997+0000] {dag.py:4180} INFO - Setting next_dagrun for my_dag to None, run_after=None
[2026-10-01T18:46:38.013+0000] {processor.py:208} INFO - Processing /opt/airflow/dags/my_tasks.py took 0.084 seconds
[2026-10-01T18:47:08.165+0000] {processor.py:186} INFO - Started process (PID=1744) to work on /opt/airflow/dags/my_tasks.py
[2026-10-01T18:47:08.173+0000] {processor.py:914} INFO - Processing file /opt/airflow/dags/my_tasks.py for tasks to queue
[2026-10-01T18:47:08.175+0000] {logging_mixin.py:190} INFO - [2026-10-01T18:47:08.175+0000] {dagbag.py:588} INFO - Filling up the DagBag from /opt/airflow/dags/my_tasks.py
[2026-10-01T18:47:08.183+0000] {processor.py:925} INFO - DAG(s) 'my_dag' retrieved from /opt/airflow/dags/my_tasks.py
[2026-10-01T18:47:08.201+0000] {logging_mixin.py:190} INFO - [2026-10-01T18:47:08.201+0000] {dag.py:3239} INFO - Sync 1 DAGs
[2026-10-01T18:47:08.217+0000] {logging_mixin.py:190} INFO - [2026-10-01T18:47:08.216+0000] {dag.py:4180} INFO - Setting next_dagrun for my_dag to None, run_after=None
[2026-10-01T18:47:08.230+0000] {processor.py:208} INFO - Processing /opt/airflow/dags/my_tasks.py took 0.071 seconds
[2026-10-01T18:47:38.418+0000] {processor.py:186} INFO - Started process (PID=1755) to work on /opt/airflow/dags/my_tasks.py
[2026-10-01T18:47:38.426+0000] {processor.py:914} INFO - Processing file /opt/airflow/dags/my_tasks.py for tasks to queue
[2026-10-01T18:47:38.429+0000] {logging_mixin.py:190} INFO - [2026-10-01T18:47:38.429+0000] {dagbag.py:588} INFO - Filling up the DagBag from /opt/airflow/dags/my_tasks.py
[2026-10-01T18:47:38.439+0000] {processor.py:925} INFO - DAG(s) 'my_dag' retrieved from /opt/airflow/dags/my_tasks.py
[2026-10-01T18:47:38.459+0000] {logging_mixin.py:190} INFO - [2026-10-01T18:47:38.459+0000] {dag.py:3239} INFO - Sync 1 DAGs
[2026-10-01T18:47:38.475+0000] {logging_mixin.py:190} INFO - [2026-10-01T18:47:38.474+0000] {dag.py:4180} INFO - Setting next_dagrun for my_dag to None, run_after=None
[2026-10-01T18:47:38.494+0000] {processor.py:208} INFO - Processing /opt/airflow/dags/my_tasks.py took 0.082 seconds
[2026-10-01T18:48:08.689+0000] {processor.py:186} INFO - Started process (PID=1766) to work on /opt/airflow/dags/my_tasks.py
[2026-10-01T18:48:08.697+0000] {processor.py:914} INFO - Processing file /opt/airflow/dags/my_tasks.py for tasks to queue
[2026-10-01T18:48:08.699+0000] {logging_mixin.py:190} INFO - [2026-10-01T18:48:08.698+0000] {dagbag.py:588} INFO - Filling up the DagBag from /opt/airflow/dags/my_tasks.py
[2026-10-01T18:48:08.705+0000] {processor.py:925} INFO - DAG(s) 'my_dag' retrieved from /opt/airflow/dags/my_tasks.py
[2026-10-01T18:48:08.723+0000] {logging_mixin.py:190} INFO - [2026-10-01T18:48:08.723+0000] {dag.py:3239} INFO - Sync 1 DAGs
[2026-10-01T18:48:08.740+0000] {logging_mixin.py:190} INFO - [2026-10-01T18:48:08.739+0000] {dag.py:4180} INFO - Setting next_dagrun for my_dag to None, run_after=None
[2026-10-01T18:48:08.755+0000] {processor.py:208} INFO - Processing /opt/airflow/dags/my_tasks.py took 0.070 seconds
[2026-10-01T18:48:38.954+0000] {processor.py:186} INFO - Started process (PID=1777) to work on /opt/airflow/dags/my_tasks.py
[2026-10-01T18:48:38.954+0000] {processor.py:914} INFO - Processing file /opt/airflow/dags/my_tasks.py for tasks to queue
[2026-10-01T18:48:38.956+0000] {logging_mixin.py:190} INFO - [2026-10-01T18:48:38.956+0000] {dagbag.py:588} INFO - Filling up the DagBag from /opt/airflow/dags/my_tasks.py
[2026-10-01T18:48:38.966+0000] {processor.py:925} INFO - DAG(s) 'my_dag' retrieved from /opt/airflow/dags/my_tasks.py
[2026-10-01T18:48:38.996+0000] {logging_mixin.py:190} INFO - [2026-10-01T18:48:38.996+0000] {dag.py:3239} INFO - Sync 1 DAGs
[2026-10-01T18:48:39.028+0000] {logging_mixin.py:190} INFO - [2026-10-01T18:48:39.027+0000] {dag.py:4180} INFO - Setting next_dagrun for my_dag to None, run_after=None
[2026-10-01T18:48:39.050+0000] {processor.py:208} INFO - Processing /opt/airflow/dags/my_tasks.py took 0.102 seconds
[2026-10-01T18:49:09.371+0000] {processor.py:186} INFO - Started process (PID=1788) to work on /opt/airflow/dags/my_tasks.py
[2026-10-01T18:49:09.372+0000] {processor.py:914} INFO - Processing file /opt/airflow/dags/my_tasks.py for tasks to queue
[2026-10-01T18:49:09.373+0000] {logging_mixin.py:190} INFO - [2026-10-01T18:49:09.373+0000] {dagbag.py:588} INFO - Filling up the DagBag from /opt/airflow/dags/my_tasks.py
[2026-10-01T18:49:09.388+0000] {processor.py:925} INFO - DAG(s) 'my_dag' retrieved from /opt/airflow/dags/my_tasks.py
[2026-10-01T18:49:09.408+0000] {logging_mixin.py:190} INFO - [2026-10-01T18:49:09.407+0000] {dag.py:3239} INFO - Sync 1 DAGs
[2026-10-01T18:49:09.424+0000] {logging_mixin.py:190} INFO - [2026-10-01T18:49:09.424+0000] {dag.py:4180} INFO - Setting next_dagrun for my_dag to None, run_after=None
[2026-10-01T18:49:09.439+0000] {processor.py:208} INFO - Processing /opt/airflow/dags/my_tasks.py took 0.075 seconds
[2026-10-01T18:49:39.639+0000] {processor.py:186} INFO - Started process (PID=1799) to work on /opt/airflow/dags/my_tasks.py
[2026-10-01T18:49:39.648+0000] {processor.py:914} INFO - Processing file /opt/airflow/dags/my_tasks.py for tasks to queue
[2026-10-01T18:49:39.652+0000] {logging_mixin.py:190} INFO - [2026-10-01T18:49:39.651+0000] {dagbag.py:588} INFO - Filling up the DagBag from /opt/airflow/dags/my_tasks.py
[2026-10-01T18:49:39.660+0000] {processor.py:925} INFO - DAG(s) 'my_dag' retrieved from /opt/airflow/dags/my_tasks.py
[2026-10-01T18:49:39.679+0000] {logging_mixin.py:190} INFO - [2026-10-01T18:49:39.679+0000] {dag.py:3239} INFO - Sync 1 DAGs
[2026-10-01T18:49:39.694+0000] {logging_mixin.py:190} INFO - [2026-10-01T18:49:39.694+0000] {dag.py:4180} INFO - Setting next_dagrun for my_dag to None, run_after=None
[2026-10-01T18:49:39.714+0000] {processor.py:208} INFO - Processing /opt/airflow/dags/my_tasks.py took 0.082 seconds
[2026-10-01T18:50:09.885+0000] {processor.py:186} INFO - Started process (PID=1810) to work on /opt/airflow/dags/my_tasks.py
[2026-10-01T18:50:09.894+0000] {processor.py:914} INFO - Processing file /opt/airflow/dags/my_tasks.py for tasks to queue
[2026-10-01T18:50:09.896+0000] {logging_mixin.py:190} INFO - [2026-10-01T18:50:09.896+0000] {dagbag.py:588} INFO - Filling up the DagBag from /opt/airflow/dags/my_tasks.py
[2026-10-01T18:50:09.903+0000] {processor.py:925} INFO - DAG(s) 'my_dag' retrieved from /opt/airflow/dags/my_tasks.py
[2026-10-01T18:50:09.923+0000] {logging_mixin.py:190} INFO - [2026-10-01T18:50:09.923+0000] {dag.py:3239} INFO - Sync 1 DAGs
[2026-10-01T18:50:09.939+0000] {logging_mixin.py:190} INFO - [2026-10-01T18:50:09.939+0000] {dag.py:4180} INFO - Setting next_dagrun for my_dag to None, run_after=None
[2026-10-01T18:50:09.954+0000] {processor.py:208} INFO - Processing /opt/airflow/dags/my_tasks.py took 0.073 seconds
[2026-10-01T18:50:40.157+0000] {processor.py:186} INFO - Started process (PID=1821) to work on /opt/airflow/dags/my_tasks.py
[2026-10-01T18:50:40.164+0000] {processor.py:914} INFO - Processing file /opt/airflow/dags/my_tasks.py for tasks to queue
[2026-10-01T18:50:40.166+0000] {logging_mixin.py:190} INFO - [2026-10-01T18:50:40.166+0000] {dagbag.py:588} INFO - Filling up the DagBag from /opt/airflow/dags/my_tasks.py
[2026-10-01T18:50:40.175+0000] {processor.py:925} INFO - DAG(s) 'my_dag' retrieved from /opt/airflow/dags/my_tasks.py
[2026-10-01T18:50:40.194+0000] {logging_mixin.py:190} INFO - [2026-10-01T18:50:40.194+0000] {dag.py:3239} INFO - Sync 1 DAGs
[2026-10-01T18:50:40.210+0000] {logging_mixin.py:190} INFO - [2026-10-01T18:50:40.210+0000] {dag.py:4180} INFO - Setting next_dagrun for my_dag to None, run_after=None
[2026-10-01T18:50:40.224+0000] {processor.py:208} INFO - Processing /opt/airflow/dags/my_tasks.py took 0.075 seconds
[2026-10-01T18:51:10.424+0000] {processor.py:186} INFO - Started process (PID=1832) to work on /opt/airflow/dags/my_tasks.py
[2026-10-01T18:51:10.432+0000] {processor.py:914} INFO - Processing file /opt/airflow/dags/my_tasks.py for tasks to queue
[2026-10-01T18:51:10.434+0000] {logging_mixin.py:190} INFO - [2026-10-01T18:51:10.434+0000] {dagbag.py:588} INFO - Filling up the DagBag from /opt/airflow/dags/my_tasks.py
[2026-10-01T18:51:10.441+0000] {processor.py:925} INFO - DAG(s) 'my_dag' retrieved from /opt/airflow/dags/my_tasks.py
[2026-10-01T18:51:10.459+0000] {logging_mixin.py:190} INFO - [2026-10-01T18:51:10.459+0000] {dag.py:3239} INFO - Sync 1 DAGs
[2026-10-01T18:51:10.475+0000] {logging_mixin.py:190} INFO - [2026-10-01T18:51:10.474+0000] {dag.py:4180} INFO - Setting next_dagrun for my_dag to None, run_after=None
[2026-10-01T18:51:10.493+0000] {processor.py:208} INFO - Processing /opt/airflow/dags/my_tasks.py took 0.073 seconds
[2026-10-01T18:51:40.675+0000] {processor.py:186} INFO - Started process (PID=1843) to work on /opt/airflow/dags/my_tasks.py
[2026-10-01T18:51:40.677+0000] {processor.py:914} INFO - Processing file /opt/airflow/dags/my_tasks.py for tasks to queue
[2026-10-01T18:51:40.678+0000] {logging_mixin.py:190} INFO - [2026-10-01T18:51:40.678+0000] {dagbag.py:588} INFO - Filling up the DagBag from /opt/airflow/dags/my_tasks.py
[2026-10-01T18:51:40.686+0000] {processor.py:925} INFO - DAG(s) 'my_dag' retrieved from /opt/airflow/dags/my_tasks.py
[2026-10-01T18:51:40.704+0000] {logging_mixin.py:190} INFO - [2026-10-01T18:51:40.704+0000] {dag.py:3239} INFO - Sync 1 DAGs
[2026-10-01T18:51:40.719+0000] {logging_mixin.py:190} INFO - [2026-10-01T18:51:40.719+0000] {dag.py:4180} INFO - Setting next_dagrun for my_dag to None, run_after=None
[2026-10-01T18:51:40.732+0000] {processor.py:208} INFO - Processing /opt/airflow/dags/my_tasks.py took 0.062 seconds
[2026-10-01T18:52:10.960+0000] {processor.py:186} INFO - Started process (PID=1854) to work on /opt/airflow/dags/my_tasks.py
[2026-10-01T18:52:10.969+0000] {processor.py:914} INFO - Processing file /opt/airflow/dags/my_tasks.py for tasks to queue
[2026-10-01T18:52:10.971+0000] {logging_mixin.py:190} INFO - [2026-10-01T18:52:10.971+0000] {dagbag.py:588} INFO - Filling up the DagBag from /opt/airflow/dags/my_tasks.py
[2026-10-01T18:52:10.982+0000] {processor.py:925} INFO - DAG(s) 'my_dag' retrieved from /opt/airflow/dags/my_tasks.py
[2026-10-01T18:52:10.999+0000] {logging_mixin.py:190} INFO - [2026-10-01T18:52:10.999+0000] {dag.py:3239} INFO - Sync 1 DAGs
[2026-10-01T18:52:11.015+0000] {logging_mixin.py:190} INFO - [2026-10-01T18:52:11.015+0000] {dag.py:4180} INFO - Setting next_dagrun for my_dag to None, run_after=None
[2026-10-01T18:52:11.030+0000] {processor.py:208} INFO - Processing /opt/airflow/dags/my_tasks.py took 0.073 seconds
[2026-10-01T18:52:41.224+0000] {processor.py:186} INFO - Started process (PID=1865) to work on /opt/airflow/dags/my_tasks.py
[2026-10-01T18:52:41.224+0000] {processor.py:914} INFO - Processing file /opt/airflow/dags/my_tasks.py for tasks to queue
[2026-10-01T18:52:41.227+0000] {logging_mixin.py:190} INFO - [2026-10-01T18:52:41.227+0000] {dagbag.py:588} INFO - Filling up the DagBag from /opt/airflow/dags/my_tasks.py
[2026-10-01T18:52:41.238+0000] {processor.py:925} INFO - DAG(s) 'my_dag' retrieved from /opt/airflow/dags/my_tasks.py
[2026-10-01T18:52:41.265+0000] {logging_mixin.py:190} INFO - [2026-10-01T18:52:41.265+0000] {dag.py:3239} INFO - Sync 1 DAGs
[2026-10-01T18:52:41.290+0000] {logging_mixin.py:190} INFO - [2026-10-01T18:52:41.289+0000] {dag.py:4180} INFO - Setting next_dagrun for my_dag to None, run_after=None
[2026-10-01T18:52:41.311+0000] {processor.py:208} INFO - Processing /opt/airflow/dags/my_tasks.py took 0.095 seconds
[2026-10-01T18:53:11.480+0000] {processor.py:186} INFO - Started process (PID=1876) to work on /opt/airflow/dags/my_tasks.py
[2026-10-01T18:53:11.486+0000] {processor.py:914} INFO - Processing file /opt/airflow/dags/my_tasks.py for tasks to queue
[2026-10-01T18:53:11.488+0000] {logging_mixin.py:190} INFO - [2026-10-01T18:53:11.487+0000] {dagbag.py:588} INFO - Filling up the DagBag from /opt/airflow/dags/my_tasks.py
[2026-10-01T18:53:11.497+0000] {processor.py:925} INFO - DAG(s) 'my_dag' retrieved from /opt/airflow/dags/my_tasks.py
[2026-10-01T18:53:11.514+0000] {logging_mixin.py:190} INFO - [2026-10-01T18:53:11.514+0000] {dag.py:3239} INFO - Sync 1 DAGs
[2026-10-01T18:53:11.530+0000] {logging_mixin.py:190} INFO - [2026-10-01T18:53:11.529+0000] {dag.py:4180} INFO - Setting next_dagrun for my_dag to None, run_after=None
[2026-10-01T18:53:11.544+0000] {processor.py:208} INFO - Processing /opt/airflow/dags/my_tasks.py took 0.070 seconds
[2026-10-01T18:53:41.758+0000] {processor.py:186} INFO - Started process (PID=1887) to work on /opt/airflow/dags/my_tasks.py
[2026-10-01T18:53:41.758+0000] {processor.py:914} INFO - Processing file /opt/airflow/dags/my_tasks.py for tasks to queue
[2026-10-01T18:53:41.760+0000] {logging_mixin.py:190} INFO - [2026-10-01T18:53:41.759+0000] {dagbag.py:588} INFO - Filling up the DagBag from /opt/airflow/dags/my_tasks.py
[2026-10-01T18:53:41.767+0000] {processor.py:925} INFO - DAG(s) 'my_dag' retrieved from /opt/airflow/dags/my_tasks.py
[2026-10-01T18:53:41.785+0000] {logging_mixin.py:190} INFO - [2026-10-01T18:53:41.785+0000] {dag.py:3239} INFO - Sync 1 DAGs
[2026-10-01T18:53:41.801+0000] {logging_mixin.py:190} INFO - [2026-10-01T18:53:41.801+0000] {dag.py:4180} INFO - Setting next_dagrun for my_dag to None, run_after=None
[2026-10-01T18:53:41.815+0000] {processor.py:208} INFO - Processing /opt/airflow/dags/my_tasks.py took 0.061 seconds
[2026-10-01T18:54:11.997+0000] {processor.py:186} INFO - Started process (PID=1898) to work on /opt/airflow/dags/my_tasks.py
[2026-10-01T18:54:12.006+0000] {processor.py:914} INFO - Processing file /opt/airflow/dags/my_tasks.py for tasks to queue
[2026-10-01T18:54:12.010+0000] {logging_mixin.py:190} INFO - [2026-10-01T18:54:12.009+0000] {dagbag.py:588} INFO - Filling up the DagBag from /opt/airflow/dags/my_tasks.py
[2026-10-01T18:54:12.020+0000] {processor.py:925} INFO - DAG(s) 'my_dag' retrieved from /opt/airflow/dags/my_tasks.py
[2026-10-01T18:54:12.040+0000] {logging_mixin.py:190} INFO - [2026-10-01T18:54:12.040+0000] {dag.py:3239} INFO - Sync 1 DAGs
[2026-10-01T18:54:12.057+0000] {logging_mixin.py:190} INFO - [2026-10-01T18:54:12.057+0000] {dag.py:4180} INFO - Setting next_dagrun for my_dag to None, run_after=None
[2026-10-01T18:54:12.071+0000] {processor.py:208} INFO - Processing /opt/airflow/dags/my_tasks.py took 0.079 seconds
[2026-10-01T18:54:42.264+0000] {processor.py:186} INFO - Started process (PID=1909) to work on /opt/airflow/dags/my_tasks.py
[2026-10-01T18:54:42.265+0000] {processor.py:914} INFO - Processing file /opt/airflow/dags/my_tasks.py for tasks to queue
[2026-10-01T18:54:42.267+0000] {logging_mixin.py:190} INFO - [2026-10-01T18:54:42.267+0000] {dagbag.py:588} INFO - Filling up the DagBag from /opt/airflow/dags/my_tasks.py
[2026-10-01T18:54:42.274+0000] {processor.py:925} INFO - DAG(s) 'my_dag' retrieved from /opt/airflow/dags/my_tasks.py
[2026-10-01T18:54:42.293+0000] {logging_mixin.py:190} INFO - [2026-10-01T18:54:42.293+0000] {dag.py:3239} INFO - Sync 1 DAGs
[2026-10-01T18:54:42.311+0000] {logging_mixin.py:190} INFO - [2026-10-01T18:54:42.311+0000] {dag.py:4180} INFO - Setting next_dagrun for my_dag to None, run_after=None
[2026-10-01T18:54:42.326+0000] {processor.py:208} INFO - Processing /opt/airflow/dags/my_tasks.py took 0.068 seconds
[2026-10-01T18:55:12.499+0000] {processor.py:186} INFO - Started process (PID=1920) to work on /opt/airflow/dags/my_tasks.py
[2026-10-01T18:55:12.500+0000] {processor.py:914} INFO - Processing file /opt/airflow/dags/my_tasks.py for tasks to queue
[2026-10-01T18:55:12.501+0000] {logging_mixin.py:190} INFO - [2026-10-01T18:55:12.501+0000] {dagbag.py:588} INFO - Filling up the DagBag from /opt/airflow/dags/my_tasks.py
[2026-10-01T18:55:12.509+0000] {processor.py:925} INFO - DAG(s) 'my_dag' retrieved from /opt/airflow/dags/my_tasks.py
[2026-10-01T18:55:12.529+0000] {logging_mixin.py:190} INFO - [2026-10-01T18:55:12.529+0000] {dag.py:3239} INFO - Sync 1 DAGs
[2026-10-01T18:55:12.547+0000] {logging_mixin.py:190} INFO - [2026-10-01T18:55:12.546+0000] {dag.py:4180} INFO - Setting next_dagrun for my_dag to None, run_after=None
[2026-10-01T18:55:12.562+0000] {processor.py:208} INFO - Processing /opt/airflow/dags/my_tasks.py took 0.068 seconds
[2026-10-01T18:55:42.759+0000] {processor.py:186} INFO - Started process (PID=1931) to work on /opt/airflow/dags/my_tasks.py
[2026-10-01T18:55:42.760+0000] {processor.py:914} INFO - Processing file /opt/airflow/dags/my_tasks.py for tasks to queue
[2026-10-01T18:55:42.762+0000] {logging_mixin.py:190} INFO - [2026-10-01T18:55:42.762+0000] {dagbag.py:588} INFO - Filling up the DagBag from /opt/airflow/dags/my_tasks.py
[2026-10-01T18:55:42.770+0000] {processor.py:925} INFO - DAG(s) 'my_dag' retrieved from /opt/airflow/dags/my_tasks.py
[2026-10-01T18:55:42.795+0000] {logging_mixin.py:190} INFO - [2026-10-01T18:55:42.795+0000] {dag.py:3239} INFO - Sync 1 DAGs
[2026-10-01T18:55:42.816+0000] {logging_mixin.py:190} INFO - [2026-10-01T18:55:42.815+0000] {dag.py:4180} INFO - Setting next_dagrun for my_dag to None, run_after=None
[2026-10-01T18:55:42.831+0000] {processor.py:208} INFO - Processing /opt/airflow/dags/my_tasks.py took 0.077 seconds
[2026-10-01T18:56:13.110+0000] {processor.py:186} INFO - Started process (PID=1942) to work on /opt/airflow/dags/my_tasks.py
[2026-10-01T18:56:13.111+0000] {processor.py:914} INFO - Processing file /opt/airflow/dags/my_tasks.py for tasks to queue
[2026-10-01T18:56:13.113+0000] {logging_mixin.py:190} INFO - [2026-10-01T18:56:13.113+0000] {dagbag.py:588} INFO - Filling up the DagBag from /opt/airflow/dags/my_tasks.py
[2026-10-01T18:56:13.120+0000] {processor.py:925} INFO - DAG(s) 'my_dag' retrieved from /opt/airflow/dags/my_tasks.py
[2026-10-01T18:56:13.137+0000] {logging_mixin.py:190} INFO - [2026-10-01T18:56:13.137+0000] {dag.py:3239} INFO - Sync 1 DAGs
[2026-10-01T18:56:13.153+0000] {logging_mixin.py:190} INFO - [2026-10-01T18:56:13.153+0000] {dag.py:4180} INFO - Setting next_dagrun for my_dag to None, run_after=None
[2026-10-01T18:56:13.166+0000] {processor.py:208} INFO - Processing /opt/airflow/dags/my_tasks.py took 0.063 seconds
[2026-10-01T18:56:43.391+0000] {processor.py:186} INFO - Started process (PID=1953) to work on /opt/airflow/dags/my_tasks.py
[2026-10-01T18:56:43.394+0000] {processor.py:914} INFO - Processing file /opt/airflow/dags/my_tasks.py for tasks to queue
[2026-10-01T18:56:43.396+0000] {logging_mixin.py:190} INFO - [2026-10-01T18:56:43.395+0000] {dagbag.py:588} INFO - Filling up the DagBag from /opt/airflow/dags/my_tasks.py
[2026-10-01T18:56:43.405+0000] {processor.py:925} INFO - DAG(s) 'my_dag' retrieved from /opt/airflow/dags/my_tasks.py
[2026-10-01T18:56:43.426+0000] {logging_mixin.py:190} INFO - [2026-10-01T18:56:43.426+0000] {dag.py:3239} INFO - Sync 1 DAGs
[2026-10-01T18:56:43.442+0000] {logging_mixin.py:190} INFO - [2026-10-01T18:56:43.441+0000] {dag.py:4180} INFO - Setting next_dagrun for my_dag to None, run_after=None
[2026-10-01T18:56:43.455+0000] {processor.py:208} INFO - Processing /opt/airflow/dags/my_tasks.py took 0.069 seconds
[2026-10-01T18:57:13.653+0000] {processor.py:186} INFO - Started process (PID=1964) to work on /opt/airflow/dags/my_tasks.py
[2026-10-01T18:57:13.662+0000] {processor.py:914} INFO - Processing file /opt/airflow/dags/my_tasks.py for tasks to queue
[2026-10-01T18:57:13.665+0000] {logging_mixin.py:190} INFO - [2026-10-01T18:57:13.664+0000] {dagbag.py:588} INFO - Filling up the DagBag from /opt/airflow/dags/my_tasks.py
[2026-10-01T18:57:13.672+0000] {processor.py:925} INFO - DAG(s) 'my_dag' retrieved from /opt/airflow/dags/my_tasks.py
[2026-10-01T18:57:13.690+0000] {logging_mixin.py:190} INFO - [2026-10-01T18:57:13.690+0000] {dag.py:3239} INFO - Sync 1 DAGs
[2026-10-01T18:57:13.705+0000] {logging_mixin.py:190} INFO - [2026-10-01T18:57:13.705+0000] {dag.py:4180} INFO - Setting next_dagrun for my_dag to None, run_after=None
[2026-10-01T18:57:13.719+0000] {processor.py:208} INFO - Processing /opt/airflow/dags/my_tasks.py took 0.069 seconds
[2026-10-01T18:57:43.941+0000] {processor.py:186} INFO - Started process (PID=1975) to work on /opt/airflow/dags/my_tasks.py
[2026-10-01T18:57:43.949+0000] {processor.py:914} INFO - Processing file /opt/airflow/dags/my_tasks.py for tasks to queue
[2026-10-01T18:57:43.951+0000] {logging_mixin.py:190} INFO - [2026-10-01T18:57:43.951+0000] {dagbag.py:588} INFO - Filling up the DagBag from /opt/airflow/dags/my_tasks.py
[2026-10-01T18:57:43.958+0000] {processor.py:925} INFO - DAG(s) 'my_dag' retrieved from /opt/airflow/dags/my_tasks.py
[2026-10-01T18:57:43.976+0000] {logging_mixin.py:190} INFO - [2026-10-01T18:57:43.976+0000] {dag.py:3239} INFO - Sync 1 DAGs
[2026-10-01T18:57:43.996+0000] {logging_mixin.py:190} INFO - [2026-10-01T18:57:43.996+0000] {dag.py:4180} INFO - Setting next_dagrun for my_dag to None, run_after=None
[2026-10-01T18:57:44.011+0000] {processor.py:208} INFO - Processing /opt/airflow/dags/my_tasks.py took 0.076 seconds
[2026-10-01T18:58:14.167+0000] {processor.py:186} INFO - Started process (PID=1986) to work on /opt/airflow/dags/my_tasks.py
[2026-10-01T18:58:14.170+0000] {processor.py:914} INFO - Processing file /opt/airflow/dags/my_tasks.py for tasks to queue
[2026-10-01T18:58:14.171+0000] {logging_mixin.py:190} INFO - [2026-10-01T18:58:14.171+0000] {dagbag.py:588} INFO - Filling up the DagBag from /opt/airflow/dags/my_tasks.py
[2026-10-01T18:58:14.180+0000] {processor.py:925} INFO - DAG(s) 'my_dag' retrieved from /opt/airflow/dags/my_tasks.py
[2026-10-01T18:58:14.203+0000] {logging_mixin.py:190} INFO - [2026-10-01T18:58:14.203+0000] {dag.py:3239} INFO - Sync 1 DAGs
[2026-10-01T18:58:14.220+0000] {logging_mixin.py:190} INFO - [2026-10-01T18:58:14.220+0000] {dag.py:4180} INFO - Setting next_dagrun for my_dag to None, run_after=None
[2026-10-01T18:58:14.236+0000] {processor.py:208} INFO - Processing /opt/airflow/dags/my_tasks.py took 0.074 seconds
[2026-10-01T18:58:44.421+0000] {processor.py:186} INFO - Started process (PID=1997) to work on /opt/airflow/dags/my_tasks.py
[2026-10-01T18:58:44.429+0000] {processor.py:914} INFO - Processing file /opt/airflow/dags/my_tasks.py for tasks to queue
[2026-10-01T18:58:44.433+0000] {logging_mixin.py:190} INFO - [2026-10-01T18:58:44.433+0000] {dagbag.py:588} INFO - Filling up the DagBag from /opt/airflow/dags/my_tasks.py
[2026-10-01T18:58:44.444+0000] {processor.py:925} INFO - DAG(s) 'my_dag' retrieved from /opt/airflow/dags/my_tasks.py
[2026-10-01T18:58:44.461+0000] {logging_mixin.py:190} INFO - [2026-10-01T18:58:44.461+0000] {dag.py:3239} INFO - Sync 1 DAGs
[2026-10-01T18:58:44.476+0000] {logging_mixin.py:190} INFO - [2026-10-01T18:58:44.476+0000] {dag.py:4180} INFO - Setting next_dagrun for my_dag to None, run_after=None
[2026-10-01T18:58:44.490+0000] {processor.py:208} INFO - Processing /opt/airflow/dags/my_tasks.py took 0.076 seconds
[2026-10-01T18:59:14.689+0000] {processor.py:186} INFO - Started process (PID=2008) to work on /opt/airflow/dags/my_tasks.py
[2026-10-01T18:59:14.690+0000] {processor.py:914} INFO - Processing file /opt/airflow/dags/my_tasks.py for tasks to queue
[2026-10-01T18:59:14.692+0000] {logging_mixin.py:190} INFO - [2026-10-01T18:59:14.691+0000] {dagbag.py:588} INFO - Filling up the DagBag from /opt/airflow/dags/my_tasks.py
[2026-10-01T18:59:14.698+0000] {processor.py:925} INFO - DAG(s) 'my_dag' retrieved from /opt/airflow/dags/my_tasks.py
[2026-10-01T18:59:14.718+0000] {logging_mixin.py:190} INFO - [2026-10-01T18:59:14.718+0000] {dag.py:3239} INFO - Sync 1 DAGs
[2026-10-01T18:59:14.737+0000] {logging_mixin.py:190} INFO - [2026-10-01T18:59:14.736+0000] {dag.py:4180} INFO - Setting next_dagrun for my_dag to None, run_after=None
[2026-10-01T18:59:14.754+0000] {processor.py:208} INFO - Processing /opt/airflow/dags/my_tasks.py took 0.069 seconds
[2026-10-01T18:59:44.949+0000] {processor.py:186} INFO - Started process (PID=2019) to work on /opt/airflow/dags/my_tasks.py
[2026-10-01T18:59:44.957+0000] {processor.py:914} INFO - Processing file /opt/airflow/dags/my_tasks.py for tasks to queue
[2026-10-01T18:59:44.960+0000] {logging_mixin.py:190} INFO - [2026-10-01T18:59:44.960+0000] {dagbag.py:588} INFO - Filling up the DagBag from /opt/airflow/dags/my_tasks.py
[2026-10-01T18:59:44.970+0000] {processor.py:925} INFO - DAG(s) 'my_dag' retrieved from /opt/airflow/dags/my_tasks.py
[2026-10-01T18:59:45.135+0000] {logging_mixin.py:190} INFO - [2026-10-01T18:59:45.135+0000] {dag.py:3239} INFO - Sync 1 DAGs
[2026-10-01T18:59:45.143+0000] {logging_mixin.py:190} INFO - [2026-10-01T18:59:45.143+0000] {dag.py:3262} INFO - Creating ORM DAG for my_dag
[2026-10-01T18:59:45.151+0000] {logging_mixin.py:190} INFO - [2026-10-01T18:59:45.151+0000] {dag.py:4180} INFO - Setting next_dagrun for my_dag to 2026-03-02 00:00:00+00:00, run_after=2026-03-02 00:00:00+00:00
[2026-10-01T18:59:45.273+0000] {processor.py:208} INFO - Processing /opt/airflow/dags/my_tasks.py took 0.331 seconds
[2026-10-01T19:00:15.483+0000] {processor.py:186} INFO - Started process (PID=2030) to work on /opt/airflow/dags/my_tasks.py
[2026-10-01T19:00:15.491+0000] {processor.py:914} INFO - Processing file /opt/airflow/dags/my_tasks.py for tasks to queue
[2026-10-01T19:00:15.495+0000] {logging_mixin.py:190} INFO - [2026-10-01T19:00:15.495+0000] {dagbag.py:588} INFO - Filling up the DagBag from /opt/airflow/dags/my_tasks.py
[2026-10-01T19:00:15.504+0000] {processor.py:925} INFO - DAG(s) 'my_dag' retrieved from /opt/airflow/dags/my_tasks.py
[2026-10-01T19:00:15.522+0000] {logging_mixin.py:190} INFO - [2026-10-01T19:00:15.522+0000] {dag.py:3239} INFO - Sync 1 DAGs
[2026-10-01T19:00:15.538+0000] {logging_mixin.py:190} INFO - [2026-10-01T19:00:15.538+0000] {dag.py:4180} INFO - Setting next_dagrun for my_dag to 2026-03-02 00:00:00+00:00, run_after=2026-03-02 00:00:00+00:00
[2026-10-01T19:00:15.551+0000] {processor.py:208} INFO - Processing /opt/airflow/dags/my_tasks.py took 0.078 seconds
[2026-10-01T19:00:45.725+0000] {processor.py:186} INFO - Started process (PID=2041) to work on /opt/airflow/dags/my_tasks.py
[2026-10-01T19:00:45.725+0000] {processor.py:914} INFO - Processing file /opt/airflow/dags/my_tasks.py for tasks to queue
[2026-10-01T19:00:45.727+0000] {logging_mixin.py:190} INFO - [2026-10-01T19:00:45.727+0000] {dagbag.py:588} INFO - Filling up the DagBag from /opt/airflow/dags/my_tasks.py
[2026-10-01T19:00:45.733+0000] {processor.py:925} INFO - DAG(s) 'my_dag' retrieved from /opt/airflow/dags/my_tasks.py
[2026-10-01T19:00:45.751+0000] {logging_mixin.py:190} INFO - [2026-10-01T19:00:45.751+0000] {dag.py:3239} INFO - Sync 1 DAGs
[2026-10-01T19:00:45.766+0000] {logging_mixin.py:190} INFO - [2026-10-01T19:00:45.766+0000] {dag.py:4180} INFO - Setting next_dagrun for my_dag to 2026-03-02 00:00:00+00:00, run_after=2026-03-02 00:00:00+00:00
[2026-10-01T19:00:45.780+0000] {processor.py:208} INFO - Processing /opt/airflow/dags/my_tasks.py took 0.060 seconds
[2026-10-01T19:03:19.326+0000] {processor.py:186} INFO - Started process (PID=191) to work on /opt/airflow/dags/my_tasks.py
[2026-10-01T19:03:19.327+0000] {processor.py:914} INFO - Processing file /opt/airflow/dags/my_tasks.py for tasks to queue
[2026-10-01T19:03:19.329+0000] {logging_mixin.py:190} INFO - [2026-10-01T19:03:19.329+0000] {dagbag.py:588} INFO - Filling up the DagBag from /opt/airflow/dags/my_tasks.py
[2026-10-01T19:03:19.345+0000] {processor.py:925} INFO - DAG(s) 'my_dag' retrieved from /opt/airflow/dags/my_tasks.py
[2026-10-01T19:03:19.578+0000] {logging_mixin.py:190} INFO - [2026-10-01T19:03:19.577+0000] {override.py:1912} INFO - Created Permission View: can delete on DAG:my_dag
[2026-10-01T19:03:19.588+0000] {logging_mixin.py:190} INFO - [2026-10-01T19:03:19.588+0000] {override.py:1912} INFO - Created Permission View: can read on DAG:my_dag
[2026-10-01T19:03:19.595+0000] {logging_mixin.py:190} INFO - [2026-10-01T19:03:19.595+0000] {override.py:1912} INFO - Created Permission View: can edit on DAG:my_dag
[2026-10-01T19:03:19.605+0000] {logging_mixin.py:190} INFO - [2026-10-01T19:03:19.604+0000] {override.py:1912} INFO - Created Permission View: can create on DAG Run:my_dag
[2026-10-01T19:03:19.613+0000] {logging_mixin.py:190} INFO - [2026-10-01T19:03:19.613+0000] {override.py:1912} INFO - Created Permission View: can delete on DAG Run:my_dag
[2026-10-01T19:03:19.620+0000] {logging_mixin.py:190} INFO - [2026-10-01T19:03:19.620+0000] {override.py:1912} INFO - Created Permission View: can read on DAG Run:my_dag
[2026-10-01T19:03:19.627+0000] {logging_mixin.py:190} INFO - [2026-10-01T19:03:19.626+0000] {override.py:1912} INFO - Created Permission View: menu access on DAG Run:my_dag
[2026-10-01T19:03:19.627+0000] {logging_mixin.py:190} INFO - [2026-10-01T19:03:19.627+0000] {dag.py:3239} INFO - Sync 1 DAGs
[2026-10-01T19:03:19.637+0000] {logging_mixin.py:190} INFO - [2026-10-01T19:03:19.637+0000] {dag.py:3262} INFO - Creating ORM DAG for my_dag
[2026-10-01T19:03:19.646+0000] {logging_mixin.py:190} INFO - [2026-10-01T19:03:19.646+0000] {dag.py:4180} INFO - Setting next_dagrun for my_dag to 2026-03-02 00:00:00+00:00, run_after=2026-03-02 00:00:00+00:00
[2026-10-01T19:03:19.664+0000] {processor.py:208} INFO - Processing /opt/airflow/dags/my_tasks.py took 0.342 seconds
[2026-10-01T19:03:49.834+0000] {processor.py:186} INFO - Started process (PID=202) to work on /opt/airflow/dags/my_tasks.py
[2026-10-01T19:03:49.835+0000] {processor.py:914} INFO - Processing file /opt/airflow/dags/my_tasks.py for tasks to queue
[2026-10-01T19:03:49.836+0000] {logging_mixin.py:190} INFO - [2026-10-01T19:03:49.836+0000] {dagbag.py:588} INFO - Filling up the DagBag from /opt/airflow/dags/my_tasks.py
[2026-10-01T19:03:49.844+0000] {processor.py:925} INFO - DAG(s) 'my_dag' retrieved from /opt/airflow/dags/my_tasks.py
[2026-10-01T19:03:49.862+0000] {logging_mixin.py:190} INFO - [2026-10-01T19:03:49.861+0000] {dag.py:3239} INFO - Sync 1 DAGs
[2026-10-01T19:03:49.878+0000] {logging_mixin.py:190} INFO - [2026-10-01T19:03:49.878+0000] {dag.py:4180} INFO - Setting next_dagrun for my_dag to 2026-03-02 00:00:00+00:00, run_after=2026-03-02 00:00:00+00:00
[2026-10-01T19:03:49.892+0000] {processor.py:208} INFO - Processing /opt/airflow/dags/my_tasks.py took 0.065 seconds
[2026-10-01T19:04:20.051+0000] {processor.py:186} INFO - Started process (PID=213) to work on /opt/airflow/dags/my_tasks.py
[2026-10-01T19:04:20.061+0000] {processor.py:914} INFO - Processing file /opt/airflow/dags/my_tasks.py for tasks to queue
[2026-10-01T19:04:20.063+0000] {logging_mixin.py:190} INFO - [2026-10-01T19:04:20.062+0000] {dagbag.py:588} INFO - Filling up the DagBag from /opt/airflow/dags/my_tasks.py
[2026-10-01T19:04:20.074+0000] {processor.py:925} INFO - DAG(s) 'my_dag' retrieved from /opt/airflow/dags/my_tasks.py
[2026-10-01T19:04:20.092+0000] {logging_mixin.py:190} INFO - [2026-10-01T19:04:20.092+0000] {dag.py:3239} INFO - Sync 1 DAGs
[2026-10-01T19:04:20.107+0000] {logging_mixin.py:190} INFO - [2026-10-01T19:04:20.107+0000] {dag.py:4180} INFO - Setting next_dagrun for my_dag to 2026-03-02 00:00:00+00:00, run_after=2026-03-02 00:00:00+00:00
[2026-10-01T19:04:20.123+0000] {processor.py:208} INFO - Processing /opt/airflow/dags/my_tasks.py took 0.076 seconds
[2026-10-01T19:04:50.304+0000] {processor.py:186} INFO - Started process (PID=224) to work on /opt/airflow/dags/my_tasks.py
[2026-10-01T19:04:50.304+0000] {processor.py:914} INFO - Processing file /opt/airflow/dags/my_tasks.py for tasks to queue
[2026-10-01T19:04:50.306+0000] {logging_mixin.py:190} INFO - [2026-10-01T19:04:50.305+0000] {dagbag.py:588} INFO - Filling up the DagBag from /opt/airflow/dags/my_tasks.py
[2026-10-01T19:04:50.313+0000] {processor.py:925} INFO - DAG(s) 'my_dag' retrieved from /opt/airflow/dags/my_tasks.py
[2026-10-01T19:04:50.330+0000] {logging_mixin.py:190} INFO - [2026-10-01T19:04:50.330+0000] {dag.py:3239} INFO - Sync 1 DAGs
[2026-10-01T19:04:50.347+0000] {logging_mixin.py:190} INFO - [2026-10-01T19:04:50.346+0000] {dag.py:4180} INFO - Setting next_dagrun for my_dag to 2026-03-02 00:00:00+00:00, run_after=2026-03-02 00:00:00+00:00
[2026-10-01T19:04:50.362+0000] {processor.py:208} INFO - Processing /opt/airflow/dags/my_tasks.py took 0.062 seconds
[2026-10-01T19:05:20.537+0000] {processor.py:186} INFO - Started process (PID=235) to work on /opt/airflow/dags/my_tasks.py
[2026-10-01T19:05:20.545+0000] {processor.py:914} INFO - Processing file /opt/airflow/dags/my_tasks.py for tasks to queue
[2026-10-01T19:05:20.548+0000] {logging_mixin.py:190} INFO - [2026-10-01T19:05:20.548+0000] {dagbag.py:588} INFO - Filling up the DagBag from /opt/airflow/dags/my_tasks.py
[2026-10-01T19:05:20.557+0000] {processor.py:925} INFO - DAG(s) 'my_dag' retrieved from /opt/airflow/dags/my_tasks.py
[2026-10-01T19:05:20.580+0000] {logging_mixin.py:190} INFO - [2026-10-01T19:05:20.579+0000] {dag.py:3239} INFO - Sync 1 DAGs
[2026-10-01T19:05:20.599+0000] {logging_mixin.py:190} INFO - [2026-10-01T19:05:20.599+0000] {dag.py:4180} INFO - Setting next_dagrun for my_dag to 2026-03-02 00:00:00+00:00, run_after=2026-03-02 00:00:00+00:00
[2026-10-01T19:05:20.615+0000] {processor.py:208} INFO - Processing /opt/airflow/dags/my_tasks.py took 0.084 seconds
[2026-10-01T19:05:50.791+0000] {processor.py:186} INFO - Started process (PID=246) to work on /opt/airflow/dags/my_tasks.py
[2026-10-01T19:05:50.791+0000] {processor.py:914} INFO - Processing file /opt/airflow/dags/my_tasks.py for tasks to queue
[2026-10-01T19:05:50.793+0000] {logging_mixin.py:190} INFO - [2026-10-01T19:05:50.792+0000] {dagbag.py:588} INFO - Filling up the DagBag from /opt/airflow/dags/my_tasks.py
[2026-10-01T19:05:50.799+0000] {processor.py:925} INFO - DAG(s) 'my_dag' retrieved from /opt/airflow/dags/my_tasks.py
[2026-10-01T19:05:50.817+0000] {logging_mixin.py:190} INFO - [2026-10-01T19:05:50.817+0000] {dag.py:3239} INFO - Sync 1 DAGs
[2026-10-01T19:05:50.832+0000] {logging_mixin.py:190} INFO - [2026-10-01T19:05:50.832+0000] {dag.py:4180} INFO - Setting next_dagrun for my_dag to 2026-03-02 00:00:00+00:00, run_after=2026-03-02 00:00:00+00:00
[2026-10-01T19:05:50.846+0000] {processor.py:208} INFO - Processing /opt/airflow/dags/my_tasks.py took 0.060 seconds
[2026-10-01T19:06:21.070+0000] {processor.py:186} INFO - Started process (PID=257) to work on /opt/airflow/dags/my_tasks.py
[2026-10-01T19:06:21.078+0000] {processor.py:914} INFO - Processing file /opt/airflow/dags/my_tasks.py for tasks to queue
[2026-10-01T19:06:21.080+0000] {logging_mixin.py:190} INFO - [2026-10-01T19:06:21.080+0000] {dagbag.py:588} INFO - Filling up the DagBag from /opt/airflow/dags/my_tasks.py
[2026-10-01T19:06:21.087+0000] {processor.py:925} INFO - DAG(s) 'my_dag' retrieved from /opt/airflow/dags/my_tasks.py
[2026-10-01T19:06:21.108+0000] {logging_mixin.py:190} INFO - [2026-10-01T19:06:21.108+0000] {dag.py:3239} INFO - Sync 1 DAGs
[2026-10-01T19:06:21.129+0000] {logging_mixin.py:190} INFO - [2026-10-01T19:06:21.128+0000] {dag.py:4180} INFO - Setting next_dagrun for my_dag to 2026-03-02 00:00:00+00:00, run_after=2026-03-02 00:00:00+00:00
[2026-10-01T19:06:21.145+0000] {processor.py:208} INFO - Processing /opt/airflow/dags/my_tasks.py took 0.079 seconds
[2026-10-01T19:06:51.315+0000] {processor.py:186} INFO - Started process (PID=284) to work on /opt/airflow/dags/my_tasks.py
[2026-10-01T19:06:51.316+0000] {processor.py:914} INFO - Processing file /opt/airflow/dags/my_tasks.py for tasks to queue
[2026-10-01T19:06:51.318+0000] {logging_mixin.py:190} INFO - [2026-10-01T19:06:51.317+0000] {dagbag.py:588} INFO - Filling up the DagBag from /opt/airflow/dags/my_tasks.py
[2026-10-01T19:06:51.328+0000] {processor.py:925} INFO - DAG(s) 'my_dag' retrieved from /opt/airflow/dags/my_tasks.py
[2026-10-01T19:06:51.350+0000] {logging_mixin.py:190} INFO - [2026-10-01T19:06:51.349+0000] {dag.py:3239} INFO - Sync 1 DAGs
[2026-10-01T19:06:51.370+0000] {logging_mixin.py:190} INFO - [2026-10-01T19:06:51.369+0000] {dag.py:4180} INFO - Setting next_dagrun for my_dag to None, run_after=None
[2026-10-01T19:06:51.389+0000] {processor.py:208} INFO - Processing /opt/airflow/dags/my_tasks.py took 0.080 seconds
[2026-10-01T19:07:21.564+0000] {processor.py:186} INFO - Started process (PID=295) to work on /opt/airflow/dags/my_tasks.py
[2026-10-01T19:07:21.572+0000] {processor.py:914} INFO - Processing file /opt/airflow/dags/my_tasks.py for tasks to queue
[2026-10-01T19:07:21.575+0000] {logging_mixin.py:190} INFO - [2026-10-01T19:07:21.575+0000] {dagbag.py:588} INFO - Filling up the DagBag from /opt/airflow/dags/my_tasks.py
[2026-10-01T19:07:21.586+0000] {processor.py:925} INFO - DAG(s) 'my_dag' retrieved from /opt/airflow/dags/my_tasks.py
[2026-10-01T19:07:21.604+0000] {logging_mixin.py:190} INFO - [2026-10-01T19:07:21.604+0000] {dag.py:3239} INFO - Sync 1 DAGs
[2026-10-01T19:07:21.620+0000] {logging_mixin.py:190} INFO - [2026-10-01T19:07:21.620+0000] {dag.py:4180} INFO - Setting next_dagrun for my_dag to None, run_after=None
[2026-10-01T19:07:21.634+0000] {processor.py:208} INFO - Processing /opt/airflow/dags/my_tasks.py took 0.074 seconds
[2026-10-01T19:07:51.859+0000] {processor.py:186} INFO - Started process (PID=306) to work on /opt/airflow/dags/my_tasks.py
[2026-10-01T19:07:51.867+0000] {processor.py:914} INFO - Processing file /opt/airflow/dags/my_tasks.py for tasks to queue
[2026-10-01T19:07:51.869+0000] {logging_mixin.py:190} INFO - [2026-10-01T19:07:51.869+0000] {dagbag.py:588} INFO - Filling up the DagBag from /opt/airflow/dags/my_tasks.py
[2026-10-01T19:07:51.879+0000] {processor.py:925} INFO - DAG(s) 'my_dag' retrieved from /opt/airflow/dags/my_tasks.py
[2026-10-01T19:07:51.896+0000] {logging_mixin.py:190} INFO - [2026-10-01T19:07:51.896+0000] {dag.py:3239} INFO - Sync 1 DAGs
[2026-10-01T19:07:51.912+0000] {logging_mixin.py:190} INFO - [2026-10-01T19:07:51.912+0000] {dag.py:4180} INFO - Setting next_dagrun for my_dag to None, run_after=None
[2026-10-01T19:07:51.926+0000] {processor.py:208} INFO - Processing /opt/airflow/dags/my_tasks.py took 0.071 seconds
[2026-10-01T19:08:22.112+0000] {processor.py:186} INFO - Started process (PID=317) to work on /opt/airflow/dags/my_tasks.py
[2026-10-01T19:08:22.112+0000] {processor.py:914} INFO - Processing file /opt/airflow/dags/my_tasks.py for tasks to queue
[2026-10-01T19:08:22.115+0000] {logging_mixin.py:190} INFO - [2026-10-01T19:08:22.115+0000] {dagbag.py:588} INFO - Filling up the DagBag from /opt/airflow/dags/my_tasks.py
[2026-10-01T19:08:22.125+0000] {processor.py:925} INFO - DAG(s) 'my_dag' retrieved from /opt/airflow/dags/my_tasks.py
[2026-10-01T19:08:22.144+0000] {logging_mixin.py:190} INFO - [2026-10-01T19:08:22.144+0000] {dag.py:3239} INFO - Sync 1 DAGs
[2026-10-01T19:08:22.161+0000] {logging_mixin.py:190} INFO - [2026-10-01T19:08:22.161+0000] {dag.py:4180} INFO - Setting next_dagrun for my_dag to None, run_after=None
[2026-10-01T19:08:22.176+0000] {processor.py:208} INFO - Processing /opt/airflow/dags/my_tasks.py took 0.070 seconds
[2026-10-01T19:08:52.388+0000] {processor.py:186} INFO - Started process (PID=334) to work on /opt/airflow/dags/my_tasks.py
[2026-10-01T19:08:52.396+0000] {processor.py:914} INFO - Processing file /opt/airflow/dags/my_tasks.py for tasks to queue
[2026-10-01T19:08:52.398+0000] {logging_mixin.py:190} INFO - [2026-10-01T19:08:52.397+0000] {dagbag.py:588} INFO - Filling up the DagBag from /opt/airflow/dags/my_tasks.py
[2026-10-01T19:08:52.405+0000] {processor.py:925} INFO - DAG(s) 'my_dag' retrieved from /opt/airflow/dags/my_tasks.py
[2026-10-01T19:08:52.423+0000] {logging_mixin.py:190} INFO - [2026-10-01T19:08:52.423+0000] {dag.py:3239} INFO - Sync 1 DAGs
[2026-10-01T19:08:52.440+0000] {logging_mixin.py:190} INFO - [2026-10-01T19:08:52.440+0000] {dag.py:4180} INFO - Setting next_dagrun for my_dag to None, run_after=None
[2026-10-01T19:08:52.455+0000] {processor.py:208} INFO - Processing /opt/airflow/dags/my_tasks.py took 0.071 seconds
[2026-10-01T19:09:22.643+0000] {processor.py:186} INFO - Started process (PID=345) to work on /opt/airflow/dags/my_tasks.py
[2026-10-01T19:09:22.644+0000] {processor.py:914} INFO - Processing file /opt/airflow/dags/my_tasks.py for tasks to queue
[2026-10-01T19:09:22.645+0000] {logging_mixin.py:190} INFO - [2026-10-01T19:09:22.645+0000] {dagbag.py:588} INFO - Filling up the DagBag from /opt/airflow/dags/my_tasks.py
[2026-10-01T19:09:22.652+0000] {processor.py:925} INFO - DAG(s) 'my_dag' retrieved from /opt/airflow/dags/my_tasks.py
[2026-10-01T19:09:22.670+0000] {logging_mixin.py:190} INFO - [2026-10-01T19:09:22.669+0000] {dag.py:3239} INFO - Sync 1 DAGs
[2026-10-01T19:09:22.685+0000] {logging_mixin.py:190} INFO - [2026-10-01T19:09:22.685+0000] {dag.py:4180} INFO - Setting next_dagrun for my_dag to None, run_after=None
[2026-10-01T19:09:22.699+0000] {processor.py:208} INFO - Processing /opt/airflow/dags/my_tasks.py took 0.060 seconds
[2026-10-01T19:09:52.876+0000] {processor.py:186} INFO - Started process (PID=356) to work on /opt/airflow/dags/my_tasks.py
[2026-10-01T19:09:52.877+0000] {processor.py:914} INFO - Processing file /opt/airflow/dags/my_tasks.py for tasks to queue
[2026-10-01T19:09:52.879+0000] {logging_mixin.py:190} INFO - [2026-10-01T19:09:52.878+0000] {dagbag.py:588} INFO - Filling up the DagBag from /opt/airflow/dags/my_tasks.py
[2026-10-01T19:09:52.885+0000] {processor.py:925} INFO - DAG(s) 'my_dag' retrieved from /opt/airflow/dags/my_tasks.py
[2026-10-01T19:09:52.903+0000] {logging_mixin.py:190} INFO - [2026-10-01T19:09:52.903+0000] {dag.py:3239} INFO - Sync 1 DAGs
[2026-10-01T19:09:52.918+0000] {logging_mixin.py:190} INFO - [2026-10-01T19:09:52.918+0000] {dag.py:4180} INFO - Setting next_dagrun for my_dag to None, run_after=None
[2026-10-01T19:09:52.932+0000] {processor.py:208} INFO - Processing /opt/airflow/dags/my_tasks.py took 0.060 seconds
[2026-10-01T19:10:23.119+0000] {processor.py:186} INFO - Started process (PID=367) to work on /opt/airflow/dags/my_tasks.py
[2026-10-01T19:10:23.120+0000] {processor.py:914} INFO - Processing file /opt/airflow/dags/my_tasks.py for tasks to queue
[2026-10-01T19:10:23.122+0000] {logging_mixin.py:190} INFO - [2026-10-01T19:10:23.122+0000] {dagbag.py:588} INFO - Filling up the DagBag from /opt/airflow/dags/my_tasks.py
[2026-10-01T19:10:23.128+0000] {processor.py:925} INFO - DAG(s) 'my_dag' retrieved from /opt/airflow/dags/my_tasks.py
[2026-10-01T19:10:23.148+0000] {logging_mixin.py:190} INFO - [2026-10-01T19:10:23.148+0000] {dag.py:3239} INFO - Sync 1 DAGs
[2026-10-01T19:10:23.164+0000] {logging_mixin.py:190} INFO - [2026-10-01T19:10:23.164+0000] {dag.py:4180} INFO - Setting next_dagrun for my_dag to None, run_after=None
[2026-10-01T19:10:23.179+0000] {processor.py:208} INFO - Processing /opt/airflow/dags/my_tasks.py took 0.064 seconds
[2026-10-01T19:10:53.363+0000] {processor.py:186} INFO - Started process (PID=378) to work on /opt/airflow/dags/my_tasks.py
[2026-10-01T19:10:53.364+0000] {processor.py:914} INFO - Processing file /opt/airflow/dags/my_tasks.py for tasks to queue
[2026-10-01T19:10:53.365+0000] {logging_mixin.py:190} INFO - [2026-10-01T19:10:53.365+0000] {dagbag.py:588} INFO - Filling up the DagBag from /opt/airflow/dags/my_tasks.py
[2026-10-01T19:10:53.372+0000] {processor.py:925} INFO - DAG(s) 'my_dag' retrieved from /opt/airflow/dags/my_tasks.py
[2026-10-01T19:10:53.390+0000] {logging_mixin.py:190} INFO - [2026-10-01T19:10:53.389+0000] {dag.py:3239} INFO - Sync 1 DAGs
[2026-10-01T19:10:53.405+0000] {logging_mixin.py:190} INFO - [2026-10-01T19:10:53.405+0000] {dag.py:4180} INFO - Setting next_dagrun for my_dag to None, run_after=None
[2026-10-01T19:10:53.419+0000] {processor.py:208} INFO - Processing /opt/airflow/dags/my_tasks.py took 0.060 seconds
[2026-10-01T19:11:23.609+0000] {processor.py:186} INFO - Started process (PID=389) to work on /opt/airflow/dags/my_tasks.py
[2026-10-01T19:11:23.609+0000] {processor.py:914} INFO - Processing file /opt/airflow/dags/my_tasks.py for tasks to queue
[2026-10-01T19:11:23.611+0000] {logging_mixin.py:190} INFO - [2026-10-01T19:11:23.610+0000] {dagbag.py:588} INFO - Filling up the DagBag from /opt/airflow/dags/my_tasks.py
[2026-10-01T19:11:23.618+0000] {processor.py:925} INFO - DAG(s) 'my_dag' retrieved from /opt/airflow/dags/my_tasks.py
[2026-10-01T19:11:23.641+0000] {logging_mixin.py:190} INFO - [2026-10-01T19:11:23.641+0000] {dag.py:3239} INFO - Sync 1 DAGs
[2026-10-01T19:11:23.660+0000] {logging_mixin.py:190} INFO - [2026-10-01T19:11:23.660+0000] {dag.py:4180} INFO - Setting next_dagrun for my_dag to None, run_after=None
[2026-10-01T19:11:23.677+0000] {processor.py:208} INFO - Processing /opt/airflow/dags/my_tasks.py took 0.073 seconds
[2026-10-01T19:11:53.856+0000] {processor.py:186} INFO - Started process (PID=401) to work on /opt/airflow/dags/my_tasks.py
[2026-10-01T19:11:53.857+0000] {processor.py:914} INFO - Processing file /opt/airflow/dags/my_tasks.py for tasks to queue
[2026-10-01T19:11:53.859+0000] {logging_mixin.py:190} INFO - [2026-10-01T19:11:53.859+0000] {dagbag.py:588} INFO - Filling up the DagBag from /opt/airflow/dags/my_tasks.py
[2026-10-01T19:11:53.870+0000] {processor.py:925} INFO - DAG(s) 'my_dag' retrieved from /opt/airflow/dags/my_tasks.py
[2026-10-01T19:11:53.888+0000] {logging_mixin.py:190} INFO - [2026-10-01T19:11:53.888+0000] {dag.py:3239} INFO - Sync 1 DAGs
[2026-10-01T19:11:53.904+0000] {logging_mixin.py:190} INFO - [2026-10-01T19:11:53.904+0000] {dag.py:4180} INFO - Setting next_dagrun for my_dag to None, run_after=None
[2026-10-01T19:11:53.918+0000] {processor.py:208} INFO - Processing /opt/airflow/dags/my_tasks.py took 0.066 seconds
[2026-10-01T19:12:24.113+0000] {processor.py:186} INFO - Started process (PID=412) to work on /opt/airflow/dags/my_tasks.py
[2026-10-01T19:12:24.121+0000] {processor.py:914} INFO - Processing file /opt/airflow/dags/my_tasks.py for tasks to queue
[2026-10-01T19:12:24.124+0000] {logging_mixin.py:190} INFO - [2026-10-01T19:12:24.123+0000] {dagbag.py:588} INFO - Filling up the DagBag from /opt/airflow/dags/my_tasks.py
[2026-10-01T19:12:24.132+0000] {processor.py:925} INFO - DAG(s) 'my_dag' retrieved from /opt/airflow/dags/my_tasks.py
[2026-10-01T19:12:24.151+0000] {logging_mixin.py:190} INFO - [2026-10-01T19:12:24.150+0000] {dag.py:3239} INFO - Sync 1 DAGs
[2026-10-01T19:12:24.168+0000] {logging_mixin.py:190} INFO - [2026-10-01T19:12:24.167+0000] {dag.py:4180} INFO - Setting next_dagrun for my_dag to None, run_after=None
[2026-10-01T19:12:24.183+0000] {processor.py:208} INFO - Processing /opt/airflow/dags/my_tasks.py took 0.073 seconds
[2026-10-01T19:12:54.392+0000] {processor.py:186} INFO - Started process (PID=423) to work on /opt/airflow/dags/my_tasks.py
[2026-10-01T19:12:54.393+0000] {processor.py:914} INFO - Processing file /opt/airflow/dags/my_tasks.py for tasks to queue
[2026-10-01T19:12:54.395+0000] {logging_mixin.py:190} INFO - [2026-10-01T19:12:54.394+0000] {dagbag.py:588} INFO - Filling up the DagBag from /opt/airflow/dags/my_tasks.py
[2026-10-01T19:12:54.401+0000] {processor.py:925} INFO - DAG(s) 'my_dag' retrieved from /opt/airflow/dags/my_tasks.py
[2026-10-01T19:12:54.420+0000] {logging_mixin.py:190} INFO - [2026-10-01T19:12:54.420+0000] {dag.py:3239} INFO - Sync 1 DAGs
[2026-10-01T19:12:54.438+0000] {logging_mixin.py:190} INFO - [2026-10-01T19:12:54.438+0000] {dag.py:4180} INFO - Setting next_dagrun for my_dag to None, run_after=None
[2026-10-01T19:12:54.453+0000] {processor.py:208} INFO - Processing /opt/airflow/dags/my_tasks.py took 0.065 seconds
[2026-10-01T19:13:24.652+0000] {processor.py:186} INFO - Started process (PID=434) to work on /opt/airflow/dags/my_tasks.py
[2026-10-01T19:13:24.653+0000] {processor.py:914} INFO - Processing file /opt/airflow/dags/my_tasks.py for tasks to queue
[2026-10-01T19:13:24.654+0000] {logging_mixin.py:190} INFO - [2026-10-01T19:13:24.654+0000] {dagbag.py:588} INFO - Filling up the DagBag from /opt/airflow/dags/my_tasks.py
[2026-10-01T19:13:24.661+0000] {processor.py:925} INFO - DAG(s) 'my_dag' retrieved from /opt/airflow/dags/my_tasks.py
[2026-10-01T19:13:24.680+0000] {logging_mixin.py:190} INFO - [2026-10-01T19:13:24.680+0000] {dag.py:3239} INFO - Sync 1 DAGs
[2026-10-01T19:13:24.698+0000] {logging_mixin.py:190} INFO - [2026-10-01T19:13:24.697+0000] {dag.py:4180} INFO - Setting next_dagrun for my_dag to None, run_after=None
[2026-10-01T19:13:24.714+0000] {processor.py:208} INFO - Processing /opt/airflow/dags/my_tasks.py took 0.067 seconds
[2026-10-01T19:13:54.898+0000] {processor.py:186} INFO - Started process (PID=445) to work on /opt/airflow/dags/my_tasks.py
[2026-10-01T19:13:54.908+0000] {processor.py:914} INFO - Processing file /opt/airflow/dags/my_tasks.py for tasks to queue
[2026-10-01T19:13:54.912+0000] {logging_mixin.py:190} INFO - [2026-10-01T19:13:54.911+0000] {dagbag.py:588} INFO - Filling up the DagBag from /opt/airflow/dags/my_tasks.py
[2026-10-01T19:13:54.922+0000] {processor.py:925} INFO - DAG(s) 'my_dag' retrieved from /opt/airflow/dags/my_tasks.py
[2026-10-01T19:13:54.940+0000] {logging_mixin.py:190} INFO - [2026-10-01T19:13:54.940+0000] {dag.py:3239} INFO - Sync 1 DAGs
[2026-10-01T19:13:54.956+0000] {logging_mixin.py:190} INFO - [2026-10-01T19:13:54.956+0000] {dag.py:4180} INFO - Setting next_dagrun for my_dag to None, run_after=None
[2026-10-01T19:13:54.969+0000] {processor.py:208} INFO - Processing /opt/airflow/dags/my_tasks.py took 0.075 seconds
[2026-10-01T19:14:25.170+0000] {processor.py:186} INFO - Started process (PID=456) to work on /opt/airflow/dags/my_tasks.py
[2026-10-01T19:14:25.170+0000] {processor.py:914} INFO - Processing file /opt/airflow/dags/my_tasks.py for tasks to queue
[2026-10-01T19:14:25.172+0000] {logging_mixin.py:190} INFO - [2026-10-01T19:14:25.172+0000] {dagbag.py:588} INFO - Filling up the DagBag from /opt/airflow/dags/my_tasks.py
[2026-10-01T19:14:25.179+0000] {processor.py:925} INFO - DAG(s) 'my_dag' retrieved from /opt/airflow/dags/my_tasks.py
[2026-10-01T19:14:25.197+0000] {logging_mixin.py:190} INFO - [2026-10-01T19:14:25.197+0000] {dag.py:3239} INFO - Sync 1 DAGs
[2026-10-01T19:14:25.213+0000] {logging_mixin.py:190} INFO - [2026-10-01T19:14:25.213+0000] {dag.py:4180} INFO - Setting next_dagrun for my_dag to None, run_after=None
[2026-10-01T19:14:25.228+0000] {processor.py:208} INFO - Processing /opt/airflow/dags/my_tasks.py took 0.063 seconds
[2026-10-01T19:14:55.432+0000] {processor.py:186} INFO - Started process (PID=467) to work on /opt/airflow/dags/my_tasks.py
[2026-10-01T19:14:55.432+0000] {processor.py:914} INFO - Processing file /opt/airflow/dags/my_tasks.py for tasks to queue
[2026-10-01T19:14:55.434+0000] {logging_mixin.py:190} INFO - [2026-10-01T19:14:55.434+0000] {dagbag.py:588} INFO - Filling up the DagBag from /opt/airflow/dags/my_tasks.py
[2026-10-01T19:14:55.441+0000] {processor.py:925} INFO - DAG(s) 'my_dag' retrieved from /opt/airflow/dags/my_tasks.py
[2026-10-01T19:14:55.462+0000] {logging_mixin.py:190} INFO - [2026-10-01T19:14:55.461+0000] {dag.py:3239} INFO - Sync 1 DAGs
[2026-10-01T19:14:55.482+0000] {logging_mixin.py:190} INFO - [2026-10-01T19:14:55.482+0000] {dag.py:4180} INFO - Setting next_dagrun for my_dag to None, run_after=None
[2026-10-01T19:14:55.498+0000] {processor.py:208} INFO - Processing /opt/airflow/dags/my_tasks.py took 0.073 seconds
[2026-10-01T19:15:25.681+0000] {processor.py:186} INFO - Started process (PID=478) to work on /opt/airflow/dags/my_tasks.py
[2026-10-01T19:15:25.689+0000] {processor.py:914} INFO - Processing file /opt/airflow/dags/my_tasks.py for tasks to queue
[2026-10-01T19:15:25.690+0000] {logging_mixin.py:190} INFO - [2026-10-01T19:15:25.690+0000] {dagbag.py:588} INFO - Filling up the DagBag from /opt/airflow/dags/my_tasks.py
[2026-10-01T19:15:25.698+0000] {processor.py:925} INFO - DAG(s) 'my_dag' retrieved from /opt/airflow/dags/my_tasks.py
[2026-10-01T19:15:25.716+0000] {logging_mixin.py:190} INFO - [2026-10-01T19:15:25.715+0000] {dag.py:3239} INFO - Sync 1 DAGs
[2026-10-01T19:15:25.731+0000] {logging_mixin.py:190} INFO - [2026-10-01T19:15:25.731+0000] {dag.py:4180} INFO - Setting next_dagrun for my_dag to None, run_after=None
[2026-10-01T19:15:25.745+0000] {processor.py:208} INFO - Processing /opt/airflow/dags/my_tasks.py took 0.068 seconds
[2026-10-01T19:15:55.964+0000] {processor.py:186} INFO - Started process (PID=489) to work on /opt/airflow/dags/my_tasks.py
[2026-10-01T19:15:55.965+0000] {processor.py:914} INFO - Processing file /opt/airflow/dags/my_tasks.py for tasks to queue
[2026-10-01T19:15:55.967+0000] {logging_mixin.py:190} INFO - [2026-10-01T19:15:55.966+0000] {dagbag.py:588} INFO - Filling up the DagBag from /opt/airflow/dags/my_tasks.py
[2026-10-01T19:15:55.973+0000] {processor.py:925} INFO - DAG(s) 'my_dag' retrieved from /opt/airflow/dags/my_tasks.py
[2026-10-01T19:15:55.992+0000] {logging_mixin.py:190} INFO - [2026-10-01T19:15:55.992+0000] {dag.py:3239} INFO - Sync 1 DAGs
[2026-10-01T19:15:56.009+0000] {logging_mixin.py:190} INFO - [2026-10-01T19:15:56.008+0000] {dag.py:4180} INFO - Setting next_dagrun for my_dag to None, run_after=None
[2026-10-01T19:15:56.023+0000] {processor.py:208} INFO - Processing /opt/airflow/dags/my_tasks.py took 0.062 seconds
[2026-10-01T19:16:26.212+0000] {processor.py:186} INFO - Started process (PID=500) to work on /opt/airflow/dags/my_tasks.py
[2026-10-01T19:16:26.213+0000] {processor.py:914} INFO - Processing file /opt/airflow/dags/my_tasks.py for tasks to queue
[2026-10-01T19:16:26.214+0000] {logging_mixin.py:190} INFO - [2026-10-01T19:16:26.214+0000] {dagbag.py:588} INFO - Filling up the DagBag from /opt/airflow/dags/my_tasks.py
[2026-10-01T19:16:26.221+0000] {processor.py:925} INFO - DAG(s) 'my_dag' retrieved from /opt/airflow/dags/my_tasks.py
[2026-10-01T19:16:26.244+0000] {logging_mixin.py:190} INFO - [2026-10-01T19:16:26.243+0000] {dag.py:3239} INFO - Sync 1 DAGs
[2026-10-01T19:16:26.264+0000] {logging_mixin.py:190} INFO - [2026-10-01T19:16:26.264+0000] {dag.py:4180} INFO - Setting next_dagrun for my_dag to None, run_after=None
[2026-10-01T19:16:26.286+0000] {processor.py:208} INFO - Processing /opt/airflow/dags/my_tasks.py took 0.082 seconds
[2026-10-01T19:16:56.491+0000] {processor.py:186} INFO - Started process (PID=511) to work on /opt/airflow/dags/my_tasks.py
[2026-10-01T19:16:56.491+0000] {processor.py:914} INFO - Processing file /opt/airflow/dags/my_tasks.py for tasks to queue
[2026-10-01T19:16:56.493+0000] {logging_mixin.py:190} INFO - [2026-10-01T19:16:56.492+0000] {dagbag.py:588} INFO - Filling up the DagBag from /opt/airflow/dags/my_tasks.py
[2026-10-01T19:16:56.499+0000] {processor.py:925} INFO - DAG(s) 'my_dag' retrieved from /opt/airflow/dags/my_tasks.py
[2026-10-01T19:16:56.517+0000] {logging_mixin.py:190} INFO - [2026-10-01T19:16:56.517+0000] {dag.py:3239} INFO - Sync 1 DAGs
[2026-10-01T19:16:56.533+0000] {logging_mixin.py:190} INFO - [2026-10-01T19:16:56.533+0000] {dag.py:4180} INFO - Setting next_dagrun for my_dag to None, run_after=None
[2026-10-01T19:16:56.547+0000] {processor.py:208} INFO - Processing /opt/airflow/dags/my_tasks.py took 0.061 seconds
[2026-10-01T19:17:26.739+0000] {processor.py:186} INFO - Started process (PID=522) to work on /opt/airflow/dags/my_tasks.py
[2026-10-01T19:17:26.748+0000] {processor.py:914} INFO - Processing file /opt/airflow/dags/my_tasks.py for tasks to queue
[2026-10-01T19:17:26.750+0000] {logging_mixin.py:190} INFO - [2026-10-01T19:17:26.750+0000] {dagbag.py:588} INFO - Filling up the DagBag from /opt/airflow/dags/my_tasks.py
[2026-10-01T19:17:26.756+0000] {processor.py:925} INFO - DAG(s) 'my_dag' retrieved from /opt/airflow/dags/my_tasks.py
[2026-10-01T19:17:26.778+0000] {logging_mixin.py:190} INFO - [2026-10-01T19:17:26.777+0000] {dag.py:3239} INFO - Sync 1 DAGs
[2026-10-01T19:17:26.801+0000] {logging_mixin.py:190} INFO - [2026-10-01T19:17:26.801+0000] {dag.py:4180} INFO - Setting next_dagrun for my_dag to None, run_after=None
[2026-10-01T19:17:26.819+0000] {processor.py:208} INFO - Processing /opt/airflow/dags/my_tasks.py took 0.083 seconds
[2026-10-01T19:17:56.992+0000] {processor.py:186} INFO - Started process (PID=533) to work on /opt/airflow/dags/my_tasks.py
[2026-10-01T19:17:56.993+0000] {processor.py:914} INFO - Processing file /opt/airflow/dags/my_tasks.py for tasks to queue
[2026-10-01T19:17:56.994+0000] {logging_mixin.py:190} INFO - [2026-10-01T19:17:56.994+0000] {dagbag.py:588} INFO - Filling up the DagBag from /opt/airflow/dags/my_tasks.py
[2026-10-01T19:17:57.001+0000] {processor.py:925} INFO - DAG(s) 'my_dag' retrieved from /opt/airflow/dags/my_tasks.py
[2026-10-01T19:17:57.021+0000] {logging_mixin.py:190} INFO - [2026-10-01T19:17:57.021+0000] {dag.py:3239} INFO - Sync 1 DAGs
[2026-10-01T19:17:57.037+0000] {logging_mixin.py:190} INFO - [2026-10-01T19:17:57.037+0000] {dag.py:4180} INFO - Setting next_dagrun for my_dag to None, run_after=None
[2026-10-01T19:17:57.053+0000] {processor.py:208} INFO - Processing /opt/airflow/dags/my_tasks.py took 0.064 seconds
[2026-10-01T19:18:27.235+0000] {processor.py:186} INFO - Started process (PID=544) to work on /opt/airflow/dags/my_tasks.py
[2026-10-01T19:18:27.243+0000] {processor.py:914} INFO - Processing file /opt/airflow/dags/my_tasks.py for tasks to queue
[2026-10-01T19:18:27.245+0000] {logging_mixin.py:190} INFO - [2026-10-01T19:18:27.244+0000] {dagbag.py:588} INFO - Filling up the DagBag from /opt/airflow/dags/my_tasks.py
[2026-10-01T19:18:27.253+0000] {processor.py:925} INFO - DAG(s) 'my_dag' retrieved from /opt/airflow/dags/my_tasks.py
[2026-10-01T19:18:27.271+0000] {logging_mixin.py:190} INFO - [2026-10-01T19:18:27.271+0000] {dag.py:3239} INFO - Sync 1 DAGs
[2026-10-01T19:18:27.287+0000] {logging_mixin.py:190} INFO - [2026-10-01T19:18:27.287+0000] {dag.py:4180} INFO - Setting next_dagrun for my_dag to None, run_after=None
[2026-10-01T19:18:27.302+0000] {processor.py:208} INFO - Processing /opt/airflow/dags/my_tasks.py took 0.070 seconds
[2026-10-01T19:18:57.507+0000] {processor.py:186} INFO - Started process (PID=555) to work on /opt/airflow/dags/my_tasks.py
[2026-10-01T19:18:57.508+0000] {processor.py:914} INFO - Processing file /opt/airflow/dags/my_tasks.py for tasks to queue
[2026-10-01T19:18:57.509+0000] {logging_mixin.py:190} INFO - [2026-10-01T19:18:57.509+0000] {dagbag.py:588} INFO - Filling up the DagBag from /opt/airflow/dags/my_tasks.py
[2026-10-01T19:18:57.516+0000] {processor.py:925} INFO - DAG(s) 'my_dag' retrieved from /opt/airflow/dags/my_tasks.py
[2026-10-01T19:18:57.535+0000] {logging_mixin.py:190} INFO - [2026-10-01T19:18:57.535+0000] {dag.py:3239} INFO - Sync 1 DAGs
[2026-10-01T19:18:57.553+0000] {logging_mixin.py:190} INFO - [2026-10-01T19:18:57.553+0000] {dag.py:4180} INFO - Setting next_dagrun for my_dag to None, run_after=None
[2026-10-01T19:18:57.568+0000] {processor.py:208} INFO - Processing /opt/airflow/dags/my_tasks.py took 0.065 seconds
[2026-10-01T19:19:27.786+0000] {processor.py:186} INFO - Started process (PID=566) to work on /opt/airflow/dags/my_tasks.py
[2026-10-01T19:19:27.787+0000] {processor.py:914} INFO - Processing file /opt/airflow/dags/my_tasks.py for tasks to queue
[2026-10-01T19:19:27.788+0000] {logging_mixin.py:190} INFO - [2026-10-01T19:19:27.788+0000] {dagbag.py:588} INFO - Filling up the DagBag from /opt/airflow/dags/my_tasks.py
[2026-10-01T19:19:27.795+0000] {processor.py:925} INFO - DAG(s) 'my_dag' retrieved from /opt/airflow/dags/my_tasks.py
[2026-10-01T19:19:27.812+0000] {logging_mixin.py:190} INFO - [2026-10-01T19:19:27.812+0000] {dag.py:3239} INFO - Sync 1 DAGs
[2026-10-01T19:19:27.827+0000] {logging_mixin.py:190} INFO - [2026-10-01T19:19:27.827+0000] {dag.py:4180} INFO - Setting next_dagrun for my_dag to None, run_after=None
[2026-10-01T19:19:27.842+0000] {processor.py:208} INFO - Processing /opt/airflow/dags/my_tasks.py took 0.060 seconds
[2026-10-01T19:19:58.618+0000] {processor.py:186} INFO - Started process (PID=577) to work on /opt/airflow/dags/my_tasks.py
[2026-10-01T19:19:58.618+0000] {processor.py:914} INFO - Processing file /opt/airflow/dags/my_tasks.py for tasks to queue
[2026-10-01T19:19:58.620+0000] {logging_mixin.py:190} INFO - [2026-10-01T19:19:58.620+0000] {dagbag.py:588} INFO - Filling up the DagBag from /opt/airflow/dags/my_tasks.py
[2026-10-01T19:19:58.629+0000] {processor.py:925} INFO - DAG(s) 'my_dag' retrieved from /opt/airflow/dags/my_tasks.py
[2026-10-01T19:19:58.649+0000] {logging_mixin.py:190} INFO - [2026-10-01T19:19:58.649+0000] {dag.py:3239} INFO - Sync 1 DAGs
[2026-10-01T19:19:58.667+0000] {logging_mixin.py:190} INFO - [2026-10-01T19:19:58.667+0000] {dag.py:4180} INFO - Setting next_dagrun for my_dag to None, run_after=None
[2026-10-01T19:19:58.685+0000] {processor.py:208} INFO - Processing /opt/airflow/dags/my_tasks.py took 0.074 seconds
[2026-10-01T19:20:28.842+0000] {processor.py:186} INFO - Started process (PID=588) to work on /opt/airflow/dags/my_tasks.py
[2026-10-01T19:20:28.850+0000] {processor.py:914} INFO - Processing file /opt/airflow/dags/my_tasks.py for tasks to queue
[2026-10-01T19:20:28.853+0000] {logging_mixin.py:190} INFO - [2026-10-01T19:20:28.852+0000] {dagbag.py:588} INFO - Filling up the DagBag from /opt/airflow/dags/my_tasks.py
[2026-10-01T19:20:28.861+0000] {processor.py:925} INFO - DAG(s) 'my_dag' retrieved from /opt/airflow/dags/my_tasks.py
[2026-10-01T19:20:28.883+0000] {logging_mixin.py:190} INFO - [2026-10-01T19:20:28.883+0000] {dag.py:3239} INFO - Sync 1 DAGs
[2026-10-01T19:20:28.906+0000] {logging_mixin.py:190} INFO - [2026-10-01T19:20:28.905+0000] {dag.py:4180} INFO - Setting next_dagrun for my_dag to None, run_after=None
[2026-10-01T19:20:28.924+0000] {processor.py:208} INFO - Processing /opt/airflow/dags/my_tasks.py took 0.089 seconds
[2026-10-01T19:20:59.100+0000] {processor.py:186} INFO - Started process (PID=599) to work on /opt/airflow/dags/my_tasks.py
[2026-10-01T19:20:59.108+0000] {processor.py:914} INFO - Processing file /opt/airflow/dags/my_tasks.py for tasks to queue
[2026-10-01T19:20:59.110+0000] {logging_mixin.py:190} INFO - [2026-10-01T19:20:59.109+0000] {dagbag.py:588} INFO - Filling up the DagBag from /opt/airflow/dags/my_tasks.py
[2026-10-01T19:20:59.117+0000] {processor.py:925} INFO - DAG(s) 'my_dag' retrieved from /opt/airflow/dags/my_tasks.py
[2026-10-01T19:20:59.135+0000] {logging_mixin.py:190} INFO - [2026-10-01T19:20:59.135+0000] {dag.py:3239} INFO - Sync 1 DAGs
[2026-10-01T19:20:59.151+0000] {logging_mixin.py:190} INFO - [2026-10-01T19:20:59.151+0000] {dag.py:4180} INFO - Setting next_dagrun for my_dag to None, run_after=None
[2026-10-01T19:20:59.165+0000] {processor.py:208} INFO - Processing /opt/airflow/dags/my_tasks.py took 0.069 seconds
[2026-10-01T19:21:29.386+0000] {processor.py:186} INFO - Started process (PID=610) to work on /opt/airflow/dags/my_tasks.py
[2026-10-01T19:21:29.394+0000] {processor.py:914} INFO - Processing file /opt/airflow/dags/my_tasks.py for tasks to queue
[2026-10-01T19:21:29.396+0000] {logging_mixin.py:190} INFO - [2026-10-01T19:21:29.396+0000] {dagbag.py:588} INFO - Filling up the DagBag from /opt/airflow/dags/my_tasks.py
[2026-10-01T19:21:29.404+0000] {processor.py:925} INFO - DAG(s) 'my_dag' retrieved from /opt/airflow/dags/my_tasks.py
[2026-10-01T19:21:29.423+0000] {logging_mixin.py:190} INFO - [2026-10-01T19:21:29.423+0000] {dag.py:3239} INFO - Sync 1 DAGs
[2026-10-01T19:21:29.439+0000] {logging_mixin.py:190} INFO - [2026-10-01T19:21:29.439+0000] {dag.py:4180} INFO - Setting next_dagrun for my_dag to None, run_after=None
[2026-10-01T19:21:29.452+0000] {processor.py:208} INFO - Processing /opt/airflow/dags/my_tasks.py took 0.070 seconds
[2026-10-01T19:21:59.627+0000] {processor.py:186} INFO - Started process (PID=621) to work on /opt/airflow/dags/my_tasks.py
[2026-10-01T19:21:59.635+0000] {processor.py:914} INFO - Processing file /opt/airflow/dags/my_tasks.py for tasks to queue
[2026-10-01T19:21:59.637+0000] {logging_mixin.py:190} INFO - [2026-10-01T19:21:59.637+0000] {dagbag.py:588} INFO - Filling up the DagBag from /opt/airflow/dags/my_tasks.py
[2026-10-01T19:21:59.643+0000] {processor.py:925} INFO - DAG(s) 'my_dag' retrieved from /opt/airflow/dags/my_tasks.py
[2026-10-01T19:21:59.661+0000] {logging_mixin.py:190} INFO - [2026-10-01T19:21:59.661+0000] {dag.py:3239} INFO - Sync 1 DAGs
[2026-10-01T19:21:59.676+0000] {logging_mixin.py:190} INFO - [2026-10-01T19:21:59.676+0000] {dag.py:4180} INFO - Setting next_dagrun for my_dag to None, run_after=None
[2026-10-01T19:21:59.691+0000] {processor.py:208} INFO - Processing /opt/airflow/dags/my_tasks.py took 0.069 seconds
[2026-10-01T19:22:29.783+0000] {processor.py:186} INFO - Started process (PID=632) to work on /opt/airflow/dags/my_tasks.py
[2026-10-01T19:22:29.783+0000] {processor.py:914} INFO - Processing file /opt/airflow/dags/my_tasks.py for tasks to queue
[2026-10-01T19:22:29.785+0000] {logging_mixin.py:190} INFO - [2026-10-01T19:22:29.784+0000] {dagbag.py:588} INFO - Filling up the DagBag from /opt/airflow/dags/my_tasks.py
[2026-10-01T19:22:29.791+0000] {processor.py:925} INFO - DAG(s) 'my_dag' retrieved from /opt/airflow/dags/my_tasks.py
[2026-10-01T19:22:29.810+0000] {logging_mixin.py:190} INFO - [2026-10-01T19:22:29.810+0000] {dag.py:3239} INFO - Sync 1 DAGs
[2026-10-01T19:22:29.826+0000] {logging_mixin.py:190} INFO - [2026-10-01T19:22:29.826+0000] {dag.py:4180} INFO - Setting next_dagrun for my_dag to None, run_after=None
[2026-10-01T19:22:29.840+0000] {processor.py:208} INFO - Processing /opt/airflow/dags/my_tasks.py took 0.061 seconds
[2026-10-01T19:23:00.037+0000] {processor.py:186} INFO - Started process (PID=643) to work on /opt/airflow/dags/my_tasks.py
[2026-10-01T19:23:00.039+0000] {processor.py:914} INFO - Processing file /opt/airflow/dags/my_tasks.py for tasks to queue
[2026-10-01T19:23:00.040+0000] {logging_mixin.py:190} INFO - [2026-10-01T19:23:00.040+0000] {dagbag.py:588} INFO - Filling up the DagBag from /opt/airflow/dags/my_tasks.py
[2026-10-01T19:23:00.047+0000] {processor.py:925} INFO - DAG(s) 'my_dag' retrieved from /opt/airflow/dags/my_tasks.py
[2026-10-01T19:23:00.065+0000] {logging_mixin.py:190} INFO - [2026-10-01T19:23:00.064+0000] {dag.py:3239} INFO - Sync 1 DAGs
[2026-10-01T19:23:00.080+0000] {logging_mixin.py:190} INFO - [2026-10-01T19:23:00.080+0000] {dag.py:4180} INFO - Setting next_dagrun for my_dag to None, run_after=None
[2026-10-01T19:23:00.094+0000] {processor.py:208} INFO - Processing /opt/airflow/dags/my_tasks.py took 0.061 seconds
[2026-10-01T19:23:30.297+0000] {processor.py:186} INFO - Started process (PID=654) to work on /opt/airflow/dags/my_tasks.py
[2026-10-01T19:23:30.298+0000] {processor.py:914} INFO - Processing file /opt/airflow/dags/my_tasks.py for tasks to queue
[2026-10-01T19:23:30.299+0000] {logging_mixin.py:190} INFO - [2026-10-01T19:23:30.299+0000] {dagbag.py:588} INFO - Filling up the DagBag from /opt/airflow/dags/my_tasks.py
[2026-10-01T19:23:30.308+0000] {processor.py:925} INFO - DAG(s) 'my_dag' retrieved from /opt/airflow/dags/my_tasks.py
[2026-10-01T19:23:30.329+0000] {logging_mixin.py:190} INFO - [2026-10-01T19:23:30.329+0000] {dag.py:3239} INFO - Sync 1 DAGs
[2026-10-01T19:23:30.348+0000] {logging_mixin.py:190} INFO - [2026-10-01T19:23:30.348+0000] {dag.py:4180} INFO - Setting next_dagrun for my_dag to None, run_after=None
[2026-10-01T19:23:30.363+0000] {processor.py:208} INFO - Processing /opt/airflow/dags/my_tasks.py took 0.070 seconds
[2026-10-01T19:24:00.528+0000] {processor.py:186} INFO - Started process (PID=665) to work on /opt/airflow/dags/my_tasks.py
[2026-10-01T19:24:00.536+0000] {processor.py:914} INFO - Processing file /opt/airflow/dags/my_tasks.py for tasks to queue
[2026-10-01T19:24:00.538+0000] {logging_mixin.py:190} INFO - [2026-10-01T19:24:00.537+0000] {dagbag.py:588} INFO - Filling up the DagBag from /opt/airflow/dags/my_tasks.py
[2026-10-01T19:24:00.545+0000] {processor.py:925} INFO - DAG(s) 'my_dag' retrieved from /opt/airflow/dags/my_tasks.py
[2026-10-01T19:24:00.564+0000] {logging_mixin.py:190} INFO - [2026-10-01T19:24:00.563+0000] {dag.py:3239} INFO - Sync 1 DAGs
[2026-10-01T19:24:00.582+0000] {logging_mixin.py:190} INFO - [2026-10-01T19:24:00.582+0000] {dag.py:4180} INFO - Setting next_dagrun for my_dag to None, run_after=None
[2026-10-01T19:24:00.595+0000] {processor.py:208} INFO - Processing /opt/airflow/dags/my_tasks.py took 0.072 seconds
[2026-10-01T19:24:30.803+0000] {processor.py:186} INFO - Started process (PID=676) to work on /opt/airflow/dags/my_tasks.py
[2026-10-01T19:24:30.803+0000] {processor.py:914} INFO - Processing file /opt/airflow/dags/my_tasks.py for tasks to queue
[2026-10-01T19:24:30.805+0000] {logging_mixin.py:190} INFO - [2026-10-01T19:24:30.804+0000] {dagbag.py:588} INFO - Filling up the DagBag from /opt/airflow/dags/my_tasks.py
[2026-10-01T19:24:30.813+0000] {processor.py:925} INFO - DAG(s) 'my_dag' retrieved from /opt/airflow/dags/my_tasks.py
[2026-10-01T19:24:30.832+0000] {logging_mixin.py:190} INFO - [2026-10-01T19:24:30.832+0000] {dag.py:3239} INFO - Sync 1 DAGs
[2026-10-01T19:24:30.849+0000] {logging_mixin.py:190} INFO - [2026-10-01T19:24:30.848+0000] {dag.py:4180} INFO - Setting next_dagrun for my_dag to None, run_after=None
[2026-10-01T19:24:30.863+0000] {processor.py:208} INFO - Processing /opt/airflow/dags/my_tasks.py took 0.064 seconds
[2026-10-01T19:25:01.052+0000] {processor.py:186} INFO - Started process (PID=687) to work on /opt/airflow/dags/my_tasks.py
[2026-10-01T19:25:01.053+0000] {processor.py:914} INFO - Processing file /opt/airflow/dags/my_tasks.py for tasks to queue
[2026-10-01T19:25:01.055+0000] {logging_mixin.py:190} INFO - [2026-10-01T19:25:01.055+0000] {dagbag.py:588} INFO - Filling up the DagBag from /opt/airflow/dags/my_tasks.py
[2026-10-01T19:25:01.062+0000] {processor.py:925} INFO - DAG(s) 'my_dag' retrieved from /opt/airflow/dags/my_tasks.py
[2026-10-01T19:25:01.081+0000] {logging_mixin.py:190} INFO - [2026-10-01T19:25:01.081+0000] {dag.py:3239} INFO - Sync 1 DAGs
[2026-10-01T19:25:01.099+0000] {logging_mixin.py:190} INFO - [2026-10-01T19:25:01.098+0000] {dag.py:4180} INFO - Setting next_dagrun for my_dag to None, run_after=None
[2026-10-01T19:25:01.114+0000] {processor.py:208} INFO - Processing /opt/airflow/dags/my_tasks.py took 0.066 seconds
[2026-10-01T19:25:31.317+0000] {processor.py:186} INFO - Started process (PID=698) to work on /opt/airflow/dags/my_tasks.py
[2026-10-01T19:25:31.318+0000] {processor.py:914} INFO - Processing file /opt/airflow/dags/my_tasks.py for tasks to queue
[2026-10-01T19:25:31.320+0000] {logging_mixin.py:190} INFO - [2026-10-01T19:25:31.319+0000] {dagbag.py:588} INFO - Filling up the DagBag from /opt/airflow/dags/my_tasks.py
[2026-10-01T19:25:31.326+0000] {processor.py:925} INFO - DAG(s) 'my_dag' retrieved from /opt/airflow/dags/my_tasks.py
[2026-10-01T19:25:31.344+0000] {logging_mixin.py:190} INFO - [2026-10-01T19:25:31.344+0000] {dag.py:3239} INFO - Sync 1 DAGs
[2026-10-01T19:25:31.359+0000] {logging_mixin.py:190} INFO - [2026-10-01T19:25:31.359+0000] {dag.py:4180} INFO - Setting next_dagrun for my_dag to None, run_after=None
[2026-10-01T19:25:31.373+0000] {processor.py:208} INFO - Processing /opt/airflow/dags/my_tasks.py took 0.060 seconds
[2026-10-01T19:26:01.580+0000] {processor.py:186} INFO - Started process (PID=709) to work on /opt/airflow/dags/my_tasks.py
[2026-10-01T19:26:01.581+0000] {processor.py:914} INFO - Processing file /opt/airflow/dags/my_tasks.py for tasks to queue
[2026-10-01T19:26:01.582+0000] {logging_mixin.py:190} INFO - [2026-10-01T19:26:01.582+0000] {dagbag.py:588} INFO - Filling up the DagBag from /opt/airflow/dags/my_tasks.py
[2026-10-01T19:26:01.589+0000] {processor.py:925} INFO - DAG(s) 'my_dag' retrieved from /opt/airflow/dags/my_tasks.py
[2026-10-01T19:26:01.607+0000] {logging_mixin.py:190} INFO - [2026-10-01T19:26:01.607+0000] {dag.py:3239} INFO - Sync 1 DAGs
[2026-10-01T19:26:01.623+0000] {logging_mixin.py:190} INFO - [2026-10-01T19:26:01.623+0000] {dag.py:4180} INFO - Setting next_dagrun for my_dag to None, run_after=None
[2026-10-01T19:26:01.637+0000] {processor.py:208} INFO - Processing /opt/airflow/dags/my_tasks.py took 0.060 seconds
[2026-10-01T19:26:31.843+0000] {processor.py:186} INFO - Started process (PID=720) to work on /opt/airflow/dags/my_tasks.py
[2026-10-01T19:26:31.844+0000] {processor.py:914} INFO - Processing file /opt/airflow/dags/my_tasks.py for tasks to queue
[2026-10-01T19:26:31.846+0000] {logging_mixin.py:190} INFO - [2026-10-01T19:26:31.845+0000] {dagbag.py:588} INFO - Filling up the DagBag from /opt/airflow/dags/my_tasks.py
[2026-10-01T19:26:31.853+0000] {processor.py:925} INFO - DAG(s) 'my_dag' retrieved from /opt/airflow/dags/my_tasks.py
[2026-10-01T19:26:31.881+0000] {logging_mixin.py:190} INFO - [2026-10-01T19:26:31.881+0000] {dag.py:3239} INFO - Sync 1 DAGs
[2026-10-01T19:26:31.902+0000] {logging_mixin.py:190} INFO - [2026-10-01T19:26:31.902+0000] {dag.py:4180} INFO - Setting next_dagrun for my_dag to None, run_after=None
[2026-10-01T19:26:31.920+0000] {processor.py:208} INFO - Processing /opt/airflow/dags/my_tasks.py took 0.084 seconds
[2026-10-01T19:27:02.078+0000] {processor.py:186} INFO - Started process (PID=731) to work on /opt/airflow/dags/my_tasks.py
[2026-10-01T19:27:02.082+0000] {processor.py:914} INFO - Processing file /opt/airflow/dags/my_tasks.py for tasks to queue
[2026-10-01T19:27:02.084+0000] {logging_mixin.py:190} INFO - [2026-10-01T19:27:02.084+0000] {dagbag.py:588} INFO - Filling up the DagBag from /opt/airflow/dags/my_tasks.py
[2026-10-01T19:27:02.093+0000] {processor.py:925} INFO - DAG(s) 'my_dag' retrieved from /opt/airflow/dags/my_tasks.py
[2026-10-01T19:27:02.113+0000] {logging_mixin.py:190} INFO - [2026-10-01T19:27:02.113+0000] {dag.py:3239} INFO - Sync 1 DAGs
[2026-10-01T19:27:02.133+0000] {logging_mixin.py:190} INFO - [2026-10-01T19:27:02.133+0000] {dag.py:4180} INFO - Setting next_dagrun for my_dag to None, run_after=None
[2026-10-01T19:27:02.151+0000] {processor.py:208} INFO - Processing /opt/airflow/dags/my_tasks.py took 0.077 seconds
[2026-10-01T19:27:32.358+0000] {processor.py:186} INFO - Started process (PID=742) to work on /opt/airflow/dags/my_tasks.py
[2026-10-01T19:27:32.358+0000] {processor.py:914} INFO - Processing file /opt/airflow/dags/my_tasks.py for tasks to queue
[2026-10-01T19:27:32.360+0000] {logging_mixin.py:190} INFO - [2026-10-01T19:27:32.360+0000] {dagbag.py:588} INFO - Filling up the DagBag from /opt/airflow/dags/my_tasks.py
[2026-10-01T19:27:32.367+0000] {processor.py:925} INFO - DAG(s) 'my_dag' retrieved from /opt/airflow/dags/my_tasks.py
[2026-10-01T19:27:32.385+0000] {logging_mixin.py:190} INFO - [2026-10-01T19:27:32.385+0000] {dag.py:3239} INFO - Sync 1 DAGs
[2026-10-01T19:27:32.402+0000] {logging_mixin.py:190} INFO - [2026-10-01T19:27:32.401+0000] {dag.py:4180} INFO - Setting next_dagrun for my_dag to None, run_after=None
[2026-10-01T19:27:32.417+0000] {processor.py:208} INFO - Processing /opt/airflow/dags/my_tasks.py took 0.063 seconds
[2026-10-01T19:28:02.609+0000] {processor.py:186} INFO - Started process (PID=753) to work on /opt/airflow/dags/my_tasks.py
[2026-10-01T19:28:02.617+0000] {processor.py:914} INFO - Processing file /opt/airflow/dags/my_tasks.py for tasks to queue
[2026-10-01T19:28:02.619+0000] {logging_mixin.py:190} INFO - [2026-10-01T19:28:02.618+0000] {dagbag.py:588} INFO - Filling up the DagBag from /opt/airflow/dags/my_tasks.py
[2026-10-01T19:28:02.626+0000] {processor.py:925} INFO - DAG(s) 'my_dag' retrieved from /opt/airflow/dags/my_tasks.py
[2026-10-01T19:28:02.644+0000] {logging_mixin.py:190} INFO - [2026-10-01T19:28:02.644+0000] {dag.py:3239} INFO - Sync 1 DAGs
[2026-10-01T19:28:02.661+0000] {logging_mixin.py:190} INFO - [2026-10-01T19:28:02.660+0000] {dag.py:4180} INFO - Setting next_dagrun for my_dag to None, run_after=None
[2026-10-01T19:28:02.675+0000] {processor.py:208} INFO - Processing /opt/airflow/dags/my_tasks.py took 0.070 seconds
[2026-10-01T19:28:32.875+0000] {processor.py:186} INFO - Started process (PID=764) to work on /opt/airflow/dags/my_tasks.py
[2026-10-01T19:28:32.876+0000] {processor.py:914} INFO - Processing file /opt/airflow/dags/my_tasks.py for tasks to queue
[2026-10-01T19:28:32.877+0000] {logging_mixin.py:190} INFO - [2026-10-01T19:28:32.877+0000] {dagbag.py:588} INFO - Filling up the DagBag from /opt/airflow/dags/my_tasks.py
[2026-10-01T19:28:32.885+0000] {processor.py:925} INFO - DAG(s) 'my_dag' retrieved from /opt/airflow/dags/my_tasks.py
[2026-10-01T19:28:32.902+0000] {logging_mixin.py:190} INFO - [2026-10-01T19:28:32.902+0000] {dag.py:3239} INFO - Sync 1 DAGs
[2026-10-01T19:28:32.918+0000] {logging_mixin.py:190} INFO - [2026-10-01T19:28:32.917+0000] {dag.py:4180} INFO - Setting next_dagrun for my_dag to None, run_after=None
[2026-10-01T19:28:32.932+0000] {processor.py:208} INFO - Processing /opt/airflow/dags/my_tasks.py took 0.061 seconds
[2026-10-01T19:29:03.483+0000] {processor.py:186} INFO - Started process (PID=775) to work on /opt/airflow/dags/my_tasks.py
[2026-10-01T19:29:04.062+0000] {processor.py:914} INFO - Processing file /opt/airflow/dags/my_tasks.py for tasks to queue
[2026-10-01T19:29:04.066+0000] {logging_mixin.py:190} INFO - [2026-10-01T19:29:04.065+0000] {dagbag.py:588} INFO - Filling up the DagBag from /opt/airflow/dags/my_tasks.py
[2026-10-01T19:29:04.078+0000] {processor.py:925} INFO - DAG(s) 'my_dag' retrieved from /opt/airflow/dags/my_tasks.py
[2026-10-01T19:29:04.098+0000] {logging_mixin.py:190} INFO - [2026-10-01T19:29:04.098+0000] {dag.py:3239} INFO - Sync 1 DAGs
[2026-10-01T19:29:04.115+0000] {logging_mixin.py:190} INFO - [2026-10-01T19:29:04.115+0000] {dag.py:4180} INFO - Setting next_dagrun for my_dag to None, run_after=None
[2026-10-01T19:29:04.131+0000] {processor.py:208} INFO - Processing /opt/airflow/dags/my_tasks.py took 0.655 seconds
[2026-10-01T19:29:34.326+0000] {processor.py:186} INFO - Started process (PID=786) to work on /opt/airflow/dags/my_tasks.py
[2026-10-01T19:29:34.335+0000] {processor.py:914} INFO - Processing file /opt/airflow/dags/my_tasks.py for tasks to queue
[2026-10-01T19:29:34.338+0000] {logging_mixin.py:190} INFO - [2026-10-01T19:29:34.338+0000] {dagbag.py:588} INFO - Filling up the DagBag from /opt/airflow/dags/my_tasks.py
[2026-10-01T19:29:34.348+0000] {processor.py:925} INFO - DAG(s) 'my_dag' retrieved from /opt/airflow/dags/my_tasks.py
[2026-10-01T19:29:34.366+0000] {logging_mixin.py:190} INFO - [2026-10-01T19:29:34.366+0000] {dag.py:3239} INFO - Sync 1 DAGs
[2026-10-01T19:29:34.382+0000] {logging_mixin.py:190} INFO - [2026-10-01T19:29:34.382+0000] {dag.py:4180} INFO - Setting next_dagrun for my_dag to None, run_after=None
[2026-10-01T19:29:34.396+0000] {processor.py:208} INFO - Processing /opt/airflow/dags/my_tasks.py took 0.079 seconds
[2026-10-01T19:30:04.546+0000] {processor.py:186} INFO - Started process (PID=797) to work on /opt/airflow/dags/my_tasks.py
[2026-10-01T19:30:04.548+0000] {processor.py:914} INFO - Processing file /opt/airflow/dags/my_tasks.py for tasks to queue
[2026-10-01T19:30:04.551+0000] {logging_mixin.py:190} INFO - [2026-10-01T19:30:04.550+0000] {dagbag.py:588} INFO - Filling up the DagBag from /opt/airflow/dags/my_tasks.py
[2026-10-01T19:30:04.575+0000] {processor.py:925} INFO - DAG(s) 'my_dag' retrieved from /opt/airflow/dags/my_tasks.py
[2026-10-01T19:30:04.618+0000] {logging_mixin.py:190} INFO - [2026-10-01T19:30:04.618+0000] {dag.py:3239} INFO - Sync 1 DAGs
[2026-10-01T19:30:04.652+0000] {logging_mixin.py:190} INFO - [2026-10-01T19:30:04.651+0000] {dag.py:4180} INFO - Setting next_dagrun for my_dag to None, run_after=None
[2026-10-01T19:30:04.670+0000] {processor.py:208} INFO - Processing /opt/airflow/dags/my_tasks.py took 0.132 seconds
[2026-10-01T19:30:34.821+0000] {processor.py:186} INFO - Started process (PID=808) to work on /opt/airflow/dags/my_tasks.py
[2026-10-01T19:30:34.822+0000] {processor.py:914} INFO - Processing file /opt/airflow/dags/my_tasks.py for tasks to queue
[2026-10-01T19:30:34.824+0000] {logging_mixin.py:190} INFO - [2026-10-01T19:30:34.824+0000] {dagbag.py:588} INFO - Filling up the DagBag from /opt/airflow/dags/my_tasks.py
[2026-10-01T19:30:34.833+0000] {processor.py:925} INFO - DAG(s) 'my_dag' retrieved from /opt/airflow/dags/my_tasks.py
[2026-10-01T19:30:34.851+0000] {logging_mixin.py:190} INFO - [2026-10-01T19:30:34.851+0000] {dag.py:3239} INFO - Sync 1 DAGs
[2026-10-01T19:30:34.866+0000] {logging_mixin.py:190} INFO - [2026-10-01T19:30:34.866+0000] {dag.py:4180} INFO - Setting next_dagrun for my_dag to None, run_after=None
[2026-10-01T19:30:34.880+0000] {processor.py:208} INFO - Processing /opt/airflow/dags/my_tasks.py took 0.063 seconds
[2026-10-01T19:31:05.077+0000] {processor.py:186} INFO - Started process (PID=819) to work on /opt/airflow/dags/my_tasks.py
[2026-10-01T19:31:05.085+0000] {processor.py:914} INFO - Processing file /opt/airflow/dags/my_tasks.py for tasks to queue
[2026-10-01T19:31:05.087+0000] {logging_mixin.py:190} INFO - [2026-10-01T19:31:05.086+0000] {dagbag.py:588} INFO - Filling up the DagBag from /opt/airflow/dags/my_tasks.py
[2026-10-01T19:31:05.093+0000] {processor.py:925} INFO - DAG(s) 'my_dag' retrieved from /opt/airflow/dags/my_tasks.py
[2026-10-01T19:31:05.111+0000] {logging_mixin.py:190} INFO - [2026-10-01T19:31:05.111+0000] {dag.py:3239} INFO - Sync 1 DAGs
[2026-10-01T19:31:05.127+0000] {logging_mixin.py:190} INFO - [2026-10-01T19:31:05.127+0000] {dag.py:4180} INFO - Setting next_dagrun for my_dag to None, run_after=None
[2026-10-01T19:31:05.140+0000] {processor.py:208} INFO - Processing /opt/airflow/dags/my_tasks.py took 0.067 seconds
[2026-10-01T19:31:35.332+0000] {processor.py:186} INFO - Started process (PID=830) to work on /opt/airflow/dags/my_tasks.py
[2026-10-01T19:31:35.332+0000] {processor.py:914} INFO - Processing file /opt/airflow/dags/my_tasks.py for tasks to queue
[2026-10-01T19:31:35.334+0000] {logging_mixin.py:190} INFO - [2026-10-01T19:31:35.334+0000] {dagbag.py:588} INFO - Filling up the DagBag from /opt/airflow/dags/my_tasks.py
[2026-10-01T19:31:35.341+0000] {processor.py:925} INFO - DAG(s) 'my_dag' retrieved from /opt/airflow/dags/my_tasks.py
[2026-10-01T19:31:35.359+0000] {logging_mixin.py:190} INFO - [2026-10-01T19:31:35.359+0000] {dag.py:3239} INFO - Sync 1 DAGs
[2026-10-01T19:31:35.375+0000] {logging_mixin.py:190} INFO - [2026-10-01T19:31:35.375+0000] {dag.py:4180} INFO - Setting next_dagrun for my_dag to None, run_after=None
[2026-10-01T19:31:35.390+0000] {processor.py:208} INFO - Processing /opt/airflow/dags/my_tasks.py took 0.063 seconds
[2026-10-01T19:32:05.604+0000] {processor.py:186} INFO - Started process (PID=841) to work on /opt/airflow/dags/my_tasks.py
[2026-10-01T19:32:05.612+0000] {processor.py:914} INFO - Processing file /opt/airflow/dags/my_tasks.py for tasks to queue
[2026-10-01T19:32:05.615+0000] {logging_mixin.py:190} INFO - [2026-10-01T19:32:05.615+0000] {dagbag.py:588} INFO - Filling up the DagBag from /opt/airflow/dags/my_tasks.py
[2026-10-01T19:32:05.624+0000] {processor.py:925} INFO - DAG(s) 'my_dag' retrieved from /opt/airflow/dags/my_tasks.py
[2026-10-01T19:32:05.643+0000] {logging_mixin.py:190} INFO - [2026-10-01T19:32:05.643+0000] {dag.py:3239} INFO - Sync 1 DAGs
[2026-10-01T19:32:05.660+0000] {logging_mixin.py:190} INFO - [2026-10-01T19:32:05.659+0000] {dag.py:4180} INFO - Setting next_dagrun for my_dag to None, run_after=None
[2026-10-01T19:32:05.674+0000] {processor.py:208} INFO - Processing /opt/airflow/dags/my_tasks.py took 0.074 seconds
[2026-10-01T19:32:35.863+0000] {processor.py:186} INFO - Started process (PID=852) to work on /opt/airflow/dags/my_tasks.py
[2026-10-01T19:32:35.871+0000] {processor.py:914} INFO - Processing file /opt/airflow/dags/my_tasks.py for tasks to queue
[2026-10-01T19:32:35.874+0000] {logging_mixin.py:190} INFO - [2026-10-01T19:32:35.874+0000] {dagbag.py:588} INFO - Filling up the DagBag from /opt/airflow/dags/my_tasks.py
[2026-10-01T19:32:35.884+0000] {processor.py:925} INFO - DAG(s) 'my_dag' retrieved from /opt/airflow/dags/my_tasks.py
[2026-10-01T19:32:35.901+0000] {logging_mixin.py:190} INFO - [2026-10-01T19:32:35.901+0000] {dag.py:3239} INFO - Sync 1 DAGs
[2026-10-01T19:32:35.917+0000] {logging_mixin.py:190} INFO - [2026-10-01T19:32:35.917+0000] {dag.py:4180} INFO - Setting next_dagrun for my_dag to None, run_after=None
[2026-10-01T19:32:35.931+0000] {processor.py:208} INFO - Processing /opt/airflow/dags/my_tasks.py took 0.071 seconds
[2026-10-01T19:33:06.114+0000] {processor.py:186} INFO - Started process (PID=863) to work on /opt/airflow/dags/my_tasks.py
[2026-10-01T19:33:06.122+0000] {processor.py:914} INFO - Processing file /opt/airflow/dags/my_tasks.py for tasks to queue
[2026-10-01T19:33:06.125+0000] {logging_mixin.py:190} INFO - [2026-10-01T19:33:06.124+0000] {dagbag.py:588} INFO - Filling up the DagBag from /opt/airflow/dags/my_tasks.py
[2026-10-01T19:33:06.134+0000] {processor.py:925} INFO - DAG(s) 'my_dag' retrieved from /opt/airflow/dags/my_tasks.py
[2026-10-01T19:33:06.153+0000] {logging_mixin.py:190} INFO - [2026-10-01T19:33:06.153+0000] {dag.py:3239} INFO - Sync 1 DAGs
[2026-10-01T19:33:06.169+0000] {logging_mixin.py:190} INFO - [2026-10-01T19:33:06.169+0000] {dag.py:4180} INFO - Setting next_dagrun for my_dag to None, run_after=None
[2026-10-01T19:33:06.184+0000] {processor.py:208} INFO - Processing /opt/airflow/dags/my_tasks.py took 0.075 seconds
[2026-10-01T19:33:36.385+0000] {processor.py:186} INFO - Started process (PID=874) to work on /opt/airflow/dags/my_tasks.py
[2026-10-01T19:33:36.393+0000] {processor.py:914} INFO - Processing file /opt/airflow/dags/my_tasks.py for tasks to queue
[2026-10-01T19:33:36.395+0000] {logging_mixin.py:190} INFO - [2026-10-01T19:33:36.394+0000] {dagbag.py:588} INFO - Filling up the DagBag from /opt/airflow/dags/my_tasks.py
[2026-10-01T19:33:36.401+0000] {processor.py:925} INFO - DAG(s) 'my_dag' retrieved from /opt/airflow/dags/my_tasks.py
[2026-10-01T19:33:36.420+0000] {logging_mixin.py:190} INFO - [2026-10-01T19:33:36.420+0000] {dag.py:3239} INFO - Sync 1 DAGs
[2026-10-01T19:33:36.436+0000] {logging_mixin.py:190} INFO - [2026-10-01T19:33:36.435+0000] {dag.py:4180} INFO - Setting next_dagrun for my_dag to None, run_after=None
[2026-10-01T19:33:36.450+0000] {processor.py:208} INFO - Processing /opt/airflow/dags/my_tasks.py took 0.069 seconds
[2026-10-01T19:34:06.649+0000] {processor.py:186} INFO - Started process (PID=885) to work on /opt/airflow/dags/my_tasks.py
[2026-10-01T19:34:06.657+0000] {processor.py:914} INFO - Processing file /opt/airflow/dags/my_tasks.py for tasks to queue
[2026-10-01T19:34:06.659+0000] {logging_mixin.py:190} INFO - [2026-10-01T19:34:06.659+0000] {dagbag.py:588} INFO - Filling up the DagBag from /opt/airflow/dags/my_tasks.py
[2026-10-01T19:34:06.665+0000] {processor.py:925} INFO - DAG(s) 'my_dag' retrieved from /opt/airflow/dags/my_tasks.py
[2026-10-01T19:34:06.683+0000] {logging_mixin.py:190} INFO - [2026-10-01T19:34:06.682+0000] {dag.py:3239} INFO - Sync 1 DAGs
[2026-10-01T19:34:06.698+0000] {logging_mixin.py:190} INFO - [2026-10-01T19:34:06.698+0000] {dag.py:4180} INFO - Setting next_dagrun for my_dag to None, run_after=None
[2026-10-01T19:34:06.713+0000] {processor.py:208} INFO - Processing /opt/airflow/dags/my_tasks.py took 0.068 seconds
[2026-10-01T19:34:36.894+0000] {processor.py:186} INFO - Started process (PID=896) to work on /opt/airflow/dags/my_tasks.py
[2026-10-01T19:34:36.902+0000] {processor.py:914} INFO - Processing file /opt/airflow/dags/my_tasks.py for tasks to queue
[2026-10-01T19:34:36.903+0000] {logging_mixin.py:190} INFO - [2026-10-01T19:34:36.903+0000] {dagbag.py:588} INFO - Filling up the DagBag from /opt/airflow/dags/my_tasks.py
[2026-10-01T19:34:36.911+0000] {processor.py:925} INFO - DAG(s) 'my_dag' retrieved from /opt/airflow/dags/my_tasks.py
[2026-10-01T19:34:36.934+0000] {logging_mixin.py:190} INFO - [2026-10-01T19:34:36.934+0000] {dag.py:3239} INFO - Sync 1 DAGs
[2026-10-01T19:34:36.953+0000] {logging_mixin.py:190} INFO - [2026-10-01T19:34:36.953+0000] {dag.py:4180} INFO - Setting next_dagrun for my_dag to None, run_after=None
[2026-10-01T19:34:36.968+0000] {processor.py:208} INFO - Processing /opt/airflow/dags/my_tasks.py took 0.081 seconds
[2026-10-01T19:35:07.125+0000] {processor.py:186} INFO - Started process (PID=907) to work on /opt/airflow/dags/my_tasks.py
[2026-10-01T19:35:07.132+0000] {processor.py:914} INFO - Processing file /opt/airflow/dags/my_tasks.py for tasks to queue
[2026-10-01T19:35:07.135+0000] {logging_mixin.py:190} INFO - [2026-10-01T19:35:07.134+0000] {dagbag.py:588} INFO - Filling up the DagBag from /opt/airflow/dags/my_tasks.py
[2026-10-01T19:35:07.144+0000] {processor.py:925} INFO - DAG(s) 'my_dag' retrieved from /opt/airflow/dags/my_tasks.py
[2026-10-01T19:35:07.164+0000] {logging_mixin.py:190} INFO - [2026-10-01T19:35:07.163+0000] {dag.py:3239} INFO - Sync 1 DAGs
[2026-10-01T19:35:07.184+0000] {logging_mixin.py:190} INFO - [2026-10-01T19:35:07.183+0000] {dag.py:4180} INFO - Setting next_dagrun for my_dag to None, run_after=None
[2026-10-01T19:35:07.199+0000] {processor.py:208} INFO - Processing /opt/airflow/dags/my_tasks.py took 0.078 seconds
[2026-10-01T19:35:37.387+0000] {processor.py:186} INFO - Started process (PID=918) to work on /opt/airflow/dags/my_tasks.py
[2026-10-01T19:35:37.387+0000] {processor.py:914} INFO - Processing file /opt/airflow/dags/my_tasks.py for tasks to queue
[2026-10-01T19:35:37.389+0000] {logging_mixin.py:190} INFO - [2026-10-01T19:35:37.388+0000] {dagbag.py:588} INFO - Filling up the DagBag from /opt/airflow/dags/my_tasks.py
[2026-10-01T19:35:37.396+0000] {processor.py:925} INFO - DAG(s) 'my_dag' retrieved from /opt/airflow/dags/my_tasks.py
[2026-10-01T19:35:37.413+0000] {logging_mixin.py:190} INFO - [2026-10-01T19:35:37.413+0000] {dag.py:3239} INFO - Sync 1 DAGs
[2026-10-01T19:35:37.428+0000] {logging_mixin.py:190} INFO - [2026-10-01T19:35:37.428+0000] {dag.py:4180} INFO - Setting next_dagrun for my_dag to None, run_after=None
[2026-10-01T19:35:37.442+0000] {processor.py:208} INFO - Processing /opt/airflow/dags/my_tasks.py took 0.060 seconds
[2026-10-01T19:36:07.634+0000] {processor.py:186} INFO - Started process (PID=929) to work on /opt/airflow/dags/my_tasks.py
[2026-10-01T19:36:07.642+0000] {processor.py:914} INFO - Processing file /opt/airflow/dags/my_tasks.py for tasks to queue
[2026-10-01T19:36:07.645+0000] {logging_mixin.py:190} INFO - [2026-10-01T19:36:07.644+0000] {dagbag.py:588} INFO - Filling up the DagBag from /opt/airflow/dags/my_tasks.py
[2026-10-01T19:36:07.654+0000] {processor.py:925} INFO - DAG(s) 'my_dag' retrieved from /opt/airflow/dags/my_tasks.py
[2026-10-01T19:36:07.674+0000] {logging_mixin.py:190} INFO - [2026-10-01T19:36:07.674+0000] {dag.py:3239} INFO - Sync 1 DAGs
[2026-10-01T19:36:07.691+0000] {logging_mixin.py:190} INFO - [2026-10-01T19:36:07.691+0000] {dag.py:4180} INFO - Setting next_dagrun for my_dag to None, run_after=None
[2026-10-01T19:36:07.704+0000] {processor.py:208} INFO - Processing /opt/airflow/dags/my_tasks.py took 0.075 seconds
[2026-10-01T19:36:37.908+0000] {processor.py:186} INFO - Started process (PID=940) to work on /opt/airflow/dags/my_tasks.py
[2026-10-01T19:36:37.922+0000] {processor.py:914} INFO - Processing file /opt/airflow/dags/my_tasks.py for tasks to queue
[2026-10-01T19:36:37.926+0000] {logging_mixin.py:190} INFO - [2026-10-01T19:36:37.925+0000] {dagbag.py:588} INFO - Filling up the DagBag from /opt/airflow/dags/my_tasks.py
[2026-10-01T19:36:37.938+0000] {processor.py:925} INFO - DAG(s) 'my_dag' retrieved from /opt/airflow/dags/my_tasks.py
[2026-10-01T19:36:37.955+0000] {logging_mixin.py:190} INFO - [2026-10-01T19:36:37.955+0000] {dag.py:3239} INFO - Sync 1 DAGs
[2026-10-01T19:36:37.970+0000] {logging_mixin.py:190} INFO - [2026-10-01T19:36:37.970+0000] {dag.py:4180} INFO - Setting next_dagrun for my_dag to None, run_after=None
[2026-10-01T19:36:37.984+0000] {processor.py:208} INFO - Processing /opt/airflow/dags/my_tasks.py took 0.080 seconds
[2026-10-01T19:37:08.171+0000] {processor.py:186} INFO - Started process (PID=951) to work on /opt/airflow/dags/my_tasks.py
[2026-10-01T19:37:08.172+0000] {processor.py:914} INFO - Processing file /opt/airflow/dags/my_tasks.py for tasks to queue
[2026-10-01T19:37:08.173+0000] {logging_mixin.py:190} INFO - [2026-10-01T19:37:08.173+0000] {dagbag.py:588} INFO - Filling up the DagBag from /opt/airflow/dags/my_tasks.py
[2026-10-01T19:37:08.179+0000] {processor.py:925} INFO - DAG(s) 'my_dag' retrieved from /opt/airflow/dags/my_tasks.py
[2026-10-01T19:37:08.197+0000] {logging_mixin.py:190} INFO - [2026-10-01T19:37:08.197+0000] {dag.py:3239} INFO - Sync 1 DAGs
[2026-10-01T19:37:08.213+0000] {logging_mixin.py:190} INFO - [2026-10-01T19:37:08.213+0000] {dag.py:4180} INFO - Setting next_dagrun for my_dag to None, run_after=None
[2026-10-01T19:37:08.227+0000] {processor.py:208} INFO - Processing /opt/airflow/dags/my_tasks.py took 0.060 seconds
[2026-10-01T19:37:38.429+0000] {processor.py:186} INFO - Started process (PID=962) to work on /opt/airflow/dags/my_tasks.py
[2026-10-01T19:37:38.437+0000] {processor.py:914} INFO - Processing file /opt/airflow/dags/my_tasks.py for tasks to queue
[2026-10-01T19:37:38.439+0000] {logging_mixin.py:190} INFO - [2026-10-01T19:37:38.439+0000] {dagbag.py:588} INFO - Filling up the DagBag from /opt/airflow/dags/my_tasks.py
[2026-10-01T19:37:38.449+0000] {processor.py:925} INFO - DAG(s) 'my_dag' retrieved from /opt/airflow/dags/my_tasks.py
[2026-10-01T19:37:38.470+0000] {logging_mixin.py:190} INFO - [2026-10-01T19:37:38.470+0000] {dag.py:3239} INFO - Sync 1 DAGs
[2026-10-01T19:37:38.486+0000] {logging_mixin.py:190} INFO - [2026-10-01T19:37:38.485+0000] {dag.py:4180} INFO - Setting next_dagrun for my_dag to None, run_after=None
[2026-10-01T19:37:38.500+0000] {processor.py:208} INFO - Processing /opt/airflow/dags/my_tasks.py took 0.074 seconds
[2026-10-01T19:38:08.702+0000] {processor.py:186} INFO - Started process (PID=973) to work on /opt/airflow/dags/my_tasks.py
[2026-10-01T19:38:08.710+0000] {processor.py:914} INFO - Processing file /opt/airflow/dags/my_tasks.py for tasks to queue
[2026-10-01T19:38:08.713+0000] {logging_mixin.py:190} INFO - [2026-10-01T19:38:08.713+0000] {dagbag.py:588} INFO - Filling up the DagBag from /opt/airflow/dags/my_tasks.py
[2026-10-01T19:38:08.723+0000] {processor.py:925} INFO - DAG(s) 'my_dag' retrieved from /opt/airflow/dags/my_tasks.py
[2026-10-01T19:38:08.741+0000] {logging_mixin.py:190} INFO - [2026-10-01T19:38:08.741+0000] {dag.py:3239} INFO - Sync 1 DAGs
[2026-10-01T19:38:08.756+0000] {logging_mixin.py:190} INFO - [2026-10-01T19:38:08.756+0000] {dag.py:4180} INFO - Setting next_dagrun for my_dag to None, run_after=None
[2026-10-01T19:38:08.770+0000] {processor.py:208} INFO - Processing /opt/airflow/dags/my_tasks.py took 0.072 seconds
[2026-10-01T19:38:38.962+0000] {processor.py:186} INFO - Started process (PID=984) to work on /opt/airflow/dags/my_tasks.py
[2026-10-01T19:38:38.970+0000] {processor.py:914} INFO - Processing file /opt/airflow/dags/my_tasks.py for tasks to queue
[2026-10-01T19:38:38.972+0000] {logging_mixin.py:190} INFO - [2026-10-01T19:38:38.971+0000] {dagbag.py:588} INFO - Filling up the DagBag from /opt/airflow/dags/my_tasks.py
[2026-10-01T19:38:38.982+0000] {processor.py:925} INFO - DAG(s) 'my_dag' retrieved from /opt/airflow/dags/my_tasks.py
[2026-10-01T19:38:39.000+0000] {logging_mixin.py:190} INFO - [2026-10-01T19:38:39.000+0000] {dag.py:3239} INFO - Sync 1 DAGs
[2026-10-01T19:38:39.016+0000] {logging_mixin.py:190} INFO - [2026-10-01T19:38:39.016+0000] {dag.py:4180} INFO - Setting next_dagrun for my_dag to None, run_after=None
[2026-10-01T19:38:39.030+0000] {processor.py:208} INFO - Processing /opt/airflow/dags/my_tasks.py took 0.072 seconds
[2026-10-01T19:39:09.225+0000] {processor.py:186} INFO - Started process (PID=995) to work on /opt/airflow/dags/my_tasks.py
[2026-10-01T19:39:09.232+0000] {processor.py:914} INFO - Processing file /opt/airflow/dags/my_tasks.py for tasks to queue
[2026-10-01T19:39:09.235+0000] {logging_mixin.py:190} INFO - [2026-10-01T19:39:09.234+0000] {dagbag.py:588} INFO - Filling up the DagBag from /opt/airflow/dags/my_tasks.py
[2026-10-01T19:39:09.245+0000] {processor.py:925} INFO - DAG(s) 'my_dag' retrieved from /opt/airflow/dags/my_tasks.py
[2026-10-01T19:39:09.262+0000] {logging_mixin.py:190} INFO - [2026-10-01T19:39:09.262+0000] {dag.py:3239} INFO - Sync 1 DAGs
[2026-10-01T19:39:09.278+0000] {logging_mixin.py:190} INFO - [2026-10-01T19:39:09.278+0000] {dag.py:4180} INFO - Setting next_dagrun for my_dag to None, run_after=None
[2026-10-01T19:39:09.293+0000] {processor.py:208} INFO - Processing /opt/airflow/dags/my_tasks.py took 0.072 seconds
[2026-10-01T19:39:39.497+0000] {processor.py:186} INFO - Started process (PID=1006) to work on /opt/airflow/dags/my_tasks.py
[2026-10-01T19:39:39.498+0000] {processor.py:914} INFO - Processing file /opt/airflow/dags/my_tasks.py for tasks to queue
[2026-10-01T19:39:39.500+0000] {logging_mixin.py:190} INFO - [2026-10-01T19:39:39.499+0000] {dagbag.py:588} INFO - Filling up the DagBag from /opt/airflow/dags/my_tasks.py
[2026-10-01T19:39:39.506+0000] {processor.py:925} INFO - DAG(s) 'my_dag' retrieved from /opt/airflow/dags/my_tasks.py
[2026-10-01T19:39:39.524+0000] {logging_mixin.py:190} INFO - [2026-10-01T19:39:39.524+0000] {dag.py:3239} INFO - Sync 1 DAGs
[2026-10-01T19:39:39.541+0000] {logging_mixin.py:190} INFO - [2026-10-01T19:39:39.541+0000] {dag.py:4180} INFO - Setting next_dagrun for my_dag to None, run_after=None
[2026-10-01T19:39:39.557+0000] {processor.py:208} INFO - Processing /opt/airflow/dags/my_tasks.py took 0.064 seconds
[2026-10-01T19:40:09.759+0000] {processor.py:186} INFO - Started process (PID=1017) to work on /opt/airflow/dags/my_tasks.py
[2026-10-01T19:40:09.760+0000] {processor.py:914} INFO - Processing file /opt/airflow/dags/my_tasks.py for tasks to queue
[2026-10-01T19:40:09.761+0000] {logging_mixin.py:190} INFO - [2026-10-01T19:40:09.761+0000] {dagbag.py:588} INFO - Filling up the DagBag from /opt/airflow/dags/my_tasks.py
[2026-10-01T19:40:09.770+0000] {processor.py:925} INFO - DAG(s) 'my_dag' retrieved from /opt/airflow/dags/my_tasks.py
[2026-10-01T19:40:09.793+0000] {logging_mixin.py:190} INFO - [2026-10-01T19:40:09.792+0000] {dag.py:3239} INFO - Sync 1 DAGs
[2026-10-01T19:40:09.812+0000] {logging_mixin.py:190} INFO - [2026-10-01T19:40:09.812+0000] {dag.py:4180} INFO - Setting next_dagrun for my_dag to None, run_after=None
[2026-10-01T19:40:09.828+0000] {processor.py:208} INFO - Processing /opt/airflow/dags/my_tasks.py took 0.075 seconds
[2026-10-01T19:40:40.031+0000] {processor.py:186} INFO - Started process (PID=1028) to work on /opt/airflow/dags/my_tasks.py
[2026-10-01T19:40:40.038+0000] {processor.py:914} INFO - Processing file /opt/airflow/dags/my_tasks.py for tasks to queue
[2026-10-01T19:40:40.040+0000] {logging_mixin.py:190} INFO - [2026-10-01T19:40:40.040+0000] {dagbag.py:588} INFO - Filling up the DagBag from /opt/airflow/dags/my_tasks.py
[2026-10-01T19:40:40.049+0000] {processor.py:925} INFO - DAG(s) 'my_dag' retrieved from /opt/airflow/dags/my_tasks.py
[2026-10-01T19:40:40.066+0000] {logging_mixin.py:190} INFO - [2026-10-01T19:40:40.066+0000] {dag.py:3239} INFO - Sync 1 DAGs
[2026-10-01T19:40:40.083+0000] {logging_mixin.py:190} INFO - [2026-10-01T19:40:40.082+0000] {dag.py:4180} INFO - Setting next_dagrun for my_dag to None, run_after=None
[2026-10-01T19:40:40.097+0000] {processor.py:208} INFO - Processing /opt/airflow/dags/my_tasks.py took 0.070 seconds
[2026-10-01T19:41:10.296+0000] {processor.py:186} INFO - Started process (PID=1039) to work on /opt/airflow/dags/my_tasks.py
[2026-10-01T19:41:10.296+0000] {processor.py:914} INFO - Processing file /opt/airflow/dags/my_tasks.py for tasks to queue
[2026-10-01T19:41:10.298+0000] {logging_mixin.py:190} INFO - [2026-10-01T19:41:10.298+0000] {dagbag.py:588} INFO - Filling up the DagBag from /opt/airflow/dags/my_tasks.py
[2026-10-01T19:41:10.305+0000] {processor.py:925} INFO - DAG(s) 'my_dag' retrieved from /opt/airflow/dags/my_tasks.py
[2026-10-01T19:41:10.323+0000] {logging_mixin.py:190} INFO - [2026-10-01T19:41:10.323+0000] {dag.py:3239} INFO - Sync 1 DAGs
[2026-10-01T19:41:10.339+0000] {logging_mixin.py:190} INFO - [2026-10-01T19:41:10.339+0000] {dag.py:4180} INFO - Setting next_dagrun for my_dag to None, run_after=None
[2026-10-01T19:41:10.355+0000] {processor.py:208} INFO - Processing /opt/airflow/dags/my_tasks.py took 0.063 seconds
[2026-10-01T19:41:40.569+0000] {processor.py:186} INFO - Started process (PID=1050) to work on /opt/airflow/dags/my_tasks.py
[2026-10-01T19:41:40.569+0000] {processor.py:914} INFO - Processing file /opt/airflow/dags/my_tasks.py for tasks to queue
[2026-10-01T19:41:40.571+0000] {logging_mixin.py:190} INFO - [2026-10-01T19:41:40.571+0000] {dagbag.py:588} INFO - Filling up the DagBag from /opt/airflow/dags/my_tasks.py
[2026-10-01T19:41:40.579+0000] {processor.py:925} INFO - DAG(s) 'my_dag' retrieved from /opt/airflow/dags/my_tasks.py
[2026-10-01T19:41:40.596+0000] {logging_mixin.py:190} INFO - [2026-10-01T19:41:40.596+0000] {dag.py:3239} INFO - Sync 1 DAGs
[2026-10-01T19:41:40.611+0000] {logging_mixin.py:190} INFO - [2026-10-01T19:41:40.611+0000] {dag.py:4180} INFO - Setting next_dagrun for my_dag to None, run_after=None
[2026-10-01T19:41:40.626+0000] {processor.py:208} INFO - Processing /opt/airflow/dags/my_tasks.py took 0.062 seconds
[2026-10-01T19:42:10.834+0000] {processor.py:186} INFO - Started process (PID=1061) to work on /opt/airflow/dags/my_tasks.py
[2026-10-01T19:42:10.842+0000] {processor.py:914} INFO - Processing file /opt/airflow/dags/my_tasks.py for tasks to queue
[2026-10-01T19:42:10.844+0000] {logging_mixin.py:190} INFO - [2026-10-01T19:42:10.844+0000] {dagbag.py:588} INFO - Filling up the DagBag from /opt/airflow/dags/my_tasks.py
[2026-10-01T19:42:10.852+0000] {processor.py:925} INFO - DAG(s) 'my_dag' retrieved from /opt/airflow/dags/my_tasks.py
[2026-10-01T19:42:10.872+0000] {logging_mixin.py:190} INFO - [2026-10-01T19:42:10.872+0000] {dag.py:3239} INFO - Sync 1 DAGs
[2026-10-01T19:42:10.888+0000] {logging_mixin.py:190} INFO - [2026-10-01T19:42:10.888+0000] {dag.py:4180} INFO - Setting next_dagrun for my_dag to None, run_after=None
[2026-10-01T19:42:10.902+0000] {processor.py:208} INFO - Processing /opt/airflow/dags/my_tasks.py took 0.072 seconds
[2026-10-01T19:42:41.116+0000] {processor.py:186} INFO - Started process (PID=1072) to work on /opt/airflow/dags/my_tasks.py
[2026-10-01T19:42:41.124+0000] {processor.py:914} INFO - Processing file /opt/airflow/dags/my_tasks.py for tasks to queue
[2026-10-01T19:42:41.127+0000] {logging_mixin.py:190} INFO - [2026-10-01T19:42:41.126+0000] {dagbag.py:588} INFO - Filling up the DagBag from /opt/airflow/dags/my_tasks.py
[2026-10-01T19:42:41.137+0000] {processor.py:925} INFO - DAG(s) 'my_dag' retrieved from /opt/airflow/dags/my_tasks.py
[2026-10-01T19:42:41.154+0000] {logging_mixin.py:190} INFO - [2026-10-01T19:42:41.154+0000] {dag.py:3239} INFO - Sync 1 DAGs
[2026-10-01T19:42:41.171+0000] {logging_mixin.py:190} INFO - [2026-10-01T19:42:41.170+0000] {dag.py:4180} INFO - Setting next_dagrun for my_dag to None, run_after=None
[2026-10-01T19:42:41.185+0000] {processor.py:208} INFO - Processing /opt/airflow/dags/my_tasks.py took 0.072 seconds
[2026-10-01T19:43:11.392+0000] {processor.py:186} INFO - Started process (PID=1083) to work on /opt/airflow/dags/my_tasks.py
[2026-10-01T19:43:11.393+0000] {processor.py:914} INFO - Processing file /opt/airflow/dags/my_tasks.py for tasks to queue
[2026-10-01T19:43:11.394+0000] {logging_mixin.py:190} INFO - [2026-10-01T19:43:11.394+0000] {dagbag.py:588} INFO - Filling up the DagBag from /opt/airflow/dags/my_tasks.py
[2026-10-01T19:43:11.401+0000] {processor.py:925} INFO - DAG(s) 'my_dag' retrieved from /opt/airflow/dags/my_tasks.py
[2026-10-01T19:43:11.419+0000] {logging_mixin.py:190} INFO - [2026-10-01T19:43:11.419+0000] {dag.py:3239} INFO - Sync 1 DAGs
[2026-10-01T19:43:11.434+0000] {logging_mixin.py:190} INFO - [2026-10-01T19:43:11.434+0000] {dag.py:4180} INFO - Setting next_dagrun for my_dag to None, run_after=None
[2026-10-01T19:43:11.448+0000] {processor.py:208} INFO - Processing /opt/airflow/dags/my_tasks.py took 0.060 seconds
[2026-10-01T19:43:41.673+0000] {processor.py:186} INFO - Started process (PID=1094) to work on /opt/airflow/dags/my_tasks.py
[2026-10-01T19:43:41.681+0000] {processor.py:914} INFO - Processing file /opt/airflow/dags/my_tasks.py for tasks to queue
[2026-10-01T19:43:41.683+0000] {logging_mixin.py:190} INFO - [2026-10-01T19:43:41.682+0000] {dagbag.py:588} INFO - Filling up the DagBag from /opt/airflow/dags/my_tasks.py
[2026-10-01T19:43:41.689+0000] {processor.py:925} INFO - DAG(s) 'my_dag' retrieved from /opt/airflow/dags/my_tasks.py
[2026-10-01T19:43:41.707+0000] {logging_mixin.py:190} INFO - [2026-10-01T19:43:41.707+0000] {dag.py:3239} INFO - Sync 1 DAGs
[2026-10-01T19:43:41.723+0000] {logging_mixin.py:190} INFO - [2026-10-01T19:43:41.722+0000] {dag.py:4180} INFO - Setting next_dagrun for my_dag to None, run_after=None
[2026-10-01T19:43:41.737+0000] {processor.py:208} INFO - Processing /opt/airflow/dags/my_tasks.py took 0.069 seconds
[2026-10-01T19:44:11.931+0000] {processor.py:186} INFO - Started process (PID=1105) to work on /opt/airflow/dags/my_tasks.py
[2026-10-01T19:44:11.932+0000] {processor.py:914} INFO - Processing file /opt/airflow/dags/my_tasks.py for tasks to queue
[2026-10-01T19:44:11.933+0000] {logging_mixin.py:190} INFO - [2026-10-01T19:44:11.933+0000] {dagbag.py:588} INFO - Filling up the DagBag from /opt/airflow/dags/my_tasks.py
[2026-10-01T19:44:11.940+0000] {processor.py:925} INFO - DAG(s) 'my_dag' retrieved from /opt/airflow/dags/my_tasks.py
[2026-10-01T19:44:11.958+0000] {logging_mixin.py:190} INFO - [2026-10-01T19:44:11.958+0000] {dag.py:3239} INFO - Sync 1 DAGs
[2026-10-01T19:44:11.976+0000] {logging_mixin.py:190} INFO - [2026-10-01T19:44:11.975+0000] {dag.py:4180} INFO - Setting next_dagrun for my_dag to None, run_after=None
[2026-10-01T19:44:11.992+0000] {processor.py:208} INFO - Processing /opt/airflow/dags/my_tasks.py took 0.066 seconds
[2026-10-01T19:44:42.218+0000] {processor.py:186} INFO - Started process (PID=1116) to work on /opt/airflow/dags/my_tasks.py
[2026-10-01T19:44:42.226+0000] {processor.py:914} INFO - Processing file /opt/airflow/dags/my_tasks.py for tasks to queue
[2026-10-01T19:44:42.228+0000] {logging_mixin.py:190} INFO - [2026-10-01T19:44:42.228+0000] {dagbag.py:588} INFO - Filling up the DagBag from /opt/airflow/dags/my_tasks.py
[2026-10-01T19:44:42.239+0000] {processor.py:925} INFO - DAG(s) 'my_dag' retrieved from /opt/airflow/dags/my_tasks.py
[2026-10-01T19:44:42.258+0000] {logging_mixin.py:190} INFO - [2026-10-01T19:44:42.258+0000] {dag.py:3239} INFO - Sync 1 DAGs
[2026-10-01T19:44:42.274+0000] {logging_mixin.py:190} INFO - [2026-10-01T19:44:42.274+0000] {dag.py:4180} INFO - Setting next_dagrun for my_dag to None, run_after=None
[2026-10-01T19:44:42.289+0000] {processor.py:208} INFO - Processing /opt/airflow/dags/my_tasks.py took 0.075 seconds
[2026-10-01T19:45:12.462+0000] {processor.py:186} INFO - Started process (PID=1127) to work on /opt/airflow/dags/my_tasks.py
[2026-10-01T19:45:12.462+0000] {processor.py:914} INFO - Processing file /opt/airflow/dags/my_tasks.py for tasks to queue
[2026-10-01T19:45:12.464+0000] {logging_mixin.py:190} INFO - [2026-10-01T19:45:12.464+0000] {dagbag.py:588} INFO - Filling up the DagBag from /opt/airflow/dags/my_tasks.py
[2026-10-01T19:45:12.472+0000] {processor.py:925} INFO - DAG(s) 'my_dag' retrieved from /opt/airflow/dags/my_tasks.py
[2026-10-01T19:45:12.492+0000] {logging_mixin.py:190} INFO - [2026-10-01T19:45:12.492+0000] {dag.py:3239} INFO - Sync 1 DAGs
[2026-10-01T19:45:12.508+0000] {logging_mixin.py:190} INFO - [2026-10-01T19:45:12.508+0000] {dag.py:4180} INFO - Setting next_dagrun for my_dag to None, run_after=None
[2026-10-01T19:45:12.522+0000] {processor.py:208} INFO - Processing /opt/airflow/dags/my_tasks.py took 0.065 seconds
[2026-10-01T19:45:42.744+0000] {processor.py:186} INFO - Started process (PID=1138) to work on /opt/airflow/dags/my_tasks.py
[2026-10-01T19:45:42.752+0000] {processor.py:914} INFO - Processing file /opt/airflow/dags/my_tasks.py for tasks to queue
[2026-10-01T19:45:42.753+0000] {logging_mixin.py:190} INFO - [2026-10-01T19:45:42.753+0000] {dagbag.py:588} INFO - Filling up the DagBag from /opt/airflow/dags/my_tasks.py
[2026-10-01T19:45:42.761+0000] {processor.py:925} INFO - DAG(s) 'my_dag' retrieved from /opt/airflow/dags/my_tasks.py
[2026-10-01T19:45:42.779+0000] {logging_mixin.py:190} INFO - [2026-10-01T19:45:42.778+0000] {dag.py:3239} INFO - Sync 1 DAGs
[2026-10-01T19:45:42.794+0000] {logging_mixin.py:190} INFO - [2026-10-01T19:45:42.793+0000] {dag.py:4180} INFO - Setting next_dagrun for my_dag to None, run_after=None
[2026-10-01T19:45:42.807+0000] {processor.py:208} INFO - Processing /opt/airflow/dags/my_tasks.py took 0.067 seconds
[2026-10-01T19:46:13.004+0000] {processor.py:186} INFO - Started process (PID=1149) to work on /opt/airflow/dags/my_tasks.py
[2026-10-01T19:46:13.004+0000] {processor.py:914} INFO - Processing file /opt/airflow/dags/my_tasks.py for tasks to queue
[2026-10-01T19:46:13.006+0000] {logging_mixin.py:190} INFO - [2026-10-01T19:46:13.005+0000] {dagbag.py:588} INFO - Filling up the DagBag from /opt/airflow/dags/my_tasks.py
[2026-10-01T19:46:13.013+0000] {processor.py:925} INFO - DAG(s) 'my_dag' retrieved from /opt/airflow/dags/my_tasks.py
[2026-10-01T19:46:13.030+0000] {logging_mixin.py:190} INFO - [2026-10-01T19:46:13.030+0000] {dag.py:3239} INFO - Sync 1 DAGs
[2026-10-01T19:46:13.046+0000] {logging_mixin.py:190} INFO - [2026-10-01T19:46:13.046+0000] {dag.py:4180} INFO - Setting next_dagrun for my_dag to None, run_after=None
[2026-10-01T19:46:13.060+0000] {processor.py:208} INFO - Processing /opt/airflow/dags/my_tasks.py took 0.060 seconds
[2026-10-01T19:46:43.276+0000] {processor.py:186} INFO - Started process (PID=1160) to work on /opt/airflow/dags/my_tasks.py
[2026-10-01T19:46:43.284+0000] {processor.py:914} INFO - Processing file /opt/airflow/dags/my_tasks.py for tasks to queue
[2026-10-01T19:46:43.287+0000] {logging_mixin.py:190} INFO - [2026-10-01T19:46:43.286+0000] {dagbag.py:588} INFO - Filling up the DagBag from /opt/airflow/dags/my_tasks.py
[2026-10-01T19:46:43.298+0000] {processor.py:925} INFO - DAG(s) 'my_dag' retrieved from /opt/airflow/dags/my_tasks.py
[2026-10-01T19:46:43.316+0000] {logging_mixin.py:190} INFO - [2026-10-01T19:46:43.316+0000] {dag.py:3239} INFO - Sync 1 DAGs
[2026-10-01T19:46:43.332+0000] {logging_mixin.py:190} INFO - [2026-10-01T19:46:43.332+0000] {dag.py:4180} INFO - Setting next_dagrun for my_dag to None, run_after=None
[2026-10-01T19:46:43.345+0000] {processor.py:208} INFO - Processing /opt/airflow/dags/my_tasks.py took 0.072 seconds
[2026-10-01T19:47:13.535+0000] {processor.py:186} INFO - Started process (PID=1171) to work on /opt/airflow/dags/my_tasks.py
[2026-10-01T19:47:13.536+0000] {processor.py:914} INFO - Processing file /opt/airflow/dags/my_tasks.py for tasks to queue
[2026-10-01T19:47:13.537+0000] {logging_mixin.py:190} INFO - [2026-10-01T19:47:13.537+0000] {dagbag.py:588} INFO - Filling up the DagBag from /opt/airflow/dags/my_tasks.py
[2026-10-01T19:47:13.545+0000] {processor.py:925} INFO - DAG(s) 'my_dag' retrieved from /opt/airflow/dags/my_tasks.py
[2026-10-01T19:47:13.568+0000] {logging_mixin.py:190} INFO - [2026-10-01T19:47:13.568+0000] {dag.py:3239} INFO - Sync 1 DAGs
[2026-10-01T19:47:13.584+0000] {logging_mixin.py:190} INFO - [2026-10-01T19:47:13.584+0000] {dag.py:4180} INFO - Setting next_dagrun for my_dag to None, run_after=None
[2026-10-01T19:47:13.598+0000] {processor.py:208} INFO - Processing /opt/airflow/dags/my_tasks.py took 0.067 seconds
[2026-10-01T19:47:43.796+0000] {processor.py:186} INFO - Started process (PID=1182) to work on /opt/airflow/dags/my_tasks.py
[2026-10-01T19:47:43.804+0000] {processor.py:914} INFO - Processing file /opt/airflow/dags/my_tasks.py for tasks to queue
[2026-10-01T19:47:43.808+0000] {logging_mixin.py:190} INFO - [2026-10-01T19:47:43.807+0000] {dagbag.py:588} INFO - Filling up the DagBag from /opt/airflow/dags/my_tasks.py
[2026-10-01T19:47:43.816+0000] {processor.py:925} INFO - DAG(s) 'my_dag' retrieved from /opt/airflow/dags/my_tasks.py
[2026-10-01T19:47:43.833+0000] {logging_mixin.py:190} INFO - [2026-10-01T19:47:43.833+0000] {dag.py:3239} INFO - Sync 1 DAGs
[2026-10-01T19:47:43.849+0000] {logging_mixin.py:190} INFO - [2026-10-01T19:47:43.849+0000] {dag.py:4180} INFO - Setting next_dagrun for my_dag to None, run_after=None
[2026-10-01T19:47:43.864+0000] {processor.py:208} INFO - Processing /opt/airflow/dags/my_tasks.py took 0.073 seconds
[2026-10-01T19:48:14.029+0000] {processor.py:186} INFO - Started process (PID=1193) to work on /opt/airflow/dags/my_tasks.py
[2026-10-01T19:48:14.033+0000] {processor.py:914} INFO - Processing file /opt/airflow/dags/my_tasks.py for tasks to queue
[2026-10-01T19:48:14.036+0000] {logging_mixin.py:190} INFO - [2026-10-01T19:48:14.035+0000] {dagbag.py:588} INFO - Filling up the DagBag from /opt/airflow/dags/my_tasks.py
[2026-10-01T19:48:14.045+0000] {processor.py:925} INFO - DAG(s) 'my_dag' retrieved from /opt/airflow/dags/my_tasks.py
[2026-10-01T19:48:14.068+0000] {logging_mixin.py:190} INFO - [2026-10-01T19:48:14.068+0000] {dag.py:3239} INFO - Sync 1 DAGs
[2026-10-01T19:48:14.094+0000] {logging_mixin.py:190} INFO - [2026-10-01T19:48:14.094+0000] {dag.py:4180} INFO - Setting next_dagrun for my_dag to None, run_after=None
[2026-10-01T19:48:14.115+0000] {processor.py:208} INFO - Processing /opt/airflow/dags/my_tasks.py took 0.091 seconds
[2026-10-01T19:48:44.294+0000] {processor.py:186} INFO - Started process (PID=1204) to work on /opt/airflow/dags/my_tasks.py
[2026-10-01T19:48:44.302+0000] {processor.py:914} INFO - Processing file /opt/airflow/dags/my_tasks.py for tasks to queue
[2026-10-01T19:48:44.303+0000] {logging_mixin.py:190} INFO - [2026-10-01T19:48:44.303+0000] {dagbag.py:588} INFO - Filling up the DagBag from /opt/airflow/dags/my_tasks.py
[2026-10-01T19:48:44.310+0000] {processor.py:925} INFO - DAG(s) 'my_dag' retrieved from /opt/airflow/dags/my_tasks.py
[2026-10-01T19:48:44.329+0000] {logging_mixin.py:190} INFO - [2026-10-01T19:48:44.328+0000] {dag.py:3239} INFO - Sync 1 DAGs
[2026-10-01T19:48:44.344+0000] {logging_mixin.py:190} INFO - [2026-10-01T19:48:44.344+0000] {dag.py:4180} INFO - Setting next_dagrun for my_dag to None, run_after=None
[2026-10-01T19:48:44.358+0000] {processor.py:208} INFO - Processing /opt/airflow/dags/my_tasks.py took 0.068 seconds
[2026-10-01T19:49:14.567+0000] {processor.py:186} INFO - Started process (PID=1215) to work on /opt/airflow/dags/my_tasks.py
[2026-10-01T19:49:14.568+0000] {processor.py:914} INFO - Processing file /opt/airflow/dags/my_tasks.py for tasks to queue
[2026-10-01T19:49:14.569+0000] {logging_mixin.py:190} INFO - [2026-10-01T19:49:14.569+0000] {dagbag.py:588} INFO - Filling up the DagBag from /opt/airflow/dags/my_tasks.py
[2026-10-01T19:49:14.576+0000] {processor.py:925} INFO - DAG(s) 'my_dag' retrieved from /opt/airflow/dags/my_tasks.py
[2026-10-01T19:49:14.594+0000] {logging_mixin.py:190} INFO - [2026-10-01T19:49:14.594+0000] {dag.py:3239} INFO - Sync 1 DAGs
[2026-10-01T19:49:14.611+0000] {logging_mixin.py:190} INFO - [2026-10-01T19:49:14.611+0000] {dag.py:4180} INFO - Setting next_dagrun for my_dag to None, run_after=None
[2026-10-01T19:49:14.625+0000] {processor.py:208} INFO - Processing /opt/airflow/dags/my_tasks.py took 0.063 seconds
[2026-10-01T19:49:44.829+0000] {processor.py:186} INFO - Started process (PID=1226) to work on /opt/airflow/dags/my_tasks.py
[2026-10-01T19:49:44.837+0000] {processor.py:914} INFO - Processing file /opt/airflow/dags/my_tasks.py for tasks to queue
[2026-10-01T19:49:44.838+0000] {logging_mixin.py:190} INFO - [2026-10-01T19:49:44.838+0000] {dagbag.py:588} INFO - Filling up the DagBag from /opt/airflow/dags/my_tasks.py
[2026-10-01T19:49:44.845+0000] {processor.py:925} INFO - DAG(s) 'my_dag' retrieved from /opt/airflow/dags/my_tasks.py
[2026-10-01T19:49:44.863+0000] {logging_mixin.py:190} INFO - [2026-10-01T19:49:44.863+0000] {dag.py:3239} INFO - Sync 1 DAGs
[2026-10-01T19:49:44.881+0000] {logging_mixin.py:190} INFO - [2026-10-01T19:49:44.880+0000] {dag.py:4180} INFO - Setting next_dagrun for my_dag to None, run_after=None
[2026-10-01T19:49:44.896+0000] {processor.py:208} INFO - Processing /opt/airflow/dags/my_tasks.py took 0.071 seconds
[2026-10-01T19:50:15.099+0000] {processor.py:186} INFO - Started process (PID=1237) to work on /opt/airflow/dags/my_tasks.py
[2026-10-01T19:50:15.314+0000] {processor.py:914} INFO - Processing file /opt/airflow/dags/my_tasks.py for tasks to queue
[2026-10-01T19:50:15.319+0000] {logging_mixin.py:190} INFO - [2026-10-01T19:50:15.318+0000] {dagbag.py:588} INFO - Filling up the DagBag from /opt/airflow/dags/my_tasks.py
[2026-10-01T19:50:15.331+0000] {processor.py:925} INFO - DAG(s) 'my_dag' retrieved from /opt/airflow/dags/my_tasks.py
[2026-10-01T19:50:15.357+0000] {logging_mixin.py:190} INFO - [2026-10-01T19:50:15.357+0000] {dag.py:3239} INFO - Sync 1 DAGs
[2026-10-01T19:50:15.388+0000] {logging_mixin.py:190} INFO - [2026-10-01T19:50:15.387+0000] {dag.py:4180} INFO - Setting next_dagrun for my_dag to None, run_after=None
[2026-10-01T19:50:15.417+0000] {processor.py:208} INFO - Processing /opt/airflow/dags/my_tasks.py took 0.324 seconds
[2026-10-01T19:50:45.630+0000] {processor.py:186} INFO - Started process (PID=1248) to work on /opt/airflow/dags/my_tasks.py
[2026-10-01T19:50:45.640+0000] {processor.py:914} INFO - Processing file /opt/airflow/dags/my_tasks.py for tasks to queue
[2026-10-01T19:50:45.643+0000] {logging_mixin.py:190} INFO - [2026-10-01T19:50:45.642+0000] {dagbag.py:588} INFO - Filling up the DagBag from /opt/airflow/dags/my_tasks.py
[2026-10-01T19:50:45.654+0000] {processor.py:925} INFO - DAG(s) 'my_dag' retrieved from /opt/airflow/dags/my_tasks.py
[2026-10-01T19:50:45.685+0000] {logging_mixin.py:190} INFO - [2026-10-01T19:50:45.685+0000] {dag.py:3239} INFO - Sync 1 DAGs
[2026-10-01T19:50:45.707+0000] {logging_mixin.py:190} INFO - [2026-10-01T19:50:45.707+0000] {dag.py:4180} INFO - Setting next_dagrun for my_dag to None, run_after=None
[2026-10-01T19:50:45.730+0000] {processor.py:208} INFO - Processing /opt/airflow/dags/my_tasks.py took 0.107 seconds
[2026-10-01T19:51:15.842+0000] {processor.py:186} INFO - Started process (PID=1259) to work on /opt/airflow/dags/my_tasks.py
[2026-10-01T19:51:15.850+0000] {processor.py:914} INFO - Processing file /opt/airflow/dags/my_tasks.py for tasks to queue
[2026-10-01T19:51:15.852+0000] {logging_mixin.py:190} INFO - [2026-10-01T19:51:15.851+0000] {dagbag.py:588} INFO - Filling up the DagBag from /opt/airflow/dags/my_tasks.py
[2026-10-01T19:51:15.858+0000] {processor.py:925} INFO - DAG(s) 'my_dag' retrieved from /opt/airflow/dags/my_tasks.py
[2026-10-01T19:51:15.879+0000] {logging_mixin.py:190} INFO - [2026-10-01T19:51:15.879+0000] {dag.py:3239} INFO - Sync 1 DAGs
[2026-10-01T19:51:15.901+0000] {logging_mixin.py:190} INFO - [2026-10-01T19:51:15.901+0000] {dag.py:4180} INFO - Setting next_dagrun for my_dag to None, run_after=None
[2026-10-01T19:51:15.920+0000] {processor.py:208} INFO - Processing /opt/airflow/dags/my_tasks.py took 0.082 seconds
[2026-10-01T19:51:46.190+0000] {processor.py:186} INFO - Started process (PID=1270) to work on /opt/airflow/dags/my_tasks.py
[2026-10-01T19:51:46.191+0000] {processor.py:914} INFO - Processing file /opt/airflow/dags/my_tasks.py for tasks to queue
[2026-10-01T19:51:46.192+0000] {logging_mixin.py:190} INFO - [2026-10-01T19:51:46.192+0000] {dagbag.py:588} INFO - Filling up the DagBag from /opt/airflow/dags/my_tasks.py
[2026-10-01T19:51:46.200+0000] {processor.py:925} INFO - DAG(s) 'my_dag' retrieved from /opt/airflow/dags/my_tasks.py
[2026-10-01T19:51:46.219+0000] {logging_mixin.py:190} INFO - [2026-10-01T19:51:46.219+0000] {dag.py:3239} INFO - Sync 1 DAGs
[2026-10-01T19:51:46.236+0000] {logging_mixin.py:190} INFO - [2026-10-01T19:51:46.236+0000] {dag.py:4180} INFO - Setting next_dagrun for my_dag to None, run_after=None
[2026-10-01T19:51:46.250+0000] {processor.py:208} INFO - Processing /opt/airflow/dags/my_tasks.py took 0.064 seconds
[2026-10-01T19:52:16.437+0000] {processor.py:186} INFO - Started process (PID=1281) to work on /opt/airflow/dags/my_tasks.py
[2026-10-01T19:52:16.445+0000] {processor.py:914} INFO - Processing file /opt/airflow/dags/my_tasks.py for tasks to queue
[2026-10-01T19:52:16.447+0000] {logging_mixin.py:190} INFO - [2026-10-01T19:52:16.447+0000] {dagbag.py:588} INFO - Filling up the DagBag from /opt/airflow/dags/my_tasks.py
[2026-10-01T19:52:16.455+0000] {processor.py:925} INFO - DAG(s) 'my_dag' retrieved from /opt/airflow/dags/my_tasks.py
[2026-10-01T19:52:16.473+0000] {logging_mixin.py:190} INFO - [2026-10-01T19:52:16.472+0000] {dag.py:3239} INFO - Sync 1 DAGs
[2026-10-01T19:52:16.489+0000] {logging_mixin.py:190} INFO - [2026-10-01T19:52:16.489+0000] {dag.py:4180} INFO - Setting next_dagrun for my_dag to None, run_after=None
[2026-10-01T19:52:16.503+0000] {processor.py:208} INFO - Processing /opt/airflow/dags/my_tasks.py took 0.070 seconds
[2026-10-01T19:52:46.709+0000] {processor.py:186} INFO - Started process (PID=1292) to work on /opt/airflow/dags/my_tasks.py
[2026-10-01T19:52:46.710+0000] {processor.py:914} INFO - Processing file /opt/airflow/dags/my_tasks.py for tasks to queue
[2026-10-01T19:52:46.711+0000] {logging_mixin.py:190} INFO - [2026-10-01T19:52:46.711+0000] {dagbag.py:588} INFO - Filling up the DagBag from /opt/airflow/dags/my_tasks.py
[2026-10-01T19:52:46.718+0000] {processor.py:925} INFO - DAG(s) 'my_dag' retrieved from /opt/airflow/dags/my_tasks.py
[2026-10-01T19:52:46.739+0000] {logging_mixin.py:190} INFO - [2026-10-01T19:52:46.738+0000] {dag.py:3239} INFO - Sync 1 DAGs
[2026-10-01T19:52:46.754+0000] {logging_mixin.py:190} INFO - [2026-10-01T19:52:46.754+0000] {dag.py:4180} INFO - Setting next_dagrun for my_dag to None, run_after=None
[2026-10-01T19:52:46.768+0000] {processor.py:208} INFO - Processing /opt/airflow/dags/my_tasks.py took 0.063 seconds
[2026-10-01T19:53:16.997+0000] {processor.py:186} INFO - Started process (PID=1303) to work on /opt/airflow/dags/my_tasks.py
[2026-10-01T19:53:17.005+0000] {processor.py:914} INFO - Processing file /opt/airflow/dags/my_tasks.py for tasks to queue
[2026-10-01T19:53:17.009+0000] {logging_mixin.py:190} INFO - [2026-10-01T19:53:17.008+0000] {dagbag.py:588} INFO - Filling up the DagBag from /opt/airflow/dags/my_tasks.py
[2026-10-01T19:53:17.018+0000] {processor.py:925} INFO - DAG(s) 'my_dag' retrieved from /opt/airflow/dags/my_tasks.py
[2026-10-01T19:53:17.036+0000] {logging_mixin.py:190} INFO - [2026-10-01T19:53:17.036+0000] {dag.py:3239} INFO - Sync 1 DAGs
[2026-10-01T19:53:17.052+0000] {logging_mixin.py:190} INFO - [2026-10-01T19:53:17.052+0000] {dag.py:4180} INFO - Setting next_dagrun for my_dag to None, run_after=None
[2026-10-01T19:53:17.067+0000] {processor.py:208} INFO - Processing /opt/airflow/dags/my_tasks.py took 0.076 seconds
[2026-10-01T19:53:47.257+0000] {processor.py:186} INFO - Started process (PID=1314) to work on /opt/airflow/dags/my_tasks.py
[2026-10-01T19:53:47.262+0000] {processor.py:914} INFO - Processing file /opt/airflow/dags/my_tasks.py for tasks to queue
[2026-10-01T19:53:47.264+0000] {logging_mixin.py:190} INFO - [2026-10-01T19:53:47.264+0000] {dagbag.py:588} INFO - Filling up the DagBag from /opt/airflow/dags/my_tasks.py
[2026-10-01T19:53:47.271+0000] {processor.py:925} INFO - DAG(s) 'my_dag' retrieved from /opt/airflow/dags/my_tasks.py
[2026-10-01T19:53:47.293+0000] {logging_mixin.py:190} INFO - [2026-10-01T19:53:47.293+0000] {dag.py:3239} INFO - Sync 1 DAGs
[2026-10-01T19:53:47.315+0000] {logging_mixin.py:190} INFO - [2026-10-01T19:53:47.315+0000] {dag.py:4180} INFO - Setting next_dagrun for my_dag to None, run_after=None
[2026-10-01T19:53:47.334+0000] {processor.py:208} INFO - Processing /opt/airflow/dags/my_tasks.py took 0.081 seconds
[2026-10-01T19:54:17.499+0000] {processor.py:186} INFO - Started process (PID=1325) to work on /opt/airflow/dags/my_tasks.py
[2026-10-01T19:54:17.499+0000] {processor.py:914} INFO - Processing file /opt/airflow/dags/my_tasks.py for tasks to queue
[2026-10-01T19:54:17.501+0000] {logging_mixin.py:190} INFO - [2026-10-01T19:54:17.501+0000] {dagbag.py:588} INFO - Filling up the DagBag from /opt/airflow/dags/my_tasks.py
[2026-10-01T19:54:17.510+0000] {processor.py:925} INFO - DAG(s) 'my_dag' retrieved from /opt/airflow/dags/my_tasks.py
[2026-10-01T19:54:17.531+0000] {logging_mixin.py:190} INFO - [2026-10-01T19:54:17.531+0000] {dag.py:3239} INFO - Sync 1 DAGs
[2026-10-01T19:54:17.551+0000] {logging_mixin.py:190} INFO - [2026-10-01T19:54:17.551+0000] {dag.py:4180} INFO - Setting next_dagrun for my_dag to None, run_after=None
[2026-10-01T19:54:17.571+0000] {processor.py:208} INFO - Processing /opt/airflow/dags/my_tasks.py took 0.077 seconds
[2026-10-01T19:54:47.710+0000] {processor.py:186} INFO - Started process (PID=1336) to work on /opt/airflow/dags/my_tasks.py
[2026-10-01T19:54:47.719+0000] {processor.py:914} INFO - Processing file /opt/airflow/dags/my_tasks.py for tasks to queue
[2026-10-01T19:54:47.721+0000] {logging_mixin.py:190} INFO - [2026-10-01T19:54:47.721+0000] {dagbag.py:588} INFO - Filling up the DagBag from /opt/airflow/dags/my_tasks.py
[2026-10-01T19:54:47.728+0000] {processor.py:925} INFO - DAG(s) 'my_dag' retrieved from /opt/airflow/dags/my_tasks.py
[2026-10-01T19:54:47.746+0000] {logging_mixin.py:190} INFO - [2026-10-01T19:54:47.746+0000] {dag.py:3239} INFO - Sync 1 DAGs
[2026-10-01T19:54:47.762+0000] {logging_mixin.py:190} INFO - [2026-10-01T19:54:47.761+0000] {dag.py:4180} INFO - Setting next_dagrun for my_dag to None, run_after=None
[2026-10-01T19:54:47.776+0000] {processor.py:208} INFO - Processing /opt/airflow/dags/my_tasks.py took 0.070 seconds
[2026-10-01T19:55:18.009+0000] {processor.py:186} INFO - Started process (PID=1347) to work on /opt/airflow/dags/my_tasks.py
[2026-10-01T19:55:18.017+0000] {processor.py:914} INFO - Processing file /opt/airflow/dags/my_tasks.py for tasks to queue
[2026-10-01T19:55:18.019+0000] {logging_mixin.py:190} INFO - [2026-10-01T19:55:18.019+0000] {dagbag.py:588} INFO - Filling up the DagBag from /opt/airflow/dags/my_tasks.py
[2026-10-01T19:55:18.030+0000] {processor.py:925} INFO - DAG(s) 'my_dag' retrieved from /opt/airflow/dags/my_tasks.py
[2026-10-01T19:55:18.048+0000] {logging_mixin.py:190} INFO - [2026-10-01T19:55:18.048+0000] {dag.py:3239} INFO - Sync 1 DAGs
[2026-10-01T19:55:18.065+0000] {logging_mixin.py:190} INFO - [2026-10-01T19:55:18.065+0000] {dag.py:4180} INFO - Setting next_dagrun for my_dag to None, run_after=None
[2026-10-01T19:55:18.080+0000] {processor.py:208} INFO - Processing /opt/airflow/dags/my_tasks.py took 0.075 seconds
[2026-10-01T19:55:48.288+0000] {processor.py:186} INFO - Started process (PID=1358) to work on /opt/airflow/dags/my_tasks.py
[2026-10-01T19:55:48.296+0000] {processor.py:914} INFO - Processing file /opt/airflow/dags/my_tasks.py for tasks to queue
[2026-10-01T19:55:48.298+0000] {logging_mixin.py:190} INFO - [2026-10-01T19:55:48.298+0000] {dagbag.py:588} INFO - Filling up the DagBag from /opt/airflow/dags/my_tasks.py
[2026-10-01T19:55:48.308+0000] {processor.py:925} INFO - DAG(s) 'my_dag' retrieved from /opt/airflow/dags/my_tasks.py
[2026-10-01T19:55:48.326+0000] {logging_mixin.py:190} INFO - [2026-10-01T19:55:48.326+0000] {dag.py:3239} INFO - Sync 1 DAGs
[2026-10-01T19:55:48.342+0000] {logging_mixin.py:190} INFO - [2026-10-01T19:55:48.342+0000] {dag.py:4180} INFO - Setting next_dagrun for my_dag to None, run_after=None
[2026-10-01T19:55:48.356+0000] {processor.py:208} INFO - Processing /opt/airflow/dags/my_tasks.py took 0.072 seconds
[2026-10-01T19:56:18.569+0000] {processor.py:186} INFO - Started process (PID=1369) to work on /opt/airflow/dags/my_tasks.py
[2026-10-01T19:56:18.570+0000] {processor.py:914} INFO - Processing file /opt/airflow/dags/my_tasks.py for tasks to queue
[2026-10-01T19:56:18.572+0000] {logging_mixin.py:190} INFO - [2026-10-01T19:56:18.571+0000] {dagbag.py:588} INFO - Filling up the DagBag from /opt/airflow/dags/my_tasks.py
[2026-10-01T19:56:18.578+0000] {processor.py:925} INFO - DAG(s) 'my_dag' retrieved from /opt/airflow/dags/my_tasks.py
[2026-10-01T19:56:18.596+0000] {logging_mixin.py:190} INFO - [2026-10-01T19:56:18.596+0000] {dag.py:3239} INFO - Sync 1 DAGs
[2026-10-01T19:56:18.613+0000] {logging_mixin.py:190} INFO - [2026-10-01T19:56:18.613+0000] {dag.py:4180} INFO - Setting next_dagrun for my_dag to None, run_after=None
[2026-10-01T19:56:18.645+0000] {processor.py:208} INFO - Processing /opt/airflow/dags/my_tasks.py took 0.080 seconds
[2026-10-01T19:56:48.840+0000] {processor.py:186} INFO - Started process (PID=1380) to work on /opt/airflow/dags/my_tasks.py
[2026-10-01T19:56:48.848+0000] {processor.py:914} INFO - Processing file /opt/airflow/dags/my_tasks.py for tasks to queue
[2026-10-01T19:56:48.850+0000] {logging_mixin.py:190} INFO - [2026-10-01T19:56:48.850+0000] {dagbag.py:588} INFO - Filling up the DagBag from /opt/airflow/dags/my_tasks.py
[2026-10-01T19:56:48.860+0000] {processor.py:925} INFO - DAG(s) 'my_dag' retrieved from /opt/airflow/dags/my_tasks.py
[2026-10-01T19:56:48.878+0000] {logging_mixin.py:190} INFO - [2026-10-01T19:56:48.878+0000] {dag.py:3239} INFO - Sync 1 DAGs
[2026-10-01T19:56:48.894+0000] {logging_mixin.py:190} INFO - [2026-10-01T19:56:48.894+0000] {dag.py:4180} INFO - Setting next_dagrun for my_dag to None, run_after=None
[2026-10-01T19:56:48.907+0000] {processor.py:208} INFO - Processing /opt/airflow/dags/my_tasks.py took 0.071 seconds
[2026-10-01T19:57:19.118+0000] {processor.py:186} INFO - Started process (PID=1391) to work on /opt/airflow/dags/my_tasks.py
[2026-10-01T19:57:19.126+0000] {processor.py:914} INFO - Processing file /opt/airflow/dags/my_tasks.py for tasks to queue
[2026-10-01T19:57:19.128+0000] {logging_mixin.py:190} INFO - [2026-10-01T19:57:19.127+0000] {dagbag.py:588} INFO - Filling up the DagBag from /opt/airflow/dags/my_tasks.py
[2026-10-01T19:57:19.137+0000] {processor.py:925} INFO - DAG(s) 'my_dag' retrieved from /opt/airflow/dags/my_tasks.py
[2026-10-01T19:57:19.155+0000] {logging_mixin.py:190} INFO - [2026-10-01T19:57:19.155+0000] {dag.py:3239} INFO - Sync 1 DAGs
[2026-10-01T19:57:19.171+0000] {logging_mixin.py:190} INFO - [2026-10-01T19:57:19.171+0000] {dag.py:4180} INFO - Setting next_dagrun for my_dag to None, run_after=None
[2026-10-01T19:57:19.185+0000] {processor.py:208} INFO - Processing /opt/airflow/dags/my_tasks.py took 0.072 seconds
[2026-10-01T19:57:49.395+0000] {processor.py:186} INFO - Started process (PID=1402) to work on /opt/airflow/dags/my_tasks.py
[2026-10-01T19:57:49.404+0000] {processor.py:914} INFO - Processing file /opt/airflow/dags/my_tasks.py for tasks to queue
[2026-10-01T19:57:49.406+0000] {logging_mixin.py:190} INFO - [2026-10-01T19:57:49.405+0000] {dagbag.py:588} INFO - Filling up the DagBag from /opt/airflow/dags/my_tasks.py
[2026-10-01T19:57:49.415+0000] {processor.py:925} INFO - DAG(s) 'my_dag' retrieved from /opt/airflow/dags/my_tasks.py
[2026-10-01T19:57:49.438+0000] {logging_mixin.py:190} INFO - [2026-10-01T19:57:49.438+0000] {dag.py:3239} INFO - Sync 1 DAGs
[2026-10-01T19:57:49.460+0000] {logging_mixin.py:190} INFO - [2026-10-01T19:57:49.460+0000] {dag.py:4180} INFO - Setting next_dagrun for my_dag to None, run_after=None
[2026-10-01T19:57:49.477+0000] {processor.py:208} INFO - Processing /opt/airflow/dags/my_tasks.py took 0.089 seconds
[2026-10-01T19:58:19.647+0000] {processor.py:186} INFO - Started process (PID=1413) to work on /opt/airflow/dags/my_tasks.py
[2026-10-01T19:58:19.648+0000] {processor.py:914} INFO - Processing file /opt/airflow/dags/my_tasks.py for tasks to queue
[2026-10-01T19:58:19.650+0000] {logging_mixin.py:190} INFO - [2026-10-01T19:58:19.649+0000] {dagbag.py:588} INFO - Filling up the DagBag from /opt/airflow/dags/my_tasks.py
[2026-10-01T19:58:19.656+0000] {processor.py:925} INFO - DAG(s) 'my_dag' retrieved from /opt/airflow/dags/my_tasks.py
[2026-10-01T19:58:19.674+0000] {logging_mixin.py:190} INFO - [2026-10-01T19:58:19.674+0000] {dag.py:3239} INFO - Sync 1 DAGs
[2026-10-01T19:58:19.691+0000] {logging_mixin.py:190} INFO - [2026-10-01T19:58:19.690+0000] {dag.py:4180} INFO - Setting next_dagrun for my_dag to None, run_after=None
[2026-10-01T19:58:19.704+0000] {processor.py:208} INFO - Processing /opt/airflow/dags/my_tasks.py took 0.060 seconds
[2026-10-01T19:58:49.912+0000] {processor.py:186} INFO - Started process (PID=1424) to work on /opt/airflow/dags/my_tasks.py
[2026-10-01T19:58:49.918+0000] {processor.py:914} INFO - Processing file /opt/airflow/dags/my_tasks.py for tasks to queue
[2026-10-01T19:58:49.920+0000] {logging_mixin.py:190} INFO - [2026-10-01T19:58:49.920+0000] {dagbag.py:588} INFO - Filling up the DagBag from /opt/airflow/dags/my_tasks.py
[2026-10-01T19:58:49.928+0000] {processor.py:925} INFO - DAG(s) 'my_dag' retrieved from /opt/airflow/dags/my_tasks.py
[2026-10-01T19:58:49.949+0000] {logging_mixin.py:190} INFO - [2026-10-01T19:58:49.949+0000] {dag.py:3239} INFO - Sync 1 DAGs
[2026-10-01T19:58:49.972+0000] {logging_mixin.py:190} INFO - [2026-10-01T19:58:49.972+0000] {dag.py:4180} INFO - Setting next_dagrun for my_dag to None, run_after=None
[2026-10-01T19:58:49.989+0000] {processor.py:208} INFO - Processing /opt/airflow/dags/my_tasks.py took 0.082 seconds
[2026-10-01T19:59:20.139+0000] {processor.py:186} INFO - Started process (PID=1435) to work on /opt/airflow/dags/my_tasks.py
[2026-10-01T19:59:20.147+0000] {processor.py:914} INFO - Processing file /opt/airflow/dags/my_tasks.py for tasks to queue
[2026-10-01T19:59:20.150+0000] {logging_mixin.py:190} INFO - [2026-10-01T19:59:20.149+0000] {dagbag.py:588} INFO - Filling up the DagBag from /opt/airflow/dags/my_tasks.py
[2026-10-01T19:59:20.159+0000] {processor.py:925} INFO - DAG(s) 'my_dag' retrieved from /opt/airflow/dags/my_tasks.py
[2026-10-01T19:59:20.178+0000] {logging_mixin.py:190} INFO - [2026-10-01T19:59:20.177+0000] {dag.py:3239} INFO - Sync 1 DAGs
[2026-10-01T19:59:20.194+0000] {logging_mixin.py:190} INFO - [2026-10-01T19:59:20.194+0000] {dag.py:4180} INFO - Setting next_dagrun for my_dag to None, run_after=None
[2026-10-01T19:59:20.208+0000] {processor.py:208} INFO - Processing /opt/airflow/dags/my_tasks.py took 0.073 seconds
[2026-10-01T19:59:50.432+0000] {processor.py:186} INFO - Started process (PID=1446) to work on /opt/airflow/dags/my_tasks.py
[2026-10-01T19:59:50.440+0000] {processor.py:914} INFO - Processing file /opt/airflow/dags/my_tasks.py for tasks to queue
[2026-10-01T19:59:50.442+0000] {logging_mixin.py:190} INFO - [2026-10-01T19:59:50.442+0000] {dagbag.py:588} INFO - Filling up the DagBag from /opt/airflow/dags/my_tasks.py
[2026-10-01T19:59:50.453+0000] {processor.py:925} INFO - DAG(s) 'my_dag' retrieved from /opt/airflow/dags/my_tasks.py
[2026-10-01T19:59:50.470+0000] {logging_mixin.py:190} INFO - [2026-10-01T19:59:50.470+0000] {dag.py:3239} INFO - Sync 1 DAGs
[2026-10-01T19:59:50.486+0000] {logging_mixin.py:190} INFO - [2026-10-01T19:59:50.486+0000] {dag.py:4180} INFO - Setting next_dagrun for my_dag to None, run_after=None
[2026-10-01T19:59:50.500+0000] {processor.py:208} INFO - Processing /opt/airflow/dags/my_tasks.py took 0.072 seconds
[2026-10-01T20:00:20.692+0000] {processor.py:186} INFO - Started process (PID=1457) to work on /opt/airflow/dags/my_tasks.py
[2026-10-01T20:00:20.694+0000] {processor.py:914} INFO - Processing file /opt/airflow/dags/my_tasks.py for tasks to queue
[2026-10-01T20:00:20.696+0000] {logging_mixin.py:190} INFO - [2026-10-01T20:00:20.696+0000] {dagbag.py:588} INFO - Filling up the DagBag from /opt/airflow/dags/my_tasks.py
[2026-10-01T20:00:20.703+0000] {processor.py:925} INFO - DAG(s) 'my_dag' retrieved from /opt/airflow/dags/my_tasks.py
[2026-10-01T20:00:20.721+0000] {logging_mixin.py:190} INFO - [2026-10-01T20:00:20.721+0000] {dag.py:3239} INFO - Sync 1 DAGs
[2026-10-01T20:00:20.737+0000] {logging_mixin.py:190} INFO - [2026-10-01T20:00:20.736+0000] {dag.py:4180} INFO - Setting next_dagrun for my_dag to None, run_after=None
[2026-10-01T20:00:20.751+0000] {processor.py:208} INFO - Processing /opt/airflow/dags/my_tasks.py took 0.063 seconds
[2026-10-01T20:00:50.975+0000] {processor.py:186} INFO - Started process (PID=1468) to work on /opt/airflow/dags/my_tasks.py
[2026-10-01T20:00:50.975+0000] {processor.py:914} INFO - Processing file /opt/airflow/dags/my_tasks.py for tasks to queue
[2026-10-01T20:00:50.977+0000] {logging_mixin.py:190} INFO - [2026-10-01T20:00:50.976+0000] {dagbag.py:588} INFO - Filling up the DagBag from /opt/airflow/dags/my_tasks.py
[2026-10-01T20:00:50.983+0000] {processor.py:925} INFO - DAG(s) 'my_dag' retrieved from /opt/airflow/dags/my_tasks.py
[2026-10-01T20:00:51.001+0000] {logging_mixin.py:190} INFO - [2026-10-01T20:00:51.001+0000] {dag.py:3239} INFO - Sync 1 DAGs
[2026-10-01T20:00:51.017+0000] {logging_mixin.py:190} INFO - [2026-10-01T20:00:51.016+0000] {dag.py:4180} INFO - Setting next_dagrun for my_dag to None, run_after=None
[2026-10-01T20:00:51.031+0000] {processor.py:208} INFO - Processing /opt/airflow/dags/my_tasks.py took 0.060 seconds
[2026-10-01T20:01:21.218+0000] {processor.py:186} INFO - Started process (PID=1479) to work on /opt/airflow/dags/my_tasks.py
[2026-10-01T20:01:21.218+0000] {processor.py:914} INFO - Processing file /opt/airflow/dags/my_tasks.py for tasks to queue
[2026-10-01T20:01:21.220+0000] {logging_mixin.py:190} INFO - [2026-10-01T20:01:21.220+0000] {dagbag.py:588} INFO - Filling up the DagBag from /opt/airflow/dags/my_tasks.py
[2026-10-01T20:01:21.231+0000] {processor.py:925} INFO - DAG(s) 'my_dag' retrieved from /opt/airflow/dags/my_tasks.py
[2026-10-01T20:01:21.251+0000] {logging_mixin.py:190} INFO - [2026-10-01T20:01:21.251+0000] {dag.py:3239} INFO - Sync 1 DAGs
[2026-10-01T20:01:21.268+0000] {logging_mixin.py:190} INFO - [2026-10-01T20:01:21.268+0000] {dag.py:4180} INFO - Setting next_dagrun for my_dag to None, run_after=None
[2026-10-01T20:01:21.283+0000] {processor.py:208} INFO - Processing /opt/airflow/dags/my_tasks.py took 0.071 seconds
[2026-10-01T20:01:51.478+0000] {processor.py:186} INFO - Started process (PID=1490) to work on /opt/airflow/dags/my_tasks.py
[2026-10-01T20:01:51.479+0000] {processor.py:914} INFO - Processing file /opt/airflow/dags/my_tasks.py for tasks to queue
[2026-10-01T20:01:51.481+0000] {logging_mixin.py:190} INFO - [2026-10-01T20:01:51.481+0000] {dagbag.py:588} INFO - Filling up the DagBag from /opt/airflow/dags/my_tasks.py
[2026-10-01T20:01:51.490+0000] {processor.py:925} INFO - DAG(s) 'my_dag' retrieved from /opt/airflow/dags/my_tasks.py
[2026-10-01T20:01:51.512+0000] {logging_mixin.py:190} INFO - [2026-10-01T20:01:51.512+0000] {dag.py:3239} INFO - Sync 1 DAGs
[2026-10-01T20:01:51.528+0000] {logging_mixin.py:190} INFO - [2026-10-01T20:01:51.528+0000] {dag.py:4180} INFO - Setting next_dagrun for my_dag to None, run_after=None
[2026-10-01T20:01:51.542+0000] {processor.py:208} INFO - Processing /opt/airflow/dags/my_tasks.py took 0.070 seconds
[2026-10-01T20:02:21.744+0000] {processor.py:186} INFO - Started process (PID=1501) to work on /opt/airflow/dags/my_tasks.py
[2026-10-01T20:02:21.745+0000] {processor.py:914} INFO - Processing file /opt/airflow/dags/my_tasks.py for tasks to queue
[2026-10-01T20:02:21.746+0000] {logging_mixin.py:190} INFO - [2026-10-01T20:02:21.746+0000] {dagbag.py:588} INFO - Filling up the DagBag from /opt/airflow/dags/my_tasks.py
[2026-10-01T20:02:21.753+0000] {processor.py:925} INFO - DAG(s) 'my_dag' retrieved from /opt/airflow/dags/my_tasks.py
[2026-10-01T20:02:21.771+0000] {logging_mixin.py:190} INFO - [2026-10-01T20:02:21.771+0000] {dag.py:3239} INFO - Sync 1 DAGs
[2026-10-01T20:02:21.787+0000] {logging_mixin.py:190} INFO - [2026-10-01T20:02:21.787+0000] {dag.py:4180} INFO - Setting next_dagrun for my_dag to None, run_after=None
[2026-10-01T20:02:21.801+0000] {processor.py:208} INFO - Processing /opt/airflow/dags/my_tasks.py took 0.061 seconds
[2026-10-01T20:02:52.005+0000] {processor.py:186} INFO - Started process (PID=1512) to work on /opt/airflow/dags/my_tasks.py
[2026-10-01T20:02:52.005+0000] {processor.py:914} INFO - Processing file /opt/airflow/dags/my_tasks.py for tasks to queue
[2026-10-01T20:02:52.007+0000] {logging_mixin.py:190} INFO - [2026-10-01T20:02:52.007+0000] {dagbag.py:588} INFO - Filling up the DagBag from /opt/airflow/dags/my_tasks.py
[2026-10-01T20:02:52.013+0000] {processor.py:925} INFO - DAG(s) 'my_dag' retrieved from /opt/airflow/dags/my_tasks.py
[2026-10-01T20:02:52.031+0000] {logging_mixin.py:190} INFO - [2026-10-01T20:02:52.030+0000] {dag.py:3239} INFO - Sync 1 DAGs
[2026-10-01T20:02:52.047+0000] {logging_mixin.py:190} INFO - [2026-10-01T20:02:52.046+0000] {dag.py:4180} INFO - Setting next_dagrun for my_dag to None, run_after=None
[2026-10-01T20:02:52.061+0000] {processor.py:208} INFO - Processing /opt/airflow/dags/my_tasks.py took 0.060 seconds
[2026-10-01T20:03:22.271+0000] {processor.py:186} INFO - Started process (PID=1523) to work on /opt/airflow/dags/my_tasks.py
[2026-10-01T20:03:22.276+0000] {processor.py:914} INFO - Processing file /opt/airflow/dags/my_tasks.py for tasks to queue
[2026-10-01T20:03:22.278+0000] {logging_mixin.py:190} INFO - [2026-10-01T20:03:22.277+0000] {dagbag.py:588} INFO - Filling up the DagBag from /opt/airflow/dags/my_tasks.py
[2026-10-01T20:03:22.286+0000] {processor.py:925} INFO - DAG(s) 'my_dag' retrieved from /opt/airflow/dags/my_tasks.py
[2026-10-01T20:03:22.308+0000] {logging_mixin.py:190} INFO - [2026-10-01T20:03:22.307+0000] {dag.py:3239} INFO - Sync 1 DAGs
[2026-10-01T20:03:22.326+0000] {logging_mixin.py:190} INFO - [2026-10-01T20:03:22.326+0000] {dag.py:4180} INFO - Setting next_dagrun for my_dag to None, run_after=None
[2026-10-01T20:03:22.344+0000] {processor.py:208} INFO - Processing /opt/airflow/dags/my_tasks.py took 0.077 seconds
[2026-10-01T20:03:52.528+0000] {processor.py:186} INFO - Started process (PID=1534) to work on /opt/airflow/dags/my_tasks.py
[2026-10-01T20:03:52.536+0000] {processor.py:914} INFO - Processing file /opt/airflow/dags/my_tasks.py for tasks to queue
[2026-10-01T20:03:52.537+0000] {logging_mixin.py:190} INFO - [2026-10-01T20:03:52.537+0000] {dagbag.py:588} INFO - Filling up the DagBag from /opt/airflow/dags/my_tasks.py
[2026-10-01T20:03:52.544+0000] {processor.py:925} INFO - DAG(s) 'my_dag' retrieved from /opt/airflow/dags/my_tasks.py
[2026-10-01T20:03:52.561+0000] {logging_mixin.py:190} INFO - [2026-10-01T20:03:52.561+0000] {dag.py:3239} INFO - Sync 1 DAGs
[2026-10-01T20:03:52.577+0000] {logging_mixin.py:190} INFO - [2026-10-01T20:03:52.577+0000] {dag.py:4180} INFO - Setting next_dagrun for my_dag to None, run_after=None
[2026-10-01T20:03:52.591+0000] {processor.py:208} INFO - Processing /opt/airflow/dags/my_tasks.py took 0.069 seconds
[2026-10-01T20:04:22.755+0000] {processor.py:186} INFO - Started process (PID=1546) to work on /opt/airflow/dags/my_tasks.py
[2026-10-01T20:04:22.756+0000] {processor.py:914} INFO - Processing file /opt/airflow/dags/my_tasks.py for tasks to queue
[2026-10-01T20:04:22.758+0000] {logging_mixin.py:190} INFO - [2026-10-01T20:04:22.758+0000] {dagbag.py:588} INFO - Filling up the DagBag from /opt/airflow/dags/my_tasks.py
[2026-10-01T20:04:22.764+0000] {processor.py:925} INFO - DAG(s) 'my_dag' retrieved from /opt/airflow/dags/my_tasks.py
[2026-10-01T20:04:22.782+0000] {logging_mixin.py:190} INFO - [2026-10-01T20:04:22.782+0000] {dag.py:3239} INFO - Sync 1 DAGs
[2026-10-01T20:04:22.797+0000] {logging_mixin.py:190} INFO - [2026-10-01T20:04:22.797+0000] {dag.py:4180} INFO - Setting next_dagrun for my_dag to None, run_after=None
[2026-10-01T20:04:22.812+0000] {processor.py:208} INFO - Processing /opt/airflow/dags/my_tasks.py took 0.060 seconds
[2026-10-01T20:04:52.998+0000] {processor.py:186} INFO - Started process (PID=1557) to work on /opt/airflow/dags/my_tasks.py
[2026-10-01T20:04:53.006+0000] {processor.py:914} INFO - Processing file /opt/airflow/dags/my_tasks.py for tasks to queue
[2026-10-01T20:04:53.008+0000] {logging_mixin.py:190} INFO - [2026-10-01T20:04:53.008+0000] {dagbag.py:588} INFO - Filling up the DagBag from /opt/airflow/dags/my_tasks.py
[2026-10-01T20:04:53.019+0000] {processor.py:925} INFO - DAG(s) 'my_dag' retrieved from /opt/airflow/dags/my_tasks.py
[2026-10-01T20:04:53.039+0000] {logging_mixin.py:190} INFO - [2026-10-01T20:04:53.038+0000] {dag.py:3239} INFO - Sync 1 DAGs
[2026-10-01T20:04:53.055+0000] {logging_mixin.py:190} INFO - [2026-10-01T20:04:53.054+0000] {dag.py:4180} INFO - Setting next_dagrun for my_dag to None, run_after=None
[2026-10-01T20:04:53.068+0000] {processor.py:208} INFO - Processing /opt/airflow/dags/my_tasks.py took 0.074 seconds
[2026-10-01T20:05:23.263+0000] {processor.py:186} INFO - Started process (PID=1568) to work on /opt/airflow/dags/my_tasks.py
[2026-10-01T20:05:23.263+0000] {processor.py:914} INFO - Processing file /opt/airflow/dags/my_tasks.py for tasks to queue
[2026-10-01T20:05:23.265+0000] {logging_mixin.py:190} INFO - [2026-10-01T20:05:23.264+0000] {dagbag.py:588} INFO - Filling up the DagBag from /opt/airflow/dags/my_tasks.py
[2026-10-01T20:05:23.272+0000] {processor.py:925} INFO - DAG(s) 'my_dag' retrieved from /opt/airflow/dags/my_tasks.py
[2026-10-01T20:05:23.290+0000] {logging_mixin.py:190} INFO - [2026-10-01T20:05:23.290+0000] {dag.py:3239} INFO - Sync 1 DAGs
[2026-10-01T20:05:23.307+0000] {logging_mixin.py:190} INFO - [2026-10-01T20:05:23.307+0000] {dag.py:4180} INFO - Setting next_dagrun for my_dag to None, run_after=None
[2026-10-01T20:05:23.322+0000] {processor.py:208} INFO - Processing /opt/airflow/dags/my_tasks.py took 0.064 seconds
[2026-10-01T20:05:53.531+0000] {processor.py:186} INFO - Started process (PID=1579) to work on /opt/airflow/dags/my_tasks.py
[2026-10-01T20:05:53.539+0000] {processor.py:914} INFO - Processing file /opt/airflow/dags/my_tasks.py for tasks to queue
[2026-10-01T20:05:53.542+0000] {logging_mixin.py:190} INFO - [2026-10-01T20:05:53.542+0000] {dagbag.py:588} INFO - Filling up the DagBag from /opt/airflow/dags/my_tasks.py
[2026-10-01T20:05:53.552+0000] {processor.py:925} INFO - DAG(s) 'my_dag' retrieved from /opt/airflow/dags/my_tasks.py
[2026-10-01T20:05:53.569+0000] {logging_mixin.py:190} INFO - [2026-10-01T20:05:53.569+0000] {dag.py:3239} INFO - Sync 1 DAGs
[2026-10-01T20:05:53.585+0000] {logging_mixin.py:190} INFO - [2026-10-01T20:05:53.585+0000] {dag.py:4180} INFO - Setting next_dagrun for my_dag to None, run_after=None
[2026-10-01T20:05:53.599+0000] {processor.py:208} INFO - Processing /opt/airflow/dags/my_tasks.py took 0.071 seconds
[2026-10-01T20:06:23.794+0000] {processor.py:186} INFO - Started process (PID=1590) to work on /opt/airflow/dags/my_tasks.py
[2026-10-01T20:06:23.795+0000] {processor.py:914} INFO - Processing file /opt/airflow/dags/my_tasks.py for tasks to queue
[2026-10-01T20:06:23.796+0000] {logging_mixin.py:190} INFO - [2026-10-01T20:06:23.796+0000] {dagbag.py:588} INFO - Filling up the DagBag from /opt/airflow/dags/my_tasks.py
[2026-10-01T20:06:23.803+0000] {processor.py:925} INFO - DAG(s) 'my_dag' retrieved from /opt/airflow/dags/my_tasks.py
[2026-10-01T20:06:23.820+0000] {logging_mixin.py:190} INFO - [2026-10-01T20:06:23.820+0000] {dag.py:3239} INFO - Sync 1 DAGs
[2026-10-01T20:06:23.835+0000] {logging_mixin.py:190} INFO - [2026-10-01T20:06:23.835+0000] {dag.py:4180} INFO - Setting next_dagrun for my_dag to None, run_after=None
[2026-10-01T20:06:23.854+0000] {processor.py:208} INFO - Processing /opt/airflow/dags/my_tasks.py took 0.064 seconds
[2026-10-01T20:06:54.070+0000] {processor.py:186} INFO - Started process (PID=1601) to work on /opt/airflow/dags/my_tasks.py
[2026-10-01T20:06:54.078+0000] {processor.py:914} INFO - Processing file /opt/airflow/dags/my_tasks.py for tasks to queue
[2026-10-01T20:06:54.080+0000] {logging_mixin.py:190} INFO - [2026-10-01T20:06:54.080+0000] {dagbag.py:588} INFO - Filling up the DagBag from /opt/airflow/dags/my_tasks.py
[2026-10-01T20:06:54.087+0000] {processor.py:925} INFO - DAG(s) 'my_dag' retrieved from /opt/airflow/dags/my_tasks.py
[2026-10-01T20:06:54.111+0000] {logging_mixin.py:190} INFO - [2026-10-01T20:06:54.111+0000] {dag.py:3239} INFO - Sync 1 DAGs
[2026-10-01T20:06:54.129+0000] {logging_mixin.py:190} INFO - [2026-10-01T20:06:54.129+0000] {dag.py:4180} INFO - Setting next_dagrun for my_dag to None, run_after=None
[2026-10-01T20:06:54.144+0000] {processor.py:208} INFO - Processing /opt/airflow/dags/my_tasks.py took 0.078 seconds
[2026-10-01T20:07:24.316+0000] {processor.py:186} INFO - Started process (PID=1612) to work on /opt/airflow/dags/my_tasks.py
[2026-10-01T20:07:24.316+0000] {processor.py:914} INFO - Processing file /opt/airflow/dags/my_tasks.py for tasks to queue
[2026-10-01T20:07:24.318+0000] {logging_mixin.py:190} INFO - [2026-10-01T20:07:24.318+0000] {dagbag.py:588} INFO - Filling up the DagBag from /opt/airflow/dags/my_tasks.py
[2026-10-01T20:07:24.325+0000] {processor.py:925} INFO - DAG(s) 'my_dag' retrieved from /opt/airflow/dags/my_tasks.py
[2026-10-01T20:07:24.345+0000] {logging_mixin.py:190} INFO - [2026-10-01T20:07:24.345+0000] {dag.py:3239} INFO - Sync 1 DAGs
[2026-10-01T20:07:24.361+0000] {logging_mixin.py:190} INFO - [2026-10-01T20:07:24.361+0000] {dag.py:4180} INFO - Setting next_dagrun for my_dag to None, run_after=None
[2026-10-01T20:07:24.375+0000] {processor.py:208} INFO - Processing /opt/airflow/dags/my_tasks.py took 0.064 seconds
[2026-10-01T20:07:54.572+0000] {processor.py:186} INFO - Started process (PID=1623) to work on /opt/airflow/dags/my_tasks.py
[2026-10-01T20:07:54.580+0000] {processor.py:914} INFO - Processing file /opt/airflow/dags/my_tasks.py for tasks to queue
[2026-10-01T20:07:54.582+0000] {logging_mixin.py:190} INFO - [2026-10-01T20:07:54.581+0000] {dagbag.py:588} INFO - Filling up the DagBag from /opt/airflow/dags/my_tasks.py
[2026-10-01T20:07:54.589+0000] {processor.py:925} INFO - DAG(s) 'my_dag' retrieved from /opt/airflow/dags/my_tasks.py
[2026-10-01T20:07:54.608+0000] {logging_mixin.py:190} INFO - [2026-10-01T20:07:54.608+0000] {dag.py:3239} INFO - Sync 1 DAGs
[2026-10-01T20:07:54.624+0000] {logging_mixin.py:190} INFO - [2026-10-01T20:07:54.624+0000] {dag.py:4180} INFO - Setting next_dagrun for my_dag to None, run_after=None
[2026-10-01T20:07:54.638+0000] {processor.py:208} INFO - Processing /opt/airflow/dags/my_tasks.py took 0.071 seconds
[2026-10-01T20:08:24.838+0000] {processor.py:186} INFO - Started process (PID=1634) to work on /opt/airflow/dags/my_tasks.py
[2026-10-01T20:08:24.839+0000] {processor.py:914} INFO - Processing file /opt/airflow/dags/my_tasks.py for tasks to queue
[2026-10-01T20:08:24.842+0000] {logging_mixin.py:190} INFO - [2026-10-01T20:08:24.842+0000] {dagbag.py:588} INFO - Filling up the DagBag from /opt/airflow/dags/my_tasks.py
[2026-10-01T20:08:24.850+0000] {processor.py:925} INFO - DAG(s) 'my_dag' retrieved from /opt/airflow/dags/my_tasks.py
[2026-10-01T20:08:24.876+0000] {logging_mixin.py:190} INFO - [2026-10-01T20:08:24.876+0000] {dag.py:3239} INFO - Sync 1 DAGs
[2026-10-01T20:08:24.897+0000] {logging_mixin.py:190} INFO - [2026-10-01T20:08:24.897+0000] {dag.py:4180} INFO - Setting next_dagrun for my_dag to None, run_after=None
[2026-10-01T20:08:24.916+0000] {processor.py:208} INFO - Processing /opt/airflow/dags/my_tasks.py took 0.084 seconds
[2026-10-01T20:08:55.092+0000] {processor.py:186} INFO - Started process (PID=1645) to work on /opt/airflow/dags/my_tasks.py
[2026-10-01T20:08:55.100+0000] {processor.py:914} INFO - Processing file /opt/airflow/dags/my_tasks.py for tasks to queue
[2026-10-01T20:08:55.103+0000] {logging_mixin.py:190} INFO - [2026-10-01T20:08:55.102+0000] {dagbag.py:588} INFO - Filling up the DagBag from /opt/airflow/dags/my_tasks.py
[2026-10-01T20:08:55.111+0000] {processor.py:925} INFO - DAG(s) 'my_dag' retrieved from /opt/airflow/dags/my_tasks.py
[2026-10-01T20:08:55.132+0000] {logging_mixin.py:190} INFO - [2026-10-01T20:08:55.131+0000] {dag.py:3239} INFO - Sync 1 DAGs
[2026-10-01T20:08:55.149+0000] {logging_mixin.py:190} INFO - [2026-10-01T20:08:55.148+0000] {dag.py:4180} INFO - Setting next_dagrun for my_dag to None, run_after=None
[2026-10-01T20:08:55.164+0000] {processor.py:208} INFO - Processing /opt/airflow/dags/my_tasks.py took 0.077 seconds
[2026-10-01T20:09:25.353+0000] {processor.py:186} INFO - Started process (PID=1656) to work on /opt/airflow/dags/my_tasks.py
[2026-10-01T20:09:25.354+0000] {processor.py:914} INFO - Processing file /opt/airflow/dags/my_tasks.py for tasks to queue
[2026-10-01T20:09:25.357+0000] {logging_mixin.py:190} INFO - [2026-10-01T20:09:25.356+0000] {dagbag.py:588} INFO - Filling up the DagBag from /opt/airflow/dags/my_tasks.py
[2026-10-01T20:09:25.364+0000] {processor.py:925} INFO - DAG(s) 'my_dag' retrieved from /opt/airflow/dags/my_tasks.py
[2026-10-01T20:09:25.383+0000] {logging_mixin.py:190} INFO - [2026-10-01T20:09:25.383+0000] {dag.py:3239} INFO - Sync 1 DAGs
[2026-10-01T20:09:25.400+0000] {logging_mixin.py:190} INFO - [2026-10-01T20:09:25.400+0000] {dag.py:4180} INFO - Setting next_dagrun for my_dag to None, run_after=None
[2026-10-01T20:09:25.416+0000] {processor.py:208} INFO - Processing /opt/airflow/dags/my_tasks.py took 0.067 seconds
[2026-10-01T20:09:55.612+0000] {processor.py:186} INFO - Started process (PID=1667) to work on /opt/airflow/dags/my_tasks.py
[2026-10-01T20:09:55.620+0000] {processor.py:914} INFO - Processing file /opt/airflow/dags/my_tasks.py for tasks to queue
[2026-10-01T20:09:55.623+0000] {logging_mixin.py:190} INFO - [2026-10-01T20:09:55.623+0000] {dagbag.py:588} INFO - Filling up the DagBag from /opt/airflow/dags/my_tasks.py
[2026-10-01T20:09:55.631+0000] {processor.py:925} INFO - DAG(s) 'my_dag' retrieved from /opt/airflow/dags/my_tasks.py
[2026-10-01T20:09:55.649+0000] {logging_mixin.py:190} INFO - [2026-10-01T20:09:55.649+0000] {dag.py:3239} INFO - Sync 1 DAGs
[2026-10-01T20:09:55.665+0000] {logging_mixin.py:190} INFO - [2026-10-01T20:09:55.665+0000] {dag.py:4180} INFO - Setting next_dagrun for my_dag to None, run_after=None
[2026-10-01T20:09:55.679+0000] {processor.py:208} INFO - Processing /opt/airflow/dags/my_tasks.py took 0.071 seconds
[2026-10-01T20:10:25.886+0000] {processor.py:186} INFO - Started process (PID=1678) to work on /opt/airflow/dags/my_tasks.py
[2026-10-01T20:10:25.887+0000] {processor.py:914} INFO - Processing file /opt/airflow/dags/my_tasks.py for tasks to queue
[2026-10-01T20:10:25.889+0000] {logging_mixin.py:190} INFO - [2026-10-01T20:10:25.889+0000] {dagbag.py:588} INFO - Filling up the DagBag from /opt/airflow/dags/my_tasks.py
[2026-10-01T20:10:25.895+0000] {processor.py:925} INFO - DAG(s) 'my_dag' retrieved from /opt/airflow/dags/my_tasks.py
[2026-10-01T20:10:25.913+0000] {logging_mixin.py:190} INFO - [2026-10-01T20:10:25.913+0000] {dag.py:3239} INFO - Sync 1 DAGs
[2026-10-01T20:10:25.930+0000] {logging_mixin.py:190} INFO - [2026-10-01T20:10:25.929+0000] {dag.py:4180} INFO - Setting next_dagrun for my_dag to None, run_after=None
[2026-10-01T20:10:25.945+0000] {processor.py:208} INFO - Processing /opt/airflow/dags/my_tasks.py took 0.063 seconds
[2026-10-01T20:10:56.168+0000] {processor.py:186} INFO - Started process (PID=1689) to work on /opt/airflow/dags/my_tasks.py
[2026-10-01T20:10:56.169+0000] {processor.py:914} INFO - Processing file /opt/airflow/dags/my_tasks.py for tasks to queue
[2026-10-01T20:10:56.170+0000] {logging_mixin.py:190} INFO - [2026-10-01T20:10:56.170+0000] {dagbag.py:588} INFO - Filling up the DagBag from /opt/airflow/dags/my_tasks.py
[2026-10-01T20:10:56.177+0000] {processor.py:925} INFO - DAG(s) 'my_dag' retrieved from /opt/airflow/dags/my_tasks.py
[2026-10-01T20:10:56.195+0000] {logging_mixin.py:190} INFO - [2026-10-01T20:10:56.195+0000] {dag.py:3239} INFO - Sync 1 DAGs
[2026-10-01T20:10:56.210+0000] {logging_mixin.py:190} INFO - [2026-10-01T20:10:56.210+0000] {dag.py:4180} INFO - Setting next_dagrun for my_dag to None, run_after=None
[2026-10-01T20:10:56.224+0000] {processor.py:208} INFO - Processing /opt/airflow/dags/my_tasks.py took 0.060 seconds
[2026-10-01T20:11:26.428+0000] {processor.py:186} INFO - Started process (PID=1700) to work on /opt/airflow/dags/my_tasks.py
[2026-10-01T20:11:26.429+0000] {processor.py:914} INFO - Processing file /opt/airflow/dags/my_tasks.py for tasks to queue
[2026-10-01T20:11:26.432+0000] {logging_mixin.py:190} INFO - [2026-10-01T20:11:26.431+0000] {dagbag.py:588} INFO - Filling up the DagBag from /opt/airflow/dags/my_tasks.py
[2026-10-01T20:11:26.439+0000] {processor.py:925} INFO - DAG(s) 'my_dag' retrieved from /opt/airflow/dags/my_tasks.py
[2026-10-01T20:11:26.459+0000] {logging_mixin.py:190} INFO - [2026-10-01T20:11:26.459+0000] {dag.py:3239} INFO - Sync 1 DAGs
[2026-10-01T20:11:26.478+0000] {logging_mixin.py:190} INFO - [2026-10-01T20:11:26.478+0000] {dag.py:4180} INFO - Setting next_dagrun for my_dag to None, run_after=None
[2026-10-01T20:11:26.495+0000] {processor.py:208} INFO - Processing /opt/airflow/dags/my_tasks.py took 0.071 seconds
[2026-10-01T20:11:56.681+0000] {processor.py:186} INFO - Started process (PID=1711) to work on /opt/airflow/dags/my_tasks.py
[2026-10-01T20:11:56.682+0000] {processor.py:914} INFO - Processing file /opt/airflow/dags/my_tasks.py for tasks to queue
[2026-10-01T20:11:56.683+0000] {logging_mixin.py:190} INFO - [2026-10-01T20:11:56.683+0000] {dagbag.py:588} INFO - Filling up the DagBag from /opt/airflow/dags/my_tasks.py
[2026-10-01T20:11:56.691+0000] {processor.py:925} INFO - DAG(s) 'my_dag' retrieved from /opt/airflow/dags/my_tasks.py
[2026-10-01T20:11:56.710+0000] {logging_mixin.py:190} INFO - [2026-10-01T20:11:56.710+0000] {dag.py:3239} INFO - Sync 1 DAGs
[2026-10-01T20:11:56.728+0000] {logging_mixin.py:190} INFO - [2026-10-01T20:11:56.728+0000] {dag.py:4180} INFO - Setting next_dagrun for my_dag to None, run_after=None
[2026-10-01T20:11:56.743+0000] {processor.py:208} INFO - Processing /opt/airflow/dags/my_tasks.py took 0.066 seconds
[2026-10-01T20:12:26.947+0000] {processor.py:186} INFO - Started process (PID=1722) to work on /opt/airflow/dags/my_tasks.py
[2026-10-01T20:12:26.964+0000] {processor.py:914} INFO - Processing file /opt/airflow/dags/my_tasks.py for tasks to queue
[2026-10-01T20:12:26.966+0000] {logging_mixin.py:190} INFO - [2026-10-01T20:12:26.965+0000] {dagbag.py:588} INFO - Filling up the DagBag from /opt/airflow/dags/my_tasks.py
[2026-10-01T20:12:26.973+0000] {processor.py:925} INFO - DAG(s) 'my_dag' retrieved from /opt/airflow/dags/my_tasks.py
[2026-10-01T20:12:26.992+0000] {logging_mixin.py:190} INFO - [2026-10-01T20:12:26.992+0000] {dag.py:3239} INFO - Sync 1 DAGs
[2026-10-01T20:12:27.008+0000] {logging_mixin.py:190} INFO - [2026-10-01T20:12:27.008+0000] {dag.py:4180} INFO - Setting next_dagrun for my_dag to None, run_after=None
[2026-10-01T20:12:27.023+0000] {processor.py:208} INFO - Processing /opt/airflow/dags/my_tasks.py took 0.082 seconds
[2026-10-01T20:12:57.212+0000] {processor.py:186} INFO - Started process (PID=1733) to work on /opt/airflow/dags/my_tasks.py
[2026-10-01T20:12:57.212+0000] {processor.py:914} INFO - Processing file /opt/airflow/dags/my_tasks.py for tasks to queue
[2026-10-01T20:12:57.214+0000] {logging_mixin.py:190} INFO - [2026-10-01T20:12:57.214+0000] {dagbag.py:588} INFO - Filling up the DagBag from /opt/airflow/dags/my_tasks.py
[2026-10-01T20:12:57.221+0000] {processor.py:925} INFO - DAG(s) 'my_dag' retrieved from /opt/airflow/dags/my_tasks.py
[2026-10-01T20:12:57.239+0000] {logging_mixin.py:190} INFO - [2026-10-01T20:12:57.238+0000] {dag.py:3239} INFO - Sync 1 DAGs
[2026-10-01T20:12:57.254+0000] {logging_mixin.py:190} INFO - [2026-10-01T20:12:57.254+0000] {dag.py:4180} INFO - Setting next_dagrun for my_dag to None, run_after=None
[2026-10-01T20:12:57.268+0000] {processor.py:208} INFO - Processing /opt/airflow/dags/my_tasks.py took 0.060 seconds
[2026-10-01T20:13:27.484+0000] {processor.py:186} INFO - Started process (PID=1744) to work on /opt/airflow/dags/my_tasks.py
[2026-10-01T20:13:27.492+0000] {processor.py:914} INFO - Processing file /opt/airflow/dags/my_tasks.py for tasks to queue
[2026-10-01T20:13:27.493+0000] {logging_mixin.py:190} INFO - [2026-10-01T20:13:27.493+0000] {dagbag.py:588} INFO - Filling up the DagBag from /opt/airflow/dags/my_tasks.py
[2026-10-01T20:13:27.502+0000] {processor.py:925} INFO - DAG(s) 'my_dag' retrieved from /opt/airflow/dags/my_tasks.py
[2026-10-01T20:13:27.519+0000] {logging_mixin.py:190} INFO - [2026-10-01T20:13:27.519+0000] {dag.py:3239} INFO - Sync 1 DAGs
[2026-10-01T20:13:27.535+0000] {logging_mixin.py:190} INFO - [2026-10-01T20:13:27.535+0000] {dag.py:4180} INFO - Setting next_dagrun for my_dag to None, run_after=None
[2026-10-01T20:13:27.551+0000] {processor.py:208} INFO - Processing /opt/airflow/dags/my_tasks.py took 0.071 seconds
[2026-10-01T20:13:57.743+0000] {processor.py:186} INFO - Started process (PID=1755) to work on /opt/airflow/dags/my_tasks.py
[2026-10-01T20:13:57.751+0000] {processor.py:914} INFO - Processing file /opt/airflow/dags/my_tasks.py for tasks to queue
[2026-10-01T20:13:57.753+0000] {logging_mixin.py:190} INFO - [2026-10-01T20:13:57.753+0000] {dagbag.py:588} INFO - Filling up the DagBag from /opt/airflow/dags/my_tasks.py
[2026-10-01T20:13:57.762+0000] {processor.py:925} INFO - DAG(s) 'my_dag' retrieved from /opt/airflow/dags/my_tasks.py
[2026-10-01T20:13:57.780+0000] {logging_mixin.py:190} INFO - [2026-10-01T20:13:57.780+0000] {dag.py:3239} INFO - Sync 1 DAGs
[2026-10-01T20:13:57.797+0000] {logging_mixin.py:190} INFO - [2026-10-01T20:13:57.797+0000] {dag.py:4180} INFO - Setting next_dagrun for my_dag to None, run_after=None
[2026-10-01T20:13:57.811+0000] {processor.py:208} INFO - Processing /opt/airflow/dags/my_tasks.py took 0.072 seconds
[2026-10-01T20:14:28.004+0000] {processor.py:186} INFO - Started process (PID=1766) to work on /opt/airflow/dags/my_tasks.py
[2026-10-01T20:14:28.012+0000] {processor.py:914} INFO - Processing file /opt/airflow/dags/my_tasks.py for tasks to queue
[2026-10-01T20:14:28.016+0000] {logging_mixin.py:190} INFO - [2026-10-01T20:14:28.014+0000] {dagbag.py:588} INFO - Filling up the DagBag from /opt/airflow/dags/my_tasks.py
[2026-10-01T20:14:28.025+0000] {processor.py:925} INFO - DAG(s) 'my_dag' retrieved from /opt/airflow/dags/my_tasks.py
[2026-10-01T20:14:28.045+0000] {logging_mixin.py:190} INFO - [2026-10-01T20:14:28.045+0000] {dag.py:3239} INFO - Sync 1 DAGs
[2026-10-01T20:14:28.061+0000] {logging_mixin.py:190} INFO - [2026-10-01T20:14:28.061+0000] {dag.py:4180} INFO - Setting next_dagrun for my_dag to None, run_after=None
[2026-10-01T20:14:28.075+0000] {processor.py:208} INFO - Processing /opt/airflow/dags/my_tasks.py took 0.076 seconds
[2026-10-01T20:14:58.253+0000] {processor.py:186} INFO - Started process (PID=1777) to work on /opt/airflow/dags/my_tasks.py
[2026-10-01T20:14:58.261+0000] {processor.py:914} INFO - Processing file /opt/airflow/dags/my_tasks.py for tasks to queue
[2026-10-01T20:14:58.263+0000] {logging_mixin.py:190} INFO - [2026-10-01T20:14:58.263+0000] {dagbag.py:588} INFO - Filling up the DagBag from /opt/airflow/dags/my_tasks.py
[2026-10-01T20:14:58.270+0000] {processor.py:925} INFO - DAG(s) 'my_dag' retrieved from /opt/airflow/dags/my_tasks.py
[2026-10-01T20:14:58.288+0000] {logging_mixin.py:190} INFO - [2026-10-01T20:14:58.288+0000] {dag.py:3239} INFO - Sync 1 DAGs
[2026-10-01T20:14:58.303+0000] {logging_mixin.py:190} INFO - [2026-10-01T20:14:58.303+0000] {dag.py:4180} INFO - Setting next_dagrun for my_dag to None, run_after=None
[2026-10-01T20:14:58.318+0000] {processor.py:208} INFO - Processing /opt/airflow/dags/my_tasks.py took 0.069 seconds
[2026-10-01T20:15:28.517+0000] {processor.py:186} INFO - Started process (PID=1788) to work on /opt/airflow/dags/my_tasks.py
[2026-10-01T20:15:28.519+0000] {processor.py:914} INFO - Processing file /opt/airflow/dags/my_tasks.py for tasks to queue
[2026-10-01T20:15:28.521+0000] {logging_mixin.py:190} INFO - [2026-10-01T20:15:28.520+0000] {dagbag.py:588} INFO - Filling up the DagBag from /opt/airflow/dags/my_tasks.py
[2026-10-01T20:15:28.531+0000] {processor.py:925} INFO - DAG(s) 'my_dag' retrieved from /opt/airflow/dags/my_tasks.py
[2026-10-01T20:15:28.551+0000] {logging_mixin.py:190} INFO - [2026-10-01T20:15:28.550+0000] {dag.py:3239} INFO - Sync 1 DAGs
[2026-10-01T20:15:28.570+0000] {logging_mixin.py:190} INFO - [2026-10-01T20:15:28.570+0000] {dag.py:4180} INFO - Setting next_dagrun for my_dag to None, run_after=None
[2026-10-01T20:15:28.587+0000] {processor.py:208} INFO - Processing /opt/airflow/dags/my_tasks.py took 0.074 seconds
[2026-10-01T20:15:58.765+0000] {processor.py:186} INFO - Started process (PID=1799) to work on /opt/airflow/dags/my_tasks.py
[2026-10-01T20:15:58.766+0000] {processor.py:914} INFO - Processing file /opt/airflow/dags/my_tasks.py for tasks to queue
[2026-10-01T20:15:58.769+0000] {logging_mixin.py:190} INFO - [2026-10-01T20:15:58.768+0000] {dagbag.py:588} INFO - Filling up the DagBag from /opt/airflow/dags/my_tasks.py
[2026-10-01T20:15:58.776+0000] {processor.py:925} INFO - DAG(s) 'my_dag' retrieved from /opt/airflow/dags/my_tasks.py
[2026-10-01T20:15:58.796+0000] {logging_mixin.py:190} INFO - [2026-10-01T20:15:58.796+0000] {dag.py:3239} INFO - Sync 1 DAGs
[2026-10-01T20:15:58.814+0000] {logging_mixin.py:190} INFO - [2026-10-01T20:15:58.814+0000] {dag.py:4180} INFO - Setting next_dagrun for my_dag to None, run_after=None
[2026-10-01T20:15:58.831+0000] {processor.py:208} INFO - Processing /opt/airflow/dags/my_tasks.py took 0.070 seconds
[2026-10-01T20:16:29.005+0000] {processor.py:186} INFO - Started process (PID=1810) to work on /opt/airflow/dags/my_tasks.py
[2026-10-01T20:16:29.013+0000] {processor.py:914} INFO - Processing file /opt/airflow/dags/my_tasks.py for tasks to queue
[2026-10-01T20:16:29.015+0000] {logging_mixin.py:190} INFO - [2026-10-01T20:16:29.014+0000] {dagbag.py:588} INFO - Filling up the DagBag from /opt/airflow/dags/my_tasks.py
[2026-10-01T20:16:29.022+0000] {processor.py:925} INFO - DAG(s) 'my_dag' retrieved from /opt/airflow/dags/my_tasks.py
[2026-10-01T20:16:29.041+0000] {logging_mixin.py:190} INFO - [2026-10-01T20:16:29.041+0000] {dag.py:3239} INFO - Sync 1 DAGs
[2026-10-01T20:16:29.058+0000] {logging_mixin.py:190} INFO - [2026-10-01T20:16:29.058+0000] {dag.py:4180} INFO - Setting next_dagrun for my_dag to None, run_after=None
[2026-10-01T20:16:29.074+0000] {processor.py:208} INFO - Processing /opt/airflow/dags/my_tasks.py took 0.073 seconds
[2026-10-01T20:16:59.282+0000] {processor.py:186} INFO - Started process (PID=1821) to work on /opt/airflow/dags/my_tasks.py
[2026-10-01T20:16:59.290+0000] {processor.py:914} INFO - Processing file /opt/airflow/dags/my_tasks.py for tasks to queue
[2026-10-01T20:16:59.292+0000] {logging_mixin.py:190} INFO - [2026-10-01T20:16:59.292+0000] {dagbag.py:588} INFO - Filling up the DagBag from /opt/airflow/dags/my_tasks.py
[2026-10-01T20:16:59.300+0000] {processor.py:925} INFO - DAG(s) 'my_dag' retrieved from /opt/airflow/dags/my_tasks.py
[2026-10-01T20:16:59.318+0000] {logging_mixin.py:190} INFO - [2026-10-01T20:16:59.318+0000] {dag.py:3239} INFO - Sync 1 DAGs
[2026-10-01T20:16:59.333+0000] {logging_mixin.py:190} INFO - [2026-10-01T20:16:59.333+0000] {dag.py:4180} INFO - Setting next_dagrun for my_dag to None, run_after=None
[2026-10-01T20:16:59.348+0000] {processor.py:208} INFO - Processing /opt/airflow/dags/my_tasks.py took 0.070 seconds
[2026-10-01T20:17:29.539+0000] {processor.py:186} INFO - Started process (PID=1832) to work on /opt/airflow/dags/my_tasks.py
[2026-10-01T20:17:29.552+0000] {processor.py:914} INFO - Processing file /opt/airflow/dags/my_tasks.py for tasks to queue
[2026-10-01T20:17:29.554+0000] {logging_mixin.py:190} INFO - [2026-10-01T20:17:29.554+0000] {dagbag.py:588} INFO - Filling up the DagBag from /opt/airflow/dags/my_tasks.py
[2026-10-01T20:17:29.565+0000] {processor.py:925} INFO - DAG(s) 'my_dag' retrieved from /opt/airflow/dags/my_tasks.py
[2026-10-01T20:17:29.584+0000] {logging_mixin.py:190} INFO - [2026-10-01T20:17:29.584+0000] {dag.py:3239} INFO - Sync 1 DAGs
[2026-10-01T20:17:29.600+0000] {logging_mixin.py:190} INFO - [2026-10-01T20:17:29.600+0000] {dag.py:4180} INFO - Setting next_dagrun for my_dag to None, run_after=None
[2026-10-01T20:17:29.615+0000] {processor.py:208} INFO - Processing /opt/airflow/dags/my_tasks.py took 0.079 seconds
[2026-10-01T20:17:59.805+0000] {processor.py:186} INFO - Started process (PID=1843) to work on /opt/airflow/dags/my_tasks.py
[2026-10-01T20:17:59.817+0000] {processor.py:914} INFO - Processing file /opt/airflow/dags/my_tasks.py for tasks to queue
[2026-10-01T20:17:59.820+0000] {logging_mixin.py:190} INFO - [2026-10-01T20:17:59.819+0000] {dagbag.py:588} INFO - Filling up the DagBag from /opt/airflow/dags/my_tasks.py
[2026-10-01T20:17:59.831+0000] {processor.py:925} INFO - DAG(s) 'my_dag' retrieved from /opt/airflow/dags/my_tasks.py
[2026-10-01T20:17:59.848+0000] {logging_mixin.py:190} INFO - [2026-10-01T20:17:59.848+0000] {dag.py:3239} INFO - Sync 1 DAGs
[2026-10-01T20:17:59.865+0000] {logging_mixin.py:190} INFO - [2026-10-01T20:17:59.864+0000] {dag.py:4180} INFO - Setting next_dagrun for my_dag to None, run_after=None
[2026-10-01T20:17:59.879+0000] {processor.py:208} INFO - Processing /opt/airflow/dags/my_tasks.py took 0.078 seconds
[2026-10-01T20:18:30.084+0000] {processor.py:186} INFO - Started process (PID=1854) to work on /opt/airflow/dags/my_tasks.py
[2026-10-01T20:18:30.092+0000] {processor.py:914} INFO - Processing file /opt/airflow/dags/my_tasks.py for tasks to queue
[2026-10-01T20:18:30.095+0000] {logging_mixin.py:190} INFO - [2026-10-01T20:18:30.094+0000] {dagbag.py:588} INFO - Filling up the DagBag from /opt/airflow/dags/my_tasks.py
[2026-10-01T20:18:30.101+0000] {processor.py:925} INFO - DAG(s) 'my_dag' retrieved from /opt/airflow/dags/my_tasks.py
[2026-10-01T20:18:30.119+0000] {logging_mixin.py:190} INFO - [2026-10-01T20:18:30.119+0000] {dag.py:3239} INFO - Sync 1 DAGs
[2026-10-01T20:18:30.137+0000] {logging_mixin.py:190} INFO - [2026-10-01T20:18:30.136+0000] {dag.py:4180} INFO - Setting next_dagrun for my_dag to None, run_after=None
[2026-10-01T20:18:30.151+0000] {processor.py:208} INFO - Processing /opt/airflow/dags/my_tasks.py took 0.071 seconds
[2026-10-01T20:19:00.347+0000] {processor.py:186} INFO - Started process (PID=1865) to work on /opt/airflow/dags/my_tasks.py
[2026-10-01T20:19:00.355+0000] {processor.py:914} INFO - Processing file /opt/airflow/dags/my_tasks.py for tasks to queue
[2026-10-01T20:19:00.357+0000] {logging_mixin.py:190} INFO - [2026-10-01T20:19:00.357+0000] {dagbag.py:588} INFO - Filling up the DagBag from /opt/airflow/dags/my_tasks.py
[2026-10-01T20:19:00.367+0000] {processor.py:925} INFO - DAG(s) 'my_dag' retrieved from /opt/airflow/dags/my_tasks.py
[2026-10-01T20:19:00.385+0000] {logging_mixin.py:190} INFO - [2026-10-01T20:19:00.385+0000] {dag.py:3239} INFO - Sync 1 DAGs
[2026-10-01T20:19:00.402+0000] {logging_mixin.py:190} INFO - [2026-10-01T20:19:00.402+0000] {dag.py:4180} INFO - Setting next_dagrun for my_dag to None, run_after=None
[2026-10-01T20:19:00.417+0000] {processor.py:208} INFO - Processing /opt/airflow/dags/my_tasks.py took 0.074 seconds
[2026-10-01T20:19:30.604+0000] {processor.py:186} INFO - Started process (PID=1876) to work on /opt/airflow/dags/my_tasks.py
[2026-10-01T20:19:30.612+0000] {processor.py:914} INFO - Processing file /opt/airflow/dags/my_tasks.py for tasks to queue
[2026-10-01T20:19:30.614+0000] {logging_mixin.py:190} INFO - [2026-10-01T20:19:30.614+0000] {dagbag.py:588} INFO - Filling up the DagBag from /opt/airflow/dags/my_tasks.py
[2026-10-01T20:19:30.624+0000] {processor.py:925} INFO - DAG(s) 'my_dag' retrieved from /opt/airflow/dags/my_tasks.py
[2026-10-01T20:19:30.644+0000] {logging_mixin.py:190} INFO - [2026-10-01T20:19:30.644+0000] {dag.py:3239} INFO - Sync 1 DAGs
[2026-10-01T20:19:30.661+0000] {logging_mixin.py:190} INFO - [2026-10-01T20:19:30.661+0000] {dag.py:4180} INFO - Setting next_dagrun for my_dag to None, run_after=None
[2026-10-01T20:19:30.674+0000] {processor.py:208} INFO - Processing /opt/airflow/dags/my_tasks.py took 0.074 seconds
[2026-10-01T20:20:00.880+0000] {processor.py:186} INFO - Started process (PID=1893) to work on /opt/airflow/dags/my_tasks.py
[2026-10-01T20:20:00.888+0000] {processor.py:914} INFO - Processing file /opt/airflow/dags/my_tasks.py for tasks to queue
[2026-10-01T20:20:00.892+0000] {logging_mixin.py:190} INFO - [2026-10-01T20:20:00.891+0000] {dagbag.py:588} INFO - Filling up the DagBag from /opt/airflow/dags/my_tasks.py
[2026-10-01T20:20:00.901+0000] {processor.py:925} INFO - DAG(s) 'my_dag' retrieved from /opt/airflow/dags/my_tasks.py
[2026-10-01T20:20:00.918+0000] {logging_mixin.py:190} INFO - [2026-10-01T20:20:00.918+0000] {dag.py:3239} INFO - Sync 1 DAGs
[2026-10-01T20:20:00.934+0000] {logging_mixin.py:190} INFO - [2026-10-01T20:20:00.933+0000] {dag.py:4180} INFO - Setting next_dagrun for my_dag to None, run_after=None
[2026-10-01T20:20:00.948+0000] {processor.py:208} INFO - Processing /opt/airflow/dags/my_tasks.py took 0.072 seconds
[2026-10-01T20:20:31.158+0000] {processor.py:186} INFO - Started process (PID=1904) to work on /opt/airflow/dags/my_tasks.py
[2026-10-01T20:20:31.166+0000] {processor.py:914} INFO - Processing file /opt/airflow/dags/my_tasks.py for tasks to queue
[2026-10-01T20:20:31.170+0000] {logging_mixin.py:190} INFO - [2026-10-01T20:20:31.170+0000] {dagbag.py:588} INFO - Filling up the DagBag from /opt/airflow/dags/my_tasks.py
[2026-10-01T20:20:31.180+0000] {processor.py:925} INFO - DAG(s) 'my_dag' retrieved from /opt/airflow/dags/my_tasks.py
[2026-10-01T20:20:31.197+0000] {logging_mixin.py:190} INFO - [2026-10-01T20:20:31.197+0000] {dag.py:3239} INFO - Sync 1 DAGs
[2026-10-01T20:20:31.213+0000] {logging_mixin.py:190} INFO - [2026-10-01T20:20:31.213+0000] {dag.py:4180} INFO - Setting next_dagrun for my_dag to None, run_after=None
[2026-10-01T20:20:31.228+0000] {processor.py:208} INFO - Processing /opt/airflow/dags/my_tasks.py took 0.073 seconds
[2026-10-01T20:21:01.436+0000] {processor.py:186} INFO - Started process (PID=1915) to work on /opt/airflow/dags/my_tasks.py
[2026-10-01T20:21:01.444+0000] {processor.py:914} INFO - Processing file /opt/airflow/dags/my_tasks.py for tasks to queue
[2026-10-01T20:21:01.446+0000] {logging_mixin.py:190} INFO - [2026-10-01T20:21:01.446+0000] {dagbag.py:588} INFO - Filling up the DagBag from /opt/airflow/dags/my_tasks.py
[2026-10-01T20:21:01.454+0000] {processor.py:925} INFO - DAG(s) 'my_dag' retrieved from /opt/airflow/dags/my_tasks.py
[2026-10-01T20:21:01.471+0000] {logging_mixin.py:190} INFO - [2026-10-01T20:21:01.471+0000] {dag.py:3239} INFO - Sync 1 DAGs
[2026-10-01T20:21:01.487+0000] {logging_mixin.py:190} INFO - [2026-10-01T20:21:01.487+0000] {dag.py:4180} INFO - Setting next_dagrun for my_dag to None, run_after=None
[2026-10-01T20:21:01.501+0000] {processor.py:208} INFO - Processing /opt/airflow/dags/my_tasks.py took 0.070 seconds
[2026-10-01T20:21:31.693+0000] {processor.py:186} INFO - Started process (PID=1926) to work on /opt/airflow/dags/my_tasks.py
[2026-10-01T20:21:31.694+0000] {processor.py:914} INFO - Processing file /opt/airflow/dags/my_tasks.py for tasks to queue
[2026-10-01T20:21:31.695+0000] {logging_mixin.py:190} INFO - [2026-10-01T20:21:31.695+0000] {dagbag.py:588} INFO - Filling up the DagBag from /opt/airflow/dags/my_tasks.py
[2026-10-01T20:21:31.702+0000] {processor.py:925} INFO - DAG(s) 'my_dag' retrieved from /opt/airflow/dags/my_tasks.py
[2026-10-01T20:21:31.720+0000] {logging_mixin.py:190} INFO - [2026-10-01T20:21:31.720+0000] {dag.py:3239} INFO - Sync 1 DAGs
[2026-10-01T20:21:31.736+0000] {logging_mixin.py:190} INFO - [2026-10-01T20:21:31.735+0000] {dag.py:4180} INFO - Setting next_dagrun for my_dag to None, run_after=None
[2026-10-01T20:21:31.749+0000] {processor.py:208} INFO - Processing /opt/airflow/dags/my_tasks.py took 0.061 seconds
[2026-10-01T20:22:01.958+0000] {processor.py:186} INFO - Started process (PID=1937) to work on /opt/airflow/dags/my_tasks.py
[2026-10-01T20:22:01.960+0000] {processor.py:914} INFO - Processing file /opt/airflow/dags/my_tasks.py for tasks to queue
[2026-10-01T20:22:01.961+0000] {logging_mixin.py:190} INFO - [2026-10-01T20:22:01.961+0000] {dagbag.py:588} INFO - Filling up the DagBag from /opt/airflow/dags/my_tasks.py
[2026-10-01T20:22:01.968+0000] {processor.py:925} INFO - DAG(s) 'my_dag' retrieved from /opt/airflow/dags/my_tasks.py
[2026-10-01T20:22:01.986+0000] {logging_mixin.py:190} INFO - [2026-10-01T20:22:01.986+0000] {dag.py:3239} INFO - Sync 1 DAGs
[2026-10-01T20:22:02.002+0000] {logging_mixin.py:190} INFO - [2026-10-01T20:22:02.002+0000] {dag.py:4180} INFO - Setting next_dagrun for my_dag to None, run_after=None
[2026-10-01T20:22:02.015+0000] {processor.py:208} INFO - Processing /opt/airflow/dags/my_tasks.py took 0.061 seconds
[2026-10-01T20:22:32.230+0000] {processor.py:186} INFO - Started process (PID=1948) to work on /opt/airflow/dags/my_tasks.py
[2026-10-01T20:22:32.230+0000] {processor.py:914} INFO - Processing file /opt/airflow/dags/my_tasks.py for tasks to queue
[2026-10-01T20:22:32.232+0000] {logging_mixin.py:190} INFO - [2026-10-01T20:22:32.232+0000] {dagbag.py:588} INFO - Filling up the DagBag from /opt/airflow/dags/my_tasks.py
[2026-10-01T20:22:32.239+0000] {processor.py:925} INFO - DAG(s) 'my_dag' retrieved from /opt/airflow/dags/my_tasks.py
[2026-10-01T20:22:32.258+0000] {logging_mixin.py:190} INFO - [2026-10-01T20:22:32.258+0000] {dag.py:3239} INFO - Sync 1 DAGs
[2026-10-01T20:22:32.279+0000] {logging_mixin.py:190} INFO - [2026-10-01T20:22:32.278+0000] {dag.py:4180} INFO - Setting next_dagrun for my_dag to None, run_after=None
[2026-10-01T20:22:32.296+0000] {processor.py:208} INFO - Processing /opt/airflow/dags/my_tasks.py took 0.070 seconds
[2026-10-01T20:23:02.513+0000] {processor.py:186} INFO - Started process (PID=1959) to work on /opt/airflow/dags/my_tasks.py
[2026-10-01T20:23:02.521+0000] {processor.py:914} INFO - Processing file /opt/airflow/dags/my_tasks.py for tasks to queue
[2026-10-01T20:23:02.523+0000] {logging_mixin.py:190} INFO - [2026-10-01T20:23:02.523+0000] {dagbag.py:588} INFO - Filling up the DagBag from /opt/airflow/dags/my_tasks.py
[2026-10-01T20:23:02.533+0000] {processor.py:925} INFO - DAG(s) 'my_dag' retrieved from /opt/airflow/dags/my_tasks.py
[2026-10-01T20:23:02.554+0000] {logging_mixin.py:190} INFO - [2026-10-01T20:23:02.554+0000] {dag.py:3239} INFO - Sync 1 DAGs
[2026-10-01T20:23:02.570+0000] {logging_mixin.py:190} INFO - [2026-10-01T20:23:02.570+0000] {dag.py:4180} INFO - Setting next_dagrun for my_dag to None, run_after=None
[2026-10-01T20:23:02.585+0000] {processor.py:208} INFO - Processing /opt/airflow/dags/my_tasks.py took 0.077 seconds
[2026-10-01T20:23:32.784+0000] {processor.py:186} INFO - Started process (PID=1970) to work on /opt/airflow/dags/my_tasks.py
[2026-10-01T20:23:32.785+0000] {processor.py:914} INFO - Processing file /opt/airflow/dags/my_tasks.py for tasks to queue
[2026-10-01T20:23:32.786+0000] {logging_mixin.py:190} INFO - [2026-10-01T20:23:32.786+0000] {dagbag.py:588} INFO - Filling up the DagBag from /opt/airflow/dags/my_tasks.py
[2026-10-01T20:23:32.794+0000] {processor.py:925} INFO - DAG(s) 'my_dag' retrieved from /opt/airflow/dags/my_tasks.py
[2026-10-01T20:23:32.813+0000] {logging_mixin.py:190} INFO - [2026-10-01T20:23:32.812+0000] {dag.py:3239} INFO - Sync 1 DAGs
[2026-10-01T20:23:32.829+0000] {logging_mixin.py:190} INFO - [2026-10-01T20:23:32.829+0000] {dag.py:4180} INFO - Setting next_dagrun for my_dag to None, run_after=None
[2026-10-01T20:23:32.844+0000] {processor.py:208} INFO - Processing /opt/airflow/dags/my_tasks.py took 0.064 seconds
[2026-10-01T20:24:02.993+0000] {processor.py:186} INFO - Started process (PID=1981) to work on /opt/airflow/dags/my_tasks.py
[2026-10-01T20:24:03.001+0000] {processor.py:914} INFO - Processing file /opt/airflow/dags/my_tasks.py for tasks to queue
[2026-10-01T20:24:03.003+0000] {logging_mixin.py:190} INFO - [2026-10-01T20:24:03.003+0000] {dagbag.py:588} INFO - Filling up the DagBag from /opt/airflow/dags/my_tasks.py
[2026-10-01T20:24:03.012+0000] {processor.py:925} INFO - DAG(s) 'my_dag' retrieved from /opt/airflow/dags/my_tasks.py
[2026-10-01T20:24:03.033+0000] {logging_mixin.py:190} INFO - [2026-10-01T20:24:03.032+0000] {dag.py:3239} INFO - Sync 1 DAGs
[2026-10-01T20:24:03.049+0000] {logging_mixin.py:190} INFO - [2026-10-01T20:24:03.049+0000] {dag.py:4180} INFO - Setting next_dagrun for my_dag to None, run_after=None
[2026-10-01T20:24:03.061+0000] {processor.py:208} INFO - Processing /opt/airflow/dags/my_tasks.py took 0.074 seconds
[2026-10-01T20:24:33.263+0000] {processor.py:186} INFO - Started process (PID=1992) to work on /opt/airflow/dags/my_tasks.py
[2026-10-01T20:24:33.732+0000] {processor.py:914} INFO - Processing file /opt/airflow/dags/my_tasks.py for tasks to queue
[2026-10-01T20:24:33.736+0000] {logging_mixin.py:190} INFO - [2026-10-01T20:24:33.735+0000] {dagbag.py:588} INFO - Filling up the DagBag from /opt/airflow/dags/my_tasks.py
[2026-10-01T20:24:33.743+0000] {processor.py:925} INFO - DAG(s) 'my_dag' retrieved from /opt/airflow/dags/my_tasks.py
[2026-10-01T20:24:33.761+0000] {logging_mixin.py:190} INFO - [2026-10-01T20:24:33.761+0000] {dag.py:3239} INFO - Sync 1 DAGs
[2026-10-01T20:24:33.777+0000] {logging_mixin.py:190} INFO - [2026-10-01T20:24:33.777+0000] {dag.py:4180} INFO - Setting next_dagrun for my_dag to None, run_after=None
[2026-10-01T20:24:33.796+0000] {processor.py:208} INFO - Processing /opt/airflow/dags/my_tasks.py took 0.537 seconds
[2026-10-01T20:25:03.999+0000] {processor.py:186} INFO - Started process (PID=2003) to work on /opt/airflow/dags/my_tasks.py
[2026-10-01T20:25:04.007+0000] {processor.py:914} INFO - Processing file /opt/airflow/dags/my_tasks.py for tasks to queue
[2026-10-01T20:25:04.010+0000] {logging_mixin.py:190} INFO - [2026-10-01T20:25:04.010+0000] {dagbag.py:588} INFO - Filling up the DagBag from /opt/airflow/dags/my_tasks.py
[2026-10-01T20:25:04.019+0000] {processor.py:925} INFO - DAG(s) 'my_dag' retrieved from /opt/airflow/dags/my_tasks.py
[2026-10-01T20:25:04.040+0000] {logging_mixin.py:190} INFO - [2026-10-01T20:25:04.040+0000] {dag.py:3239} INFO - Sync 1 DAGs
[2026-10-01T20:25:04.057+0000] {logging_mixin.py:190} INFO - [2026-10-01T20:25:04.056+0000] {dag.py:4180} INFO - Setting next_dagrun for my_dag to None, run_after=None
[2026-10-01T20:25:04.071+0000] {processor.py:208} INFO - Processing /opt/airflow/dags/my_tasks.py took 0.081 seconds
[2026-10-01T20:25:34.260+0000] {processor.py:186} INFO - Started process (PID=2014) to work on /opt/airflow/dags/my_tasks.py
[2026-10-01T20:25:34.260+0000] {processor.py:914} INFO - Processing file /opt/airflow/dags/my_tasks.py for tasks to queue
[2026-10-01T20:25:34.262+0000] {logging_mixin.py:190} INFO - [2026-10-01T20:25:34.261+0000] {dagbag.py:588} INFO - Filling up the DagBag from /opt/airflow/dags/my_tasks.py
[2026-10-01T20:25:34.269+0000] {processor.py:925} INFO - DAG(s) 'my_dag' retrieved from /opt/airflow/dags/my_tasks.py
[2026-10-01T20:25:34.290+0000] {logging_mixin.py:190} INFO - [2026-10-01T20:25:34.289+0000] {dag.py:3239} INFO - Sync 1 DAGs
[2026-10-01T20:25:34.305+0000] {logging_mixin.py:190} INFO - [2026-10-01T20:25:34.305+0000] {dag.py:4180} INFO - Setting next_dagrun for my_dag to None, run_after=None
[2026-10-01T20:25:34.319+0000] {processor.py:208} INFO - Processing /opt/airflow/dags/my_tasks.py took 0.063 seconds
[2026-10-01T20:26:04.518+0000] {processor.py:186} INFO - Started process (PID=2025) to work on /opt/airflow/dags/my_tasks.py
[2026-10-01T20:26:04.526+0000] {processor.py:914} INFO - Processing file /opt/airflow/dags/my_tasks.py for tasks to queue
[2026-10-01T20:26:04.529+0000] {logging_mixin.py:190} INFO - [2026-10-01T20:26:04.528+0000] {dagbag.py:588} INFO - Filling up the DagBag from /opt/airflow/dags/my_tasks.py
[2026-10-01T20:26:04.536+0000] {processor.py:925} INFO - DAG(s) 'my_dag' retrieved from /opt/airflow/dags/my_tasks.py
[2026-10-01T20:26:04.559+0000] {logging_mixin.py:190} INFO - [2026-10-01T20:26:04.559+0000] {dag.py:3239} INFO - Sync 1 DAGs
[2026-10-01T20:26:04.581+0000] {logging_mixin.py:190} INFO - [2026-10-01T20:26:04.581+0000] {dag.py:4180} INFO - Setting next_dagrun for my_dag to None, run_after=None
[2026-10-01T20:26:04.598+0000] {processor.py:208} INFO - Processing /opt/airflow/dags/my_tasks.py took 0.086 seconds
[2026-10-01T20:26:34.747+0000] {processor.py:186} INFO - Started process (PID=2036) to work on /opt/airflow/dags/my_tasks.py
[2026-10-01T20:26:34.748+0000] {processor.py:914} INFO - Processing file /opt/airflow/dags/my_tasks.py for tasks to queue
[2026-10-01T20:26:34.750+0000] {logging_mixin.py:190} INFO - [2026-10-01T20:26:34.749+0000] {dagbag.py:588} INFO - Filling up the DagBag from /opt/airflow/dags/my_tasks.py
[2026-10-01T20:26:34.756+0000] {processor.py:925} INFO - DAG(s) 'my_dag' retrieved from /opt/airflow/dags/my_tasks.py
[2026-10-01T20:26:34.774+0000] {logging_mixin.py:190} INFO - [2026-10-01T20:26:34.774+0000] {dag.py:3239} INFO - Sync 1 DAGs
[2026-10-01T20:26:34.791+0000] {logging_mixin.py:190} INFO - [2026-10-01T20:26:34.791+0000] {dag.py:4180} INFO - Setting next_dagrun for my_dag to None, run_after=None
[2026-10-01T20:26:34.805+0000] {processor.py:208} INFO - Processing /opt/airflow/dags/my_tasks.py took 0.062 seconds
[2026-10-01T20:27:05.023+0000] {processor.py:186} INFO - Started process (PID=2047) to work on /opt/airflow/dags/my_tasks.py
[2026-10-01T20:27:05.031+0000] {processor.py:914} INFO - Processing file /opt/airflow/dags/my_tasks.py for tasks to queue
[2026-10-01T20:27:05.033+0000] {logging_mixin.py:190} INFO - [2026-10-01T20:27:05.033+0000] {dagbag.py:588} INFO - Filling up the DagBag from /opt/airflow/dags/my_tasks.py
[2026-10-01T20:27:05.040+0000] {processor.py:925} INFO - DAG(s) 'my_dag' retrieved from /opt/airflow/dags/my_tasks.py
[2026-10-01T20:27:05.061+0000] {logging_mixin.py:190} INFO - [2026-10-01T20:27:05.060+0000] {dag.py:3239} INFO - Sync 1 DAGs
[2026-10-01T20:27:05.080+0000] {logging_mixin.py:190} INFO - [2026-10-01T20:27:05.080+0000] {dag.py:4180} INFO - Setting next_dagrun for my_dag to None, run_after=None
[2026-10-01T20:27:05.097+0000] {processor.py:208} INFO - Processing /opt/airflow/dags/my_tasks.py took 0.080 seconds
[2026-10-01T20:27:35.263+0000] {processor.py:186} INFO - Started process (PID=2058) to work on /opt/airflow/dags/my_tasks.py
[2026-10-01T20:27:35.264+0000] {processor.py:914} INFO - Processing file /opt/airflow/dags/my_tasks.py for tasks to queue
[2026-10-01T20:27:35.265+0000] {logging_mixin.py:190} INFO - [2026-10-01T20:27:35.265+0000] {dagbag.py:588} INFO - Filling up the DagBag from /opt/airflow/dags/my_tasks.py
[2026-10-01T20:27:35.273+0000] {processor.py:925} INFO - DAG(s) 'my_dag' retrieved from /opt/airflow/dags/my_tasks.py
[2026-10-01T20:27:35.291+0000] {logging_mixin.py:190} INFO - [2026-10-01T20:27:35.291+0000] {dag.py:3239} INFO - Sync 1 DAGs
[2026-10-01T20:27:35.306+0000] {logging_mixin.py:190} INFO - [2026-10-01T20:27:35.306+0000] {dag.py:4180} INFO - Setting next_dagrun for my_dag to None, run_after=None
[2026-10-01T20:27:35.321+0000] {processor.py:208} INFO - Processing /opt/airflow/dags/my_tasks.py took 0.061 seconds
[2026-10-01T20:28:05.538+0000] {processor.py:186} INFO - Started process (PID=2069) to work on /opt/airflow/dags/my_tasks.py
[2026-10-01T20:28:05.543+0000] {processor.py:914} INFO - Processing file /opt/airflow/dags/my_tasks.py for tasks to queue
[2026-10-01T20:28:05.545+0000] {logging_mixin.py:190} INFO - [2026-10-01T20:28:05.545+0000] {dagbag.py:588} INFO - Filling up the DagBag from /opt/airflow/dags/my_tasks.py
[2026-10-01T20:28:05.557+0000] {processor.py:925} INFO - DAG(s) 'my_dag' retrieved from /opt/airflow/dags/my_tasks.py
[2026-10-01T20:28:05.600+0000] {logging_mixin.py:190} INFO - [2026-10-01T20:28:05.600+0000] {dag.py:3239} INFO - Sync 1 DAGs
[2026-10-01T20:28:05.631+0000] {logging_mixin.py:190} INFO - [2026-10-01T20:28:05.631+0000] {dag.py:4180} INFO - Setting next_dagrun for my_dag to None, run_after=None
[2026-10-01T20:28:05.664+0000] {processor.py:208} INFO - Processing /opt/airflow/dags/my_tasks.py took 0.131 seconds
[2026-10-01T20:28:35.773+0000] {processor.py:186} INFO - Started process (PID=2080) to work on /opt/airflow/dags/my_tasks.py
[2026-10-01T20:28:35.777+0000] {processor.py:914} INFO - Processing file /opt/airflow/dags/my_tasks.py for tasks to queue
[2026-10-01T20:28:35.778+0000] {logging_mixin.py:190} INFO - [2026-10-01T20:28:35.778+0000] {dagbag.py:588} INFO - Filling up the DagBag from /opt/airflow/dags/my_tasks.py
[2026-10-01T20:28:35.785+0000] {processor.py:925} INFO - DAG(s) 'my_dag' retrieved from /opt/airflow/dags/my_tasks.py
[2026-10-01T20:28:35.803+0000] {logging_mixin.py:190} INFO - [2026-10-01T20:28:35.803+0000] {dag.py:3239} INFO - Sync 1 DAGs
[2026-10-01T20:28:35.820+0000] {logging_mixin.py:190} INFO - [2026-10-01T20:28:35.820+0000] {dag.py:4180} INFO - Setting next_dagrun for my_dag to None, run_after=None
[2026-10-01T20:28:35.836+0000] {processor.py:208} INFO - Processing /opt/airflow/dags/my_tasks.py took 0.068 seconds
[2026-10-01T20:29:06.066+0000] {processor.py:186} INFO - Started process (PID=2092) to work on /opt/airflow/dags/my_tasks.py
[2026-10-01T20:29:06.074+0000] {processor.py:914} INFO - Processing file /opt/airflow/dags/my_tasks.py for tasks to queue
[2026-10-01T20:29:06.076+0000] {logging_mixin.py:190} INFO - [2026-10-01T20:29:06.075+0000] {dagbag.py:588} INFO - Filling up the DagBag from /opt/airflow/dags/my_tasks.py
[2026-10-01T20:29:06.083+0000] {processor.py:925} INFO - DAG(s) 'my_dag' retrieved from /opt/airflow/dags/my_tasks.py
[2026-10-01T20:29:06.102+0000] {logging_mixin.py:190} INFO - [2026-10-01T20:29:06.102+0000] {dag.py:3239} INFO - Sync 1 DAGs
[2026-10-01T20:29:06.119+0000] {logging_mixin.py:190} INFO - [2026-10-01T20:29:06.119+0000] {dag.py:4180} INFO - Setting next_dagrun for my_dag to None, run_after=None
[2026-10-01T20:29:06.133+0000] {processor.py:208} INFO - Processing /opt/airflow/dags/my_tasks.py took 0.071 seconds
[2026-10-01T20:29:36.330+0000] {processor.py:186} INFO - Started process (PID=2103) to work on /opt/airflow/dags/my_tasks.py
[2026-10-01T20:29:36.338+0000] {processor.py:914} INFO - Processing file /opt/airflow/dags/my_tasks.py for tasks to queue
[2026-10-01T20:29:36.340+0000] {logging_mixin.py:190} INFO - [2026-10-01T20:29:36.340+0000] {dagbag.py:588} INFO - Filling up the DagBag from /opt/airflow/dags/my_tasks.py
[2026-10-01T20:29:36.348+0000] {processor.py:925} INFO - DAG(s) 'my_dag' retrieved from /opt/airflow/dags/my_tasks.py
[2026-10-01T20:29:36.367+0000] {logging_mixin.py:190} INFO - [2026-10-01T20:29:36.367+0000] {dag.py:3239} INFO - Sync 1 DAGs
[2026-10-01T20:29:36.384+0000] {logging_mixin.py:190} INFO - [2026-10-01T20:29:36.384+0000] {dag.py:4180} INFO - Setting next_dagrun for my_dag to None, run_after=None
[2026-10-01T20:29:36.404+0000] {processor.py:208} INFO - Processing /opt/airflow/dags/my_tasks.py took 0.078 seconds
[2026-10-01T20:30:06.576+0000] {processor.py:186} INFO - Started process (PID=2114) to work on /opt/airflow/dags/my_tasks.py
[2026-10-01T20:30:06.580+0000] {processor.py:914} INFO - Processing file /opt/airflow/dags/my_tasks.py for tasks to queue
[2026-10-01T20:30:06.581+0000] {logging_mixin.py:190} INFO - [2026-10-01T20:30:06.581+0000] {dagbag.py:588} INFO - Filling up the DagBag from /opt/airflow/dags/my_tasks.py
[2026-10-01T20:30:06.588+0000] {processor.py:925} INFO - DAG(s) 'my_dag' retrieved from /opt/airflow/dags/my_tasks.py
[2026-10-01T20:30:06.607+0000] {logging_mixin.py:190} INFO - [2026-10-01T20:30:06.606+0000] {dag.py:3239} INFO - Sync 1 DAGs
[2026-10-01T20:30:06.623+0000] {logging_mixin.py:190} INFO - [2026-10-01T20:30:06.623+0000] {dag.py:4180} INFO - Setting next_dagrun for my_dag to None, run_after=None
[2026-10-01T20:30:06.638+0000] {processor.py:208} INFO - Processing /opt/airflow/dags/my_tasks.py took 0.065 seconds
[2026-10-01T20:30:36.847+0000] {processor.py:186} INFO - Started process (PID=2125) to work on /opt/airflow/dags/my_tasks.py
[2026-10-01T20:30:36.848+0000] {processor.py:914} INFO - Processing file /opt/airflow/dags/my_tasks.py for tasks to queue
[2026-10-01T20:30:36.849+0000] {logging_mixin.py:190} INFO - [2026-10-01T20:30:36.849+0000] {dagbag.py:588} INFO - Filling up the DagBag from /opt/airflow/dags/my_tasks.py
[2026-10-01T20:30:36.857+0000] {processor.py:925} INFO - DAG(s) 'my_dag' retrieved from /opt/airflow/dags/my_tasks.py
[2026-10-01T20:30:36.875+0000] {logging_mixin.py:190} INFO - [2026-10-01T20:30:36.875+0000] {dag.py:3239} INFO - Sync 1 DAGs
[2026-10-01T20:30:36.891+0000] {logging_mixin.py:190} INFO - [2026-10-01T20:30:36.891+0000] {dag.py:4180} INFO - Setting next_dagrun for my_dag to None, run_after=None
[2026-10-01T20:30:36.906+0000] {processor.py:208} INFO - Processing /opt/airflow/dags/my_tasks.py took 0.063 seconds
[2026-10-01T20:31:07.116+0000] {processor.py:186} INFO - Started process (PID=2136) to work on /opt/airflow/dags/my_tasks.py
[2026-10-01T20:31:07.117+0000] {processor.py:914} INFO - Processing file /opt/airflow/dags/my_tasks.py for tasks to queue
[2026-10-01T20:31:07.119+0000] {logging_mixin.py:190} INFO - [2026-10-01T20:31:07.118+0000] {dagbag.py:588} INFO - Filling up the DagBag from /opt/airflow/dags/my_tasks.py
[2026-10-01T20:31:07.126+0000] {processor.py:925} INFO - DAG(s) 'my_dag' retrieved from /opt/airflow/dags/my_tasks.py
[2026-10-01T20:31:07.145+0000] {logging_mixin.py:190} INFO - [2026-10-01T20:31:07.145+0000] {dag.py:3239} INFO - Sync 1 DAGs
[2026-10-01T20:31:07.163+0000] {logging_mixin.py:190} INFO - [2026-10-01T20:31:07.163+0000] {dag.py:4180} INFO - Setting next_dagrun for my_dag to None, run_after=None
[2026-10-01T20:31:07.177+0000] {processor.py:208} INFO - Processing /opt/airflow/dags/my_tasks.py took 0.067 seconds
[2026-10-01T20:31:37.362+0000] {processor.py:186} INFO - Started process (PID=2147) to work on /opt/airflow/dags/my_tasks.py
[2026-10-01T20:31:37.370+0000] {processor.py:914} INFO - Processing file /opt/airflow/dags/my_tasks.py for tasks to queue
[2026-10-01T20:31:37.373+0000] {logging_mixin.py:190} INFO - [2026-10-01T20:31:37.372+0000] {dagbag.py:588} INFO - Filling up the DagBag from /opt/airflow/dags/my_tasks.py
[2026-10-01T20:31:37.379+0000] {processor.py:925} INFO - DAG(s) 'my_dag' retrieved from /opt/airflow/dags/my_tasks.py
[2026-10-01T20:31:37.397+0000] {logging_mixin.py:190} INFO - [2026-10-01T20:31:37.397+0000] {dag.py:3239} INFO - Sync 1 DAGs
[2026-10-01T20:31:37.415+0000] {logging_mixin.py:190} INFO - [2026-10-01T20:31:37.414+0000] {dag.py:4180} INFO - Setting next_dagrun for my_dag to None, run_after=None
[2026-10-01T20:31:37.429+0000] {processor.py:208} INFO - Processing /opt/airflow/dags/my_tasks.py took 0.071 seconds
[2026-10-01T20:32:07.592+0000] {processor.py:186} INFO - Started process (PID=2158) to work on /opt/airflow/dags/my_tasks.py
[2026-10-01T20:32:07.600+0000] {processor.py:914} INFO - Processing file /opt/airflow/dags/my_tasks.py for tasks to queue
[2026-10-01T20:32:07.602+0000] {logging_mixin.py:190} INFO - [2026-10-01T20:32:07.602+0000] {dagbag.py:588} INFO - Filling up the DagBag from /opt/airflow/dags/my_tasks.py
[2026-10-01T20:32:07.610+0000] {processor.py:925} INFO - DAG(s) 'my_dag' retrieved from /opt/airflow/dags/my_tasks.py
[2026-10-01T20:32:07.629+0000] {logging_mixin.py:190} INFO - [2026-10-01T20:32:07.629+0000] {dag.py:3239} INFO - Sync 1 DAGs
[2026-10-01T20:32:07.646+0000] {logging_mixin.py:190} INFO - [2026-10-01T20:32:07.645+0000] {dag.py:4180} INFO - Setting next_dagrun for my_dag to None, run_after=None
[2026-10-01T20:32:07.661+0000] {processor.py:208} INFO - Processing /opt/airflow/dags/my_tasks.py took 0.073 seconds
[2026-10-01T20:32:37.841+0000] {processor.py:186} INFO - Started process (PID=2169) to work on /opt/airflow/dags/my_tasks.py
[2026-10-01T20:32:37.850+0000] {processor.py:914} INFO - Processing file /opt/airflow/dags/my_tasks.py for tasks to queue
[2026-10-01T20:32:37.851+0000] {logging_mixin.py:190} INFO - [2026-10-01T20:32:37.851+0000] {dagbag.py:588} INFO - Filling up the DagBag from /opt/airflow/dags/my_tasks.py
[2026-10-01T20:32:37.858+0000] {processor.py:925} INFO - DAG(s) 'my_dag' retrieved from /opt/airflow/dags/my_tasks.py
[2026-10-01T20:32:37.878+0000] {logging_mixin.py:190} INFO - [2026-10-01T20:32:37.878+0000] {dag.py:3239} INFO - Sync 1 DAGs
[2026-10-01T20:32:37.900+0000] {logging_mixin.py:190} INFO - [2026-10-01T20:32:37.899+0000] {dag.py:4180} INFO - Setting next_dagrun for my_dag to None, run_after=None
[2026-10-01T20:32:37.918+0000] {processor.py:208} INFO - Processing /opt/airflow/dags/my_tasks.py took 0.081 seconds
